family,model,window_samples,window_seconds,fold,experiment,removed,feature_count,features,precision,recall,f1,tn,fp,fn,tp,pr_auc,fit_seconds
tabular,LightGBM,5,0.5,1,full,none,19,"AI0_RMS,AI1_RMS,AI0_AI1_RMS_diff,AI0_AI1_RMS_ratio,AI0_AI1_corr,Current_RMS,Current_RMS_to_AI0_RMS_ratio,Current_RMS_to_AI1_RMS_ratio,AI0_current_residual,AI1_current_residual,AI0_RMS_slope,AI1_RMS_slope,Current_RMS_slope,dCurrent_RMS_x_dAI0_RMS,dCurrent_RMS_x_dAI1_RMS,AI0_kurtosis,AI1_kurtosis,AI0_crest_factor,AI1_crest_factor",1.0,0.6666666666666666,0.8,90,0,1,2,1.0,0.08151459321379662
tabular,XGBoost,5,0.5,1,full,none,19,"AI0_RMS,AI1_RMS,AI0_AI1_RMS_diff,AI0_AI1_RMS_ratio,AI0_AI1_corr,Current_RMS,Current_RMS_to_AI0_RMS_ratio,Current_RMS_to_AI1_RMS_ratio,AI0_current_residual,AI1_current_residual,AI0_RMS_slope,AI1_RMS_slope,Current_RMS_slope,dCurrent_RMS_x_dAI0_RMS,dCurrent_RMS_x_dAI1_RMS,AI0_kurtosis,AI1_kurtosis,AI0_crest_factor,AI1_crest_factor",1.0,0.6666666666666666,0.8,90,0,1,2,1.0,0.14951604790985584
tabular,Logistic Regression,5,0.5,1,full,none,19,"AI0_RMS,AI1_RMS,AI0_AI1_RMS_diff,AI0_AI1_RMS_ratio,AI0_AI1_corr,Current_RMS,Current_RMS_to_AI0_RMS_ratio,Current_RMS_to_AI1_RMS_ratio,AI0_current_residual,AI1_current_residual,AI0_RMS_slope,AI1_RMS_slope,Current_RMS_slope,dCurrent_RMS_x_dAI0_RMS,dCurrent_RMS_x_dAI1_RMS,AI0_kurtosis,AI1_kurtosis,AI0_crest_factor,AI1_crest_factor",1.0,0.6666666666666666,0.8,90,0,1,2,1.0,0.011044684797525406
tabular,One-Class SVM,5,0.5,1,full,none,19,"AI0_RMS,AI1_RMS,AI0_AI1_RMS_diff,AI0_AI1_RMS_ratio,AI0_AI1_corr,Current_RMS,Current_RMS_to_AI0_RMS_ratio,Current_RMS_to_AI1_RMS_ratio,AI0_current_residual,AI1_current_residual,AI0_RMS_slope,AI1_RMS_slope,Current_RMS_slope,dCurrent_RMS_x_dAI0_RMS,dCurrent_RMS_x_dAI1_RMS,AI0_kurtosis,AI1_kurtosis,AI0_crest_factor,AI1_crest_factor",1.0,0.6666666666666666,0.8,90,0,1,2,1.0,0.07774190977215767
tabular,Mahalanobis distance,5,0.5,1,full,none,19,"AI0_RMS,AI1_RMS,AI0_AI1_RMS_diff,AI0_AI1_RMS_ratio,AI0_AI1_corr,Current_RMS,Current_RMS_to_AI0_RMS_ratio,Current_RMS_to_AI1_RMS_ratio,AI0_current_residual,AI1_current_residual,AI0_RMS_slope,AI1_RMS_slope,Current_RMS_slope,dCurrent_RMS_x_dAI0_RMS,dCurrent_RMS_x_dAI1_RMS,AI0_kurtosis,AI1_kurtosis,AI0_crest_factor,AI1_crest_factor",1.0,1.0,1.0,90,0,0,3,1.0,0.0028969375416636467
tabular,Isolation Forest,5,0.5,1,full,none,19,"AI0_RMS,AI1_RMS,AI0_AI1_RMS_diff,AI0_AI1_RMS_ratio,AI0_AI1_corr,Current_RMS,Current_RMS_to_AI0_RMS_ratio,Current_RMS_to_AI1_RMS_ratio,AI0_current_residual,AI1_current_residual,AI0_RMS_slope,AI1_RMS_slope,Current_RMS_slope,dCurrent_RMS_x_dAI0_RMS,dCurrent_RMS_x_dAI1_RMS,AI0_kurtosis,AI1_kurtosis,AI0_crest_factor,AI1_crest_factor",1.0,0.6666666666666666,0.8,90,0,1,2,1.0,0.8422971088439226
tabular,PCA reconstruction,5,0.5,1,full,none,19,"AI0_RMS,AI1_RMS,AI0_AI1_RMS_diff,AI0_AI1_RMS_ratio,AI0_AI1_corr,Current_RMS,Current_RMS_to_AI0_RMS_ratio,Current_RMS_to_AI1_RMS_ratio,AI0_current_residual,AI1_current_residual,AI0_RMS_slope,AI1_RMS_slope,Current_RMS_slope,dCurrent_RMS_x_dAI0_RMS,dCurrent_RMS_x_dAI1_RMS,AI0_kurtosis,AI1_kurtosis,AI0_crest_factor,AI1_crest_factor",1.0,1.0,1.0,90,0,0,3,1.0,0.003658279776573181
tabular,LightGBM,5,0.5,1,group_ablation,G1,17,"AI0_AI1_RMS_diff,AI0_AI1_RMS_ratio,AI0_AI1_corr,Current_RMS,Current_RMS_to_AI0_RMS_ratio,Current_RMS_to_AI1_RMS_ratio,AI0_current_residual,AI1_current_residual,AI0_RMS_slope,AI1_RMS_slope,Current_RMS_slope,dCurrent_RMS_x_dAI0_RMS,dCurrent_RMS_x_dAI1_RMS,AI0_kurtosis,AI1_kurtosis,AI0_crest_factor,AI1_crest_factor",1.0,0.6666666666666666,0.8,90,0,1,2,1.0,0.0827509043738246
tabular,XGBoost,5,0.5,1,group_ablation,G1,17,"AI0_AI1_RMS_diff,AI0_AI1_RMS_ratio,AI0_AI1_corr,Current_RMS,Current_RMS_to_AI0_RMS_ratio,Current_RMS_to_AI1_RMS_ratio,AI0_current_residual,AI1_current_residual,AI0_RMS_slope,AI1_RMS_slope,Current_RMS_slope,dCurrent_RMS_x_dAI0_RMS,dCurrent_RMS_x_dAI1_RMS,AI0_kurtosis,AI1_kurtosis,AI0_crest_factor,AI1_crest_factor",1.0,1.0,1.0,90,0,0,3,1.0,0.059048534370958805
tabular,Logistic Regression,5,0.5,1,group_ablation,G1,17,"AI0_AI1_RMS_diff,AI0_AI1_RMS_ratio,AI0_AI1_corr,Current_RMS,Current_RMS_to_AI0_RMS_ratio,Current_RMS_to_AI1_RMS_ratio,AI0_current_residual,AI1_current_residual,AI0_RMS_slope,AI1_RMS_slope,Current_RMS_slope,dCurrent_RMS_x_dAI0_RMS,dCurrent_RMS_x_dAI1_RMS,AI0_kurtosis,AI1_kurtosis,AI0_crest_factor,AI1_crest_factor",1.0,0.6666666666666666,0.8,90,0,1,2,1.0,0.008645754307508469
tabular,One-Class SVM,5,0.5,1,group_ablation,G1,17,"AI0_AI1_RMS_diff,AI0_AI1_RMS_ratio,AI0_AI1_corr,Current_RMS,Current_RMS_to_AI0_RMS_ratio,Current_RMS_to_AI1_RMS_ratio,AI0_current_residual,AI1_current_residual,AI0_RMS_slope,AI1_RMS_slope,Current_RMS_slope,dCurrent_RMS_x_dAI0_RMS,dCurrent_RMS_x_dAI1_RMS,AI0_kurtosis,AI1_kurtosis,AI0_crest_factor,AI1_crest_factor",1.0,0.6666666666666666,0.8,90,0,1,2,1.0,0.07567235548049212
tabular,Mahalanobis distance,5,0.5,1,group_ablation,G1,17,"AI0_AI1_RMS_diff,AI0_AI1_RMS_ratio,AI0_AI1_corr,Current_RMS,Current_RMS_to_AI0_RMS_ratio,Current_RMS_to_AI1_RMS_ratio,AI0_current_residual,AI1_current_residual,AI0_RMS_slope,AI1_RMS_slope,Current_RMS_slope,dCurrent_RMS_x_dAI0_RMS,dCurrent_RMS_x_dAI1_RMS,AI0_kurtosis,AI1_kurtosis,AI0_crest_factor,AI1_crest_factor",1.0,1.0,1.0,90,0,0,3,1.0,0.0023443829268217087
tabular,Isolation Forest,5,0.5,1,group_ablation,G1,17,"AI0_AI1_RMS_diff,AI0_AI1_RMS_ratio,AI0_AI1_corr,Current_RMS,Current_RMS_to_AI0_RMS_ratio,Current_RMS_to_AI1_RMS_ratio,AI0_current_residual,AI1_current_residual,AI0_RMS_slope,AI1_RMS_slope,Current_RMS_slope,dCurrent_RMS_x_dAI0_RMS,dCurrent_RMS_x_dAI1_RMS,AI0_kurtosis,AI1_kurtosis,AI0_crest_factor,AI1_crest_factor",1.0,0.6666666666666666,0.8,90,0,1,2,1.0,0.8971316535025835
tabular,PCA reconstruction,5,0.5,1,group_ablation,G1,17,"AI0_AI1_RMS_diff,AI0_AI1_RMS_ratio,AI0_AI1_corr,Current_RMS,Current_RMS_to_AI0_RMS_ratio,Current_RMS_to_AI1_RMS_ratio,AI0_current_residual,AI1_current_residual,AI0_RMS_slope,AI1_RMS_slope,Current_RMS_slope,dCurrent_RMS_x_dAI0_RMS,dCurrent_RMS_x_dAI1_RMS,AI0_kurtosis,AI1_kurtosis,AI0_crest_factor,AI1_crest_factor",1.0,1.0,1.0,90,0,0,3,1.0,0.0029187677428126335
tabular,LightGBM,5,0.5,1,group_ablation,G2,16,"AI0_RMS,AI1_RMS,Current_RMS,Current_RMS_to_AI0_RMS_ratio,Current_RMS_to_AI1_RMS_ratio,AI0_current_residual,AI1_current_residual,AI0_RMS_slope,AI1_RMS_slope,Current_RMS_slope,dCurrent_RMS_x_dAI0_RMS,dCurrent_RMS_x_dAI1_RMS,AI0_kurtosis,AI1_kurtosis,AI0_crest_factor,AI1_crest_factor",1.0,0.6666666666666666,0.8,90,0,1,2,1.0,0.07471118308603764
tabular,XGBoost,5,0.5,1,group_ablation,G2,16,"AI0_RMS,AI1_RMS,Current_RMS,Current_RMS_to_AI0_RMS_ratio,Current_RMS_to_AI1_RMS_ratio,AI0_current_residual,AI1_current_residual,AI0_RMS_slope,AI1_RMS_slope,Current_RMS_slope,dCurrent_RMS_x_dAI0_RMS,dCurrent_RMS_x_dAI1_RMS,AI0_kurtosis,AI1_kurtosis,AI0_crest_factor,AI1_crest_factor",1.0,1.0,1.0,90,0,0,3,1.0,0.0589536689221859
tabular,Logistic Regression,5,0.5,1,group_ablation,G2,16,"AI0_RMS,AI1_RMS,Current_RMS,Current_RMS_to_AI0_RMS_ratio,Current_RMS_to_AI1_RMS_ratio,AI0_current_residual,AI1_current_residual,AI0_RMS_slope,AI1_RMS_slope,Current_RMS_slope,dCurrent_RMS_x_dAI0_RMS,dCurrent_RMS_x_dAI1_RMS,AI0_kurtosis,AI1_kurtosis,AI0_crest_factor,AI1_crest_factor",1.0,0.6666666666666666,0.8,90,0,1,2,1.0,0.0068369172513484955
tabular,One-Class SVM,5,0.5,1,group_ablation,G2,16,"AI0_RMS,AI1_RMS,Current_RMS,Current_RMS_to_AI0_RMS_ratio,Current_RMS_to_AI1_RMS_ratio,AI0_current_residual,AI1_current_residual,AI0_RMS_slope,AI1_RMS_slope,Current_RMS_slope,dCurrent_RMS_x_dAI0_RMS,dCurrent_RMS_x_dAI1_RMS,AI0_kurtosis,AI1_kurtosis,AI0_crest_factor,AI1_crest_factor",1.0,1.0,1.0,90,0,0,3,1.0,0.05688979383558035
tabular,Mahalanobis distance,5,0.5,1,group_ablation,G2,16,"AI0_RMS,AI1_RMS,Current_RMS,Current_RMS_to_AI0_RMS_ratio,Current_RMS_to_AI1_RMS_ratio,AI0_current_residual,AI1_current_residual,AI0_RMS_slope,AI1_RMS_slope,Current_RMS_slope,dCurrent_RMS_x_dAI0_RMS,dCurrent_RMS_x_dAI1_RMS,AI0_kurtosis,AI1_kurtosis,AI0_crest_factor,AI1_crest_factor",1.0,1.0,1.0,90,0,0,3,1.0,0.0024576643481850624
tabular,Isolation Forest,5,0.5,1,group_ablation,G2,16,"AI0_RMS,AI1_RMS,Current_RMS,Current_RMS_to_AI0_RMS_ratio,Current_RMS_to_AI1_RMS_ratio,AI0_current_residual,AI1_current_residual,AI0_RMS_slope,AI1_RMS_slope,Current_RMS_slope,dCurrent_RMS_x_dAI0_RMS,dCurrent_RMS_x_dAI1_RMS,AI0_kurtosis,AI1_kurtosis,AI0_crest_factor,AI1_crest_factor",1.0,0.6666666666666666,0.8,90,0,1,2,1.0,0.8424317063763738
tabular,PCA reconstruction,5,0.5,1,group_ablation,G2,16,"AI0_RMS,AI1_RMS,Current_RMS,Current_RMS_to_AI0_RMS_ratio,Current_RMS_to_AI1_RMS_ratio,AI0_current_residual,AI1_current_residual,AI0_RMS_slope,AI1_RMS_slope,Current_RMS_slope,dCurrent_RMS_x_dAI0_RMS,dCurrent_RMS_x_dAI1_RMS,AI0_kurtosis,AI1_kurtosis,AI0_crest_factor,AI1_crest_factor",1.0,1.0,1.0,90,0,0,3,1.0,0.0029003527015447617
tabular,LightGBM,5,0.5,1,group_ablation,G3,14,"AI0_RMS,AI1_RMS,AI0_AI1_RMS_diff,AI0_AI1_RMS_ratio,AI0_AI1_corr,AI0_RMS_slope,AI1_RMS_slope,Current_RMS_slope,dCurrent_RMS_x_dAI0_RMS,dCurrent_RMS_x_dAI1_RMS,AI0_kurtosis,AI1_kurtosis,AI0_crest_factor,AI1_crest_factor",1.0,1.0,1.0,90,0,0,3,1.0,0.07875468675047159
tabular,XGBoost,5,0.5,1,group_ablation,G3,14,"AI0_RMS,AI1_RMS,AI0_AI1_RMS_diff,AI0_AI1_RMS_ratio,AI0_AI1_corr,AI0_RMS_slope,AI1_RMS_slope,Current_RMS_slope,dCurrent_RMS_x_dAI0_RMS,dCurrent_RMS_x_dAI1_RMS,AI0_kurtosis,AI1_kurtosis,AI0_crest_factor,AI1_crest_factor",1.0,0.6666666666666666,0.8,90,0,1,2,1.0,0.05467725358903408
tabular,Logistic Regression,5,0.5,1,group_ablation,G3,14,"AI0_RMS,AI1_RMS,AI0_AI1_RMS_diff,AI0_AI1_RMS_ratio,AI0_AI1_corr,AI0_RMS_slope,AI1_RMS_slope,Current_RMS_slope,dCurrent_RMS_x_dAI0_RMS,dCurrent_RMS_x_dAI1_RMS,AI0_kurtosis,AI1_kurtosis,AI0_crest_factor,AI1_crest_factor",1.0,1.0,1.0,90,0,0,3,1.0,0.007524944841861725
tabular,One-Class SVM,5,0.5,1,group_ablation,G3,14,"AI0_RMS,AI1_RMS,AI0_AI1_RMS_diff,AI0_AI1_RMS_ratio,AI0_AI1_corr,AI0_RMS_slope,AI1_RMS_slope,Current_RMS_slope,dCurrent_RMS_x_dAI0_RMS,dCurrent_RMS_x_dAI1_RMS,AI0_kurtosis,AI1_kurtosis,AI0_crest_factor,AI1_crest_factor",1.0,0.6666666666666666,0.8,90,0,1,2,1.0,0.07610381301492453
tabular,Mahalanobis distance,5,0.5,1,group_ablation,G3,14,"AI0_RMS,AI1_RMS,AI0_AI1_RMS_diff,AI0_AI1_RMS_ratio,AI0_AI1_corr,AI0_RMS_slope,AI1_RMS_slope,Current_RMS_slope,dCurrent_RMS_x_dAI0_RMS,dCurrent_RMS_x_dAI1_RMS,AI0_kurtosis,AI1_kurtosis,AI0_crest_factor,AI1_crest_factor",1.0,1.0,1.0,90,0,0,3,1.0,0.00219659972935915
tabular,Isolation Forest,5,0.5,1,group_ablation,G3,14,"AI0_RMS,AI1_RMS,AI0_AI1_RMS_diff,AI0_AI1_RMS_ratio,AI0_AI1_corr,AI0_RMS_slope,AI1_RMS_slope,Current_RMS_slope,dCurrent_RMS_x_dAI0_RMS,dCurrent_RMS_x_dAI1_RMS,AI0_kurtosis,AI1_kurtosis,AI0_crest_factor,AI1_crest_factor",1.0,0.6666666666666666,0.8,90,0,1,2,1.0,0.8365982435643673
tabular,PCA reconstruction,5,0.5,1,group_ablation,G3,14,"AI0_RMS,AI1_RMS,AI0_AI1_RMS_diff,AI0_AI1_RMS_ratio,AI0_AI1_corr,AI0_RMS_slope,AI1_RMS_slope,Current_RMS_slope,dCurrent_RMS_x_dAI0_RMS,dCurrent_RMS_x_dAI1_RMS,AI0_kurtosis,AI1_kurtosis,AI0_crest_factor,AI1_crest_factor",1.0,1.0,1.0,90,0,0,3,1.0,0.0026932368054986
tabular,LightGBM,5,0.5,1,group_ablation,G4,14,"AI0_RMS,AI1_RMS,AI0_AI1_RMS_diff,AI0_AI1_RMS_ratio,AI0_AI1_corr,Current_RMS,Current_RMS_to_AI0_RMS_ratio,Current_RMS_to_AI1_RMS_ratio,AI0_current_residual,AI1_current_residual,AI0_kurtosis,AI1_kurtosis,AI0_crest_factor,AI1_crest_factor",1.0,0.6666666666666666,0.8,90,0,1,2,1.0,0.07179740536957979
tabular,XGBoost,5,0.5,1,group_ablation,G4,14,"AI0_RMS,AI1_RMS,AI0_AI1_RMS_diff,AI0_AI1_RMS_ratio,AI0_AI1_corr,Current_RMS,Current_RMS_to_AI0_RMS_ratio,Current_RMS_to_AI1_RMS_ratio,AI0_current_residual,AI1_current_residual,AI0_kurtosis,AI1_kurtosis,AI0_crest_factor,AI1_crest_factor",1.0,0.6666666666666666,0.8,90,0,1,2,1.0,0.052856151945888996
tabular,Logistic Regression,5,0.5,1,group_ablation,G4,14,"AI0_RMS,AI1_RMS,AI0_AI1_RMS_diff,AI0_AI1_RMS_ratio,AI0_AI1_corr,Current_RMS,Current_RMS_to_AI0_RMS_ratio,Current_RMS_to_AI1_RMS_ratio,AI0_current_residual,AI1_current_residual,AI0_kurtosis,AI1_kurtosis,AI0_crest_factor,AI1_crest_factor",1.0,0.6666666666666666,0.8,90,0,1,2,1.0,0.007429958321154118
tabular,One-Class SVM,5,0.5,1,group_ablation,G4,14,"AI0_RMS,AI1_RMS,AI0_AI1_RMS_diff,AI0_AI1_RMS_ratio,AI0_AI1_corr,Current_RMS,Current_RMS_to_AI0_RMS_ratio,Current_RMS_to_AI1_RMS_ratio,AI0_current_residual,AI1_current_residual,AI0_kurtosis,AI1_kurtosis,AI0_crest_factor,AI1_crest_factor",1.0,0.6666666666666666,0.8,90,0,1,2,1.0,0.049855394288897514
tabular,Mahalanobis distance,5,0.5,1,group_ablation,G4,14,"AI0_RMS,AI1_RMS,AI0_AI1_RMS_diff,AI0_AI1_RMS_ratio,AI0_AI1_corr,Current_RMS,Current_RMS_to_AI0_RMS_ratio,Current_RMS_to_AI1_RMS_ratio,AI0_current_residual,AI1_current_residual,AI0_kurtosis,AI1_kurtosis,AI0_crest_factor,AI1_crest_factor",1.0,1.0,1.0,90,0,0,3,1.0,0.0022903522476553917
tabular,Isolation Forest,5,0.5,1,group_ablation,G4,14,"AI0_RMS,AI1_RMS,AI0_AI1_RMS_diff,AI0_AI1_RMS_ratio,AI0_AI1_corr,Current_RMS,Current_RMS_to_AI0_RMS_ratio,Current_RMS_to_AI1_RMS_ratio,AI0_current_residual,AI1_current_residual,AI0_kurtosis,AI1_kurtosis,AI0_crest_factor,AI1_crest_factor",1.0,1.0,1.0,90,0,0,3,1.0,0.8923822343349457
tabular,PCA reconstruction,5,0.5,1,group_ablation,G4,14,"AI0_RMS,AI1_RMS,AI0_AI1_RMS_diff,AI0_AI1_RMS_ratio,AI0_AI1_corr,Current_RMS,Current_RMS_to_AI0_RMS_ratio,Current_RMS_to_AI1_RMS_ratio,AI0_current_residual,AI1_current_residual,AI0_kurtosis,AI1_kurtosis,AI0_crest_factor,AI1_crest_factor",1.0,1.0,1.0,90,0,0,3,1.0,0.0030690571293234825
tabular,LightGBM,5,0.5,1,group_ablation,G5,15,"AI0_RMS,AI1_RMS,AI0_AI1_RMS_diff,AI0_AI1_RMS_ratio,AI0_AI1_corr,Current_RMS,Current_RMS_to_AI0_RMS_ratio,Current_RMS_to_AI1_RMS_ratio,AI0_current_residual,AI1_current_residual,AI0_RMS_slope,AI1_RMS_slope,Current_RMS_slope,dCurrent_RMS_x_dAI0_RMS,dCurrent_RMS_x_dAI1_RMS",1.0,0.6666666666666666,0.8,90,0,1,2,1.0,0.0760220866650343
tabular,XGBoost,5,0.5,1,group_ablation,G5,15,"AI0_RMS,AI1_RMS,AI0_AI1_RMS_diff,AI0_AI1_RMS_ratio,AI0_AI1_corr,Current_RMS,Current_RMS_to_AI0_RMS_ratio,Current_RMS_to_AI1_RMS_ratio,AI0_current_residual,AI1_current_residual,AI0_RMS_slope,AI1_RMS_slope,Current_RMS_slope,dCurrent_RMS_x_dAI0_RMS,dCurrent_RMS_x_dAI1_RMS",1.0,0.3333333333333333,0.5,90,0,2,1,1.0,0.05829906836152077
tabular,Logistic Regression,5,0.5,1,group_ablation,G5,15,"AI0_RMS,AI1_RMS,AI0_AI1_RMS_diff,AI0_AI1_RMS_ratio,AI0_AI1_corr,Current_RMS,Current_RMS_to_AI0_RMS_ratio,Current_RMS_to_AI1_RMS_ratio,AI0_current_residual,AI1_current_residual,AI0_RMS_slope,AI1_RMS_slope,Current_RMS_slope,dCurrent_RMS_x_dAI0_RMS,dCurrent_RMS_x_dAI1_RMS",1.0,0.3333333333333333,0.5,90,0,2,1,1.0,0.008543347008526325
tabular,One-Class SVM,5,0.5,1,group_ablation,G5,15,"AI0_RMS,AI1_RMS,AI0_AI1_RMS_diff,AI0_AI1_RMS_ratio,AI0_AI1_corr,Current_RMS,Current_RMS_to_AI0_RMS_ratio,Current_RMS_to_AI1_RMS_ratio,AI0_current_residual,AI1_current_residual,AI0_RMS_slope,AI1_RMS_slope,Current_RMS_slope,dCurrent_RMS_x_dAI0_RMS,dCurrent_RMS_x_dAI1_RMS",1.0,1.0,1.0,90,0,0,3,1.0,0.06278994493186474
tabular,Mahalanobis distance,5,0.5,1,group_ablation,G5,15,"AI0_RMS,AI1_RMS,AI0_AI1_RMS_diff,AI0_AI1_RMS_ratio,AI0_AI1_corr,Current_RMS,Current_RMS_to_AI0_RMS_ratio,Current_RMS_to_AI1_RMS_ratio,AI0_current_residual,AI1_current_residual,AI0_RMS_slope,AI1_RMS_slope,Current_RMS_slope,dCurrent_RMS_x_dAI0_RMS,dCurrent_RMS_x_dAI1_RMS",1.0,1.0,1.0,90,0,0,3,1.0,0.0027740290388464928
tabular,Isolation Forest,5,0.5,1,group_ablation,G5,15,"AI0_RMS,AI1_RMS,AI0_AI1_RMS_diff,AI0_AI1_RMS_ratio,AI0_AI1_corr,Current_RMS,Current_RMS_to_AI0_RMS_ratio,Current_RMS_to_AI1_RMS_ratio,AI0_current_residual,AI1_current_residual,AI0_RMS_slope,AI1_RMS_slope,Current_RMS_slope,dCurrent_RMS_x_dAI0_RMS,dCurrent_RMS_x_dAI1_RMS",1.0,0.6666666666666666,0.8,90,0,1,2,1.0,0.8602307848632336
tabular,PCA reconstruction,5,0.5,1,group_ablation,G5,15,"AI0_RMS,AI1_RMS,AI0_AI1_RMS_diff,AI0_AI1_RMS_ratio,AI0_AI1_corr,Current_RMS,Current_RMS_to_AI0_RMS_ratio,Current_RMS_to_AI1_RMS_ratio,AI0_current_residual,AI1_current_residual,AI0_RMS_slope,AI1_RMS_slope,Current_RMS_slope,dCurrent_RMS_x_dAI0_RMS,dCurrent_RMS_x_dAI1_RMS",1.0,1.0,1.0,90,0,0,3,1.0,0.00266154482960701
temporal,LSTM-Autoencoder,5,0.5,1,full,none,12,"AI0_Vibration,AI1_Vibration,AI2_Current,AI0_short_RMS,AI1_short_RMS,Current_short_RMS,AI0_AI1_RMS_diff,AI0_current_residual,AI1_current_residual,AI0_RMS_slope,AI1_RMS_slope,Current_RMS_slope",1.0,1.0,1.0,90,0,0,3,1.0,1.9959279503673315
temporal,1D-CNN,5,0.5,1,full,none,12,"AI0_Vibration,AI1_Vibration,AI2_Current,AI0_short_RMS,AI1_short_RMS,Current_short_RMS,AI0_AI1_RMS_diff,AI0_current_residual,AI1_current_residual,AI0_RMS_slope,AI1_RMS_slope,Current_RMS_slope",1.0,0.6666666666666666,0.8,90,0,1,2,1.0,0.26783402170985937
temporal,LSTM-Autoencoder,5,0.5,1,group_ablation,T0,9,"AI0_short_RMS,AI1_short_RMS,Current_short_RMS,AI0_AI1_RMS_diff,AI0_current_residual,AI1_current_residual,AI0_RMS_slope,AI1_RMS_slope,Current_RMS_slope",1.0,1.0,1.0,90,0,0,3,1.0,1.1111431727185845
temporal,1D-CNN,5,0.5,1,group_ablation,T0,9,"AI0_short_RMS,AI1_short_RMS,Current_short_RMS,AI0_AI1_RMS_diff,AI0_current_residual,AI1_current_residual,AI0_RMS_slope,AI1_RMS_slope,Current_RMS_slope",1.0,0.6666666666666666,0.8,90,0,1,2,1.0,0.23034093528985977
temporal,LSTM-Autoencoder,5,0.5,1,group_ablation,T1,9,"AI0_Vibration,AI1_Vibration,AI2_Current,AI0_AI1_RMS_diff,AI0_current_residual,AI1_current_residual,AI0_RMS_slope,AI1_RMS_slope,Current_RMS_slope",1.0,1.0,1.0,90,0,0,3,1.0,1.2194245792925358
temporal,1D-CNN,5,0.5,1,group_ablation,T1,9,"AI0_Vibration,AI1_Vibration,AI2_Current,AI0_AI1_RMS_diff,AI0_current_residual,AI1_current_residual,AI0_RMS_slope,AI1_RMS_slope,Current_RMS_slope",1.0,0.6666666666666666,0.8,90,0,1,2,1.0,0.3783719940111041
temporal,LSTM-Autoencoder,5,0.5,1,group_ablation,T2,9,"AI0_Vibration,AI1_Vibration,AI2_Current,AI0_short_RMS,AI1_short_RMS,Current_short_RMS,AI0_RMS_slope,AI1_RMS_slope,Current_RMS_slope",1.0,1.0,1.0,90,0,0,3,1.0,1.1095881462097168
temporal,1D-CNN,5,0.5,1,group_ablation,T2,9,"AI0_Vibration,AI1_Vibration,AI2_Current,AI0_short_RMS,AI1_short_RMS,Current_short_RMS,AI0_RMS_slope,AI1_RMS_slope,Current_RMS_slope",1.0,0.6666666666666666,0.8,90,0,1,2,1.0,0.48136456590145826
temporal,LSTM-Autoencoder,5,0.5,1,group_ablation,T3,9,"AI0_Vibration,AI1_Vibration,AI2_Current,AI0_short_RMS,AI1_short_RMS,Current_short_RMS,AI0_AI1_RMS_diff,AI0_current_residual,AI1_current_residual",1.0,1.0,1.0,90,0,0,3,1.0,1.1067412309348583
temporal,1D-CNN,5,0.5,1,group_ablation,T3,9,"AI0_Vibration,AI1_Vibration,AI2_Current,AI0_short_RMS,AI1_short_RMS,Current_short_RMS,AI0_AI1_RMS_diff,AI0_current_residual,AI1_current_residual",1.0,0.6666666666666666,0.8,90,0,1,2,1.0,0.334926001727581
tabular,LightGBM,10,1.0,1,full,none,19,"AI0_RMS,AI1_RMS,AI0_AI1_RMS_diff,AI0_AI1_RMS_ratio,AI0_AI1_corr,Current_RMS,Current_RMS_to_AI0_RMS_ratio,Current_RMS_to_AI1_RMS_ratio,AI0_current_residual,AI1_current_residual,AI0_RMS_slope,AI1_RMS_slope,Current_RMS_slope,dCurrent_RMS_x_dAI0_RMS,dCurrent_RMS_x_dAI1_RMS,AI0_kurtosis,AI1_kurtosis,AI0_crest_factor,AI1_crest_factor",1.0,1.0,1.0,90,0,0,3,1.0,0.0612266231328249
tabular,XGBoost,10,1.0,1,full,none,19,"AI0_RMS,AI1_RMS,AI0_AI1_RMS_diff,AI0_AI1_RMS_ratio,AI0_AI1_corr,Current_RMS,Current_RMS_to_AI0_RMS_ratio,Current_RMS_to_AI1_RMS_ratio,AI0_current_residual,AI1_current_residual,AI0_RMS_slope,AI1_RMS_slope,Current_RMS_slope,dCurrent_RMS_x_dAI0_RMS,dCurrent_RMS_x_dAI1_RMS,AI0_kurtosis,AI1_kurtosis,AI0_crest_factor,AI1_crest_factor",1.0,1.0,1.0,90,0,0,3,1.0,0.05693114921450615
tabular,Logistic Regression,10,1.0,1,full,none,19,"AI0_RMS,AI1_RMS,AI0_AI1_RMS_diff,AI0_AI1_RMS_ratio,AI0_AI1_corr,Current_RMS,Current_RMS_to_AI0_RMS_ratio,Current_RMS_to_AI1_RMS_ratio,AI0_current_residual,AI1_current_residual,AI0_RMS_slope,AI1_RMS_slope,Current_RMS_slope,dCurrent_RMS_x_dAI0_RMS,dCurrent_RMS_x_dAI1_RMS,AI0_kurtosis,AI1_kurtosis,AI0_crest_factor,AI1_crest_factor",1.0,1.0,1.0,90,0,0,3,1.0,0.008326253853738308
tabular,One-Class SVM,10,1.0,1,full,none,19,"AI0_RMS,AI1_RMS,AI0_AI1_RMS_diff,AI0_AI1_RMS_ratio,AI0_AI1_corr,Current_RMS,Current_RMS_to_AI0_RMS_ratio,Current_RMS_to_AI1_RMS_ratio,AI0_current_residual,AI1_current_residual,AI0_RMS_slope,AI1_RMS_slope,Current_RMS_slope,dCurrent_RMS_x_dAI0_RMS,dCurrent_RMS_x_dAI1_RMS,AI0_kurtosis,AI1_kurtosis,AI0_crest_factor,AI1_crest_factor",1.0,0.6666666666666666,0.8,90,0,1,2,1.0,0.03175730910152197
tabular,Mahalanobis distance,10,1.0,1,full,none,19,"AI0_RMS,AI1_RMS,AI0_AI1_RMS_diff,AI0_AI1_RMS_ratio,AI0_AI1_corr,Current_RMS,Current_RMS_to_AI0_RMS_ratio,Current_RMS_to_AI1_RMS_ratio,AI0_current_residual,AI1_current_residual,AI0_RMS_slope,AI1_RMS_slope,Current_RMS_slope,dCurrent_RMS_x_dAI0_RMS,dCurrent_RMS_x_dAI1_RMS,AI0_kurtosis,AI1_kurtosis,AI0_crest_factor,AI1_crest_factor",1.0,1.0,1.0,90,0,0,3,1.0,0.0025634150952100754
tabular,Isolation Forest,10,1.0,1,full,none,19,"AI0_RMS,AI1_RMS,AI0_AI1_RMS_diff,AI0_AI1_RMS_ratio,AI0_AI1_corr,Current_RMS,Current_RMS_to_AI0_RMS_ratio,Current_RMS_to_AI1_RMS_ratio,AI0_current_residual,AI1_current_residual,AI0_RMS_slope,AI1_RMS_slope,Current_RMS_slope,dCurrent_RMS_x_dAI0_RMS,dCurrent_RMS_x_dAI1_RMS,AI0_kurtosis,AI1_kurtosis,AI0_crest_factor,AI1_crest_factor",1.0,0.6666666666666666,0.8,90,0,1,2,1.0,0.80679717566818
tabular,PCA reconstruction,10,1.0,1,full,none,19,"AI0_RMS,AI1_RMS,AI0_AI1_RMS_diff,AI0_AI1_RMS_ratio,AI0_AI1_corr,Current_RMS,Current_RMS_to_AI0_RMS_ratio,Current_RMS_to_AI1_RMS_ratio,AI0_current_residual,AI1_current_residual,AI0_RMS_slope,AI1_RMS_slope,Current_RMS_slope,dCurrent_RMS_x_dAI0_RMS,dCurrent_RMS_x_dAI1_RMS,AI0_kurtosis,AI1_kurtosis,AI0_crest_factor,AI1_crest_factor",1.0,1.0,1.0,90,0,0,3,1.0,0.003194088116288185
tabular,LightGBM,10,1.0,1,group_ablation,G1,17,"AI0_AI1_RMS_diff,AI0_AI1_RMS_ratio,AI0_AI1_corr,Current_RMS,Current_RMS_to_AI0_RMS_ratio,Current_RMS_to_AI1_RMS_ratio,AI0_current_residual,AI1_current_residual,AI0_RMS_slope,AI1_RMS_slope,Current_RMS_slope,dCurrent_RMS_x_dAI0_RMS,dCurrent_RMS_x_dAI1_RMS,AI0_kurtosis,AI1_kurtosis,AI0_crest_factor,AI1_crest_factor",1.0,1.0,1.0,90,0,0,3,1.0,0.060434093698859215
tabular,XGBoost,10,1.0,1,group_ablation,G1,17,"AI0_AI1_RMS_diff,AI0_AI1_RMS_ratio,AI0_AI1_corr,Current_RMS,Current_RMS_to_AI0_RMS_ratio,Current_RMS_to_AI1_RMS_ratio,AI0_current_residual,AI1_current_residual,AI0_RMS_slope,AI1_RMS_slope,Current_RMS_slope,dCurrent_RMS_x_dAI0_RMS,dCurrent_RMS_x_dAI1_RMS,AI0_kurtosis,AI1_kurtosis,AI0_crest_factor,AI1_crest_factor",1.0,1.0,1.0,90,0,0,3,1.0,0.05382124800235033
tabular,Logistic Regression,10,1.0,1,group_ablation,G1,17,"AI0_AI1_RMS_diff,AI0_AI1_RMS_ratio,AI0_AI1_corr,Current_RMS,Current_RMS_to_AI0_RMS_ratio,Current_RMS_to_AI1_RMS_ratio,AI0_current_residual,AI1_current_residual,AI0_RMS_slope,AI1_RMS_slope,Current_RMS_slope,dCurrent_RMS_x_dAI0_RMS,dCurrent_RMS_x_dAI1_RMS,AI0_kurtosis,AI1_kurtosis,AI0_crest_factor,AI1_crest_factor",1.0,1.0,1.0,90,0,0,3,1.0,0.007998338900506496
tabular,One-Class SVM,10,1.0,1,group_ablation,G1,17,"AI0_AI1_RMS_diff,AI0_AI1_RMS_ratio,AI0_AI1_corr,Current_RMS,Current_RMS_to_AI0_RMS_ratio,Current_RMS_to_AI1_RMS_ratio,AI0_current_residual,AI1_current_residual,AI0_RMS_slope,AI1_RMS_slope,Current_RMS_slope,dCurrent_RMS_x_dAI0_RMS,dCurrent_RMS_x_dAI1_RMS,AI0_kurtosis,AI1_kurtosis,AI0_crest_factor,AI1_crest_factor",1.0,0.6666666666666666,0.8,90,0,1,2,1.0,0.03404100239276886
tabular,Mahalanobis distance,10,1.0,1,group_ablation,G1,17,"AI0_AI1_RMS_diff,AI0_AI1_RMS_ratio,AI0_AI1_corr,Current_RMS,Current_RMS_to_AI0_RMS_ratio,Current_RMS_to_AI1_RMS_ratio,AI0_current_residual,AI1_current_residual,AI0_RMS_slope,AI1_RMS_slope,Current_RMS_slope,dCurrent_RMS_x_dAI0_RMS,dCurrent_RMS_x_dAI1_RMS,AI0_kurtosis,AI1_kurtosis,AI0_crest_factor,AI1_crest_factor",1.0,1.0,1.0,90,0,0,3,1.0,0.0023844800889492035
tabular,Isolation Forest,10,1.0,1,group_ablation,G1,17,"AI0_AI1_RMS_diff,AI0_AI1_RMS_ratio,AI0_AI1_corr,Current_RMS,Current_RMS_to_AI0_RMS_ratio,Current_RMS_to_AI1_RMS_ratio,AI0_current_residual,AI1_current_residual,AI0_RMS_slope,AI1_RMS_slope,Current_RMS_slope,dCurrent_RMS_x_dAI0_RMS,dCurrent_RMS_x_dAI1_RMS,AI0_kurtosis,AI1_kurtosis,AI0_crest_factor,AI1_crest_factor",1.0,0.6666666666666666,0.8,90,0,1,2,1.0,0.8227096144109964
tabular,PCA reconstruction,10,1.0,1,group_ablation,G1,17,"AI0_AI1_RMS_diff,AI0_AI1_RMS_ratio,AI0_AI1_corr,Current_RMS,Current_RMS_to_AI0_RMS_ratio,Current_RMS_to_AI1_RMS_ratio,AI0_current_residual,AI1_current_residual,AI0_RMS_slope,AI1_RMS_slope,Current_RMS_slope,dCurrent_RMS_x_dAI0_RMS,dCurrent_RMS_x_dAI1_RMS,AI0_kurtosis,AI1_kurtosis,AI0_crest_factor,AI1_crest_factor",1.0,1.0,1.0,90,0,0,3,1.0,0.0026597995311021805
tabular,LightGBM,10,1.0,1,group_ablation,G2,16,"AI0_RMS,AI1_RMS,Current_RMS,Current_RMS_to_AI0_RMS_ratio,Current_RMS_to_AI1_RMS_ratio,AI0_current_residual,AI1_current_residual,AI0_RMS_slope,AI1_RMS_slope,Current_RMS_slope,dCurrent_RMS_x_dAI0_RMS,dCurrent_RMS_x_dAI1_RMS,AI0_kurtosis,AI1_kurtosis,AI0_crest_factor,AI1_crest_factor",1.0,1.0,1.0,90,0,0,3,1.0,0.061237460002303123
tabular,XGBoost,10,1.0,1,group_ablation,G2,16,"AI0_RMS,AI1_RMS,Current_RMS,Current_RMS_to_AI0_RMS_ratio,Current_RMS_to_AI1_RMS_ratio,AI0_current_residual,AI1_current_residual,AI0_RMS_slope,AI1_RMS_slope,Current_RMS_slope,dCurrent_RMS_x_dAI0_RMS,dCurrent_RMS_x_dAI1_RMS,AI0_kurtosis,AI1_kurtosis,AI0_crest_factor,AI1_crest_factor",1.0,1.0,1.0,90,0,0,3,1.0,0.04771304503083229
tabular,Logistic Regression,10,1.0,1,group_ablation,G2,16,"AI0_RMS,AI1_RMS,Current_RMS,Current_RMS_to_AI0_RMS_ratio,Current_RMS_to_AI1_RMS_ratio,AI0_current_residual,AI1_current_residual,AI0_RMS_slope,AI1_RMS_slope,Current_RMS_slope,dCurrent_RMS_x_dAI0_RMS,dCurrent_RMS_x_dAI1_RMS,AI0_kurtosis,AI1_kurtosis,AI0_crest_factor,AI1_crest_factor",1.0,1.0,1.0,90,0,0,3,1.0,0.008018272928893566
tabular,One-Class SVM,10,1.0,1,group_ablation,G2,16,"AI0_RMS,AI1_RMS,Current_RMS,Current_RMS_to_AI0_RMS_ratio,Current_RMS_to_AI1_RMS_ratio,AI0_current_residual,AI1_current_residual,AI0_RMS_slope,AI1_RMS_slope,Current_RMS_slope,dCurrent_RMS_x_dAI0_RMS,dCurrent_RMS_x_dAI1_RMS,AI0_kurtosis,AI1_kurtosis,AI0_crest_factor,AI1_crest_factor",0.75,1.0,0.8571428571428571,89,1,0,3,1.0,0.04746186640113592
tabular,Mahalanobis distance,10,1.0,1,group_ablation,G2,16,"AI0_RMS,AI1_RMS,Current_RMS,Current_RMS_to_AI0_RMS_ratio,Current_RMS_to_AI1_RMS_ratio,AI0_current_residual,AI1_current_residual,AI0_RMS_slope,AI1_RMS_slope,Current_RMS_slope,dCurrent_RMS_x_dAI0_RMS,dCurrent_RMS_x_dAI1_RMS,AI0_kurtosis,AI1_kurtosis,AI0_crest_factor,AI1_crest_factor",1.0,1.0,1.0,90,0,0,3,1.0,0.001989237032830715
tabular,Isolation Forest,10,1.0,1,group_ablation,G2,16,"AI0_RMS,AI1_RMS,Current_RMS,Current_RMS_to_AI0_RMS_ratio,Current_RMS_to_AI1_RMS_ratio,AI0_current_residual,AI1_current_residual,AI0_RMS_slope,AI1_RMS_slope,Current_RMS_slope,dCurrent_RMS_x_dAI0_RMS,dCurrent_RMS_x_dAI1_RMS,AI0_kurtosis,AI1_kurtosis,AI0_crest_factor,AI1_crest_factor",1.0,0.6666666666666666,0.8,90,0,1,2,1.0,0.862598535604775
tabular,PCA reconstruction,10,1.0,1,group_ablation,G2,16,"AI0_RMS,AI1_RMS,Current_RMS,Current_RMS_to_AI0_RMS_ratio,Current_RMS_to_AI1_RMS_ratio,AI0_current_residual,AI1_current_residual,AI0_RMS_slope,AI1_RMS_slope,Current_RMS_slope,dCurrent_RMS_x_dAI0_RMS,dCurrent_RMS_x_dAI1_RMS,AI0_kurtosis,AI1_kurtosis,AI0_crest_factor,AI1_crest_factor",1.0,1.0,1.0,90,0,0,3,1.0,0.002628604881465435
tabular,LightGBM,10,1.0,1,group_ablation,G3,14,"AI0_RMS,AI1_RMS,AI0_AI1_RMS_diff,AI0_AI1_RMS_ratio,AI0_AI1_corr,AI0_RMS_slope,AI1_RMS_slope,Current_RMS_slope,dCurrent_RMS_x_dAI0_RMS,dCurrent_RMS_x_dAI1_RMS,AI0_kurtosis,AI1_kurtosis,AI0_crest_factor,AI1_crest_factor",1.0,1.0,1.0,90,0,0,3,1.0,0.06631776690483093
tabular,XGBoost,10,1.0,1,group_ablation,G3,14,"AI0_RMS,AI1_RMS,AI0_AI1_RMS_diff,AI0_AI1_RMS_ratio,AI0_AI1_corr,AI0_RMS_slope,AI1_RMS_slope,Current_RMS_slope,dCurrent_RMS_x_dAI0_RMS,dCurrent_RMS_x_dAI1_RMS,AI0_kurtosis,AI1_kurtosis,AI0_crest_factor,AI1_crest_factor",1.0,1.0,1.0,90,0,0,3,1.0,0.04919839929789305
tabular,Logistic Regression,10,1.0,1,group_ablation,G3,14,"AI0_RMS,AI1_RMS,AI0_AI1_RMS_diff,AI0_AI1_RMS_ratio,AI0_AI1_corr,AI0_RMS_slope,AI1_RMS_slope,Current_RMS_slope,dCurrent_RMS_x_dAI0_RMS,dCurrent_RMS_x_dAI1_RMS,AI0_kurtosis,AI1_kurtosis,AI0_crest_factor,AI1_crest_factor",1.0,1.0,1.0,90,0,0,3,1.0,0.0064700087532401085
tabular,One-Class SVM,10,1.0,1,group_ablation,G3,14,"AI0_RMS,AI1_RMS,AI0_AI1_RMS_diff,AI0_AI1_RMS_ratio,AI0_AI1_corr,AI0_RMS_slope,AI1_RMS_slope,Current_RMS_slope,dCurrent_RMS_x_dAI0_RMS,dCurrent_RMS_x_dAI1_RMS,AI0_kurtosis,AI1_kurtosis,AI0_crest_factor,AI1_crest_factor",1.0,0.6666666666666666,0.8,90,0,1,2,1.0,0.03818952105939388
tabular,Mahalanobis distance,10,1.0,1,group_ablation,G3,14,"AI0_RMS,AI1_RMS,AI0_AI1_RMS_diff,AI0_AI1_RMS_ratio,AI0_AI1_corr,AI0_RMS_slope,AI1_RMS_slope,Current_RMS_slope,dCurrent_RMS_x_dAI0_RMS,dCurrent_RMS_x_dAI1_RMS,AI0_kurtosis,AI1_kurtosis,AI0_crest_factor,AI1_crest_factor",1.0,1.0,1.0,90,0,0,3,1.0,0.00221346877515316
tabular,Isolation Forest,10,1.0,1,group_ablation,G3,14,"AI0_RMS,AI1_RMS,AI0_AI1_RMS_diff,AI0_AI1_RMS_ratio,AI0_AI1_corr,AI0_RMS_slope,AI1_RMS_slope,Current_RMS_slope,dCurrent_RMS_x_dAI0_RMS,dCurrent_RMS_x_dAI1_RMS,AI0_kurtosis,AI1_kurtosis,AI0_crest_factor,AI1_crest_factor",1.0,0.6666666666666666,0.8,90,0,1,2,1.0,0.8447570614516735
tabular,PCA reconstruction,10,1.0,1,group_ablation,G3,14,"AI0_RMS,AI1_RMS,AI0_AI1_RMS_diff,AI0_AI1_RMS_ratio,AI0_AI1_corr,AI0_RMS_slope,AI1_RMS_slope,Current_RMS_slope,dCurrent_RMS_x_dAI0_RMS,dCurrent_RMS_x_dAI1_RMS,AI0_kurtosis,AI1_kurtosis,AI0_crest_factor,AI1_crest_factor",1.0,1.0,1.0,90,0,0,3,1.0,0.002428499050438404
tabular,LightGBM,10,1.0,1,group_ablation,G4,14,"AI0_RMS,AI1_RMS,AI0_AI1_RMS_diff,AI0_AI1_RMS_ratio,AI0_AI1_corr,Current_RMS,Current_RMS_to_AI0_RMS_ratio,Current_RMS_to_AI1_RMS_ratio,AI0_current_residual,AI1_current_residual,AI0_kurtosis,AI1_kurtosis,AI0_crest_factor,AI1_crest_factor",1.0,1.0,1.0,90,0,0,3,1.0,0.06196035258471966
tabular,XGBoost,10,1.0,1,group_ablation,G4,14,"AI0_RMS,AI1_RMS,AI0_AI1_RMS_diff,AI0_AI1_RMS_ratio,AI0_AI1_corr,Current_RMS,Current_RMS_to_AI0_RMS_ratio,Current_RMS_to_AI1_RMS_ratio,AI0_current_residual,AI1_current_residual,AI0_kurtosis,AI1_kurtosis,AI0_crest_factor,AI1_crest_factor",1.0,1.0,1.0,90,0,0,3,1.0,0.04805165994912386
tabular,Logistic Regression,10,1.0,1,group_ablation,G4,14,"AI0_RMS,AI1_RMS,AI0_AI1_RMS_diff,AI0_AI1_RMS_ratio,AI0_AI1_corr,Current_RMS,Current_RMS_to_AI0_RMS_ratio,Current_RMS_to_AI1_RMS_ratio,AI0_current_residual,AI1_current_residual,AI0_kurtosis,AI1_kurtosis,AI0_crest_factor,AI1_crest_factor",1.0,0.6666666666666666,0.8,90,0,1,2,1.0,0.007691602222621441
tabular,One-Class SVM,10,1.0,1,group_ablation,G4,14,"AI0_RMS,AI1_RMS,AI0_AI1_RMS_diff,AI0_AI1_RMS_ratio,AI0_AI1_corr,Current_RMS,Current_RMS_to_AI0_RMS_ratio,Current_RMS_to_AI1_RMS_ratio,AI0_current_residual,AI1_current_residual,AI0_kurtosis,AI1_kurtosis,AI0_crest_factor,AI1_crest_factor",1.0,1.0,1.0,90,0,0,3,1.0,0.03447155561298132
tabular,Mahalanobis distance,10,1.0,1,group_ablation,G4,14,"AI0_RMS,AI1_RMS,AI0_AI1_RMS_diff,AI0_AI1_RMS_ratio,AI0_AI1_corr,Current_RMS,Current_RMS_to_AI0_RMS_ratio,Current_RMS_to_AI1_RMS_ratio,AI0_current_residual,AI1_current_residual,AI0_kurtosis,AI1_kurtosis,AI0_crest_factor,AI1_crest_factor",1.0,1.0,1.0,90,0,0,3,1.0,0.0021785469725728035
tabular,Isolation Forest,10,1.0,1,group_ablation,G4,14,"AI0_RMS,AI1_RMS,AI0_AI1_RMS_diff,AI0_AI1_RMS_ratio,AI0_AI1_corr,Current_RMS,Current_RMS_to_AI0_RMS_ratio,Current_RMS_to_AI1_RMS_ratio,AI0_current_residual,AI1_current_residual,AI0_kurtosis,AI1_kurtosis,AI0_crest_factor,AI1_crest_factor",1.0,0.6666666666666666,0.8,90,0,1,2,1.0,0.851111656986177
tabular,PCA reconstruction,10,1.0,1,group_ablation,G4,14,"AI0_RMS,AI1_RMS,AI0_AI1_RMS_diff,AI0_AI1_RMS_ratio,AI0_AI1_corr,Current_RMS,Current_RMS_to_AI0_RMS_ratio,Current_RMS_to_AI1_RMS_ratio,AI0_current_residual,AI1_current_residual,AI0_kurtosis,AI1_kurtosis,AI0_crest_factor,AI1_crest_factor",1.0,1.0,1.0,90,0,0,3,1.0,0.0027307458221912384
tabular,LightGBM,10,1.0,1,group_ablation,G5,15,"AI0_RMS,AI1_RMS,AI0_AI1_RMS_diff,AI0_AI1_RMS_ratio,AI0_AI1_corr,Current_RMS,Current_RMS_to_AI0_RMS_ratio,Current_RMS_to_AI1_RMS_ratio,AI0_current_residual,AI1_current_residual,AI0_RMS_slope,AI1_RMS_slope,Current_RMS_slope,dCurrent_RMS_x_dAI0_RMS,dCurrent_RMS_x_dAI1_RMS",1.0,1.0,1.0,90,0,0,3,1.0,0.06569112744182348
tabular,XGBoost,10,1.0,1,group_ablation,G5,15,"AI0_RMS,AI1_RMS,AI0_AI1_RMS_diff,AI0_AI1_RMS_ratio,AI0_AI1_corr,Current_RMS,Current_RMS_to_AI0_RMS_ratio,Current_RMS_to_AI1_RMS_ratio,AI0_current_residual,AI1_current_residual,AI0_RMS_slope,AI1_RMS_slope,Current_RMS_slope,dCurrent_RMS_x_dAI0_RMS,dCurrent_RMS_x_dAI1_RMS",1.0,1.0,1.0,90,0,0,3,1.0,0.04716814309358597
tabular,Logistic Regression,10,1.0,1,group_ablation,G5,15,"AI0_RMS,AI1_RMS,AI0_AI1_RMS_diff,AI0_AI1_RMS_ratio,AI0_AI1_corr,Current_RMS,Current_RMS_to_AI0_RMS_ratio,Current_RMS_to_AI1_RMS_ratio,AI0_current_residual,AI1_current_residual,AI0_RMS_slope,AI1_RMS_slope,Current_RMS_slope,dCurrent_RMS_x_dAI0_RMS,dCurrent_RMS_x_dAI1_RMS",1.0,0.6666666666666666,0.8,90,0,1,2,1.0,0.010279512032866478
tabular,One-Class SVM,10,1.0,1,group_ablation,G5,15,"AI0_RMS,AI1_RMS,AI0_AI1_RMS_diff,AI0_AI1_RMS_ratio,AI0_AI1_corr,Current_RMS,Current_RMS_to_AI0_RMS_ratio,Current_RMS_to_AI1_RMS_ratio,AI0_current_residual,AI1_current_residual,AI0_RMS_slope,AI1_RMS_slope,Current_RMS_slope,dCurrent_RMS_x_dAI0_RMS,dCurrent_RMS_x_dAI1_RMS",1.0,0.6666666666666666,0.8,90,0,1,2,1.0,0.04138083849102259
tabular,Mahalanobis distance,10,1.0,1,group_ablation,G5,15,"AI0_RMS,AI1_RMS,AI0_AI1_RMS_diff,AI0_AI1_RMS_ratio,AI0_AI1_corr,Current_RMS,Current_RMS_to_AI0_RMS_ratio,Current_RMS_to_AI1_RMS_ratio,AI0_current_residual,AI1_current_residual,AI0_RMS_slope,AI1_RMS_slope,Current_RMS_slope,dCurrent_RMS_x_dAI0_RMS,dCurrent_RMS_x_dAI1_RMS",1.0,1.0,1.0,90,0,0,3,1.0,0.002322377637028694
tabular,Isolation Forest,10,1.0,1,group_ablation,G5,15,"AI0_RMS,AI1_RMS,AI0_AI1_RMS_diff,AI0_AI1_RMS_ratio,AI0_AI1_corr,Current_RMS,Current_RMS_to_AI0_RMS_ratio,Current_RMS_to_AI1_RMS_ratio,AI0_current_residual,AI1_current_residual,AI0_RMS_slope,AI1_RMS_slope,Current_RMS_slope,dCurrent_RMS_x_dAI0_RMS,dCurrent_RMS_x_dAI1_RMS",1.0,0.6666666666666666,0.8,90,0,1,2,1.0,0.844897841103375
tabular,PCA reconstruction,10,1.0,1,group_ablation,G5,15,"AI0_RMS,AI1_RMS,AI0_AI1_RMS_diff,AI0_AI1_RMS_ratio,AI0_AI1_corr,Current_RMS,Current_RMS_to_AI0_RMS_ratio,Current_RMS_to_AI1_RMS_ratio,AI0_current_residual,AI1_current_residual,AI0_RMS_slope,AI1_RMS_slope,Current_RMS_slope,dCurrent_RMS_x_dAI0_RMS,dCurrent_RMS_x_dAI1_RMS",1.0,1.0,1.0,90,0,0,3,1.0,0.0025920765474438667
temporal,LSTM-Autoencoder,10,1.0,1,full,none,12,"AI0_Vibration,AI1_Vibration,AI2_Current,AI0_short_RMS,AI1_short_RMS,Current_short_RMS,AI0_AI1_RMS_diff,AI0_current_residual,AI1_current_residual,AI0_RMS_slope,AI1_RMS_slope,Current_RMS_slope",1.0,1.0,1.0,90,0,0,3,1.0,1.024562886916101
temporal,1D-CNN,10,1.0,1,full,none,12,"AI0_Vibration,AI1_Vibration,AI2_Current,AI0_short_RMS,AI1_short_RMS,Current_short_RMS,AI0_AI1_RMS_diff,AI0_current_residual,AI1_current_residual,AI0_RMS_slope,AI1_RMS_slope,Current_RMS_slope",1.0,1.0,1.0,90,0,0,3,1.0,0.4279028754681349
temporal,LSTM-Autoencoder,10,1.0,1,group_ablation,T0,9,"AI0_short_RMS,AI1_short_RMS,Current_short_RMS,AI0_AI1_RMS_diff,AI0_current_residual,AI1_current_residual,AI0_RMS_slope,AI1_RMS_slope,Current_RMS_slope",1.0,1.0,1.0,90,0,0,3,1.0,0.9490646030753851
temporal,1D-CNN,10,1.0,1,group_ablation,T0,9,"AI0_short_RMS,AI1_short_RMS,Current_short_RMS,AI0_AI1_RMS_diff,AI0_current_residual,AI1_current_residual,AI0_RMS_slope,AI1_RMS_slope,Current_RMS_slope",1.0,0.6666666666666666,0.8,90,0,1,2,1.0,0.2133377930149436
temporal,LSTM-Autoencoder,10,1.0,1,group_ablation,T1,9,"AI0_Vibration,AI1_Vibration,AI2_Current,AI0_AI1_RMS_diff,AI0_current_residual,AI1_current_residual,AI0_RMS_slope,AI1_RMS_slope,Current_RMS_slope",1.0,1.0,1.0,90,0,0,3,1.0,0.9636409860104322
temporal,1D-CNN,10,1.0,1,group_ablation,T1,9,"AI0_Vibration,AI1_Vibration,AI2_Current,AI0_AI1_RMS_diff,AI0_current_residual,AI1_current_residual,AI0_RMS_slope,AI1_RMS_slope,Current_RMS_slope",0.6,1.0,0.75,88,2,0,3,1.0,0.3923299638554454
temporal,LSTM-Autoencoder,10,1.0,1,group_ablation,T2,9,"AI0_Vibration,AI1_Vibration,AI2_Current,AI0_short_RMS,AI1_short_RMS,Current_short_RMS,AI0_RMS_slope,AI1_RMS_slope,Current_RMS_slope",1.0,1.0,1.0,90,0,0,3,1.0,0.8440135298296809
temporal,1D-CNN,10,1.0,1,group_ablation,T2,9,"AI0_Vibration,AI1_Vibration,AI2_Current,AI0_short_RMS,AI1_short_RMS,Current_short_RMS,AI0_RMS_slope,AI1_RMS_slope,Current_RMS_slope",1.0,1.0,1.0,90,0,0,3,1.0,0.4226311072707176
temporal,LSTM-Autoencoder,10,1.0,1,group_ablation,T3,9,"AI0_Vibration,AI1_Vibration,AI2_Current,AI0_short_RMS,AI1_short_RMS,Current_short_RMS,AI0_AI1_RMS_diff,AI0_current_residual,AI1_current_residual",1.0,1.0,1.0,90,0,0,3,1.0,0.8394355326890945
temporal,1D-CNN,10,1.0,1,group_ablation,T3,9,"AI0_Vibration,AI1_Vibration,AI2_Current,AI0_short_RMS,AI1_short_RMS,Current_short_RMS,AI0_AI1_RMS_diff,AI0_current_residual,AI1_current_residual",1.0,1.0,1.0,90,0,0,3,1.0,0.42233209032565355
tabular,LightGBM,15,1.5,1,full,none,19,"AI0_RMS,AI1_RMS,AI0_AI1_RMS_diff,AI0_AI1_RMS_ratio,AI0_AI1_corr,Current_RMS,Current_RMS_to_AI0_RMS_ratio,Current_RMS_to_AI1_RMS_ratio,AI0_current_residual,AI1_current_residual,AI0_RMS_slope,AI1_RMS_slope,Current_RMS_slope,dCurrent_RMS_x_dAI0_RMS,dCurrent_RMS_x_dAI1_RMS,AI0_kurtosis,AI1_kurtosis,AI0_crest_factor,AI1_crest_factor",1.0,1.0,1.0,90,0,0,3,1.0,0.04056673217564821
tabular,XGBoost,15,1.5,1,full,none,19,"AI0_RMS,AI1_RMS,AI0_AI1_RMS_diff,AI0_AI1_RMS_ratio,AI0_AI1_corr,Current_RMS,Current_RMS_to_AI0_RMS_ratio,Current_RMS_to_AI1_RMS_ratio,AI0_current_residual,AI1_current_residual,AI0_RMS_slope,AI1_RMS_slope,Current_RMS_slope,dCurrent_RMS_x_dAI0_RMS,dCurrent_RMS_x_dAI1_RMS,AI0_kurtosis,AI1_kurtosis,AI0_crest_factor,AI1_crest_factor",1.0,1.0,1.0,90,0,0,3,1.0,0.04273950029164553
tabular,Logistic Regression,15,1.5,1,full,none,19,"AI0_RMS,AI1_RMS,AI0_AI1_RMS_diff,AI0_AI1_RMS_ratio,AI0_AI1_corr,Current_RMS,Current_RMS_to_AI0_RMS_ratio,Current_RMS_to_AI1_RMS_ratio,AI0_current_residual,AI1_current_residual,AI0_RMS_slope,AI1_RMS_slope,Current_RMS_slope,dCurrent_RMS_x_dAI0_RMS,dCurrent_RMS_x_dAI1_RMS,AI0_kurtosis,AI1_kurtosis,AI0_crest_factor,AI1_crest_factor",1.0,1.0,1.0,90,0,0,3,1.0,0.02387015987187624
tabular,One-Class SVM,15,1.5,1,full,none,19,"AI0_RMS,AI1_RMS,AI0_AI1_RMS_diff,AI0_AI1_RMS_ratio,AI0_AI1_corr,Current_RMS,Current_RMS_to_AI0_RMS_ratio,Current_RMS_to_AI1_RMS_ratio,AI0_current_residual,AI1_current_residual,AI0_RMS_slope,AI1_RMS_slope,Current_RMS_slope,dCurrent_RMS_x_dAI0_RMS,dCurrent_RMS_x_dAI1_RMS,AI0_kurtosis,AI1_kurtosis,AI0_crest_factor,AI1_crest_factor",1.0,1.0,1.0,90,0,0,3,1.0,0.017006920650601387
tabular,Mahalanobis distance,15,1.5,1,full,none,19,"AI0_RMS,AI1_RMS,AI0_AI1_RMS_diff,AI0_AI1_RMS_ratio,AI0_AI1_corr,Current_RMS,Current_RMS_to_AI0_RMS_ratio,Current_RMS_to_AI1_RMS_ratio,AI0_current_residual,AI1_current_residual,AI0_RMS_slope,AI1_RMS_slope,Current_RMS_slope,dCurrent_RMS_x_dAI0_RMS,dCurrent_RMS_x_dAI1_RMS,AI0_kurtosis,AI1_kurtosis,AI0_crest_factor,AI1_crest_factor",1.0,1.0,1.0,90,0,0,3,1.0,0.002137785777449608
tabular,Isolation Forest,15,1.5,1,full,none,19,"AI0_RMS,AI1_RMS,AI0_AI1_RMS_diff,AI0_AI1_RMS_ratio,AI0_AI1_corr,Current_RMS,Current_RMS_to_AI0_RMS_ratio,Current_RMS_to_AI1_RMS_ratio,AI0_current_residual,AI1_current_residual,AI0_RMS_slope,AI1_RMS_slope,Current_RMS_slope,dCurrent_RMS_x_dAI0_RMS,dCurrent_RMS_x_dAI1_RMS,AI0_kurtosis,AI1_kurtosis,AI0_crest_factor,AI1_crest_factor",1.0,0.6666666666666666,0.8,90,0,1,2,1.0,0.8142411857843399
tabular,PCA reconstruction,15,1.5,1,full,none,19,"AI0_RMS,AI1_RMS,AI0_AI1_RMS_diff,AI0_AI1_RMS_ratio,AI0_AI1_corr,Current_RMS,Current_RMS_to_AI0_RMS_ratio,Current_RMS_to_AI1_RMS_ratio,AI0_current_residual,AI1_current_residual,AI0_RMS_slope,AI1_RMS_slope,Current_RMS_slope,dCurrent_RMS_x_dAI0_RMS,dCurrent_RMS_x_dAI1_RMS,AI0_kurtosis,AI1_kurtosis,AI0_crest_factor,AI1_crest_factor",1.0,1.0,1.0,90,0,0,3,1.0,0.0026142289862036705
tabular,LightGBM,15,1.5,1,group_ablation,G1,17,"AI0_AI1_RMS_diff,AI0_AI1_RMS_ratio,AI0_AI1_corr,Current_RMS,Current_RMS_to_AI0_RMS_ratio,Current_RMS_to_AI1_RMS_ratio,AI0_current_residual,AI1_current_residual,AI0_RMS_slope,AI1_RMS_slope,Current_RMS_slope,dCurrent_RMS_x_dAI0_RMS,dCurrent_RMS_x_dAI1_RMS,AI0_kurtosis,AI1_kurtosis,AI0_crest_factor,AI1_crest_factor",1.0,1.0,1.0,90,0,0,3,1.0,0.04607496876269579
tabular,XGBoost,15,1.5,1,group_ablation,G1,17,"AI0_AI1_RMS_diff,AI0_AI1_RMS_ratio,AI0_AI1_corr,Current_RMS,Current_RMS_to_AI0_RMS_ratio,Current_RMS_to_AI1_RMS_ratio,AI0_current_residual,AI1_current_residual,AI0_RMS_slope,AI1_RMS_slope,Current_RMS_slope,dCurrent_RMS_x_dAI0_RMS,dCurrent_RMS_x_dAI1_RMS,AI0_kurtosis,AI1_kurtosis,AI0_crest_factor,AI1_crest_factor",1.0,1.0,1.0,90,0,0,3,1.0,0.04917306825518608
tabular,Logistic Regression,15,1.5,1,group_ablation,G1,17,"AI0_AI1_RMS_diff,AI0_AI1_RMS_ratio,AI0_AI1_corr,Current_RMS,Current_RMS_to_AI0_RMS_ratio,Current_RMS_to_AI1_RMS_ratio,AI0_current_residual,AI1_current_residual,AI0_RMS_slope,AI1_RMS_slope,Current_RMS_slope,dCurrent_RMS_x_dAI0_RMS,dCurrent_RMS_x_dAI1_RMS,AI0_kurtosis,AI1_kurtosis,AI0_crest_factor,AI1_crest_factor",1.0,1.0,1.0,90,0,0,3,1.0,0.025575662963092327
tabular,One-Class SVM,15,1.5,1,group_ablation,G1,17,"AI0_AI1_RMS_diff,AI0_AI1_RMS_ratio,AI0_AI1_corr,Current_RMS,Current_RMS_to_AI0_RMS_ratio,Current_RMS_to_AI1_RMS_ratio,AI0_current_residual,AI1_current_residual,AI0_RMS_slope,AI1_RMS_slope,Current_RMS_slope,dCurrent_RMS_x_dAI0_RMS,dCurrent_RMS_x_dAI1_RMS,AI0_kurtosis,AI1_kurtosis,AI0_crest_factor,AI1_crest_factor",1.0,1.0,1.0,90,0,0,3,1.0,0.017863741144537926
tabular,Mahalanobis distance,15,1.5,1,group_ablation,G1,17,"AI0_AI1_RMS_diff,AI0_AI1_RMS_ratio,AI0_AI1_corr,Current_RMS,Current_RMS_to_AI0_RMS_ratio,Current_RMS_to_AI1_RMS_ratio,AI0_current_residual,AI1_current_residual,AI0_RMS_slope,AI1_RMS_slope,Current_RMS_slope,dCurrent_RMS_x_dAI0_RMS,dCurrent_RMS_x_dAI1_RMS,AI0_kurtosis,AI1_kurtosis,AI0_crest_factor,AI1_crest_factor",1.0,1.0,1.0,90,0,0,3,1.0,0.002038518898189068
tabular,Isolation Forest,15,1.5,1,group_ablation,G1,17,"AI0_AI1_RMS_diff,AI0_AI1_RMS_ratio,AI0_AI1_corr,Current_RMS,Current_RMS_to_AI0_RMS_ratio,Current_RMS_to_AI1_RMS_ratio,AI0_current_residual,AI1_current_residual,AI0_RMS_slope,AI1_RMS_slope,Current_RMS_slope,dCurrent_RMS_x_dAI0_RMS,dCurrent_RMS_x_dAI1_RMS,AI0_kurtosis,AI1_kurtosis,AI0_crest_factor,AI1_crest_factor",1.0,1.0,1.0,90,0,0,3,1.0,0.8210848113521934
tabular,PCA reconstruction,15,1.5,1,group_ablation,G1,17,"AI0_AI1_RMS_diff,AI0_AI1_RMS_ratio,AI0_AI1_corr,Current_RMS,Current_RMS_to_AI0_RMS_ratio,Current_RMS_to_AI1_RMS_ratio,AI0_current_residual,AI1_current_residual,AI0_RMS_slope,AI1_RMS_slope,Current_RMS_slope,dCurrent_RMS_x_dAI0_RMS,dCurrent_RMS_x_dAI1_RMS,AI0_kurtosis,AI1_kurtosis,AI0_crest_factor,AI1_crest_factor",1.0,1.0,1.0,90,0,0,3,1.0,0.002427535131573677
tabular,LightGBM,15,1.5,1,group_ablation,G2,16,"AI0_RMS,AI1_RMS,Current_RMS,Current_RMS_to_AI0_RMS_ratio,Current_RMS_to_AI1_RMS_ratio,AI0_current_residual,AI1_current_residual,AI0_RMS_slope,AI1_RMS_slope,Current_RMS_slope,dCurrent_RMS_x_dAI0_RMS,dCurrent_RMS_x_dAI1_RMS,AI0_kurtosis,AI1_kurtosis,AI0_crest_factor,AI1_crest_factor",1.0,1.0,1.0,90,0,0,3,1.0,0.03854361828416586
tabular,XGBoost,15,1.5,1,group_ablation,G2,16,"AI0_RMS,AI1_RMS,Current_RMS,Current_RMS_to_AI0_RMS_ratio,Current_RMS_to_AI1_RMS_ratio,AI0_current_residual,AI1_current_residual,AI0_RMS_slope,AI1_RMS_slope,Current_RMS_slope,dCurrent_RMS_x_dAI0_RMS,dCurrent_RMS_x_dAI1_RMS,AI0_kurtosis,AI1_kurtosis,AI0_crest_factor,AI1_crest_factor",1.0,1.0,1.0,90,0,0,3,1.0,0.04157185088843107
tabular,Logistic Regression,15,1.5,1,group_ablation,G2,16,"AI0_RMS,AI1_RMS,Current_RMS,Current_RMS_to_AI0_RMS_ratio,Current_RMS_to_AI1_RMS_ratio,AI0_current_residual,AI1_current_residual,AI0_RMS_slope,AI1_RMS_slope,Current_RMS_slope,dCurrent_RMS_x_dAI0_RMS,dCurrent_RMS_x_dAI1_RMS,AI0_kurtosis,AI1_kurtosis,AI0_crest_factor,AI1_crest_factor",1.0,1.0,1.0,90,0,0,3,1.0,0.021630612201988697
tabular,One-Class SVM,15,1.5,1,group_ablation,G2,16,"AI0_RMS,AI1_RMS,Current_RMS,Current_RMS_to_AI0_RMS_ratio,Current_RMS_to_AI1_RMS_ratio,AI0_current_residual,AI1_current_residual,AI0_RMS_slope,AI1_RMS_slope,Current_RMS_slope,dCurrent_RMS_x_dAI0_RMS,dCurrent_RMS_x_dAI1_RMS,AI0_kurtosis,AI1_kurtosis,AI0_crest_factor,AI1_crest_factor",1.0,1.0,1.0,90,0,0,3,1.0,0.015579375438392162
tabular,Mahalanobis distance,15,1.5,1,group_ablation,G2,16,"AI0_RMS,AI1_RMS,Current_RMS,Current_RMS_to_AI0_RMS_ratio,Current_RMS_to_AI1_RMS_ratio,AI0_current_residual,AI1_current_residual,AI0_RMS_slope,AI1_RMS_slope,Current_RMS_slope,dCurrent_RMS_x_dAI0_RMS,dCurrent_RMS_x_dAI1_RMS,AI0_kurtosis,AI1_kurtosis,AI0_crest_factor,AI1_crest_factor",1.0,1.0,1.0,90,0,0,3,1.0,0.002032722346484661
tabular,Isolation Forest,15,1.5,1,group_ablation,G2,16,"AI0_RMS,AI1_RMS,Current_RMS,Current_RMS_to_AI0_RMS_ratio,Current_RMS_to_AI1_RMS_ratio,AI0_current_residual,AI1_current_residual,AI0_RMS_slope,AI1_RMS_slope,Current_RMS_slope,dCurrent_RMS_x_dAI0_RMS,dCurrent_RMS_x_dAI1_RMS,AI0_kurtosis,AI1_kurtosis,AI0_crest_factor,AI1_crest_factor",1.0,1.0,1.0,90,0,0,3,1.0,0.8010240327566862
tabular,PCA reconstruction,15,1.5,1,group_ablation,G2,16,"AI0_RMS,AI1_RMS,Current_RMS,Current_RMS_to_AI0_RMS_ratio,Current_RMS_to_AI1_RMS_ratio,AI0_current_residual,AI1_current_residual,AI0_RMS_slope,AI1_RMS_slope,Current_RMS_slope,dCurrent_RMS_x_dAI0_RMS,dCurrent_RMS_x_dAI1_RMS,AI0_kurtosis,AI1_kurtosis,AI0_crest_factor,AI1_crest_factor",1.0,1.0,1.0,90,0,0,3,1.0,0.002334040589630604
tabular,LightGBM,15,1.5,1,group_ablation,G3,14,"AI0_RMS,AI1_RMS,AI0_AI1_RMS_diff,AI0_AI1_RMS_ratio,AI0_AI1_corr,AI0_RMS_slope,AI1_RMS_slope,Current_RMS_slope,dCurrent_RMS_x_dAI0_RMS,dCurrent_RMS_x_dAI1_RMS,AI0_kurtosis,AI1_kurtosis,AI0_crest_factor,AI1_crest_factor",1.0,1.0,1.0,90,0,0,3,1.0,0.0386783666908741
tabular,XGBoost,15,1.5,1,group_ablation,G3,14,"AI0_RMS,AI1_RMS,AI0_AI1_RMS_diff,AI0_AI1_RMS_ratio,AI0_AI1_corr,AI0_RMS_slope,AI1_RMS_slope,Current_RMS_slope,dCurrent_RMS_x_dAI0_RMS,dCurrent_RMS_x_dAI1_RMS,AI0_kurtosis,AI1_kurtosis,AI0_crest_factor,AI1_crest_factor",1.0,1.0,1.0,90,0,0,3,1.0,0.037766026332974434
tabular,Logistic Regression,15,1.5,1,group_ablation,G3,14,"AI0_RMS,AI1_RMS,AI0_AI1_RMS_diff,AI0_AI1_RMS_ratio,AI0_AI1_corr,AI0_RMS_slope,AI1_RMS_slope,Current_RMS_slope,dCurrent_RMS_x_dAI0_RMS,dCurrent_RMS_x_dAI1_RMS,AI0_kurtosis,AI1_kurtosis,AI0_crest_factor,AI1_crest_factor",1.0,1.0,1.0,90,0,0,3,1.0,0.01779055316001177
tabular,One-Class SVM,15,1.5,1,group_ablation,G3,14,"AI0_RMS,AI1_RMS,AI0_AI1_RMS_diff,AI0_AI1_RMS_ratio,AI0_AI1_corr,AI0_RMS_slope,AI1_RMS_slope,Current_RMS_slope,dCurrent_RMS_x_dAI0_RMS,dCurrent_RMS_x_dAI1_RMS,AI0_kurtosis,AI1_kurtosis,AI0_crest_factor,AI1_crest_factor",1.0,0.6666666666666666,0.8,90,0,1,2,1.0,0.018737170845270157
tabular,Mahalanobis distance,15,1.5,1,group_ablation,G3,14,"AI0_RMS,AI1_RMS,AI0_AI1_RMS_diff,AI0_AI1_RMS_ratio,AI0_AI1_corr,AI0_RMS_slope,AI1_RMS_slope,Current_RMS_slope,dCurrent_RMS_x_dAI0_RMS,dCurrent_RMS_x_dAI1_RMS,AI0_kurtosis,AI1_kurtosis,AI0_crest_factor,AI1_crest_factor",1.0,1.0,1.0,90,0,0,3,1.0,0.002042224630713463
tabular,Isolation Forest,15,1.5,1,group_ablation,G3,14,"AI0_RMS,AI1_RMS,AI0_AI1_RMS_diff,AI0_AI1_RMS_ratio,AI0_AI1_corr,AI0_RMS_slope,AI1_RMS_slope,Current_RMS_slope,dCurrent_RMS_x_dAI0_RMS,dCurrent_RMS_x_dAI1_RMS,AI0_kurtosis,AI1_kurtosis,AI0_crest_factor,AI1_crest_factor",0.75,1.0,0.8571428571428571,89,1,0,3,1.0,0.8124761926010251
tabular,PCA reconstruction,15,1.5,1,group_ablation,G3,14,"AI0_RMS,AI1_RMS,AI0_AI1_RMS_diff,AI0_AI1_RMS_ratio,AI0_AI1_corr,AI0_RMS_slope,AI1_RMS_slope,Current_RMS_slope,dCurrent_RMS_x_dAI0_RMS,dCurrent_RMS_x_dAI1_RMS,AI0_kurtosis,AI1_kurtosis,AI0_crest_factor,AI1_crest_factor",1.0,1.0,1.0,90,0,0,3,1.0,0.002156582660973072
tabular,LightGBM,15,1.5,1,group_ablation,G4,14,"AI0_RMS,AI1_RMS,AI0_AI1_RMS_diff,AI0_AI1_RMS_ratio,AI0_AI1_corr,Current_RMS,Current_RMS_to_AI0_RMS_ratio,Current_RMS_to_AI1_RMS_ratio,AI0_current_residual,AI1_current_residual,AI0_kurtosis,AI1_kurtosis,AI0_crest_factor,AI1_crest_factor",1.0,1.0,1.0,90,0,0,3,1.0,0.045594047755002975
tabular,XGBoost,15,1.5,1,group_ablation,G4,14,"AI0_RMS,AI1_RMS,AI0_AI1_RMS_diff,AI0_AI1_RMS_ratio,AI0_AI1_corr,Current_RMS,Current_RMS_to_AI0_RMS_ratio,Current_RMS_to_AI1_RMS_ratio,AI0_current_residual,AI1_current_residual,AI0_kurtosis,AI1_kurtosis,AI0_crest_factor,AI1_crest_factor",1.0,1.0,1.0,90,0,0,3,1.0,0.047295572236180305
tabular,Logistic Regression,15,1.5,1,group_ablation,G4,14,"AI0_RMS,AI1_RMS,AI0_AI1_RMS_diff,AI0_AI1_RMS_ratio,AI0_AI1_corr,Current_RMS,Current_RMS_to_AI0_RMS_ratio,Current_RMS_to_AI1_RMS_ratio,AI0_current_residual,AI1_current_residual,AI0_kurtosis,AI1_kurtosis,AI0_crest_factor,AI1_crest_factor",1.0,0.6666666666666666,0.8,90,0,1,2,1.0,0.006080488674342632
tabular,One-Class SVM,15,1.5,1,group_ablation,G4,14,"AI0_RMS,AI1_RMS,AI0_AI1_RMS_diff,AI0_AI1_RMS_ratio,AI0_AI1_corr,Current_RMS,Current_RMS_to_AI0_RMS_ratio,Current_RMS_to_AI1_RMS_ratio,AI0_current_residual,AI1_current_residual,AI0_kurtosis,AI1_kurtosis,AI0_crest_factor,AI1_crest_factor",1.0,1.0,1.0,90,0,0,3,1.0,0.01606222428381443
tabular,Mahalanobis distance,15,1.5,1,group_ablation,G4,14,"AI0_RMS,AI1_RMS,AI0_AI1_RMS_diff,AI0_AI1_RMS_ratio,AI0_AI1_corr,Current_RMS,Current_RMS_to_AI0_RMS_ratio,Current_RMS_to_AI1_RMS_ratio,AI0_current_residual,AI1_current_residual,AI0_kurtosis,AI1_kurtosis,AI0_crest_factor,AI1_crest_factor",1.0,1.0,1.0,90,0,0,3,1.0,0.0020438581705093384
tabular,Isolation Forest,15,1.5,1,group_ablation,G4,14,"AI0_RMS,AI1_RMS,AI0_AI1_RMS_diff,AI0_AI1_RMS_ratio,AI0_AI1_corr,Current_RMS,Current_RMS_to_AI0_RMS_ratio,Current_RMS_to_AI1_RMS_ratio,AI0_current_residual,AI1_current_residual,AI0_kurtosis,AI1_kurtosis,AI0_crest_factor,AI1_crest_factor",1.0,1.0,1.0,90,0,0,3,1.0,0.808590947650373
tabular,PCA reconstruction,15,1.5,1,group_ablation,G4,14,"AI0_RMS,AI1_RMS,AI0_AI1_RMS_diff,AI0_AI1_RMS_ratio,AI0_AI1_corr,Current_RMS,Current_RMS_to_AI0_RMS_ratio,Current_RMS_to_AI1_RMS_ratio,AI0_current_residual,AI1_current_residual,AI0_kurtosis,AI1_kurtosis,AI0_crest_factor,AI1_crest_factor",1.0,1.0,1.0,90,0,0,3,1.0,0.0021659405902028084
tabular,LightGBM,15,1.5,1,group_ablation,G5,15,"AI0_RMS,AI1_RMS,AI0_AI1_RMS_diff,AI0_AI1_RMS_ratio,AI0_AI1_corr,Current_RMS,Current_RMS_to_AI0_RMS_ratio,Current_RMS_to_AI1_RMS_ratio,AI0_current_residual,AI1_current_residual,AI0_RMS_slope,AI1_RMS_slope,Current_RMS_slope,dCurrent_RMS_x_dAI0_RMS,dCurrent_RMS_x_dAI1_RMS",1.0,1.0,1.0,90,0,0,3,1.0,0.03714222088456154
tabular,XGBoost,15,1.5,1,group_ablation,G5,15,"AI0_RMS,AI1_RMS,AI0_AI1_RMS_diff,AI0_AI1_RMS_ratio,AI0_AI1_corr,Current_RMS,Current_RMS_to_AI0_RMS_ratio,Current_RMS_to_AI1_RMS_ratio,AI0_current_residual,AI1_current_residual,AI0_RMS_slope,AI1_RMS_slope,Current_RMS_slope,dCurrent_RMS_x_dAI0_RMS,dCurrent_RMS_x_dAI1_RMS",1.0,1.0,1.0,90,0,0,3,1.0,0.03941030241549015
tabular,Logistic Regression,15,1.5,1,group_ablation,G5,15,"AI0_RMS,AI1_RMS,AI0_AI1_RMS_diff,AI0_AI1_RMS_ratio,AI0_AI1_corr,Current_RMS,Current_RMS_to_AI0_RMS_ratio,Current_RMS_to_AI1_RMS_ratio,AI0_current_residual,AI1_current_residual,AI0_RMS_slope,AI1_RMS_slope,Current_RMS_slope,dCurrent_RMS_x_dAI0_RMS,dCurrent_RMS_x_dAI1_RMS",1.0,0.6666666666666666,0.8,90,0,1,2,1.0,0.014772564172744751
tabular,One-Class SVM,15,1.5,1,group_ablation,G5,15,"AI0_RMS,AI1_RMS,AI0_AI1_RMS_diff,AI0_AI1_RMS_ratio,AI0_AI1_corr,Current_RMS,Current_RMS_to_AI0_RMS_ratio,Current_RMS_to_AI1_RMS_ratio,AI0_current_residual,AI1_current_residual,AI0_RMS_slope,AI1_RMS_slope,Current_RMS_slope,dCurrent_RMS_x_dAI0_RMS,dCurrent_RMS_x_dAI1_RMS",1.0,1.0,1.0,90,0,0,3,1.0,0.018623419106006622
tabular,Mahalanobis distance,15,1.5,1,group_ablation,G5,15,"AI0_RMS,AI1_RMS,AI0_AI1_RMS_diff,AI0_AI1_RMS_ratio,AI0_AI1_corr,Current_RMS,Current_RMS_to_AI0_RMS_ratio,Current_RMS_to_AI1_RMS_ratio,AI0_current_residual,AI1_current_residual,AI0_RMS_slope,AI1_RMS_slope,Current_RMS_slope,dCurrent_RMS_x_dAI0_RMS,dCurrent_RMS_x_dAI1_RMS",1.0,1.0,1.0,90,0,0,3,1.0,0.0021063238382339478
tabular,Isolation Forest,15,1.5,1,group_ablation,G5,15,"AI0_RMS,AI1_RMS,AI0_AI1_RMS_diff,AI0_AI1_RMS_ratio,AI0_AI1_corr,Current_RMS,Current_RMS_to_AI0_RMS_ratio,Current_RMS_to_AI1_RMS_ratio,AI0_current_residual,AI1_current_residual,AI0_RMS_slope,AI1_RMS_slope,Current_RMS_slope,dCurrent_RMS_x_dAI0_RMS,dCurrent_RMS_x_dAI1_RMS",1.0,0.6666666666666666,0.8,90,0,1,2,1.0,0.7464015642181039
tabular,PCA reconstruction,15,1.5,1,group_ablation,G5,15,"AI0_RMS,AI1_RMS,AI0_AI1_RMS_diff,AI0_AI1_RMS_ratio,AI0_AI1_corr,Current_RMS,Current_RMS_to_AI0_RMS_ratio,Current_RMS_to_AI1_RMS_ratio,AI0_current_residual,AI1_current_residual,AI0_RMS_slope,AI1_RMS_slope,Current_RMS_slope,dCurrent_RMS_x_dAI0_RMS,dCurrent_RMS_x_dAI1_RMS",1.0,0.6666666666666666,0.8,90,0,1,2,1.0,0.002332783304154873
temporal,LSTM-Autoencoder,15,1.5,1,full,none,12,"AI0_Vibration,AI1_Vibration,AI2_Current,AI0_short_RMS,AI1_short_RMS,Current_short_RMS,AI0_AI1_RMS_diff,AI0_current_residual,AI1_current_residual,AI0_RMS_slope,AI1_RMS_slope,Current_RMS_slope",1.0,1.0,1.0,90,0,0,3,1.0,0.8520188210532069
temporal,1D-CNN,15,1.5,1,full,none,12,"AI0_Vibration,AI1_Vibration,AI2_Current,AI0_short_RMS,AI1_short_RMS,Current_short_RMS,AI0_AI1_RMS_diff,AI0_current_residual,AI1_current_residual,AI0_RMS_slope,AI1_RMS_slope,Current_RMS_slope",1.0,1.0,1.0,90,0,0,3,1.0,0.4557483559474349
temporal,LSTM-Autoencoder,15,1.5,1,group_ablation,T0,9,"AI0_short_RMS,AI1_short_RMS,Current_short_RMS,AI0_AI1_RMS_diff,AI0_current_residual,AI1_current_residual,AI0_RMS_slope,AI1_RMS_slope,Current_RMS_slope",1.0,1.0,1.0,90,0,0,3,1.0,0.8768558464944363
temporal,1D-CNN,15,1.5,1,group_ablation,T0,9,"AI0_short_RMS,AI1_short_RMS,Current_short_RMS,AI0_AI1_RMS_diff,AI0_current_residual,AI1_current_residual,AI0_RMS_slope,AI1_RMS_slope,Current_RMS_slope",1.0,0.6666666666666666,0.8,90,0,1,2,1.0,0.435256983153522
temporal,LSTM-Autoencoder,15,1.5,1,group_ablation,T1,9,"AI0_Vibration,AI1_Vibration,AI2_Current,AI0_AI1_RMS_diff,AI0_current_residual,AI1_current_residual,AI0_RMS_slope,AI1_RMS_slope,Current_RMS_slope",1.0,1.0,1.0,90,0,0,3,1.0,0.6739586750045419
temporal,1D-CNN,15,1.5,1,group_ablation,T1,9,"AI0_Vibration,AI1_Vibration,AI2_Current,AI0_AI1_RMS_diff,AI0_current_residual,AI1_current_residual,AI0_RMS_slope,AI1_RMS_slope,Current_RMS_slope",1.0,1.0,1.0,90,0,0,3,1.0,0.3929924061521888
temporal,LSTM-Autoencoder,15,1.5,1,group_ablation,T2,9,"AI0_Vibration,AI1_Vibration,AI2_Current,AI0_short_RMS,AI1_short_RMS,Current_short_RMS,AI0_RMS_slope,AI1_RMS_slope,Current_RMS_slope",1.0,1.0,1.0,90,0,0,3,1.0,0.6679866574704647
temporal,1D-CNN,15,1.5,1,group_ablation,T2,9,"AI0_Vibration,AI1_Vibration,AI2_Current,AI0_short_RMS,AI1_short_RMS,Current_short_RMS,AI0_RMS_slope,AI1_RMS_slope,Current_RMS_slope",1.0,1.0,1.0,90,0,0,3,1.0,0.5000838171690702
temporal,LSTM-Autoencoder,15,1.5,1,group_ablation,T3,9,"AI0_Vibration,AI1_Vibration,AI2_Current,AI0_short_RMS,AI1_short_RMS,Current_short_RMS,AI0_AI1_RMS_diff,AI0_current_residual,AI1_current_residual",1.0,1.0,1.0,90,0,0,3,1.0,0.6801710305735469
temporal,1D-CNN,15,1.5,1,group_ablation,T3,9,"AI0_Vibration,AI1_Vibration,AI2_Current,AI0_short_RMS,AI1_short_RMS,Current_short_RMS,AI0_AI1_RMS_diff,AI0_current_residual,AI1_current_residual",1.0,1.0,1.0,90,0,0,3,1.0,0.39594544284045696
tabular,LightGBM,20,2.0,1,full,none,19,"AI0_RMS,AI1_RMS,AI0_AI1_RMS_diff,AI0_AI1_RMS_ratio,AI0_AI1_corr,Current_RMS,Current_RMS_to_AI0_RMS_ratio,Current_RMS_to_AI1_RMS_ratio,AI0_current_residual,AI1_current_residual,AI0_RMS_slope,AI1_RMS_slope,Current_RMS_slope,dCurrent_RMS_x_dAI0_RMS,dCurrent_RMS_x_dAI1_RMS,AI0_kurtosis,AI1_kurtosis,AI0_crest_factor,AI1_crest_factor",1.0,0.6666666666666666,0.8,90,0,1,2,1.0,0.03394102677702904
tabular,XGBoost,20,2.0,1,full,none,19,"AI0_RMS,AI1_RMS,AI0_AI1_RMS_diff,AI0_AI1_RMS_ratio,AI0_AI1_corr,Current_RMS,Current_RMS_to_AI0_RMS_ratio,Current_RMS_to_AI1_RMS_ratio,AI0_current_residual,AI1_current_residual,AI0_RMS_slope,AI1_RMS_slope,Current_RMS_slope,dCurrent_RMS_x_dAI0_RMS,dCurrent_RMS_x_dAI1_RMS,AI0_kurtosis,AI1_kurtosis,AI0_crest_factor,AI1_crest_factor",1.0,1.0,1.0,90,0,0,3,1.0,0.035280981101095676
tabular,Logistic Regression,20,2.0,1,full,none,19,"AI0_RMS,AI1_RMS,AI0_AI1_RMS_diff,AI0_AI1_RMS_ratio,AI0_AI1_corr,Current_RMS,Current_RMS_to_AI0_RMS_ratio,Current_RMS_to_AI1_RMS_ratio,AI0_current_residual,AI1_current_residual,AI0_RMS_slope,AI1_RMS_slope,Current_RMS_slope,dCurrent_RMS_x_dAI0_RMS,dCurrent_RMS_x_dAI1_RMS,AI0_kurtosis,AI1_kurtosis,AI0_crest_factor,AI1_crest_factor",1.0,1.0,1.0,90,0,0,3,1.0,0.0070700375363230705
tabular,One-Class SVM,20,2.0,1,full,none,19,"AI0_RMS,AI1_RMS,AI0_AI1_RMS_diff,AI0_AI1_RMS_ratio,AI0_AI1_corr,Current_RMS,Current_RMS_to_AI0_RMS_ratio,Current_RMS_to_AI1_RMS_ratio,AI0_current_residual,AI1_current_residual,AI0_RMS_slope,AI1_RMS_slope,Current_RMS_slope,dCurrent_RMS_x_dAI0_RMS,dCurrent_RMS_x_dAI1_RMS,AI0_kurtosis,AI1_kurtosis,AI0_crest_factor,AI1_crest_factor",1.0,1.0,1.0,90,0,0,3,1.0,0.009049221873283386
tabular,Mahalanobis distance,20,2.0,1,full,none,19,"AI0_RMS,AI1_RMS,AI0_AI1_RMS_diff,AI0_AI1_RMS_ratio,AI0_AI1_corr,Current_RMS,Current_RMS_to_AI0_RMS_ratio,Current_RMS_to_AI1_RMS_ratio,AI0_current_residual,AI1_current_residual,AI0_RMS_slope,AI1_RMS_slope,Current_RMS_slope,dCurrent_RMS_x_dAI0_RMS,dCurrent_RMS_x_dAI1_RMS,AI0_kurtosis,AI1_kurtosis,AI0_crest_factor,AI1_crest_factor",1.0,1.0,1.0,90,0,0,3,1.0,0.0019884537905454636
tabular,Isolation Forest,20,2.0,1,full,none,19,"AI0_RMS,AI1_RMS,AI0_AI1_RMS_diff,AI0_AI1_RMS_ratio,AI0_AI1_corr,Current_RMS,Current_RMS_to_AI0_RMS_ratio,Current_RMS_to_AI1_RMS_ratio,AI0_current_residual,AI1_current_residual,AI0_RMS_slope,AI1_RMS_slope,Current_RMS_slope,dCurrent_RMS_x_dAI0_RMS,dCurrent_RMS_x_dAI1_RMS,AI0_kurtosis,AI1_kurtosis,AI0_crest_factor,AI1_crest_factor",1.0,1.0,1.0,90,0,0,3,1.0,0.7902137618511915
tabular,PCA reconstruction,20,2.0,1,full,none,19,"AI0_RMS,AI1_RMS,AI0_AI1_RMS_diff,AI0_AI1_RMS_ratio,AI0_AI1_corr,Current_RMS,Current_RMS_to_AI0_RMS_ratio,Current_RMS_to_AI1_RMS_ratio,AI0_current_residual,AI1_current_residual,AI0_RMS_slope,AI1_RMS_slope,Current_RMS_slope,dCurrent_RMS_x_dAI0_RMS,dCurrent_RMS_x_dAI1_RMS,AI0_kurtosis,AI1_kurtosis,AI0_crest_factor,AI1_crest_factor",1.0,1.0,1.0,90,0,0,3,1.0,0.00229520071297884
tabular,LightGBM,20,2.0,1,group_ablation,G1,17,"AI0_AI1_RMS_diff,AI0_AI1_RMS_ratio,AI0_AI1_corr,Current_RMS,Current_RMS_to_AI0_RMS_ratio,Current_RMS_to_AI1_RMS_ratio,AI0_current_residual,AI1_current_residual,AI0_RMS_slope,AI1_RMS_slope,Current_RMS_slope,dCurrent_RMS_x_dAI0_RMS,dCurrent_RMS_x_dAI1_RMS,AI0_kurtosis,AI1_kurtosis,AI0_crest_factor,AI1_crest_factor",1.0,1.0,1.0,90,0,0,3,1.0,0.04196919500827789
tabular,XGBoost,20,2.0,1,group_ablation,G1,17,"AI0_AI1_RMS_diff,AI0_AI1_RMS_ratio,AI0_AI1_corr,Current_RMS,Current_RMS_to_AI0_RMS_ratio,Current_RMS_to_AI1_RMS_ratio,AI0_current_residual,AI1_current_residual,AI0_RMS_slope,AI1_RMS_slope,Current_RMS_slope,dCurrent_RMS_x_dAI0_RMS,dCurrent_RMS_x_dAI1_RMS,AI0_kurtosis,AI1_kurtosis,AI0_crest_factor,AI1_crest_factor",1.0,1.0,1.0,90,0,0,3,1.0,0.03993675857782364
tabular,Logistic Regression,20,2.0,1,group_ablation,G1,17,"AI0_AI1_RMS_diff,AI0_AI1_RMS_ratio,AI0_AI1_corr,Current_RMS,Current_RMS_to_AI0_RMS_ratio,Current_RMS_to_AI1_RMS_ratio,AI0_current_residual,AI1_current_residual,AI0_RMS_slope,AI1_RMS_slope,Current_RMS_slope,dCurrent_RMS_x_dAI0_RMS,dCurrent_RMS_x_dAI1_RMS,AI0_kurtosis,AI1_kurtosis,AI0_crest_factor,AI1_crest_factor",1.0,1.0,1.0,90,0,0,3,1.0,0.006807137280702591
tabular,One-Class SVM,20,2.0,1,group_ablation,G1,17,"AI0_AI1_RMS_diff,AI0_AI1_RMS_ratio,AI0_AI1_corr,Current_RMS,Current_RMS_to_AI0_RMS_ratio,Current_RMS_to_AI1_RMS_ratio,AI0_current_residual,AI1_current_residual,AI0_RMS_slope,AI1_RMS_slope,Current_RMS_slope,dCurrent_RMS_x_dAI0_RMS,dCurrent_RMS_x_dAI1_RMS,AI0_kurtosis,AI1_kurtosis,AI0_crest_factor,AI1_crest_factor",1.0,1.0,1.0,90,0,0,3,1.0,0.008840583264827728
tabular,Mahalanobis distance,20,2.0,1,group_ablation,G1,17,"AI0_AI1_RMS_diff,AI0_AI1_RMS_ratio,AI0_AI1_corr,Current_RMS,Current_RMS_to_AI0_RMS_ratio,Current_RMS_to_AI1_RMS_ratio,AI0_current_residual,AI1_current_residual,AI0_RMS_slope,AI1_RMS_slope,Current_RMS_slope,dCurrent_RMS_x_dAI0_RMS,dCurrent_RMS_x_dAI1_RMS,AI0_kurtosis,AI1_kurtosis,AI0_crest_factor,AI1_crest_factor",1.0,1.0,1.0,90,0,0,3,1.0,0.0017917314544320107
tabular,Isolation Forest,20,2.0,1,group_ablation,G1,17,"AI0_AI1_RMS_diff,AI0_AI1_RMS_ratio,AI0_AI1_corr,Current_RMS,Current_RMS_to_AI0_RMS_ratio,Current_RMS_to_AI1_RMS_ratio,AI0_current_residual,AI1_current_residual,AI0_RMS_slope,AI1_RMS_slope,Current_RMS_slope,dCurrent_RMS_x_dAI0_RMS,dCurrent_RMS_x_dAI1_RMS,AI0_kurtosis,AI1_kurtosis,AI0_crest_factor,AI1_crest_factor",1.0,0.6666666666666666,0.8,90,0,1,2,1.0,0.8026280058547854
tabular,PCA reconstruction,20,2.0,1,group_ablation,G1,17,"AI0_AI1_RMS_diff,AI0_AI1_RMS_ratio,AI0_AI1_corr,Current_RMS,Current_RMS_to_AI0_RMS_ratio,Current_RMS_to_AI1_RMS_ratio,AI0_current_residual,AI1_current_residual,AI0_RMS_slope,AI1_RMS_slope,Current_RMS_slope,dCurrent_RMS_x_dAI0_RMS,dCurrent_RMS_x_dAI1_RMS,AI0_kurtosis,AI1_kurtosis,AI0_crest_factor,AI1_crest_factor",1.0,1.0,1.0,90,0,0,3,1.0,0.0021936995908617973
tabular,LightGBM,20,2.0,1,group_ablation,G2,16,"AI0_RMS,AI1_RMS,Current_RMS,Current_RMS_to_AI0_RMS_ratio,Current_RMS_to_AI1_RMS_ratio,AI0_current_residual,AI1_current_residual,AI0_RMS_slope,AI1_RMS_slope,Current_RMS_slope,dCurrent_RMS_x_dAI0_RMS,dCurrent_RMS_x_dAI1_RMS,AI0_kurtosis,AI1_kurtosis,AI0_crest_factor,AI1_crest_factor",0.75,1.0,0.8571428571428571,89,1,0,3,1.0,0.03168666362762451
tabular,XGBoost,20,2.0,1,group_ablation,G2,16,"AI0_RMS,AI1_RMS,Current_RMS,Current_RMS_to_AI0_RMS_ratio,Current_RMS_to_AI1_RMS_ratio,AI0_current_residual,AI1_current_residual,AI0_RMS_slope,AI1_RMS_slope,Current_RMS_slope,dCurrent_RMS_x_dAI0_RMS,dCurrent_RMS_x_dAI1_RMS,AI0_kurtosis,AI1_kurtosis,AI0_crest_factor,AI1_crest_factor",1.0,1.0,1.0,90,0,0,3,1.0,0.03970893006771803
tabular,Logistic Regression,20,2.0,1,group_ablation,G2,16,"AI0_RMS,AI1_RMS,Current_RMS,Current_RMS_to_AI0_RMS_ratio,Current_RMS_to_AI1_RMS_ratio,AI0_current_residual,AI1_current_residual,AI0_RMS_slope,AI1_RMS_slope,Current_RMS_slope,dCurrent_RMS_x_dAI0_RMS,dCurrent_RMS_x_dAI1_RMS,AI0_kurtosis,AI1_kurtosis,AI0_crest_factor,AI1_crest_factor",1.0,1.0,1.0,90,0,0,3,1.0,0.007433624006807804
tabular,One-Class SVM,20,2.0,1,group_ablation,G2,16,"AI0_RMS,AI1_RMS,Current_RMS,Current_RMS_to_AI0_RMS_ratio,Current_RMS_to_AI1_RMS_ratio,AI0_current_residual,AI1_current_residual,AI0_RMS_slope,AI1_RMS_slope,Current_RMS_slope,dCurrent_RMS_x_dAI0_RMS,dCurrent_RMS_x_dAI1_RMS,AI0_kurtosis,AI1_kurtosis,AI0_crest_factor,AI1_crest_factor",1.0,1.0,1.0,90,0,0,3,1.0,0.008524524979293346
tabular,Mahalanobis distance,20,2.0,1,group_ablation,G2,16,"AI0_RMS,AI1_RMS,Current_RMS,Current_RMS_to_AI0_RMS_ratio,Current_RMS_to_AI1_RMS_ratio,AI0_current_residual,AI1_current_residual,AI0_RMS_slope,AI1_RMS_slope,Current_RMS_slope,dCurrent_RMS_x_dAI0_RMS,dCurrent_RMS_x_dAI1_RMS,AI0_kurtosis,AI1_kurtosis,AI0_crest_factor,AI1_crest_factor",1.0,1.0,1.0,90,0,0,3,1.0,0.0018342705443501472
tabular,Isolation Forest,20,2.0,1,group_ablation,G2,16,"AI0_RMS,AI1_RMS,Current_RMS,Current_RMS_to_AI0_RMS_ratio,Current_RMS_to_AI1_RMS_ratio,AI0_current_residual,AI1_current_residual,AI0_RMS_slope,AI1_RMS_slope,Current_RMS_slope,dCurrent_RMS_x_dAI0_RMS,dCurrent_RMS_x_dAI1_RMS,AI0_kurtosis,AI1_kurtosis,AI0_crest_factor,AI1_crest_factor",1.0,1.0,1.0,90,0,0,3,1.0,0.8152219401672482
tabular,PCA reconstruction,20,2.0,1,group_ablation,G2,16,"AI0_RMS,AI1_RMS,Current_RMS,Current_RMS_to_AI0_RMS_ratio,Current_RMS_to_AI1_RMS_ratio,AI0_current_residual,AI1_current_residual,AI0_RMS_slope,AI1_RMS_slope,Current_RMS_slope,dCurrent_RMS_x_dAI0_RMS,dCurrent_RMS_x_dAI1_RMS,AI0_kurtosis,AI1_kurtosis,AI0_crest_factor,AI1_crest_factor",1.0,1.0,1.0,90,0,0,3,1.0,0.002145840786397457
tabular,LightGBM,20,2.0,1,group_ablation,G3,14,"AI0_RMS,AI1_RMS,AI0_AI1_RMS_diff,AI0_AI1_RMS_ratio,AI0_AI1_corr,AI0_RMS_slope,AI1_RMS_slope,Current_RMS_slope,dCurrent_RMS_x_dAI0_RMS,dCurrent_RMS_x_dAI1_RMS,AI0_kurtosis,AI1_kurtosis,AI0_crest_factor,AI1_crest_factor",1.0,1.0,1.0,90,0,0,3,1.0,0.03886856697499752
tabular,XGBoost,20,2.0,1,group_ablation,G3,14,"AI0_RMS,AI1_RMS,AI0_AI1_RMS_diff,AI0_AI1_RMS_ratio,AI0_AI1_corr,AI0_RMS_slope,AI1_RMS_slope,Current_RMS_slope,dCurrent_RMS_x_dAI0_RMS,dCurrent_RMS_x_dAI1_RMS,AI0_kurtosis,AI1_kurtosis,AI0_crest_factor,AI1_crest_factor",1.0,0.3333333333333333,0.5,90,0,2,1,1.0,0.033736600540578365
tabular,Logistic Regression,20,2.0,1,group_ablation,G3,14,"AI0_RMS,AI1_RMS,AI0_AI1_RMS_diff,AI0_AI1_RMS_ratio,AI0_AI1_corr,AI0_RMS_slope,AI1_RMS_slope,Current_RMS_slope,dCurrent_RMS_x_dAI0_RMS,dCurrent_RMS_x_dAI1_RMS,AI0_kurtosis,AI1_kurtosis,AI0_crest_factor,AI1_crest_factor",1.0,1.0,1.0,90,0,0,3,1.0,0.008766526356339455
tabular,One-Class SVM,20,2.0,1,group_ablation,G3,14,"AI0_RMS,AI1_RMS,AI0_AI1_RMS_diff,AI0_AI1_RMS_ratio,AI0_AI1_corr,AI0_RMS_slope,AI1_RMS_slope,Current_RMS_slope,dCurrent_RMS_x_dAI0_RMS,dCurrent_RMS_x_dAI1_RMS,AI0_kurtosis,AI1_kurtosis,AI0_crest_factor,AI1_crest_factor",1.0,1.0,1.0,90,0,0,3,1.0,0.010499122552573681
tabular,Mahalanobis distance,20,2.0,1,group_ablation,G3,14,"AI0_RMS,AI1_RMS,AI0_AI1_RMS_diff,AI0_AI1_RMS_ratio,AI0_AI1_corr,AI0_RMS_slope,AI1_RMS_slope,Current_RMS_slope,dCurrent_RMS_x_dAI0_RMS,dCurrent_RMS_x_dAI1_RMS,AI0_kurtosis,AI1_kurtosis,AI0_crest_factor,AI1_crest_factor",1.0,1.0,1.0,90,0,0,3,1.0,0.0017922976985573769
tabular,Isolation Forest,20,2.0,1,group_ablation,G3,14,"AI0_RMS,AI1_RMS,AI0_AI1_RMS_diff,AI0_AI1_RMS_ratio,AI0_AI1_corr,AI0_RMS_slope,AI1_RMS_slope,Current_RMS_slope,dCurrent_RMS_x_dAI0_RMS,dCurrent_RMS_x_dAI1_RMS,AI0_kurtosis,AI1_kurtosis,AI0_crest_factor,AI1_crest_factor",1.0,1.0,1.0,90,0,0,3,1.0,0.7993111107498407
tabular,PCA reconstruction,20,2.0,1,group_ablation,G3,14,"AI0_RMS,AI1_RMS,AI0_AI1_RMS_diff,AI0_AI1_RMS_ratio,AI0_AI1_corr,AI0_RMS_slope,AI1_RMS_slope,Current_RMS_slope,dCurrent_RMS_x_dAI0_RMS,dCurrent_RMS_x_dAI1_RMS,AI0_kurtosis,AI1_kurtosis,AI0_crest_factor,AI1_crest_factor",1.0,1.0,1.0,90,0,0,3,1.0,0.0017768610268831253
tabular,LightGBM,20,2.0,1,group_ablation,G4,14,"AI0_RMS,AI1_RMS,AI0_AI1_RMS_diff,AI0_AI1_RMS_ratio,AI0_AI1_corr,Current_RMS,Current_RMS_to_AI0_RMS_ratio,Current_RMS_to_AI1_RMS_ratio,AI0_current_residual,AI1_current_residual,AI0_kurtosis,AI1_kurtosis,AI0_crest_factor,AI1_crest_factor",1.0,0.6666666666666666,0.8,90,0,1,2,1.0,0.03939465340226889
tabular,XGBoost,20,2.0,1,group_ablation,G4,14,"AI0_RMS,AI1_RMS,AI0_AI1_RMS_diff,AI0_AI1_RMS_ratio,AI0_AI1_corr,Current_RMS,Current_RMS_to_AI0_RMS_ratio,Current_RMS_to_AI1_RMS_ratio,AI0_current_residual,AI1_current_residual,AI0_kurtosis,AI1_kurtosis,AI0_crest_factor,AI1_crest_factor",1.0,1.0,1.0,90,0,0,3,1.0,0.04316615033894777
tabular,Logistic Regression,20,2.0,1,group_ablation,G4,14,"AI0_RMS,AI1_RMS,AI0_AI1_RMS_diff,AI0_AI1_RMS_ratio,AI0_AI1_corr,Current_RMS,Current_RMS_to_AI0_RMS_ratio,Current_RMS_to_AI1_RMS_ratio,AI0_current_residual,AI1_current_residual,AI0_kurtosis,AI1_kurtosis,AI0_crest_factor,AI1_crest_factor",1.0,1.0,1.0,90,0,0,3,1.0,0.006105833686888218
tabular,One-Class SVM,20,2.0,1,group_ablation,G4,14,"AI0_RMS,AI1_RMS,AI0_AI1_RMS_diff,AI0_AI1_RMS_ratio,AI0_AI1_corr,Current_RMS,Current_RMS_to_AI0_RMS_ratio,Current_RMS_to_AI1_RMS_ratio,AI0_current_residual,AI1_current_residual,AI0_kurtosis,AI1_kurtosis,AI0_crest_factor,AI1_crest_factor",1.0,1.0,1.0,90,0,0,3,1.0,0.00980290211737156
tabular,Mahalanobis distance,20,2.0,1,group_ablation,G4,14,"AI0_RMS,AI1_RMS,AI0_AI1_RMS_diff,AI0_AI1_RMS_ratio,AI0_AI1_corr,Current_RMS,Current_RMS_to_AI0_RMS_ratio,Current_RMS_to_AI1_RMS_ratio,AI0_current_residual,AI1_current_residual,AI0_kurtosis,AI1_kurtosis,AI0_crest_factor,AI1_crest_factor",1.0,1.0,1.0,90,0,0,3,1.0,0.0018386291339993477
tabular,Isolation Forest,20,2.0,1,group_ablation,G4,14,"AI0_RMS,AI1_RMS,AI0_AI1_RMS_diff,AI0_AI1_RMS_ratio,AI0_AI1_corr,Current_RMS,Current_RMS_to_AI0_RMS_ratio,Current_RMS_to_AI1_RMS_ratio,AI0_current_residual,AI1_current_residual,AI0_kurtosis,AI1_kurtosis,AI0_crest_factor,AI1_crest_factor",1.0,1.0,1.0,90,0,0,3,1.0,0.8437063358724117
tabular,PCA reconstruction,20,2.0,1,group_ablation,G4,14,"AI0_RMS,AI1_RMS,AI0_AI1_RMS_diff,AI0_AI1_RMS_ratio,AI0_AI1_corr,Current_RMS,Current_RMS_to_AI0_RMS_ratio,Current_RMS_to_AI1_RMS_ratio,AI0_current_residual,AI1_current_residual,AI0_kurtosis,AI1_kurtosis,AI0_crest_factor,AI1_crest_factor",1.0,1.0,1.0,90,0,0,3,1.0,0.0020029982551932335
tabular,LightGBM,20,2.0,1,group_ablation,G5,15,"AI0_RMS,AI1_RMS,AI0_AI1_RMS_diff,AI0_AI1_RMS_ratio,AI0_AI1_corr,Current_RMS,Current_RMS_to_AI0_RMS_ratio,Current_RMS_to_AI1_RMS_ratio,AI0_current_residual,AI1_current_residual,AI0_RMS_slope,AI1_RMS_slope,Current_RMS_slope,dCurrent_RMS_x_dAI0_RMS,dCurrent_RMS_x_dAI1_RMS",1.0,0.6666666666666666,0.8,90,0,1,2,1.0,0.03778962418437004
tabular,XGBoost,20,2.0,1,group_ablation,G5,15,"AI0_RMS,AI1_RMS,AI0_AI1_RMS_diff,AI0_AI1_RMS_ratio,AI0_AI1_corr,Current_RMS,Current_RMS_to_AI0_RMS_ratio,Current_RMS_to_AI1_RMS_ratio,AI0_current_residual,AI1_current_residual,AI0_RMS_slope,AI1_RMS_slope,Current_RMS_slope,dCurrent_RMS_x_dAI0_RMS,dCurrent_RMS_x_dAI1_RMS",1.0,1.0,1.0,90,0,0,3,1.0,0.03778060898184776
tabular,Logistic Regression,20,2.0,1,group_ablation,G5,15,"AI0_RMS,AI1_RMS,AI0_AI1_RMS_diff,AI0_AI1_RMS_ratio,AI0_AI1_corr,Current_RMS,Current_RMS_to_AI0_RMS_ratio,Current_RMS_to_AI1_RMS_ratio,AI0_current_residual,AI1_current_residual,AI0_RMS_slope,AI1_RMS_slope,Current_RMS_slope,dCurrent_RMS_x_dAI0_RMS,dCurrent_RMS_x_dAI1_RMS",1.0,0.3333333333333333,0.5,90,0,2,1,1.0,0.008232519030570984
tabular,One-Class SVM,20,2.0,1,group_ablation,G5,15,"AI0_RMS,AI1_RMS,AI0_AI1_RMS_diff,AI0_AI1_RMS_ratio,AI0_AI1_corr,Current_RMS,Current_RMS_to_AI0_RMS_ratio,Current_RMS_to_AI1_RMS_ratio,AI0_current_residual,AI1_current_residual,AI0_RMS_slope,AI1_RMS_slope,Current_RMS_slope,dCurrent_RMS_x_dAI0_RMS,dCurrent_RMS_x_dAI1_RMS",0.75,1.0,0.8571428571428571,89,1,0,3,1.0,0.008544017560780048
tabular,Mahalanobis distance,20,2.0,1,group_ablation,G5,15,"AI0_RMS,AI1_RMS,AI0_AI1_RMS_diff,AI0_AI1_RMS_ratio,AI0_AI1_corr,Current_RMS,Current_RMS_to_AI0_RMS_ratio,Current_RMS_to_AI1_RMS_ratio,AI0_current_residual,AI1_current_residual,AI0_RMS_slope,AI1_RMS_slope,Current_RMS_slope,dCurrent_RMS_x_dAI0_RMS,dCurrent_RMS_x_dAI1_RMS",1.0,1.0,1.0,90,0,0,3,1.0,0.0017833830788731575
tabular,Isolation Forest,20,2.0,1,group_ablation,G5,15,"AI0_RMS,AI1_RMS,AI0_AI1_RMS_diff,AI0_AI1_RMS_ratio,AI0_AI1_corr,Current_RMS,Current_RMS_to_AI0_RMS_ratio,Current_RMS_to_AI1_RMS_ratio,AI0_current_residual,AI1_current_residual,AI0_RMS_slope,AI1_RMS_slope,Current_RMS_slope,dCurrent_RMS_x_dAI0_RMS,dCurrent_RMS_x_dAI1_RMS",1.0,0.6666666666666666,0.8,90,0,1,2,1.0,0.8474768474698067
tabular,PCA reconstruction,20,2.0,1,group_ablation,G5,15,"AI0_RMS,AI1_RMS,AI0_AI1_RMS_diff,AI0_AI1_RMS_ratio,AI0_AI1_corr,Current_RMS,Current_RMS_to_AI0_RMS_ratio,Current_RMS_to_AI1_RMS_ratio,AI0_current_residual,AI1_current_residual,AI0_RMS_slope,AI1_RMS_slope,Current_RMS_slope,dCurrent_RMS_x_dAI0_RMS,dCurrent_RMS_x_dAI1_RMS",1.0,0.6666666666666666,0.8,90,0,1,2,1.0,0.0018441081047058105
temporal,LSTM-Autoencoder,20,2.0,1,full,none,12,"AI0_Vibration,AI1_Vibration,AI2_Current,AI0_short_RMS,AI1_short_RMS,Current_short_RMS,AI0_AI1_RMS_diff,AI0_current_residual,AI1_current_residual,AI0_RMS_slope,AI1_RMS_slope,Current_RMS_slope",1.0,1.0,1.0,90,0,0,3,1.0,0.5453078793361783
temporal,1D-CNN,20,2.0,1,full,none,12,"AI0_Vibration,AI1_Vibration,AI2_Current,AI0_short_RMS,AI1_short_RMS,Current_short_RMS,AI0_AI1_RMS_diff,AI0_current_residual,AI1_current_residual,AI0_RMS_slope,AI1_RMS_slope,Current_RMS_slope",1.0,1.0,1.0,90,0,0,3,1.0,0.3001443324610591
temporal,LSTM-Autoencoder,20,2.0,1,group_ablation,T0,9,"AI0_short_RMS,AI1_short_RMS,Current_short_RMS,AI0_AI1_RMS_diff,AI0_current_residual,AI1_current_residual,AI0_RMS_slope,AI1_RMS_slope,Current_RMS_slope",1.0,1.0,1.0,90,0,0,3,1.0,0.5665120864287019
temporal,1D-CNN,20,2.0,1,group_ablation,T0,9,"AI0_short_RMS,AI1_short_RMS,Current_short_RMS,AI0_AI1_RMS_diff,AI0_current_residual,AI1_current_residual,AI0_RMS_slope,AI1_RMS_slope,Current_RMS_slope",1.0,0.6666666666666666,0.8,90,0,1,2,1.0,0.20933867804706097
temporal,LSTM-Autoencoder,20,2.0,1,group_ablation,T1,9,"AI0_Vibration,AI1_Vibration,AI2_Current,AI0_AI1_RMS_diff,AI0_current_residual,AI1_current_residual,AI0_RMS_slope,AI1_RMS_slope,Current_RMS_slope",1.0,1.0,1.0,90,0,0,3,1.0,0.6146675888448954
temporal,1D-CNN,20,2.0,1,group_ablation,T1,9,"AI0_Vibration,AI1_Vibration,AI2_Current,AI0_AI1_RMS_diff,AI0_current_residual,AI1_current_residual,AI0_RMS_slope,AI1_RMS_slope,Current_RMS_slope",1.0,1.0,1.0,90,0,0,3,1.0,0.3116361182183027
temporal,LSTM-Autoencoder,20,2.0,1,group_ablation,T2,9,"AI0_Vibration,AI1_Vibration,AI2_Current,AI0_short_RMS,AI1_short_RMS,Current_short_RMS,AI0_RMS_slope,AI1_RMS_slope,Current_RMS_slope",1.0,1.0,1.0,90,0,0,3,1.0,0.5825838400050998
temporal,1D-CNN,20,2.0,1,group_ablation,T2,9,"AI0_Vibration,AI1_Vibration,AI2_Current,AI0_short_RMS,AI1_short_RMS,Current_short_RMS,AI0_RMS_slope,AI1_RMS_slope,Current_RMS_slope",1.0,1.0,1.0,90,0,0,3,1.0,0.2920732703059912
temporal,LSTM-Autoencoder,20,2.0,1,group_ablation,T3,9,"AI0_Vibration,AI1_Vibration,AI2_Current,AI0_short_RMS,AI1_short_RMS,Current_short_RMS,AI0_AI1_RMS_diff,AI0_current_residual,AI1_current_residual",1.0,1.0,1.0,90,0,0,3,1.0,0.5210650637745857
temporal,1D-CNN,20,2.0,1,group_ablation,T3,9,"AI0_Vibration,AI1_Vibration,AI2_Current,AI0_short_RMS,AI1_short_RMS,Current_short_RMS,AI0_AI1_RMS_diff,AI0_current_residual,AI1_current_residual",1.0,1.0,1.0,90,0,0,3,1.0,0.29079904593527317
tabular,LightGBM,5,0.5,2,full,none,19,"AI0_RMS,AI1_RMS,AI0_AI1_RMS_diff,AI0_AI1_RMS_ratio,AI0_AI1_corr,Current_RMS,Current_RMS_to_AI0_RMS_ratio,Current_RMS_to_AI1_RMS_ratio,AI0_current_residual,AI1_current_residual,AI0_RMS_slope,AI1_RMS_slope,Current_RMS_slope,dCurrent_RMS_x_dAI0_RMS,dCurrent_RMS_x_dAI1_RMS,AI0_kurtosis,AI1_kurtosis,AI0_crest_factor,AI1_crest_factor",0.0,0.0,0.0,90,0,3,0,1.0,0.057414134964346886
tabular,XGBoost,5,0.5,2,full,none,19,"AI0_RMS,AI1_RMS,AI0_AI1_RMS_diff,AI0_AI1_RMS_ratio,AI0_AI1_corr,Current_RMS,Current_RMS_to_AI0_RMS_ratio,Current_RMS_to_AI1_RMS_ratio,AI0_current_residual,AI1_current_residual,AI0_RMS_slope,AI1_RMS_slope,Current_RMS_slope,dCurrent_RMS_x_dAI0_RMS,dCurrent_RMS_x_dAI1_RMS,AI0_kurtosis,AI1_kurtosis,AI0_crest_factor,AI1_crest_factor",1.0,0.3333333333333333,0.5,90,0,2,1,1.0,0.05325254797935486
tabular,Logistic Regression,5,0.5,2,full,none,19,"AI0_RMS,AI1_RMS,AI0_AI1_RMS_diff,AI0_AI1_RMS_ratio,AI0_AI1_corr,Current_RMS,Current_RMS_to_AI0_RMS_ratio,Current_RMS_to_AI1_RMS_ratio,AI0_current_residual,AI1_current_residual,AI0_RMS_slope,AI1_RMS_slope,Current_RMS_slope,dCurrent_RMS_x_dAI0_RMS,dCurrent_RMS_x_dAI1_RMS,AI0_kurtosis,AI1_kurtosis,AI0_crest_factor,AI1_crest_factor",1.0,0.6666666666666666,0.8,90,0,1,2,1.0,0.008465836755931377
tabular,One-Class SVM,5,0.5,2,full,none,19,"AI0_RMS,AI1_RMS,AI0_AI1_RMS_diff,AI0_AI1_RMS_ratio,AI0_AI1_corr,Current_RMS,Current_RMS_to_AI0_RMS_ratio,Current_RMS_to_AI1_RMS_ratio,AI0_current_residual,AI1_current_residual,AI0_RMS_slope,AI1_RMS_slope,Current_RMS_slope,dCurrent_RMS_x_dAI0_RMS,dCurrent_RMS_x_dAI1_RMS,AI0_kurtosis,AI1_kurtosis,AI0_crest_factor,AI1_crest_factor",1.0,0.6666666666666666,0.8,90,0,1,2,1.0,0.05355958640575409
tabular,Mahalanobis distance,5,0.5,2,full,none,19,"AI0_RMS,AI1_RMS,AI0_AI1_RMS_diff,AI0_AI1_RMS_ratio,AI0_AI1_corr,Current_RMS,Current_RMS_to_AI0_RMS_ratio,Current_RMS_to_AI1_RMS_ratio,AI0_current_residual,AI1_current_residual,AI0_RMS_slope,AI1_RMS_slope,Current_RMS_slope,dCurrent_RMS_x_dAI0_RMS,dCurrent_RMS_x_dAI1_RMS,AI0_kurtosis,AI1_kurtosis,AI0_crest_factor,AI1_crest_factor",1.0,1.0,1.0,90,0,0,3,1.0,0.0027617812156677246
tabular,Isolation Forest,5,0.5,2,full,none,19,"AI0_RMS,AI1_RMS,AI0_AI1_RMS_diff,AI0_AI1_RMS_ratio,AI0_AI1_corr,Current_RMS,Current_RMS_to_AI0_RMS_ratio,Current_RMS_to_AI1_RMS_ratio,AI0_current_residual,AI1_current_residual,AI0_RMS_slope,AI1_RMS_slope,Current_RMS_slope,dCurrent_RMS_x_dAI0_RMS,dCurrent_RMS_x_dAI1_RMS,AI0_kurtosis,AI1_kurtosis,AI0_crest_factor,AI1_crest_factor",1.0,1.0,1.0,90,0,0,3,1.0,0.8763255756348372
tabular,PCA reconstruction,5,0.5,2,full,none,19,"AI0_RMS,AI1_RMS,AI0_AI1_RMS_diff,AI0_AI1_RMS_ratio,AI0_AI1_corr,Current_RMS,Current_RMS_to_AI0_RMS_ratio,Current_RMS_to_AI1_RMS_ratio,AI0_current_residual,AI1_current_residual,AI0_RMS_slope,AI1_RMS_slope,Current_RMS_slope,dCurrent_RMS_x_dAI0_RMS,dCurrent_RMS_x_dAI1_RMS,AI0_kurtosis,AI1_kurtosis,AI0_crest_factor,AI1_crest_factor",1.0,1.0,1.0,90,0,0,3,1.0,0.0033325375989079475
tabular,LightGBM,5,0.5,2,group_ablation,G1,17,"AI0_AI1_RMS_diff,AI0_AI1_RMS_ratio,AI0_AI1_corr,Current_RMS,Current_RMS_to_AI0_RMS_ratio,Current_RMS_to_AI1_RMS_ratio,AI0_current_residual,AI1_current_residual,AI0_RMS_slope,AI1_RMS_slope,Current_RMS_slope,dCurrent_RMS_x_dAI0_RMS,dCurrent_RMS_x_dAI1_RMS,AI0_kurtosis,AI1_kurtosis,AI0_crest_factor,AI1_crest_factor",1.0,0.3333333333333333,0.5,90,0,2,1,1.0,0.055929490365087986
tabular,XGBoost,5,0.5,2,group_ablation,G1,17,"AI0_AI1_RMS_diff,AI0_AI1_RMS_ratio,AI0_AI1_corr,Current_RMS,Current_RMS_to_AI0_RMS_ratio,Current_RMS_to_AI1_RMS_ratio,AI0_current_residual,AI1_current_residual,AI0_RMS_slope,AI1_RMS_slope,Current_RMS_slope,dCurrent_RMS_x_dAI0_RMS,dCurrent_RMS_x_dAI1_RMS,AI0_kurtosis,AI1_kurtosis,AI0_crest_factor,AI1_crest_factor",1.0,0.6666666666666666,0.8,90,0,1,2,1.0,0.0505785308778286
tabular,Logistic Regression,5,0.5,2,group_ablation,G1,17,"AI0_AI1_RMS_diff,AI0_AI1_RMS_ratio,AI0_AI1_corr,Current_RMS,Current_RMS_to_AI0_RMS_ratio,Current_RMS_to_AI1_RMS_ratio,AI0_current_residual,AI1_current_residual,AI0_RMS_slope,AI1_RMS_slope,Current_RMS_slope,dCurrent_RMS_x_dAI0_RMS,dCurrent_RMS_x_dAI1_RMS,AI0_kurtosis,AI1_kurtosis,AI0_crest_factor,AI1_crest_factor",1.0,0.6666666666666666,0.8,90,0,1,2,1.0,0.008229711093008518
tabular,One-Class SVM,5,0.5,2,group_ablation,G1,17,"AI0_AI1_RMS_diff,AI0_AI1_RMS_ratio,AI0_AI1_corr,Current_RMS,Current_RMS_to_AI0_RMS_ratio,Current_RMS_to_AI1_RMS_ratio,AI0_current_residual,AI1_current_residual,AI0_RMS_slope,AI1_RMS_slope,Current_RMS_slope,dCurrent_RMS_x_dAI0_RMS,dCurrent_RMS_x_dAI1_RMS,AI0_kurtosis,AI1_kurtosis,AI0_crest_factor,AI1_crest_factor",1.0,0.6666666666666666,0.8,90,0,1,2,1.0,0.05679372698068619
tabular,Mahalanobis distance,5,0.5,2,group_ablation,G1,17,"AI0_AI1_RMS_diff,AI0_AI1_RMS_ratio,AI0_AI1_corr,Current_RMS,Current_RMS_to_AI0_RMS_ratio,Current_RMS_to_AI1_RMS_ratio,AI0_current_residual,AI1_current_residual,AI0_RMS_slope,AI1_RMS_slope,Current_RMS_slope,dCurrent_RMS_x_dAI0_RMS,dCurrent_RMS_x_dAI1_RMS,AI0_kurtosis,AI1_kurtosis,AI0_crest_factor,AI1_crest_factor",1.0,1.0,1.0,90,0,0,3,1.0,0.002719985321164131
tabular,Isolation Forest,5,0.5,2,group_ablation,G1,17,"AI0_AI1_RMS_diff,AI0_AI1_RMS_ratio,AI0_AI1_corr,Current_RMS,Current_RMS_to_AI0_RMS_ratio,Current_RMS_to_AI1_RMS_ratio,AI0_current_residual,AI1_current_residual,AI0_RMS_slope,AI1_RMS_slope,Current_RMS_slope,dCurrent_RMS_x_dAI0_RMS,dCurrent_RMS_x_dAI1_RMS,AI0_kurtosis,AI1_kurtosis,AI0_crest_factor,AI1_crest_factor",1.0,1.0,1.0,90,0,0,3,1.0,0.886379336938262
tabular,PCA reconstruction,5,0.5,2,group_ablation,G1,17,"AI0_AI1_RMS_diff,AI0_AI1_RMS_ratio,AI0_AI1_corr,Current_RMS,Current_RMS_to_AI0_RMS_ratio,Current_RMS_to_AI1_RMS_ratio,AI0_current_residual,AI1_current_residual,AI0_RMS_slope,AI1_RMS_slope,Current_RMS_slope,dCurrent_RMS_x_dAI0_RMS,dCurrent_RMS_x_dAI1_RMS,AI0_kurtosis,AI1_kurtosis,AI0_crest_factor,AI1_crest_factor",1.0,1.0,1.0,90,0,0,3,1.0,0.0031239883974194527
tabular,LightGBM,5,0.5,2,group_ablation,G2,16,"AI0_RMS,AI1_RMS,Current_RMS,Current_RMS_to_AI0_RMS_ratio,Current_RMS_to_AI1_RMS_ratio,AI0_current_residual,AI1_current_residual,AI0_RMS_slope,AI1_RMS_slope,Current_RMS_slope,dCurrent_RMS_x_dAI0_RMS,dCurrent_RMS_x_dAI1_RMS,AI0_kurtosis,AI1_kurtosis,AI0_crest_factor,AI1_crest_factor",0.0,0.0,0.0,90,0,3,0,1.0,0.056431093253195286
tabular,XGBoost,5,0.5,2,group_ablation,G2,16,"AI0_RMS,AI1_RMS,Current_RMS,Current_RMS_to_AI0_RMS_ratio,Current_RMS_to_AI1_RMS_ratio,AI0_current_residual,AI1_current_residual,AI0_RMS_slope,AI1_RMS_slope,Current_RMS_slope,dCurrent_RMS_x_dAI0_RMS,dCurrent_RMS_x_dAI1_RMS,AI0_kurtosis,AI1_kurtosis,AI0_crest_factor,AI1_crest_factor",1.0,0.3333333333333333,0.5,90,0,2,1,1.0,0.04784763976931572
tabular,Logistic Regression,5,0.5,2,group_ablation,G2,16,"AI0_RMS,AI1_RMS,Current_RMS,Current_RMS_to_AI0_RMS_ratio,Current_RMS_to_AI1_RMS_ratio,AI0_current_residual,AI1_current_residual,AI0_RMS_slope,AI1_RMS_slope,Current_RMS_slope,dCurrent_RMS_x_dAI0_RMS,dCurrent_RMS_x_dAI1_RMS,AI0_kurtosis,AI1_kurtosis,AI0_crest_factor,AI1_crest_factor",1.0,1.0,1.0,90,0,0,3,1.0,0.008072751574218273
tabular,One-Class SVM,5,0.5,2,group_ablation,G2,16,"AI0_RMS,AI1_RMS,Current_RMS,Current_RMS_to_AI0_RMS_ratio,Current_RMS_to_AI1_RMS_ratio,AI0_current_residual,AI1_current_residual,AI0_RMS_slope,AI1_RMS_slope,Current_RMS_slope,dCurrent_RMS_x_dAI0_RMS,dCurrent_RMS_x_dAI1_RMS,AI0_kurtosis,AI1_kurtosis,AI0_crest_factor,AI1_crest_factor",1.0,0.3333333333333333,0.5,90,0,2,1,1.0,0.05740924272686243
tabular,Mahalanobis distance,5,0.5,2,group_ablation,G2,16,"AI0_RMS,AI1_RMS,Current_RMS,Current_RMS_to_AI0_RMS_ratio,Current_RMS_to_AI1_RMS_ratio,AI0_current_residual,AI1_current_residual,AI0_RMS_slope,AI1_RMS_slope,Current_RMS_slope,dCurrent_RMS_x_dAI0_RMS,dCurrent_RMS_x_dAI1_RMS,AI0_kurtosis,AI1_kurtosis,AI0_crest_factor,AI1_crest_factor",1.0,1.0,1.0,90,0,0,3,1.0,0.0024321088567376137
tabular,Isolation Forest,5,0.5,2,group_ablation,G2,16,"AI0_RMS,AI1_RMS,Current_RMS,Current_RMS_to_AI0_RMS_ratio,Current_RMS_to_AI1_RMS_ratio,AI0_current_residual,AI1_current_residual,AI0_RMS_slope,AI1_RMS_slope,Current_RMS_slope,dCurrent_RMS_x_dAI0_RMS,dCurrent_RMS_x_dAI1_RMS,AI0_kurtosis,AI1_kurtosis,AI0_crest_factor,AI1_crest_factor",0.0,0.0,0.0,90,0,3,0,1.0,0.8839507084339857
tabular,PCA reconstruction,5,0.5,2,group_ablation,G2,16,"AI0_RMS,AI1_RMS,Current_RMS,Current_RMS_to_AI0_RMS_ratio,Current_RMS_to_AI1_RMS_ratio,AI0_current_residual,AI1_current_residual,AI0_RMS_slope,AI1_RMS_slope,Current_RMS_slope,dCurrent_RMS_x_dAI0_RMS,dCurrent_RMS_x_dAI1_RMS,AI0_kurtosis,AI1_kurtosis,AI0_crest_factor,AI1_crest_factor",1.0,1.0,1.0,90,0,0,3,1.0,0.0030077043920755386
tabular,LightGBM,5,0.5,2,group_ablation,G3,14,"AI0_RMS,AI1_RMS,AI0_AI1_RMS_diff,AI0_AI1_RMS_ratio,AI0_AI1_corr,AI0_RMS_slope,AI1_RMS_slope,Current_RMS_slope,dCurrent_RMS_x_dAI0_RMS,dCurrent_RMS_x_dAI1_RMS,AI0_kurtosis,AI1_kurtosis,AI0_crest_factor,AI1_crest_factor",1.0,0.6666666666666666,0.8,90,0,1,2,1.0,0.052676357328891754
tabular,XGBoost,5,0.5,2,group_ablation,G3,14,"AI0_RMS,AI1_RMS,AI0_AI1_RMS_diff,AI0_AI1_RMS_ratio,AI0_AI1_corr,AI0_RMS_slope,AI1_RMS_slope,Current_RMS_slope,dCurrent_RMS_x_dAI0_RMS,dCurrent_RMS_x_dAI1_RMS,AI0_kurtosis,AI1_kurtosis,AI0_crest_factor,AI1_crest_factor",1.0,0.6666666666666666,0.8,90,0,1,2,1.0,0.045562950894236565
tabular,Logistic Regression,5,0.5,2,group_ablation,G3,14,"AI0_RMS,AI1_RMS,AI0_AI1_RMS_diff,AI0_AI1_RMS_ratio,AI0_AI1_corr,AI0_RMS_slope,AI1_RMS_slope,Current_RMS_slope,dCurrent_RMS_x_dAI0_RMS,dCurrent_RMS_x_dAI1_RMS,AI0_kurtosis,AI1_kurtosis,AI0_crest_factor,AI1_crest_factor",1.0,0.6666666666666666,0.8,90,0,1,2,1.0,0.007983846589922905
tabular,One-Class SVM,5,0.5,2,group_ablation,G3,14,"AI0_RMS,AI1_RMS,AI0_AI1_RMS_diff,AI0_AI1_RMS_ratio,AI0_AI1_corr,AI0_RMS_slope,AI1_RMS_slope,Current_RMS_slope,dCurrent_RMS_x_dAI0_RMS,dCurrent_RMS_x_dAI1_RMS,AI0_kurtosis,AI1_kurtosis,AI0_crest_factor,AI1_crest_factor",1.0,0.3333333333333333,0.5,90,0,2,1,1.0,0.06113253906369209
tabular,Mahalanobis distance,5,0.5,2,group_ablation,G3,14,"AI0_RMS,AI1_RMS,AI0_AI1_RMS_diff,AI0_AI1_RMS_ratio,AI0_AI1_corr,AI0_RMS_slope,AI1_RMS_slope,Current_RMS_slope,dCurrent_RMS_x_dAI0_RMS,dCurrent_RMS_x_dAI1_RMS,AI0_kurtosis,AI1_kurtosis,AI0_crest_factor,AI1_crest_factor",1.0,1.0,1.0,90,0,0,3,1.0,0.002591594122350216
tabular,Isolation Forest,5,0.5,2,group_ablation,G3,14,"AI0_RMS,AI1_RMS,AI0_AI1_RMS_diff,AI0_AI1_RMS_ratio,AI0_AI1_corr,AI0_RMS_slope,AI1_RMS_slope,Current_RMS_slope,dCurrent_RMS_x_dAI0_RMS,dCurrent_RMS_x_dAI1_RMS,AI0_kurtosis,AI1_kurtosis,AI0_crest_factor,AI1_crest_factor",1.0,0.6666666666666666,0.8,90,0,1,2,1.0,0.8252007253468037
tabular,PCA reconstruction,5,0.5,2,group_ablation,G3,14,"AI0_RMS,AI1_RMS,AI0_AI1_RMS_diff,AI0_AI1_RMS_ratio,AI0_AI1_corr,AI0_RMS_slope,AI1_RMS_slope,Current_RMS_slope,dCurrent_RMS_x_dAI0_RMS,dCurrent_RMS_x_dAI1_RMS,AI0_kurtosis,AI1_kurtosis,AI0_crest_factor,AI1_crest_factor",1.0,1.0,1.0,90,0,0,3,1.0,0.002770998515188694
tabular,LightGBM,5,0.5,2,group_ablation,G4,14,"AI0_RMS,AI1_RMS,AI0_AI1_RMS_diff,AI0_AI1_RMS_ratio,AI0_AI1_corr,Current_RMS,Current_RMS_to_AI0_RMS_ratio,Current_RMS_to_AI1_RMS_ratio,AI0_current_residual,AI1_current_residual,AI0_kurtosis,AI1_kurtosis,AI0_crest_factor,AI1_crest_factor",0.0,0.0,0.0,90,0,3,0,1.0,0.05195797886699438
tabular,XGBoost,5,0.5,2,group_ablation,G4,14,"AI0_RMS,AI1_RMS,AI0_AI1_RMS_diff,AI0_AI1_RMS_ratio,AI0_AI1_corr,Current_RMS,Current_RMS_to_AI0_RMS_ratio,Current_RMS_to_AI1_RMS_ratio,AI0_current_residual,AI1_current_residual,AI0_kurtosis,AI1_kurtosis,AI0_crest_factor,AI1_crest_factor",1.0,0.3333333333333333,0.5,90,0,2,1,1.0,0.04631319921463728
tabular,Logistic Regression,5,0.5,2,group_ablation,G4,14,"AI0_RMS,AI1_RMS,AI0_AI1_RMS_diff,AI0_AI1_RMS_ratio,AI0_AI1_corr,Current_RMS,Current_RMS_to_AI0_RMS_ratio,Current_RMS_to_AI1_RMS_ratio,AI0_current_residual,AI1_current_residual,AI0_kurtosis,AI1_kurtosis,AI0_crest_factor,AI1_crest_factor",1.0,0.6666666666666666,0.8,90,0,1,2,1.0,0.008489945903420448
tabular,One-Class SVM,5,0.5,2,group_ablation,G4,14,"AI0_RMS,AI1_RMS,AI0_AI1_RMS_diff,AI0_AI1_RMS_ratio,AI0_AI1_corr,Current_RMS,Current_RMS_to_AI0_RMS_ratio,Current_RMS_to_AI1_RMS_ratio,AI0_current_residual,AI1_current_residual,AI0_kurtosis,AI1_kurtosis,AI0_crest_factor,AI1_crest_factor",1.0,0.6666666666666666,0.8,90,0,1,2,1.0,0.057821792550385
tabular,Mahalanobis distance,5,0.5,2,group_ablation,G4,14,"AI0_RMS,AI1_RMS,AI0_AI1_RMS_diff,AI0_AI1_RMS_ratio,AI0_AI1_corr,Current_RMS,Current_RMS_to_AI0_RMS_ratio,Current_RMS_to_AI1_RMS_ratio,AI0_current_residual,AI1_current_residual,AI0_kurtosis,AI1_kurtosis,AI0_crest_factor,AI1_crest_factor",1.0,1.0,1.0,90,0,0,3,1.0,0.0024825679138302803
tabular,Isolation Forest,5,0.5,2,group_ablation,G4,14,"AI0_RMS,AI1_RMS,AI0_AI1_RMS_diff,AI0_AI1_RMS_ratio,AI0_AI1_corr,Current_RMS,Current_RMS_to_AI0_RMS_ratio,Current_RMS_to_AI1_RMS_ratio,AI0_current_residual,AI1_current_residual,AI0_kurtosis,AI1_kurtosis,AI0_crest_factor,AI1_crest_factor",1.0,0.3333333333333333,0.5,90,0,2,1,1.0,0.8557491758838296
tabular,PCA reconstruction,5,0.5,2,group_ablation,G4,14,"AI0_RMS,AI1_RMS,AI0_AI1_RMS_diff,AI0_AI1_RMS_ratio,AI0_AI1_corr,Current_RMS,Current_RMS_to_AI0_RMS_ratio,Current_RMS_to_AI1_RMS_ratio,AI0_current_residual,AI1_current_residual,AI0_kurtosis,AI1_kurtosis,AI0_crest_factor,AI1_crest_factor",1.0,1.0,1.0,90,0,0,3,1.0,0.002677653916180134
tabular,LightGBM,5,0.5,2,group_ablation,G5,15,"AI0_RMS,AI1_RMS,AI0_AI1_RMS_diff,AI0_AI1_RMS_ratio,AI0_AI1_corr,Current_RMS,Current_RMS_to_AI0_RMS_ratio,Current_RMS_to_AI1_RMS_ratio,AI0_current_residual,AI1_current_residual,AI0_RMS_slope,AI1_RMS_slope,Current_RMS_slope,dCurrent_RMS_x_dAI0_RMS,dCurrent_RMS_x_dAI1_RMS",0.0,0.0,0.0,90,0,3,0,1.0,0.05201374087482691
tabular,XGBoost,5,0.5,2,group_ablation,G5,15,"AI0_RMS,AI1_RMS,AI0_AI1_RMS_diff,AI0_AI1_RMS_ratio,AI0_AI1_corr,Current_RMS,Current_RMS_to_AI0_RMS_ratio,Current_RMS_to_AI1_RMS_ratio,AI0_current_residual,AI1_current_residual,AI0_RMS_slope,AI1_RMS_slope,Current_RMS_slope,dCurrent_RMS_x_dAI0_RMS,dCurrent_RMS_x_dAI1_RMS",1.0,0.3333333333333333,0.5,90,0,2,1,1.0,0.047571681439876556
tabular,Logistic Regression,5,0.5,2,group_ablation,G5,15,"AI0_RMS,AI1_RMS,AI0_AI1_RMS_diff,AI0_AI1_RMS_ratio,AI0_AI1_corr,Current_RMS,Current_RMS_to_AI0_RMS_ratio,Current_RMS_to_AI1_RMS_ratio,AI0_current_residual,AI1_current_residual,AI0_RMS_slope,AI1_RMS_slope,Current_RMS_slope,dCurrent_RMS_x_dAI0_RMS,dCurrent_RMS_x_dAI1_RMS",1.0,0.6666666666666666,0.8,90,0,1,2,0.9166666666666665,0.008372845128178596
tabular,One-Class SVM,5,0.5,2,group_ablation,G5,15,"AI0_RMS,AI1_RMS,AI0_AI1_RMS_diff,AI0_AI1_RMS_ratio,AI0_AI1_corr,Current_RMS,Current_RMS_to_AI0_RMS_ratio,Current_RMS_to_AI1_RMS_ratio,AI0_current_residual,AI1_current_residual,AI0_RMS_slope,AI1_RMS_slope,Current_RMS_slope,dCurrent_RMS_x_dAI0_RMS,dCurrent_RMS_x_dAI1_RMS",1.0,0.6666666666666666,0.8,90,0,1,2,1.0,0.060794563964009285
tabular,Mahalanobis distance,5,0.5,2,group_ablation,G5,15,"AI0_RMS,AI1_RMS,AI0_AI1_RMS_diff,AI0_AI1_RMS_ratio,AI0_AI1_corr,Current_RMS,Current_RMS_to_AI0_RMS_ratio,Current_RMS_to_AI1_RMS_ratio,AI0_current_residual,AI1_current_residual,AI0_RMS_slope,AI1_RMS_slope,Current_RMS_slope,dCurrent_RMS_x_dAI0_RMS,dCurrent_RMS_x_dAI1_RMS",1.0,1.0,1.0,90,0,0,3,1.0,0.0025845393538475037
tabular,Isolation Forest,5,0.5,2,group_ablation,G5,15,"AI0_RMS,AI1_RMS,AI0_AI1_RMS_diff,AI0_AI1_RMS_ratio,AI0_AI1_corr,Current_RMS,Current_RMS_to_AI0_RMS_ratio,Current_RMS_to_AI1_RMS_ratio,AI0_current_residual,AI1_current_residual,AI0_RMS_slope,AI1_RMS_slope,Current_RMS_slope,dCurrent_RMS_x_dAI0_RMS,dCurrent_RMS_x_dAI1_RMS",1.0,0.6666666666666666,0.8,90,0,1,2,1.0,0.8600250435993075
tabular,PCA reconstruction,5,0.5,2,group_ablation,G5,15,"AI0_RMS,AI1_RMS,AI0_AI1_RMS_diff,AI0_AI1_RMS_ratio,AI0_AI1_corr,Current_RMS,Current_RMS_to_AI0_RMS_ratio,Current_RMS_to_AI1_RMS_ratio,AI0_current_residual,AI1_current_residual,AI0_RMS_slope,AI1_RMS_slope,Current_RMS_slope,dCurrent_RMS_x_dAI0_RMS,dCurrent_RMS_x_dAI1_RMS",1.0,1.0,1.0,90,0,0,3,1.0,0.0028651421889662743
temporal,LSTM-Autoencoder,5,0.5,2,full,none,12,"AI0_Vibration,AI1_Vibration,AI2_Current,AI0_short_RMS,AI1_short_RMS,Current_short_RMS,AI0_AI1_RMS_diff,AI0_current_residual,AI1_current_residual,AI0_RMS_slope,AI1_RMS_slope,Current_RMS_slope",1.0,1.0,1.0,90,0,0,3,1.0,1.158492743037641
temporal,1D-CNN,5,0.5,2,full,none,12,"AI0_Vibration,AI1_Vibration,AI2_Current,AI0_short_RMS,AI1_short_RMS,Current_short_RMS,AI0_AI1_RMS_diff,AI0_current_residual,AI1_current_residual,AI0_RMS_slope,AI1_RMS_slope,Current_RMS_slope",0.0,0.0,0.0,90,0,3,0,1.0,0.645626600831747
temporal,LSTM-Autoencoder,5,0.5,2,group_ablation,T0,9,"AI0_short_RMS,AI1_short_RMS,Current_short_RMS,AI0_AI1_RMS_diff,AI0_current_residual,AI1_current_residual,AI0_RMS_slope,AI1_RMS_slope,Current_RMS_slope",1.0,1.0,1.0,90,0,0,3,1.0,1.2327994918450713
temporal,1D-CNN,5,0.5,2,group_ablation,T0,9,"AI0_short_RMS,AI1_short_RMS,Current_short_RMS,AI0_AI1_RMS_diff,AI0_current_residual,AI1_current_residual,AI0_RMS_slope,AI1_RMS_slope,Current_RMS_slope",0.0,0.0,0.0,90,0,3,0,1.0,0.768434340134263
temporal,LSTM-Autoencoder,5,0.5,2,group_ablation,T1,9,"AI0_Vibration,AI1_Vibration,AI2_Current,AI0_AI1_RMS_diff,AI0_current_residual,AI1_current_residual,AI0_RMS_slope,AI1_RMS_slope,Current_RMS_slope",1.0,1.0,1.0,90,0,0,3,1.0,1.036899097263813
temporal,1D-CNN,5,0.5,2,group_ablation,T1,9,"AI0_Vibration,AI1_Vibration,AI2_Current,AI0_AI1_RMS_diff,AI0_current_residual,AI1_current_residual,AI0_RMS_slope,AI1_RMS_slope,Current_RMS_slope",0.0,0.0,0.0,90,0,3,0,1.0,0.7392447581514716
temporal,LSTM-Autoencoder,5,0.5,2,group_ablation,T2,9,"AI0_Vibration,AI1_Vibration,AI2_Current,AI0_short_RMS,AI1_short_RMS,Current_short_RMS,AI0_RMS_slope,AI1_RMS_slope,Current_RMS_slope",1.0,1.0,1.0,90,0,0,3,1.0,1.023975083604455
temporal,1D-CNN,5,0.5,2,group_ablation,T2,9,"AI0_Vibration,AI1_Vibration,AI2_Current,AI0_short_RMS,AI1_short_RMS,Current_short_RMS,AI0_RMS_slope,AI1_RMS_slope,Current_RMS_slope",0.0,0.0,0.0,90,0,3,0,1.0,0.6453203968703747
temporal,LSTM-Autoencoder,5,0.5,2,group_ablation,T3,9,"AI0_Vibration,AI1_Vibration,AI2_Current,AI0_short_RMS,AI1_short_RMS,Current_short_RMS,AI0_AI1_RMS_diff,AI0_current_residual,AI1_current_residual",1.0,1.0,1.0,90,0,0,3,1.0,1.0800292892381549
temporal,1D-CNN,5,0.5,2,group_ablation,T3,9,"AI0_Vibration,AI1_Vibration,AI2_Current,AI0_short_RMS,AI1_short_RMS,Current_short_RMS,AI0_AI1_RMS_diff,AI0_current_residual,AI1_current_residual",1.0,0.6666666666666666,0.8,90,0,1,2,1.0,0.4090404026210308
tabular,LightGBM,10,1.0,2,full,none,19,"AI0_RMS,AI1_RMS,AI0_AI1_RMS_diff,AI0_AI1_RMS_ratio,AI0_AI1_corr,Current_RMS,Current_RMS_to_AI0_RMS_ratio,Current_RMS_to_AI1_RMS_ratio,AI0_current_residual,AI1_current_residual,AI0_RMS_slope,AI1_RMS_slope,Current_RMS_slope,dCurrent_RMS_x_dAI0_RMS,dCurrent_RMS_x_dAI1_RMS,AI0_kurtosis,AI1_kurtosis,AI0_crest_factor,AI1_crest_factor",1.0,0.6666666666666666,0.8,90,0,1,2,1.0,0.04972191900014877
tabular,XGBoost,10,1.0,2,full,none,19,"AI0_RMS,AI1_RMS,AI0_AI1_RMS_diff,AI0_AI1_RMS_ratio,AI0_AI1_corr,Current_RMS,Current_RMS_to_AI0_RMS_ratio,Current_RMS_to_AI1_RMS_ratio,AI0_current_residual,AI1_current_residual,AI0_RMS_slope,AI1_RMS_slope,Current_RMS_slope,dCurrent_RMS_x_dAI0_RMS,dCurrent_RMS_x_dAI1_RMS,AI0_kurtosis,AI1_kurtosis,AI0_crest_factor,AI1_crest_factor",1.0,0.6666666666666666,0.8,90,0,1,2,1.0,0.05855781491845846
tabular,Logistic Regression,10,1.0,2,full,none,19,"AI0_RMS,AI1_RMS,AI0_AI1_RMS_diff,AI0_AI1_RMS_ratio,AI0_AI1_corr,Current_RMS,Current_RMS_to_AI0_RMS_ratio,Current_RMS_to_AI1_RMS_ratio,AI0_current_residual,AI1_current_residual,AI0_RMS_slope,AI1_RMS_slope,Current_RMS_slope,dCurrent_RMS_x_dAI0_RMS,dCurrent_RMS_x_dAI1_RMS,AI0_kurtosis,AI1_kurtosis,AI0_crest_factor,AI1_crest_factor",1.0,0.6666666666666666,0.8,90,0,1,2,1.0,0.009729893878102303
tabular,One-Class SVM,10,1.0,2,full,none,19,"AI0_RMS,AI1_RMS,AI0_AI1_RMS_diff,AI0_AI1_RMS_ratio,AI0_AI1_corr,Current_RMS,Current_RMS_to_AI0_RMS_ratio,Current_RMS_to_AI1_RMS_ratio,AI0_current_residual,AI1_current_residual,AI0_RMS_slope,AI1_RMS_slope,Current_RMS_slope,dCurrent_RMS_x_dAI0_RMS,dCurrent_RMS_x_dAI1_RMS,AI0_kurtosis,AI1_kurtosis,AI0_crest_factor,AI1_crest_factor",1.0,1.0,1.0,90,0,0,3,1.0,0.03265558462589979
tabular,Mahalanobis distance,10,1.0,2,full,none,19,"AI0_RMS,AI1_RMS,AI0_AI1_RMS_diff,AI0_AI1_RMS_ratio,AI0_AI1_corr,Current_RMS,Current_RMS_to_AI0_RMS_ratio,Current_RMS_to_AI1_RMS_ratio,AI0_current_residual,AI1_current_residual,AI0_RMS_slope,AI1_RMS_slope,Current_RMS_slope,dCurrent_RMS_x_dAI0_RMS,dCurrent_RMS_x_dAI1_RMS,AI0_kurtosis,AI1_kurtosis,AI0_crest_factor,AI1_crest_factor",1.0,1.0,1.0,90,0,0,3,1.0,0.002567392773926258
tabular,Isolation Forest,10,1.0,2,full,none,19,"AI0_RMS,AI1_RMS,AI0_AI1_RMS_diff,AI0_AI1_RMS_ratio,AI0_AI1_corr,Current_RMS,Current_RMS_to_AI0_RMS_ratio,Current_RMS_to_AI1_RMS_ratio,AI0_current_residual,AI1_current_residual,AI0_RMS_slope,AI1_RMS_slope,Current_RMS_slope,dCurrent_RMS_x_dAI0_RMS,dCurrent_RMS_x_dAI1_RMS,AI0_kurtosis,AI1_kurtosis,AI0_crest_factor,AI1_crest_factor",1.0,0.6666666666666666,0.8,90,0,1,2,1.0,0.816135068424046
tabular,PCA reconstruction,10,1.0,2,full,none,19,"AI0_RMS,AI1_RMS,AI0_AI1_RMS_diff,AI0_AI1_RMS_ratio,AI0_AI1_corr,Current_RMS,Current_RMS_to_AI0_RMS_ratio,Current_RMS_to_AI1_RMS_ratio,AI0_current_residual,AI1_current_residual,AI0_RMS_slope,AI1_RMS_slope,Current_RMS_slope,dCurrent_RMS_x_dAI0_RMS,dCurrent_RMS_x_dAI1_RMS,AI0_kurtosis,AI1_kurtosis,AI0_crest_factor,AI1_crest_factor",1.0,1.0,1.0,90,0,0,3,1.0,0.002826533280313015
tabular,LightGBM,10,1.0,2,group_ablation,G1,17,"AI0_AI1_RMS_diff,AI0_AI1_RMS_ratio,AI0_AI1_corr,Current_RMS,Current_RMS_to_AI0_RMS_ratio,Current_RMS_to_AI1_RMS_ratio,AI0_current_residual,AI1_current_residual,AI0_RMS_slope,AI1_RMS_slope,Current_RMS_slope,dCurrent_RMS_x_dAI0_RMS,dCurrent_RMS_x_dAI1_RMS,AI0_kurtosis,AI1_kurtosis,AI0_crest_factor,AI1_crest_factor",1.0,1.0,1.0,90,0,0,3,1.0,0.050174047239124775
tabular,XGBoost,10,1.0,2,group_ablation,G1,17,"AI0_AI1_RMS_diff,AI0_AI1_RMS_ratio,AI0_AI1_corr,Current_RMS,Current_RMS_to_AI0_RMS_ratio,Current_RMS_to_AI1_RMS_ratio,AI0_current_residual,AI1_current_residual,AI0_RMS_slope,AI1_RMS_slope,Current_RMS_slope,dCurrent_RMS_x_dAI0_RMS,dCurrent_RMS_x_dAI1_RMS,AI0_kurtosis,AI1_kurtosis,AI0_crest_factor,AI1_crest_factor",1.0,0.6666666666666666,0.8,90,0,1,2,1.0,0.052317007444798946
tabular,Logistic Regression,10,1.0,2,group_ablation,G1,17,"AI0_AI1_RMS_diff,AI0_AI1_RMS_ratio,AI0_AI1_corr,Current_RMS,Current_RMS_to_AI0_RMS_ratio,Current_RMS_to_AI1_RMS_ratio,AI0_current_residual,AI1_current_residual,AI0_RMS_slope,AI1_RMS_slope,Current_RMS_slope,dCurrent_RMS_x_dAI0_RMS,dCurrent_RMS_x_dAI1_RMS,AI0_kurtosis,AI1_kurtosis,AI0_crest_factor,AI1_crest_factor",1.0,0.6666666666666666,0.8,90,0,1,2,1.0,0.008890079334378242
tabular,One-Class SVM,10,1.0,2,group_ablation,G1,17,"AI0_AI1_RMS_diff,AI0_AI1_RMS_ratio,AI0_AI1_corr,Current_RMS,Current_RMS_to_AI0_RMS_ratio,Current_RMS_to_AI1_RMS_ratio,AI0_current_residual,AI1_current_residual,AI0_RMS_slope,AI1_RMS_slope,Current_RMS_slope,dCurrent_RMS_x_dAI0_RMS,dCurrent_RMS_x_dAI1_RMS,AI0_kurtosis,AI1_kurtosis,AI0_crest_factor,AI1_crest_factor",1.0,1.0,1.0,90,0,0,3,1.0,0.03430280555039644
tabular,Mahalanobis distance,10,1.0,2,group_ablation,G1,17,"AI0_AI1_RMS_diff,AI0_AI1_RMS_ratio,AI0_AI1_corr,Current_RMS,Current_RMS_to_AI0_RMS_ratio,Current_RMS_to_AI1_RMS_ratio,AI0_current_residual,AI1_current_residual,AI0_RMS_slope,AI1_RMS_slope,Current_RMS_slope,dCurrent_RMS_x_dAI0_RMS,dCurrent_RMS_x_dAI1_RMS,AI0_kurtosis,AI1_kurtosis,AI0_crest_factor,AI1_crest_factor",1.0,1.0,1.0,90,0,0,3,1.0,0.002320309169590473
tabular,Isolation Forest,10,1.0,2,group_ablation,G1,17,"AI0_AI1_RMS_diff,AI0_AI1_RMS_ratio,AI0_AI1_corr,Current_RMS,Current_RMS_to_AI0_RMS_ratio,Current_RMS_to_AI1_RMS_ratio,AI0_current_residual,AI1_current_residual,AI0_RMS_slope,AI1_RMS_slope,Current_RMS_slope,dCurrent_RMS_x_dAI0_RMS,dCurrent_RMS_x_dAI1_RMS,AI0_kurtosis,AI1_kurtosis,AI0_crest_factor,AI1_crest_factor",1.0,0.6666666666666666,0.8,90,0,1,2,1.0,0.8331727422773838
tabular,PCA reconstruction,10,1.0,2,group_ablation,G1,17,"AI0_AI1_RMS_diff,AI0_AI1_RMS_ratio,AI0_AI1_corr,Current_RMS,Current_RMS_to_AI0_RMS_ratio,Current_RMS_to_AI1_RMS_ratio,AI0_current_residual,AI1_current_residual,AI0_RMS_slope,AI1_RMS_slope,Current_RMS_slope,dCurrent_RMS_x_dAI0_RMS,dCurrent_RMS_x_dAI1_RMS,AI0_kurtosis,AI1_kurtosis,AI0_crest_factor,AI1_crest_factor",1.0,1.0,1.0,90,0,0,3,1.0,0.0026255492120981216
tabular,LightGBM,10,1.0,2,group_ablation,G2,16,"AI0_RMS,AI1_RMS,Current_RMS,Current_RMS_to_AI0_RMS_ratio,Current_RMS_to_AI1_RMS_ratio,AI0_current_residual,AI1_current_residual,AI0_RMS_slope,AI1_RMS_slope,Current_RMS_slope,dCurrent_RMS_x_dAI0_RMS,dCurrent_RMS_x_dAI1_RMS,AI0_kurtosis,AI1_kurtosis,AI0_crest_factor,AI1_crest_factor",1.0,0.6666666666666666,0.8,90,0,1,2,1.0,0.05035561043769121
tabular,XGBoost,10,1.0,2,group_ablation,G2,16,"AI0_RMS,AI1_RMS,Current_RMS,Current_RMS_to_AI0_RMS_ratio,Current_RMS_to_AI1_RMS_ratio,AI0_current_residual,AI1_current_residual,AI0_RMS_slope,AI1_RMS_slope,Current_RMS_slope,dCurrent_RMS_x_dAI0_RMS,dCurrent_RMS_x_dAI1_RMS,AI0_kurtosis,AI1_kurtosis,AI0_crest_factor,AI1_crest_factor",1.0,1.0,1.0,90,0,0,3,1.0,0.049880022183060646
tabular,Logistic Regression,10,1.0,2,group_ablation,G2,16,"AI0_RMS,AI1_RMS,Current_RMS,Current_RMS_to_AI0_RMS_ratio,Current_RMS_to_AI1_RMS_ratio,AI0_current_residual,AI1_current_residual,AI0_RMS_slope,AI1_RMS_slope,Current_RMS_slope,dCurrent_RMS_x_dAI0_RMS,dCurrent_RMS_x_dAI1_RMS,AI0_kurtosis,AI1_kurtosis,AI0_crest_factor,AI1_crest_factor",1.0,1.0,1.0,90,0,0,3,1.0,0.008396471850574017
tabular,One-Class SVM,10,1.0,2,group_ablation,G2,16,"AI0_RMS,AI1_RMS,Current_RMS,Current_RMS_to_AI0_RMS_ratio,Current_RMS_to_AI1_RMS_ratio,AI0_current_residual,AI1_current_residual,AI0_RMS_slope,AI1_RMS_slope,Current_RMS_slope,dCurrent_RMS_x_dAI0_RMS,dCurrent_RMS_x_dAI1_RMS,AI0_kurtosis,AI1_kurtosis,AI0_crest_factor,AI1_crest_factor",1.0,1.0,1.0,90,0,0,3,1.0,0.033262147568166256
tabular,Mahalanobis distance,10,1.0,2,group_ablation,G2,16,"AI0_RMS,AI1_RMS,Current_RMS,Current_RMS_to_AI0_RMS_ratio,Current_RMS_to_AI1_RMS_ratio,AI0_current_residual,AI1_current_residual,AI0_RMS_slope,AI1_RMS_slope,Current_RMS_slope,dCurrent_RMS_x_dAI0_RMS,dCurrent_RMS_x_dAI1_RMS,AI0_kurtosis,AI1_kurtosis,AI0_crest_factor,AI1_crest_factor",1.0,1.0,1.0,90,0,0,3,1.0,0.0022944174706935883
tabular,Isolation Forest,10,1.0,2,group_ablation,G2,16,"AI0_RMS,AI1_RMS,Current_RMS,Current_RMS_to_AI0_RMS_ratio,Current_RMS_to_AI1_RMS_ratio,AI0_current_residual,AI1_current_residual,AI0_RMS_slope,AI1_RMS_slope,Current_RMS_slope,dCurrent_RMS_x_dAI0_RMS,dCurrent_RMS_x_dAI1_RMS,AI0_kurtosis,AI1_kurtosis,AI0_crest_factor,AI1_crest_factor",1.0,0.6666666666666666,0.8,90,0,1,2,1.0,0.8672491405159235
tabular,PCA reconstruction,10,1.0,2,group_ablation,G2,16,"AI0_RMS,AI1_RMS,Current_RMS,Current_RMS_to_AI0_RMS_ratio,Current_RMS_to_AI1_RMS_ratio,AI0_current_residual,AI1_current_residual,AI0_RMS_slope,AI1_RMS_slope,Current_RMS_slope,dCurrent_RMS_x_dAI0_RMS,dCurrent_RMS_x_dAI1_RMS,AI0_kurtosis,AI1_kurtosis,AI0_crest_factor,AI1_crest_factor",1.0,1.0,1.0,90,0,0,3,1.0,0.0026050955057144165
tabular,LightGBM,10,1.0,2,group_ablation,G3,14,"AI0_RMS,AI1_RMS,AI0_AI1_RMS_diff,AI0_AI1_RMS_ratio,AI0_AI1_corr,AI0_RMS_slope,AI1_RMS_slope,Current_RMS_slope,dCurrent_RMS_x_dAI0_RMS,dCurrent_RMS_x_dAI1_RMS,AI0_kurtosis,AI1_kurtosis,AI0_crest_factor,AI1_crest_factor",1.0,0.3333333333333333,0.5,90,0,2,1,1.0,0.04793177917599678
tabular,XGBoost,10,1.0,2,group_ablation,G3,14,"AI0_RMS,AI1_RMS,AI0_AI1_RMS_diff,AI0_AI1_RMS_ratio,AI0_AI1_corr,AI0_RMS_slope,AI1_RMS_slope,Current_RMS_slope,dCurrent_RMS_x_dAI0_RMS,dCurrent_RMS_x_dAI1_RMS,AI0_kurtosis,AI1_kurtosis,AI0_crest_factor,AI1_crest_factor",1.0,0.3333333333333333,0.5,90,0,2,1,1.0,0.042649817653000355
tabular,Logistic Regression,10,1.0,2,group_ablation,G3,14,"AI0_RMS,AI1_RMS,AI0_AI1_RMS_diff,AI0_AI1_RMS_ratio,AI0_AI1_corr,AI0_RMS_slope,AI1_RMS_slope,Current_RMS_slope,dCurrent_RMS_x_dAI0_RMS,dCurrent_RMS_x_dAI1_RMS,AI0_kurtosis,AI1_kurtosis,AI0_crest_factor,AI1_crest_factor",1.0,0.6666666666666666,0.8,90,0,1,2,1.0,0.008411633782088757
tabular,One-Class SVM,10,1.0,2,group_ablation,G3,14,"AI0_RMS,AI1_RMS,AI0_AI1_RMS_diff,AI0_AI1_RMS_ratio,AI0_AI1_corr,AI0_RMS_slope,AI1_RMS_slope,Current_RMS_slope,dCurrent_RMS_x_dAI0_RMS,dCurrent_RMS_x_dAI1_RMS,AI0_kurtosis,AI1_kurtosis,AI0_crest_factor,AI1_crest_factor",1.0,1.0,1.0,90,0,0,3,1.0,0.03661508020013571
tabular,Mahalanobis distance,10,1.0,2,group_ablation,G3,14,"AI0_RMS,AI1_RMS,AI0_AI1_RMS_diff,AI0_AI1_RMS_ratio,AI0_AI1_corr,AI0_RMS_slope,AI1_RMS_slope,Current_RMS_slope,dCurrent_RMS_x_dAI0_RMS,dCurrent_RMS_x_dAI1_RMS,AI0_kurtosis,AI1_kurtosis,AI0_crest_factor,AI1_crest_factor",1.0,0.3333333333333333,0.5,90,0,2,1,1.0,0.0022254250943660736
tabular,Isolation Forest,10,1.0,2,group_ablation,G3,14,"AI0_RMS,AI1_RMS,AI0_AI1_RMS_diff,AI0_AI1_RMS_ratio,AI0_AI1_corr,AI0_RMS_slope,AI1_RMS_slope,Current_RMS_slope,dCurrent_RMS_x_dAI0_RMS,dCurrent_RMS_x_dAI1_RMS,AI0_kurtosis,AI1_kurtosis,AI0_crest_factor,AI1_crest_factor",1.0,0.6666666666666666,0.8,90,0,1,2,1.0,0.8721899949014187
tabular,PCA reconstruction,10,1.0,2,group_ablation,G3,14,"AI0_RMS,AI1_RMS,AI0_AI1_RMS_diff,AI0_AI1_RMS_ratio,AI0_AI1_corr,AI0_RMS_slope,AI1_RMS_slope,Current_RMS_slope,dCurrent_RMS_x_dAI0_RMS,dCurrent_RMS_x_dAI1_RMS,AI0_kurtosis,AI1_kurtosis,AI0_crest_factor,AI1_crest_factor",1.0,0.6666666666666666,0.8,90,0,1,2,1.0,0.002406639978289604
tabular,LightGBM,10,1.0,2,group_ablation,G4,14,"AI0_RMS,AI1_RMS,AI0_AI1_RMS_diff,AI0_AI1_RMS_ratio,AI0_AI1_corr,Current_RMS,Current_RMS_to_AI0_RMS_ratio,Current_RMS_to_AI1_RMS_ratio,AI0_current_residual,AI1_current_residual,AI0_kurtosis,AI1_kurtosis,AI0_crest_factor,AI1_crest_factor",1.0,0.6666666666666666,0.8,90,0,1,2,1.0,0.04730634391307831
tabular,XGBoost,10,1.0,2,group_ablation,G4,14,"AI0_RMS,AI1_RMS,AI0_AI1_RMS_diff,AI0_AI1_RMS_ratio,AI0_AI1_corr,Current_RMS,Current_RMS_to_AI0_RMS_ratio,Current_RMS_to_AI1_RMS_ratio,AI0_current_residual,AI1_current_residual,AI0_kurtosis,AI1_kurtosis,AI0_crest_factor,AI1_crest_factor",1.0,0.6666666666666666,0.8,90,0,1,2,1.0,0.04251510463654995
tabular,Logistic Regression,10,1.0,2,group_ablation,G4,14,"AI0_RMS,AI1_RMS,AI0_AI1_RMS_diff,AI0_AI1_RMS_ratio,AI0_AI1_corr,Current_RMS,Current_RMS_to_AI0_RMS_ratio,Current_RMS_to_AI1_RMS_ratio,AI0_current_residual,AI1_current_residual,AI0_kurtosis,AI1_kurtosis,AI0_crest_factor,AI1_crest_factor",1.0,0.6666666666666666,0.8,90,0,1,2,1.0,0.008055426180362701
tabular,One-Class SVM,10,1.0,2,group_ablation,G4,14,"AI0_RMS,AI1_RMS,AI0_AI1_RMS_diff,AI0_AI1_RMS_ratio,AI0_AI1_corr,Current_RMS,Current_RMS_to_AI0_RMS_ratio,Current_RMS_to_AI1_RMS_ratio,AI0_current_residual,AI1_current_residual,AI0_kurtosis,AI1_kurtosis,AI0_crest_factor,AI1_crest_factor",1.0,1.0,1.0,90,0,0,3,1.0,0.03350769728422165
tabular,Mahalanobis distance,10,1.0,2,group_ablation,G4,14,"AI0_RMS,AI1_RMS,AI0_AI1_RMS_diff,AI0_AI1_RMS_ratio,AI0_AI1_corr,Current_RMS,Current_RMS_to_AI0_RMS_ratio,Current_RMS_to_AI1_RMS_ratio,AI0_current_residual,AI1_current_residual,AI0_kurtosis,AI1_kurtosis,AI0_crest_factor,AI1_crest_factor",1.0,1.0,1.0,90,0,0,3,1.0,0.0022472646087408066
tabular,Isolation Forest,10,1.0,2,group_ablation,G4,14,"AI0_RMS,AI1_RMS,AI0_AI1_RMS_diff,AI0_AI1_RMS_ratio,AI0_AI1_corr,Current_RMS,Current_RMS_to_AI0_RMS_ratio,Current_RMS_to_AI1_RMS_ratio,AI0_current_residual,AI1_current_residual,AI0_kurtosis,AI1_kurtosis,AI0_crest_factor,AI1_crest_factor",1.0,0.6666666666666666,0.8,90,0,1,2,1.0,0.8678887896239758
tabular,PCA reconstruction,10,1.0,2,group_ablation,G4,14,"AI0_RMS,AI1_RMS,AI0_AI1_RMS_diff,AI0_AI1_RMS_ratio,AI0_AI1_corr,Current_RMS,Current_RMS_to_AI0_RMS_ratio,Current_RMS_to_AI1_RMS_ratio,AI0_current_residual,AI1_current_residual,AI0_kurtosis,AI1_kurtosis,AI0_crest_factor,AI1_crest_factor",1.0,1.0,1.0,90,0,0,3,1.0,0.002362453378736973
tabular,LightGBM,10,1.0,2,group_ablation,G5,15,"AI0_RMS,AI1_RMS,AI0_AI1_RMS_diff,AI0_AI1_RMS_ratio,AI0_AI1_corr,Current_RMS,Current_RMS_to_AI0_RMS_ratio,Current_RMS_to_AI1_RMS_ratio,AI0_current_residual,AI1_current_residual,AI0_RMS_slope,AI1_RMS_slope,Current_RMS_slope,dCurrent_RMS_x_dAI0_RMS,dCurrent_RMS_x_dAI1_RMS",1.0,1.0,1.0,90,0,0,3,1.0,0.047573359683156013
tabular,XGBoost,10,1.0,2,group_ablation,G5,15,"AI0_RMS,AI1_RMS,AI0_AI1_RMS_diff,AI0_AI1_RMS_ratio,AI0_AI1_corr,Current_RMS,Current_RMS_to_AI0_RMS_ratio,Current_RMS_to_AI1_RMS_ratio,AI0_current_residual,AI1_current_residual,AI0_RMS_slope,AI1_RMS_slope,Current_RMS_slope,dCurrent_RMS_x_dAI0_RMS,dCurrent_RMS_x_dAI1_RMS",1.0,0.6666666666666666,0.8,90,0,1,2,1.0,0.04784634616225958
tabular,Logistic Regression,10,1.0,2,group_ablation,G5,15,"AI0_RMS,AI1_RMS,AI0_AI1_RMS_diff,AI0_AI1_RMS_ratio,AI0_AI1_corr,Current_RMS,Current_RMS_to_AI0_RMS_ratio,Current_RMS_to_AI1_RMS_ratio,AI0_current_residual,AI1_current_residual,AI0_RMS_slope,AI1_RMS_slope,Current_RMS_slope,dCurrent_RMS_x_dAI0_RMS,dCurrent_RMS_x_dAI1_RMS",1.0,1.0,1.0,90,0,0,3,1.0,0.0076958192512393
tabular,One-Class SVM,10,1.0,2,group_ablation,G5,15,"AI0_RMS,AI1_RMS,AI0_AI1_RMS_diff,AI0_AI1_RMS_ratio,AI0_AI1_corr,Current_RMS,Current_RMS_to_AI0_RMS_ratio,Current_RMS_to_AI1_RMS_ratio,AI0_current_residual,AI1_current_residual,AI0_RMS_slope,AI1_RMS_slope,Current_RMS_slope,dCurrent_RMS_x_dAI0_RMS,dCurrent_RMS_x_dAI1_RMS",1.0,1.0,1.0,90,0,0,3,1.0,0.03640066832304001
tabular,Mahalanobis distance,10,1.0,2,group_ablation,G5,15,"AI0_RMS,AI1_RMS,AI0_AI1_RMS_diff,AI0_AI1_RMS_ratio,AI0_AI1_corr,Current_RMS,Current_RMS_to_AI0_RMS_ratio,Current_RMS_to_AI1_RMS_ratio,AI0_current_residual,AI1_current_residual,AI0_RMS_slope,AI1_RMS_slope,Current_RMS_slope,dCurrent_RMS_x_dAI0_RMS,dCurrent_RMS_x_dAI1_RMS",1.0,1.0,1.0,90,0,0,3,1.0,0.0022926656529307365
tabular,Isolation Forest,10,1.0,2,group_ablation,G5,15,"AI0_RMS,AI1_RMS,AI0_AI1_RMS_diff,AI0_AI1_RMS_ratio,AI0_AI1_corr,Current_RMS,Current_RMS_to_AI0_RMS_ratio,Current_RMS_to_AI1_RMS_ratio,AI0_current_residual,AI1_current_residual,AI0_RMS_slope,AI1_RMS_slope,Current_RMS_slope,dCurrent_RMS_x_dAI0_RMS,dCurrent_RMS_x_dAI1_RMS",1.0,0.6666666666666666,0.8,90,0,1,2,1.0,0.8710485631600022
tabular,PCA reconstruction,10,1.0,2,group_ablation,G5,15,"AI0_RMS,AI1_RMS,AI0_AI1_RMS_diff,AI0_AI1_RMS_ratio,AI0_AI1_corr,Current_RMS,Current_RMS_to_AI0_RMS_ratio,Current_RMS_to_AI1_RMS_ratio,AI0_current_residual,AI1_current_residual,AI0_RMS_slope,AI1_RMS_slope,Current_RMS_slope,dCurrent_RMS_x_dAI0_RMS,dCurrent_RMS_x_dAI1_RMS",1.0,1.0,1.0,90,0,0,3,1.0,0.0025993753224611282
temporal,LSTM-Autoencoder,10,1.0,2,full,none,12,"AI0_Vibration,AI1_Vibration,AI2_Current,AI0_short_RMS,AI1_short_RMS,Current_short_RMS,AI0_AI1_RMS_diff,AI0_current_residual,AI1_current_residual,AI0_RMS_slope,AI1_RMS_slope,Current_RMS_slope",1.0,0.6666666666666666,0.8,90,0,1,2,1.0,1.0301216375082731
temporal,1D-CNN,10,1.0,2,full,none,12,"AI0_Vibration,AI1_Vibration,AI2_Current,AI0_short_RMS,AI1_short_RMS,Current_short_RMS,AI0_AI1_RMS_diff,AI0_current_residual,AI1_current_residual,AI0_RMS_slope,AI1_RMS_slope,Current_RMS_slope",1.0,0.3333333333333333,0.5,90,0,2,1,1.0,0.629975107498467
temporal,LSTM-Autoencoder,10,1.0,2,group_ablation,T0,9,"AI0_short_RMS,AI1_short_RMS,Current_short_RMS,AI0_AI1_RMS_diff,AI0_current_residual,AI1_current_residual,AI0_RMS_slope,AI1_RMS_slope,Current_RMS_slope",1.0,0.6666666666666666,0.8,90,0,1,2,1.0,1.0089298197999597
temporal,1D-CNN,10,1.0,2,group_ablation,T0,9,"AI0_short_RMS,AI1_short_RMS,Current_short_RMS,AI0_AI1_RMS_diff,AI0_current_residual,AI1_current_residual,AI0_RMS_slope,AI1_RMS_slope,Current_RMS_slope",1.0,0.6666666666666666,0.8,90,0,1,2,1.0,0.5929312855005264
temporal,LSTM-Autoencoder,10,1.0,2,group_ablation,T1,9,"AI0_Vibration,AI1_Vibration,AI2_Current,AI0_AI1_RMS_diff,AI0_current_residual,AI1_current_residual,AI0_RMS_slope,AI1_RMS_slope,Current_RMS_slope",1.0,1.0,1.0,90,0,0,3,1.0,0.8758067432790995
temporal,1D-CNN,10,1.0,2,group_ablation,T1,9,"AI0_Vibration,AI1_Vibration,AI2_Current,AI0_AI1_RMS_diff,AI0_current_residual,AI1_current_residual,AI0_RMS_slope,AI1_RMS_slope,Current_RMS_slope",1.0,0.3333333333333333,0.5,90,0,2,1,1.0,0.591632166877389
temporal,LSTM-Autoencoder,10,1.0,2,group_ablation,T2,9,"AI0_Vibration,AI1_Vibration,AI2_Current,AI0_short_RMS,AI1_short_RMS,Current_short_RMS,AI0_RMS_slope,AI1_RMS_slope,Current_RMS_slope",1.0,0.6666666666666666,0.8,90,0,1,2,1.0,0.8771225912496448
temporal,1D-CNN,10,1.0,2,group_ablation,T2,9,"AI0_Vibration,AI1_Vibration,AI2_Current,AI0_short_RMS,AI1_short_RMS,Current_short_RMS,AI0_RMS_slope,AI1_RMS_slope,Current_RMS_slope",1.0,0.3333333333333333,0.5,90,0,2,1,1.0,0.593587881885469
temporal,LSTM-Autoencoder,10,1.0,2,group_ablation,T3,9,"AI0_Vibration,AI1_Vibration,AI2_Current,AI0_short_RMS,AI1_short_RMS,Current_short_RMS,AI0_AI1_RMS_diff,AI0_current_residual,AI1_current_residual",1.0,0.6666666666666666,0.8,90,0,1,2,1.0,0.8746983492746949
temporal,1D-CNN,10,1.0,2,group_ablation,T3,9,"AI0_Vibration,AI1_Vibration,AI2_Current,AI0_short_RMS,AI1_short_RMS,Current_short_RMS,AI0_AI1_RMS_diff,AI0_current_residual,AI1_current_residual",1.0,0.3333333333333333,0.5,90,0,2,1,1.0,0.7001903122290969
tabular,LightGBM,15,1.5,2,full,none,19,"AI0_RMS,AI1_RMS,AI0_AI1_RMS_diff,AI0_AI1_RMS_ratio,AI0_AI1_corr,Current_RMS,Current_RMS_to_AI0_RMS_ratio,Current_RMS_to_AI1_RMS_ratio,AI0_current_residual,AI1_current_residual,AI0_RMS_slope,AI1_RMS_slope,Current_RMS_slope,dCurrent_RMS_x_dAI0_RMS,dCurrent_RMS_x_dAI1_RMS,AI0_kurtosis,AI1_kurtosis,AI0_crest_factor,AI1_crest_factor",1.0,1.0,1.0,90,0,0,3,1.0,0.039468515664339066
tabular,XGBoost,15,1.5,2,full,none,19,"AI0_RMS,AI1_RMS,AI0_AI1_RMS_diff,AI0_AI1_RMS_ratio,AI0_AI1_corr,Current_RMS,Current_RMS_to_AI0_RMS_ratio,Current_RMS_to_AI1_RMS_ratio,AI0_current_residual,AI1_current_residual,AI0_RMS_slope,AI1_RMS_slope,Current_RMS_slope,dCurrent_RMS_x_dAI0_RMS,dCurrent_RMS_x_dAI1_RMS,AI0_kurtosis,AI1_kurtosis,AI0_crest_factor,AI1_crest_factor",1.0,1.0,1.0,90,0,0,3,1.0,0.041003559716045856
tabular,Logistic Regression,15,1.5,2,full,none,19,"AI0_RMS,AI1_RMS,AI0_AI1_RMS_diff,AI0_AI1_RMS_ratio,AI0_AI1_corr,Current_RMS,Current_RMS_to_AI0_RMS_ratio,Current_RMS_to_AI1_RMS_ratio,AI0_current_residual,AI1_current_residual,AI0_RMS_slope,AI1_RMS_slope,Current_RMS_slope,dCurrent_RMS_x_dAI0_RMS,dCurrent_RMS_x_dAI1_RMS,AI0_kurtosis,AI1_kurtosis,AI0_crest_factor,AI1_crest_factor",1.0,0.3333333333333333,0.5,90,0,2,1,1.0,0.017459713853895664
tabular,One-Class SVM,15,1.5,2,full,none,19,"AI0_RMS,AI1_RMS,AI0_AI1_RMS_diff,AI0_AI1_RMS_ratio,AI0_AI1_corr,Current_RMS,Current_RMS_to_AI0_RMS_ratio,Current_RMS_to_AI1_RMS_ratio,AI0_current_residual,AI1_current_residual,AI0_RMS_slope,AI1_RMS_slope,Current_RMS_slope,dCurrent_RMS_x_dAI0_RMS,dCurrent_RMS_x_dAI1_RMS,AI0_kurtosis,AI1_kurtosis,AI0_crest_factor,AI1_crest_factor",1.0,1.0,1.0,90,0,0,3,1.0,0.01680444274097681
tabular,Mahalanobis distance,15,1.5,2,full,none,19,"AI0_RMS,AI1_RMS,AI0_AI1_RMS_diff,AI0_AI1_RMS_ratio,AI0_AI1_corr,Current_RMS,Current_RMS_to_AI0_RMS_ratio,Current_RMS_to_AI1_RMS_ratio,AI0_current_residual,AI1_current_residual,AI0_RMS_slope,AI1_RMS_slope,Current_RMS_slope,dCurrent_RMS_x_dAI0_RMS,dCurrent_RMS_x_dAI1_RMS,AI0_kurtosis,AI1_kurtosis,AI0_crest_factor,AI1_crest_factor",1.0,0.6666666666666666,0.8,90,0,1,2,1.0,0.002181406132876873
tabular,Isolation Forest,15,1.5,2,full,none,19,"AI0_RMS,AI1_RMS,AI0_AI1_RMS_diff,AI0_AI1_RMS_ratio,AI0_AI1_corr,Current_RMS,Current_RMS_to_AI0_RMS_ratio,Current_RMS_to_AI1_RMS_ratio,AI0_current_residual,AI1_current_residual,AI0_RMS_slope,AI1_RMS_slope,Current_RMS_slope,dCurrent_RMS_x_dAI0_RMS,dCurrent_RMS_x_dAI1_RMS,AI0_kurtosis,AI1_kurtosis,AI0_crest_factor,AI1_crest_factor",1.0,0.6666666666666666,0.8,90,0,1,2,1.0,0.8224007096141577
tabular,PCA reconstruction,15,1.5,2,full,none,19,"AI0_RMS,AI1_RMS,AI0_AI1_RMS_diff,AI0_AI1_RMS_ratio,AI0_AI1_corr,Current_RMS,Current_RMS_to_AI0_RMS_ratio,Current_RMS_to_AI1_RMS_ratio,AI0_current_residual,AI1_current_residual,AI0_RMS_slope,AI1_RMS_slope,Current_RMS_slope,dCurrent_RMS_x_dAI0_RMS,dCurrent_RMS_x_dAI1_RMS,AI0_kurtosis,AI1_kurtosis,AI0_crest_factor,AI1_crest_factor",1.0,0.6666666666666666,0.8,90,0,1,2,1.0,0.0026557426899671555
tabular,LightGBM,15,1.5,2,group_ablation,G1,17,"AI0_AI1_RMS_diff,AI0_AI1_RMS_ratio,AI0_AI1_corr,Current_RMS,Current_RMS_to_AI0_RMS_ratio,Current_RMS_to_AI1_RMS_ratio,AI0_current_residual,AI1_current_residual,AI0_RMS_slope,AI1_RMS_slope,Current_RMS_slope,dCurrent_RMS_x_dAI0_RMS,dCurrent_RMS_x_dAI1_RMS,AI0_kurtosis,AI1_kurtosis,AI0_crest_factor,AI1_crest_factor",1.0,1.0,1.0,90,0,0,3,1.0,0.048415543511509895
tabular,XGBoost,15,1.5,2,group_ablation,G1,17,"AI0_AI1_RMS_diff,AI0_AI1_RMS_ratio,AI0_AI1_corr,Current_RMS,Current_RMS_to_AI0_RMS_ratio,Current_RMS_to_AI1_RMS_ratio,AI0_current_residual,AI1_current_residual,AI0_RMS_slope,AI1_RMS_slope,Current_RMS_slope,dCurrent_RMS_x_dAI0_RMS,dCurrent_RMS_x_dAI1_RMS,AI0_kurtosis,AI1_kurtosis,AI0_crest_factor,AI1_crest_factor",1.0,1.0,1.0,90,0,0,3,1.0,0.050290060229599476
tabular,Logistic Regression,15,1.5,2,group_ablation,G1,17,"AI0_AI1_RMS_diff,AI0_AI1_RMS_ratio,AI0_AI1_corr,Current_RMS,Current_RMS_to_AI0_RMS_ratio,Current_RMS_to_AI1_RMS_ratio,AI0_current_residual,AI1_current_residual,AI0_RMS_slope,AI1_RMS_slope,Current_RMS_slope,dCurrent_RMS_x_dAI0_RMS,dCurrent_RMS_x_dAI1_RMS,AI0_kurtosis,AI1_kurtosis,AI0_crest_factor,AI1_crest_factor",1.0,0.3333333333333333,0.5,90,0,2,1,1.0,0.021263967268168926
tabular,One-Class SVM,15,1.5,2,group_ablation,G1,17,"AI0_AI1_RMS_diff,AI0_AI1_RMS_ratio,AI0_AI1_corr,Current_RMS,Current_RMS_to_AI0_RMS_ratio,Current_RMS_to_AI1_RMS_ratio,AI0_current_residual,AI1_current_residual,AI0_RMS_slope,AI1_RMS_slope,Current_RMS_slope,dCurrent_RMS_x_dAI0_RMS,dCurrent_RMS_x_dAI1_RMS,AI0_kurtosis,AI1_kurtosis,AI0_crest_factor,AI1_crest_factor",1.0,1.0,1.0,90,0,0,3,1.0,0.01768345944583416
tabular,Mahalanobis distance,15,1.5,2,group_ablation,G1,17,"AI0_AI1_RMS_diff,AI0_AI1_RMS_ratio,AI0_AI1_corr,Current_RMS,Current_RMS_to_AI0_RMS_ratio,Current_RMS_to_AI1_RMS_ratio,AI0_current_residual,AI1_current_residual,AI0_RMS_slope,AI1_RMS_slope,Current_RMS_slope,dCurrent_RMS_x_dAI0_RMS,dCurrent_RMS_x_dAI1_RMS,AI0_kurtosis,AI1_kurtosis,AI0_crest_factor,AI1_crest_factor",1.0,0.6666666666666666,0.8,90,0,1,2,1.0,0.0020499275997281075
tabular,Isolation Forest,15,1.5,2,group_ablation,G1,17,"AI0_AI1_RMS_diff,AI0_AI1_RMS_ratio,AI0_AI1_corr,Current_RMS,Current_RMS_to_AI0_RMS_ratio,Current_RMS_to_AI1_RMS_ratio,AI0_current_residual,AI1_current_residual,AI0_RMS_slope,AI1_RMS_slope,Current_RMS_slope,dCurrent_RMS_x_dAI0_RMS,dCurrent_RMS_x_dAI1_RMS,AI0_kurtosis,AI1_kurtosis,AI0_crest_factor,AI1_crest_factor",1.0,0.6666666666666666,0.8,90,0,1,2,1.0,0.7887461250647902
tabular,PCA reconstruction,15,1.5,2,group_ablation,G1,17,"AI0_AI1_RMS_diff,AI0_AI1_RMS_ratio,AI0_AI1_corr,Current_RMS,Current_RMS_to_AI0_RMS_ratio,Current_RMS_to_AI1_RMS_ratio,AI0_current_residual,AI1_current_residual,AI0_RMS_slope,AI1_RMS_slope,Current_RMS_slope,dCurrent_RMS_x_dAI0_RMS,dCurrent_RMS_x_dAI1_RMS,AI0_kurtosis,AI1_kurtosis,AI0_crest_factor,AI1_crest_factor",1.0,0.6666666666666666,0.8,90,0,1,2,1.0,0.0024295011535286903
tabular,LightGBM,15,1.5,2,group_ablation,G2,16,"AI0_RMS,AI1_RMS,Current_RMS,Current_RMS_to_AI0_RMS_ratio,Current_RMS_to_AI1_RMS_ratio,AI0_current_residual,AI1_current_residual,AI0_RMS_slope,AI1_RMS_slope,Current_RMS_slope,dCurrent_RMS_x_dAI0_RMS,dCurrent_RMS_x_dAI1_RMS,AI0_kurtosis,AI1_kurtosis,AI0_crest_factor,AI1_crest_factor",1.0,1.0,1.0,90,0,0,3,1.0,0.036863972432911396
tabular,XGBoost,15,1.5,2,group_ablation,G2,16,"AI0_RMS,AI1_RMS,Current_RMS,Current_RMS_to_AI0_RMS_ratio,Current_RMS_to_AI1_RMS_ratio,AI0_current_residual,AI1_current_residual,AI0_RMS_slope,AI1_RMS_slope,Current_RMS_slope,dCurrent_RMS_x_dAI0_RMS,dCurrent_RMS_x_dAI1_RMS,AI0_kurtosis,AI1_kurtosis,AI0_crest_factor,AI1_crest_factor",1.0,1.0,1.0,90,0,0,3,1.0,0.03822055086493492
tabular,Logistic Regression,15,1.5,2,group_ablation,G2,16,"AI0_RMS,AI1_RMS,Current_RMS,Current_RMS_to_AI0_RMS_ratio,Current_RMS_to_AI1_RMS_ratio,AI0_current_residual,AI1_current_residual,AI0_RMS_slope,AI1_RMS_slope,Current_RMS_slope,dCurrent_RMS_x_dAI0_RMS,dCurrent_RMS_x_dAI1_RMS,AI0_kurtosis,AI1_kurtosis,AI0_crest_factor,AI1_crest_factor",1.0,0.3333333333333333,0.5,90,0,2,1,1.0,0.017102057114243507
tabular,One-Class SVM,15,1.5,2,group_ablation,G2,16,"AI0_RMS,AI1_RMS,Current_RMS,Current_RMS_to_AI0_RMS_ratio,Current_RMS_to_AI1_RMS_ratio,AI0_current_residual,AI1_current_residual,AI0_RMS_slope,AI1_RMS_slope,Current_RMS_slope,dCurrent_RMS_x_dAI0_RMS,dCurrent_RMS_x_dAI1_RMS,AI0_kurtosis,AI1_kurtosis,AI0_crest_factor,AI1_crest_factor",1.0,1.0,1.0,90,0,0,3,1.0,0.028102034702897072
tabular,Mahalanobis distance,15,1.5,2,group_ablation,G2,16,"AI0_RMS,AI1_RMS,Current_RMS,Current_RMS_to_AI0_RMS_ratio,Current_RMS_to_AI1_RMS_ratio,AI0_current_residual,AI1_current_residual,AI0_RMS_slope,AI1_RMS_slope,Current_RMS_slope,dCurrent_RMS_x_dAI0_RMS,dCurrent_RMS_x_dAI1_RMS,AI0_kurtosis,AI1_kurtosis,AI0_crest_factor,AI1_crest_factor",1.0,0.6666666666666666,0.8,90,0,1,2,1.0,0.0024237940087914467
tabular,Isolation Forest,15,1.5,2,group_ablation,G2,16,"AI0_RMS,AI1_RMS,Current_RMS,Current_RMS_to_AI0_RMS_ratio,Current_RMS_to_AI1_RMS_ratio,AI0_current_residual,AI1_current_residual,AI0_RMS_slope,AI1_RMS_slope,Current_RMS_slope,dCurrent_RMS_x_dAI0_RMS,dCurrent_RMS_x_dAI1_RMS,AI0_kurtosis,AI1_kurtosis,AI0_crest_factor,AI1_crest_factor",1.0,0.3333333333333333,0.5,90,0,2,1,1.0,0.8046004697680473
tabular,PCA reconstruction,15,1.5,2,group_ablation,G2,16,"AI0_RMS,AI1_RMS,Current_RMS,Current_RMS_to_AI0_RMS_ratio,Current_RMS_to_AI1_RMS_ratio,AI0_current_residual,AI1_current_residual,AI0_RMS_slope,AI1_RMS_slope,Current_RMS_slope,dCurrent_RMS_x_dAI0_RMS,dCurrent_RMS_x_dAI1_RMS,AI0_kurtosis,AI1_kurtosis,AI0_crest_factor,AI1_crest_factor",1.0,0.6666666666666666,0.8,90,0,1,2,1.0,0.002257595770061016
tabular,LightGBM,15,1.5,2,group_ablation,G3,14,"AI0_RMS,AI1_RMS,AI0_AI1_RMS_diff,AI0_AI1_RMS_ratio,AI0_AI1_corr,AI0_RMS_slope,AI1_RMS_slope,Current_RMS_slope,dCurrent_RMS_x_dAI0_RMS,dCurrent_RMS_x_dAI1_RMS,AI0_kurtosis,AI1_kurtosis,AI0_crest_factor,AI1_crest_factor",1.0,1.0,1.0,90,0,0,3,1.0,0.04705797787755728
tabular,XGBoost,15,1.5,2,group_ablation,G3,14,"AI0_RMS,AI1_RMS,AI0_AI1_RMS_diff,AI0_AI1_RMS_ratio,AI0_AI1_corr,AI0_RMS_slope,AI1_RMS_slope,Current_RMS_slope,dCurrent_RMS_x_dAI0_RMS,dCurrent_RMS_x_dAI1_RMS,AI0_kurtosis,AI1_kurtosis,AI0_crest_factor,AI1_crest_factor",1.0,1.0,1.0,90,0,0,3,1.0,0.04279578011482954
tabular,Logistic Regression,15,1.5,2,group_ablation,G3,14,"AI0_RMS,AI1_RMS,AI0_AI1_RMS_diff,AI0_AI1_RMS_ratio,AI0_AI1_corr,AI0_RMS_slope,AI1_RMS_slope,Current_RMS_slope,dCurrent_RMS_x_dAI0_RMS,dCurrent_RMS_x_dAI1_RMS,AI0_kurtosis,AI1_kurtosis,AI0_crest_factor,AI1_crest_factor",1.0,0.6666666666666666,0.8,90,0,1,2,1.0,0.01758245751261711
tabular,One-Class SVM,15,1.5,2,group_ablation,G3,14,"AI0_RMS,AI1_RMS,AI0_AI1_RMS_diff,AI0_AI1_RMS_ratio,AI0_AI1_corr,AI0_RMS_slope,AI1_RMS_slope,Current_RMS_slope,dCurrent_RMS_x_dAI0_RMS,dCurrent_RMS_x_dAI1_RMS,AI0_kurtosis,AI1_kurtosis,AI0_crest_factor,AI1_crest_factor",1.0,0.6666666666666666,0.8,90,0,1,2,1.0,0.01709271501749754
tabular,Mahalanobis distance,15,1.5,2,group_ablation,G3,14,"AI0_RMS,AI1_RMS,AI0_AI1_RMS_diff,AI0_AI1_RMS_ratio,AI0_AI1_corr,AI0_RMS_slope,AI1_RMS_slope,Current_RMS_slope,dCurrent_RMS_x_dAI0_RMS,dCurrent_RMS_x_dAI1_RMS,AI0_kurtosis,AI1_kurtosis,AI0_crest_factor,AI1_crest_factor",1.0,0.6666666666666666,0.8,90,0,1,2,1.0,0.0018568811938166618
tabular,Isolation Forest,15,1.5,2,group_ablation,G3,14,"AI0_RMS,AI1_RMS,AI0_AI1_RMS_diff,AI0_AI1_RMS_ratio,AI0_AI1_corr,AI0_RMS_slope,AI1_RMS_slope,Current_RMS_slope,dCurrent_RMS_x_dAI0_RMS,dCurrent_RMS_x_dAI1_RMS,AI0_kurtosis,AI1_kurtosis,AI0_crest_factor,AI1_crest_factor",1.0,0.6666666666666666,0.8,90,0,1,2,1.0,0.8045571828261018
tabular,PCA reconstruction,15,1.5,2,group_ablation,G3,14,"AI0_RMS,AI1_RMS,AI0_AI1_RMS_diff,AI0_AI1_RMS_ratio,AI0_AI1_corr,AI0_RMS_slope,AI1_RMS_slope,Current_RMS_slope,dCurrent_RMS_x_dAI0_RMS,dCurrent_RMS_x_dAI1_RMS,AI0_kurtosis,AI1_kurtosis,AI0_crest_factor,AI1_crest_factor",1.0,0.3333333333333333,0.5,90,0,2,1,1.0,0.002142658457159996
tabular,LightGBM,15,1.5,2,group_ablation,G4,14,"AI0_RMS,AI1_RMS,AI0_AI1_RMS_diff,AI0_AI1_RMS_ratio,AI0_AI1_corr,Current_RMS,Current_RMS_to_AI0_RMS_ratio,Current_RMS_to_AI1_RMS_ratio,AI0_current_residual,AI1_current_residual,AI0_kurtosis,AI1_kurtosis,AI0_crest_factor,AI1_crest_factor",1.0,0.6666666666666666,0.8,90,0,1,2,1.0,0.03973386902362108
tabular,XGBoost,15,1.5,2,group_ablation,G4,14,"AI0_RMS,AI1_RMS,AI0_AI1_RMS_diff,AI0_AI1_RMS_ratio,AI0_AI1_corr,Current_RMS,Current_RMS_to_AI0_RMS_ratio,Current_RMS_to_AI1_RMS_ratio,AI0_current_residual,AI1_current_residual,AI0_kurtosis,AI1_kurtosis,AI0_crest_factor,AI1_crest_factor",1.0,0.6666666666666666,0.8,90,0,1,2,1.0,0.03720581624656916
tabular,Logistic Regression,15,1.5,2,group_ablation,G4,14,"AI0_RMS,AI1_RMS,AI0_AI1_RMS_diff,AI0_AI1_RMS_ratio,AI0_AI1_corr,Current_RMS,Current_RMS_to_AI0_RMS_ratio,Current_RMS_to_AI1_RMS_ratio,AI0_current_residual,AI1_current_residual,AI0_kurtosis,AI1_kurtosis,AI0_crest_factor,AI1_crest_factor",1.0,0.3333333333333333,0.5,90,0,2,1,1.0,0.007853497751057148
tabular,One-Class SVM,15,1.5,2,group_ablation,G4,14,"AI0_RMS,AI1_RMS,AI0_AI1_RMS_diff,AI0_AI1_RMS_ratio,AI0_AI1_corr,Current_RMS,Current_RMS_to_AI0_RMS_ratio,Current_RMS_to_AI1_RMS_ratio,AI0_current_residual,AI1_current_residual,AI0_kurtosis,AI1_kurtosis,AI0_crest_factor,AI1_crest_factor",1.0,0.6666666666666666,0.8,90,0,1,2,1.0,0.0250966539606452
tabular,Mahalanobis distance,15,1.5,2,group_ablation,G4,14,"AI0_RMS,AI1_RMS,AI0_AI1_RMS_diff,AI0_AI1_RMS_ratio,AI0_AI1_corr,Current_RMS,Current_RMS_to_AI0_RMS_ratio,Current_RMS_to_AI1_RMS_ratio,AI0_current_residual,AI1_current_residual,AI0_kurtosis,AI1_kurtosis,AI0_crest_factor,AI1_crest_factor",1.0,1.0,1.0,90,0,0,3,1.0,0.002529384568333626
tabular,Isolation Forest,15,1.5,2,group_ablation,G4,14,"AI0_RMS,AI1_RMS,AI0_AI1_RMS_diff,AI0_AI1_RMS_ratio,AI0_AI1_corr,Current_RMS,Current_RMS_to_AI0_RMS_ratio,Current_RMS_to_AI1_RMS_ratio,AI0_current_residual,AI1_current_residual,AI0_kurtosis,AI1_kurtosis,AI0_crest_factor,AI1_crest_factor",1.0,1.0,1.0,90,0,0,3,1.0,0.8580255974084139
tabular,PCA reconstruction,15,1.5,2,group_ablation,G4,14,"AI0_RMS,AI1_RMS,AI0_AI1_RMS_diff,AI0_AI1_RMS_ratio,AI0_AI1_corr,Current_RMS,Current_RMS_to_AI0_RMS_ratio,Current_RMS_to_AI1_RMS_ratio,AI0_current_residual,AI1_current_residual,AI0_kurtosis,AI1_kurtosis,AI0_crest_factor,AI1_crest_factor",1.0,1.0,1.0,90,0,0,3,1.0,0.0021262839436531067
tabular,LightGBM,15,1.5,2,group_ablation,G5,15,"AI0_RMS,AI1_RMS,AI0_AI1_RMS_diff,AI0_AI1_RMS_ratio,AI0_AI1_corr,Current_RMS,Current_RMS_to_AI0_RMS_ratio,Current_RMS_to_AI1_RMS_ratio,AI0_current_residual,AI1_current_residual,AI0_RMS_slope,AI1_RMS_slope,Current_RMS_slope,dCurrent_RMS_x_dAI0_RMS,dCurrent_RMS_x_dAI1_RMS",1.0,1.0,1.0,90,0,0,3,1.0,0.04416257981210947
tabular,XGBoost,15,1.5,2,group_ablation,G5,15,"AI0_RMS,AI1_RMS,AI0_AI1_RMS_diff,AI0_AI1_RMS_ratio,AI0_AI1_corr,Current_RMS,Current_RMS_to_AI0_RMS_ratio,Current_RMS_to_AI1_RMS_ratio,AI0_current_residual,AI1_current_residual,AI0_RMS_slope,AI1_RMS_slope,Current_RMS_slope,dCurrent_RMS_x_dAI0_RMS,dCurrent_RMS_x_dAI1_RMS",1.0,0.6666666666666666,0.8,90,0,1,2,1.0,0.04948157910257578
tabular,Logistic Regression,15,1.5,2,group_ablation,G5,15,"AI0_RMS,AI1_RMS,AI0_AI1_RMS_diff,AI0_AI1_RMS_ratio,AI0_AI1_corr,Current_RMS,Current_RMS_to_AI0_RMS_ratio,Current_RMS_to_AI1_RMS_ratio,AI0_current_residual,AI1_current_residual,AI0_RMS_slope,AI1_RMS_slope,Current_RMS_slope,dCurrent_RMS_x_dAI0_RMS,dCurrent_RMS_x_dAI1_RMS",0.5,0.3333333333333333,0.4,89,1,2,1,0.8055555555555556,0.013085096143186092
tabular,One-Class SVM,15,1.5,2,group_ablation,G5,15,"AI0_RMS,AI1_RMS,AI0_AI1_RMS_diff,AI0_AI1_RMS_ratio,AI0_AI1_corr,Current_RMS,Current_RMS_to_AI0_RMS_ratio,Current_RMS_to_AI1_RMS_ratio,AI0_current_residual,AI1_current_residual,AI0_RMS_slope,AI1_RMS_slope,Current_RMS_slope,dCurrent_RMS_x_dAI0_RMS,dCurrent_RMS_x_dAI1_RMS",1.0,1.0,1.0,90,0,0,3,1.0,0.018599913455545902
tabular,Mahalanobis distance,15,1.5,2,group_ablation,G5,15,"AI0_RMS,AI1_RMS,AI0_AI1_RMS_diff,AI0_AI1_RMS_ratio,AI0_AI1_corr,Current_RMS,Current_RMS_to_AI0_RMS_ratio,Current_RMS_to_AI1_RMS_ratio,AI0_current_residual,AI1_current_residual,AI0_RMS_slope,AI1_RMS_slope,Current_RMS_slope,dCurrent_RMS_x_dAI0_RMS,dCurrent_RMS_x_dAI1_RMS",1.0,0.6666666666666666,0.8,90,0,1,2,1.0,0.002006698399782181
tabular,Isolation Forest,15,1.5,2,group_ablation,G5,15,"AI0_RMS,AI1_RMS,AI0_AI1_RMS_diff,AI0_AI1_RMS_ratio,AI0_AI1_corr,Current_RMS,Current_RMS_to_AI0_RMS_ratio,Current_RMS_to_AI1_RMS_ratio,AI0_current_residual,AI1_current_residual,AI0_RMS_slope,AI1_RMS_slope,Current_RMS_slope,dCurrent_RMS_x_dAI0_RMS,dCurrent_RMS_x_dAI1_RMS",1.0,0.6666666666666666,0.8,90,0,1,2,1.0,0.8513892982155085
tabular,PCA reconstruction,15,1.5,2,group_ablation,G5,15,"AI0_RMS,AI1_RMS,AI0_AI1_RMS_diff,AI0_AI1_RMS_ratio,AI0_AI1_corr,Current_RMS,Current_RMS_to_AI0_RMS_ratio,Current_RMS_to_AI1_RMS_ratio,AI0_current_residual,AI1_current_residual,AI0_RMS_slope,AI1_RMS_slope,Current_RMS_slope,dCurrent_RMS_x_dAI0_RMS,dCurrent_RMS_x_dAI1_RMS",1.0,1.0,1.0,90,0,0,3,1.0,0.002069380134344101
temporal,LSTM-Autoencoder,15,1.5,2,full,none,12,"AI0_Vibration,AI1_Vibration,AI2_Current,AI0_short_RMS,AI1_short_RMS,Current_short_RMS,AI0_AI1_RMS_diff,AI0_current_residual,AI1_current_residual,AI0_RMS_slope,AI1_RMS_slope,Current_RMS_slope",1.0,1.0,1.0,90,0,0,3,1.0,0.6975114364176989
temporal,1D-CNN,15,1.5,2,full,none,12,"AI0_Vibration,AI1_Vibration,AI2_Current,AI0_short_RMS,AI1_short_RMS,Current_short_RMS,AI0_AI1_RMS_diff,AI0_current_residual,AI1_current_residual,AI0_RMS_slope,AI1_RMS_slope,Current_RMS_slope",1.0,1.0,1.0,90,0,0,3,1.0,0.3722304943948984
temporal,LSTM-Autoencoder,15,1.5,2,group_ablation,T0,9,"AI0_short_RMS,AI1_short_RMS,Current_short_RMS,AI0_AI1_RMS_diff,AI0_current_residual,AI1_current_residual,AI0_RMS_slope,AI1_RMS_slope,Current_RMS_slope",1.0,1.0,1.0,90,0,0,3,1.0,0.7958058584481478
temporal,1D-CNN,15,1.5,2,group_ablation,T0,9,"AI0_short_RMS,AI1_short_RMS,Current_short_RMS,AI0_AI1_RMS_diff,AI0_current_residual,AI1_current_residual,AI0_RMS_slope,AI1_RMS_slope,Current_RMS_slope",1.0,0.3333333333333333,0.5,90,0,2,1,1.0,0.42879150435328484
temporal,LSTM-Autoencoder,15,1.5,2,group_ablation,T1,9,"AI0_Vibration,AI1_Vibration,AI2_Current,AI0_AI1_RMS_diff,AI0_current_residual,AI1_current_residual,AI0_RMS_slope,AI1_RMS_slope,Current_RMS_slope",1.0,1.0,1.0,90,0,0,3,1.0,0.7891649613156915
temporal,1D-CNN,15,1.5,2,group_ablation,T1,9,"AI0_Vibration,AI1_Vibration,AI2_Current,AI0_AI1_RMS_diff,AI0_current_residual,AI1_current_residual,AI0_RMS_slope,AI1_RMS_slope,Current_RMS_slope",1.0,1.0,1.0,90,0,0,3,1.0,0.4049521591514349
temporal,LSTM-Autoencoder,15,1.5,2,group_ablation,T2,9,"AI0_Vibration,AI1_Vibration,AI2_Current,AI0_short_RMS,AI1_short_RMS,Current_short_RMS,AI0_RMS_slope,AI1_RMS_slope,Current_RMS_slope",1.0,0.6666666666666666,0.8,90,0,1,2,1.0,0.7880569146946073
temporal,1D-CNN,15,1.5,2,group_ablation,T2,9,"AI0_Vibration,AI1_Vibration,AI2_Current,AI0_short_RMS,AI1_short_RMS,Current_short_RMS,AI0_RMS_slope,AI1_RMS_slope,Current_RMS_slope",1.0,1.0,1.0,90,0,0,3,1.0,0.4248134298250079
temporal,LSTM-Autoencoder,15,1.5,2,group_ablation,T3,9,"AI0_Vibration,AI1_Vibration,AI2_Current,AI0_short_RMS,AI1_short_RMS,Current_short_RMS,AI0_AI1_RMS_diff,AI0_current_residual,AI1_current_residual",1.0,1.0,1.0,90,0,0,3,1.0,0.789100038819015
temporal,1D-CNN,15,1.5,2,group_ablation,T3,9,"AI0_Vibration,AI1_Vibration,AI2_Current,AI0_short_RMS,AI1_short_RMS,Current_short_RMS,AI0_AI1_RMS_diff,AI0_current_residual,AI1_current_residual",1.0,0.3333333333333333,0.5,90,0,2,1,1.0,0.4257892919704318
tabular,LightGBM,20,2.0,2,full,none,19,"AI0_RMS,AI1_RMS,AI0_AI1_RMS_diff,AI0_AI1_RMS_ratio,AI0_AI1_corr,Current_RMS,Current_RMS_to_AI0_RMS_ratio,Current_RMS_to_AI1_RMS_ratio,AI0_current_residual,AI1_current_residual,AI0_RMS_slope,AI1_RMS_slope,Current_RMS_slope,dCurrent_RMS_x_dAI0_RMS,dCurrent_RMS_x_dAI1_RMS,AI0_kurtosis,AI1_kurtosis,AI0_crest_factor,AI1_crest_factor",1.0,0.6666666666666666,0.8,90,0,1,2,1.0,0.04775644466280937
tabular,XGBoost,20,2.0,2,full,none,19,"AI0_RMS,AI1_RMS,AI0_AI1_RMS_diff,AI0_AI1_RMS_ratio,AI0_AI1_corr,Current_RMS,Current_RMS_to_AI0_RMS_ratio,Current_RMS_to_AI1_RMS_ratio,AI0_current_residual,AI1_current_residual,AI0_RMS_slope,AI1_RMS_slope,Current_RMS_slope,dCurrent_RMS_x_dAI0_RMS,dCurrent_RMS_x_dAI1_RMS,AI0_kurtosis,AI1_kurtosis,AI0_crest_factor,AI1_crest_factor",1.0,0.3333333333333333,0.5,90,0,2,1,1.0,0.04291055444628
tabular,Logistic Regression,20,2.0,2,full,none,19,"AI0_RMS,AI1_RMS,AI0_AI1_RMS_diff,AI0_AI1_RMS_ratio,AI0_AI1_corr,Current_RMS,Current_RMS_to_AI0_RMS_ratio,Current_RMS_to_AI1_RMS_ratio,AI0_current_residual,AI1_current_residual,AI0_RMS_slope,AI1_RMS_slope,Current_RMS_slope,dCurrent_RMS_x_dAI0_RMS,dCurrent_RMS_x_dAI1_RMS,AI0_kurtosis,AI1_kurtosis,AI0_crest_factor,AI1_crest_factor",1.0,1.0,1.0,90,0,0,3,1.0,0.012097436934709549
tabular,One-Class SVM,20,2.0,2,full,none,19,"AI0_RMS,AI1_RMS,AI0_AI1_RMS_diff,AI0_AI1_RMS_ratio,AI0_AI1_corr,Current_RMS,Current_RMS_to_AI0_RMS_ratio,Current_RMS_to_AI1_RMS_ratio,AI0_current_residual,AI1_current_residual,AI0_RMS_slope,AI1_RMS_slope,Current_RMS_slope,dCurrent_RMS_x_dAI0_RMS,dCurrent_RMS_x_dAI1_RMS,AI0_kurtosis,AI1_kurtosis,AI0_crest_factor,AI1_crest_factor",1.0,0.6666666666666666,0.8,90,0,1,2,1.0,0.015242788009345531
tabular,Mahalanobis distance,20,2.0,2,full,none,19,"AI0_RMS,AI1_RMS,AI0_AI1_RMS_diff,AI0_AI1_RMS_ratio,AI0_AI1_corr,Current_RMS,Current_RMS_to_AI0_RMS_ratio,Current_RMS_to_AI1_RMS_ratio,AI0_current_residual,AI1_current_residual,AI0_RMS_slope,AI1_RMS_slope,Current_RMS_slope,dCurrent_RMS_x_dAI0_RMS,dCurrent_RMS_x_dAI1_RMS,AI0_kurtosis,AI1_kurtosis,AI0_crest_factor,AI1_crest_factor",1.0,0.3333333333333333,0.5,90,0,2,1,1.0,0.002433094196021557
tabular,Isolation Forest,20,2.0,2,full,none,19,"AI0_RMS,AI1_RMS,AI0_AI1_RMS_diff,AI0_AI1_RMS_ratio,AI0_AI1_corr,Current_RMS,Current_RMS_to_AI0_RMS_ratio,Current_RMS_to_AI1_RMS_ratio,AI0_current_residual,AI1_current_residual,AI0_RMS_slope,AI1_RMS_slope,Current_RMS_slope,dCurrent_RMS_x_dAI0_RMS,dCurrent_RMS_x_dAI1_RMS,AI0_kurtosis,AI1_kurtosis,AI0_crest_factor,AI1_crest_factor",1.0,0.6666666666666666,0.8,90,0,1,2,1.0,0.822422725148499
tabular,PCA reconstruction,20,2.0,2,full,none,19,"AI0_RMS,AI1_RMS,AI0_AI1_RMS_diff,AI0_AI1_RMS_ratio,AI0_AI1_corr,Current_RMS,Current_RMS_to_AI0_RMS_ratio,Current_RMS_to_AI1_RMS_ratio,AI0_current_residual,AI1_current_residual,AI0_RMS_slope,AI1_RMS_slope,Current_RMS_slope,dCurrent_RMS_x_dAI0_RMS,dCurrent_RMS_x_dAI1_RMS,AI0_kurtosis,AI1_kurtosis,AI0_crest_factor,AI1_crest_factor",1.0,1.0,1.0,90,0,0,3,1.0,0.002316271886229515
tabular,LightGBM,20,2.0,2,group_ablation,G1,17,"AI0_AI1_RMS_diff,AI0_AI1_RMS_ratio,AI0_AI1_corr,Current_RMS,Current_RMS_to_AI0_RMS_ratio,Current_RMS_to_AI1_RMS_ratio,AI0_current_residual,AI1_current_residual,AI0_RMS_slope,AI1_RMS_slope,Current_RMS_slope,dCurrent_RMS_x_dAI0_RMS,dCurrent_RMS_x_dAI1_RMS,AI0_kurtosis,AI1_kurtosis,AI0_crest_factor,AI1_crest_factor",1.0,0.3333333333333333,0.5,90,0,2,1,1.0,0.0557892881333828
tabular,XGBoost,20,2.0,2,group_ablation,G1,17,"AI0_AI1_RMS_diff,AI0_AI1_RMS_ratio,AI0_AI1_corr,Current_RMS,Current_RMS_to_AI0_RMS_ratio,Current_RMS_to_AI1_RMS_ratio,AI0_current_residual,AI1_current_residual,AI0_RMS_slope,AI1_RMS_slope,Current_RMS_slope,dCurrent_RMS_x_dAI0_RMS,dCurrent_RMS_x_dAI1_RMS,AI0_kurtosis,AI1_kurtosis,AI0_crest_factor,AI1_crest_factor",1.0,0.3333333333333333,0.5,90,0,2,1,1.0,0.04337833635509014
tabular,Logistic Regression,20,2.0,2,group_ablation,G1,17,"AI0_AI1_RMS_diff,AI0_AI1_RMS_ratio,AI0_AI1_corr,Current_RMS,Current_RMS_to_AI0_RMS_ratio,Current_RMS_to_AI1_RMS_ratio,AI0_current_residual,AI1_current_residual,AI0_RMS_slope,AI1_RMS_slope,Current_RMS_slope,dCurrent_RMS_x_dAI0_RMS,dCurrent_RMS_x_dAI1_RMS,AI0_kurtosis,AI1_kurtosis,AI0_crest_factor,AI1_crest_factor",1.0,1.0,1.0,90,0,0,3,1.0,0.0109479995444417
tabular,One-Class SVM,20,2.0,2,group_ablation,G1,17,"AI0_AI1_RMS_diff,AI0_AI1_RMS_ratio,AI0_AI1_corr,Current_RMS,Current_RMS_to_AI0_RMS_ratio,Current_RMS_to_AI1_RMS_ratio,AI0_current_residual,AI1_current_residual,AI0_RMS_slope,AI1_RMS_slope,Current_RMS_slope,dCurrent_RMS_x_dAI0_RMS,dCurrent_RMS_x_dAI1_RMS,AI0_kurtosis,AI1_kurtosis,AI0_crest_factor,AI1_crest_factor",1.0,0.6666666666666666,0.8,90,0,1,2,1.0,0.008992505259811878
tabular,Mahalanobis distance,20,2.0,2,group_ablation,G1,17,"AI0_AI1_RMS_diff,AI0_AI1_RMS_ratio,AI0_AI1_corr,Current_RMS,Current_RMS_to_AI0_RMS_ratio,Current_RMS_to_AI1_RMS_ratio,AI0_current_residual,AI1_current_residual,AI0_RMS_slope,AI1_RMS_slope,Current_RMS_slope,dCurrent_RMS_x_dAI0_RMS,dCurrent_RMS_x_dAI1_RMS,AI0_kurtosis,AI1_kurtosis,AI0_crest_factor,AI1_crest_factor",1.0,0.3333333333333333,0.5,90,0,2,1,1.0,0.001820215955376625
tabular,Isolation Forest,20,2.0,2,group_ablation,G1,17,"AI0_AI1_RMS_diff,AI0_AI1_RMS_ratio,AI0_AI1_corr,Current_RMS,Current_RMS_to_AI0_RMS_ratio,Current_RMS_to_AI1_RMS_ratio,AI0_current_residual,AI1_current_residual,AI0_RMS_slope,AI1_RMS_slope,Current_RMS_slope,dCurrent_RMS_x_dAI0_RMS,dCurrent_RMS_x_dAI1_RMS,AI0_kurtosis,AI1_kurtosis,AI0_crest_factor,AI1_crest_factor",1.0,0.3333333333333333,0.5,90,0,2,1,1.0,0.7842956213280559
tabular,PCA reconstruction,20,2.0,2,group_ablation,G1,17,"AI0_AI1_RMS_diff,AI0_AI1_RMS_ratio,AI0_AI1_corr,Current_RMS,Current_RMS_to_AI0_RMS_ratio,Current_RMS_to_AI1_RMS_ratio,AI0_current_residual,AI1_current_residual,AI0_RMS_slope,AI1_RMS_slope,Current_RMS_slope,dCurrent_RMS_x_dAI0_RMS,dCurrent_RMS_x_dAI1_RMS,AI0_kurtosis,AI1_kurtosis,AI0_crest_factor,AI1_crest_factor",1.0,1.0,1.0,90,0,0,3,1.0,0.002182530239224434
tabular,LightGBM,20,2.0,2,group_ablation,G2,16,"AI0_RMS,AI1_RMS,Current_RMS,Current_RMS_to_AI0_RMS_ratio,Current_RMS_to_AI1_RMS_ratio,AI0_current_residual,AI1_current_residual,AI0_RMS_slope,AI1_RMS_slope,Current_RMS_slope,dCurrent_RMS_x_dAI0_RMS,dCurrent_RMS_x_dAI1_RMS,AI0_kurtosis,AI1_kurtosis,AI0_crest_factor,AI1_crest_factor",1.0,0.3333333333333333,0.5,90,0,2,1,1.0,0.04658533073961735
tabular,XGBoost,20,2.0,2,group_ablation,G2,16,"AI0_RMS,AI1_RMS,Current_RMS,Current_RMS_to_AI0_RMS_ratio,Current_RMS_to_AI1_RMS_ratio,AI0_current_residual,AI1_current_residual,AI0_RMS_slope,AI1_RMS_slope,Current_RMS_slope,dCurrent_RMS_x_dAI0_RMS,dCurrent_RMS_x_dAI1_RMS,AI0_kurtosis,AI1_kurtosis,AI0_crest_factor,AI1_crest_factor",1.0,0.3333333333333333,0.5,90,0,2,1,1.0,0.039967987686395645
tabular,Logistic Regression,20,2.0,2,group_ablation,G2,16,"AI0_RMS,AI1_RMS,Current_RMS,Current_RMS_to_AI0_RMS_ratio,Current_RMS_to_AI1_RMS_ratio,AI0_current_residual,AI1_current_residual,AI0_RMS_slope,AI1_RMS_slope,Current_RMS_slope,dCurrent_RMS_x_dAI0_RMS,dCurrent_RMS_x_dAI1_RMS,AI0_kurtosis,AI1_kurtosis,AI0_crest_factor,AI1_crest_factor",1.0,1.0,1.0,90,0,0,3,1.0,0.010774830356240273
tabular,One-Class SVM,20,2.0,2,group_ablation,G2,16,"AI0_RMS,AI1_RMS,Current_RMS,Current_RMS_to_AI0_RMS_ratio,Current_RMS_to_AI1_RMS_ratio,AI0_current_residual,AI1_current_residual,AI0_RMS_slope,AI1_RMS_slope,Current_RMS_slope,dCurrent_RMS_x_dAI0_RMS,dCurrent_RMS_x_dAI1_RMS,AI0_kurtosis,AI1_kurtosis,AI0_crest_factor,AI1_crest_factor",1.0,0.6666666666666666,0.8,90,0,1,2,1.0,0.01455386821180582
tabular,Mahalanobis distance,20,2.0,2,group_ablation,G2,16,"AI0_RMS,AI1_RMS,Current_RMS,Current_RMS_to_AI0_RMS_ratio,Current_RMS_to_AI1_RMS_ratio,AI0_current_residual,AI1_current_residual,AI0_RMS_slope,AI1_RMS_slope,Current_RMS_slope,dCurrent_RMS_x_dAI0_RMS,dCurrent_RMS_x_dAI1_RMS,AI0_kurtosis,AI1_kurtosis,AI0_crest_factor,AI1_crest_factor",1.0,0.3333333333333333,0.5,90,0,2,1,1.0,0.0022323084995150566
tabular,Isolation Forest,20,2.0,2,group_ablation,G2,16,"AI0_RMS,AI1_RMS,Current_RMS,Current_RMS_to_AI0_RMS_ratio,Current_RMS_to_AI1_RMS_ratio,AI0_current_residual,AI1_current_residual,AI0_RMS_slope,AI1_RMS_slope,Current_RMS_slope,dCurrent_RMS_x_dAI0_RMS,dCurrent_RMS_x_dAI1_RMS,AI0_kurtosis,AI1_kurtosis,AI0_crest_factor,AI1_crest_factor",1.0,0.3333333333333333,0.5,90,0,2,1,1.0,0.7813866259530187
tabular,PCA reconstruction,20,2.0,2,group_ablation,G2,16,"AI0_RMS,AI1_RMS,Current_RMS,Current_RMS_to_AI0_RMS_ratio,Current_RMS_to_AI1_RMS_ratio,AI0_current_residual,AI1_current_residual,AI0_RMS_slope,AI1_RMS_slope,Current_RMS_slope,dCurrent_RMS_x_dAI0_RMS,dCurrent_RMS_x_dAI1_RMS,AI0_kurtosis,AI1_kurtosis,AI0_crest_factor,AI1_crest_factor",1.0,1.0,1.0,90,0,0,3,1.0,0.002242080867290497
tabular,LightGBM,20,2.0,2,group_ablation,G3,14,"AI0_RMS,AI1_RMS,AI0_AI1_RMS_diff,AI0_AI1_RMS_ratio,AI0_AI1_corr,AI0_RMS_slope,AI1_RMS_slope,Current_RMS_slope,dCurrent_RMS_x_dAI0_RMS,dCurrent_RMS_x_dAI1_RMS,AI0_kurtosis,AI1_kurtosis,AI0_crest_factor,AI1_crest_factor",1.0,0.6666666666666666,0.8,90,0,1,2,1.0,0.050029316917061806
tabular,XGBoost,20,2.0,2,group_ablation,G3,14,"AI0_RMS,AI1_RMS,AI0_AI1_RMS_diff,AI0_AI1_RMS_ratio,AI0_AI1_corr,AI0_RMS_slope,AI1_RMS_slope,Current_RMS_slope,dCurrent_RMS_x_dAI0_RMS,dCurrent_RMS_x_dAI1_RMS,AI0_kurtosis,AI1_kurtosis,AI0_crest_factor,AI1_crest_factor",1.0,0.3333333333333333,0.5,90,0,2,1,1.0,0.03809669613838196
tabular,Logistic Regression,20,2.0,2,group_ablation,G3,14,"AI0_RMS,AI1_RMS,AI0_AI1_RMS_diff,AI0_AI1_RMS_ratio,AI0_AI1_corr,AI0_RMS_slope,AI1_RMS_slope,Current_RMS_slope,dCurrent_RMS_x_dAI0_RMS,dCurrent_RMS_x_dAI1_RMS,AI0_kurtosis,AI1_kurtosis,AI0_crest_factor,AI1_crest_factor",1.0,1.0,1.0,90,0,0,3,1.0,0.012927374802529812
tabular,One-Class SVM,20,2.0,2,group_ablation,G3,14,"AI0_RMS,AI1_RMS,AI0_AI1_RMS_diff,AI0_AI1_RMS_ratio,AI0_AI1_corr,AI0_RMS_slope,AI1_RMS_slope,Current_RMS_slope,dCurrent_RMS_x_dAI0_RMS,dCurrent_RMS_x_dAI1_RMS,AI0_kurtosis,AI1_kurtosis,AI0_crest_factor,AI1_crest_factor",1.0,0.6666666666666666,0.8,90,0,1,2,1.0,0.00936663057655096
tabular,Mahalanobis distance,20,2.0,2,group_ablation,G3,14,"AI0_RMS,AI1_RMS,AI0_AI1_RMS_diff,AI0_AI1_RMS_ratio,AI0_AI1_corr,AI0_RMS_slope,AI1_RMS_slope,Current_RMS_slope,dCurrent_RMS_x_dAI0_RMS,dCurrent_RMS_x_dAI1_RMS,AI0_kurtosis,AI1_kurtosis,AI0_crest_factor,AI1_crest_factor",1.0,0.3333333333333333,0.5,90,0,2,1,1.0,0.0017141420394182205
tabular,Isolation Forest,20,2.0,2,group_ablation,G3,14,"AI0_RMS,AI1_RMS,AI0_AI1_RMS_diff,AI0_AI1_RMS_ratio,AI0_AI1_corr,AI0_RMS_slope,AI1_RMS_slope,Current_RMS_slope,dCurrent_RMS_x_dAI0_RMS,dCurrent_RMS_x_dAI1_RMS,AI0_kurtosis,AI1_kurtosis,AI0_crest_factor,AI1_crest_factor",1.0,0.3333333333333333,0.5,90,0,2,1,1.0,0.7807663157582283
tabular,PCA reconstruction,20,2.0,2,group_ablation,G3,14,"AI0_RMS,AI1_RMS,AI0_AI1_RMS_diff,AI0_AI1_RMS_ratio,AI0_AI1_corr,AI0_RMS_slope,AI1_RMS_slope,Current_RMS_slope,dCurrent_RMS_x_dAI0_RMS,dCurrent_RMS_x_dAI1_RMS,AI0_kurtosis,AI1_kurtosis,AI0_crest_factor,AI1_crest_factor",1.0,0.3333333333333333,0.5,90,0,2,1,1.0,0.0020724311470985413
tabular,LightGBM,20,2.0,2,group_ablation,G4,14,"AI0_RMS,AI1_RMS,AI0_AI1_RMS_diff,AI0_AI1_RMS_ratio,AI0_AI1_corr,Current_RMS,Current_RMS_to_AI0_RMS_ratio,Current_RMS_to_AI1_RMS_ratio,AI0_current_residual,AI1_current_residual,AI0_kurtosis,AI1_kurtosis,AI0_crest_factor,AI1_crest_factor",1.0,0.3333333333333333,0.5,90,0,2,1,1.0,0.058816670440137386
tabular,XGBoost,20,2.0,2,group_ablation,G4,14,"AI0_RMS,AI1_RMS,AI0_AI1_RMS_diff,AI0_AI1_RMS_ratio,AI0_AI1_corr,Current_RMS,Current_RMS_to_AI0_RMS_ratio,Current_RMS_to_AI1_RMS_ratio,AI0_current_residual,AI1_current_residual,AI0_kurtosis,AI1_kurtosis,AI0_crest_factor,AI1_crest_factor",1.0,0.3333333333333333,0.5,90,0,2,1,1.0,0.051184928975999355
tabular,Logistic Regression,20,2.0,2,group_ablation,G4,14,"AI0_RMS,AI1_RMS,AI0_AI1_RMS_diff,AI0_AI1_RMS_ratio,AI0_AI1_corr,Current_RMS,Current_RMS_to_AI0_RMS_ratio,Current_RMS_to_AI1_RMS_ratio,AI0_current_residual,AI1_current_residual,AI0_kurtosis,AI1_kurtosis,AI0_crest_factor,AI1_crest_factor",1.0,0.6666666666666666,0.8,90,0,1,2,1.0,0.006314204074442387
tabular,One-Class SVM,20,2.0,2,group_ablation,G4,14,"AI0_RMS,AI1_RMS,AI0_AI1_RMS_diff,AI0_AI1_RMS_ratio,AI0_AI1_corr,Current_RMS,Current_RMS_to_AI0_RMS_ratio,Current_RMS_to_AI1_RMS_ratio,AI0_current_residual,AI1_current_residual,AI0_kurtosis,AI1_kurtosis,AI0_crest_factor,AI1_crest_factor",1.0,0.6666666666666666,0.8,90,0,1,2,1.0,0.00879474077373743
tabular,Mahalanobis distance,20,2.0,2,group_ablation,G4,14,"AI0_RMS,AI1_RMS,AI0_AI1_RMS_diff,AI0_AI1_RMS_ratio,AI0_AI1_corr,Current_RMS,Current_RMS_to_AI0_RMS_ratio,Current_RMS_to_AI1_RMS_ratio,AI0_current_residual,AI1_current_residual,AI0_kurtosis,AI1_kurtosis,AI0_crest_factor,AI1_crest_factor",1.0,1.0,1.0,90,0,0,3,1.0,0.001751938834786415
tabular,Isolation Forest,20,2.0,2,group_ablation,G4,14,"AI0_RMS,AI1_RMS,AI0_AI1_RMS_diff,AI0_AI1_RMS_ratio,AI0_AI1_corr,Current_RMS,Current_RMS_to_AI0_RMS_ratio,Current_RMS_to_AI1_RMS_ratio,AI0_current_residual,AI1_current_residual,AI0_kurtosis,AI1_kurtosis,AI0_crest_factor,AI1_crest_factor",1.0,0.6666666666666666,0.8,90,0,1,2,1.0,0.7479644995182753
tabular,PCA reconstruction,20,2.0,2,group_ablation,G4,14,"AI0_RMS,AI1_RMS,AI0_AI1_RMS_diff,AI0_AI1_RMS_ratio,AI0_AI1_corr,Current_RMS,Current_RMS_to_AI0_RMS_ratio,Current_RMS_to_AI1_RMS_ratio,AI0_current_residual,AI1_current_residual,AI0_kurtosis,AI1_kurtosis,AI0_crest_factor,AI1_crest_factor",1.0,1.0,1.0,90,0,0,3,1.0,0.002062687650322914
tabular,LightGBM,20,2.0,2,group_ablation,G5,15,"AI0_RMS,AI1_RMS,AI0_AI1_RMS_diff,AI0_AI1_RMS_ratio,AI0_AI1_corr,Current_RMS,Current_RMS_to_AI0_RMS_ratio,Current_RMS_to_AI1_RMS_ratio,AI0_current_residual,AI1_current_residual,AI0_RMS_slope,AI1_RMS_slope,Current_RMS_slope,dCurrent_RMS_x_dAI0_RMS,dCurrent_RMS_x_dAI1_RMS",1.0,0.6666666666666666,0.8,90,0,1,2,1.0,0.05600258056074381
tabular,XGBoost,20,2.0,2,group_ablation,G5,15,"AI0_RMS,AI1_RMS,AI0_AI1_RMS_diff,AI0_AI1_RMS_ratio,AI0_AI1_corr,Current_RMS,Current_RMS_to_AI0_RMS_ratio,Current_RMS_to_AI1_RMS_ratio,AI0_current_residual,AI1_current_residual,AI0_RMS_slope,AI1_RMS_slope,Current_RMS_slope,dCurrent_RMS_x_dAI0_RMS,dCurrent_RMS_x_dAI1_RMS",1.0,0.3333333333333333,0.5,90,0,2,1,1.0,0.051459320820868015
tabular,Logistic Regression,20,2.0,2,group_ablation,G5,15,"AI0_RMS,AI1_RMS,AI0_AI1_RMS_diff,AI0_AI1_RMS_ratio,AI0_AI1_corr,Current_RMS,Current_RMS_to_AI0_RMS_ratio,Current_RMS_to_AI1_RMS_ratio,AI0_current_residual,AI1_current_residual,AI0_RMS_slope,AI1_RMS_slope,Current_RMS_slope,dCurrent_RMS_x_dAI0_RMS,dCurrent_RMS_x_dAI1_RMS",1.0,1.0,1.0,90,0,0,3,1.0,0.011252405121922493
tabular,One-Class SVM,20,2.0,2,group_ablation,G5,15,"AI0_RMS,AI1_RMS,AI0_AI1_RMS_diff,AI0_AI1_RMS_ratio,AI0_AI1_corr,Current_RMS,Current_RMS_to_AI0_RMS_ratio,Current_RMS_to_AI1_RMS_ratio,AI0_current_residual,AI1_current_residual,AI0_RMS_slope,AI1_RMS_slope,Current_RMS_slope,dCurrent_RMS_x_dAI0_RMS,dCurrent_RMS_x_dAI1_RMS",1.0,0.6666666666666666,0.8,90,0,1,2,1.0,0.009570727124810219
tabular,Mahalanobis distance,20,2.0,2,group_ablation,G5,15,"AI0_RMS,AI1_RMS,AI0_AI1_RMS_diff,AI0_AI1_RMS_ratio,AI0_AI1_corr,Current_RMS,Current_RMS_to_AI0_RMS_ratio,Current_RMS_to_AI1_RMS_ratio,AI0_current_residual,AI1_current_residual,AI0_RMS_slope,AI1_RMS_slope,Current_RMS_slope,dCurrent_RMS_x_dAI0_RMS,dCurrent_RMS_x_dAI1_RMS",1.0,0.3333333333333333,0.5,90,0,2,1,1.0,0.001829720102250576
tabular,Isolation Forest,20,2.0,2,group_ablation,G5,15,"AI0_RMS,AI1_RMS,AI0_AI1_RMS_diff,AI0_AI1_RMS_ratio,AI0_AI1_corr,Current_RMS,Current_RMS_to_AI0_RMS_ratio,Current_RMS_to_AI1_RMS_ratio,AI0_current_residual,AI1_current_residual,AI0_RMS_slope,AI1_RMS_slope,Current_RMS_slope,dCurrent_RMS_x_dAI0_RMS,dCurrent_RMS_x_dAI1_RMS",1.0,0.6666666666666666,0.8,90,0,1,2,1.0,0.7892200723290443
tabular,PCA reconstruction,20,2.0,2,group_ablation,G5,15,"AI0_RMS,AI1_RMS,AI0_AI1_RMS_diff,AI0_AI1_RMS_ratio,AI0_AI1_corr,Current_RMS,Current_RMS_to_AI0_RMS_ratio,Current_RMS_to_AI1_RMS_ratio,AI0_current_residual,AI1_current_residual,AI0_RMS_slope,AI1_RMS_slope,Current_RMS_slope,dCurrent_RMS_x_dAI0_RMS,dCurrent_RMS_x_dAI1_RMS",1.0,0.6666666666666666,0.8,90,0,1,2,1.0,0.0021268045529723167
temporal,LSTM-Autoencoder,20,2.0,2,full,none,12,"AI0_Vibration,AI1_Vibration,AI2_Current,AI0_short_RMS,AI1_short_RMS,Current_short_RMS,AI0_AI1_RMS_diff,AI0_current_residual,AI1_current_residual,AI0_RMS_slope,AI1_RMS_slope,Current_RMS_slope",1.0,1.0,1.0,90,0,0,3,1.0,0.6862833620980382
temporal,1D-CNN,20,2.0,2,full,none,12,"AI0_Vibration,AI1_Vibration,AI2_Current,AI0_short_RMS,AI1_short_RMS,Current_short_RMS,AI0_AI1_RMS_diff,AI0_current_residual,AI1_current_residual,AI0_RMS_slope,AI1_RMS_slope,Current_RMS_slope",1.0,0.3333333333333333,0.5,90,0,2,1,1.0,0.30956467520445585
temporal,LSTM-Autoencoder,20,2.0,2,group_ablation,T0,9,"AI0_short_RMS,AI1_short_RMS,Current_short_RMS,AI0_AI1_RMS_diff,AI0_current_residual,AI1_current_residual,AI0_RMS_slope,AI1_RMS_slope,Current_RMS_slope",1.0,1.0,1.0,90,0,0,3,1.0,0.6546427374705672
temporal,1D-CNN,20,2.0,2,group_ablation,T0,9,"AI0_short_RMS,AI1_short_RMS,Current_short_RMS,AI0_AI1_RMS_diff,AI0_current_residual,AI1_current_residual,AI0_RMS_slope,AI1_RMS_slope,Current_RMS_slope",1.0,0.6666666666666666,0.8,90,0,1,2,0.9166666666666665,0.30331321619451046
temporal,LSTM-Autoencoder,20,2.0,2,group_ablation,T1,9,"AI0_Vibration,AI1_Vibration,AI2_Current,AI0_AI1_RMS_diff,AI0_current_residual,AI1_current_residual,AI0_RMS_slope,AI1_RMS_slope,Current_RMS_slope",1.0,1.0,1.0,90,0,0,3,1.0,0.6629256904125214
temporal,1D-CNN,20,2.0,2,group_ablation,T1,9,"AI0_Vibration,AI1_Vibration,AI2_Current,AI0_AI1_RMS_diff,AI0_current_residual,AI1_current_residual,AI0_RMS_slope,AI1_RMS_slope,Current_RMS_slope",1.0,0.6666666666666666,0.8,90,0,1,2,1.0,0.2997693233191967
temporal,LSTM-Autoencoder,20,2.0,2,group_ablation,T2,9,"AI0_Vibration,AI1_Vibration,AI2_Current,AI0_short_RMS,AI1_short_RMS,Current_short_RMS,AI0_RMS_slope,AI1_RMS_slope,Current_RMS_slope",1.0,0.6666666666666666,0.8,90,0,1,2,1.0,0.6433732602745295
temporal,1D-CNN,20,2.0,2,group_ablation,T2,9,"AI0_Vibration,AI1_Vibration,AI2_Current,AI0_short_RMS,AI1_short_RMS,Current_short_RMS,AI0_RMS_slope,AI1_RMS_slope,Current_RMS_slope",1.0,0.6666666666666666,0.8,90,0,1,2,1.0,0.2927113687619567
temporal,LSTM-Autoencoder,20,2.0,2,group_ablation,T3,9,"AI0_Vibration,AI1_Vibration,AI2_Current,AI0_short_RMS,AI1_short_RMS,Current_short_RMS,AI0_AI1_RMS_diff,AI0_current_residual,AI1_current_residual",1.0,0.6666666666666666,0.8,90,0,1,2,1.0,0.5374090084806085
temporal,1D-CNN,20,2.0,2,group_ablation,T3,9,"AI0_Vibration,AI1_Vibration,AI2_Current,AI0_short_RMS,AI1_short_RMS,Current_short_RMS,AI0_AI1_RMS_diff,AI0_current_residual,AI1_current_residual",1.0,0.3333333333333333,0.5,90,0,2,1,1.0,0.29119806829839945
tabular,LightGBM,5,0.5,3,full,none,19,"AI0_RMS,AI1_RMS,AI0_AI1_RMS_diff,AI0_AI1_RMS_ratio,AI0_AI1_corr,Current_RMS,Current_RMS_to_AI0_RMS_ratio,Current_RMS_to_AI1_RMS_ratio,AI0_current_residual,AI1_current_residual,AI0_RMS_slope,AI1_RMS_slope,Current_RMS_slope,dCurrent_RMS_x_dAI0_RMS,dCurrent_RMS_x_dAI1_RMS,AI0_kurtosis,AI1_kurtosis,AI0_crest_factor,AI1_crest_factor",1.0,0.6666666666666666,0.8,90,0,1,2,1.0,0.054027942940592766
tabular,XGBoost,5,0.5,3,full,none,19,"AI0_RMS,AI1_RMS,AI0_AI1_RMS_diff,AI0_AI1_RMS_ratio,AI0_AI1_corr,Current_RMS,Current_RMS_to_AI0_RMS_ratio,Current_RMS_to_AI1_RMS_ratio,AI0_current_residual,AI1_current_residual,AI0_RMS_slope,AI1_RMS_slope,Current_RMS_slope,dCurrent_RMS_x_dAI0_RMS,dCurrent_RMS_x_dAI1_RMS,AI0_kurtosis,AI1_kurtosis,AI0_crest_factor,AI1_crest_factor",1.0,0.6666666666666666,0.8,90,0,1,2,1.0,0.051189971156418324
tabular,Logistic Regression,5,0.5,3,full,none,19,"AI0_RMS,AI1_RMS,AI0_AI1_RMS_diff,AI0_AI1_RMS_ratio,AI0_AI1_corr,Current_RMS,Current_RMS_to_AI0_RMS_ratio,Current_RMS_to_AI1_RMS_ratio,AI0_current_residual,AI1_current_residual,AI0_RMS_slope,AI1_RMS_slope,Current_RMS_slope,dCurrent_RMS_x_dAI0_RMS,dCurrent_RMS_x_dAI1_RMS,AI0_kurtosis,AI1_kurtosis,AI0_crest_factor,AI1_crest_factor",1.0,0.6666666666666666,0.8,90,0,1,2,1.0,0.00984673947095871
tabular,One-Class SVM,5,0.5,3,full,none,19,"AI0_RMS,AI1_RMS,AI0_AI1_RMS_diff,AI0_AI1_RMS_ratio,AI0_AI1_corr,Current_RMS,Current_RMS_to_AI0_RMS_ratio,Current_RMS_to_AI1_RMS_ratio,AI0_current_residual,AI1_current_residual,AI0_RMS_slope,AI1_RMS_slope,Current_RMS_slope,dCurrent_RMS_x_dAI0_RMS,dCurrent_RMS_x_dAI1_RMS,AI0_kurtosis,AI1_kurtosis,AI0_crest_factor,AI1_crest_factor",1.0,0.6666666666666666,0.8,90,0,1,2,1.0,0.053922017104923725
tabular,Mahalanobis distance,5,0.5,3,full,none,19,"AI0_RMS,AI1_RMS,AI0_AI1_RMS_diff,AI0_AI1_RMS_ratio,AI0_AI1_corr,Current_RMS,Current_RMS_to_AI0_RMS_ratio,Current_RMS_to_AI1_RMS_ratio,AI0_current_residual,AI1_current_residual,AI0_RMS_slope,AI1_RMS_slope,Current_RMS_slope,dCurrent_RMS_x_dAI0_RMS,dCurrent_RMS_x_dAI1_RMS,AI0_kurtosis,AI1_kurtosis,AI0_crest_factor,AI1_crest_factor",1.0,0.3333333333333333,0.5,90,0,2,1,1.0,0.0027571553364396095
tabular,Isolation Forest,5,0.5,3,full,none,19,"AI0_RMS,AI1_RMS,AI0_AI1_RMS_diff,AI0_AI1_RMS_ratio,AI0_AI1_corr,Current_RMS,Current_RMS_to_AI0_RMS_ratio,Current_RMS_to_AI1_RMS_ratio,AI0_current_residual,AI1_current_residual,AI0_RMS_slope,AI1_RMS_slope,Current_RMS_slope,dCurrent_RMS_x_dAI0_RMS,dCurrent_RMS_x_dAI1_RMS,AI0_kurtosis,AI1_kurtosis,AI0_crest_factor,AI1_crest_factor",1.0,0.3333333333333333,0.5,90,0,2,1,1.0,0.83597332239151
tabular,PCA reconstruction,5,0.5,3,full,none,19,"AI0_RMS,AI1_RMS,AI0_AI1_RMS_diff,AI0_AI1_RMS_ratio,AI0_AI1_corr,Current_RMS,Current_RMS_to_AI0_RMS_ratio,Current_RMS_to_AI1_RMS_ratio,AI0_current_residual,AI1_current_residual,AI0_RMS_slope,AI1_RMS_slope,Current_RMS_slope,dCurrent_RMS_x_dAI0_RMS,dCurrent_RMS_x_dAI1_RMS,AI0_kurtosis,AI1_kurtosis,AI0_crest_factor,AI1_crest_factor",1.0,0.3333333333333333,0.5,90,0,2,1,1.0,0.003247530199587345
tabular,LightGBM,5,0.5,3,group_ablation,G1,17,"AI0_AI1_RMS_diff,AI0_AI1_RMS_ratio,AI0_AI1_corr,Current_RMS,Current_RMS_to_AI0_RMS_ratio,Current_RMS_to_AI1_RMS_ratio,AI0_current_residual,AI1_current_residual,AI0_RMS_slope,AI1_RMS_slope,Current_RMS_slope,dCurrent_RMS_x_dAI0_RMS,dCurrent_RMS_x_dAI1_RMS,AI0_kurtosis,AI1_kurtosis,AI0_crest_factor,AI1_crest_factor",1.0,0.6666666666666666,0.8,90,0,1,2,1.0,0.052329735830426216
tabular,XGBoost,5,0.5,3,group_ablation,G1,17,"AI0_AI1_RMS_diff,AI0_AI1_RMS_ratio,AI0_AI1_corr,Current_RMS,Current_RMS_to_AI0_RMS_ratio,Current_RMS_to_AI1_RMS_ratio,AI0_current_residual,AI1_current_residual,AI0_RMS_slope,AI1_RMS_slope,Current_RMS_slope,dCurrent_RMS_x_dAI0_RMS,dCurrent_RMS_x_dAI1_RMS,AI0_kurtosis,AI1_kurtosis,AI0_crest_factor,AI1_crest_factor",1.0,0.6666666666666666,0.8,90,0,1,2,1.0,0.0493029011413455
tabular,Logistic Regression,5,0.5,3,group_ablation,G1,17,"AI0_AI1_RMS_diff,AI0_AI1_RMS_ratio,AI0_AI1_corr,Current_RMS,Current_RMS_to_AI0_RMS_ratio,Current_RMS_to_AI1_RMS_ratio,AI0_current_residual,AI1_current_residual,AI0_RMS_slope,AI1_RMS_slope,Current_RMS_slope,dCurrent_RMS_x_dAI0_RMS,dCurrent_RMS_x_dAI1_RMS,AI0_kurtosis,AI1_kurtosis,AI0_crest_factor,AI1_crest_factor",1.0,0.6666666666666666,0.8,90,0,1,2,1.0,0.008212725631892681
tabular,One-Class SVM,5,0.5,3,group_ablation,G1,17,"AI0_AI1_RMS_diff,AI0_AI1_RMS_ratio,AI0_AI1_corr,Current_RMS,Current_RMS_to_AI0_RMS_ratio,Current_RMS_to_AI1_RMS_ratio,AI0_current_residual,AI1_current_residual,AI0_RMS_slope,AI1_RMS_slope,Current_RMS_slope,dCurrent_RMS_x_dAI0_RMS,dCurrent_RMS_x_dAI1_RMS,AI0_kurtosis,AI1_kurtosis,AI0_crest_factor,AI1_crest_factor",1.0,0.6666666666666666,0.8,90,0,1,2,1.0,0.05922340787947178
tabular,Mahalanobis distance,5,0.5,3,group_ablation,G1,17,"AI0_AI1_RMS_diff,AI0_AI1_RMS_ratio,AI0_AI1_corr,Current_RMS,Current_RMS_to_AI0_RMS_ratio,Current_RMS_to_AI1_RMS_ratio,AI0_current_residual,AI1_current_residual,AI0_RMS_slope,AI1_RMS_slope,Current_RMS_slope,dCurrent_RMS_x_dAI0_RMS,dCurrent_RMS_x_dAI1_RMS,AI0_kurtosis,AI1_kurtosis,AI0_crest_factor,AI1_crest_factor",1.0,0.3333333333333333,0.5,90,0,2,1,1.0,0.002610878087580204
tabular,Isolation Forest,5,0.5,3,group_ablation,G1,17,"AI0_AI1_RMS_diff,AI0_AI1_RMS_ratio,AI0_AI1_corr,Current_RMS,Current_RMS_to_AI0_RMS_ratio,Current_RMS_to_AI1_RMS_ratio,AI0_current_residual,AI1_current_residual,AI0_RMS_slope,AI1_RMS_slope,Current_RMS_slope,dCurrent_RMS_x_dAI0_RMS,dCurrent_RMS_x_dAI1_RMS,AI0_kurtosis,AI1_kurtosis,AI0_crest_factor,AI1_crest_factor",1.0,0.3333333333333333,0.5,90,0,2,1,1.0,0.8740188349038363
tabular,PCA reconstruction,5,0.5,3,group_ablation,G1,17,"AI0_AI1_RMS_diff,AI0_AI1_RMS_ratio,AI0_AI1_corr,Current_RMS,Current_RMS_to_AI0_RMS_ratio,Current_RMS_to_AI1_RMS_ratio,AI0_current_residual,AI1_current_residual,AI0_RMS_slope,AI1_RMS_slope,Current_RMS_slope,dCurrent_RMS_x_dAI0_RMS,dCurrent_RMS_x_dAI1_RMS,AI0_kurtosis,AI1_kurtosis,AI0_crest_factor,AI1_crest_factor",1.0,0.3333333333333333,0.5,90,0,2,1,1.0,0.0031094523146748543
tabular,LightGBM,5,0.5,3,group_ablation,G2,16,"AI0_RMS,AI1_RMS,Current_RMS,Current_RMS_to_AI0_RMS_ratio,Current_RMS_to_AI1_RMS_ratio,AI0_current_residual,AI1_current_residual,AI0_RMS_slope,AI1_RMS_slope,Current_RMS_slope,dCurrent_RMS_x_dAI0_RMS,dCurrent_RMS_x_dAI1_RMS,AI0_kurtosis,AI1_kurtosis,AI0_crest_factor,AI1_crest_factor",1.0,0.6666666666666666,0.8,90,0,1,2,1.0,0.05673725251108408
tabular,XGBoost,5,0.5,3,group_ablation,G2,16,"AI0_RMS,AI1_RMS,Current_RMS,Current_RMS_to_AI0_RMS_ratio,Current_RMS_to_AI1_RMS_ratio,AI0_current_residual,AI1_current_residual,AI0_RMS_slope,AI1_RMS_slope,Current_RMS_slope,dCurrent_RMS_x_dAI0_RMS,dCurrent_RMS_x_dAI1_RMS,AI0_kurtosis,AI1_kurtosis,AI0_crest_factor,AI1_crest_factor",1.0,0.6666666666666666,0.8,90,0,1,2,1.0,0.04446718189865351
tabular,Logistic Regression,5,0.5,3,group_ablation,G2,16,"AI0_RMS,AI1_RMS,Current_RMS,Current_RMS_to_AI0_RMS_ratio,Current_RMS_to_AI1_RMS_ratio,AI0_current_residual,AI1_current_residual,AI0_RMS_slope,AI1_RMS_slope,Current_RMS_slope,dCurrent_RMS_x_dAI0_RMS,dCurrent_RMS_x_dAI1_RMS,AI0_kurtosis,AI1_kurtosis,AI0_crest_factor,AI1_crest_factor",1.0,0.6666666666666666,0.8,90,0,1,2,1.0,0.008177880197763443
tabular,One-Class SVM,5,0.5,3,group_ablation,G2,16,"AI0_RMS,AI1_RMS,Current_RMS,Current_RMS_to_AI0_RMS_ratio,Current_RMS_to_AI1_RMS_ratio,AI0_current_residual,AI1_current_residual,AI0_RMS_slope,AI1_RMS_slope,Current_RMS_slope,dCurrent_RMS_x_dAI0_RMS,dCurrent_RMS_x_dAI1_RMS,AI0_kurtosis,AI1_kurtosis,AI0_crest_factor,AI1_crest_factor",1.0,0.6666666666666666,0.8,90,0,1,2,1.0,0.04955997783690691
tabular,Mahalanobis distance,5,0.5,3,group_ablation,G2,16,"AI0_RMS,AI1_RMS,Current_RMS,Current_RMS_to_AI0_RMS_ratio,Current_RMS_to_AI1_RMS_ratio,AI0_current_residual,AI1_current_residual,AI0_RMS_slope,AI1_RMS_slope,Current_RMS_slope,dCurrent_RMS_x_dAI0_RMS,dCurrent_RMS_x_dAI1_RMS,AI0_kurtosis,AI1_kurtosis,AI0_crest_factor,AI1_crest_factor",1.0,0.3333333333333333,0.5,90,0,2,1,1.0,0.0022182678803801537
tabular,Isolation Forest,5,0.5,3,group_ablation,G2,16,"AI0_RMS,AI1_RMS,Current_RMS,Current_RMS_to_AI0_RMS_ratio,Current_RMS_to_AI1_RMS_ratio,AI0_current_residual,AI1_current_residual,AI0_RMS_slope,AI1_RMS_slope,Current_RMS_slope,dCurrent_RMS_x_dAI0_RMS,dCurrent_RMS_x_dAI1_RMS,AI0_kurtosis,AI1_kurtosis,AI0_crest_factor,AI1_crest_factor",1.0,0.3333333333333333,0.5,90,0,2,1,0.9166666666666665,0.8596753235906363
tabular,PCA reconstruction,5,0.5,3,group_ablation,G2,16,"AI0_RMS,AI1_RMS,Current_RMS,Current_RMS_to_AI0_RMS_ratio,Current_RMS_to_AI1_RMS_ratio,AI0_current_residual,AI1_current_residual,AI0_RMS_slope,AI1_RMS_slope,Current_RMS_slope,dCurrent_RMS_x_dAI0_RMS,dCurrent_RMS_x_dAI1_RMS,AI0_kurtosis,AI1_kurtosis,AI0_crest_factor,AI1_crest_factor",1.0,0.3333333333333333,0.5,90,0,2,1,1.0,0.0029168743640184402
tabular,LightGBM,5,0.5,3,group_ablation,G3,14,"AI0_RMS,AI1_RMS,AI0_AI1_RMS_diff,AI0_AI1_RMS_ratio,AI0_AI1_corr,AI0_RMS_slope,AI1_RMS_slope,Current_RMS_slope,dCurrent_RMS_x_dAI0_RMS,dCurrent_RMS_x_dAI1_RMS,AI0_kurtosis,AI1_kurtosis,AI0_crest_factor,AI1_crest_factor",1.0,0.6666666666666666,0.8,90,0,1,2,1.0,0.05085556395351887
tabular,XGBoost,5,0.5,3,group_ablation,G3,14,"AI0_RMS,AI1_RMS,AI0_AI1_RMS_diff,AI0_AI1_RMS_ratio,AI0_AI1_corr,AI0_RMS_slope,AI1_RMS_slope,Current_RMS_slope,dCurrent_RMS_x_dAI0_RMS,dCurrent_RMS_x_dAI1_RMS,AI0_kurtosis,AI1_kurtosis,AI0_crest_factor,AI1_crest_factor",1.0,0.6666666666666666,0.8,90,0,1,2,1.0,0.04525349382311106
tabular,Logistic Regression,5,0.5,3,group_ablation,G3,14,"AI0_RMS,AI1_RMS,AI0_AI1_RMS_diff,AI0_AI1_RMS_ratio,AI0_AI1_corr,AI0_RMS_slope,AI1_RMS_slope,Current_RMS_slope,dCurrent_RMS_x_dAI0_RMS,dCurrent_RMS_x_dAI1_RMS,AI0_kurtosis,AI1_kurtosis,AI0_crest_factor,AI1_crest_factor",1.0,0.6666666666666666,0.8,90,0,1,2,1.0,0.007420574314892292
tabular,One-Class SVM,5,0.5,3,group_ablation,G3,14,"AI0_RMS,AI1_RMS,AI0_AI1_RMS_diff,AI0_AI1_RMS_ratio,AI0_AI1_corr,AI0_RMS_slope,AI1_RMS_slope,Current_RMS_slope,dCurrent_RMS_x_dAI0_RMS,dCurrent_RMS_x_dAI1_RMS,AI0_kurtosis,AI1_kurtosis,AI0_crest_factor,AI1_crest_factor",1.0,0.3333333333333333,0.5,90,0,2,1,1.0,0.06073098164051771
tabular,Mahalanobis distance,5,0.5,3,group_ablation,G3,14,"AI0_RMS,AI1_RMS,AI0_AI1_RMS_diff,AI0_AI1_RMS_ratio,AI0_AI1_corr,AI0_RMS_slope,AI1_RMS_slope,Current_RMS_slope,dCurrent_RMS_x_dAI0_RMS,dCurrent_RMS_x_dAI1_RMS,AI0_kurtosis,AI1_kurtosis,AI0_crest_factor,AI1_crest_factor",1.0,0.3333333333333333,0.5,90,0,2,1,1.0,0.0024437643587589264
tabular,Isolation Forest,5,0.5,3,group_ablation,G3,14,"AI0_RMS,AI1_RMS,AI0_AI1_RMS_diff,AI0_AI1_RMS_ratio,AI0_AI1_corr,AI0_RMS_slope,AI1_RMS_slope,Current_RMS_slope,dCurrent_RMS_x_dAI0_RMS,dCurrent_RMS_x_dAI1_RMS,AI0_kurtosis,AI1_kurtosis,AI0_crest_factor,AI1_crest_factor",1.0,0.3333333333333333,0.5,90,0,2,1,1.0,0.8716035736724734
tabular,PCA reconstruction,5,0.5,3,group_ablation,G3,14,"AI0_RMS,AI1_RMS,AI0_AI1_RMS_diff,AI0_AI1_RMS_ratio,AI0_AI1_corr,AI0_RMS_slope,AI1_RMS_slope,Current_RMS_slope,dCurrent_RMS_x_dAI0_RMS,dCurrent_RMS_x_dAI1_RMS,AI0_kurtosis,AI1_kurtosis,AI0_crest_factor,AI1_crest_factor",1.0,0.3333333333333333,0.5,90,0,2,1,1.0,0.0027615176513791084
tabular,LightGBM,5,0.5,3,group_ablation,G4,14,"AI0_RMS,AI1_RMS,AI0_AI1_RMS_diff,AI0_AI1_RMS_ratio,AI0_AI1_corr,Current_RMS,Current_RMS_to_AI0_RMS_ratio,Current_RMS_to_AI1_RMS_ratio,AI0_current_residual,AI1_current_residual,AI0_kurtosis,AI1_kurtosis,AI0_crest_factor,AI1_crest_factor",1.0,0.6666666666666666,0.8,90,0,1,2,1.0,0.04700584150850773
tabular,XGBoost,5,0.5,3,group_ablation,G4,14,"AI0_RMS,AI1_RMS,AI0_AI1_RMS_diff,AI0_AI1_RMS_ratio,AI0_AI1_corr,Current_RMS,Current_RMS_to_AI0_RMS_ratio,Current_RMS_to_AI1_RMS_ratio,AI0_current_residual,AI1_current_residual,AI0_kurtosis,AI1_kurtosis,AI0_crest_factor,AI1_crest_factor",1.0,0.6666666666666666,0.8,90,0,1,2,1.0,0.04371390677988529
tabular,Logistic Regression,5,0.5,3,group_ablation,G4,14,"AI0_RMS,AI1_RMS,AI0_AI1_RMS_diff,AI0_AI1_RMS_ratio,AI0_AI1_corr,Current_RMS,Current_RMS_to_AI0_RMS_ratio,Current_RMS_to_AI1_RMS_ratio,AI0_current_residual,AI1_current_residual,AI0_kurtosis,AI1_kurtosis,AI0_crest_factor,AI1_crest_factor",1.0,0.6666666666666666,0.8,90,0,1,2,1.0,0.007846306078135967
tabular,One-Class SVM,5,0.5,3,group_ablation,G4,14,"AI0_RMS,AI1_RMS,AI0_AI1_RMS_diff,AI0_AI1_RMS_ratio,AI0_AI1_corr,Current_RMS,Current_RMS_to_AI0_RMS_ratio,Current_RMS_to_AI1_RMS_ratio,AI0_current_residual,AI1_current_residual,AI0_kurtosis,AI1_kurtosis,AI0_crest_factor,AI1_crest_factor",1.0,0.6666666666666666,0.8,90,0,1,2,1.0,0.05673572514206171
tabular,Mahalanobis distance,5,0.5,3,group_ablation,G4,14,"AI0_RMS,AI1_RMS,AI0_AI1_RMS_diff,AI0_AI1_RMS_ratio,AI0_AI1_corr,Current_RMS,Current_RMS_to_AI0_RMS_ratio,Current_RMS_to_AI1_RMS_ratio,AI0_current_residual,AI1_current_residual,AI0_kurtosis,AI1_kurtosis,AI0_crest_factor,AI1_crest_factor",1.0,0.3333333333333333,0.5,90,0,2,1,1.0,0.0024498123675584793
tabular,Isolation Forest,5,0.5,3,group_ablation,G4,14,"AI0_RMS,AI1_RMS,AI0_AI1_RMS_diff,AI0_AI1_RMS_ratio,AI0_AI1_corr,Current_RMS,Current_RMS_to_AI0_RMS_ratio,Current_RMS_to_AI1_RMS_ratio,AI0_current_residual,AI1_current_residual,AI0_kurtosis,AI1_kurtosis,AI0_crest_factor,AI1_crest_factor",1.0,0.3333333333333333,0.5,90,0,2,1,1.0,0.8756811516359448
tabular,PCA reconstruction,5,0.5,3,group_ablation,G4,14,"AI0_RMS,AI1_RMS,AI0_AI1_RMS_diff,AI0_AI1_RMS_ratio,AI0_AI1_corr,Current_RMS,Current_RMS_to_AI0_RMS_ratio,Current_RMS_to_AI1_RMS_ratio,AI0_current_residual,AI1_current_residual,AI0_kurtosis,AI1_kurtosis,AI0_crest_factor,AI1_crest_factor",1.0,0.3333333333333333,0.5,90,0,2,1,1.0,0.002601691521704197
tabular,LightGBM,5,0.5,3,group_ablation,G5,15,"AI0_RMS,AI1_RMS,AI0_AI1_RMS_diff,AI0_AI1_RMS_ratio,AI0_AI1_corr,Current_RMS,Current_RMS_to_AI0_RMS_ratio,Current_RMS_to_AI1_RMS_ratio,AI0_current_residual,AI1_current_residual,AI0_RMS_slope,AI1_RMS_slope,Current_RMS_slope,dCurrent_RMS_x_dAI0_RMS,dCurrent_RMS_x_dAI1_RMS",1.0,1.0,1.0,90,0,0,3,1.0,0.051113386638462543
tabular,XGBoost,5,0.5,3,group_ablation,G5,15,"AI0_RMS,AI1_RMS,AI0_AI1_RMS_diff,AI0_AI1_RMS_ratio,AI0_AI1_corr,Current_RMS,Current_RMS_to_AI0_RMS_ratio,Current_RMS_to_AI1_RMS_ratio,AI0_current_residual,AI1_current_residual,AI0_RMS_slope,AI1_RMS_slope,Current_RMS_slope,dCurrent_RMS_x_dAI0_RMS,dCurrent_RMS_x_dAI1_RMS",1.0,1.0,1.0,90,0,0,3,1.0,0.046777562238276005
tabular,Logistic Regression,5,0.5,3,group_ablation,G5,15,"AI0_RMS,AI1_RMS,AI0_AI1_RMS_diff,AI0_AI1_RMS_ratio,AI0_AI1_corr,Current_RMS,Current_RMS_to_AI0_RMS_ratio,Current_RMS_to_AI1_RMS_ratio,AI0_current_residual,AI1_current_residual,AI0_RMS_slope,AI1_RMS_slope,Current_RMS_slope,dCurrent_RMS_x_dAI0_RMS,dCurrent_RMS_x_dAI1_RMS",1.0,1.0,1.0,90,0,0,3,1.0,0.008887499570846558
tabular,One-Class SVM,5,0.5,3,group_ablation,G5,15,"AI0_RMS,AI1_RMS,AI0_AI1_RMS_diff,AI0_AI1_RMS_ratio,AI0_AI1_corr,Current_RMS,Current_RMS_to_AI0_RMS_ratio,Current_RMS_to_AI1_RMS_ratio,AI0_current_residual,AI1_current_residual,AI0_RMS_slope,AI1_RMS_slope,Current_RMS_slope,dCurrent_RMS_x_dAI0_RMS,dCurrent_RMS_x_dAI1_RMS",1.0,0.3333333333333333,0.5,90,0,2,1,1.0,0.061742497608065605
tabular,Mahalanobis distance,5,0.5,3,group_ablation,G5,15,"AI0_RMS,AI1_RMS,AI0_AI1_RMS_diff,AI0_AI1_RMS_ratio,AI0_AI1_corr,Current_RMS,Current_RMS_to_AI0_RMS_ratio,Current_RMS_to_AI1_RMS_ratio,AI0_current_residual,AI1_current_residual,AI0_RMS_slope,AI1_RMS_slope,Current_RMS_slope,dCurrent_RMS_x_dAI0_RMS,dCurrent_RMS_x_dAI1_RMS",1.0,0.3333333333333333,0.5,90,0,2,1,1.0,0.002599281258881092
tabular,Isolation Forest,5,0.5,3,group_ablation,G5,15,"AI0_RMS,AI1_RMS,AI0_AI1_RMS_diff,AI0_AI1_RMS_ratio,AI0_AI1_corr,Current_RMS,Current_RMS_to_AI0_RMS_ratio,Current_RMS_to_AI1_RMS_ratio,AI0_current_residual,AI1_current_residual,AI0_RMS_slope,AI1_RMS_slope,Current_RMS_slope,dCurrent_RMS_x_dAI0_RMS,dCurrent_RMS_x_dAI1_RMS",1.0,0.3333333333333333,0.5,90,0,2,1,1.0,0.8929164605215192
tabular,PCA reconstruction,5,0.5,3,group_ablation,G5,15,"AI0_RMS,AI1_RMS,AI0_AI1_RMS_diff,AI0_AI1_RMS_ratio,AI0_AI1_corr,Current_RMS,Current_RMS_to_AI0_RMS_ratio,Current_RMS_to_AI1_RMS_ratio,AI0_current_residual,AI1_current_residual,AI0_RMS_slope,AI1_RMS_slope,Current_RMS_slope,dCurrent_RMS_x_dAI0_RMS,dCurrent_RMS_x_dAI1_RMS",1.0,0.3333333333333333,0.5,90,0,2,1,1.0,0.0025959573686122894
temporal,LSTM-Autoencoder,5,0.5,3,full,none,12,"AI0_Vibration,AI1_Vibration,AI2_Current,AI0_short_RMS,AI1_short_RMS,Current_short_RMS,AI0_AI1_RMS_diff,AI0_current_residual,AI1_current_residual,AI0_RMS_slope,AI1_RMS_slope,Current_RMS_slope",1.0,0.3333333333333333,0.5,90,0,2,1,1.0,1.1262244991958141
temporal,1D-CNN,5,0.5,3,full,none,12,"AI0_Vibration,AI1_Vibration,AI2_Current,AI0_short_RMS,AI1_short_RMS,Current_short_RMS,AI0_AI1_RMS_diff,AI0_current_residual,AI1_current_residual,AI0_RMS_slope,AI1_RMS_slope,Current_RMS_slope",1.0,0.6666666666666666,0.8,90,0,1,2,1.0,0.567831214517355
temporal,LSTM-Autoencoder,5,0.5,3,group_ablation,T0,9,"AI0_short_RMS,AI1_short_RMS,Current_short_RMS,AI0_AI1_RMS_diff,AI0_current_residual,AI1_current_residual,AI0_RMS_slope,AI1_RMS_slope,Current_RMS_slope",1.0,0.3333333333333333,0.5,90,0,2,1,1.0,1.137929211370647
temporal,1D-CNN,5,0.5,3,group_ablation,T0,9,"AI0_short_RMS,AI1_short_RMS,Current_short_RMS,AI0_AI1_RMS_diff,AI0_current_residual,AI1_current_residual,AI0_RMS_slope,AI1_RMS_slope,Current_RMS_slope",1.0,0.6666666666666666,0.8,90,0,1,2,1.0,0.38060310762375593
temporal,LSTM-Autoencoder,5,0.5,3,group_ablation,T1,9,"AI0_Vibration,AI1_Vibration,AI2_Current,AI0_AI1_RMS_diff,AI0_current_residual,AI1_current_residual,AI0_RMS_slope,AI1_RMS_slope,Current_RMS_slope",1.0,0.3333333333333333,0.5,90,0,2,1,1.0,1.1957129277288914
temporal,1D-CNN,5,0.5,3,group_ablation,T1,9,"AI0_Vibration,AI1_Vibration,AI2_Current,AI0_AI1_RMS_diff,AI0_current_residual,AI1_current_residual,AI0_RMS_slope,AI1_RMS_slope,Current_RMS_slope",1.0,0.6666666666666666,0.8,90,0,1,2,1.0,0.7129205474629998
temporal,LSTM-Autoencoder,5,0.5,3,group_ablation,T2,9,"AI0_Vibration,AI1_Vibration,AI2_Current,AI0_short_RMS,AI1_short_RMS,Current_short_RMS,AI0_RMS_slope,AI1_RMS_slope,Current_RMS_slope",1.0,0.3333333333333333,0.5,90,0,2,1,1.0,1.2358362497761846
temporal,1D-CNN,5,0.5,3,group_ablation,T2,9,"AI0_Vibration,AI1_Vibration,AI2_Current,AI0_short_RMS,AI1_short_RMS,Current_short_RMS,AI0_RMS_slope,AI1_RMS_slope,Current_RMS_slope",1.0,0.6666666666666666,0.8,90,0,1,2,1.0,0.6421912126243114
temporal,LSTM-Autoencoder,5,0.5,3,group_ablation,T3,9,"AI0_Vibration,AI1_Vibration,AI2_Current,AI0_short_RMS,AI1_short_RMS,Current_short_RMS,AI0_AI1_RMS_diff,AI0_current_residual,AI1_current_residual",1.0,0.3333333333333333,0.5,90,0,2,1,1.0,1.0503459703177214
temporal,1D-CNN,5,0.5,3,group_ablation,T3,9,"AI0_Vibration,AI1_Vibration,AI2_Current,AI0_short_RMS,AI1_short_RMS,Current_short_RMS,AI0_AI1_RMS_diff,AI0_current_residual,AI1_current_residual",1.0,0.6666666666666666,0.8,90,0,1,2,1.0,0.3667931379750371
tabular,LightGBM,10,1.0,3,full,none,19,"AI0_RMS,AI1_RMS,AI0_AI1_RMS_diff,AI0_AI1_RMS_ratio,AI0_AI1_corr,Current_RMS,Current_RMS_to_AI0_RMS_ratio,Current_RMS_to_AI1_RMS_ratio,AI0_current_residual,AI1_current_residual,AI0_RMS_slope,AI1_RMS_slope,Current_RMS_slope,dCurrent_RMS_x_dAI0_RMS,dCurrent_RMS_x_dAI1_RMS,AI0_kurtosis,AI1_kurtosis,AI0_crest_factor,AI1_crest_factor",0.0,0.0,0.0,90,0,3,0,1.0,0.043776439502835274
tabular,XGBoost,10,1.0,3,full,none,19,"AI0_RMS,AI1_RMS,AI0_AI1_RMS_diff,AI0_AI1_RMS_ratio,AI0_AI1_corr,Current_RMS,Current_RMS_to_AI0_RMS_ratio,Current_RMS_to_AI1_RMS_ratio,AI0_current_residual,AI1_current_residual,AI0_RMS_slope,AI1_RMS_slope,Current_RMS_slope,dCurrent_RMS_x_dAI0_RMS,dCurrent_RMS_x_dAI1_RMS,AI0_kurtosis,AI1_kurtosis,AI0_crest_factor,AI1_crest_factor",0.0,0.0,0.0,90,0,3,0,1.0,0.04665827192366123
tabular,Logistic Regression,10,1.0,3,full,none,19,"AI0_RMS,AI1_RMS,AI0_AI1_RMS_diff,AI0_AI1_RMS_ratio,AI0_AI1_corr,Current_RMS,Current_RMS_to_AI0_RMS_ratio,Current_RMS_to_AI1_RMS_ratio,AI0_current_residual,AI1_current_residual,AI0_RMS_slope,AI1_RMS_slope,Current_RMS_slope,dCurrent_RMS_x_dAI0_RMS,dCurrent_RMS_x_dAI1_RMS,AI0_kurtosis,AI1_kurtosis,AI0_crest_factor,AI1_crest_factor",1.0,0.6666666666666666,0.8,90,0,1,2,1.0,0.010403974913060665
tabular,One-Class SVM,10,1.0,3,full,none,19,"AI0_RMS,AI1_RMS,AI0_AI1_RMS_diff,AI0_AI1_RMS_ratio,AI0_AI1_corr,Current_RMS,Current_RMS_to_AI0_RMS_ratio,Current_RMS_to_AI1_RMS_ratio,AI0_current_residual,AI1_current_residual,AI0_RMS_slope,AI1_RMS_slope,Current_RMS_slope,dCurrent_RMS_x_dAI0_RMS,dCurrent_RMS_x_dAI1_RMS,AI0_kurtosis,AI1_kurtosis,AI0_crest_factor,AI1_crest_factor",1.0,0.3333333333333333,0.5,90,0,2,1,1.0,0.030821017920970917
tabular,Mahalanobis distance,10,1.0,3,full,none,19,"AI0_RMS,AI1_RMS,AI0_AI1_RMS_diff,AI0_AI1_RMS_ratio,AI0_AI1_corr,Current_RMS,Current_RMS_to_AI0_RMS_ratio,Current_RMS_to_AI1_RMS_ratio,AI0_current_residual,AI1_current_residual,AI0_RMS_slope,AI1_RMS_slope,Current_RMS_slope,dCurrent_RMS_x_dAI0_RMS,dCurrent_RMS_x_dAI1_RMS,AI0_kurtosis,AI1_kurtosis,AI0_crest_factor,AI1_crest_factor",1.0,0.3333333333333333,0.5,90,0,2,1,1.0,0.0024194177240133286
tabular,Isolation Forest,10,1.0,3,full,none,19,"AI0_RMS,AI1_RMS,AI0_AI1_RMS_diff,AI0_AI1_RMS_ratio,AI0_AI1_corr,Current_RMS,Current_RMS_to_AI0_RMS_ratio,Current_RMS_to_AI1_RMS_ratio,AI0_current_residual,AI1_current_residual,AI0_RMS_slope,AI1_RMS_slope,Current_RMS_slope,dCurrent_RMS_x_dAI0_RMS,dCurrent_RMS_x_dAI1_RMS,AI0_kurtosis,AI1_kurtosis,AI0_crest_factor,AI1_crest_factor",1.0,0.3333333333333333,0.5,90,0,2,1,1.0,0.8192903874441981
tabular,PCA reconstruction,10,1.0,3,full,none,19,"AI0_RMS,AI1_RMS,AI0_AI1_RMS_diff,AI0_AI1_RMS_ratio,AI0_AI1_corr,Current_RMS,Current_RMS_to_AI0_RMS_ratio,Current_RMS_to_AI1_RMS_ratio,AI0_current_residual,AI1_current_residual,AI0_RMS_slope,AI1_RMS_slope,Current_RMS_slope,dCurrent_RMS_x_dAI0_RMS,dCurrent_RMS_x_dAI1_RMS,AI0_kurtosis,AI1_kurtosis,AI0_crest_factor,AI1_crest_factor",1.0,0.3333333333333333,0.5,90,0,2,1,1.0,0.0027249762788414955
tabular,LightGBM,10,1.0,3,group_ablation,G1,17,"AI0_AI1_RMS_diff,AI0_AI1_RMS_ratio,AI0_AI1_corr,Current_RMS,Current_RMS_to_AI0_RMS_ratio,Current_RMS_to_AI1_RMS_ratio,AI0_current_residual,AI1_current_residual,AI0_RMS_slope,AI1_RMS_slope,Current_RMS_slope,dCurrent_RMS_x_dAI0_RMS,dCurrent_RMS_x_dAI1_RMS,AI0_kurtosis,AI1_kurtosis,AI0_crest_factor,AI1_crest_factor",1.0,0.3333333333333333,0.5,90,0,2,1,1.0,0.04734682571142912
tabular,XGBoost,10,1.0,3,group_ablation,G1,17,"AI0_AI1_RMS_diff,AI0_AI1_RMS_ratio,AI0_AI1_corr,Current_RMS,Current_RMS_to_AI0_RMS_ratio,Current_RMS_to_AI1_RMS_ratio,AI0_current_residual,AI1_current_residual,AI0_RMS_slope,AI1_RMS_slope,Current_RMS_slope,dCurrent_RMS_x_dAI0_RMS,dCurrent_RMS_x_dAI1_RMS,AI0_kurtosis,AI1_kurtosis,AI0_crest_factor,AI1_crest_factor",1.0,0.3333333333333333,0.5,90,0,2,1,1.0,0.05422250460833311
tabular,Logistic Regression,10,1.0,3,group_ablation,G1,17,"AI0_AI1_RMS_diff,AI0_AI1_RMS_ratio,AI0_AI1_corr,Current_RMS,Current_RMS_to_AI0_RMS_ratio,Current_RMS_to_AI1_RMS_ratio,AI0_current_residual,AI1_current_residual,AI0_RMS_slope,AI1_RMS_slope,Current_RMS_slope,dCurrent_RMS_x_dAI0_RMS,dCurrent_RMS_x_dAI1_RMS,AI0_kurtosis,AI1_kurtosis,AI0_crest_factor,AI1_crest_factor",1.0,0.6666666666666666,0.8,90,0,1,2,1.0,0.009155797772109509
tabular,One-Class SVM,10,1.0,3,group_ablation,G1,17,"AI0_AI1_RMS_diff,AI0_AI1_RMS_ratio,AI0_AI1_corr,Current_RMS,Current_RMS_to_AI0_RMS_ratio,Current_RMS_to_AI1_RMS_ratio,AI0_current_residual,AI1_current_residual,AI0_RMS_slope,AI1_RMS_slope,Current_RMS_slope,dCurrent_RMS_x_dAI0_RMS,dCurrent_RMS_x_dAI1_RMS,AI0_kurtosis,AI1_kurtosis,AI0_crest_factor,AI1_crest_factor",1.0,0.3333333333333333,0.5,90,0,2,1,1.0,0.03401779755949974
tabular,Mahalanobis distance,10,1.0,3,group_ablation,G1,17,"AI0_AI1_RMS_diff,AI0_AI1_RMS_ratio,AI0_AI1_corr,Current_RMS,Current_RMS_to_AI0_RMS_ratio,Current_RMS_to_AI1_RMS_ratio,AI0_current_residual,AI1_current_residual,AI0_RMS_slope,AI1_RMS_slope,Current_RMS_slope,dCurrent_RMS_x_dAI0_RMS,dCurrent_RMS_x_dAI1_RMS,AI0_kurtosis,AI1_kurtosis,AI0_crest_factor,AI1_crest_factor",1.0,0.3333333333333333,0.5,90,0,2,1,1.0,0.002310248091816902
tabular,Isolation Forest,10,1.0,3,group_ablation,G1,17,"AI0_AI1_RMS_diff,AI0_AI1_RMS_ratio,AI0_AI1_corr,Current_RMS,Current_RMS_to_AI0_RMS_ratio,Current_RMS_to_AI1_RMS_ratio,AI0_current_residual,AI1_current_residual,AI0_RMS_slope,AI1_RMS_slope,Current_RMS_slope,dCurrent_RMS_x_dAI0_RMS,dCurrent_RMS_x_dAI1_RMS,AI0_kurtosis,AI1_kurtosis,AI0_crest_factor,AI1_crest_factor",1.0,0.3333333333333333,0.5,90,0,2,1,1.0,0.8364926194772124
tabular,PCA reconstruction,10,1.0,3,group_ablation,G1,17,"AI0_AI1_RMS_diff,AI0_AI1_RMS_ratio,AI0_AI1_corr,Current_RMS,Current_RMS_to_AI0_RMS_ratio,Current_RMS_to_AI1_RMS_ratio,AI0_current_residual,AI1_current_residual,AI0_RMS_slope,AI1_RMS_slope,Current_RMS_slope,dCurrent_RMS_x_dAI0_RMS,dCurrent_RMS_x_dAI1_RMS,AI0_kurtosis,AI1_kurtosis,AI0_crest_factor,AI1_crest_factor",1.0,0.3333333333333333,0.5,90,0,2,1,1.0,0.002574097365140915
tabular,LightGBM,10,1.0,3,group_ablation,G2,16,"AI0_RMS,AI1_RMS,Current_RMS,Current_RMS_to_AI0_RMS_ratio,Current_RMS_to_AI1_RMS_ratio,AI0_current_residual,AI1_current_residual,AI0_RMS_slope,AI1_RMS_slope,Current_RMS_slope,dCurrent_RMS_x_dAI0_RMS,dCurrent_RMS_x_dAI1_RMS,AI0_kurtosis,AI1_kurtosis,AI0_crest_factor,AI1_crest_factor",1.0,0.3333333333333333,0.5,90,0,2,1,1.0,0.041977652348577976
tabular,XGBoost,10,1.0,3,group_ablation,G2,16,"AI0_RMS,AI1_RMS,Current_RMS,Current_RMS_to_AI0_RMS_ratio,Current_RMS_to_AI1_RMS_ratio,AI0_current_residual,AI1_current_residual,AI0_RMS_slope,AI1_RMS_slope,Current_RMS_slope,dCurrent_RMS_x_dAI0_RMS,dCurrent_RMS_x_dAI1_RMS,AI0_kurtosis,AI1_kurtosis,AI0_crest_factor,AI1_crest_factor",1.0,0.3333333333333333,0.5,90,0,2,1,1.0,0.044379581697285175
tabular,Logistic Regression,10,1.0,3,group_ablation,G2,16,"AI0_RMS,AI1_RMS,Current_RMS,Current_RMS_to_AI0_RMS_ratio,Current_RMS_to_AI1_RMS_ratio,AI0_current_residual,AI1_current_residual,AI0_RMS_slope,AI1_RMS_slope,Current_RMS_slope,dCurrent_RMS_x_dAI0_RMS,dCurrent_RMS_x_dAI1_RMS,AI0_kurtosis,AI1_kurtosis,AI0_crest_factor,AI1_crest_factor",1.0,0.6666666666666666,0.8,90,0,1,2,1.0,0.008685511536896229
tabular,One-Class SVM,10,1.0,3,group_ablation,G2,16,"AI0_RMS,AI1_RMS,Current_RMS,Current_RMS_to_AI0_RMS_ratio,Current_RMS_to_AI1_RMS_ratio,AI0_current_residual,AI1_current_residual,AI0_RMS_slope,AI1_RMS_slope,Current_RMS_slope,dCurrent_RMS_x_dAI0_RMS,dCurrent_RMS_x_dAI1_RMS,AI0_kurtosis,AI1_kurtosis,AI0_crest_factor,AI1_crest_factor",1.0,0.6666666666666666,0.8,90,0,1,2,1.0,0.032469892874360085
tabular,Mahalanobis distance,10,1.0,3,group_ablation,G2,16,"AI0_RMS,AI1_RMS,Current_RMS,Current_RMS_to_AI0_RMS_ratio,Current_RMS_to_AI1_RMS_ratio,AI0_current_residual,AI1_current_residual,AI0_RMS_slope,AI1_RMS_slope,Current_RMS_slope,dCurrent_RMS_x_dAI0_RMS,dCurrent_RMS_x_dAI1_RMS,AI0_kurtosis,AI1_kurtosis,AI0_crest_factor,AI1_crest_factor",1.0,0.3333333333333333,0.5,90,0,2,1,1.0,0.0022001294419169426
tabular,Isolation Forest,10,1.0,3,group_ablation,G2,16,"AI0_RMS,AI1_RMS,Current_RMS,Current_RMS_to_AI0_RMS_ratio,Current_RMS_to_AI1_RMS_ratio,AI0_current_residual,AI1_current_residual,AI0_RMS_slope,AI1_RMS_slope,Current_RMS_slope,dCurrent_RMS_x_dAI0_RMS,dCurrent_RMS_x_dAI1_RMS,AI0_kurtosis,AI1_kurtosis,AI0_crest_factor,AI1_crest_factor",1.0,0.3333333333333333,0.5,90,0,2,1,1.0,0.8102419264614582
tabular,PCA reconstruction,10,1.0,3,group_ablation,G2,16,"AI0_RMS,AI1_RMS,Current_RMS,Current_RMS_to_AI0_RMS_ratio,Current_RMS_to_AI1_RMS_ratio,AI0_current_residual,AI1_current_residual,AI0_RMS_slope,AI1_RMS_slope,Current_RMS_slope,dCurrent_RMS_x_dAI0_RMS,dCurrent_RMS_x_dAI1_RMS,AI0_kurtosis,AI1_kurtosis,AI0_crest_factor,AI1_crest_factor",1.0,0.3333333333333333,0.5,90,0,2,1,1.0,0.0025098389014601707
tabular,LightGBM,10,1.0,3,group_ablation,G3,14,"AI0_RMS,AI1_RMS,AI0_AI1_RMS_diff,AI0_AI1_RMS_ratio,AI0_AI1_corr,AI0_RMS_slope,AI1_RMS_slope,Current_RMS_slope,dCurrent_RMS_x_dAI0_RMS,dCurrent_RMS_x_dAI1_RMS,AI0_kurtosis,AI1_kurtosis,AI0_crest_factor,AI1_crest_factor",0.0,0.0,0.0,90,0,3,0,1.0,0.04586155712604523
tabular,XGBoost,10,1.0,3,group_ablation,G3,14,"AI0_RMS,AI1_RMS,AI0_AI1_RMS_diff,AI0_AI1_RMS_ratio,AI0_AI1_corr,AI0_RMS_slope,AI1_RMS_slope,Current_RMS_slope,dCurrent_RMS_x_dAI0_RMS,dCurrent_RMS_x_dAI1_RMS,AI0_kurtosis,AI1_kurtosis,AI0_crest_factor,AI1_crest_factor",0.0,0.0,0.0,90,0,3,0,1.0,0.042064505629241467
tabular,Logistic Regression,10,1.0,3,group_ablation,G3,14,"AI0_RMS,AI1_RMS,AI0_AI1_RMS_diff,AI0_AI1_RMS_ratio,AI0_AI1_corr,AI0_RMS_slope,AI1_RMS_slope,Current_RMS_slope,dCurrent_RMS_x_dAI0_RMS,dCurrent_RMS_x_dAI1_RMS,AI0_kurtosis,AI1_kurtosis,AI0_crest_factor,AI1_crest_factor",1.0,0.6666666666666666,0.8,90,0,1,2,1.0,0.008207742124795914
tabular,One-Class SVM,10,1.0,3,group_ablation,G3,14,"AI0_RMS,AI1_RMS,AI0_AI1_RMS_diff,AI0_AI1_RMS_ratio,AI0_AI1_corr,AI0_RMS_slope,AI1_RMS_slope,Current_RMS_slope,dCurrent_RMS_x_dAI0_RMS,dCurrent_RMS_x_dAI1_RMS,AI0_kurtosis,AI1_kurtosis,AI0_crest_factor,AI1_crest_factor",1.0,0.3333333333333333,0.5,90,0,2,1,1.0,0.035972217097878456
tabular,Mahalanobis distance,10,1.0,3,group_ablation,G3,14,"AI0_RMS,AI1_RMS,AI0_AI1_RMS_diff,AI0_AI1_RMS_ratio,AI0_AI1_corr,AI0_RMS_slope,AI1_RMS_slope,Current_RMS_slope,dCurrent_RMS_x_dAI0_RMS,dCurrent_RMS_x_dAI1_RMS,AI0_kurtosis,AI1_kurtosis,AI0_crest_factor,AI1_crest_factor",1.0,0.3333333333333333,0.5,90,0,2,1,1.0,0.0021847691386938095
tabular,Isolation Forest,10,1.0,3,group_ablation,G3,14,"AI0_RMS,AI1_RMS,AI0_AI1_RMS_diff,AI0_AI1_RMS_ratio,AI0_AI1_corr,AI0_RMS_slope,AI1_RMS_slope,Current_RMS_slope,dCurrent_RMS_x_dAI0_RMS,dCurrent_RMS_x_dAI1_RMS,AI0_kurtosis,AI1_kurtosis,AI0_crest_factor,AI1_crest_factor",1.0,0.3333333333333333,0.5,90,0,2,1,1.0,0.8370837131515145
tabular,PCA reconstruction,10,1.0,3,group_ablation,G3,14,"AI0_RMS,AI1_RMS,AI0_AI1_RMS_diff,AI0_AI1_RMS_ratio,AI0_AI1_corr,AI0_RMS_slope,AI1_RMS_slope,Current_RMS_slope,dCurrent_RMS_x_dAI0_RMS,dCurrent_RMS_x_dAI1_RMS,AI0_kurtosis,AI1_kurtosis,AI0_crest_factor,AI1_crest_factor",1.0,0.3333333333333333,0.5,90,0,2,1,1.0,0.002711435779929161
tabular,LightGBM,10,1.0,3,group_ablation,G4,14,"AI0_RMS,AI1_RMS,AI0_AI1_RMS_diff,AI0_AI1_RMS_ratio,AI0_AI1_corr,Current_RMS,Current_RMS_to_AI0_RMS_ratio,Current_RMS_to_AI1_RMS_ratio,AI0_current_residual,AI1_current_residual,AI0_kurtosis,AI1_kurtosis,AI0_crest_factor,AI1_crest_factor",1.0,0.3333333333333333,0.5,90,0,2,1,1.0,0.04570260737091303
tabular,XGBoost,10,1.0,3,group_ablation,G4,14,"AI0_RMS,AI1_RMS,AI0_AI1_RMS_diff,AI0_AI1_RMS_ratio,AI0_AI1_corr,Current_RMS,Current_RMS_to_AI0_RMS_ratio,Current_RMS_to_AI1_RMS_ratio,AI0_current_residual,AI1_current_residual,AI0_kurtosis,AI1_kurtosis,AI0_crest_factor,AI1_crest_factor",1.0,0.3333333333333333,0.5,90,0,2,1,1.0,0.03906328044831753
tabular,Logistic Regression,10,1.0,3,group_ablation,G4,14,"AI0_RMS,AI1_RMS,AI0_AI1_RMS_diff,AI0_AI1_RMS_ratio,AI0_AI1_corr,Current_RMS,Current_RMS_to_AI0_RMS_ratio,Current_RMS_to_AI1_RMS_ratio,AI0_current_residual,AI1_current_residual,AI0_kurtosis,AI1_kurtosis,AI0_crest_factor,AI1_crest_factor",1.0,0.6666666666666666,0.8,90,0,1,2,1.0,0.011444170959293842
tabular,One-Class SVM,10,1.0,3,group_ablation,G4,14,"AI0_RMS,AI1_RMS,AI0_AI1_RMS_diff,AI0_AI1_RMS_ratio,AI0_AI1_corr,Current_RMS,Current_RMS_to_AI0_RMS_ratio,Current_RMS_to_AI1_RMS_ratio,AI0_current_residual,AI1_current_residual,AI0_kurtosis,AI1_kurtosis,AI0_crest_factor,AI1_crest_factor",1.0,0.3333333333333333,0.5,90,0,2,1,1.0,0.050644706934690475
tabular,Mahalanobis distance,10,1.0,3,group_ablation,G4,14,"AI0_RMS,AI1_RMS,AI0_AI1_RMS_diff,AI0_AI1_RMS_ratio,AI0_AI1_corr,Current_RMS,Current_RMS_to_AI0_RMS_ratio,Current_RMS_to_AI1_RMS_ratio,AI0_current_residual,AI1_current_residual,AI0_kurtosis,AI1_kurtosis,AI0_crest_factor,AI1_crest_factor",1.0,0.3333333333333333,0.5,90,0,2,1,1.0,0.0020941756665706635
tabular,Isolation Forest,10,1.0,3,group_ablation,G4,14,"AI0_RMS,AI1_RMS,AI0_AI1_RMS_diff,AI0_AI1_RMS_ratio,AI0_AI1_corr,Current_RMS,Current_RMS_to_AI0_RMS_ratio,Current_RMS_to_AI1_RMS_ratio,AI0_current_residual,AI1_current_residual,AI0_kurtosis,AI1_kurtosis,AI0_crest_factor,AI1_crest_factor",1.0,0.6666666666666666,0.8,90,0,1,2,1.0,0.8845573458820581
tabular,PCA reconstruction,10,1.0,3,group_ablation,G4,14,"AI0_RMS,AI1_RMS,AI0_AI1_RMS_diff,AI0_AI1_RMS_ratio,AI0_AI1_corr,Current_RMS,Current_RMS_to_AI0_RMS_ratio,Current_RMS_to_AI1_RMS_ratio,AI0_current_residual,AI1_current_residual,AI0_kurtosis,AI1_kurtosis,AI0_crest_factor,AI1_crest_factor",1.0,0.3333333333333333,0.5,90,0,2,1,1.0,0.002387496642768383
tabular,LightGBM,10,1.0,3,group_ablation,G5,15,"AI0_RMS,AI1_RMS,AI0_AI1_RMS_diff,AI0_AI1_RMS_ratio,AI0_AI1_corr,Current_RMS,Current_RMS_to_AI0_RMS_ratio,Current_RMS_to_AI1_RMS_ratio,AI0_current_residual,AI1_current_residual,AI0_RMS_slope,AI1_RMS_slope,Current_RMS_slope,dCurrent_RMS_x_dAI0_RMS,dCurrent_RMS_x_dAI1_RMS",1.0,0.3333333333333333,0.5,90,0,2,1,1.0,0.04563232697546482
tabular,XGBoost,10,1.0,3,group_ablation,G5,15,"AI0_RMS,AI1_RMS,AI0_AI1_RMS_diff,AI0_AI1_RMS_ratio,AI0_AI1_corr,Current_RMS,Current_RMS_to_AI0_RMS_ratio,Current_RMS_to_AI1_RMS_ratio,AI0_current_residual,AI1_current_residual,AI0_RMS_slope,AI1_RMS_slope,Current_RMS_slope,dCurrent_RMS_x_dAI0_RMS,dCurrent_RMS_x_dAI1_RMS",0.0,0.0,0.0,90,0,3,0,1.0,0.0454744677990675
tabular,Logistic Regression,10,1.0,3,group_ablation,G5,15,"AI0_RMS,AI1_RMS,AI0_AI1_RMS_diff,AI0_AI1_RMS_ratio,AI0_AI1_corr,Current_RMS,Current_RMS_to_AI0_RMS_ratio,Current_RMS_to_AI1_RMS_ratio,AI0_current_residual,AI1_current_residual,AI0_RMS_slope,AI1_RMS_slope,Current_RMS_slope,dCurrent_RMS_x_dAI0_RMS,dCurrent_RMS_x_dAI1_RMS",0.0,0.0,0.0,90,0,3,0,1.0,0.009268919937312603
tabular,One-Class SVM,10,1.0,3,group_ablation,G5,15,"AI0_RMS,AI1_RMS,AI0_AI1_RMS_diff,AI0_AI1_RMS_ratio,AI0_AI1_corr,Current_RMS,Current_RMS_to_AI0_RMS_ratio,Current_RMS_to_AI1_RMS_ratio,AI0_current_residual,AI1_current_residual,AI0_RMS_slope,AI1_RMS_slope,Current_RMS_slope,dCurrent_RMS_x_dAI0_RMS,dCurrent_RMS_x_dAI1_RMS",1.0,0.6666666666666666,0.8,90,0,1,2,1.0,0.037402006797492504
tabular,Mahalanobis distance,10,1.0,3,group_ablation,G5,15,"AI0_RMS,AI1_RMS,AI0_AI1_RMS_diff,AI0_AI1_RMS_ratio,AI0_AI1_corr,Current_RMS,Current_RMS_to_AI0_RMS_ratio,Current_RMS_to_AI1_RMS_ratio,AI0_current_residual,AI1_current_residual,AI0_RMS_slope,AI1_RMS_slope,Current_RMS_slope,dCurrent_RMS_x_dAI0_RMS,dCurrent_RMS_x_dAI1_RMS",1.0,0.3333333333333333,0.5,90,0,2,1,1.0,0.0023010261356830597
tabular,Isolation Forest,10,1.0,3,group_ablation,G5,15,"AI0_RMS,AI1_RMS,AI0_AI1_RMS_diff,AI0_AI1_RMS_ratio,AI0_AI1_corr,Current_RMS,Current_RMS_to_AI0_RMS_ratio,Current_RMS_to_AI1_RMS_ratio,AI0_current_residual,AI1_current_residual,AI0_RMS_slope,AI1_RMS_slope,Current_RMS_slope,dCurrent_RMS_x_dAI0_RMS,dCurrent_RMS_x_dAI1_RMS",1.0,0.3333333333333333,0.5,90,0,2,1,1.0,0.875364413484931
tabular,PCA reconstruction,10,1.0,3,group_ablation,G5,15,"AI0_RMS,AI1_RMS,AI0_AI1_RMS_diff,AI0_AI1_RMS_ratio,AI0_AI1_corr,Current_RMS,Current_RMS_to_AI0_RMS_ratio,Current_RMS_to_AI1_RMS_ratio,AI0_current_residual,AI1_current_residual,AI0_RMS_slope,AI1_RMS_slope,Current_RMS_slope,dCurrent_RMS_x_dAI0_RMS,dCurrent_RMS_x_dAI1_RMS",1.0,0.3333333333333333,0.5,90,0,2,1,1.0,0.0026702117174863815
temporal,LSTM-Autoencoder,10,1.0,3,full,none,12,"AI0_Vibration,AI1_Vibration,AI2_Current,AI0_short_RMS,AI1_short_RMS,Current_short_RMS,AI0_AI1_RMS_diff,AI0_current_residual,AI1_current_residual,AI0_RMS_slope,AI1_RMS_slope,Current_RMS_slope",1.0,0.3333333333333333,0.5,90,0,2,1,1.0,1.0465728770941496
temporal,1D-CNN,10,1.0,3,full,none,12,"AI0_Vibration,AI1_Vibration,AI2_Current,AI0_short_RMS,AI1_short_RMS,Current_short_RMS,AI0_AI1_RMS_diff,AI0_current_residual,AI1_current_residual,AI0_RMS_slope,AI1_RMS_slope,Current_RMS_slope",1.0,0.6666666666666666,0.8,90,0,1,2,1.0,0.6797337159514427
temporal,LSTM-Autoencoder,10,1.0,3,group_ablation,T0,9,"AI0_short_RMS,AI1_short_RMS,Current_short_RMS,AI0_AI1_RMS_diff,AI0_current_residual,AI1_current_residual,AI0_RMS_slope,AI1_RMS_slope,Current_RMS_slope",1.0,0.3333333333333333,0.5,90,0,2,1,1.0,1.2890420909970999
temporal,1D-CNN,10,1.0,3,group_ablation,T0,9,"AI0_short_RMS,AI1_short_RMS,Current_short_RMS,AI0_AI1_RMS_diff,AI0_current_residual,AI1_current_residual,AI0_RMS_slope,AI1_RMS_slope,Current_RMS_slope",1.0,0.3333333333333333,0.5,90,0,2,1,1.0,0.8253237307071686
temporal,LSTM-Autoencoder,10,1.0,3,group_ablation,T1,9,"AI0_Vibration,AI1_Vibration,AI2_Current,AI0_AI1_RMS_diff,AI0_current_residual,AI1_current_residual,AI0_RMS_slope,AI1_RMS_slope,Current_RMS_slope",1.0,0.3333333333333333,0.5,90,0,2,1,1.0,1.1599251357838511
temporal,1D-CNN,10,1.0,3,group_ablation,T1,9,"AI0_Vibration,AI1_Vibration,AI2_Current,AI0_AI1_RMS_diff,AI0_current_residual,AI1_current_residual,AI0_RMS_slope,AI1_RMS_slope,Current_RMS_slope",1.0,0.6666666666666666,0.8,90,0,1,2,1.0,0.7087733056396246
temporal,LSTM-Autoencoder,10,1.0,3,group_ablation,T2,9,"AI0_Vibration,AI1_Vibration,AI2_Current,AI0_short_RMS,AI1_short_RMS,Current_short_RMS,AI0_RMS_slope,AI1_RMS_slope,Current_RMS_slope",1.0,0.3333333333333333,0.5,90,0,2,1,1.0,0.8661591904237866
temporal,1D-CNN,10,1.0,3,group_ablation,T2,9,"AI0_Vibration,AI1_Vibration,AI2_Current,AI0_short_RMS,AI1_short_RMS,Current_short_RMS,AI0_RMS_slope,AI1_RMS_slope,Current_RMS_slope",1.0,0.3333333333333333,0.5,90,0,2,1,1.0,0.49740385729819536
temporal,LSTM-Autoencoder,10,1.0,3,group_ablation,T3,9,"AI0_Vibration,AI1_Vibration,AI2_Current,AI0_short_RMS,AI1_short_RMS,Current_short_RMS,AI0_AI1_RMS_diff,AI0_current_residual,AI1_current_residual",1.0,0.3333333333333333,0.5,90,0,2,1,1.0,0.8568167546764016
temporal,1D-CNN,10,1.0,3,group_ablation,T3,9,"AI0_Vibration,AI1_Vibration,AI2_Current,AI0_short_RMS,AI1_short_RMS,Current_short_RMS,AI0_AI1_RMS_diff,AI0_current_residual,AI1_current_residual",1.0,0.6666666666666666,0.8,90,0,1,2,1.0,0.46870015282183886
tabular,LightGBM,15,1.5,3,full,none,19,"AI0_RMS,AI1_RMS,AI0_AI1_RMS_diff,AI0_AI1_RMS_ratio,AI0_AI1_corr,Current_RMS,Current_RMS_to_AI0_RMS_ratio,Current_RMS_to_AI1_RMS_ratio,AI0_current_residual,AI1_current_residual,AI0_RMS_slope,AI1_RMS_slope,Current_RMS_slope,dCurrent_RMS_x_dAI0_RMS,dCurrent_RMS_x_dAI1_RMS,AI0_kurtosis,AI1_kurtosis,AI0_crest_factor,AI1_crest_factor",1.0,0.3333333333333333,0.5,90,0,2,1,1.0,0.03911012504249811
tabular,XGBoost,15,1.5,3,full,none,19,"AI0_RMS,AI1_RMS,AI0_AI1_RMS_diff,AI0_AI1_RMS_ratio,AI0_AI1_corr,Current_RMS,Current_RMS_to_AI0_RMS_ratio,Current_RMS_to_AI1_RMS_ratio,AI0_current_residual,AI1_current_residual,AI0_RMS_slope,AI1_RMS_slope,Current_RMS_slope,dCurrent_RMS_x_dAI0_RMS,dCurrent_RMS_x_dAI1_RMS,AI0_kurtosis,AI1_kurtosis,AI0_crest_factor,AI1_crest_factor",0.0,0.0,0.0,90,0,3,0,1.0,0.040698347613215446
tabular,Logistic Regression,15,1.5,3,full,none,19,"AI0_RMS,AI1_RMS,AI0_AI1_RMS_diff,AI0_AI1_RMS_ratio,AI0_AI1_corr,Current_RMS,Current_RMS_to_AI0_RMS_ratio,Current_RMS_to_AI1_RMS_ratio,AI0_current_residual,AI1_current_residual,AI0_RMS_slope,AI1_RMS_slope,Current_RMS_slope,dCurrent_RMS_x_dAI0_RMS,dCurrent_RMS_x_dAI1_RMS,AI0_kurtosis,AI1_kurtosis,AI0_crest_factor,AI1_crest_factor",1.0,1.0,1.0,90,0,0,3,1.0,0.015278455801308155
tabular,One-Class SVM,15,1.5,3,full,none,19,"AI0_RMS,AI1_RMS,AI0_AI1_RMS_diff,AI0_AI1_RMS_ratio,AI0_AI1_corr,Current_RMS,Current_RMS_to_AI0_RMS_ratio,Current_RMS_to_AI1_RMS_ratio,AI0_current_residual,AI1_current_residual,AI0_RMS_slope,AI1_RMS_slope,Current_RMS_slope,dCurrent_RMS_x_dAI0_RMS,dCurrent_RMS_x_dAI1_RMS,AI0_kurtosis,AI1_kurtosis,AI0_crest_factor,AI1_crest_factor",1.0,0.3333333333333333,0.5,90,0,2,1,1.0,0.016096480190753937
tabular,Mahalanobis distance,15,1.5,3,full,none,19,"AI0_RMS,AI1_RMS,AI0_AI1_RMS_diff,AI0_AI1_RMS_ratio,AI0_AI1_corr,Current_RMS,Current_RMS_to_AI0_RMS_ratio,Current_RMS_to_AI1_RMS_ratio,AI0_current_residual,AI1_current_residual,AI0_RMS_slope,AI1_RMS_slope,Current_RMS_slope,dCurrent_RMS_x_dAI0_RMS,dCurrent_RMS_x_dAI1_RMS,AI0_kurtosis,AI1_kurtosis,AI0_crest_factor,AI1_crest_factor",1.0,1.0,1.0,90,0,0,3,1.0,0.002172449603676796
tabular,Isolation Forest,15,1.5,3,full,none,19,"AI0_RMS,AI1_RMS,AI0_AI1_RMS_diff,AI0_AI1_RMS_ratio,AI0_AI1_corr,Current_RMS,Current_RMS_to_AI0_RMS_ratio,Current_RMS_to_AI1_RMS_ratio,AI0_current_residual,AI1_current_residual,AI0_RMS_slope,AI1_RMS_slope,Current_RMS_slope,dCurrent_RMS_x_dAI0_RMS,dCurrent_RMS_x_dAI1_RMS,AI0_kurtosis,AI1_kurtosis,AI0_crest_factor,AI1_crest_factor",1.0,0.3333333333333333,0.5,90,0,2,1,1.0,0.8103714948520064
tabular,PCA reconstruction,15,1.5,3,full,none,19,"AI0_RMS,AI1_RMS,AI0_AI1_RMS_diff,AI0_AI1_RMS_ratio,AI0_AI1_corr,Current_RMS,Current_RMS_to_AI0_RMS_ratio,Current_RMS_to_AI1_RMS_ratio,AI0_current_residual,AI1_current_residual,AI0_RMS_slope,AI1_RMS_slope,Current_RMS_slope,dCurrent_RMS_x_dAI0_RMS,dCurrent_RMS_x_dAI1_RMS,AI0_kurtosis,AI1_kurtosis,AI0_crest_factor,AI1_crest_factor",1.0,0.3333333333333333,0.5,90,0,2,1,1.0,0.002446533180773258
tabular,LightGBM,15,1.5,3,group_ablation,G1,17,"AI0_AI1_RMS_diff,AI0_AI1_RMS_ratio,AI0_AI1_corr,Current_RMS,Current_RMS_to_AI0_RMS_ratio,Current_RMS_to_AI1_RMS_ratio,AI0_current_residual,AI1_current_residual,AI0_RMS_slope,AI1_RMS_slope,Current_RMS_slope,dCurrent_RMS_x_dAI0_RMS,dCurrent_RMS_x_dAI1_RMS,AI0_kurtosis,AI1_kurtosis,AI0_crest_factor,AI1_crest_factor",1.0,1.0,1.0,90,0,0,3,1.0,0.03883675392717123
tabular,XGBoost,15,1.5,3,group_ablation,G1,17,"AI0_AI1_RMS_diff,AI0_AI1_RMS_ratio,AI0_AI1_corr,Current_RMS,Current_RMS_to_AI0_RMS_ratio,Current_RMS_to_AI1_RMS_ratio,AI0_current_residual,AI1_current_residual,AI0_RMS_slope,AI1_RMS_slope,Current_RMS_slope,dCurrent_RMS_x_dAI0_RMS,dCurrent_RMS_x_dAI1_RMS,AI0_kurtosis,AI1_kurtosis,AI0_crest_factor,AI1_crest_factor",0.0,0.0,0.0,90,0,3,0,1.0,0.04418145585805178
tabular,Logistic Regression,15,1.5,3,group_ablation,G1,17,"AI0_AI1_RMS_diff,AI0_AI1_RMS_ratio,AI0_AI1_corr,Current_RMS,Current_RMS_to_AI0_RMS_ratio,Current_RMS_to_AI1_RMS_ratio,AI0_current_residual,AI1_current_residual,AI0_RMS_slope,AI1_RMS_slope,Current_RMS_slope,dCurrent_RMS_x_dAI0_RMS,dCurrent_RMS_x_dAI1_RMS,AI0_kurtosis,AI1_kurtosis,AI0_crest_factor,AI1_crest_factor",1.0,1.0,1.0,90,0,0,3,1.0,0.0160160344094038
tabular,One-Class SVM,15,1.5,3,group_ablation,G1,17,"AI0_AI1_RMS_diff,AI0_AI1_RMS_ratio,AI0_AI1_corr,Current_RMS,Current_RMS_to_AI0_RMS_ratio,Current_RMS_to_AI1_RMS_ratio,AI0_current_residual,AI1_current_residual,AI0_RMS_slope,AI1_RMS_slope,Current_RMS_slope,dCurrent_RMS_x_dAI0_RMS,dCurrent_RMS_x_dAI1_RMS,AI0_kurtosis,AI1_kurtosis,AI0_crest_factor,AI1_crest_factor",1.0,0.3333333333333333,0.5,90,0,2,1,1.0,0.017281323671340942
tabular,Mahalanobis distance,15,1.5,3,group_ablation,G1,17,"AI0_AI1_RMS_diff,AI0_AI1_RMS_ratio,AI0_AI1_corr,Current_RMS,Current_RMS_to_AI0_RMS_ratio,Current_RMS_to_AI1_RMS_ratio,AI0_current_residual,AI1_current_residual,AI0_RMS_slope,AI1_RMS_slope,Current_RMS_slope,dCurrent_RMS_x_dAI0_RMS,dCurrent_RMS_x_dAI1_RMS,AI0_kurtosis,AI1_kurtosis,AI0_crest_factor,AI1_crest_factor",1.0,1.0,1.0,90,0,0,3,1.0,0.0020528677850961685
tabular,Isolation Forest,15,1.5,3,group_ablation,G1,17,"AI0_AI1_RMS_diff,AI0_AI1_RMS_ratio,AI0_AI1_corr,Current_RMS,Current_RMS_to_AI0_RMS_ratio,Current_RMS_to_AI1_RMS_ratio,AI0_current_residual,AI1_current_residual,AI0_RMS_slope,AI1_RMS_slope,Current_RMS_slope,dCurrent_RMS_x_dAI0_RMS,dCurrent_RMS_x_dAI1_RMS,AI0_kurtosis,AI1_kurtosis,AI0_crest_factor,AI1_crest_factor",1.0,0.3333333333333333,0.5,90,0,2,1,1.0,0.7882636887952685
tabular,PCA reconstruction,15,1.5,3,group_ablation,G1,17,"AI0_AI1_RMS_diff,AI0_AI1_RMS_ratio,AI0_AI1_corr,Current_RMS,Current_RMS_to_AI0_RMS_ratio,Current_RMS_to_AI1_RMS_ratio,AI0_current_residual,AI1_current_residual,AI0_RMS_slope,AI1_RMS_slope,Current_RMS_slope,dCurrent_RMS_x_dAI0_RMS,dCurrent_RMS_x_dAI1_RMS,AI0_kurtosis,AI1_kurtosis,AI0_crest_factor,AI1_crest_factor",1.0,0.3333333333333333,0.5,90,0,2,1,1.0,0.0022886935621500015
tabular,LightGBM,15,1.5,3,group_ablation,G2,16,"AI0_RMS,AI1_RMS,Current_RMS,Current_RMS_to_AI0_RMS_ratio,Current_RMS_to_AI1_RMS_ratio,AI0_current_residual,AI1_current_residual,AI0_RMS_slope,AI1_RMS_slope,Current_RMS_slope,dCurrent_RMS_x_dAI0_RMS,dCurrent_RMS_x_dAI1_RMS,AI0_kurtosis,AI1_kurtosis,AI0_crest_factor,AI1_crest_factor",0.0,0.0,0.0,90,0,3,0,1.0,0.04177751764655113
tabular,XGBoost,15,1.5,3,group_ablation,G2,16,"AI0_RMS,AI1_RMS,Current_RMS,Current_RMS_to_AI0_RMS_ratio,Current_RMS_to_AI1_RMS_ratio,AI0_current_residual,AI1_current_residual,AI0_RMS_slope,AI1_RMS_slope,Current_RMS_slope,dCurrent_RMS_x_dAI0_RMS,dCurrent_RMS_x_dAI1_RMS,AI0_kurtosis,AI1_kurtosis,AI0_crest_factor,AI1_crest_factor",1.0,0.6666666666666666,0.8,90,0,1,2,1.0,0.04196403734385967
tabular,Logistic Regression,15,1.5,3,group_ablation,G2,16,"AI0_RMS,AI1_RMS,Current_RMS,Current_RMS_to_AI0_RMS_ratio,Current_RMS_to_AI1_RMS_ratio,AI0_current_residual,AI1_current_residual,AI0_RMS_slope,AI1_RMS_slope,Current_RMS_slope,dCurrent_RMS_x_dAI0_RMS,dCurrent_RMS_x_dAI1_RMS,AI0_kurtosis,AI1_kurtosis,AI0_crest_factor,AI1_crest_factor",1.0,1.0,1.0,90,0,0,3,1.0,0.014671312645077705
tabular,One-Class SVM,15,1.5,3,group_ablation,G2,16,"AI0_RMS,AI1_RMS,Current_RMS,Current_RMS_to_AI0_RMS_ratio,Current_RMS_to_AI1_RMS_ratio,AI0_current_residual,AI1_current_residual,AI0_RMS_slope,AI1_RMS_slope,Current_RMS_slope,dCurrent_RMS_x_dAI0_RMS,dCurrent_RMS_x_dAI1_RMS,AI0_kurtosis,AI1_kurtosis,AI0_crest_factor,AI1_crest_factor",1.0,0.3333333333333333,0.5,90,0,2,1,1.0,0.017229116521775723
tabular,Mahalanobis distance,15,1.5,3,group_ablation,G2,16,"AI0_RMS,AI1_RMS,Current_RMS,Current_RMS_to_AI0_RMS_ratio,Current_RMS_to_AI1_RMS_ratio,AI0_current_residual,AI1_current_residual,AI0_RMS_slope,AI1_RMS_slope,Current_RMS_slope,dCurrent_RMS_x_dAI0_RMS,dCurrent_RMS_x_dAI1_RMS,AI0_kurtosis,AI1_kurtosis,AI0_crest_factor,AI1_crest_factor",1.0,1.0,1.0,90,0,0,3,1.0,0.0019552456215023994
tabular,Isolation Forest,15,1.5,3,group_ablation,G2,16,"AI0_RMS,AI1_RMS,Current_RMS,Current_RMS_to_AI0_RMS_ratio,Current_RMS_to_AI1_RMS_ratio,AI0_current_residual,AI1_current_residual,AI0_RMS_slope,AI1_RMS_slope,Current_RMS_slope,dCurrent_RMS_x_dAI0_RMS,dCurrent_RMS_x_dAI1_RMS,AI0_kurtosis,AI1_kurtosis,AI0_crest_factor,AI1_crest_factor",1.0,0.6666666666666666,0.8,90,0,1,2,1.0,0.816043671220541
tabular,PCA reconstruction,15,1.5,3,group_ablation,G2,16,"AI0_RMS,AI1_RMS,Current_RMS,Current_RMS_to_AI0_RMS_ratio,Current_RMS_to_AI1_RMS_ratio,AI0_current_residual,AI1_current_residual,AI0_RMS_slope,AI1_RMS_slope,Current_RMS_slope,dCurrent_RMS_x_dAI0_RMS,dCurrent_RMS_x_dAI1_RMS,AI0_kurtosis,AI1_kurtosis,AI0_crest_factor,AI1_crest_factor",1.0,0.3333333333333333,0.5,90,0,2,1,1.0,0.0022262604907155037
tabular,LightGBM,15,1.5,3,group_ablation,G3,14,"AI0_RMS,AI1_RMS,AI0_AI1_RMS_diff,AI0_AI1_RMS_ratio,AI0_AI1_corr,AI0_RMS_slope,AI1_RMS_slope,Current_RMS_slope,dCurrent_RMS_x_dAI0_RMS,dCurrent_RMS_x_dAI1_RMS,AI0_kurtosis,AI1_kurtosis,AI0_crest_factor,AI1_crest_factor",0.0,0.0,0.0,90,0,3,0,1.0,0.04390559531748295
tabular,XGBoost,15,1.5,3,group_ablation,G3,14,"AI0_RMS,AI1_RMS,AI0_AI1_RMS_diff,AI0_AI1_RMS_ratio,AI0_AI1_corr,AI0_RMS_slope,AI1_RMS_slope,Current_RMS_slope,dCurrent_RMS_x_dAI0_RMS,dCurrent_RMS_x_dAI1_RMS,AI0_kurtosis,AI1_kurtosis,AI0_crest_factor,AI1_crest_factor",0.0,0.0,0.0,90,0,3,0,1.0,0.0442670714110136
tabular,Logistic Regression,15,1.5,3,group_ablation,G3,14,"AI0_RMS,AI1_RMS,AI0_AI1_RMS_diff,AI0_AI1_RMS_ratio,AI0_AI1_corr,AI0_RMS_slope,AI1_RMS_slope,Current_RMS_slope,dCurrent_RMS_x_dAI0_RMS,dCurrent_RMS_x_dAI1_RMS,AI0_kurtosis,AI1_kurtosis,AI0_crest_factor,AI1_crest_factor",1.0,0.6666666666666666,0.8,90,0,1,2,1.0,0.016284581273794174
tabular,One-Class SVM,15,1.5,3,group_ablation,G3,14,"AI0_RMS,AI1_RMS,AI0_AI1_RMS_diff,AI0_AI1_RMS_ratio,AI0_AI1_corr,AI0_RMS_slope,AI1_RMS_slope,Current_RMS_slope,dCurrent_RMS_x_dAI0_RMS,dCurrent_RMS_x_dAI1_RMS,AI0_kurtosis,AI1_kurtosis,AI0_crest_factor,AI1_crest_factor",1.0,0.6666666666666666,0.8,90,0,1,2,1.0,0.018221342004835606
tabular,Mahalanobis distance,15,1.5,3,group_ablation,G3,14,"AI0_RMS,AI1_RMS,AI0_AI1_RMS_diff,AI0_AI1_RMS_ratio,AI0_AI1_corr,AI0_RMS_slope,AI1_RMS_slope,Current_RMS_slope,dCurrent_RMS_x_dAI0_RMS,dCurrent_RMS_x_dAI1_RMS,AI0_kurtosis,AI1_kurtosis,AI0_crest_factor,AI1_crest_factor",1.0,1.0,1.0,90,0,0,3,1.0,0.001942746341228485
tabular,Isolation Forest,15,1.5,3,group_ablation,G3,14,"AI0_RMS,AI1_RMS,AI0_AI1_RMS_diff,AI0_AI1_RMS_ratio,AI0_AI1_corr,AI0_RMS_slope,AI1_RMS_slope,Current_RMS_slope,dCurrent_RMS_x_dAI0_RMS,dCurrent_RMS_x_dAI1_RMS,AI0_kurtosis,AI1_kurtosis,AI0_crest_factor,AI1_crest_factor",1.0,0.6666666666666666,0.8,90,0,1,2,1.0,0.8068994982168078
tabular,PCA reconstruction,15,1.5,3,group_ablation,G3,14,"AI0_RMS,AI1_RMS,AI0_AI1_RMS_diff,AI0_AI1_RMS_ratio,AI0_AI1_corr,AI0_RMS_slope,AI1_RMS_slope,Current_RMS_slope,dCurrent_RMS_x_dAI0_RMS,dCurrent_RMS_x_dAI1_RMS,AI0_kurtosis,AI1_kurtosis,AI0_crest_factor,AI1_crest_factor",1.0,0.6666666666666666,0.8,90,0,1,2,1.0,0.0022408384829759598
tabular,LightGBM,15,1.5,3,group_ablation,G4,14,"AI0_RMS,AI1_RMS,AI0_AI1_RMS_diff,AI0_AI1_RMS_ratio,AI0_AI1_corr,Current_RMS,Current_RMS_to_AI0_RMS_ratio,Current_RMS_to_AI1_RMS_ratio,AI0_current_residual,AI1_current_residual,AI0_kurtosis,AI1_kurtosis,AI0_crest_factor,AI1_crest_factor",1.0,0.6666666666666666,0.8,90,0,1,2,1.0,0.0414687842130661
tabular,XGBoost,15,1.5,3,group_ablation,G4,14,"AI0_RMS,AI1_RMS,AI0_AI1_RMS_diff,AI0_AI1_RMS_ratio,AI0_AI1_corr,Current_RMS,Current_RMS_to_AI0_RMS_ratio,Current_RMS_to_AI1_RMS_ratio,AI0_current_residual,AI1_current_residual,AI0_kurtosis,AI1_kurtosis,AI0_crest_factor,AI1_crest_factor",0.0,0.0,0.0,90,0,3,0,1.0,0.038608417846262455
tabular,Logistic Regression,15,1.5,3,group_ablation,G4,14,"AI0_RMS,AI1_RMS,AI0_AI1_RMS_diff,AI0_AI1_RMS_ratio,AI0_AI1_corr,Current_RMS,Current_RMS_to_AI0_RMS_ratio,Current_RMS_to_AI1_RMS_ratio,AI0_current_residual,AI1_current_residual,AI0_kurtosis,AI1_kurtosis,AI0_crest_factor,AI1_crest_factor",1.0,0.3333333333333333,0.5,90,0,2,1,1.0,0.008604028262197971
tabular,One-Class SVM,15,1.5,3,group_ablation,G4,14,"AI0_RMS,AI1_RMS,AI0_AI1_RMS_diff,AI0_AI1_RMS_ratio,AI0_AI1_corr,Current_RMS,Current_RMS_to_AI0_RMS_ratio,Current_RMS_to_AI1_RMS_ratio,AI0_current_residual,AI1_current_residual,AI0_kurtosis,AI1_kurtosis,AI0_crest_factor,AI1_crest_factor",1.0,0.3333333333333333,0.5,90,0,2,1,1.0,0.01697238814085722
tabular,Mahalanobis distance,15,1.5,3,group_ablation,G4,14,"AI0_RMS,AI1_RMS,AI0_AI1_RMS_diff,AI0_AI1_RMS_ratio,AI0_AI1_corr,Current_RMS,Current_RMS_to_AI0_RMS_ratio,Current_RMS_to_AI1_RMS_ratio,AI0_current_residual,AI1_current_residual,AI0_kurtosis,AI1_kurtosis,AI0_crest_factor,AI1_crest_factor",1.0,0.3333333333333333,0.5,90,0,2,1,1.0,0.0019288454204797745
tabular,Isolation Forest,15,1.5,3,group_ablation,G4,14,"AI0_RMS,AI1_RMS,AI0_AI1_RMS_diff,AI0_AI1_RMS_ratio,AI0_AI1_corr,Current_RMS,Current_RMS_to_AI0_RMS_ratio,Current_RMS_to_AI1_RMS_ratio,AI0_current_residual,AI1_current_residual,AI0_kurtosis,AI1_kurtosis,AI0_crest_factor,AI1_crest_factor",1.0,0.3333333333333333,0.5,90,0,2,1,1.0,0.8254669737070799
tabular,PCA reconstruction,15,1.5,3,group_ablation,G4,14,"AI0_RMS,AI1_RMS,AI0_AI1_RMS_diff,AI0_AI1_RMS_ratio,AI0_AI1_corr,Current_RMS,Current_RMS_to_AI0_RMS_ratio,Current_RMS_to_AI1_RMS_ratio,AI0_current_residual,AI1_current_residual,AI0_kurtosis,AI1_kurtosis,AI0_crest_factor,AI1_crest_factor",1.0,0.3333333333333333,0.5,90,0,2,1,1.0,0.0021577980369329453
tabular,LightGBM,15,1.5,3,group_ablation,G5,15,"AI0_RMS,AI1_RMS,AI0_AI1_RMS_diff,AI0_AI1_RMS_ratio,AI0_AI1_corr,Current_RMS,Current_RMS_to_AI0_RMS_ratio,Current_RMS_to_AI1_RMS_ratio,AI0_current_residual,AI1_current_residual,AI0_RMS_slope,AI1_RMS_slope,Current_RMS_slope,dCurrent_RMS_x_dAI0_RMS,dCurrent_RMS_x_dAI1_RMS",1.0,0.3333333333333333,0.5,90,0,2,1,1.0,0.037556660361588
tabular,XGBoost,15,1.5,3,group_ablation,G5,15,"AI0_RMS,AI1_RMS,AI0_AI1_RMS_diff,AI0_AI1_RMS_ratio,AI0_AI1_corr,Current_RMS,Current_RMS_to_AI0_RMS_ratio,Current_RMS_to_AI1_RMS_ratio,AI0_current_residual,AI1_current_residual,AI0_RMS_slope,AI1_RMS_slope,Current_RMS_slope,dCurrent_RMS_x_dAI0_RMS,dCurrent_RMS_x_dAI1_RMS",1.0,0.3333333333333333,0.5,90,0,2,1,1.0,0.038798012770712376
tabular,Logistic Regression,15,1.5,3,group_ablation,G5,15,"AI0_RMS,AI1_RMS,AI0_AI1_RMS_diff,AI0_AI1_RMS_ratio,AI0_AI1_corr,Current_RMS,Current_RMS_to_AI0_RMS_ratio,Current_RMS_to_AI1_RMS_ratio,AI0_current_residual,AI1_current_residual,AI0_RMS_slope,AI1_RMS_slope,Current_RMS_slope,dCurrent_RMS_x_dAI0_RMS,dCurrent_RMS_x_dAI1_RMS",1.0,0.3333333333333333,0.5,90,0,2,1,1.0,0.01652229856699705
tabular,One-Class SVM,15,1.5,3,group_ablation,G5,15,"AI0_RMS,AI1_RMS,AI0_AI1_RMS_diff,AI0_AI1_RMS_ratio,AI0_AI1_corr,Current_RMS,Current_RMS_to_AI0_RMS_ratio,Current_RMS_to_AI1_RMS_ratio,AI0_current_residual,AI1_current_residual,AI0_RMS_slope,AI1_RMS_slope,Current_RMS_slope,dCurrent_RMS_x_dAI0_RMS,dCurrent_RMS_x_dAI1_RMS",1.0,0.3333333333333333,0.5,90,0,2,1,1.0,0.018110614269971848
tabular,Mahalanobis distance,15,1.5,3,group_ablation,G5,15,"AI0_RMS,AI1_RMS,AI0_AI1_RMS_diff,AI0_AI1_RMS_ratio,AI0_AI1_corr,Current_RMS,Current_RMS_to_AI0_RMS_ratio,Current_RMS_to_AI1_RMS_ratio,AI0_current_residual,AI1_current_residual,AI0_RMS_slope,AI1_RMS_slope,Current_RMS_slope,dCurrent_RMS_x_dAI0_RMS,dCurrent_RMS_x_dAI1_RMS",1.0,1.0,1.0,90,0,0,3,1.0,0.0019886232912540436
tabular,Isolation Forest,15,1.5,3,group_ablation,G5,15,"AI0_RMS,AI1_RMS,AI0_AI1_RMS_diff,AI0_AI1_RMS_ratio,AI0_AI1_corr,Current_RMS,Current_RMS_to_AI0_RMS_ratio,Current_RMS_to_AI1_RMS_ratio,AI0_current_residual,AI1_current_residual,AI0_RMS_slope,AI1_RMS_slope,Current_RMS_slope,dCurrent_RMS_x_dAI0_RMS,dCurrent_RMS_x_dAI1_RMS",1.0,0.3333333333333333,0.5,90,0,2,1,1.0,0.8163221282884479
tabular,PCA reconstruction,15,1.5,3,group_ablation,G5,15,"AI0_RMS,AI1_RMS,AI0_AI1_RMS_diff,AI0_AI1_RMS_ratio,AI0_AI1_corr,Current_RMS,Current_RMS_to_AI0_RMS_ratio,Current_RMS_to_AI1_RMS_ratio,AI0_current_residual,AI1_current_residual,AI0_RMS_slope,AI1_RMS_slope,Current_RMS_slope,dCurrent_RMS_x_dAI0_RMS,dCurrent_RMS_x_dAI1_RMS",1.0,0.3333333333333333,0.5,90,0,2,1,1.0,0.0022476091980934143
temporal,LSTM-Autoencoder,15,1.5,3,full,none,12,"AI0_Vibration,AI1_Vibration,AI2_Current,AI0_short_RMS,AI1_short_RMS,Current_short_RMS,AI0_AI1_RMS_diff,AI0_current_residual,AI1_current_residual,AI0_RMS_slope,AI1_RMS_slope,Current_RMS_slope",1.0,0.3333333333333333,0.5,90,0,2,1,1.0,0.7486383197829127
temporal,1D-CNN,15,1.5,3,full,none,12,"AI0_Vibration,AI1_Vibration,AI2_Current,AI0_short_RMS,AI1_short_RMS,Current_short_RMS,AI0_AI1_RMS_diff,AI0_current_residual,AI1_current_residual,AI0_RMS_slope,AI1_RMS_slope,Current_RMS_slope",1.0,0.6666666666666666,0.8,90,0,1,2,1.0,0.4514410374686122
temporal,LSTM-Autoencoder,15,1.5,3,group_ablation,T0,9,"AI0_short_RMS,AI1_short_RMS,Current_short_RMS,AI0_AI1_RMS_diff,AI0_current_residual,AI1_current_residual,AI0_RMS_slope,AI1_RMS_slope,Current_RMS_slope",1.0,0.3333333333333333,0.5,90,0,2,1,1.0,0.8309052754193544
temporal,1D-CNN,15,1.5,3,group_ablation,T0,9,"AI0_short_RMS,AI1_short_RMS,Current_short_RMS,AI0_AI1_RMS_diff,AI0_current_residual,AI1_current_residual,AI0_RMS_slope,AI1_RMS_slope,Current_RMS_slope",1.0,0.6666666666666666,0.8,90,0,1,2,1.0,0.4294337956234813
temporal,LSTM-Autoencoder,15,1.5,3,group_ablation,T1,9,"AI0_Vibration,AI1_Vibration,AI2_Current,AI0_AI1_RMS_diff,AI0_current_residual,AI1_current_residual,AI0_RMS_slope,AI1_RMS_slope,Current_RMS_slope",1.0,0.3333333333333333,0.5,90,0,2,1,1.0,0.8474909318611026
temporal,1D-CNN,15,1.5,3,group_ablation,T1,9,"AI0_Vibration,AI1_Vibration,AI2_Current,AI0_AI1_RMS_diff,AI0_current_residual,AI1_current_residual,AI0_RMS_slope,AI1_RMS_slope,Current_RMS_slope",1.0,0.3333333333333333,0.5,90,0,2,1,1.0,0.43867116514593363
temporal,LSTM-Autoencoder,15,1.5,3,group_ablation,T2,9,"AI0_Vibration,AI1_Vibration,AI2_Current,AI0_short_RMS,AI1_short_RMS,Current_short_RMS,AI0_RMS_slope,AI1_RMS_slope,Current_RMS_slope",1.0,0.3333333333333333,0.5,90,0,2,1,1.0,0.854379940778017
temporal,1D-CNN,15,1.5,3,group_ablation,T2,9,"AI0_Vibration,AI1_Vibration,AI2_Current,AI0_short_RMS,AI1_short_RMS,Current_short_RMS,AI0_RMS_slope,AI1_RMS_slope,Current_RMS_slope",1.0,0.3333333333333333,0.5,90,0,2,1,1.0,0.5487429946660995
temporal,LSTM-Autoencoder,15,1.5,3,group_ablation,T3,9,"AI0_Vibration,AI1_Vibration,AI2_Current,AI0_short_RMS,AI1_short_RMS,Current_short_RMS,AI0_AI1_RMS_diff,AI0_current_residual,AI1_current_residual",1.0,0.3333333333333333,0.5,90,0,2,1,1.0,0.8430138090625405
temporal,1D-CNN,15,1.5,3,group_ablation,T3,9,"AI0_Vibration,AI1_Vibration,AI2_Current,AI0_short_RMS,AI1_short_RMS,Current_short_RMS,AI0_AI1_RMS_diff,AI0_current_residual,AI1_current_residual",1.0,0.6666666666666666,0.8,90,0,1,2,1.0,0.42979178950190544
tabular,LightGBM,20,2.0,3,full,none,19,"AI0_RMS,AI1_RMS,AI0_AI1_RMS_diff,AI0_AI1_RMS_ratio,AI0_AI1_corr,Current_RMS,Current_RMS_to_AI0_RMS_ratio,Current_RMS_to_AI1_RMS_ratio,AI0_current_residual,AI1_current_residual,AI0_RMS_slope,AI1_RMS_slope,Current_RMS_slope,dCurrent_RMS_x_dAI0_RMS,dCurrent_RMS_x_dAI1_RMS,AI0_kurtosis,AI1_kurtosis,AI0_crest_factor,AI1_crest_factor",1.0,0.3333333333333333,0.5,90,0,2,1,1.0,0.044889383018016815
tabular,XGBoost,20,2.0,3,full,none,19,"AI0_RMS,AI1_RMS,AI0_AI1_RMS_diff,AI0_AI1_RMS_ratio,AI0_AI1_corr,Current_RMS,Current_RMS_to_AI0_RMS_ratio,Current_RMS_to_AI1_RMS_ratio,AI0_current_residual,AI1_current_residual,AI0_RMS_slope,AI1_RMS_slope,Current_RMS_slope,dCurrent_RMS_x_dAI0_RMS,dCurrent_RMS_x_dAI1_RMS,AI0_kurtosis,AI1_kurtosis,AI0_crest_factor,AI1_crest_factor",1.0,0.6666666666666666,0.8,90,0,1,2,1.0,0.050113335251808167
tabular,Logistic Regression,20,2.0,3,full,none,19,"AI0_RMS,AI1_RMS,AI0_AI1_RMS_diff,AI0_AI1_RMS_ratio,AI0_AI1_corr,Current_RMS,Current_RMS_to_AI0_RMS_ratio,Current_RMS_to_AI1_RMS_ratio,AI0_current_residual,AI1_current_residual,AI0_RMS_slope,AI1_RMS_slope,Current_RMS_slope,dCurrent_RMS_x_dAI0_RMS,dCurrent_RMS_x_dAI1_RMS,AI0_kurtosis,AI1_kurtosis,AI0_crest_factor,AI1_crest_factor",1.0,0.3333333333333333,0.5,90,0,2,1,1.0,0.010865033604204655
tabular,One-Class SVM,20,2.0,3,full,none,19,"AI0_RMS,AI1_RMS,AI0_AI1_RMS_diff,AI0_AI1_RMS_ratio,AI0_AI1_corr,Current_RMS,Current_RMS_to_AI0_RMS_ratio,Current_RMS_to_AI1_RMS_ratio,AI0_current_residual,AI1_current_residual,AI0_RMS_slope,AI1_RMS_slope,Current_RMS_slope,dCurrent_RMS_x_dAI0_RMS,dCurrent_RMS_x_dAI1_RMS,AI0_kurtosis,AI1_kurtosis,AI0_crest_factor,AI1_crest_factor",1.0,0.3333333333333333,0.5,90,0,2,1,1.0,0.00918183196336031
tabular,Mahalanobis distance,20,2.0,3,full,none,19,"AI0_RMS,AI1_RMS,AI0_AI1_RMS_diff,AI0_AI1_RMS_ratio,AI0_AI1_corr,Current_RMS,Current_RMS_to_AI0_RMS_ratio,Current_RMS_to_AI1_RMS_ratio,AI0_current_residual,AI1_current_residual,AI0_RMS_slope,AI1_RMS_slope,Current_RMS_slope,dCurrent_RMS_x_dAI0_RMS,dCurrent_RMS_x_dAI1_RMS,AI0_kurtosis,AI1_kurtosis,AI0_crest_factor,AI1_crest_factor",1.0,1.0,1.0,90,0,0,3,1.0,0.0019197706133127213
tabular,Isolation Forest,20,2.0,3,full,none,19,"AI0_RMS,AI1_RMS,AI0_AI1_RMS_diff,AI0_AI1_RMS_ratio,AI0_AI1_corr,Current_RMS,Current_RMS_to_AI0_RMS_ratio,Current_RMS_to_AI1_RMS_ratio,AI0_current_residual,AI1_current_residual,AI0_RMS_slope,AI1_RMS_slope,Current_RMS_slope,dCurrent_RMS_x_dAI0_RMS,dCurrent_RMS_x_dAI1_RMS,AI0_kurtosis,AI1_kurtosis,AI0_crest_factor,AI1_crest_factor",1.0,0.6666666666666666,0.8,90,0,1,2,1.0,0.7199010998010635
tabular,PCA reconstruction,20,2.0,3,full,none,19,"AI0_RMS,AI1_RMS,AI0_AI1_RMS_diff,AI0_AI1_RMS_ratio,AI0_AI1_corr,Current_RMS,Current_RMS_to_AI0_RMS_ratio,Current_RMS_to_AI1_RMS_ratio,AI0_current_residual,AI1_current_residual,AI0_RMS_slope,AI1_RMS_slope,Current_RMS_slope,dCurrent_RMS_x_dAI0_RMS,dCurrent_RMS_x_dAI1_RMS,AI0_kurtosis,AI1_kurtosis,AI0_crest_factor,AI1_crest_factor",1.0,0.3333333333333333,0.5,90,0,2,1,1.0,0.0021372344344854355
tabular,LightGBM,20,2.0,3,group_ablation,G1,17,"AI0_AI1_RMS_diff,AI0_AI1_RMS_ratio,AI0_AI1_corr,Current_RMS,Current_RMS_to_AI0_RMS_ratio,Current_RMS_to_AI1_RMS_ratio,AI0_current_residual,AI1_current_residual,AI0_RMS_slope,AI1_RMS_slope,Current_RMS_slope,dCurrent_RMS_x_dAI0_RMS,dCurrent_RMS_x_dAI1_RMS,AI0_kurtosis,AI1_kurtosis,AI0_crest_factor,AI1_crest_factor",1.0,0.6666666666666666,0.8,90,0,1,2,1.0,0.04629062954336405
tabular,XGBoost,20,2.0,3,group_ablation,G1,17,"AI0_AI1_RMS_diff,AI0_AI1_RMS_ratio,AI0_AI1_corr,Current_RMS,Current_RMS_to_AI0_RMS_ratio,Current_RMS_to_AI1_RMS_ratio,AI0_current_residual,AI1_current_residual,AI0_RMS_slope,AI1_RMS_slope,Current_RMS_slope,dCurrent_RMS_x_dAI0_RMS,dCurrent_RMS_x_dAI1_RMS,AI0_kurtosis,AI1_kurtosis,AI0_crest_factor,AI1_crest_factor",1.0,0.6666666666666666,0.8,90,0,1,2,1.0,0.0480343122035265
tabular,Logistic Regression,20,2.0,3,group_ablation,G1,17,"AI0_AI1_RMS_diff,AI0_AI1_RMS_ratio,AI0_AI1_corr,Current_RMS,Current_RMS_to_AI0_RMS_ratio,Current_RMS_to_AI1_RMS_ratio,AI0_current_residual,AI1_current_residual,AI0_RMS_slope,AI1_RMS_slope,Current_RMS_slope,dCurrent_RMS_x_dAI0_RMS,dCurrent_RMS_x_dAI1_RMS,AI0_kurtosis,AI1_kurtosis,AI0_crest_factor,AI1_crest_factor",1.0,0.3333333333333333,0.5,90,0,2,1,1.0,0.010983471758663654
tabular,One-Class SVM,20,2.0,3,group_ablation,G1,17,"AI0_AI1_RMS_diff,AI0_AI1_RMS_ratio,AI0_AI1_corr,Current_RMS,Current_RMS_to_AI0_RMS_ratio,Current_RMS_to_AI1_RMS_ratio,AI0_current_residual,AI1_current_residual,AI0_RMS_slope,AI1_RMS_slope,Current_RMS_slope,dCurrent_RMS_x_dAI0_RMS,dCurrent_RMS_x_dAI1_RMS,AI0_kurtosis,AI1_kurtosis,AI0_crest_factor,AI1_crest_factor",1.0,0.3333333333333333,0.5,90,0,2,1,1.0,0.010166260413825512
tabular,Mahalanobis distance,20,2.0,3,group_ablation,G1,17,"AI0_AI1_RMS_diff,AI0_AI1_RMS_ratio,AI0_AI1_corr,Current_RMS,Current_RMS_to_AI0_RMS_ratio,Current_RMS_to_AI1_RMS_ratio,AI0_current_residual,AI1_current_residual,AI0_RMS_slope,AI1_RMS_slope,Current_RMS_slope,dCurrent_RMS_x_dAI0_RMS,dCurrent_RMS_x_dAI1_RMS,AI0_kurtosis,AI1_kurtosis,AI0_crest_factor,AI1_crest_factor",1.0,1.0,1.0,90,0,0,3,1.0,0.0018552066758275032
tabular,Isolation Forest,20,2.0,3,group_ablation,G1,17,"AI0_AI1_RMS_diff,AI0_AI1_RMS_ratio,AI0_AI1_corr,Current_RMS,Current_RMS_to_AI0_RMS_ratio,Current_RMS_to_AI1_RMS_ratio,AI0_current_residual,AI1_current_residual,AI0_RMS_slope,AI1_RMS_slope,Current_RMS_slope,dCurrent_RMS_x_dAI0_RMS,dCurrent_RMS_x_dAI1_RMS,AI0_kurtosis,AI1_kurtosis,AI0_crest_factor,AI1_crest_factor",1.0,0.6666666666666666,0.8,90,0,1,2,1.0,0.8061702931299806
tabular,PCA reconstruction,20,2.0,3,group_ablation,G1,17,"AI0_AI1_RMS_diff,AI0_AI1_RMS_ratio,AI0_AI1_corr,Current_RMS,Current_RMS_to_AI0_RMS_ratio,Current_RMS_to_AI1_RMS_ratio,AI0_current_residual,AI1_current_residual,AI0_RMS_slope,AI1_RMS_slope,Current_RMS_slope,dCurrent_RMS_x_dAI0_RMS,dCurrent_RMS_x_dAI1_RMS,AI0_kurtosis,AI1_kurtosis,AI0_crest_factor,AI1_crest_factor",1.0,0.3333333333333333,0.5,90,0,2,1,1.0,0.002067212015390396
tabular,LightGBM,20,2.0,3,group_ablation,G2,16,"AI0_RMS,AI1_RMS,Current_RMS,Current_RMS_to_AI0_RMS_ratio,Current_RMS_to_AI1_RMS_ratio,AI0_current_residual,AI1_current_residual,AI0_RMS_slope,AI1_RMS_slope,Current_RMS_slope,dCurrent_RMS_x_dAI0_RMS,dCurrent_RMS_x_dAI1_RMS,AI0_kurtosis,AI1_kurtosis,AI0_crest_factor,AI1_crest_factor",1.0,0.3333333333333333,0.5,90,0,2,1,1.0,0.04202489089220762
tabular,XGBoost,20,2.0,3,group_ablation,G2,16,"AI0_RMS,AI1_RMS,Current_RMS,Current_RMS_to_AI0_RMS_ratio,Current_RMS_to_AI1_RMS_ratio,AI0_current_residual,AI1_current_residual,AI0_RMS_slope,AI1_RMS_slope,Current_RMS_slope,dCurrent_RMS_x_dAI0_RMS,dCurrent_RMS_x_dAI1_RMS,AI0_kurtosis,AI1_kurtosis,AI0_crest_factor,AI1_crest_factor",1.0,0.6666666666666666,0.8,90,0,1,2,1.0,0.04609834402799606
tabular,Logistic Regression,20,2.0,3,group_ablation,G2,16,"AI0_RMS,AI1_RMS,Current_RMS,Current_RMS_to_AI0_RMS_ratio,Current_RMS_to_AI1_RMS_ratio,AI0_current_residual,AI1_current_residual,AI0_RMS_slope,AI1_RMS_slope,Current_RMS_slope,dCurrent_RMS_x_dAI0_RMS,dCurrent_RMS_x_dAI1_RMS,AI0_kurtosis,AI1_kurtosis,AI0_crest_factor,AI1_crest_factor",1.0,0.3333333333333333,0.5,90,0,2,1,1.0,0.009689252823591232
tabular,One-Class SVM,20,2.0,3,group_ablation,G2,16,"AI0_RMS,AI1_RMS,Current_RMS,Current_RMS_to_AI0_RMS_ratio,Current_RMS_to_AI1_RMS_ratio,AI0_current_residual,AI1_current_residual,AI0_RMS_slope,AI1_RMS_slope,Current_RMS_slope,dCurrent_RMS_x_dAI0_RMS,dCurrent_RMS_x_dAI1_RMS,AI0_kurtosis,AI1_kurtosis,AI0_crest_factor,AI1_crest_factor",1.0,0.3333333333333333,0.5,90,0,2,1,1.0,0.009753145277500153
tabular,Mahalanobis distance,20,2.0,3,group_ablation,G2,16,"AI0_RMS,AI1_RMS,Current_RMS,Current_RMS_to_AI0_RMS_ratio,Current_RMS_to_AI1_RMS_ratio,AI0_current_residual,AI1_current_residual,AI0_RMS_slope,AI1_RMS_slope,Current_RMS_slope,dCurrent_RMS_x_dAI0_RMS,dCurrent_RMS_x_dAI1_RMS,AI0_kurtosis,AI1_kurtosis,AI0_crest_factor,AI1_crest_factor",1.0,1.0,1.0,90,0,0,3,1.0,0.0017873914912343025
tabular,Isolation Forest,20,2.0,3,group_ablation,G2,16,"AI0_RMS,AI1_RMS,Current_RMS,Current_RMS_to_AI0_RMS_ratio,Current_RMS_to_AI1_RMS_ratio,AI0_current_residual,AI1_current_residual,AI0_RMS_slope,AI1_RMS_slope,Current_RMS_slope,dCurrent_RMS_x_dAI0_RMS,dCurrent_RMS_x_dAI1_RMS,AI0_kurtosis,AI1_kurtosis,AI0_crest_factor,AI1_crest_factor",1.0,0.6666666666666666,0.8,90,0,1,2,1.0,0.7962434245273471
tabular,PCA reconstruction,20,2.0,3,group_ablation,G2,16,"AI0_RMS,AI1_RMS,Current_RMS,Current_RMS_to_AI0_RMS_ratio,Current_RMS_to_AI1_RMS_ratio,AI0_current_residual,AI1_current_residual,AI0_RMS_slope,AI1_RMS_slope,Current_RMS_slope,dCurrent_RMS_x_dAI0_RMS,dCurrent_RMS_x_dAI1_RMS,AI0_kurtosis,AI1_kurtosis,AI0_crest_factor,AI1_crest_factor",1.0,0.3333333333333333,0.5,90,0,2,1,1.0,0.002103273756802082
tabular,LightGBM,20,2.0,3,group_ablation,G3,14,"AI0_RMS,AI1_RMS,AI0_AI1_RMS_diff,AI0_AI1_RMS_ratio,AI0_AI1_corr,AI0_RMS_slope,AI1_RMS_slope,Current_RMS_slope,dCurrent_RMS_x_dAI0_RMS,dCurrent_RMS_x_dAI1_RMS,AI0_kurtosis,AI1_kurtosis,AI0_crest_factor,AI1_crest_factor",1.0,0.6666666666666666,0.8,90,0,1,2,1.0,0.04712987784296274
tabular,XGBoost,20,2.0,3,group_ablation,G3,14,"AI0_RMS,AI1_RMS,AI0_AI1_RMS_diff,AI0_AI1_RMS_ratio,AI0_AI1_corr,AI0_RMS_slope,AI1_RMS_slope,Current_RMS_slope,dCurrent_RMS_x_dAI0_RMS,dCurrent_RMS_x_dAI1_RMS,AI0_kurtosis,AI1_kurtosis,AI0_crest_factor,AI1_crest_factor",1.0,0.6666666666666666,0.8,90,0,1,2,1.0,0.04506051819771528
tabular,Logistic Regression,20,2.0,3,group_ablation,G3,14,"AI0_RMS,AI1_RMS,AI0_AI1_RMS_diff,AI0_AI1_RMS_ratio,AI0_AI1_corr,AI0_RMS_slope,AI1_RMS_slope,Current_RMS_slope,dCurrent_RMS_x_dAI0_RMS,dCurrent_RMS_x_dAI1_RMS,AI0_kurtosis,AI1_kurtosis,AI0_crest_factor,AI1_crest_factor",1.0,0.3333333333333333,0.5,90,0,2,1,1.0,0.015124629251658916
tabular,One-Class SVM,20,2.0,3,group_ablation,G3,14,"AI0_RMS,AI1_RMS,AI0_AI1_RMS_diff,AI0_AI1_RMS_ratio,AI0_AI1_corr,AI0_RMS_slope,AI1_RMS_slope,Current_RMS_slope,dCurrent_RMS_x_dAI0_RMS,dCurrent_RMS_x_dAI1_RMS,AI0_kurtosis,AI1_kurtosis,AI0_crest_factor,AI1_crest_factor",1.0,0.3333333333333333,0.5,90,0,2,1,1.0,0.010300414636731148
tabular,Mahalanobis distance,20,2.0,3,group_ablation,G3,14,"AI0_RMS,AI1_RMS,AI0_AI1_RMS_diff,AI0_AI1_RMS_ratio,AI0_AI1_corr,AI0_RMS_slope,AI1_RMS_slope,Current_RMS_slope,dCurrent_RMS_x_dAI0_RMS,dCurrent_RMS_x_dAI1_RMS,AI0_kurtosis,AI1_kurtosis,AI0_crest_factor,AI1_crest_factor",1.0,1.0,1.0,90,0,0,3,1.0,0.0017753001302480698
tabular,Isolation Forest,20,2.0,3,group_ablation,G3,14,"AI0_RMS,AI1_RMS,AI0_AI1_RMS_diff,AI0_AI1_RMS_ratio,AI0_AI1_corr,AI0_RMS_slope,AI1_RMS_slope,Current_RMS_slope,dCurrent_RMS_x_dAI0_RMS,dCurrent_RMS_x_dAI1_RMS,AI0_kurtosis,AI1_kurtosis,AI0_crest_factor,AI1_crest_factor",1.0,0.6666666666666666,0.8,90,0,1,2,1.0,0.8013478107750416
tabular,PCA reconstruction,20,2.0,3,group_ablation,G3,14,"AI0_RMS,AI1_RMS,AI0_AI1_RMS_diff,AI0_AI1_RMS_ratio,AI0_AI1_corr,AI0_RMS_slope,AI1_RMS_slope,Current_RMS_slope,dCurrent_RMS_x_dAI0_RMS,dCurrent_RMS_x_dAI1_RMS,AI0_kurtosis,AI1_kurtosis,AI0_crest_factor,AI1_crest_factor",1.0,1.0,1.0,90,0,0,3,1.0,0.0019664643332362175
tabular,LightGBM,20,2.0,3,group_ablation,G4,14,"AI0_RMS,AI1_RMS,AI0_AI1_RMS_diff,AI0_AI1_RMS_ratio,AI0_AI1_corr,Current_RMS,Current_RMS_to_AI0_RMS_ratio,Current_RMS_to_AI1_RMS_ratio,AI0_current_residual,AI1_current_residual,AI0_kurtosis,AI1_kurtosis,AI0_crest_factor,AI1_crest_factor",1.0,0.3333333333333333,0.5,90,0,2,1,1.0,0.048740279860794544
tabular,XGBoost,20,2.0,3,group_ablation,G4,14,"AI0_RMS,AI1_RMS,AI0_AI1_RMS_diff,AI0_AI1_RMS_ratio,AI0_AI1_corr,Current_RMS,Current_RMS_to_AI0_RMS_ratio,Current_RMS_to_AI1_RMS_ratio,AI0_current_residual,AI1_current_residual,AI0_kurtosis,AI1_kurtosis,AI0_crest_factor,AI1_crest_factor",1.0,0.6666666666666666,0.8,90,0,1,2,1.0,0.04790574498474598
tabular,Logistic Regression,20,2.0,3,group_ablation,G4,14,"AI0_RMS,AI1_RMS,AI0_AI1_RMS_diff,AI0_AI1_RMS_ratio,AI0_AI1_corr,Current_RMS,Current_RMS_to_AI0_RMS_ratio,Current_RMS_to_AI1_RMS_ratio,AI0_current_residual,AI1_current_residual,AI0_kurtosis,AI1_kurtosis,AI0_crest_factor,AI1_crest_factor",1.0,0.6666666666666666,0.8,90,0,1,2,1.0,0.006734607741236687
tabular,One-Class SVM,20,2.0,3,group_ablation,G4,14,"AI0_RMS,AI1_RMS,AI0_AI1_RMS_diff,AI0_AI1_RMS_ratio,AI0_AI1_corr,Current_RMS,Current_RMS_to_AI0_RMS_ratio,Current_RMS_to_AI1_RMS_ratio,AI0_current_residual,AI1_current_residual,AI0_kurtosis,AI1_kurtosis,AI0_crest_factor,AI1_crest_factor",1.0,0.6666666666666666,0.8,90,0,1,2,1.0,0.008513965643942356
tabular,Mahalanobis distance,20,2.0,3,group_ablation,G4,14,"AI0_RMS,AI1_RMS,AI0_AI1_RMS_diff,AI0_AI1_RMS_ratio,AI0_AI1_corr,Current_RMS,Current_RMS_to_AI0_RMS_ratio,Current_RMS_to_AI1_RMS_ratio,AI0_current_residual,AI1_current_residual,AI0_kurtosis,AI1_kurtosis,AI0_crest_factor,AI1_crest_factor",1.0,0.3333333333333333,0.5,90,0,2,1,1.0,0.0017897197976708412
tabular,Isolation Forest,20,2.0,3,group_ablation,G4,14,"AI0_RMS,AI1_RMS,AI0_AI1_RMS_diff,AI0_AI1_RMS_ratio,AI0_AI1_corr,Current_RMS,Current_RMS_to_AI0_RMS_ratio,Current_RMS_to_AI1_RMS_ratio,AI0_current_residual,AI1_current_residual,AI0_kurtosis,AI1_kurtosis,AI0_crest_factor,AI1_crest_factor",1.0,0.6666666666666666,0.8,90,0,1,2,1.0,0.7683321498334408
tabular,PCA reconstruction,20,2.0,3,group_ablation,G4,14,"AI0_RMS,AI1_RMS,AI0_AI1_RMS_diff,AI0_AI1_RMS_ratio,AI0_AI1_corr,Current_RMS,Current_RMS_to_AI0_RMS_ratio,Current_RMS_to_AI1_RMS_ratio,AI0_current_residual,AI1_current_residual,AI0_kurtosis,AI1_kurtosis,AI0_crest_factor,AI1_crest_factor",1.0,0.3333333333333333,0.5,90,0,2,1,1.0,0.00195320975035429
tabular,LightGBM,20,2.0,3,group_ablation,G5,15,"AI0_RMS,AI1_RMS,AI0_AI1_RMS_diff,AI0_AI1_RMS_ratio,AI0_AI1_corr,Current_RMS,Current_RMS_to_AI0_RMS_ratio,Current_RMS_to_AI1_RMS_ratio,AI0_current_residual,AI1_current_residual,AI0_RMS_slope,AI1_RMS_slope,Current_RMS_slope,dCurrent_RMS_x_dAI0_RMS,dCurrent_RMS_x_dAI1_RMS",1.0,0.6666666666666666,0.8,90,0,1,2,1.0,0.0524083636701107
tabular,XGBoost,20,2.0,3,group_ablation,G5,15,"AI0_RMS,AI1_RMS,AI0_AI1_RMS_diff,AI0_AI1_RMS_ratio,AI0_AI1_corr,Current_RMS,Current_RMS_to_AI0_RMS_ratio,Current_RMS_to_AI1_RMS_ratio,AI0_current_residual,AI1_current_residual,AI0_RMS_slope,AI1_RMS_slope,Current_RMS_slope,dCurrent_RMS_x_dAI0_RMS,dCurrent_RMS_x_dAI1_RMS",1.0,0.6666666666666666,0.8,90,0,1,2,1.0,0.046492986381053925
tabular,Logistic Regression,20,2.0,3,group_ablation,G5,15,"AI0_RMS,AI1_RMS,AI0_AI1_RMS_diff,AI0_AI1_RMS_ratio,AI0_AI1_corr,Current_RMS,Current_RMS_to_AI0_RMS_ratio,Current_RMS_to_AI1_RMS_ratio,AI0_current_residual,AI1_current_residual,AI0_RMS_slope,AI1_RMS_slope,Current_RMS_slope,dCurrent_RMS_x_dAI0_RMS,dCurrent_RMS_x_dAI1_RMS",1.0,0.6666666666666666,0.8,90,0,1,2,0.9166666666666665,0.011447078548371792
tabular,One-Class SVM,20,2.0,3,group_ablation,G5,15,"AI0_RMS,AI1_RMS,AI0_AI1_RMS_diff,AI0_AI1_RMS_ratio,AI0_AI1_corr,Current_RMS,Current_RMS_to_AI0_RMS_ratio,Current_RMS_to_AI1_RMS_ratio,AI0_current_residual,AI1_current_residual,AI0_RMS_slope,AI1_RMS_slope,Current_RMS_slope,dCurrent_RMS_x_dAI0_RMS,dCurrent_RMS_x_dAI1_RMS",1.0,0.3333333333333333,0.5,90,0,2,1,1.0,0.009858793579041958
tabular,Mahalanobis distance,20,2.0,3,group_ablation,G5,15,"AI0_RMS,AI1_RMS,AI0_AI1_RMS_diff,AI0_AI1_RMS_ratio,AI0_AI1_corr,Current_RMS,Current_RMS_to_AI0_RMS_ratio,Current_RMS_to_AI1_RMS_ratio,AI0_current_residual,AI1_current_residual,AI0_RMS_slope,AI1_RMS_slope,Current_RMS_slope,dCurrent_RMS_x_dAI0_RMS,dCurrent_RMS_x_dAI1_RMS",1.0,1.0,1.0,90,0,0,3,1.0,0.0018237074837088585
tabular,Isolation Forest,20,2.0,3,group_ablation,G5,15,"AI0_RMS,AI1_RMS,AI0_AI1_RMS_diff,AI0_AI1_RMS_ratio,AI0_AI1_corr,Current_RMS,Current_RMS_to_AI0_RMS_ratio,Current_RMS_to_AI1_RMS_ratio,AI0_current_residual,AI1_current_residual,AI0_RMS_slope,AI1_RMS_slope,Current_RMS_slope,dCurrent_RMS_x_dAI0_RMS,dCurrent_RMS_x_dAI1_RMS",1.0,0.6666666666666666,0.8,90,0,1,2,1.0,0.7590124271810055
tabular,PCA reconstruction,20,2.0,3,group_ablation,G5,15,"AI0_RMS,AI1_RMS,AI0_AI1_RMS_diff,AI0_AI1_RMS_ratio,AI0_AI1_corr,Current_RMS,Current_RMS_to_AI0_RMS_ratio,Current_RMS_to_AI1_RMS_ratio,AI0_current_residual,AI1_current_residual,AI0_RMS_slope,AI1_RMS_slope,Current_RMS_slope,dCurrent_RMS_x_dAI0_RMS,dCurrent_RMS_x_dAI1_RMS",1.0,0.6666666666666666,0.8,90,0,1,2,1.0,0.002056528814136982
temporal,LSTM-Autoencoder,20,2.0,3,full,none,12,"AI0_Vibration,AI1_Vibration,AI2_Current,AI0_short_RMS,AI1_short_RMS,Current_short_RMS,AI0_AI1_RMS_diff,AI0_current_residual,AI1_current_residual,AI0_RMS_slope,AI1_RMS_slope,Current_RMS_slope",1.0,0.3333333333333333,0.5,90,0,2,1,1.0,0.7041623806580901
temporal,1D-CNN,20,2.0,3,full,none,12,"AI0_Vibration,AI1_Vibration,AI2_Current,AI0_short_RMS,AI1_short_RMS,Current_short_RMS,AI0_AI1_RMS_diff,AI0_current_residual,AI1_current_residual,AI0_RMS_slope,AI1_RMS_slope,Current_RMS_slope",1.0,0.3333333333333333,0.5,90,0,2,1,1.0,0.31398418731987476
temporal,LSTM-Autoencoder,20,2.0,3,group_ablation,T0,9,"AI0_short_RMS,AI1_short_RMS,Current_short_RMS,AI0_AI1_RMS_diff,AI0_current_residual,AI1_current_residual,AI0_RMS_slope,AI1_RMS_slope,Current_RMS_slope",1.0,0.3333333333333333,0.5,90,0,2,1,1.0,0.6486108293756843
temporal,1D-CNN,20,2.0,3,group_ablation,T0,9,"AI0_short_RMS,AI1_short_RMS,Current_short_RMS,AI0_AI1_RMS_diff,AI0_current_residual,AI1_current_residual,AI0_RMS_slope,AI1_RMS_slope,Current_RMS_slope",1.0,0.6666666666666666,0.8,90,0,1,2,1.0,0.30701578967273235
temporal,LSTM-Autoencoder,20,2.0,3,group_ablation,T1,9,"AI0_Vibration,AI1_Vibration,AI2_Current,AI0_AI1_RMS_diff,AI0_current_residual,AI1_current_residual,AI0_RMS_slope,AI1_RMS_slope,Current_RMS_slope",1.0,0.3333333333333333,0.5,90,0,2,1,1.0,0.7948586633428931
temporal,1D-CNN,20,2.0,3,group_ablation,T1,9,"AI0_Vibration,AI1_Vibration,AI2_Current,AI0_AI1_RMS_diff,AI0_current_residual,AI1_current_residual,AI0_RMS_slope,AI1_RMS_slope,Current_RMS_slope",1.0,0.3333333333333333,0.5,90,0,2,1,1.0,0.33131972700357437
temporal,LSTM-Autoencoder,20,2.0,3,group_ablation,T2,9,"AI0_Vibration,AI1_Vibration,AI2_Current,AI0_short_RMS,AI1_short_RMS,Current_short_RMS,AI0_RMS_slope,AI1_RMS_slope,Current_RMS_slope",1.0,0.3333333333333333,0.5,90,0,2,1,1.0,0.6870848778635263
temporal,1D-CNN,20,2.0,3,group_ablation,T2,9,"AI0_Vibration,AI1_Vibration,AI2_Current,AI0_short_RMS,AI1_short_RMS,Current_short_RMS,AI0_RMS_slope,AI1_RMS_slope,Current_RMS_slope",1.0,0.3333333333333333,0.5,90,0,2,1,1.0,0.3346707187592983
temporal,LSTM-Autoencoder,20,2.0,3,group_ablation,T3,9,"AI0_Vibration,AI1_Vibration,AI2_Current,AI0_short_RMS,AI1_short_RMS,Current_short_RMS,AI0_AI1_RMS_diff,AI0_current_residual,AI1_current_residual",1.0,0.3333333333333333,0.5,90,0,2,1,1.0,0.6988808792084455
temporal,1D-CNN,20,2.0,3,group_ablation,T3,9,"AI0_Vibration,AI1_Vibration,AI2_Current,AI0_short_RMS,AI1_short_RMS,Current_short_RMS,AI0_AI1_RMS_diff,AI0_current_residual,AI1_current_residual",1.0,0.3333333333333333,0.5,90,0,2,1,1.0,0.33821191918104887
tabular,LightGBM,5,0.5,4,full,none,19,"AI0_RMS,AI1_RMS,AI0_AI1_RMS_diff,AI0_AI1_RMS_ratio,AI0_AI1_corr,Current_RMS,Current_RMS_to_AI0_RMS_ratio,Current_RMS_to_AI1_RMS_ratio,AI0_current_residual,AI1_current_residual,AI0_RMS_slope,AI1_RMS_slope,Current_RMS_slope,dCurrent_RMS_x_dAI0_RMS,dCurrent_RMS_x_dAI1_RMS,AI0_kurtosis,AI1_kurtosis,AI0_crest_factor,AI1_crest_factor",0.0,0.0,0.0,91,0,2,0,0.5833333333333333,0.09391915425658226
tabular,XGBoost,5,0.5,4,full,none,19,"AI0_RMS,AI1_RMS,AI0_AI1_RMS_diff,AI0_AI1_RMS_ratio,AI0_AI1_corr,Current_RMS,Current_RMS_to_AI0_RMS_ratio,Current_RMS_to_AI1_RMS_ratio,AI0_current_residual,AI1_current_residual,AI0_RMS_slope,AI1_RMS_slope,Current_RMS_slope,dCurrent_RMS_x_dAI0_RMS,dCurrent_RMS_x_dAI1_RMS,AI0_kurtosis,AI1_kurtosis,AI0_crest_factor,AI1_crest_factor",0.0,0.0,0.0,91,0,2,0,0.5833333333333333,0.07211178168654442
tabular,Logistic Regression,5,0.5,4,full,none,19,"AI0_RMS,AI1_RMS,AI0_AI1_RMS_diff,AI0_AI1_RMS_ratio,AI0_AI1_corr,Current_RMS,Current_RMS_to_AI0_RMS_ratio,Current_RMS_to_AI1_RMS_ratio,AI0_current_residual,AI1_current_residual,AI0_RMS_slope,AI1_RMS_slope,Current_RMS_slope,dCurrent_RMS_x_dAI0_RMS,dCurrent_RMS_x_dAI1_RMS,AI0_kurtosis,AI1_kurtosis,AI0_crest_factor,AI1_crest_factor",0.0,0.0,0.0,91,0,2,0,0.35,0.010587820783257484
tabular,One-Class SVM,5,0.5,4,full,none,19,"AI0_RMS,AI1_RMS,AI0_AI1_RMS_diff,AI0_AI1_RMS_ratio,AI0_AI1_corr,Current_RMS,Current_RMS_to_AI0_RMS_ratio,Current_RMS_to_AI1_RMS_ratio,AI0_current_residual,AI1_current_residual,AI0_RMS_slope,AI1_RMS_slope,Current_RMS_slope,dCurrent_RMS_x_dAI0_RMS,dCurrent_RMS_x_dAI1_RMS,AI0_kurtosis,AI1_kurtosis,AI0_crest_factor,AI1_crest_factor",1.0,0.5,0.6666666666666666,91,0,1,1,0.6428571428571428,0.05243936460465193
tabular,Mahalanobis distance,5,0.5,4,full,none,19,"AI0_RMS,AI1_RMS,AI0_AI1_RMS_diff,AI0_AI1_RMS_ratio,AI0_AI1_corr,Current_RMS,Current_RMS_to_AI0_RMS_ratio,Current_RMS_to_AI1_RMS_ratio,AI0_current_residual,AI1_current_residual,AI0_RMS_slope,AI1_RMS_slope,Current_RMS_slope,dCurrent_RMS_x_dAI0_RMS,dCurrent_RMS_x_dAI1_RMS,AI0_kurtosis,AI1_kurtosis,AI0_crest_factor,AI1_crest_factor",0.0,0.0,0.0,91,0,2,0,0.5416666666666666,0.0032394127920269966
tabular,Isolation Forest,5,0.5,4,full,none,19,"AI0_RMS,AI1_RMS,AI0_AI1_RMS_diff,AI0_AI1_RMS_ratio,AI0_AI1_corr,Current_RMS,Current_RMS_to_AI0_RMS_ratio,Current_RMS_to_AI1_RMS_ratio,AI0_current_residual,AI1_current_residual,AI0_RMS_slope,AI1_RMS_slope,Current_RMS_slope,dCurrent_RMS_x_dAI0_RMS,dCurrent_RMS_x_dAI1_RMS,AI0_kurtosis,AI1_kurtosis,AI0_crest_factor,AI1_crest_factor",1.0,0.5,0.6666666666666666,91,0,1,1,0.54,0.8833631435409188
tabular,PCA reconstruction,5,0.5,4,full,none,19,"AI0_RMS,AI1_RMS,AI0_AI1_RMS_diff,AI0_AI1_RMS_ratio,AI0_AI1_corr,Current_RMS,Current_RMS_to_AI0_RMS_ratio,Current_RMS_to_AI1_RMS_ratio,AI0_current_residual,AI1_current_residual,AI0_RMS_slope,AI1_RMS_slope,Current_RMS_slope,dCurrent_RMS_x_dAI0_RMS,dCurrent_RMS_x_dAI1_RMS,AI0_kurtosis,AI1_kurtosis,AI0_crest_factor,AI1_crest_factor",0.0,0.0,0.0,91,0,2,0,0.5526315789473684,0.004023974761366844
tabular,LightGBM,5,0.5,4,group_ablation,G1,17,"AI0_AI1_RMS_diff,AI0_AI1_RMS_ratio,AI0_AI1_corr,Current_RMS,Current_RMS_to_AI0_RMS_ratio,Current_RMS_to_AI1_RMS_ratio,AI0_current_residual,AI1_current_residual,AI0_RMS_slope,AI1_RMS_slope,Current_RMS_slope,dCurrent_RMS_x_dAI0_RMS,dCurrent_RMS_x_dAI1_RMS,AI0_kurtosis,AI1_kurtosis,AI0_crest_factor,AI1_crest_factor",0.0,0.0,0.0,91,0,2,0,0.5833333333333333,0.1016902532428503
tabular,XGBoost,5,0.5,4,group_ablation,G1,17,"AI0_AI1_RMS_diff,AI0_AI1_RMS_ratio,AI0_AI1_corr,Current_RMS,Current_RMS_to_AI0_RMS_ratio,Current_RMS_to_AI1_RMS_ratio,AI0_current_residual,AI1_current_residual,AI0_RMS_slope,AI1_RMS_slope,Current_RMS_slope,dCurrent_RMS_x_dAI0_RMS,dCurrent_RMS_x_dAI1_RMS,AI0_kurtosis,AI1_kurtosis,AI0_crest_factor,AI1_crest_factor",0.0,0.0,0.0,91,0,2,0,0.5833333333333333,0.0706273727118969
tabular,Logistic Regression,5,0.5,4,group_ablation,G1,17,"AI0_AI1_RMS_diff,AI0_AI1_RMS_ratio,AI0_AI1_corr,Current_RMS,Current_RMS_to_AI0_RMS_ratio,Current_RMS_to_AI1_RMS_ratio,AI0_current_residual,AI1_current_residual,AI0_RMS_slope,AI1_RMS_slope,Current_RMS_slope,dCurrent_RMS_x_dAI0_RMS,dCurrent_RMS_x_dAI1_RMS,AI0_kurtosis,AI1_kurtosis,AI0_crest_factor,AI1_crest_factor",0.0,0.0,0.0,91,0,2,0,0.35,0.009190991520881653
tabular,One-Class SVM,5,0.5,4,group_ablation,G1,17,"AI0_AI1_RMS_diff,AI0_AI1_RMS_ratio,AI0_AI1_corr,Current_RMS,Current_RMS_to_AI0_RMS_ratio,Current_RMS_to_AI1_RMS_ratio,AI0_current_residual,AI1_current_residual,AI0_RMS_slope,AI1_RMS_slope,Current_RMS_slope,dCurrent_RMS_x_dAI0_RMS,dCurrent_RMS_x_dAI1_RMS,AI0_kurtosis,AI1_kurtosis,AI0_crest_factor,AI1_crest_factor",1.0,0.5,0.6666666666666666,91,0,1,1,0.5833333333333334,0.05714310146868229
tabular,Mahalanobis distance,5,0.5,4,group_ablation,G1,17,"AI0_AI1_RMS_diff,AI0_AI1_RMS_ratio,AI0_AI1_corr,Current_RMS,Current_RMS_to_AI0_RMS_ratio,Current_RMS_to_AI1_RMS_ratio,AI0_current_residual,AI1_current_residual,AI0_RMS_slope,AI1_RMS_slope,Current_RMS_slope,dCurrent_RMS_x_dAI0_RMS,dCurrent_RMS_x_dAI1_RMS,AI0_kurtosis,AI1_kurtosis,AI0_crest_factor,AI1_crest_factor",0.0,0.0,0.0,91,0,2,0,0.5416666666666666,0.0028772763907909393
tabular,Isolation Forest,5,0.5,4,group_ablation,G1,17,"AI0_AI1_RMS_diff,AI0_AI1_RMS_ratio,AI0_AI1_corr,Current_RMS,Current_RMS_to_AI0_RMS_ratio,Current_RMS_to_AI1_RMS_ratio,AI0_current_residual,AI1_current_residual,AI0_RMS_slope,AI1_RMS_slope,Current_RMS_slope,dCurrent_RMS_x_dAI0_RMS,dCurrent_RMS_x_dAI1_RMS,AI0_kurtosis,AI1_kurtosis,AI0_crest_factor,AI1_crest_factor",1.0,0.5,0.6666666666666666,91,0,1,1,0.5476190476190477,0.8655542759224772
tabular,PCA reconstruction,5,0.5,4,group_ablation,G1,17,"AI0_AI1_RMS_diff,AI0_AI1_RMS_ratio,AI0_AI1_corr,Current_RMS,Current_RMS_to_AI0_RMS_ratio,Current_RMS_to_AI1_RMS_ratio,AI0_current_residual,AI1_current_residual,AI0_RMS_slope,AI1_RMS_slope,Current_RMS_slope,dCurrent_RMS_x_dAI0_RMS,dCurrent_RMS_x_dAI1_RMS,AI0_kurtosis,AI1_kurtosis,AI0_crest_factor,AI1_crest_factor",0.0,0.0,0.0,91,0,2,0,0.5333333333333333,0.0035369331017136574
tabular,LightGBM,5,0.5,4,group_ablation,G2,16,"AI0_RMS,AI1_RMS,Current_RMS,Current_RMS_to_AI0_RMS_ratio,Current_RMS_to_AI1_RMS_ratio,AI0_current_residual,AI1_current_residual,AI0_RMS_slope,AI1_RMS_slope,Current_RMS_slope,dCurrent_RMS_x_dAI0_RMS,dCurrent_RMS_x_dAI1_RMS,AI0_kurtosis,AI1_kurtosis,AI0_crest_factor,AI1_crest_factor",0.0,0.0,0.0,91,0,2,0,0.5833333333333333,0.0918941330164671
tabular,XGBoost,5,0.5,4,group_ablation,G2,16,"AI0_RMS,AI1_RMS,Current_RMS,Current_RMS_to_AI0_RMS_ratio,Current_RMS_to_AI1_RMS_ratio,AI0_current_residual,AI1_current_residual,AI0_RMS_slope,AI1_RMS_slope,Current_RMS_slope,dCurrent_RMS_x_dAI0_RMS,dCurrent_RMS_x_dAI1_RMS,AI0_kurtosis,AI1_kurtosis,AI0_crest_factor,AI1_crest_factor",0.0,0.0,0.0,91,0,2,0,0.5833333333333333,0.06936935614794493
tabular,Logistic Regression,5,0.5,4,group_ablation,G2,16,"AI0_RMS,AI1_RMS,Current_RMS,Current_RMS_to_AI0_RMS_ratio,Current_RMS_to_AI1_RMS_ratio,AI0_current_residual,AI1_current_residual,AI0_RMS_slope,AI1_RMS_slope,Current_RMS_slope,dCurrent_RMS_x_dAI0_RMS,dCurrent_RMS_x_dAI1_RMS,AI0_kurtosis,AI1_kurtosis,AI0_crest_factor,AI1_crest_factor",0.0,0.0,0.0,91,0,2,0,0.6428571428571428,0.008846456184983253
tabular,One-Class SVM,5,0.5,4,group_ablation,G2,16,"AI0_RMS,AI1_RMS,Current_RMS,Current_RMS_to_AI0_RMS_ratio,Current_RMS_to_AI1_RMS_ratio,AI0_current_residual,AI1_current_residual,AI0_RMS_slope,AI1_RMS_slope,Current_RMS_slope,dCurrent_RMS_x_dAI0_RMS,dCurrent_RMS_x_dAI1_RMS,AI0_kurtosis,AI1_kurtosis,AI0_crest_factor,AI1_crest_factor",1.0,0.5,0.6666666666666666,91,0,1,1,0.5454545454545454,0.0562534611672163
tabular,Mahalanobis distance,5,0.5,4,group_ablation,G2,16,"AI0_RMS,AI1_RMS,Current_RMS,Current_RMS_to_AI0_RMS_ratio,Current_RMS_to_AI1_RMS_ratio,AI0_current_residual,AI1_current_residual,AI0_RMS_slope,AI1_RMS_slope,Current_RMS_slope,dCurrent_RMS_x_dAI0_RMS,dCurrent_RMS_x_dAI1_RMS,AI0_kurtosis,AI1_kurtosis,AI0_crest_factor,AI1_crest_factor",0.0,0.0,0.0,91,0,2,0,0.5357142857142857,0.002701736055314541
tabular,Isolation Forest,5,0.5,4,group_ablation,G2,16,"AI0_RMS,AI1_RMS,Current_RMS,Current_RMS_to_AI0_RMS_ratio,Current_RMS_to_AI1_RMS_ratio,AI0_current_residual,AI1_current_residual,AI0_RMS_slope,AI1_RMS_slope,Current_RMS_slope,dCurrent_RMS_x_dAI0_RMS,dCurrent_RMS_x_dAI1_RMS,AI0_kurtosis,AI1_kurtosis,AI0_crest_factor,AI1_crest_factor",1.0,0.5,0.6666666666666666,91,0,1,1,0.5357142857142857,0.893174147233367
tabular,PCA reconstruction,5,0.5,4,group_ablation,G2,16,"AI0_RMS,AI1_RMS,Current_RMS,Current_RMS_to_AI0_RMS_ratio,Current_RMS_to_AI1_RMS_ratio,AI0_current_residual,AI1_current_residual,AI0_RMS_slope,AI1_RMS_slope,Current_RMS_slope,dCurrent_RMS_x_dAI0_RMS,dCurrent_RMS_x_dAI1_RMS,AI0_kurtosis,AI1_kurtosis,AI0_crest_factor,AI1_crest_factor",0.0,0.0,0.0,91,0,2,0,0.625,0.0036605121567845345
tabular,LightGBM,5,0.5,4,group_ablation,G3,14,"AI0_RMS,AI1_RMS,AI0_AI1_RMS_diff,AI0_AI1_RMS_ratio,AI0_AI1_corr,AI0_RMS_slope,AI1_RMS_slope,Current_RMS_slope,dCurrent_RMS_x_dAI0_RMS,dCurrent_RMS_x_dAI1_RMS,AI0_kurtosis,AI1_kurtosis,AI0_crest_factor,AI1_crest_factor",0.0,0.0,0.0,91,0,2,0,0.8333333333333333,0.08507213834673166
tabular,XGBoost,5,0.5,4,group_ablation,G3,14,"AI0_RMS,AI1_RMS,AI0_AI1_RMS_diff,AI0_AI1_RMS_ratio,AI0_AI1_corr,AI0_RMS_slope,AI1_RMS_slope,Current_RMS_slope,dCurrent_RMS_x_dAI0_RMS,dCurrent_RMS_x_dAI1_RMS,AI0_kurtosis,AI1_kurtosis,AI0_crest_factor,AI1_crest_factor",0.0,0.0,0.0,91,0,2,0,0.8333333333333333,0.06489672884345055
tabular,Logistic Regression,5,0.5,4,group_ablation,G3,14,"AI0_RMS,AI1_RMS,AI0_AI1_RMS_diff,AI0_AI1_RMS_ratio,AI0_AI1_corr,AI0_RMS_slope,AI1_RMS_slope,Current_RMS_slope,dCurrent_RMS_x_dAI0_RMS,dCurrent_RMS_x_dAI1_RMS,AI0_kurtosis,AI1_kurtosis,AI0_crest_factor,AI1_crest_factor",0.0,0.0,0.0,91,0,2,0,0.8333333333333333,0.007758700288832188
tabular,One-Class SVM,5,0.5,4,group_ablation,G3,14,"AI0_RMS,AI1_RMS,AI0_AI1_RMS_diff,AI0_AI1_RMS_ratio,AI0_AI1_corr,AI0_RMS_slope,AI1_RMS_slope,Current_RMS_slope,dCurrent_RMS_x_dAI0_RMS,dCurrent_RMS_x_dAI1_RMS,AI0_kurtosis,AI1_kurtosis,AI0_crest_factor,AI1_crest_factor",0.0,0.0,0.0,91,0,2,0,0.6,0.06124206259846687
tabular,Mahalanobis distance,5,0.5,4,group_ablation,G3,14,"AI0_RMS,AI1_RMS,AI0_AI1_RMS_diff,AI0_AI1_RMS_ratio,AI0_AI1_corr,AI0_RMS_slope,AI1_RMS_slope,Current_RMS_slope,dCurrent_RMS_x_dAI0_RMS,dCurrent_RMS_x_dAI1_RMS,AI0_kurtosis,AI1_kurtosis,AI0_crest_factor,AI1_crest_factor",0.0,0.0,0.0,91,0,2,0,0.5416666666666666,0.002788991667330265
tabular,Isolation Forest,5,0.5,4,group_ablation,G3,14,"AI0_RMS,AI1_RMS,AI0_AI1_RMS_diff,AI0_AI1_RMS_ratio,AI0_AI1_corr,AI0_RMS_slope,AI1_RMS_slope,Current_RMS_slope,dCurrent_RMS_x_dAI0_RMS,dCurrent_RMS_x_dAI1_RMS,AI0_kurtosis,AI1_kurtosis,AI0_crest_factor,AI1_crest_factor",0.0,0.0,0.0,91,0,2,0,0.21428571428571427,0.8821383221074939
tabular,PCA reconstruction,5,0.5,4,group_ablation,G3,14,"AI0_RMS,AI1_RMS,AI0_AI1_RMS_diff,AI0_AI1_RMS_ratio,AI0_AI1_corr,AI0_RMS_slope,AI1_RMS_slope,Current_RMS_slope,dCurrent_RMS_x_dAI0_RMS,dCurrent_RMS_x_dAI1_RMS,AI0_kurtosis,AI1_kurtosis,AI0_crest_factor,AI1_crest_factor",0.0,0.0,0.0,91,0,2,0,0.7,0.004021673463284969
tabular,LightGBM,5,0.5,4,group_ablation,G4,14,"AI0_RMS,AI1_RMS,AI0_AI1_RMS_diff,AI0_AI1_RMS_ratio,AI0_AI1_corr,Current_RMS,Current_RMS_to_AI0_RMS_ratio,Current_RMS_to_AI1_RMS_ratio,AI0_current_residual,AI1_current_residual,AI0_kurtosis,AI1_kurtosis,AI0_crest_factor,AI1_crest_factor",0.0,0.0,0.0,91,0,2,0,0.5833333333333333,0.08341959211975336
tabular,XGBoost,5,0.5,4,group_ablation,G4,14,"AI0_RMS,AI1_RMS,AI0_AI1_RMS_diff,AI0_AI1_RMS_ratio,AI0_AI1_corr,Current_RMS,Current_RMS_to_AI0_RMS_ratio,Current_RMS_to_AI1_RMS_ratio,AI0_current_residual,AI1_current_residual,AI0_kurtosis,AI1_kurtosis,AI0_crest_factor,AI1_crest_factor",0.0,0.0,0.0,91,0,2,0,0.5,0.0615334240719676
tabular,Logistic Regression,5,0.5,4,group_ablation,G4,14,"AI0_RMS,AI1_RMS,AI0_AI1_RMS_diff,AI0_AI1_RMS_ratio,AI0_AI1_corr,Current_RMS,Current_RMS_to_AI0_RMS_ratio,Current_RMS_to_AI1_RMS_ratio,AI0_current_residual,AI1_current_residual,AI0_kurtosis,AI1_kurtosis,AI0_crest_factor,AI1_crest_factor",0.0,0.0,0.0,91,0,2,0,0.3214285714285714,0.009369348175823689
tabular,One-Class SVM,5,0.5,4,group_ablation,G4,14,"AI0_RMS,AI1_RMS,AI0_AI1_RMS_diff,AI0_AI1_RMS_ratio,AI0_AI1_corr,Current_RMS,Current_RMS_to_AI0_RMS_ratio,Current_RMS_to_AI1_RMS_ratio,AI0_current_residual,AI1_current_residual,AI0_kurtosis,AI1_kurtosis,AI0_crest_factor,AI1_crest_factor",1.0,0.5,0.6666666666666666,91,0,1,1,0.8333333333333333,0.05663714278489351
tabular,Mahalanobis distance,5,0.5,4,group_ablation,G4,14,"AI0_RMS,AI1_RMS,AI0_AI1_RMS_diff,AI0_AI1_RMS_ratio,AI0_AI1_corr,Current_RMS,Current_RMS_to_AI0_RMS_ratio,Current_RMS_to_AI1_RMS_ratio,AI0_current_residual,AI1_current_residual,AI0_kurtosis,AI1_kurtosis,AI0_crest_factor,AI1_crest_factor",0.0,0.0,0.0,91,0,2,0,0.6428571428571428,0.0025453055277466774
tabular,Isolation Forest,5,0.5,4,group_ablation,G4,14,"AI0_RMS,AI1_RMS,AI0_AI1_RMS_diff,AI0_AI1_RMS_ratio,AI0_AI1_corr,Current_RMS,Current_RMS_to_AI0_RMS_ratio,Current_RMS_to_AI1_RMS_ratio,AI0_current_residual,AI1_current_residual,AI0_kurtosis,AI1_kurtosis,AI0_crest_factor,AI1_crest_factor",1.0,0.5,0.6666666666666666,91,0,1,1,0.625,0.8443614030256867
tabular,PCA reconstruction,5,0.5,4,group_ablation,G4,14,"AI0_RMS,AI1_RMS,AI0_AI1_RMS_diff,AI0_AI1_RMS_ratio,AI0_AI1_corr,Current_RMS,Current_RMS_to_AI0_RMS_ratio,Current_RMS_to_AI1_RMS_ratio,AI0_current_residual,AI1_current_residual,AI0_kurtosis,AI1_kurtosis,AI0_crest_factor,AI1_crest_factor",0.0,0.0,0.0,91,0,2,0,0.5555555555555556,0.0038198931142687798
tabular,LightGBM,5,0.5,4,group_ablation,G5,15,"AI0_RMS,AI1_RMS,AI0_AI1_RMS_diff,AI0_AI1_RMS_ratio,AI0_AI1_corr,Current_RMS,Current_RMS_to_AI0_RMS_ratio,Current_RMS_to_AI1_RMS_ratio,AI0_current_residual,AI1_current_residual,AI0_RMS_slope,AI1_RMS_slope,Current_RMS_slope,dCurrent_RMS_x_dAI0_RMS,dCurrent_RMS_x_dAI1_RMS",0.0,0.0,0.0,91,0,2,0,0.35,0.0874817743897438
tabular,XGBoost,5,0.5,4,group_ablation,G5,15,"AI0_RMS,AI1_RMS,AI0_AI1_RMS_diff,AI0_AI1_RMS_ratio,AI0_AI1_corr,Current_RMS,Current_RMS_to_AI0_RMS_ratio,Current_RMS_to_AI1_RMS_ratio,AI0_current_residual,AI1_current_residual,AI0_RMS_slope,AI1_RMS_slope,Current_RMS_slope,dCurrent_RMS_x_dAI0_RMS,dCurrent_RMS_x_dAI1_RMS",0.0,0.0,0.0,91,0,2,0,0.3214285714285714,0.06296063587069511
tabular,Logistic Regression,5,0.5,4,group_ablation,G5,15,"AI0_RMS,AI1_RMS,AI0_AI1_RMS_diff,AI0_AI1_RMS_ratio,AI0_AI1_corr,Current_RMS,Current_RMS_to_AI0_RMS_ratio,Current_RMS_to_AI1_RMS_ratio,AI0_current_residual,AI1_current_residual,AI0_RMS_slope,AI1_RMS_slope,Current_RMS_slope,dCurrent_RMS_x_dAI0_RMS,dCurrent_RMS_x_dAI1_RMS",0.0,0.0,0.0,90,1,2,0,0.10460992907801418,0.008879675529897213
tabular,One-Class SVM,5,0.5,4,group_ablation,G5,15,"AI0_RMS,AI1_RMS,AI0_AI1_RMS_diff,AI0_AI1_RMS_ratio,AI0_AI1_corr,Current_RMS,Current_RMS_to_AI0_RMS_ratio,Current_RMS_to_AI1_RMS_ratio,AI0_current_residual,AI1_current_residual,AI0_RMS_slope,AI1_RMS_slope,Current_RMS_slope,dCurrent_RMS_x_dAI0_RMS,dCurrent_RMS_x_dAI1_RMS",1.0,0.5,0.6666666666666666,91,0,1,1,0.527027027027027,0.05299292504787445
tabular,Mahalanobis distance,5,0.5,4,group_ablation,G5,15,"AI0_RMS,AI1_RMS,AI0_AI1_RMS_diff,AI0_AI1_RMS_ratio,AI0_AI1_corr,Current_RMS,Current_RMS_to_AI0_RMS_ratio,Current_RMS_to_AI1_RMS_ratio,AI0_current_residual,AI1_current_residual,AI0_RMS_slope,AI1_RMS_slope,Current_RMS_slope,dCurrent_RMS_x_dAI0_RMS,dCurrent_RMS_x_dAI1_RMS",0.0,0.0,0.0,91,0,2,0,0.5303030303030303,0.002612105570733547
tabular,Isolation Forest,5,0.5,4,group_ablation,G5,15,"AI0_RMS,AI1_RMS,AI0_AI1_RMS_diff,AI0_AI1_RMS_ratio,AI0_AI1_corr,Current_RMS,Current_RMS_to_AI0_RMS_ratio,Current_RMS_to_AI1_RMS_ratio,AI0_current_residual,AI1_current_residual,AI0_RMS_slope,AI1_RMS_slope,Current_RMS_slope,dCurrent_RMS_x_dAI0_RMS,dCurrent_RMS_x_dAI1_RMS",1.0,0.5,0.6666666666666666,91,0,1,1,0.532258064516129,0.8963402705267072
tabular,PCA reconstruction,5,0.5,4,group_ablation,G5,15,"AI0_RMS,AI1_RMS,AI0_AI1_RMS_diff,AI0_AI1_RMS_ratio,AI0_AI1_corr,Current_RMS,Current_RMS_to_AI0_RMS_ratio,Current_RMS_to_AI1_RMS_ratio,AI0_current_residual,AI1_current_residual,AI0_RMS_slope,AI1_RMS_slope,Current_RMS_slope,dCurrent_RMS_x_dAI0_RMS,dCurrent_RMS_x_dAI1_RMS",0.0,0.0,0.0,91,0,2,0,0.5188679245283019,0.003015829250216484
temporal,LSTM-Autoencoder,5,0.5,4,full,none,12,"AI0_Vibration,AI1_Vibration,AI2_Current,AI0_short_RMS,AI1_short_RMS,Current_short_RMS,AI0_AI1_RMS_diff,AI0_current_residual,AI1_current_residual,AI0_RMS_slope,AI1_RMS_slope,Current_RMS_slope",0.0,0.0,0.0,91,0,2,0,0.5196078431372549,1.2269318085163832
temporal,1D-CNN,5,0.5,4,full,none,12,"AI0_Vibration,AI1_Vibration,AI2_Current,AI0_short_RMS,AI1_short_RMS,Current_short_RMS,AI0_AI1_RMS_diff,AI0_current_residual,AI1_current_residual,AI0_RMS_slope,AI1_RMS_slope,Current_RMS_slope",0.0,0.0,0.0,91,0,2,0,1.0,0.653308805078268
temporal,LSTM-Autoencoder,5,0.5,4,group_ablation,T0,9,"AI0_short_RMS,AI1_short_RMS,Current_short_RMS,AI0_AI1_RMS_diff,AI0_current_residual,AI1_current_residual,AI0_RMS_slope,AI1_RMS_slope,Current_RMS_slope",0.0,0.0,0.0,91,0,2,0,0.5208333333333334,1.5633909469470382
temporal,1D-CNN,5,0.5,4,group_ablation,T0,9,"AI0_short_RMS,AI1_short_RMS,Current_short_RMS,AI0_AI1_RMS_diff,AI0_current_residual,AI1_current_residual,AI0_RMS_slope,AI1_RMS_slope,Current_RMS_slope",0.0,0.0,0.0,91,0,2,0,0.19090909090909092,0.984084683470428
temporal,LSTM-Autoencoder,5,0.5,4,group_ablation,T1,9,"AI0_Vibration,AI1_Vibration,AI2_Current,AI0_AI1_RMS_diff,AI0_current_residual,AI1_current_residual,AI0_RMS_slope,AI1_RMS_slope,Current_RMS_slope",0.0,0.0,0.0,91,0,2,0,0.52,1.4262964772060513
temporal,1D-CNN,5,0.5,4,group_ablation,T1,9,"AI0_Vibration,AI1_Vibration,AI2_Current,AI0_AI1_RMS_diff,AI0_current_residual,AI1_current_residual,AI0_RMS_slope,AI1_RMS_slope,Current_RMS_slope",0.0,0.0,0.0,91,0,2,0,1.0,0.7737747095525265
temporal,LSTM-Autoencoder,5,0.5,4,group_ablation,T2,9,"AI0_Vibration,AI1_Vibration,AI2_Current,AI0_short_RMS,AI1_short_RMS,Current_short_RMS,AI0_RMS_slope,AI1_RMS_slope,Current_RMS_slope",0.0,0.0,0.0,91,0,2,0,0.52,1.037633104249835
temporal,1D-CNN,5,0.5,4,group_ablation,T2,9,"AI0_Vibration,AI1_Vibration,AI2_Current,AI0_short_RMS,AI1_short_RMS,Current_short_RMS,AI0_RMS_slope,AI1_RMS_slope,Current_RMS_slope",0.0,0.0,0.0,91,0,2,0,1.0,0.7296767914667726
temporal,LSTM-Autoencoder,5,0.5,4,group_ablation,T3,9,"AI0_Vibration,AI1_Vibration,AI2_Current,AI0_short_RMS,AI1_short_RMS,Current_short_RMS,AI0_AI1_RMS_diff,AI0_current_residual,AI1_current_residual",0.0,0.0,0.0,91,0,2,0,0.5217391304347826,1.0453935880213976
temporal,1D-CNN,5,0.5,4,group_ablation,T3,9,"AI0_Vibration,AI1_Vibration,AI2_Current,AI0_short_RMS,AI1_short_RMS,Current_short_RMS,AI0_AI1_RMS_diff,AI0_current_residual,AI1_current_residual",0.0,0.0,0.0,91,0,2,0,0.8333333333333333,0.7287604408338666
tabular,LightGBM,10,1.0,4,full,none,19,"AI0_RMS,AI1_RMS,AI0_AI1_RMS_diff,AI0_AI1_RMS_ratio,AI0_AI1_corr,Current_RMS,Current_RMS_to_AI0_RMS_ratio,Current_RMS_to_AI1_RMS_ratio,AI0_current_residual,AI1_current_residual,AI0_RMS_slope,AI1_RMS_slope,Current_RMS_slope,dCurrent_RMS_x_dAI0_RMS,dCurrent_RMS_x_dAI1_RMS,AI0_kurtosis,AI1_kurtosis,AI0_crest_factor,AI1_crest_factor",0.0,0.0,0.0,91,0,2,0,0.5,0.04745884798467159
tabular,XGBoost,10,1.0,4,full,none,19,"AI0_RMS,AI1_RMS,AI0_AI1_RMS_diff,AI0_AI1_RMS_ratio,AI0_AI1_corr,Current_RMS,Current_RMS_to_AI0_RMS_ratio,Current_RMS_to_AI1_RMS_ratio,AI0_current_residual,AI1_current_residual,AI0_RMS_slope,AI1_RMS_slope,Current_RMS_slope,dCurrent_RMS_x_dAI0_RMS,dCurrent_RMS_x_dAI1_RMS,AI0_kurtosis,AI1_kurtosis,AI0_crest_factor,AI1_crest_factor",0.0,0.0,0.0,91,0,2,0,0.5,0.04557769000530243
tabular,Logistic Regression,10,1.0,4,full,none,19,"AI0_RMS,AI1_RMS,AI0_AI1_RMS_diff,AI0_AI1_RMS_ratio,AI0_AI1_corr,Current_RMS,Current_RMS_to_AI0_RMS_ratio,Current_RMS_to_AI1_RMS_ratio,AI0_current_residual,AI1_current_residual,AI0_RMS_slope,AI1_RMS_slope,Current_RMS_slope,dCurrent_RMS_x_dAI0_RMS,dCurrent_RMS_x_dAI1_RMS,AI0_kurtosis,AI1_kurtosis,AI0_crest_factor,AI1_crest_factor",0.0,0.0,0.0,91,0,2,0,0.14772727272727273,0.010190729051828384
tabular,One-Class SVM,10,1.0,4,full,none,19,"AI0_RMS,AI1_RMS,AI0_AI1_RMS_diff,AI0_AI1_RMS_ratio,AI0_AI1_corr,Current_RMS,Current_RMS_to_AI0_RMS_ratio,Current_RMS_to_AI1_RMS_ratio,AI0_current_residual,AI1_current_residual,AI0_RMS_slope,AI1_RMS_slope,Current_RMS_slope,dCurrent_RMS_x_dAI0_RMS,dCurrent_RMS_x_dAI1_RMS,AI0_kurtosis,AI1_kurtosis,AI0_crest_factor,AI1_crest_factor",1.0,0.5,0.6666666666666666,91,0,1,1,0.75,0.03317063581198454
tabular,Mahalanobis distance,10,1.0,4,full,none,19,"AI0_RMS,AI1_RMS,AI0_AI1_RMS_diff,AI0_AI1_RMS_ratio,AI0_AI1_corr,Current_RMS,Current_RMS_to_AI0_RMS_ratio,Current_RMS_to_AI1_RMS_ratio,AI0_current_residual,AI1_current_residual,AI0_RMS_slope,AI1_RMS_slope,Current_RMS_slope,dCurrent_RMS_x_dAI0_RMS,dCurrent_RMS_x_dAI1_RMS,AI0_kurtosis,AI1_kurtosis,AI0_crest_factor,AI1_crest_factor",0.0,0.0,0.0,91,0,2,0,0.7,0.002525739371776581
tabular,Isolation Forest,10,1.0,4,full,none,19,"AI0_RMS,AI1_RMS,AI0_AI1_RMS_diff,AI0_AI1_RMS_ratio,AI0_AI1_corr,Current_RMS,Current_RMS_to_AI0_RMS_ratio,Current_RMS_to_AI1_RMS_ratio,AI0_current_residual,AI1_current_residual,AI0_RMS_slope,AI1_RMS_slope,Current_RMS_slope,dCurrent_RMS_x_dAI0_RMS,dCurrent_RMS_x_dAI1_RMS,AI0_kurtosis,AI1_kurtosis,AI0_crest_factor,AI1_crest_factor",1.0,0.5,0.6666666666666666,91,0,1,1,0.625,0.8373232148587704
tabular,PCA reconstruction,10,1.0,4,full,none,19,"AI0_RMS,AI1_RMS,AI0_AI1_RMS_diff,AI0_AI1_RMS_ratio,AI0_AI1_corr,Current_RMS,Current_RMS_to_AI0_RMS_ratio,Current_RMS_to_AI1_RMS_ratio,AI0_current_residual,AI1_current_residual,AI0_RMS_slope,AI1_RMS_slope,Current_RMS_slope,dCurrent_RMS_x_dAI0_RMS,dCurrent_RMS_x_dAI1_RMS,AI0_kurtosis,AI1_kurtosis,AI0_crest_factor,AI1_crest_factor",0.0,0.0,0.0,91,0,2,0,0.75,0.002961544319987297
tabular,LightGBM,10,1.0,4,group_ablation,G1,17,"AI0_AI1_RMS_diff,AI0_AI1_RMS_ratio,AI0_AI1_corr,Current_RMS,Current_RMS_to_AI0_RMS_ratio,Current_RMS_to_AI1_RMS_ratio,AI0_current_residual,AI1_current_residual,AI0_RMS_slope,AI1_RMS_slope,Current_RMS_slope,dCurrent_RMS_x_dAI0_RMS,dCurrent_RMS_x_dAI1_RMS,AI0_kurtosis,AI1_kurtosis,AI0_crest_factor,AI1_crest_factor",0.0,0.0,0.0,91,0,2,0,0.41666666666666663,0.04873442091047764
tabular,XGBoost,10,1.0,4,group_ablation,G1,17,"AI0_AI1_RMS_diff,AI0_AI1_RMS_ratio,AI0_AI1_corr,Current_RMS,Current_RMS_to_AI0_RMS_ratio,Current_RMS_to_AI1_RMS_ratio,AI0_current_residual,AI1_current_residual,AI0_RMS_slope,AI1_RMS_slope,Current_RMS_slope,dCurrent_RMS_x_dAI0_RMS,dCurrent_RMS_x_dAI1_RMS,AI0_kurtosis,AI1_kurtosis,AI0_crest_factor,AI1_crest_factor",0.0,0.0,0.0,91,0,2,0,0.5,0.0436865771189332
tabular,Logistic Regression,10,1.0,4,group_ablation,G1,17,"AI0_AI1_RMS_diff,AI0_AI1_RMS_ratio,AI0_AI1_corr,Current_RMS,Current_RMS_to_AI0_RMS_ratio,Current_RMS_to_AI1_RMS_ratio,AI0_current_residual,AI1_current_residual,AI0_RMS_slope,AI1_RMS_slope,Current_RMS_slope,dCurrent_RMS_x_dAI0_RMS,dCurrent_RMS_x_dAI1_RMS,AI0_kurtosis,AI1_kurtosis,AI0_crest_factor,AI1_crest_factor",0.0,0.0,0.0,91,0,2,0,0.14772727272727273,0.009866184554994106
tabular,One-Class SVM,10,1.0,4,group_ablation,G1,17,"AI0_AI1_RMS_diff,AI0_AI1_RMS_ratio,AI0_AI1_corr,Current_RMS,Current_RMS_to_AI0_RMS_ratio,Current_RMS_to_AI1_RMS_ratio,AI0_current_residual,AI1_current_residual,AI0_RMS_slope,AI1_RMS_slope,Current_RMS_slope,dCurrent_RMS_x_dAI0_RMS,dCurrent_RMS_x_dAI1_RMS,AI0_kurtosis,AI1_kurtosis,AI0_crest_factor,AI1_crest_factor",1.0,0.5,0.6666666666666666,91,0,1,1,0.7,0.03638072777539492
tabular,Mahalanobis distance,10,1.0,4,group_ablation,G1,17,"AI0_AI1_RMS_diff,AI0_AI1_RMS_ratio,AI0_AI1_corr,Current_RMS,Current_RMS_to_AI0_RMS_ratio,Current_RMS_to_AI1_RMS_ratio,AI0_current_residual,AI1_current_residual,AI0_RMS_slope,AI1_RMS_slope,Current_RMS_slope,dCurrent_RMS_x_dAI0_RMS,dCurrent_RMS_x_dAI1_RMS,AI0_kurtosis,AI1_kurtosis,AI0_crest_factor,AI1_crest_factor",0.0,0.0,0.0,91,0,2,0,0.7,0.002352774143218994
tabular,Isolation Forest,10,1.0,4,group_ablation,G1,17,"AI0_AI1_RMS_diff,AI0_AI1_RMS_ratio,AI0_AI1_corr,Current_RMS,Current_RMS_to_AI0_RMS_ratio,Current_RMS_to_AI1_RMS_ratio,AI0_current_residual,AI1_current_residual,AI0_RMS_slope,AI1_RMS_slope,Current_RMS_slope,dCurrent_RMS_x_dAI0_RMS,dCurrent_RMS_x_dAI1_RMS,AI0_kurtosis,AI1_kurtosis,AI0_crest_factor,AI1_crest_factor",1.0,0.5,0.6666666666666666,91,0,1,1,0.6,0.8362131854519248
tabular,PCA reconstruction,10,1.0,4,group_ablation,G1,17,"AI0_AI1_RMS_diff,AI0_AI1_RMS_ratio,AI0_AI1_corr,Current_RMS,Current_RMS_to_AI0_RMS_ratio,Current_RMS_to_AI1_RMS_ratio,AI0_current_residual,AI1_current_residual,AI0_RMS_slope,AI1_RMS_slope,Current_RMS_slope,dCurrent_RMS_x_dAI0_RMS,dCurrent_RMS_x_dAI1_RMS,AI0_kurtosis,AI1_kurtosis,AI0_crest_factor,AI1_crest_factor",0.0,0.0,0.0,91,0,2,0,0.75,0.00286212470382452
tabular,LightGBM,10,1.0,4,group_ablation,G2,16,"AI0_RMS,AI1_RMS,Current_RMS,Current_RMS_to_AI0_RMS_ratio,Current_RMS_to_AI1_RMS_ratio,AI0_current_residual,AI1_current_residual,AI0_RMS_slope,AI1_RMS_slope,Current_RMS_slope,dCurrent_RMS_x_dAI0_RMS,dCurrent_RMS_x_dAI1_RMS,AI0_kurtosis,AI1_kurtosis,AI0_crest_factor,AI1_crest_factor",0.0,0.0,0.0,91,0,2,0,0.5,0.04797580558806658
tabular,XGBoost,10,1.0,4,group_ablation,G2,16,"AI0_RMS,AI1_RMS,Current_RMS,Current_RMS_to_AI0_RMS_ratio,Current_RMS_to_AI1_RMS_ratio,AI0_current_residual,AI1_current_residual,AI0_RMS_slope,AI1_RMS_slope,Current_RMS_slope,dCurrent_RMS_x_dAI0_RMS,dCurrent_RMS_x_dAI1_RMS,AI0_kurtosis,AI1_kurtosis,AI0_crest_factor,AI1_crest_factor",0.0,0.0,0.0,91,0,2,0,0.5,0.04274661839008331
tabular,Logistic Regression,10,1.0,4,group_ablation,G2,16,"AI0_RMS,AI1_RMS,Current_RMS,Current_RMS_to_AI0_RMS_ratio,Current_RMS_to_AI1_RMS_ratio,AI0_current_residual,AI1_current_residual,AI0_RMS_slope,AI1_RMS_slope,Current_RMS_slope,dCurrent_RMS_x_dAI0_RMS,dCurrent_RMS_x_dAI1_RMS,AI0_kurtosis,AI1_kurtosis,AI0_crest_factor,AI1_crest_factor",0.0,0.0,0.0,91,0,2,0,0.13448275862068965,0.008136517368257046
tabular,One-Class SVM,10,1.0,4,group_ablation,G2,16,"AI0_RMS,AI1_RMS,Current_RMS,Current_RMS_to_AI0_RMS_ratio,Current_RMS_to_AI1_RMS_ratio,AI0_current_residual,AI1_current_residual,AI0_RMS_slope,AI1_RMS_slope,Current_RMS_slope,dCurrent_RMS_x_dAI0_RMS,dCurrent_RMS_x_dAI1_RMS,AI0_kurtosis,AI1_kurtosis,AI0_crest_factor,AI1_crest_factor",1.0,0.5,0.6666666666666666,91,0,1,1,0.8333333333333333,0.0344712408259511
tabular,Mahalanobis distance,10,1.0,4,group_ablation,G2,16,"AI0_RMS,AI1_RMS,Current_RMS,Current_RMS_to_AI0_RMS_ratio,Current_RMS_to_AI1_RMS_ratio,AI0_current_residual,AI1_current_residual,AI0_RMS_slope,AI1_RMS_slope,Current_RMS_slope,dCurrent_RMS_x_dAI0_RMS,dCurrent_RMS_x_dAI1_RMS,AI0_kurtosis,AI1_kurtosis,AI0_crest_factor,AI1_crest_factor",0.0,0.0,0.0,91,0,2,0,0.7,0.002164405770599842
tabular,Isolation Forest,10,1.0,4,group_ablation,G2,16,"AI0_RMS,AI1_RMS,Current_RMS,Current_RMS_to_AI0_RMS_ratio,Current_RMS_to_AI1_RMS_ratio,AI0_current_residual,AI1_current_residual,AI0_RMS_slope,AI1_RMS_slope,Current_RMS_slope,dCurrent_RMS_x_dAI0_RMS,dCurrent_RMS_x_dAI1_RMS,AI0_kurtosis,AI1_kurtosis,AI0_crest_factor,AI1_crest_factor",1.0,0.5,0.6666666666666666,91,0,1,1,0.6666666666666666,1.0108018312603235
tabular,PCA reconstruction,10,1.0,4,group_ablation,G2,16,"AI0_RMS,AI1_RMS,Current_RMS,Current_RMS_to_AI0_RMS_ratio,Current_RMS_to_AI1_RMS_ratio,AI0_current_residual,AI1_current_residual,AI0_RMS_slope,AI1_RMS_slope,Current_RMS_slope,dCurrent_RMS_x_dAI0_RMS,dCurrent_RMS_x_dAI1_RMS,AI0_kurtosis,AI1_kurtosis,AI0_crest_factor,AI1_crest_factor",0.0,0.0,0.0,91,0,2,0,0.75,0.002948727458715439
tabular,LightGBM,10,1.0,4,group_ablation,G3,14,"AI0_RMS,AI1_RMS,AI0_AI1_RMS_diff,AI0_AI1_RMS_ratio,AI0_AI1_corr,AI0_RMS_slope,AI1_RMS_slope,Current_RMS_slope,dCurrent_RMS_x_dAI0_RMS,dCurrent_RMS_x_dAI1_RMS,AI0_kurtosis,AI1_kurtosis,AI0_crest_factor,AI1_crest_factor",0.0,0.0,0.0,91,0,2,0,0.45,0.05082615464925766
tabular,XGBoost,10,1.0,4,group_ablation,G3,14,"AI0_RMS,AI1_RMS,AI0_AI1_RMS_diff,AI0_AI1_RMS_ratio,AI0_AI1_corr,AI0_RMS_slope,AI1_RMS_slope,Current_RMS_slope,dCurrent_RMS_x_dAI0_RMS,dCurrent_RMS_x_dAI1_RMS,AI0_kurtosis,AI1_kurtosis,AI0_crest_factor,AI1_crest_factor",0.0,0.0,0.0,91,0,2,0,0.5833333333333333,0.04015733394771814
tabular,Logistic Regression,10,1.0,4,group_ablation,G3,14,"AI0_RMS,AI1_RMS,AI0_AI1_RMS_diff,AI0_AI1_RMS_ratio,AI0_AI1_corr,AI0_RMS_slope,AI1_RMS_slope,Current_RMS_slope,dCurrent_RMS_x_dAI0_RMS,dCurrent_RMS_x_dAI1_RMS,AI0_kurtosis,AI1_kurtosis,AI0_crest_factor,AI1_crest_factor",0.0,0.0,0.0,91,0,2,0,0.6428571428571428,0.008049536496400833
tabular,One-Class SVM,10,1.0,4,group_ablation,G3,14,"AI0_RMS,AI1_RMS,AI0_AI1_RMS_diff,AI0_AI1_RMS_ratio,AI0_AI1_corr,AI0_RMS_slope,AI1_RMS_slope,Current_RMS_slope,dCurrent_RMS_x_dAI0_RMS,dCurrent_RMS_x_dAI1_RMS,AI0_kurtosis,AI1_kurtosis,AI0_crest_factor,AI1_crest_factor",0.0,0.0,0.0,91,0,2,0,0.6666666666666666,0.05745469965040684
tabular,Mahalanobis distance,10,1.0,4,group_ablation,G3,14,"AI0_RMS,AI1_RMS,AI0_AI1_RMS_diff,AI0_AI1_RMS_ratio,AI0_AI1_corr,AI0_RMS_slope,AI1_RMS_slope,Current_RMS_slope,dCurrent_RMS_x_dAI0_RMS,dCurrent_RMS_x_dAI1_RMS,AI0_kurtosis,AI1_kurtosis,AI0_crest_factor,AI1_crest_factor",1.0,0.5,0.6666666666666666,91,0,1,1,0.5909090909090909,0.0020805709064006805
tabular,Isolation Forest,10,1.0,4,group_ablation,G3,14,"AI0_RMS,AI1_RMS,AI0_AI1_RMS_diff,AI0_AI1_RMS_ratio,AI0_AI1_corr,AI0_RMS_slope,AI1_RMS_slope,Current_RMS_slope,dCurrent_RMS_x_dAI0_RMS,dCurrent_RMS_x_dAI1_RMS,AI0_kurtosis,AI1_kurtosis,AI0_crest_factor,AI1_crest_factor",0.0,0.0,0.0,91,0,2,0,0.5909090909090909,0.8556390972808003
tabular,PCA reconstruction,10,1.0,4,group_ablation,G3,14,"AI0_RMS,AI1_RMS,AI0_AI1_RMS_diff,AI0_AI1_RMS_ratio,AI0_AI1_corr,AI0_RMS_slope,AI1_RMS_slope,Current_RMS_slope,dCurrent_RMS_x_dAI0_RMS,dCurrent_RMS_x_dAI1_RMS,AI0_kurtosis,AI1_kurtosis,AI0_crest_factor,AI1_crest_factor",0.0,0.0,0.0,91,0,2,0,0.75,0.003005852922797203
tabular,LightGBM,10,1.0,4,group_ablation,G4,14,"AI0_RMS,AI1_RMS,AI0_AI1_RMS_diff,AI0_AI1_RMS_ratio,AI0_AI1_corr,Current_RMS,Current_RMS_to_AI0_RMS_ratio,Current_RMS_to_AI1_RMS_ratio,AI0_current_residual,AI1_current_residual,AI0_kurtosis,AI1_kurtosis,AI0_crest_factor,AI1_crest_factor",0.0,0.0,0.0,91,0,2,0,0.5,0.048500144854187965
tabular,XGBoost,10,1.0,4,group_ablation,G4,14,"AI0_RMS,AI1_RMS,AI0_AI1_RMS_diff,AI0_AI1_RMS_ratio,AI0_AI1_corr,Current_RMS,Current_RMS_to_AI0_RMS_ratio,Current_RMS_to_AI1_RMS_ratio,AI0_current_residual,AI1_current_residual,AI0_kurtosis,AI1_kurtosis,AI0_crest_factor,AI1_crest_factor",0.0,0.0,0.0,91,0,2,0,0.5,0.038704889826476574
tabular,Logistic Regression,10,1.0,4,group_ablation,G4,14,"AI0_RMS,AI1_RMS,AI0_AI1_RMS_diff,AI0_AI1_RMS_ratio,AI0_AI1_corr,Current_RMS,Current_RMS_to_AI0_RMS_ratio,Current_RMS_to_AI1_RMS_ratio,AI0_current_residual,AI1_current_residual,AI0_kurtosis,AI1_kurtosis,AI0_crest_factor,AI1_crest_factor",0.0,0.0,0.0,91,0,2,0,0.165,0.008325991220772266
tabular,One-Class SVM,10,1.0,4,group_ablation,G4,14,"AI0_RMS,AI1_RMS,AI0_AI1_RMS_diff,AI0_AI1_RMS_ratio,AI0_AI1_corr,Current_RMS,Current_RMS_to_AI0_RMS_ratio,Current_RMS_to_AI1_RMS_ratio,AI0_current_residual,AI1_current_residual,AI0_kurtosis,AI1_kurtosis,AI0_crest_factor,AI1_crest_factor",0.0,0.0,0.0,91,0,2,0,0.8333333333333333,0.029679019935429096
tabular,Mahalanobis distance,10,1.0,4,group_ablation,G4,14,"AI0_RMS,AI1_RMS,AI0_AI1_RMS_diff,AI0_AI1_RMS_ratio,AI0_AI1_corr,Current_RMS,Current_RMS_to_AI0_RMS_ratio,Current_RMS_to_AI1_RMS_ratio,AI0_current_residual,AI1_current_residual,AI0_kurtosis,AI1_kurtosis,AI0_crest_factor,AI1_crest_factor",0.0,0.0,0.0,91,0,2,0,0.75,0.0022310512140393257
tabular,Isolation Forest,10,1.0,4,group_ablation,G4,14,"AI0_RMS,AI1_RMS,AI0_AI1_RMS_diff,AI0_AI1_RMS_ratio,AI0_AI1_corr,Current_RMS,Current_RMS_to_AI0_RMS_ratio,Current_RMS_to_AI1_RMS_ratio,AI0_current_residual,AI1_current_residual,AI0_kurtosis,AI1_kurtosis,AI0_crest_factor,AI1_crest_factor",1.0,0.5,0.6666666666666666,91,0,1,1,0.8333333333333333,0.8638210650533438
tabular,PCA reconstruction,10,1.0,4,group_ablation,G4,14,"AI0_RMS,AI1_RMS,AI0_AI1_RMS_diff,AI0_AI1_RMS_ratio,AI0_AI1_corr,Current_RMS,Current_RMS_to_AI0_RMS_ratio,Current_RMS_to_AI1_RMS_ratio,AI0_current_residual,AI1_current_residual,AI0_kurtosis,AI1_kurtosis,AI0_crest_factor,AI1_crest_factor",0.0,0.0,0.0,91,0,2,0,0.7,0.002499018795788288
tabular,LightGBM,10,1.0,4,group_ablation,G5,15,"AI0_RMS,AI1_RMS,AI0_AI1_RMS_diff,AI0_AI1_RMS_ratio,AI0_AI1_corr,Current_RMS,Current_RMS_to_AI0_RMS_ratio,Current_RMS_to_AI1_RMS_ratio,AI0_current_residual,AI1_current_residual,AI0_RMS_slope,AI1_RMS_slope,Current_RMS_slope,dCurrent_RMS_x_dAI0_RMS,dCurrent_RMS_x_dAI1_RMS",0.0,0.0,0.0,91,0,2,0,0.3666666666666667,0.04816989786922932
tabular,XGBoost,10,1.0,4,group_ablation,G5,15,"AI0_RMS,AI1_RMS,AI0_AI1_RMS_diff,AI0_AI1_RMS_ratio,AI0_AI1_corr,Current_RMS,Current_RMS_to_AI0_RMS_ratio,Current_RMS_to_AI1_RMS_ratio,AI0_current_residual,AI1_current_residual,AI0_RMS_slope,AI1_RMS_slope,Current_RMS_slope,dCurrent_RMS_x_dAI0_RMS,dCurrent_RMS_x_dAI1_RMS",0.0,0.0,0.0,91,0,2,0,0.5,0.0420131953433156
tabular,Logistic Regression,10,1.0,4,group_ablation,G5,15,"AI0_RMS,AI1_RMS,AI0_AI1_RMS_diff,AI0_AI1_RMS_ratio,AI0_AI1_corr,Current_RMS,Current_RMS_to_AI0_RMS_ratio,Current_RMS_to_AI1_RMS_ratio,AI0_current_residual,AI1_current_residual,AI0_RMS_slope,AI1_RMS_slope,Current_RMS_slope,dCurrent_RMS_x_dAI0_RMS,dCurrent_RMS_x_dAI1_RMS",0.0,0.0,0.0,91,0,2,0,0.07026143790849673,0.009959994815289974
tabular,One-Class SVM,10,1.0,4,group_ablation,G5,15,"AI0_RMS,AI1_RMS,AI0_AI1_RMS_diff,AI0_AI1_RMS_ratio,AI0_AI1_corr,Current_RMS,Current_RMS_to_AI0_RMS_ratio,Current_RMS_to_AI1_RMS_ratio,AI0_current_residual,AI1_current_residual,AI0_RMS_slope,AI1_RMS_slope,Current_RMS_slope,dCurrent_RMS_x_dAI0_RMS,dCurrent_RMS_x_dAI1_RMS",1.0,0.5,0.6666666666666666,91,0,1,1,0.6111111111111112,0.03671323508024216
tabular,Mahalanobis distance,10,1.0,4,group_ablation,G5,15,"AI0_RMS,AI1_RMS,AI0_AI1_RMS_diff,AI0_AI1_RMS_ratio,AI0_AI1_corr,Current_RMS,Current_RMS_to_AI0_RMS_ratio,Current_RMS_to_AI1_RMS_ratio,AI0_current_residual,AI1_current_residual,AI0_RMS_slope,AI1_RMS_slope,Current_RMS_slope,dCurrent_RMS_x_dAI0_RMS,dCurrent_RMS_x_dAI1_RMS",0.0,0.0,0.0,91,0,2,0,0.6,0.002555922605097294
tabular,Isolation Forest,10,1.0,4,group_ablation,G5,15,"AI0_RMS,AI1_RMS,AI0_AI1_RMS_diff,AI0_AI1_RMS_ratio,AI0_AI1_corr,Current_RMS,Current_RMS_to_AI0_RMS_ratio,Current_RMS_to_AI1_RMS_ratio,AI0_current_residual,AI1_current_residual,AI0_RMS_slope,AI1_RMS_slope,Current_RMS_slope,dCurrent_RMS_x_dAI0_RMS,dCurrent_RMS_x_dAI1_RMS",1.0,0.5,0.6666666666666666,91,0,1,1,0.5476190476190477,0.8335748119279742
tabular,PCA reconstruction,10,1.0,4,group_ablation,G5,15,"AI0_RMS,AI1_RMS,AI0_AI1_RMS_diff,AI0_AI1_RMS_ratio,AI0_AI1_corr,Current_RMS,Current_RMS_to_AI0_RMS_ratio,Current_RMS_to_AI1_RMS_ratio,AI0_current_residual,AI1_current_residual,AI0_RMS_slope,AI1_RMS_slope,Current_RMS_slope,dCurrent_RMS_x_dAI0_RMS,dCurrent_RMS_x_dAI1_RMS",0.0,0.0,0.0,91,0,2,0,0.6666666666666666,0.0027423184365034103
temporal,LSTM-Autoencoder,10,1.0,4,full,none,12,"AI0_Vibration,AI1_Vibration,AI2_Current,AI0_short_RMS,AI1_short_RMS,Current_short_RMS,AI0_AI1_RMS_diff,AI0_current_residual,AI1_current_residual,AI0_RMS_slope,AI1_RMS_slope,Current_RMS_slope",0.0,0.0,0.0,91,0,2,0,0.5185185185185185,1.0724440962076187
temporal,1D-CNN,10,1.0,4,full,none,12,"AI0_Vibration,AI1_Vibration,AI2_Current,AI0_short_RMS,AI1_short_RMS,Current_short_RMS,AI0_AI1_RMS_diff,AI0_current_residual,AI1_current_residual,AI0_RMS_slope,AI1_RMS_slope,Current_RMS_slope",0.0,0.0,0.0,91,0,2,0,0.75,0.778517596423626
temporal,LSTM-Autoencoder,10,1.0,4,group_ablation,T0,9,"AI0_short_RMS,AI1_short_RMS,Current_short_RMS,AI0_AI1_RMS_diff,AI0_current_residual,AI1_current_residual,AI0_RMS_slope,AI1_RMS_slope,Current_RMS_slope",0.0,0.0,0.0,91,0,2,0,0.5172413793103449,1.1916381362825632
temporal,1D-CNN,10,1.0,4,group_ablation,T0,9,"AI0_short_RMS,AI1_short_RMS,Current_short_RMS,AI0_AI1_RMS_diff,AI0_current_residual,AI1_current_residual,AI0_RMS_slope,AI1_RMS_slope,Current_RMS_slope",0.0,0.0,0.0,91,0,2,0,0.3269230769230769,0.6259648082777858
temporal,LSTM-Autoencoder,10,1.0,4,group_ablation,T1,9,"AI0_Vibration,AI1_Vibration,AI2_Current,AI0_AI1_RMS_diff,AI0_current_residual,AI1_current_residual,AI0_RMS_slope,AI1_RMS_slope,Current_RMS_slope",0.0,0.0,0.0,91,0,2,0,0.5178571428571429,1.0144487898796797
temporal,1D-CNN,10,1.0,4,group_ablation,T1,9,"AI0_Vibration,AI1_Vibration,AI2_Current,AI0_AI1_RMS_diff,AI0_current_residual,AI1_current_residual,AI0_RMS_slope,AI1_RMS_slope,Current_RMS_slope",0.0,0.0,0.0,91,0,2,0,1.0,0.6285818032920361
temporal,LSTM-Autoencoder,10,1.0,4,group_ablation,T2,9,"AI0_Vibration,AI1_Vibration,AI2_Current,AI0_short_RMS,AI1_short_RMS,Current_short_RMS,AI0_RMS_slope,AI1_RMS_slope,Current_RMS_slope",0.0,0.0,0.0,91,0,2,0,0.5185185185185185,1.0229107774794102
temporal,1D-CNN,10,1.0,4,group_ablation,T2,9,"AI0_Vibration,AI1_Vibration,AI2_Current,AI0_short_RMS,AI1_short_RMS,Current_short_RMS,AI0_RMS_slope,AI1_RMS_slope,Current_RMS_slope",0.0,0.0,0.0,91,0,2,0,0.8333333333333333,0.6263303905725479
temporal,LSTM-Autoencoder,10,1.0,4,group_ablation,T3,9,"AI0_Vibration,AI1_Vibration,AI2_Current,AI0_short_RMS,AI1_short_RMS,Current_short_RMS,AI0_AI1_RMS_diff,AI0_current_residual,AI1_current_residual",0.0,0.0,0.0,91,0,2,0,0.5192307692307693,1.0128587484359741
temporal,1D-CNN,10,1.0,4,group_ablation,T3,9,"AI0_Vibration,AI1_Vibration,AI2_Current,AI0_short_RMS,AI1_short_RMS,Current_short_RMS,AI0_AI1_RMS_diff,AI0_current_residual,AI1_current_residual",0.0,0.0,0.0,91,0,2,0,0.8333333333333333,0.7650610050186515
tabular,LightGBM,15,1.5,4,full,none,19,"AI0_RMS,AI1_RMS,AI0_AI1_RMS_diff,AI0_AI1_RMS_ratio,AI0_AI1_corr,Current_RMS,Current_RMS_to_AI0_RMS_ratio,Current_RMS_to_AI1_RMS_ratio,AI0_current_residual,AI1_current_residual,AI0_RMS_slope,AI1_RMS_slope,Current_RMS_slope,dCurrent_RMS_x_dAI0_RMS,dCurrent_RMS_x_dAI1_RMS,AI0_kurtosis,AI1_kurtosis,AI0_crest_factor,AI1_crest_factor",0.0,0.0,0.0,91,0,2,0,0.41666666666666663,0.05800004582852125
tabular,XGBoost,15,1.5,4,full,none,19,"AI0_RMS,AI1_RMS,AI0_AI1_RMS_diff,AI0_AI1_RMS_ratio,AI0_AI1_corr,Current_RMS,Current_RMS_to_AI0_RMS_ratio,Current_RMS_to_AI1_RMS_ratio,AI0_current_residual,AI1_current_residual,AI0_RMS_slope,AI1_RMS_slope,Current_RMS_slope,dCurrent_RMS_x_dAI0_RMS,dCurrent_RMS_x_dAI1_RMS,AI0_kurtosis,AI1_kurtosis,AI0_crest_factor,AI1_crest_factor",0.0,0.0,0.0,91,0,2,0,0.325,0.049376798793673515
tabular,Logistic Regression,15,1.5,4,full,none,19,"AI0_RMS,AI1_RMS,AI0_AI1_RMS_diff,AI0_AI1_RMS_ratio,AI0_AI1_corr,Current_RMS,Current_RMS_to_AI0_RMS_ratio,Current_RMS_to_AI1_RMS_ratio,AI0_current_residual,AI1_current_residual,AI0_RMS_slope,AI1_RMS_slope,Current_RMS_slope,dCurrent_RMS_x_dAI0_RMS,dCurrent_RMS_x_dAI1_RMS,AI0_kurtosis,AI1_kurtosis,AI0_crest_factor,AI1_crest_factor",0.0,0.0,0.0,91,0,2,0,0.29166666666666663,0.026512421667575836
tabular,One-Class SVM,15,1.5,4,full,none,19,"AI0_RMS,AI1_RMS,AI0_AI1_RMS_diff,AI0_AI1_RMS_ratio,AI0_AI1_corr,Current_RMS,Current_RMS_to_AI0_RMS_ratio,Current_RMS_to_AI1_RMS_ratio,AI0_current_residual,AI1_current_residual,AI0_RMS_slope,AI1_RMS_slope,Current_RMS_slope,dCurrent_RMS_x_dAI0_RMS,dCurrent_RMS_x_dAI1_RMS,AI0_kurtosis,AI1_kurtosis,AI0_crest_factor,AI1_crest_factor",1.0,1.0,1.0,91,0,0,2,1.0,0.016725607216358185
tabular,Mahalanobis distance,15,1.5,4,full,none,19,"AI0_RMS,AI1_RMS,AI0_AI1_RMS_diff,AI0_AI1_RMS_ratio,AI0_AI1_corr,Current_RMS,Current_RMS_to_AI0_RMS_ratio,Current_RMS_to_AI1_RMS_ratio,AI0_current_residual,AI1_current_residual,AI0_RMS_slope,AI1_RMS_slope,Current_RMS_slope,dCurrent_RMS_x_dAI0_RMS,dCurrent_RMS_x_dAI1_RMS,AI0_kurtosis,AI1_kurtosis,AI0_crest_factor,AI1_crest_factor",1.0,0.5,0.6666666666666666,91,0,1,1,1.0,0.002207922749221325
tabular,Isolation Forest,15,1.5,4,full,none,19,"AI0_RMS,AI1_RMS,AI0_AI1_RMS_diff,AI0_AI1_RMS_ratio,AI0_AI1_corr,Current_RMS,Current_RMS_to_AI0_RMS_ratio,Current_RMS_to_AI1_RMS_ratio,AI0_current_residual,AI1_current_residual,AI0_RMS_slope,AI1_RMS_slope,Current_RMS_slope,dCurrent_RMS_x_dAI0_RMS,dCurrent_RMS_x_dAI1_RMS,AI0_kurtosis,AI1_kurtosis,AI0_crest_factor,AI1_crest_factor",1.0,0.5,0.6666666666666666,91,0,1,1,0.8333333333333333,0.8505295552313328
tabular,PCA reconstruction,15,1.5,4,full,none,19,"AI0_RMS,AI1_RMS,AI0_AI1_RMS_diff,AI0_AI1_RMS_ratio,AI0_AI1_corr,Current_RMS,Current_RMS_to_AI0_RMS_ratio,Current_RMS_to_AI1_RMS_ratio,AI0_current_residual,AI1_current_residual,AI0_RMS_slope,AI1_RMS_slope,Current_RMS_slope,dCurrent_RMS_x_dAI0_RMS,dCurrent_RMS_x_dAI1_RMS,AI0_kurtosis,AI1_kurtosis,AI0_crest_factor,AI1_crest_factor",1.0,0.5,0.6666666666666666,91,0,1,1,1.0,0.0025133108720183372
tabular,LightGBM,15,1.5,4,group_ablation,G1,17,"AI0_AI1_RMS_diff,AI0_AI1_RMS_ratio,AI0_AI1_corr,Current_RMS,Current_RMS_to_AI0_RMS_ratio,Current_RMS_to_AI1_RMS_ratio,AI0_current_residual,AI1_current_residual,AI0_RMS_slope,AI1_RMS_slope,Current_RMS_slope,dCurrent_RMS_x_dAI0_RMS,dCurrent_RMS_x_dAI1_RMS,AI0_kurtosis,AI1_kurtosis,AI0_crest_factor,AI1_crest_factor",0.0,0.0,0.0,91,0,2,0,0.5,0.0572803458198905
tabular,XGBoost,15,1.5,4,group_ablation,G1,17,"AI0_AI1_RMS_diff,AI0_AI1_RMS_ratio,AI0_AI1_corr,Current_RMS,Current_RMS_to_AI0_RMS_ratio,Current_RMS_to_AI1_RMS_ratio,AI0_current_residual,AI1_current_residual,AI0_RMS_slope,AI1_RMS_slope,Current_RMS_slope,dCurrent_RMS_x_dAI0_RMS,dCurrent_RMS_x_dAI1_RMS,AI0_kurtosis,AI1_kurtosis,AI0_crest_factor,AI1_crest_factor",0.0,0.0,0.0,91,0,2,0,0.45,0.0499626062810421
tabular,Logistic Regression,15,1.5,4,group_ablation,G1,17,"AI0_AI1_RMS_diff,AI0_AI1_RMS_ratio,AI0_AI1_corr,Current_RMS,Current_RMS_to_AI0_RMS_ratio,Current_RMS_to_AI1_RMS_ratio,AI0_current_residual,AI1_current_residual,AI0_RMS_slope,AI1_RMS_slope,Current_RMS_slope,dCurrent_RMS_x_dAI0_RMS,dCurrent_RMS_x_dAI1_RMS,AI0_kurtosis,AI1_kurtosis,AI0_crest_factor,AI1_crest_factor",0.0,0.0,0.0,91,0,2,0,0.29166666666666663,0.024008591659367085
tabular,One-Class SVM,15,1.5,4,group_ablation,G1,17,"AI0_AI1_RMS_diff,AI0_AI1_RMS_ratio,AI0_AI1_corr,Current_RMS,Current_RMS_to_AI0_RMS_ratio,Current_RMS_to_AI1_RMS_ratio,AI0_current_residual,AI1_current_residual,AI0_RMS_slope,AI1_RMS_slope,Current_RMS_slope,dCurrent_RMS_x_dAI0_RMS,dCurrent_RMS_x_dAI1_RMS,AI0_kurtosis,AI1_kurtosis,AI0_crest_factor,AI1_crest_factor",1.0,0.5,0.6666666666666666,91,0,1,1,1.0,0.018260804936289787
tabular,Mahalanobis distance,15,1.5,4,group_ablation,G1,17,"AI0_AI1_RMS_diff,AI0_AI1_RMS_ratio,AI0_AI1_corr,Current_RMS,Current_RMS_to_AI0_RMS_ratio,Current_RMS_to_AI1_RMS_ratio,AI0_current_residual,AI1_current_residual,AI0_RMS_slope,AI1_RMS_slope,Current_RMS_slope,dCurrent_RMS_x_dAI0_RMS,dCurrent_RMS_x_dAI1_RMS,AI0_kurtosis,AI1_kurtosis,AI0_crest_factor,AI1_crest_factor",1.0,0.5,0.6666666666666666,91,0,1,1,1.0,0.002007734030485153
tabular,Isolation Forest,15,1.5,4,group_ablation,G1,17,"AI0_AI1_RMS_diff,AI0_AI1_RMS_ratio,AI0_AI1_corr,Current_RMS,Current_RMS_to_AI0_RMS_ratio,Current_RMS_to_AI1_RMS_ratio,AI0_current_residual,AI1_current_residual,AI0_RMS_slope,AI1_RMS_slope,Current_RMS_slope,dCurrent_RMS_x_dAI0_RMS,dCurrent_RMS_x_dAI1_RMS,AI0_kurtosis,AI1_kurtosis,AI0_crest_factor,AI1_crest_factor",1.0,0.5,0.6666666666666666,91,0,1,1,1.0,0.8079353058710694
tabular,PCA reconstruction,15,1.5,4,group_ablation,G1,17,"AI0_AI1_RMS_diff,AI0_AI1_RMS_ratio,AI0_AI1_corr,Current_RMS,Current_RMS_to_AI0_RMS_ratio,Current_RMS_to_AI1_RMS_ratio,AI0_current_residual,AI1_current_residual,AI0_RMS_slope,AI1_RMS_slope,Current_RMS_slope,dCurrent_RMS_x_dAI0_RMS,dCurrent_RMS_x_dAI1_RMS,AI0_kurtosis,AI1_kurtosis,AI0_crest_factor,AI1_crest_factor",1.0,0.5,0.6666666666666666,91,0,1,1,1.0,0.002570780925452709
tabular,LightGBM,15,1.5,4,group_ablation,G2,16,"AI0_RMS,AI1_RMS,Current_RMS,Current_RMS_to_AI0_RMS_ratio,Current_RMS_to_AI1_RMS_ratio,AI0_current_residual,AI1_current_residual,AI0_RMS_slope,AI1_RMS_slope,Current_RMS_slope,dCurrent_RMS_x_dAI0_RMS,dCurrent_RMS_x_dAI1_RMS,AI0_kurtosis,AI1_kurtosis,AI0_crest_factor,AI1_crest_factor",0.0,0.0,0.0,91,0,2,0,0.5,0.05701508279889822
tabular,XGBoost,15,1.5,4,group_ablation,G2,16,"AI0_RMS,AI1_RMS,Current_RMS,Current_RMS_to_AI0_RMS_ratio,Current_RMS_to_AI1_RMS_ratio,AI0_current_residual,AI1_current_residual,AI0_RMS_slope,AI1_RMS_slope,Current_RMS_slope,dCurrent_RMS_x_dAI0_RMS,dCurrent_RMS_x_dAI1_RMS,AI0_kurtosis,AI1_kurtosis,AI0_crest_factor,AI1_crest_factor",0.0,0.0,0.0,91,0,2,0,0.41666666666666663,0.04661565087735653
tabular,Logistic Regression,15,1.5,4,group_ablation,G2,16,"AI0_RMS,AI1_RMS,Current_RMS,Current_RMS_to_AI0_RMS_ratio,Current_RMS_to_AI1_RMS_ratio,AI0_current_residual,AI1_current_residual,AI0_RMS_slope,AI1_RMS_slope,Current_RMS_slope,dCurrent_RMS_x_dAI0_RMS,dCurrent_RMS_x_dAI1_RMS,AI0_kurtosis,AI1_kurtosis,AI0_crest_factor,AI1_crest_factor",0.0,0.0,0.0,91,0,2,0,0.375,0.024396590888500214
tabular,One-Class SVM,15,1.5,4,group_ablation,G2,16,"AI0_RMS,AI1_RMS,Current_RMS,Current_RMS_to_AI0_RMS_ratio,Current_RMS_to_AI1_RMS_ratio,AI0_current_residual,AI1_current_residual,AI0_RMS_slope,AI1_RMS_slope,Current_RMS_slope,dCurrent_RMS_x_dAI0_RMS,dCurrent_RMS_x_dAI1_RMS,AI0_kurtosis,AI1_kurtosis,AI0_crest_factor,AI1_crest_factor",1.0,0.5,0.6666666666666666,91,0,1,1,1.0,0.017497648485004902
tabular,Mahalanobis distance,15,1.5,4,group_ablation,G2,16,"AI0_RMS,AI1_RMS,Current_RMS,Current_RMS_to_AI0_RMS_ratio,Current_RMS_to_AI1_RMS_ratio,AI0_current_residual,AI1_current_residual,AI0_RMS_slope,AI1_RMS_slope,Current_RMS_slope,dCurrent_RMS_x_dAI0_RMS,dCurrent_RMS_x_dAI1_RMS,AI0_kurtosis,AI1_kurtosis,AI0_crest_factor,AI1_crest_factor",1.0,0.5,0.6666666666666666,91,0,1,1,1.0,0.001964941620826721
tabular,Isolation Forest,15,1.5,4,group_ablation,G2,16,"AI0_RMS,AI1_RMS,Current_RMS,Current_RMS_to_AI0_RMS_ratio,Current_RMS_to_AI1_RMS_ratio,AI0_current_residual,AI1_current_residual,AI0_RMS_slope,AI1_RMS_slope,Current_RMS_slope,dCurrent_RMS_x_dAI0_RMS,dCurrent_RMS_x_dAI1_RMS,AI0_kurtosis,AI1_kurtosis,AI0_crest_factor,AI1_crest_factor",1.0,0.5,0.6666666666666666,91,0,1,1,1.0,0.8466344093903899
tabular,PCA reconstruction,15,1.5,4,group_ablation,G2,16,"AI0_RMS,AI1_RMS,Current_RMS,Current_RMS_to_AI0_RMS_ratio,Current_RMS_to_AI1_RMS_ratio,AI0_current_residual,AI1_current_residual,AI0_RMS_slope,AI1_RMS_slope,Current_RMS_slope,dCurrent_RMS_x_dAI0_RMS,dCurrent_RMS_x_dAI1_RMS,AI0_kurtosis,AI1_kurtosis,AI0_crest_factor,AI1_crest_factor",1.0,0.5,0.6666666666666666,91,0,1,1,1.0,0.002553040161728859
tabular,LightGBM,15,1.5,4,group_ablation,G3,14,"AI0_RMS,AI1_RMS,AI0_AI1_RMS_diff,AI0_AI1_RMS_ratio,AI0_AI1_corr,AI0_RMS_slope,AI1_RMS_slope,Current_RMS_slope,dCurrent_RMS_x_dAI0_RMS,dCurrent_RMS_x_dAI1_RMS,AI0_kurtosis,AI1_kurtosis,AI0_crest_factor,AI1_crest_factor",0.0,0.0,0.0,91,0,2,0,0.325,0.06005077436566353
tabular,XGBoost,15,1.5,4,group_ablation,G3,14,"AI0_RMS,AI1_RMS,AI0_AI1_RMS_diff,AI0_AI1_RMS_ratio,AI0_AI1_corr,AI0_RMS_slope,AI1_RMS_slope,Current_RMS_slope,dCurrent_RMS_x_dAI0_RMS,dCurrent_RMS_x_dAI1_RMS,AI0_kurtosis,AI1_kurtosis,AI0_crest_factor,AI1_crest_factor",0.0,0.0,0.0,91,0,2,0,0.7,0.04464891739189625
tabular,Logistic Regression,15,1.5,4,group_ablation,G3,14,"AI0_RMS,AI1_RMS,AI0_AI1_RMS_diff,AI0_AI1_RMS_ratio,AI0_AI1_corr,AI0_RMS_slope,AI1_RMS_slope,Current_RMS_slope,dCurrent_RMS_x_dAI0_RMS,dCurrent_RMS_x_dAI1_RMS,AI0_kurtosis,AI1_kurtosis,AI0_crest_factor,AI1_crest_factor",1.0,0.5,0.6666666666666666,91,0,1,1,0.6666666666666666,0.013059391640126705
tabular,One-Class SVM,15,1.5,4,group_ablation,G3,14,"AI0_RMS,AI1_RMS,AI0_AI1_RMS_diff,AI0_AI1_RMS_ratio,AI0_AI1_corr,AI0_RMS_slope,AI1_RMS_slope,Current_RMS_slope,dCurrent_RMS_x_dAI0_RMS,dCurrent_RMS_x_dAI1_RMS,AI0_kurtosis,AI1_kurtosis,AI0_crest_factor,AI1_crest_factor",1.0,1.0,1.0,91,0,0,2,1.0,0.019808512181043625
tabular,Mahalanobis distance,15,1.5,4,group_ablation,G3,14,"AI0_RMS,AI1_RMS,AI0_AI1_RMS_diff,AI0_AI1_RMS_ratio,AI0_AI1_corr,AI0_RMS_slope,AI1_RMS_slope,Current_RMS_slope,dCurrent_RMS_x_dAI0_RMS,dCurrent_RMS_x_dAI1_RMS,AI0_kurtosis,AI1_kurtosis,AI0_crest_factor,AI1_crest_factor",1.0,0.5,0.6666666666666666,91,0,1,1,1.0,0.0019450625404715538
tabular,Isolation Forest,15,1.5,4,group_ablation,G3,14,"AI0_RMS,AI1_RMS,AI0_AI1_RMS_diff,AI0_AI1_RMS_ratio,AI0_AI1_corr,AI0_RMS_slope,AI1_RMS_slope,Current_RMS_slope,dCurrent_RMS_x_dAI0_RMS,dCurrent_RMS_x_dAI1_RMS,AI0_kurtosis,AI1_kurtosis,AI0_crest_factor,AI1_crest_factor",0.0,0.0,0.0,91,0,2,0,1.0,0.8529228623956442
tabular,PCA reconstruction,15,1.5,4,group_ablation,G3,14,"AI0_RMS,AI1_RMS,AI0_AI1_RMS_diff,AI0_AI1_RMS_ratio,AI0_AI1_corr,AI0_RMS_slope,AI1_RMS_slope,Current_RMS_slope,dCurrent_RMS_x_dAI0_RMS,dCurrent_RMS_x_dAI1_RMS,AI0_kurtosis,AI1_kurtosis,AI0_crest_factor,AI1_crest_factor",1.0,0.5,0.6666666666666666,91,0,1,1,1.0,0.0022626640275120735
tabular,LightGBM,15,1.5,4,group_ablation,G4,14,"AI0_RMS,AI1_RMS,AI0_AI1_RMS_diff,AI0_AI1_RMS_ratio,AI0_AI1_corr,Current_RMS,Current_RMS_to_AI0_RMS_ratio,Current_RMS_to_AI1_RMS_ratio,AI0_current_residual,AI1_current_residual,AI0_kurtosis,AI1_kurtosis,AI0_crest_factor,AI1_crest_factor",0.0,0.0,0.0,90,1,2,0,0.18036529680365296,0.06140974350273609
tabular,XGBoost,15,1.5,4,group_ablation,G4,14,"AI0_RMS,AI1_RMS,AI0_AI1_RMS_diff,AI0_AI1_RMS_ratio,AI0_AI1_corr,Current_RMS,Current_RMS_to_AI0_RMS_ratio,Current_RMS_to_AI1_RMS_ratio,AI0_current_residual,AI1_current_residual,AI0_kurtosis,AI1_kurtosis,AI0_crest_factor,AI1_crest_factor",0.0,0.0,0.0,91,0,2,0,0.1527777777777778,0.04475058242678642
tabular,Logistic Regression,15,1.5,4,group_ablation,G4,14,"AI0_RMS,AI1_RMS,AI0_AI1_RMS_diff,AI0_AI1_RMS_ratio,AI0_AI1_corr,Current_RMS,Current_RMS_to_AI0_RMS_ratio,Current_RMS_to_AI1_RMS_ratio,AI0_current_residual,AI1_current_residual,AI0_kurtosis,AI1_kurtosis,AI0_crest_factor,AI1_crest_factor",0.0,0.0,0.0,91,0,2,0,0.3333333333333333,0.006882886402308941
tabular,One-Class SVM,15,1.5,4,group_ablation,G4,14,"AI0_RMS,AI1_RMS,AI0_AI1_RMS_diff,AI0_AI1_RMS_ratio,AI0_AI1_corr,Current_RMS,Current_RMS_to_AI0_RMS_ratio,Current_RMS_to_AI1_RMS_ratio,AI0_current_residual,AI1_current_residual,AI0_kurtosis,AI1_kurtosis,AI0_crest_factor,AI1_crest_factor",0.0,0.0,0.0,91,0,2,0,0.8333333333333333,0.016562558710575104
tabular,Mahalanobis distance,15,1.5,4,group_ablation,G4,14,"AI0_RMS,AI1_RMS,AI0_AI1_RMS_diff,AI0_AI1_RMS_ratio,AI0_AI1_corr,Current_RMS,Current_RMS_to_AI0_RMS_ratio,Current_RMS_to_AI1_RMS_ratio,AI0_current_residual,AI1_current_residual,AI0_kurtosis,AI1_kurtosis,AI0_crest_factor,AI1_crest_factor",0.0,0.0,0.0,91,0,2,0,0.8333333333333333,0.0019286023452877998
tabular,Isolation Forest,15,1.5,4,group_ablation,G4,14,"AI0_RMS,AI1_RMS,AI0_AI1_RMS_diff,AI0_AI1_RMS_ratio,AI0_AI1_corr,Current_RMS,Current_RMS_to_AI0_RMS_ratio,Current_RMS_to_AI1_RMS_ratio,AI0_current_residual,AI1_current_residual,AI0_kurtosis,AI1_kurtosis,AI0_crest_factor,AI1_crest_factor",1.0,0.5,0.6666666666666666,91,0,1,1,0.75,0.8400067705661058
tabular,PCA reconstruction,15,1.5,4,group_ablation,G4,14,"AI0_RMS,AI1_RMS,AI0_AI1_RMS_diff,AI0_AI1_RMS_ratio,AI0_AI1_corr,Current_RMS,Current_RMS_to_AI0_RMS_ratio,Current_RMS_to_AI1_RMS_ratio,AI0_current_residual,AI1_current_residual,AI0_kurtosis,AI1_kurtosis,AI0_crest_factor,AI1_crest_factor",0.0,0.0,0.0,91,0,2,0,1.0,0.0021926816552877426
tabular,LightGBM,15,1.5,4,group_ablation,G5,15,"AI0_RMS,AI1_RMS,AI0_AI1_RMS_diff,AI0_AI1_RMS_ratio,AI0_AI1_corr,Current_RMS,Current_RMS_to_AI0_RMS_ratio,Current_RMS_to_AI1_RMS_ratio,AI0_current_residual,AI1_current_residual,AI0_RMS_slope,AI1_RMS_slope,Current_RMS_slope,dCurrent_RMS_x_dAI0_RMS,dCurrent_RMS_x_dAI1_RMS",0.0,0.0,0.0,91,0,2,0,0.41666666666666663,0.057691942900419235
tabular,XGBoost,15,1.5,4,group_ablation,G5,15,"AI0_RMS,AI1_RMS,AI0_AI1_RMS_diff,AI0_AI1_RMS_ratio,AI0_AI1_corr,Current_RMS,Current_RMS_to_AI0_RMS_ratio,Current_RMS_to_AI1_RMS_ratio,AI0_current_residual,AI1_current_residual,AI0_RMS_slope,AI1_RMS_slope,Current_RMS_slope,dCurrent_RMS_x_dAI0_RMS,dCurrent_RMS_x_dAI1_RMS",0.0,0.0,0.0,91,0,2,0,0.29166666666666663,0.04210665263235569
tabular,Logistic Regression,15,1.5,4,group_ablation,G5,15,"AI0_RMS,AI1_RMS,AI0_AI1_RMS_diff,AI0_AI1_RMS_ratio,AI0_AI1_corr,Current_RMS,Current_RMS_to_AI0_RMS_ratio,Current_RMS_to_AI1_RMS_ratio,AI0_current_residual,AI1_current_residual,AI0_RMS_slope,AI1_RMS_slope,Current_RMS_slope,dCurrent_RMS_x_dAI0_RMS,dCurrent_RMS_x_dAI1_RMS",0.0,0.0,0.0,90,1,2,0,0.1446078431372549,0.02790764346718788
tabular,One-Class SVM,15,1.5,4,group_ablation,G5,15,"AI0_RMS,AI1_RMS,AI0_AI1_RMS_diff,AI0_AI1_RMS_ratio,AI0_AI1_corr,Current_RMS,Current_RMS_to_AI0_RMS_ratio,Current_RMS_to_AI1_RMS_ratio,AI0_current_residual,AI1_current_residual,AI0_RMS_slope,AI1_RMS_slope,Current_RMS_slope,dCurrent_RMS_x_dAI0_RMS,dCurrent_RMS_x_dAI1_RMS",1.0,0.5,0.6666666666666666,91,0,1,1,1.0,0.02709122560918331
tabular,Mahalanobis distance,15,1.5,4,group_ablation,G5,15,"AI0_RMS,AI1_RMS,AI0_AI1_RMS_diff,AI0_AI1_RMS_ratio,AI0_AI1_corr,Current_RMS,Current_RMS_to_AI0_RMS_ratio,Current_RMS_to_AI1_RMS_ratio,AI0_current_residual,AI1_current_residual,AI0_RMS_slope,AI1_RMS_slope,Current_RMS_slope,dCurrent_RMS_x_dAI0_RMS,dCurrent_RMS_x_dAI1_RMS",1.0,0.5,0.6666666666666666,91,0,1,1,1.0,0.002758340910077095
tabular,Isolation Forest,15,1.5,4,group_ablation,G5,15,"AI0_RMS,AI1_RMS,AI0_AI1_RMS_diff,AI0_AI1_RMS_ratio,AI0_AI1_corr,Current_RMS,Current_RMS_to_AI0_RMS_ratio,Current_RMS_to_AI1_RMS_ratio,AI0_current_residual,AI1_current_residual,AI0_RMS_slope,AI1_RMS_slope,Current_RMS_slope,dCurrent_RMS_x_dAI0_RMS,dCurrent_RMS_x_dAI1_RMS",1.0,0.5,0.6666666666666666,91,0,1,1,0.8333333333333333,0.8541205869987607
tabular,PCA reconstruction,15,1.5,4,group_ablation,G5,15,"AI0_RMS,AI1_RMS,AI0_AI1_RMS_diff,AI0_AI1_RMS_ratio,AI0_AI1_corr,Current_RMS,Current_RMS_to_AI0_RMS_ratio,Current_RMS_to_AI1_RMS_ratio,AI0_current_residual,AI1_current_residual,AI0_RMS_slope,AI1_RMS_slope,Current_RMS_slope,dCurrent_RMS_x_dAI0_RMS,dCurrent_RMS_x_dAI1_RMS",0.0,0.0,0.0,91,0,2,0,0.6666666666666666,0.0023192046210169792
temporal,LSTM-Autoencoder,15,1.5,4,full,none,12,"AI0_Vibration,AI1_Vibration,AI2_Current,AI0_short_RMS,AI1_short_RMS,Current_short_RMS,AI0_AI1_RMS_diff,AI0_current_residual,AI1_current_residual,AI0_RMS_slope,AI1_RMS_slope,Current_RMS_slope",0.0,0.0,0.0,91,0,2,0,0.5188679245283019,0.8122594440355897
temporal,1D-CNN,15,1.5,4,full,none,12,"AI0_Vibration,AI1_Vibration,AI2_Current,AI0_short_RMS,AI1_short_RMS,Current_short_RMS,AI0_AI1_RMS_diff,AI0_current_residual,AI1_current_residual,AI0_RMS_slope,AI1_RMS_slope,Current_RMS_slope",0.0,0.0,0.0,91,0,2,0,0.5833333333333333,0.41196577344089746
temporal,LSTM-Autoencoder,15,1.5,4,group_ablation,T0,9,"AI0_short_RMS,AI1_short_RMS,Current_short_RMS,AI0_AI1_RMS_diff,AI0_current_residual,AI1_current_residual,AI0_RMS_slope,AI1_RMS_slope,Current_RMS_slope",0.0,0.0,0.0,91,0,2,0,0.5256410256410257,0.7063761418685317
temporal,1D-CNN,15,1.5,4,group_ablation,T0,9,"AI0_short_RMS,AI1_short_RMS,Current_short_RMS,AI0_AI1_RMS_diff,AI0_current_residual,AI1_current_residual,AI0_RMS_slope,AI1_RMS_slope,Current_RMS_slope",0.0,0.0,0.0,91,0,2,0,0.0873015873015873,0.4046079823747277
temporal,LSTM-Autoencoder,15,1.5,4,group_ablation,T1,9,"AI0_Vibration,AI1_Vibration,AI2_Current,AI0_AI1_RMS_diff,AI0_current_residual,AI1_current_residual,AI0_RMS_slope,AI1_RMS_slope,Current_RMS_slope",0.0,0.0,0.0,91,0,2,0,0.5185185185185185,0.7504736669361591
temporal,1D-CNN,15,1.5,4,group_ablation,T1,9,"AI0_Vibration,AI1_Vibration,AI2_Current,AI0_AI1_RMS_diff,AI0_current_residual,AI1_current_residual,AI0_RMS_slope,AI1_RMS_slope,Current_RMS_slope",0.0,0.0,0.0,91,0,2,0,0.5833333333333333,0.40358341578394175
temporal,LSTM-Autoencoder,15,1.5,4,group_ablation,T2,9,"AI0_Vibration,AI1_Vibration,AI2_Current,AI0_short_RMS,AI1_short_RMS,Current_short_RMS,AI0_RMS_slope,AI1_RMS_slope,Current_RMS_slope",0.0,0.0,0.0,91,0,2,0,0.5222222222222223,0.705357258208096
temporal,1D-CNN,15,1.5,4,group_ablation,T2,9,"AI0_Vibration,AI1_Vibration,AI2_Current,AI0_short_RMS,AI1_short_RMS,Current_short_RMS,AI0_RMS_slope,AI1_RMS_slope,Current_RMS_slope",0.0,0.0,0.0,91,0,2,0,0.5833333333333333,0.4038373939692974
temporal,LSTM-Autoencoder,15,1.5,4,group_ablation,T3,9,"AI0_Vibration,AI1_Vibration,AI2_Current,AI0_short_RMS,AI1_short_RMS,Current_short_RMS,AI0_AI1_RMS_diff,AI0_current_residual,AI1_current_residual",0.0,0.0,0.0,91,0,2,0,0.5227272727272727,0.7201165622100234
temporal,1D-CNN,15,1.5,4,group_ablation,T3,9,"AI0_Vibration,AI1_Vibration,AI2_Current,AI0_short_RMS,AI1_short_RMS,Current_short_RMS,AI0_AI1_RMS_diff,AI0_current_residual,AI1_current_residual",0.0,0.0,0.0,91,0,2,0,0.5833333333333333,0.41032067220658064
tabular,LightGBM,20,2.0,4,full,none,19,"AI0_RMS,AI1_RMS,AI0_AI1_RMS_diff,AI0_AI1_RMS_ratio,AI0_AI1_corr,Current_RMS,Current_RMS_to_AI0_RMS_ratio,Current_RMS_to_AI1_RMS_ratio,AI0_current_residual,AI1_current_residual,AI0_RMS_slope,AI1_RMS_slope,Current_RMS_slope,dCurrent_RMS_x_dAI0_RMS,dCurrent_RMS_x_dAI1_RMS,AI0_kurtosis,AI1_kurtosis,AI0_crest_factor,AI1_crest_factor",0.0,0.0,0.0,90,1,2,0,0.39285714285714285,0.04876462463289499
tabular,XGBoost,20,2.0,4,full,none,19,"AI0_RMS,AI1_RMS,AI0_AI1_RMS_diff,AI0_AI1_RMS_ratio,AI0_AI1_corr,Current_RMS,Current_RMS_to_AI0_RMS_ratio,Current_RMS_to_AI1_RMS_ratio,AI0_current_residual,AI1_current_residual,AI0_RMS_slope,AI1_RMS_slope,Current_RMS_slope,dCurrent_RMS_x_dAI0_RMS,dCurrent_RMS_x_dAI1_RMS,AI0_kurtosis,AI1_kurtosis,AI0_crest_factor,AI1_crest_factor",0.0,0.0,0.0,91,0,2,0,0.5833333333333334,0.03929928317666054
tabular,Logistic Regression,20,2.0,4,full,none,19,"AI0_RMS,AI1_RMS,AI0_AI1_RMS_diff,AI0_AI1_RMS_ratio,AI0_AI1_corr,Current_RMS,Current_RMS_to_AI0_RMS_ratio,Current_RMS_to_AI1_RMS_ratio,AI0_current_residual,AI1_current_residual,AI0_RMS_slope,AI1_RMS_slope,Current_RMS_slope,dCurrent_RMS_x_dAI0_RMS,dCurrent_RMS_x_dAI1_RMS,AI0_kurtosis,AI1_kurtosis,AI0_crest_factor,AI1_crest_factor",0.0,0.0,0.0,91,0,2,0,1.0,0.00964148249477148
tabular,One-Class SVM,20,2.0,4,full,none,19,"AI0_RMS,AI1_RMS,AI0_AI1_RMS_diff,AI0_AI1_RMS_ratio,AI0_AI1_corr,Current_RMS,Current_RMS_to_AI0_RMS_ratio,Current_RMS_to_AI1_RMS_ratio,AI0_current_residual,AI1_current_residual,AI0_RMS_slope,AI1_RMS_slope,Current_RMS_slope,dCurrent_RMS_x_dAI0_RMS,dCurrent_RMS_x_dAI1_RMS,AI0_kurtosis,AI1_kurtosis,AI0_crest_factor,AI1_crest_factor",0.0,0.0,0.0,91,0,2,0,1.0,0.01664077118039131
tabular,Mahalanobis distance,20,2.0,4,full,none,19,"AI0_RMS,AI1_RMS,AI0_AI1_RMS_diff,AI0_AI1_RMS_ratio,AI0_AI1_corr,Current_RMS,Current_RMS_to_AI0_RMS_ratio,Current_RMS_to_AI1_RMS_ratio,AI0_current_residual,AI1_current_residual,AI0_RMS_slope,AI1_RMS_slope,Current_RMS_slope,dCurrent_RMS_x_dAI0_RMS,dCurrent_RMS_x_dAI1_RMS,AI0_kurtosis,AI1_kurtosis,AI0_crest_factor,AI1_crest_factor",1.0,0.5,0.6666666666666666,91,0,1,1,1.0,0.0024135876446962357
tabular,Isolation Forest,20,2.0,4,full,none,19,"AI0_RMS,AI1_RMS,AI0_AI1_RMS_diff,AI0_AI1_RMS_ratio,AI0_AI1_corr,Current_RMS,Current_RMS_to_AI0_RMS_ratio,Current_RMS_to_AI1_RMS_ratio,AI0_current_residual,AI1_current_residual,AI0_RMS_slope,AI1_RMS_slope,Current_RMS_slope,dCurrent_RMS_x_dAI0_RMS,dCurrent_RMS_x_dAI1_RMS,AI0_kurtosis,AI1_kurtosis,AI0_crest_factor,AI1_crest_factor",0.0,0.0,0.0,91,0,2,0,1.0,0.8311507822945714
tabular,PCA reconstruction,20,2.0,4,full,none,19,"AI0_RMS,AI1_RMS,AI0_AI1_RMS_diff,AI0_AI1_RMS_ratio,AI0_AI1_corr,Current_RMS,Current_RMS_to_AI0_RMS_ratio,Current_RMS_to_AI1_RMS_ratio,AI0_current_residual,AI1_current_residual,AI0_RMS_slope,AI1_RMS_slope,Current_RMS_slope,dCurrent_RMS_x_dAI0_RMS,dCurrent_RMS_x_dAI1_RMS,AI0_kurtosis,AI1_kurtosis,AI0_crest_factor,AI1_crest_factor",0.0,0.0,0.0,91,0,2,0,1.0,0.002319502644240856
tabular,LightGBM,20,2.0,4,group_ablation,G1,17,"AI0_AI1_RMS_diff,AI0_AI1_RMS_ratio,AI0_AI1_corr,Current_RMS,Current_RMS_to_AI0_RMS_ratio,Current_RMS_to_AI1_RMS_ratio,AI0_current_residual,AI1_current_residual,AI0_RMS_slope,AI1_RMS_slope,Current_RMS_slope,dCurrent_RMS_x_dAI0_RMS,dCurrent_RMS_x_dAI1_RMS,AI0_kurtosis,AI1_kurtosis,AI0_crest_factor,AI1_crest_factor",0.0,0.0,0.0,91,0,2,0,0.6428571428571428,0.05560375843197107
tabular,XGBoost,20,2.0,4,group_ablation,G1,17,"AI0_AI1_RMS_diff,AI0_AI1_RMS_ratio,AI0_AI1_corr,Current_RMS,Current_RMS_to_AI0_RMS_ratio,Current_RMS_to_AI1_RMS_ratio,AI0_current_residual,AI1_current_residual,AI0_RMS_slope,AI1_RMS_slope,Current_RMS_slope,dCurrent_RMS_x_dAI0_RMS,dCurrent_RMS_x_dAI1_RMS,AI0_kurtosis,AI1_kurtosis,AI0_crest_factor,AI1_crest_factor",0.0,0.0,0.0,91,0,2,0,0.5714285714285714,0.037052820436656475
tabular,Logistic Regression,20,2.0,4,group_ablation,G1,17,"AI0_AI1_RMS_diff,AI0_AI1_RMS_ratio,AI0_AI1_corr,Current_RMS,Current_RMS_to_AI0_RMS_ratio,Current_RMS_to_AI1_RMS_ratio,AI0_current_residual,AI1_current_residual,AI0_RMS_slope,AI1_RMS_slope,Current_RMS_slope,dCurrent_RMS_x_dAI0_RMS,dCurrent_RMS_x_dAI1_RMS,AI0_kurtosis,AI1_kurtosis,AI0_crest_factor,AI1_crest_factor",0.0,0.0,0.0,91,0,2,0,1.0,0.009740527719259262
tabular,One-Class SVM,20,2.0,4,group_ablation,G1,17,"AI0_AI1_RMS_diff,AI0_AI1_RMS_ratio,AI0_AI1_corr,Current_RMS,Current_RMS_to_AI0_RMS_ratio,Current_RMS_to_AI1_RMS_ratio,AI0_current_residual,AI1_current_residual,AI0_RMS_slope,AI1_RMS_slope,Current_RMS_slope,dCurrent_RMS_x_dAI0_RMS,dCurrent_RMS_x_dAI1_RMS,AI0_kurtosis,AI1_kurtosis,AI0_crest_factor,AI1_crest_factor",0.0,0.0,0.0,91,0,2,0,1.0,0.01653323881328106
tabular,Mahalanobis distance,20,2.0,4,group_ablation,G1,17,"AI0_AI1_RMS_diff,AI0_AI1_RMS_ratio,AI0_AI1_corr,Current_RMS,Current_RMS_to_AI0_RMS_ratio,Current_RMS_to_AI1_RMS_ratio,AI0_current_residual,AI1_current_residual,AI0_RMS_slope,AI1_RMS_slope,Current_RMS_slope,dCurrent_RMS_x_dAI0_RMS,dCurrent_RMS_x_dAI1_RMS,AI0_kurtosis,AI1_kurtosis,AI0_crest_factor,AI1_crest_factor",1.0,0.5,0.6666666666666666,91,0,1,1,1.0,0.0022511882707476616
tabular,Isolation Forest,20,2.0,4,group_ablation,G1,17,"AI0_AI1_RMS_diff,AI0_AI1_RMS_ratio,AI0_AI1_corr,Current_RMS,Current_RMS_to_AI0_RMS_ratio,Current_RMS_to_AI1_RMS_ratio,AI0_current_residual,AI1_current_residual,AI0_RMS_slope,AI1_RMS_slope,Current_RMS_slope,dCurrent_RMS_x_dAI0_RMS,dCurrent_RMS_x_dAI1_RMS,AI0_kurtosis,AI1_kurtosis,AI0_crest_factor,AI1_crest_factor",0.0,0.0,0.0,91,0,2,0,1.0,0.8223399203270674
tabular,PCA reconstruction,20,2.0,4,group_ablation,G1,17,"AI0_AI1_RMS_diff,AI0_AI1_RMS_ratio,AI0_AI1_corr,Current_RMS,Current_RMS_to_AI0_RMS_ratio,Current_RMS_to_AI1_RMS_ratio,AI0_current_residual,AI1_current_residual,AI0_RMS_slope,AI1_RMS_slope,Current_RMS_slope,dCurrent_RMS_x_dAI0_RMS,dCurrent_RMS_x_dAI1_RMS,AI0_kurtosis,AI1_kurtosis,AI0_crest_factor,AI1_crest_factor",1.0,0.5,0.6666666666666666,91,0,1,1,1.0,0.0022608740255236626
tabular,LightGBM,20,2.0,4,group_ablation,G2,16,"AI0_RMS,AI1_RMS,Current_RMS,Current_RMS_to_AI0_RMS_ratio,Current_RMS_to_AI1_RMS_ratio,AI0_current_residual,AI1_current_residual,AI0_RMS_slope,AI1_RMS_slope,Current_RMS_slope,dCurrent_RMS_x_dAI0_RMS,dCurrent_RMS_x_dAI1_RMS,AI0_kurtosis,AI1_kurtosis,AI0_crest_factor,AI1_crest_factor",0.0,0.0,0.0,90,1,2,0,0.39285714285714285,0.05726134963333607
tabular,XGBoost,20,2.0,4,group_ablation,G2,16,"AI0_RMS,AI1_RMS,Current_RMS,Current_RMS_to_AI0_RMS_ratio,Current_RMS_to_AI1_RMS_ratio,AI0_current_residual,AI1_current_residual,AI0_RMS_slope,AI1_RMS_slope,Current_RMS_slope,dCurrent_RMS_x_dAI0_RMS,dCurrent_RMS_x_dAI1_RMS,AI0_kurtosis,AI1_kurtosis,AI0_crest_factor,AI1_crest_factor",0.0,0.0,0.0,91,0,2,0,0.3269230769230769,0.047642068937420845
tabular,Logistic Regression,20,2.0,4,group_ablation,G2,16,"AI0_RMS,AI1_RMS,Current_RMS,Current_RMS_to_AI0_RMS_ratio,Current_RMS_to_AI1_RMS_ratio,AI0_current_residual,AI1_current_residual,AI0_RMS_slope,AI1_RMS_slope,Current_RMS_slope,dCurrent_RMS_x_dAI0_RMS,dCurrent_RMS_x_dAI1_RMS,AI0_kurtosis,AI1_kurtosis,AI0_crest_factor,AI1_crest_factor",0.0,0.0,0.0,91,0,2,0,0.8333333333333333,0.009527730755507946
tabular,One-Class SVM,20,2.0,4,group_ablation,G2,16,"AI0_RMS,AI1_RMS,Current_RMS,Current_RMS_to_AI0_RMS_ratio,Current_RMS_to_AI1_RMS_ratio,AI0_current_residual,AI1_current_residual,AI0_RMS_slope,AI1_RMS_slope,Current_RMS_slope,dCurrent_RMS_x_dAI0_RMS,dCurrent_RMS_x_dAI1_RMS,AI0_kurtosis,AI1_kurtosis,AI0_crest_factor,AI1_crest_factor",0.0,0.0,0.0,91,0,2,0,1.0,0.010233517736196518
tabular,Mahalanobis distance,20,2.0,4,group_ablation,G2,16,"AI0_RMS,AI1_RMS,Current_RMS,Current_RMS_to_AI0_RMS_ratio,Current_RMS_to_AI1_RMS_ratio,AI0_current_residual,AI1_current_residual,AI0_RMS_slope,AI1_RMS_slope,Current_RMS_slope,dCurrent_RMS_x_dAI0_RMS,dCurrent_RMS_x_dAI1_RMS,AI0_kurtosis,AI1_kurtosis,AI0_crest_factor,AI1_crest_factor",1.0,0.5,0.6666666666666666,91,0,1,1,1.0,0.001778523437678814
tabular,Isolation Forest,20,2.0,4,group_ablation,G2,16,"AI0_RMS,AI1_RMS,Current_RMS,Current_RMS_to_AI0_RMS_ratio,Current_RMS_to_AI1_RMS_ratio,AI0_current_residual,AI1_current_residual,AI0_RMS_slope,AI1_RMS_slope,Current_RMS_slope,dCurrent_RMS_x_dAI0_RMS,dCurrent_RMS_x_dAI1_RMS,AI0_kurtosis,AI1_kurtosis,AI0_crest_factor,AI1_crest_factor",1.0,0.5,0.6666666666666666,91,0,1,1,1.0,0.8252622233703732
tabular,PCA reconstruction,20,2.0,4,group_ablation,G2,16,"AI0_RMS,AI1_RMS,Current_RMS,Current_RMS_to_AI0_RMS_ratio,Current_RMS_to_AI1_RMS_ratio,AI0_current_residual,AI1_current_residual,AI0_RMS_slope,AI1_RMS_slope,Current_RMS_slope,dCurrent_RMS_x_dAI0_RMS,dCurrent_RMS_x_dAI1_RMS,AI0_kurtosis,AI1_kurtosis,AI0_crest_factor,AI1_crest_factor",0.0,0.0,0.0,91,0,2,0,1.0,0.0021774880588054657
tabular,LightGBM,20,2.0,4,group_ablation,G3,14,"AI0_RMS,AI1_RMS,AI0_AI1_RMS_diff,AI0_AI1_RMS_ratio,AI0_AI1_corr,AI0_RMS_slope,AI1_RMS_slope,Current_RMS_slope,dCurrent_RMS_x_dAI0_RMS,dCurrent_RMS_x_dAI1_RMS,AI0_kurtosis,AI1_kurtosis,AI0_crest_factor,AI1_crest_factor",0.0,0.0,0.0,91,0,2,0,0.6666666666666666,0.052008915692567825
tabular,XGBoost,20,2.0,4,group_ablation,G3,14,"AI0_RMS,AI1_RMS,AI0_AI1_RMS_diff,AI0_AI1_RMS_ratio,AI0_AI1_corr,AI0_RMS_slope,AI1_RMS_slope,Current_RMS_slope,dCurrent_RMS_x_dAI0_RMS,dCurrent_RMS_x_dAI1_RMS,AI0_kurtosis,AI1_kurtosis,AI0_crest_factor,AI1_crest_factor",0.0,0.0,0.0,91,0,2,0,0.3088235294117647,0.03571886010468006
tabular,Logistic Regression,20,2.0,4,group_ablation,G3,14,"AI0_RMS,AI1_RMS,AI0_AI1_RMS_diff,AI0_AI1_RMS_ratio,AI0_AI1_corr,AI0_RMS_slope,AI1_RMS_slope,Current_RMS_slope,dCurrent_RMS_x_dAI0_RMS,dCurrent_RMS_x_dAI1_RMS,AI0_kurtosis,AI1_kurtosis,AI0_crest_factor,AI1_crest_factor",0.0,0.0,0.0,91,0,2,0,1.0,0.007501373998820782
tabular,One-Class SVM,20,2.0,4,group_ablation,G3,14,"AI0_RMS,AI1_RMS,AI0_AI1_RMS_diff,AI0_AI1_RMS_ratio,AI0_AI1_corr,AI0_RMS_slope,AI1_RMS_slope,Current_RMS_slope,dCurrent_RMS_x_dAI0_RMS,dCurrent_RMS_x_dAI1_RMS,AI0_kurtosis,AI1_kurtosis,AI0_crest_factor,AI1_crest_factor",0.0,0.0,0.0,91,0,2,0,1.0,0.0098810326308012
tabular,Mahalanobis distance,20,2.0,4,group_ablation,G3,14,"AI0_RMS,AI1_RMS,AI0_AI1_RMS_diff,AI0_AI1_RMS_ratio,AI0_AI1_corr,AI0_RMS_slope,AI1_RMS_slope,Current_RMS_slope,dCurrent_RMS_x_dAI0_RMS,dCurrent_RMS_x_dAI1_RMS,AI0_kurtosis,AI1_kurtosis,AI0_crest_factor,AI1_crest_factor",1.0,0.5,0.6666666666666666,91,0,1,1,1.0,0.0017503192648291588
tabular,Isolation Forest,20,2.0,4,group_ablation,G3,14,"AI0_RMS,AI1_RMS,AI0_AI1_RMS_diff,AI0_AI1_RMS_ratio,AI0_AI1_corr,AI0_RMS_slope,AI1_RMS_slope,Current_RMS_slope,dCurrent_RMS_x_dAI0_RMS,dCurrent_RMS_x_dAI1_RMS,AI0_kurtosis,AI1_kurtosis,AI0_crest_factor,AI1_crest_factor",0.0,0.0,0.0,91,0,2,0,1.0,0.8092803508043289
tabular,PCA reconstruction,20,2.0,4,group_ablation,G3,14,"AI0_RMS,AI1_RMS,AI0_AI1_RMS_diff,AI0_AI1_RMS_ratio,AI0_AI1_corr,AI0_RMS_slope,AI1_RMS_slope,Current_RMS_slope,dCurrent_RMS_x_dAI0_RMS,dCurrent_RMS_x_dAI1_RMS,AI0_kurtosis,AI1_kurtosis,AI0_crest_factor,AI1_crest_factor",0.0,0.0,0.0,91,0,2,0,1.0,0.002000744454562664
tabular,LightGBM,20,2.0,4,group_ablation,G4,14,"AI0_RMS,AI1_RMS,AI0_AI1_RMS_diff,AI0_AI1_RMS_ratio,AI0_AI1_corr,Current_RMS,Current_RMS_to_AI0_RMS_ratio,Current_RMS_to_AI1_RMS_ratio,AI0_current_residual,AI1_current_residual,AI0_kurtosis,AI1_kurtosis,AI0_crest_factor,AI1_crest_factor",0.0,0.0,0.0,91,0,2,0,0.6,0.05432878900319338
tabular,XGBoost,20,2.0,4,group_ablation,G4,14,"AI0_RMS,AI1_RMS,AI0_AI1_RMS_diff,AI0_AI1_RMS_ratio,AI0_AI1_corr,Current_RMS,Current_RMS_to_AI0_RMS_ratio,Current_RMS_to_AI1_RMS_ratio,AI0_current_residual,AI1_current_residual,AI0_kurtosis,AI1_kurtosis,AI0_crest_factor,AI1_crest_factor",0.0,0.0,0.0,91,0,2,0,0.537037037037037,0.0367837892845273
tabular,Logistic Regression,20,2.0,4,group_ablation,G4,14,"AI0_RMS,AI1_RMS,AI0_AI1_RMS_diff,AI0_AI1_RMS_ratio,AI0_AI1_corr,Current_RMS,Current_RMS_to_AI0_RMS_ratio,Current_RMS_to_AI1_RMS_ratio,AI0_current_residual,AI1_current_residual,AI0_kurtosis,AI1_kurtosis,AI0_crest_factor,AI1_crest_factor",0.0,0.0,0.0,91,0,2,0,0.7,0.006422708742320538
tabular,One-Class SVM,20,2.0,4,group_ablation,G4,14,"AI0_RMS,AI1_RMS,AI0_AI1_RMS_diff,AI0_AI1_RMS_ratio,AI0_AI1_corr,Current_RMS,Current_RMS_to_AI0_RMS_ratio,Current_RMS_to_AI1_RMS_ratio,AI0_current_residual,AI1_current_residual,AI0_kurtosis,AI1_kurtosis,AI0_crest_factor,AI1_crest_factor",0.0,0.0,0.0,91,0,2,0,0.8333333333333333,0.013844432309269905
tabular,Mahalanobis distance,20,2.0,4,group_ablation,G4,14,"AI0_RMS,AI1_RMS,AI0_AI1_RMS_diff,AI0_AI1_RMS_ratio,AI0_AI1_corr,Current_RMS,Current_RMS_to_AI0_RMS_ratio,Current_RMS_to_AI1_RMS_ratio,AI0_current_residual,AI1_current_residual,AI0_kurtosis,AI1_kurtosis,AI0_crest_factor,AI1_crest_factor",0.0,0.0,0.0,91,0,2,0,1.0,0.002354930154979229
tabular,Isolation Forest,20,2.0,4,group_ablation,G4,14,"AI0_RMS,AI1_RMS,AI0_AI1_RMS_diff,AI0_AI1_RMS_ratio,AI0_AI1_corr,Current_RMS,Current_RMS_to_AI0_RMS_ratio,Current_RMS_to_AI1_RMS_ratio,AI0_current_residual,AI1_current_residual,AI0_kurtosis,AI1_kurtosis,AI0_crest_factor,AI1_crest_factor",0.0,0.0,0.0,91,0,2,0,0.8333333333333333,0.8129660543054342
tabular,PCA reconstruction,20,2.0,4,group_ablation,G4,14,"AI0_RMS,AI1_RMS,AI0_AI1_RMS_diff,AI0_AI1_RMS_ratio,AI0_AI1_corr,Current_RMS,Current_RMS_to_AI0_RMS_ratio,Current_RMS_to_AI1_RMS_ratio,AI0_current_residual,AI1_current_residual,AI0_kurtosis,AI1_kurtosis,AI0_crest_factor,AI1_crest_factor",0.0,0.0,0.0,91,0,2,0,1.0,0.001983395777642727
tabular,LightGBM,20,2.0,4,group_ablation,G5,15,"AI0_RMS,AI1_RMS,AI0_AI1_RMS_diff,AI0_AI1_RMS_ratio,AI0_AI1_corr,Current_RMS,Current_RMS_to_AI0_RMS_ratio,Current_RMS_to_AI1_RMS_ratio,AI0_current_residual,AI1_current_residual,AI0_RMS_slope,AI1_RMS_slope,Current_RMS_slope,dCurrent_RMS_x_dAI0_RMS,dCurrent_RMS_x_dAI1_RMS",0.0,0.0,0.0,90,1,2,0,0.39285714285714285,0.05345733184367418
tabular,XGBoost,20,2.0,4,group_ablation,G5,15,"AI0_RMS,AI1_RMS,AI0_AI1_RMS_diff,AI0_AI1_RMS_ratio,AI0_AI1_corr,Current_RMS,Current_RMS_to_AI0_RMS_ratio,Current_RMS_to_AI1_RMS_ratio,AI0_current_residual,AI1_current_residual,AI0_RMS_slope,AI1_RMS_slope,Current_RMS_slope,dCurrent_RMS_x_dAI0_RMS,dCurrent_RMS_x_dAI1_RMS",0.0,0.0,0.0,91,0,2,0,0.6111111111111112,0.04374481923878193
tabular,Logistic Regression,20,2.0,4,group_ablation,G5,15,"AI0_RMS,AI1_RMS,AI0_AI1_RMS_diff,AI0_AI1_RMS_ratio,AI0_AI1_corr,Current_RMS,Current_RMS_to_AI0_RMS_ratio,Current_RMS_to_AI1_RMS_ratio,AI0_current_residual,AI1_current_residual,AI0_RMS_slope,AI1_RMS_slope,Current_RMS_slope,dCurrent_RMS_x_dAI0_RMS,dCurrent_RMS_x_dAI1_RMS",0.0,0.0,0.0,90,1,2,0,0.1807511737089202,0.010109955444931984
tabular,One-Class SVM,20,2.0,4,group_ablation,G5,15,"AI0_RMS,AI1_RMS,AI0_AI1_RMS_diff,AI0_AI1_RMS_ratio,AI0_AI1_corr,Current_RMS,Current_RMS_to_AI0_RMS_ratio,Current_RMS_to_AI1_RMS_ratio,AI0_current_residual,AI1_current_residual,AI0_RMS_slope,AI1_RMS_slope,Current_RMS_slope,dCurrent_RMS_x_dAI0_RMS,dCurrent_RMS_x_dAI1_RMS",0.0,0.0,0.0,91,0,2,0,0.8333333333333333,0.009391119703650475
tabular,Mahalanobis distance,20,2.0,4,group_ablation,G5,15,"AI0_RMS,AI1_RMS,AI0_AI1_RMS_diff,AI0_AI1_RMS_ratio,AI0_AI1_corr,Current_RMS,Current_RMS_to_AI0_RMS_ratio,Current_RMS_to_AI1_RMS_ratio,AI0_current_residual,AI1_current_residual,AI0_RMS_slope,AI1_RMS_slope,Current_RMS_slope,dCurrent_RMS_x_dAI0_RMS,dCurrent_RMS_x_dAI1_RMS",1.0,0.5,0.6666666666666666,91,0,1,1,0.8333333333333333,0.001781209371984005
tabular,Isolation Forest,20,2.0,4,group_ablation,G5,15,"AI0_RMS,AI1_RMS,AI0_AI1_RMS_diff,AI0_AI1_RMS_ratio,AI0_AI1_corr,Current_RMS,Current_RMS_to_AI0_RMS_ratio,Current_RMS_to_AI1_RMS_ratio,AI0_current_residual,AI1_current_residual,AI0_RMS_slope,AI1_RMS_slope,Current_RMS_slope,dCurrent_RMS_x_dAI0_RMS,dCurrent_RMS_x_dAI1_RMS",0.0,0.0,0.0,91,0,2,0,0.625,0.8116624662652612
tabular,PCA reconstruction,20,2.0,4,group_ablation,G5,15,"AI0_RMS,AI1_RMS,AI0_AI1_RMS_diff,AI0_AI1_RMS_ratio,AI0_AI1_corr,Current_RMS,Current_RMS_to_AI0_RMS_ratio,Current_RMS_to_AI1_RMS_ratio,AI0_current_residual,AI1_current_residual,AI0_RMS_slope,AI1_RMS_slope,Current_RMS_slope,dCurrent_RMS_x_dAI0_RMS,dCurrent_RMS_x_dAI1_RMS",1.0,0.5,0.6666666666666666,91,0,1,1,0.8333333333333333,0.002071821130812168
temporal,LSTM-Autoencoder,20,2.0,4,full,none,12,"AI0_Vibration,AI1_Vibration,AI2_Current,AI0_short_RMS,AI1_short_RMS,Current_short_RMS,AI0_AI1_RMS_diff,AI0_current_residual,AI1_current_residual,AI0_RMS_slope,AI1_RMS_slope,Current_RMS_slope",0.0,0.0,0.0,91,0,2,0,0.5217391304347826,0.6058277450501919
temporal,1D-CNN,20,2.0,4,full,none,12,"AI0_Vibration,AI1_Vibration,AI2_Current,AI0_short_RMS,AI1_short_RMS,Current_short_RMS,AI0_AI1_RMS_diff,AI0_current_residual,AI1_current_residual,AI0_RMS_slope,AI1_RMS_slope,Current_RMS_slope",0.0,0.0,0.0,91,0,2,0,0.45,0.30105507653206587
temporal,LSTM-Autoencoder,20,2.0,4,group_ablation,T0,9,"AI0_short_RMS,AI1_short_RMS,Current_short_RMS,AI0_AI1_RMS_diff,AI0_current_residual,AI1_current_residual,AI0_RMS_slope,AI1_RMS_slope,Current_RMS_slope",0.0,0.0,0.0,91,0,2,0,0.5277777777777778,0.526188725605607
temporal,1D-CNN,20,2.0,4,group_ablation,T0,9,"AI0_short_RMS,AI1_short_RMS,Current_short_RMS,AI0_AI1_RMS_diff,AI0_current_residual,AI1_current_residual,AI0_RMS_slope,AI1_RMS_slope,Current_RMS_slope",0.0,0.0,0.0,91,0,2,0,0.05929487179487179,0.42421862203627825
temporal,LSTM-Autoencoder,20,2.0,4,group_ablation,T1,9,"AI0_Vibration,AI1_Vibration,AI2_Current,AI0_AI1_RMS_diff,AI0_current_residual,AI1_current_residual,AI0_RMS_slope,AI1_RMS_slope,Current_RMS_slope",0.0,0.0,0.0,91,0,2,0,0.5204081632653061,0.5197636000812054
temporal,1D-CNN,20,2.0,4,group_ablation,T1,9,"AI0_Vibration,AI1_Vibration,AI2_Current,AI0_AI1_RMS_diff,AI0_current_residual,AI1_current_residual,AI0_RMS_slope,AI1_RMS_slope,Current_RMS_slope",0.0,0.0,0.0,91,0,2,0,0.3666666666666667,0.2959303418174386
temporal,LSTM-Autoencoder,20,2.0,4,group_ablation,T2,9,"AI0_Vibration,AI1_Vibration,AI2_Current,AI0_short_RMS,AI1_short_RMS,Current_short_RMS,AI0_RMS_slope,AI1_RMS_slope,Current_RMS_slope",0.0,0.0,0.0,91,0,2,0,0.5204081632653061,0.5236947126686573
temporal,1D-CNN,20,2.0,4,group_ablation,T2,9,"AI0_Vibration,AI1_Vibration,AI2_Current,AI0_short_RMS,AI1_short_RMS,Current_short_RMS,AI0_RMS_slope,AI1_RMS_slope,Current_RMS_slope",0.0,0.0,0.0,91,0,2,0,0.5,0.29596285708248615
temporal,LSTM-Autoencoder,20,2.0,4,group_ablation,T3,9,"AI0_Vibration,AI1_Vibration,AI2_Current,AI0_short_RMS,AI1_short_RMS,Current_short_RMS,AI0_AI1_RMS_diff,AI0_current_residual,AI1_current_residual",0.0,0.0,0.0,91,0,2,0,0.5256410256410257,0.7708589723333716
temporal,1D-CNN,20,2.0,4,group_ablation,T3,9,"AI0_Vibration,AI1_Vibration,AI2_Current,AI0_short_RMS,AI1_short_RMS,Current_short_RMS,AI0_AI1_RMS_diff,AI0_current_residual,AI1_current_residual",0.0,0.0,0.0,91,0,2,0,0.26666666666666666,0.36511883698403835
tabular,LightGBM,5,0.5,5,full,none,19,"AI0_RMS,AI1_RMS,AI0_AI1_RMS_diff,AI0_AI1_RMS_ratio,AI0_AI1_corr,Current_RMS,Current_RMS_to_AI0_RMS_ratio,Current_RMS_to_AI1_RMS_ratio,AI0_current_residual,AI1_current_residual,AI0_RMS_slope,AI1_RMS_slope,Current_RMS_slope,dCurrent_RMS_x_dAI0_RMS,dCurrent_RMS_x_dAI1_RMS,AI0_kurtosis,AI1_kurtosis,AI0_crest_factor,AI1_crest_factor",1.0,1.0,1.0,91,0,0,2,1.0,0.08241203054785728
tabular,XGBoost,5,0.5,5,full,none,19,"AI0_RMS,AI1_RMS,AI0_AI1_RMS_diff,AI0_AI1_RMS_ratio,AI0_AI1_corr,Current_RMS,Current_RMS_to_AI0_RMS_ratio,Current_RMS_to_AI1_RMS_ratio,AI0_current_residual,AI1_current_residual,AI0_RMS_slope,AI1_RMS_slope,Current_RMS_slope,dCurrent_RMS_x_dAI0_RMS,dCurrent_RMS_x_dAI1_RMS,AI0_kurtosis,AI1_kurtosis,AI0_crest_factor,AI1_crest_factor",1.0,1.0,1.0,91,0,0,2,1.0,0.06964269373565912
tabular,Logistic Regression,5,0.5,5,full,none,19,"AI0_RMS,AI1_RMS,AI0_AI1_RMS_diff,AI0_AI1_RMS_ratio,AI0_AI1_corr,Current_RMS,Current_RMS_to_AI0_RMS_ratio,Current_RMS_to_AI1_RMS_ratio,AI0_current_residual,AI1_current_residual,AI0_RMS_slope,AI1_RMS_slope,Current_RMS_slope,dCurrent_RMS_x_dAI0_RMS,dCurrent_RMS_x_dAI1_RMS,AI0_kurtosis,AI1_kurtosis,AI0_crest_factor,AI1_crest_factor",1.0,0.5,0.6666666666666666,91,0,1,1,1.0,0.011501568369567394
tabular,One-Class SVM,5,0.5,5,full,none,19,"AI0_RMS,AI1_RMS,AI0_AI1_RMS_diff,AI0_AI1_RMS_ratio,AI0_AI1_corr,Current_RMS,Current_RMS_to_AI0_RMS_ratio,Current_RMS_to_AI1_RMS_ratio,AI0_current_residual,AI1_current_residual,AI0_RMS_slope,AI1_RMS_slope,Current_RMS_slope,dCurrent_RMS_x_dAI0_RMS,dCurrent_RMS_x_dAI1_RMS,AI0_kurtosis,AI1_kurtosis,AI0_crest_factor,AI1_crest_factor",1.0,1.0,1.0,91,0,0,2,1.0,0.05303212534636259
tabular,Mahalanobis distance,5,0.5,5,full,none,19,"AI0_RMS,AI1_RMS,AI0_AI1_RMS_diff,AI0_AI1_RMS_ratio,AI0_AI1_corr,Current_RMS,Current_RMS_to_AI0_RMS_ratio,Current_RMS_to_AI1_RMS_ratio,AI0_current_residual,AI1_current_residual,AI0_RMS_slope,AI1_RMS_slope,Current_RMS_slope,dCurrent_RMS_x_dAI0_RMS,dCurrent_RMS_x_dAI1_RMS,AI0_kurtosis,AI1_kurtosis,AI0_crest_factor,AI1_crest_factor",1.0,1.0,1.0,91,0,0,2,1.0,0.0030843038111925125
tabular,Isolation Forest,5,0.5,5,full,none,19,"AI0_RMS,AI1_RMS,AI0_AI1_RMS_diff,AI0_AI1_RMS_ratio,AI0_AI1_corr,Current_RMS,Current_RMS_to_AI0_RMS_ratio,Current_RMS_to_AI1_RMS_ratio,AI0_current_residual,AI1_current_residual,AI0_RMS_slope,AI1_RMS_slope,Current_RMS_slope,dCurrent_RMS_x_dAI0_RMS,dCurrent_RMS_x_dAI1_RMS,AI0_kurtosis,AI1_kurtosis,AI0_crest_factor,AI1_crest_factor",0.6666666666666666,1.0,0.8,90,1,0,2,1.0,0.8890526918694377
tabular,PCA reconstruction,5,0.5,5,full,none,19,"AI0_RMS,AI1_RMS,AI0_AI1_RMS_diff,AI0_AI1_RMS_ratio,AI0_AI1_corr,Current_RMS,Current_RMS_to_AI0_RMS_ratio,Current_RMS_to_AI1_RMS_ratio,AI0_current_residual,AI1_current_residual,AI0_RMS_slope,AI1_RMS_slope,Current_RMS_slope,dCurrent_RMS_x_dAI0_RMS,dCurrent_RMS_x_dAI1_RMS,AI0_kurtosis,AI1_kurtosis,AI0_crest_factor,AI1_crest_factor",1.0,1.0,1.0,91,0,0,2,1.0,0.003975702449679375
tabular,LightGBM,5,0.5,5,group_ablation,G1,17,"AI0_AI1_RMS_diff,AI0_AI1_RMS_ratio,AI0_AI1_corr,Current_RMS,Current_RMS_to_AI0_RMS_ratio,Current_RMS_to_AI1_RMS_ratio,AI0_current_residual,AI1_current_residual,AI0_RMS_slope,AI1_RMS_slope,Current_RMS_slope,dCurrent_RMS_x_dAI0_RMS,dCurrent_RMS_x_dAI1_RMS,AI0_kurtosis,AI1_kurtosis,AI0_crest_factor,AI1_crest_factor",1.0,1.0,1.0,91,0,0,2,1.0,0.07776652183383703
tabular,XGBoost,5,0.5,5,group_ablation,G1,17,"AI0_AI1_RMS_diff,AI0_AI1_RMS_ratio,AI0_AI1_corr,Current_RMS,Current_RMS_to_AI0_RMS_ratio,Current_RMS_to_AI1_RMS_ratio,AI0_current_residual,AI1_current_residual,AI0_RMS_slope,AI1_RMS_slope,Current_RMS_slope,dCurrent_RMS_x_dAI0_RMS,dCurrent_RMS_x_dAI1_RMS,AI0_kurtosis,AI1_kurtosis,AI0_crest_factor,AI1_crest_factor",1.0,1.0,1.0,91,0,0,2,1.0,0.06711459811776876
tabular,Logistic Regression,5,0.5,5,group_ablation,G1,17,"AI0_AI1_RMS_diff,AI0_AI1_RMS_ratio,AI0_AI1_corr,Current_RMS,Current_RMS_to_AI0_RMS_ratio,Current_RMS_to_AI1_RMS_ratio,AI0_current_residual,AI1_current_residual,AI0_RMS_slope,AI1_RMS_slope,Current_RMS_slope,dCurrent_RMS_x_dAI0_RMS,dCurrent_RMS_x_dAI1_RMS,AI0_kurtosis,AI1_kurtosis,AI0_crest_factor,AI1_crest_factor",1.0,0.5,0.6666666666666666,91,0,1,1,1.0,0.009652264416217804
tabular,One-Class SVM,5,0.5,5,group_ablation,G1,17,"AI0_AI1_RMS_diff,AI0_AI1_RMS_ratio,AI0_AI1_corr,Current_RMS,Current_RMS_to_AI0_RMS_ratio,Current_RMS_to_AI1_RMS_ratio,AI0_current_residual,AI1_current_residual,AI0_RMS_slope,AI1_RMS_slope,Current_RMS_slope,dCurrent_RMS_x_dAI0_RMS,dCurrent_RMS_x_dAI1_RMS,AI0_kurtosis,AI1_kurtosis,AI0_crest_factor,AI1_crest_factor",1.0,1.0,1.0,91,0,0,2,1.0,0.0595264807343483
tabular,Mahalanobis distance,5,0.5,5,group_ablation,G1,17,"AI0_AI1_RMS_diff,AI0_AI1_RMS_ratio,AI0_AI1_corr,Current_RMS,Current_RMS_to_AI0_RMS_ratio,Current_RMS_to_AI1_RMS_ratio,AI0_current_residual,AI1_current_residual,AI0_RMS_slope,AI1_RMS_slope,Current_RMS_slope,dCurrent_RMS_x_dAI0_RMS,dCurrent_RMS_x_dAI1_RMS,AI0_kurtosis,AI1_kurtosis,AI0_crest_factor,AI1_crest_factor",1.0,1.0,1.0,91,0,0,2,1.0,0.0026928596198558807
tabular,Isolation Forest,5,0.5,5,group_ablation,G1,17,"AI0_AI1_RMS_diff,AI0_AI1_RMS_ratio,AI0_AI1_corr,Current_RMS,Current_RMS_to_AI0_RMS_ratio,Current_RMS_to_AI1_RMS_ratio,AI0_current_residual,AI1_current_residual,AI0_RMS_slope,AI1_RMS_slope,Current_RMS_slope,dCurrent_RMS_x_dAI0_RMS,dCurrent_RMS_x_dAI1_RMS,AI0_kurtosis,AI1_kurtosis,AI0_crest_factor,AI1_crest_factor",1.0,1.0,1.0,91,0,0,2,1.0,0.8996030176058412
tabular,PCA reconstruction,5,0.5,5,group_ablation,G1,17,"AI0_AI1_RMS_diff,AI0_AI1_RMS_ratio,AI0_AI1_corr,Current_RMS,Current_RMS_to_AI0_RMS_ratio,Current_RMS_to_AI1_RMS_ratio,AI0_current_residual,AI1_current_residual,AI0_RMS_slope,AI1_RMS_slope,Current_RMS_slope,dCurrent_RMS_x_dAI0_RMS,dCurrent_RMS_x_dAI1_RMS,AI0_kurtosis,AI1_kurtosis,AI0_crest_factor,AI1_crest_factor",1.0,1.0,1.0,91,0,0,2,1.0,0.0033232904970645905
tabular,LightGBM,5,0.5,5,group_ablation,G2,16,"AI0_RMS,AI1_RMS,Current_RMS,Current_RMS_to_AI0_RMS_ratio,Current_RMS_to_AI1_RMS_ratio,AI0_current_residual,AI1_current_residual,AI0_RMS_slope,AI1_RMS_slope,Current_RMS_slope,dCurrent_RMS_x_dAI0_RMS,dCurrent_RMS_x_dAI1_RMS,AI0_kurtosis,AI1_kurtosis,AI0_crest_factor,AI1_crest_factor",1.0,1.0,1.0,91,0,0,2,1.0,0.07591508515179157
tabular,XGBoost,5,0.5,5,group_ablation,G2,16,"AI0_RMS,AI1_RMS,Current_RMS,Current_RMS_to_AI0_RMS_ratio,Current_RMS_to_AI1_RMS_ratio,AI0_current_residual,AI1_current_residual,AI0_RMS_slope,AI1_RMS_slope,Current_RMS_slope,dCurrent_RMS_x_dAI0_RMS,dCurrent_RMS_x_dAI1_RMS,AI0_kurtosis,AI1_kurtosis,AI0_crest_factor,AI1_crest_factor",1.0,1.0,1.0,91,0,0,2,1.0,0.06349178496748209
tabular,Logistic Regression,5,0.5,5,group_ablation,G2,16,"AI0_RMS,AI1_RMS,Current_RMS,Current_RMS_to_AI0_RMS_ratio,Current_RMS_to_AI1_RMS_ratio,AI0_current_residual,AI1_current_residual,AI0_RMS_slope,AI1_RMS_slope,Current_RMS_slope,dCurrent_RMS_x_dAI0_RMS,dCurrent_RMS_x_dAI1_RMS,AI0_kurtosis,AI1_kurtosis,AI0_crest_factor,AI1_crest_factor",1.0,0.5,0.6666666666666666,91,0,1,1,1.0,0.009583686478435993
tabular,One-Class SVM,5,0.5,5,group_ablation,G2,16,"AI0_RMS,AI1_RMS,Current_RMS,Current_RMS_to_AI0_RMS_ratio,Current_RMS_to_AI1_RMS_ratio,AI0_current_residual,AI1_current_residual,AI0_RMS_slope,AI1_RMS_slope,Current_RMS_slope,dCurrent_RMS_x_dAI0_RMS,dCurrent_RMS_x_dAI1_RMS,AI0_kurtosis,AI1_kurtosis,AI0_crest_factor,AI1_crest_factor",1.0,1.0,1.0,91,0,0,2,1.0,0.05507543683052063
tabular,Mahalanobis distance,5,0.5,5,group_ablation,G2,16,"AI0_RMS,AI1_RMS,Current_RMS,Current_RMS_to_AI0_RMS_ratio,Current_RMS_to_AI1_RMS_ratio,AI0_current_residual,AI1_current_residual,AI0_RMS_slope,AI1_RMS_slope,Current_RMS_slope,dCurrent_RMS_x_dAI0_RMS,dCurrent_RMS_x_dAI1_RMS,AI0_kurtosis,AI1_kurtosis,AI0_crest_factor,AI1_crest_factor",1.0,1.0,1.0,91,0,0,2,1.0,0.002522949129343033
tabular,Isolation Forest,5,0.5,5,group_ablation,G2,16,"AI0_RMS,AI1_RMS,Current_RMS,Current_RMS_to_AI0_RMS_ratio,Current_RMS_to_AI1_RMS_ratio,AI0_current_residual,AI1_current_residual,AI0_RMS_slope,AI1_RMS_slope,Current_RMS_slope,dCurrent_RMS_x_dAI0_RMS,dCurrent_RMS_x_dAI1_RMS,AI0_kurtosis,AI1_kurtosis,AI0_crest_factor,AI1_crest_factor",0.6666666666666666,1.0,0.8,90,1,0,2,1.0,0.8953494736924767
tabular,PCA reconstruction,5,0.5,5,group_ablation,G2,16,"AI0_RMS,AI1_RMS,Current_RMS,Current_RMS_to_AI0_RMS_ratio,Current_RMS_to_AI1_RMS_ratio,AI0_current_residual,AI1_current_residual,AI0_RMS_slope,AI1_RMS_slope,Current_RMS_slope,dCurrent_RMS_x_dAI0_RMS,dCurrent_RMS_x_dAI1_RMS,AI0_kurtosis,AI1_kurtosis,AI0_crest_factor,AI1_crest_factor",1.0,1.0,1.0,91,0,0,2,1.0,0.0038381461054086685
tabular,LightGBM,5,0.5,5,group_ablation,G3,14,"AI0_RMS,AI1_RMS,AI0_AI1_RMS_diff,AI0_AI1_RMS_ratio,AI0_AI1_corr,AI0_RMS_slope,AI1_RMS_slope,Current_RMS_slope,dCurrent_RMS_x_dAI0_RMS,dCurrent_RMS_x_dAI1_RMS,AI0_kurtosis,AI1_kurtosis,AI0_crest_factor,AI1_crest_factor",1.0,1.0,1.0,91,0,0,2,1.0,0.07469536736607552
tabular,XGBoost,5,0.5,5,group_ablation,G3,14,"AI0_RMS,AI1_RMS,AI0_AI1_RMS_diff,AI0_AI1_RMS_ratio,AI0_AI1_corr,AI0_RMS_slope,AI1_RMS_slope,Current_RMS_slope,dCurrent_RMS_x_dAI0_RMS,dCurrent_RMS_x_dAI1_RMS,AI0_kurtosis,AI1_kurtosis,AI0_crest_factor,AI1_crest_factor",1.0,1.0,1.0,91,0,0,2,1.0,0.0601414842531085
tabular,Logistic Regression,5,0.5,5,group_ablation,G3,14,"AI0_RMS,AI1_RMS,AI0_AI1_RMS_diff,AI0_AI1_RMS_ratio,AI0_AI1_corr,AI0_RMS_slope,AI1_RMS_slope,Current_RMS_slope,dCurrent_RMS_x_dAI0_RMS,dCurrent_RMS_x_dAI1_RMS,AI0_kurtosis,AI1_kurtosis,AI0_crest_factor,AI1_crest_factor",1.0,0.5,0.6666666666666666,91,0,1,1,1.0,0.00916223879903555
tabular,One-Class SVM,5,0.5,5,group_ablation,G3,14,"AI0_RMS,AI1_RMS,AI0_AI1_RMS_diff,AI0_AI1_RMS_ratio,AI0_AI1_corr,AI0_RMS_slope,AI1_RMS_slope,Current_RMS_slope,dCurrent_RMS_x_dAI0_RMS,dCurrent_RMS_x_dAI1_RMS,AI0_kurtosis,AI1_kurtosis,AI0_crest_factor,AI1_crest_factor",1.0,1.0,1.0,91,0,0,2,1.0,0.06281689181923866
tabular,Mahalanobis distance,5,0.5,5,group_ablation,G3,14,"AI0_RMS,AI1_RMS,AI0_AI1_RMS_diff,AI0_AI1_RMS_ratio,AI0_AI1_corr,AI0_RMS_slope,AI1_RMS_slope,Current_RMS_slope,dCurrent_RMS_x_dAI0_RMS,dCurrent_RMS_x_dAI1_RMS,AI0_kurtosis,AI1_kurtosis,AI0_crest_factor,AI1_crest_factor",1.0,1.0,1.0,91,0,0,2,1.0,0.0026464471593499184
tabular,Isolation Forest,5,0.5,5,group_ablation,G3,14,"AI0_RMS,AI1_RMS,AI0_AI1_RMS_diff,AI0_AI1_RMS_ratio,AI0_AI1_corr,AI0_RMS_slope,AI1_RMS_slope,Current_RMS_slope,dCurrent_RMS_x_dAI0_RMS,dCurrent_RMS_x_dAI1_RMS,AI0_kurtosis,AI1_kurtosis,AI0_crest_factor,AI1_crest_factor",0.6666666666666666,1.0,0.8,90,1,0,2,1.0,0.8770342264324427
tabular,PCA reconstruction,5,0.5,5,group_ablation,G3,14,"AI0_RMS,AI1_RMS,AI0_AI1_RMS_diff,AI0_AI1_RMS_ratio,AI0_AI1_corr,AI0_RMS_slope,AI1_RMS_slope,Current_RMS_slope,dCurrent_RMS_x_dAI0_RMS,dCurrent_RMS_x_dAI1_RMS,AI0_kurtosis,AI1_kurtosis,AI0_crest_factor,AI1_crest_factor",1.0,1.0,1.0,91,0,0,2,1.0,0.0030542854219675064
tabular,LightGBM,5,0.5,5,group_ablation,G4,14,"AI0_RMS,AI1_RMS,AI0_AI1_RMS_diff,AI0_AI1_RMS_ratio,AI0_AI1_corr,Current_RMS,Current_RMS_to_AI0_RMS_ratio,Current_RMS_to_AI1_RMS_ratio,AI0_current_residual,AI1_current_residual,AI0_kurtosis,AI1_kurtosis,AI0_crest_factor,AI1_crest_factor",1.0,1.0,1.0,91,0,0,2,1.0,0.07801886927336454
tabular,XGBoost,5,0.5,5,group_ablation,G4,14,"AI0_RMS,AI1_RMS,AI0_AI1_RMS_diff,AI0_AI1_RMS_ratio,AI0_AI1_corr,Current_RMS,Current_RMS_to_AI0_RMS_ratio,Current_RMS_to_AI1_RMS_ratio,AI0_current_residual,AI1_current_residual,AI0_kurtosis,AI1_kurtosis,AI0_crest_factor,AI1_crest_factor",1.0,1.0,1.0,91,0,0,2,1.0,0.06287948228418827
tabular,Logistic Regression,5,0.5,5,group_ablation,G4,14,"AI0_RMS,AI1_RMS,AI0_AI1_RMS_diff,AI0_AI1_RMS_ratio,AI0_AI1_corr,Current_RMS,Current_RMS_to_AI0_RMS_ratio,Current_RMS_to_AI1_RMS_ratio,AI0_current_residual,AI1_current_residual,AI0_kurtosis,AI1_kurtosis,AI0_crest_factor,AI1_crest_factor",1.0,0.5,0.6666666666666666,91,0,1,1,1.0,0.01050469558686018
tabular,One-Class SVM,5,0.5,5,group_ablation,G4,14,"AI0_RMS,AI1_RMS,AI0_AI1_RMS_diff,AI0_AI1_RMS_ratio,AI0_AI1_corr,Current_RMS,Current_RMS_to_AI0_RMS_ratio,Current_RMS_to_AI1_RMS_ratio,AI0_current_residual,AI1_current_residual,AI0_kurtosis,AI1_kurtosis,AI0_crest_factor,AI1_crest_factor",1.0,1.0,1.0,91,0,0,2,1.0,0.05606169439852238
tabular,Mahalanobis distance,5,0.5,5,group_ablation,G4,14,"AI0_RMS,AI1_RMS,AI0_AI1_RMS_diff,AI0_AI1_RMS_ratio,AI0_AI1_corr,Current_RMS,Current_RMS_to_AI0_RMS_ratio,Current_RMS_to_AI1_RMS_ratio,AI0_current_residual,AI1_current_residual,AI0_kurtosis,AI1_kurtosis,AI0_crest_factor,AI1_crest_factor",1.0,1.0,1.0,91,0,0,2,1.0,0.0025075357407331467
tabular,Isolation Forest,5,0.5,5,group_ablation,G4,14,"AI0_RMS,AI1_RMS,AI0_AI1_RMS_diff,AI0_AI1_RMS_ratio,AI0_AI1_corr,Current_RMS,Current_RMS_to_AI0_RMS_ratio,Current_RMS_to_AI1_RMS_ratio,AI0_current_residual,AI1_current_residual,AI0_kurtosis,AI1_kurtosis,AI0_crest_factor,AI1_crest_factor",1.0,1.0,1.0,91,0,0,2,1.0,0.8883344950154424
tabular,PCA reconstruction,5,0.5,5,group_ablation,G4,14,"AI0_RMS,AI1_RMS,AI0_AI1_RMS_diff,AI0_AI1_RMS_ratio,AI0_AI1_corr,Current_RMS,Current_RMS_to_AI0_RMS_ratio,Current_RMS_to_AI1_RMS_ratio,AI0_current_residual,AI1_current_residual,AI0_kurtosis,AI1_kurtosis,AI0_crest_factor,AI1_crest_factor",1.0,1.0,1.0,91,0,0,2,1.0,0.0029662931337952614
tabular,LightGBM,5,0.5,5,group_ablation,G5,15,"AI0_RMS,AI1_RMS,AI0_AI1_RMS_diff,AI0_AI1_RMS_ratio,AI0_AI1_corr,Current_RMS,Current_RMS_to_AI0_RMS_ratio,Current_RMS_to_AI1_RMS_ratio,AI0_current_residual,AI1_current_residual,AI0_RMS_slope,AI1_RMS_slope,Current_RMS_slope,dCurrent_RMS_x_dAI0_RMS,dCurrent_RMS_x_dAI1_RMS",1.0,1.0,1.0,91,0,0,2,1.0,0.08074735943228006
tabular,XGBoost,5,0.5,5,group_ablation,G5,15,"AI0_RMS,AI1_RMS,AI0_AI1_RMS_diff,AI0_AI1_RMS_ratio,AI0_AI1_corr,Current_RMS,Current_RMS_to_AI0_RMS_ratio,Current_RMS_to_AI1_RMS_ratio,AI0_current_residual,AI1_current_residual,AI0_RMS_slope,AI1_RMS_slope,Current_RMS_slope,dCurrent_RMS_x_dAI0_RMS,dCurrent_RMS_x_dAI1_RMS",1.0,1.0,1.0,91,0,0,2,1.0,0.065017806366086
tabular,Logistic Regression,5,0.5,5,group_ablation,G5,15,"AI0_RMS,AI1_RMS,AI0_AI1_RMS_diff,AI0_AI1_RMS_ratio,AI0_AI1_corr,Current_RMS,Current_RMS_to_AI0_RMS_ratio,Current_RMS_to_AI1_RMS_ratio,AI0_current_residual,AI1_current_residual,AI0_RMS_slope,AI1_RMS_slope,Current_RMS_slope,dCurrent_RMS_x_dAI0_RMS,dCurrent_RMS_x_dAI1_RMS",1.0,0.5,0.6666666666666666,91,0,1,1,0.8333333333333333,0.009119116701185703
tabular,One-Class SVM,5,0.5,5,group_ablation,G5,15,"AI0_RMS,AI1_RMS,AI0_AI1_RMS_diff,AI0_AI1_RMS_ratio,AI0_AI1_corr,Current_RMS,Current_RMS_to_AI0_RMS_ratio,Current_RMS_to_AI1_RMS_ratio,AI0_current_residual,AI1_current_residual,AI0_RMS_slope,AI1_RMS_slope,Current_RMS_slope,dCurrent_RMS_x_dAI0_RMS,dCurrent_RMS_x_dAI1_RMS",1.0,1.0,1.0,91,0,0,2,1.0,0.0637117438018322
tabular,Mahalanobis distance,5,0.5,5,group_ablation,G5,15,"AI0_RMS,AI1_RMS,AI0_AI1_RMS_diff,AI0_AI1_RMS_ratio,AI0_AI1_corr,Current_RMS,Current_RMS_to_AI0_RMS_ratio,Current_RMS_to_AI1_RMS_ratio,AI0_current_residual,AI1_current_residual,AI0_RMS_slope,AI1_RMS_slope,Current_RMS_slope,dCurrent_RMS_x_dAI0_RMS,dCurrent_RMS_x_dAI1_RMS",1.0,1.0,1.0,91,0,0,2,1.0,0.002693336457014084
tabular,Isolation Forest,5,0.5,5,group_ablation,G5,15,"AI0_RMS,AI1_RMS,AI0_AI1_RMS_diff,AI0_AI1_RMS_ratio,AI0_AI1_corr,Current_RMS,Current_RMS_to_AI0_RMS_ratio,Current_RMS_to_AI1_RMS_ratio,AI0_current_residual,AI1_current_residual,AI0_RMS_slope,AI1_RMS_slope,Current_RMS_slope,dCurrent_RMS_x_dAI0_RMS,dCurrent_RMS_x_dAI1_RMS",0.6666666666666666,1.0,0.8,90,1,0,2,1.0,0.8805780429393053
tabular,PCA reconstruction,5,0.5,5,group_ablation,G5,15,"AI0_RMS,AI1_RMS,AI0_AI1_RMS_diff,AI0_AI1_RMS_ratio,AI0_AI1_corr,Current_RMS,Current_RMS_to_AI0_RMS_ratio,Current_RMS_to_AI1_RMS_ratio,AI0_current_residual,AI1_current_residual,AI0_RMS_slope,AI1_RMS_slope,Current_RMS_slope,dCurrent_RMS_x_dAI0_RMS,dCurrent_RMS_x_dAI1_RMS",1.0,1.0,1.0,91,0,0,2,1.0,0.003284076228737831
temporal,LSTM-Autoencoder,5,0.5,5,full,none,12,"AI0_Vibration,AI1_Vibration,AI2_Current,AI0_short_RMS,AI1_short_RMS,Current_short_RMS,AI0_AI1_RMS_diff,AI0_current_residual,AI1_current_residual,AI0_RMS_slope,AI1_RMS_slope,Current_RMS_slope",1.0,0.5,0.6666666666666666,91,0,1,1,1.0,1.2331171529367566
temporal,1D-CNN,5,0.5,5,full,none,12,"AI0_Vibration,AI1_Vibration,AI2_Current,AI0_short_RMS,AI1_short_RMS,Current_short_RMS,AI0_AI1_RMS_diff,AI0_current_residual,AI1_current_residual,AI0_RMS_slope,AI1_RMS_slope,Current_RMS_slope",1.0,1.0,1.0,91,0,0,2,1.0,0.2816905016079545
temporal,LSTM-Autoencoder,5,0.5,5,group_ablation,T0,9,"AI0_short_RMS,AI1_short_RMS,Current_short_RMS,AI0_AI1_RMS_diff,AI0_current_residual,AI1_current_residual,AI0_RMS_slope,AI1_RMS_slope,Current_RMS_slope",1.0,1.0,1.0,91,0,0,2,1.0,1.192593709565699
temporal,1D-CNN,5,0.5,5,group_ablation,T0,9,"AI0_short_RMS,AI1_short_RMS,Current_short_RMS,AI0_AI1_RMS_diff,AI0_current_residual,AI1_current_residual,AI0_RMS_slope,AI1_RMS_slope,Current_RMS_slope",1.0,1.0,1.0,91,0,0,2,1.0,0.27507832180708647
temporal,LSTM-Autoencoder,5,0.5,5,group_ablation,T1,9,"AI0_Vibration,AI1_Vibration,AI2_Current,AI0_AI1_RMS_diff,AI0_current_residual,AI1_current_residual,AI0_RMS_slope,AI1_RMS_slope,Current_RMS_slope",1.0,1.0,1.0,91,0,0,2,1.0,1.160217928700149
temporal,1D-CNN,5,0.5,5,group_ablation,T1,9,"AI0_Vibration,AI1_Vibration,AI2_Current,AI0_AI1_RMS_diff,AI0_current_residual,AI1_current_residual,AI0_RMS_slope,AI1_RMS_slope,Current_RMS_slope",1.0,1.0,1.0,91,0,0,2,1.0,1.0041578263044357
temporal,LSTM-Autoencoder,5,0.5,5,group_ablation,T2,9,"AI0_Vibration,AI1_Vibration,AI2_Current,AI0_short_RMS,AI1_short_RMS,Current_short_RMS,AI0_RMS_slope,AI1_RMS_slope,Current_RMS_slope",1.0,0.5,0.6666666666666666,91,0,1,1,1.0,1.170825225301087
temporal,1D-CNN,5,0.5,5,group_ablation,T2,9,"AI0_Vibration,AI1_Vibration,AI2_Current,AI0_short_RMS,AI1_short_RMS,Current_short_RMS,AI0_RMS_slope,AI1_RMS_slope,Current_RMS_slope",1.0,1.0,1.0,91,0,0,2,1.0,0.36971085611730814
temporal,LSTM-Autoencoder,5,0.5,5,group_ablation,T3,9,"AI0_Vibration,AI1_Vibration,AI2_Current,AI0_short_RMS,AI1_short_RMS,Current_short_RMS,AI0_AI1_RMS_diff,AI0_current_residual,AI1_current_residual",1.0,1.0,1.0,91,0,0,2,1.0,1.154806655831635
temporal,1D-CNN,5,0.5,5,group_ablation,T3,9,"AI0_Vibration,AI1_Vibration,AI2_Current,AI0_short_RMS,AI1_short_RMS,Current_short_RMS,AI0_AI1_RMS_diff,AI0_current_residual,AI1_current_residual",1.0,1.0,1.0,91,0,0,2,1.0,0.2729911198839545
tabular,LightGBM,10,1.0,5,full,none,19,"AI0_RMS,AI1_RMS,AI0_AI1_RMS_diff,AI0_AI1_RMS_ratio,AI0_AI1_corr,Current_RMS,Current_RMS_to_AI0_RMS_ratio,Current_RMS_to_AI1_RMS_ratio,AI0_current_residual,AI1_current_residual,AI0_RMS_slope,AI1_RMS_slope,Current_RMS_slope,dCurrent_RMS_x_dAI0_RMS,dCurrent_RMS_x_dAI1_RMS,AI0_kurtosis,AI1_kurtosis,AI0_crest_factor,AI1_crest_factor",1.0,1.0,1.0,91,0,0,2,1.0,0.06919051799923182
tabular,XGBoost,10,1.0,5,full,none,19,"AI0_RMS,AI1_RMS,AI0_AI1_RMS_diff,AI0_AI1_RMS_ratio,AI0_AI1_corr,Current_RMS,Current_RMS_to_AI0_RMS_ratio,Current_RMS_to_AI1_RMS_ratio,AI0_current_residual,AI1_current_residual,AI0_RMS_slope,AI1_RMS_slope,Current_RMS_slope,dCurrent_RMS_x_dAI0_RMS,dCurrent_RMS_x_dAI1_RMS,AI0_kurtosis,AI1_kurtosis,AI0_crest_factor,AI1_crest_factor",1.0,1.0,1.0,91,0,0,2,1.0,0.062133089639246464
tabular,Logistic Regression,10,1.0,5,full,none,19,"AI0_RMS,AI1_RMS,AI0_AI1_RMS_diff,AI0_AI1_RMS_ratio,AI0_AI1_corr,Current_RMS,Current_RMS_to_AI0_RMS_ratio,Current_RMS_to_AI1_RMS_ratio,AI0_current_residual,AI1_current_residual,AI0_RMS_slope,AI1_RMS_slope,Current_RMS_slope,dCurrent_RMS_x_dAI0_RMS,dCurrent_RMS_x_dAI1_RMS,AI0_kurtosis,AI1_kurtosis,AI0_crest_factor,AI1_crest_factor",1.0,0.5,0.6666666666666666,91,0,1,1,1.0,0.015348057262599468
tabular,One-Class SVM,10,1.0,5,full,none,19,"AI0_RMS,AI1_RMS,AI0_AI1_RMS_diff,AI0_AI1_RMS_ratio,AI0_AI1_corr,Current_RMS,Current_RMS_to_AI0_RMS_ratio,Current_RMS_to_AI1_RMS_ratio,AI0_current_residual,AI1_current_residual,AI0_RMS_slope,AI1_RMS_slope,Current_RMS_slope,dCurrent_RMS_x_dAI0_RMS,dCurrent_RMS_x_dAI1_RMS,AI0_kurtosis,AI1_kurtosis,AI0_crest_factor,AI1_crest_factor",1.0,1.0,1.0,91,0,0,2,1.0,0.03197322506457567
tabular,Mahalanobis distance,10,1.0,5,full,none,19,"AI0_RMS,AI1_RMS,AI0_AI1_RMS_diff,AI0_AI1_RMS_ratio,AI0_AI1_corr,Current_RMS,Current_RMS_to_AI0_RMS_ratio,Current_RMS_to_AI1_RMS_ratio,AI0_current_residual,AI1_current_residual,AI0_RMS_slope,AI1_RMS_slope,Current_RMS_slope,dCurrent_RMS_x_dAI0_RMS,dCurrent_RMS_x_dAI1_RMS,AI0_kurtosis,AI1_kurtosis,AI0_crest_factor,AI1_crest_factor",1.0,1.0,1.0,91,0,0,2,1.0,0.0024847611784934998
tabular,Isolation Forest,10,1.0,5,full,none,19,"AI0_RMS,AI1_RMS,AI0_AI1_RMS_diff,AI0_AI1_RMS_ratio,AI0_AI1_corr,Current_RMS,Current_RMS_to_AI0_RMS_ratio,Current_RMS_to_AI1_RMS_ratio,AI0_current_residual,AI1_current_residual,AI0_RMS_slope,AI1_RMS_slope,Current_RMS_slope,dCurrent_RMS_x_dAI0_RMS,dCurrent_RMS_x_dAI1_RMS,AI0_kurtosis,AI1_kurtosis,AI0_crest_factor,AI1_crest_factor",1.0,1.0,1.0,91,0,0,2,1.0,0.7046106792986393
tabular,PCA reconstruction,10,1.0,5,full,none,19,"AI0_RMS,AI1_RMS,AI0_AI1_RMS_diff,AI0_AI1_RMS_ratio,AI0_AI1_corr,Current_RMS,Current_RMS_to_AI0_RMS_ratio,Current_RMS_to_AI1_RMS_ratio,AI0_current_residual,AI1_current_residual,AI0_RMS_slope,AI1_RMS_slope,Current_RMS_slope,dCurrent_RMS_x_dAI0_RMS,dCurrent_RMS_x_dAI1_RMS,AI0_kurtosis,AI1_kurtosis,AI0_crest_factor,AI1_crest_factor",1.0,0.5,0.6666666666666666,91,0,1,1,1.0,0.0032885409891605377
tabular,LightGBM,10,1.0,5,group_ablation,G1,17,"AI0_AI1_RMS_diff,AI0_AI1_RMS_ratio,AI0_AI1_corr,Current_RMS,Current_RMS_to_AI0_RMS_ratio,Current_RMS_to_AI1_RMS_ratio,AI0_current_residual,AI1_current_residual,AI0_RMS_slope,AI1_RMS_slope,Current_RMS_slope,dCurrent_RMS_x_dAI0_RMS,dCurrent_RMS_x_dAI1_RMS,AI0_kurtosis,AI1_kurtosis,AI0_crest_factor,AI1_crest_factor",1.0,1.0,1.0,91,0,0,2,1.0,0.0798354297876358
tabular,XGBoost,10,1.0,5,group_ablation,G1,17,"AI0_AI1_RMS_diff,AI0_AI1_RMS_ratio,AI0_AI1_corr,Current_RMS,Current_RMS_to_AI0_RMS_ratio,Current_RMS_to_AI1_RMS_ratio,AI0_current_residual,AI1_current_residual,AI0_RMS_slope,AI1_RMS_slope,Current_RMS_slope,dCurrent_RMS_x_dAI0_RMS,dCurrent_RMS_x_dAI1_RMS,AI0_kurtosis,AI1_kurtosis,AI0_crest_factor,AI1_crest_factor",1.0,1.0,1.0,91,0,0,2,1.0,0.06111434008926153
tabular,Logistic Regression,10,1.0,5,group_ablation,G1,17,"AI0_AI1_RMS_diff,AI0_AI1_RMS_ratio,AI0_AI1_corr,Current_RMS,Current_RMS_to_AI0_RMS_ratio,Current_RMS_to_AI1_RMS_ratio,AI0_current_residual,AI1_current_residual,AI0_RMS_slope,AI1_RMS_slope,Current_RMS_slope,dCurrent_RMS_x_dAI0_RMS,dCurrent_RMS_x_dAI1_RMS,AI0_kurtosis,AI1_kurtosis,AI0_crest_factor,AI1_crest_factor",1.0,0.5,0.6666666666666666,91,0,1,1,1.0,0.011996219865977764
tabular,One-Class SVM,10,1.0,5,group_ablation,G1,17,"AI0_AI1_RMS_diff,AI0_AI1_RMS_ratio,AI0_AI1_corr,Current_RMS,Current_RMS_to_AI0_RMS_ratio,Current_RMS_to_AI1_RMS_ratio,AI0_current_residual,AI1_current_residual,AI0_RMS_slope,AI1_RMS_slope,Current_RMS_slope,dCurrent_RMS_x_dAI0_RMS,dCurrent_RMS_x_dAI1_RMS,AI0_kurtosis,AI1_kurtosis,AI0_crest_factor,AI1_crest_factor",1.0,1.0,1.0,91,0,0,2,1.0,0.031465728767216206
tabular,Mahalanobis distance,10,1.0,5,group_ablation,G1,17,"AI0_AI1_RMS_diff,AI0_AI1_RMS_ratio,AI0_AI1_corr,Current_RMS,Current_RMS_to_AI0_RMS_ratio,Current_RMS_to_AI1_RMS_ratio,AI0_current_residual,AI1_current_residual,AI0_RMS_slope,AI1_RMS_slope,Current_RMS_slope,dCurrent_RMS_x_dAI0_RMS,dCurrent_RMS_x_dAI1_RMS,AI0_kurtosis,AI1_kurtosis,AI0_crest_factor,AI1_crest_factor",1.0,1.0,1.0,91,0,0,2,1.0,0.0022924328222870827
tabular,Isolation Forest,10,1.0,5,group_ablation,G1,17,"AI0_AI1_RMS_diff,AI0_AI1_RMS_ratio,AI0_AI1_corr,Current_RMS,Current_RMS_to_AI0_RMS_ratio,Current_RMS_to_AI1_RMS_ratio,AI0_current_residual,AI1_current_residual,AI0_RMS_slope,AI1_RMS_slope,Current_RMS_slope,dCurrent_RMS_x_dAI0_RMS,dCurrent_RMS_x_dAI1_RMS,AI0_kurtosis,AI1_kurtosis,AI0_crest_factor,AI1_crest_factor",1.0,1.0,1.0,91,0,0,2,1.0,0.8163749445229769
tabular,PCA reconstruction,10,1.0,5,group_ablation,G1,17,"AI0_AI1_RMS_diff,AI0_AI1_RMS_ratio,AI0_AI1_corr,Current_RMS,Current_RMS_to_AI0_RMS_ratio,Current_RMS_to_AI1_RMS_ratio,AI0_current_residual,AI1_current_residual,AI0_RMS_slope,AI1_RMS_slope,Current_RMS_slope,dCurrent_RMS_x_dAI0_RMS,dCurrent_RMS_x_dAI1_RMS,AI0_kurtosis,AI1_kurtosis,AI0_crest_factor,AI1_crest_factor",1.0,0.5,0.6666666666666666,91,0,1,1,1.0,0.0030807387083768845
tabular,LightGBM,10,1.0,5,group_ablation,G2,16,"AI0_RMS,AI1_RMS,Current_RMS,Current_RMS_to_AI0_RMS_ratio,Current_RMS_to_AI1_RMS_ratio,AI0_current_residual,AI1_current_residual,AI0_RMS_slope,AI1_RMS_slope,Current_RMS_slope,dCurrent_RMS_x_dAI0_RMS,dCurrent_RMS_x_dAI1_RMS,AI0_kurtosis,AI1_kurtosis,AI0_crest_factor,AI1_crest_factor",1.0,1.0,1.0,91,0,0,2,1.0,0.06700899545103312
tabular,XGBoost,10,1.0,5,group_ablation,G2,16,"AI0_RMS,AI1_RMS,Current_RMS,Current_RMS_to_AI0_RMS_ratio,Current_RMS_to_AI1_RMS_ratio,AI0_current_residual,AI1_current_residual,AI0_RMS_slope,AI1_RMS_slope,Current_RMS_slope,dCurrent_RMS_x_dAI0_RMS,dCurrent_RMS_x_dAI1_RMS,AI0_kurtosis,AI1_kurtosis,AI0_crest_factor,AI1_crest_factor",1.0,1.0,1.0,91,0,0,2,1.0,0.05788201652467251
tabular,Logistic Regression,10,1.0,5,group_ablation,G2,16,"AI0_RMS,AI1_RMS,Current_RMS,Current_RMS_to_AI0_RMS_ratio,Current_RMS_to_AI1_RMS_ratio,AI0_current_residual,AI1_current_residual,AI0_RMS_slope,AI1_RMS_slope,Current_RMS_slope,dCurrent_RMS_x_dAI0_RMS,dCurrent_RMS_x_dAI1_RMS,AI0_kurtosis,AI1_kurtosis,AI0_crest_factor,AI1_crest_factor",1.0,0.5,0.6666666666666666,91,0,1,1,1.0,0.00958302803337574
tabular,One-Class SVM,10,1.0,5,group_ablation,G2,16,"AI0_RMS,AI1_RMS,Current_RMS,Current_RMS_to_AI0_RMS_ratio,Current_RMS_to_AI1_RMS_ratio,AI0_current_residual,AI1_current_residual,AI0_RMS_slope,AI1_RMS_slope,Current_RMS_slope,dCurrent_RMS_x_dAI0_RMS,dCurrent_RMS_x_dAI1_RMS,AI0_kurtosis,AI1_kurtosis,AI0_crest_factor,AI1_crest_factor",1.0,1.0,1.0,91,0,0,2,1.0,0.03321618773043156
tabular,Mahalanobis distance,10,1.0,5,group_ablation,G2,16,"AI0_RMS,AI1_RMS,Current_RMS,Current_RMS_to_AI0_RMS_ratio,Current_RMS_to_AI1_RMS_ratio,AI0_current_residual,AI1_current_residual,AI0_RMS_slope,AI1_RMS_slope,Current_RMS_slope,dCurrent_RMS_x_dAI0_RMS,dCurrent_RMS_x_dAI1_RMS,AI0_kurtosis,AI1_kurtosis,AI0_crest_factor,AI1_crest_factor",1.0,1.0,1.0,91,0,0,2,1.0,0.0022345418110489845
tabular,Isolation Forest,10,1.0,5,group_ablation,G2,16,"AI0_RMS,AI1_RMS,Current_RMS,Current_RMS_to_AI0_RMS_ratio,Current_RMS_to_AI1_RMS_ratio,AI0_current_residual,AI1_current_residual,AI0_RMS_slope,AI1_RMS_slope,Current_RMS_slope,dCurrent_RMS_x_dAI0_RMS,dCurrent_RMS_x_dAI1_RMS,AI0_kurtosis,AI1_kurtosis,AI0_crest_factor,AI1_crest_factor",1.0,1.0,1.0,91,0,0,2,1.0,0.8579261563718319
tabular,PCA reconstruction,10,1.0,5,group_ablation,G2,16,"AI0_RMS,AI1_RMS,Current_RMS,Current_RMS_to_AI0_RMS_ratio,Current_RMS_to_AI1_RMS_ratio,AI0_current_residual,AI1_current_residual,AI0_RMS_slope,AI1_RMS_slope,Current_RMS_slope,dCurrent_RMS_x_dAI0_RMS,dCurrent_RMS_x_dAI1_RMS,AI0_kurtosis,AI1_kurtosis,AI0_crest_factor,AI1_crest_factor",1.0,0.5,0.6666666666666666,91,0,1,1,1.0,0.002766849473118782
tabular,LightGBM,10,1.0,5,group_ablation,G3,14,"AI0_RMS,AI1_RMS,AI0_AI1_RMS_diff,AI0_AI1_RMS_ratio,AI0_AI1_corr,AI0_RMS_slope,AI1_RMS_slope,Current_RMS_slope,dCurrent_RMS_x_dAI0_RMS,dCurrent_RMS_x_dAI1_RMS,AI0_kurtosis,AI1_kurtosis,AI0_crest_factor,AI1_crest_factor",1.0,0.5,0.6666666666666666,91,0,1,1,1.0,0.0698013287037611
tabular,XGBoost,10,1.0,5,group_ablation,G3,14,"AI0_RMS,AI1_RMS,AI0_AI1_RMS_diff,AI0_AI1_RMS_ratio,AI0_AI1_corr,AI0_RMS_slope,AI1_RMS_slope,Current_RMS_slope,dCurrent_RMS_x_dAI0_RMS,dCurrent_RMS_x_dAI1_RMS,AI0_kurtosis,AI1_kurtosis,AI0_crest_factor,AI1_crest_factor",1.0,1.0,1.0,91,0,0,2,1.0,0.056595792062580585
tabular,Logistic Regression,10,1.0,5,group_ablation,G3,14,"AI0_RMS,AI1_RMS,AI0_AI1_RMS_diff,AI0_AI1_RMS_ratio,AI0_AI1_corr,AI0_RMS_slope,AI1_RMS_slope,Current_RMS_slope,dCurrent_RMS_x_dAI0_RMS,dCurrent_RMS_x_dAI1_RMS,AI0_kurtosis,AI1_kurtosis,AI0_crest_factor,AI1_crest_factor",1.0,0.5,0.6666666666666666,91,0,1,1,1.0,0.009213474579155445
tabular,One-Class SVM,10,1.0,5,group_ablation,G3,14,"AI0_RMS,AI1_RMS,AI0_AI1_RMS_diff,AI0_AI1_RMS_ratio,AI0_AI1_corr,AI0_RMS_slope,AI1_RMS_slope,Current_RMS_slope,dCurrent_RMS_x_dAI0_RMS,dCurrent_RMS_x_dAI1_RMS,AI0_kurtosis,AI1_kurtosis,AI0_crest_factor,AI1_crest_factor",1.0,1.0,1.0,91,0,0,2,1.0,0.03638446982949972
tabular,Mahalanobis distance,10,1.0,5,group_ablation,G3,14,"AI0_RMS,AI1_RMS,AI0_AI1_RMS_diff,AI0_AI1_RMS_ratio,AI0_AI1_corr,AI0_RMS_slope,AI1_RMS_slope,Current_RMS_slope,dCurrent_RMS_x_dAI0_RMS,dCurrent_RMS_x_dAI1_RMS,AI0_kurtosis,AI1_kurtosis,AI0_crest_factor,AI1_crest_factor",1.0,1.0,1.0,91,0,0,2,1.0,0.002218501642346382
tabular,Isolation Forest,10,1.0,5,group_ablation,G3,14,"AI0_RMS,AI1_RMS,AI0_AI1_RMS_diff,AI0_AI1_RMS_ratio,AI0_AI1_corr,AI0_RMS_slope,AI1_RMS_slope,Current_RMS_slope,dCurrent_RMS_x_dAI0_RMS,dCurrent_RMS_x_dAI1_RMS,AI0_kurtosis,AI1_kurtosis,AI0_crest_factor,AI1_crest_factor",1.0,1.0,1.0,91,0,0,2,1.0,0.8965272074565291
tabular,PCA reconstruction,10,1.0,5,group_ablation,G3,14,"AI0_RMS,AI1_RMS,AI0_AI1_RMS_diff,AI0_AI1_RMS_ratio,AI0_AI1_corr,AI0_RMS_slope,AI1_RMS_slope,Current_RMS_slope,dCurrent_RMS_x_dAI0_RMS,dCurrent_RMS_x_dAI1_RMS,AI0_kurtosis,AI1_kurtosis,AI0_crest_factor,AI1_crest_factor",1.0,0.5,0.6666666666666666,91,0,1,1,1.0,0.002546645700931549
tabular,LightGBM,10,1.0,5,group_ablation,G4,14,"AI0_RMS,AI1_RMS,AI0_AI1_RMS_diff,AI0_AI1_RMS_ratio,AI0_AI1_corr,Current_RMS,Current_RMS_to_AI0_RMS_ratio,Current_RMS_to_AI1_RMS_ratio,AI0_current_residual,AI1_current_residual,AI0_kurtosis,AI1_kurtosis,AI0_crest_factor,AI1_crest_factor",1.0,1.0,1.0,91,0,0,2,1.0,0.06755207851529121
tabular,XGBoost,10,1.0,5,group_ablation,G4,14,"AI0_RMS,AI1_RMS,AI0_AI1_RMS_diff,AI0_AI1_RMS_ratio,AI0_AI1_corr,Current_RMS,Current_RMS_to_AI0_RMS_ratio,Current_RMS_to_AI1_RMS_ratio,AI0_current_residual,AI1_current_residual,AI0_kurtosis,AI1_kurtosis,AI0_crest_factor,AI1_crest_factor",1.0,1.0,1.0,91,0,0,2,1.0,0.05531114526093006
tabular,Logistic Regression,10,1.0,5,group_ablation,G4,14,"AI0_RMS,AI1_RMS,AI0_AI1_RMS_diff,AI0_AI1_RMS_ratio,AI0_AI1_corr,Current_RMS,Current_RMS_to_AI0_RMS_ratio,Current_RMS_to_AI1_RMS_ratio,AI0_current_residual,AI1_current_residual,AI0_kurtosis,AI1_kurtosis,AI0_crest_factor,AI1_crest_factor",1.0,0.5,0.6666666666666666,91,0,1,1,1.0,0.0103953517973423
tabular,One-Class SVM,10,1.0,5,group_ablation,G4,14,"AI0_RMS,AI1_RMS,AI0_AI1_RMS_diff,AI0_AI1_RMS_ratio,AI0_AI1_corr,Current_RMS,Current_RMS_to_AI0_RMS_ratio,Current_RMS_to_AI1_RMS_ratio,AI0_current_residual,AI1_current_residual,AI0_kurtosis,AI1_kurtosis,AI0_crest_factor,AI1_crest_factor",1.0,1.0,1.0,91,0,0,2,1.0,0.033685955218970776
tabular,Mahalanobis distance,10,1.0,5,group_ablation,G4,14,"AI0_RMS,AI1_RMS,AI0_AI1_RMS_diff,AI0_AI1_RMS_ratio,AI0_AI1_corr,Current_RMS,Current_RMS_to_AI0_RMS_ratio,Current_RMS_to_AI1_RMS_ratio,AI0_current_residual,AI1_current_residual,AI0_kurtosis,AI1_kurtosis,AI0_crest_factor,AI1_crest_factor",1.0,0.5,0.6666666666666666,91,0,1,1,1.0,0.0021903403103351593
tabular,Isolation Forest,10,1.0,5,group_ablation,G4,14,"AI0_RMS,AI1_RMS,AI0_AI1_RMS_diff,AI0_AI1_RMS_ratio,AI0_AI1_corr,Current_RMS,Current_RMS_to_AI0_RMS_ratio,Current_RMS_to_AI1_RMS_ratio,AI0_current_residual,AI1_current_residual,AI0_kurtosis,AI1_kurtosis,AI0_crest_factor,AI1_crest_factor",1.0,1.0,1.0,91,0,0,2,1.0,0.8868744280189276
tabular,PCA reconstruction,10,1.0,5,group_ablation,G4,14,"AI0_RMS,AI1_RMS,AI0_AI1_RMS_diff,AI0_AI1_RMS_ratio,AI0_AI1_corr,Current_RMS,Current_RMS_to_AI0_RMS_ratio,Current_RMS_to_AI1_RMS_ratio,AI0_current_residual,AI1_current_residual,AI0_kurtosis,AI1_kurtosis,AI0_crest_factor,AI1_crest_factor",0.0,0.0,0.0,91,0,2,0,1.0,0.002528042532503605
tabular,LightGBM,10,1.0,5,group_ablation,G5,15,"AI0_RMS,AI1_RMS,AI0_AI1_RMS_diff,AI0_AI1_RMS_ratio,AI0_AI1_corr,Current_RMS,Current_RMS_to_AI0_RMS_ratio,Current_RMS_to_AI1_RMS_ratio,AI0_current_residual,AI1_current_residual,AI0_RMS_slope,AI1_RMS_slope,Current_RMS_slope,dCurrent_RMS_x_dAI0_RMS,dCurrent_RMS_x_dAI1_RMS",1.0,1.0,1.0,91,0,0,2,1.0,0.07195590250194073
tabular,XGBoost,10,1.0,5,group_ablation,G5,15,"AI0_RMS,AI1_RMS,AI0_AI1_RMS_diff,AI0_AI1_RMS_ratio,AI0_AI1_corr,Current_RMS,Current_RMS_to_AI0_RMS_ratio,Current_RMS_to_AI1_RMS_ratio,AI0_current_residual,AI1_current_residual,AI0_RMS_slope,AI1_RMS_slope,Current_RMS_slope,dCurrent_RMS_x_dAI0_RMS,dCurrent_RMS_x_dAI1_RMS",1.0,1.0,1.0,91,0,0,2,1.0,0.05829530768096447
tabular,Logistic Regression,10,1.0,5,group_ablation,G5,15,"AI0_RMS,AI1_RMS,AI0_AI1_RMS_diff,AI0_AI1_RMS_ratio,AI0_AI1_corr,Current_RMS,Current_RMS_to_AI0_RMS_ratio,Current_RMS_to_AI1_RMS_ratio,AI0_current_residual,AI1_current_residual,AI0_RMS_slope,AI1_RMS_slope,Current_RMS_slope,dCurrent_RMS_x_dAI0_RMS,dCurrent_RMS_x_dAI1_RMS",1.0,0.5,0.6666666666666666,91,0,1,1,0.8333333333333333,0.01115519367158413
tabular,One-Class SVM,10,1.0,5,group_ablation,G5,15,"AI0_RMS,AI1_RMS,AI0_AI1_RMS_diff,AI0_AI1_RMS_ratio,AI0_AI1_corr,Current_RMS,Current_RMS_to_AI0_RMS_ratio,Current_RMS_to_AI1_RMS_ratio,AI0_current_residual,AI1_current_residual,AI0_RMS_slope,AI1_RMS_slope,Current_RMS_slope,dCurrent_RMS_x_dAI0_RMS,dCurrent_RMS_x_dAI1_RMS",1.0,1.0,1.0,91,0,0,2,1.0,0.03616949822753668
tabular,Mahalanobis distance,10,1.0,5,group_ablation,G5,15,"AI0_RMS,AI1_RMS,AI0_AI1_RMS_diff,AI0_AI1_RMS_ratio,AI0_AI1_corr,Current_RMS,Current_RMS_to_AI0_RMS_ratio,Current_RMS_to_AI1_RMS_ratio,AI0_current_residual,AI1_current_residual,AI0_RMS_slope,AI1_RMS_slope,Current_RMS_slope,dCurrent_RMS_x_dAI0_RMS,dCurrent_RMS_x_dAI1_RMS",1.0,1.0,1.0,91,0,0,2,1.0,0.002538301981985569
tabular,Isolation Forest,10,1.0,5,group_ablation,G5,15,"AI0_RMS,AI1_RMS,AI0_AI1_RMS_diff,AI0_AI1_RMS_ratio,AI0_AI1_corr,Current_RMS,Current_RMS_to_AI0_RMS_ratio,Current_RMS_to_AI1_RMS_ratio,AI0_current_residual,AI1_current_residual,AI0_RMS_slope,AI1_RMS_slope,Current_RMS_slope,dCurrent_RMS_x_dAI0_RMS,dCurrent_RMS_x_dAI1_RMS",1.0,1.0,1.0,91,0,0,2,1.0,0.8936960082501173
tabular,PCA reconstruction,10,1.0,5,group_ablation,G5,15,"AI0_RMS,AI1_RMS,AI0_AI1_RMS_diff,AI0_AI1_RMS_ratio,AI0_AI1_corr,Current_RMS,Current_RMS_to_AI0_RMS_ratio,Current_RMS_to_AI1_RMS_ratio,AI0_current_residual,AI1_current_residual,AI0_RMS_slope,AI1_RMS_slope,Current_RMS_slope,dCurrent_RMS_x_dAI0_RMS,dCurrent_RMS_x_dAI1_RMS",1.0,0.5,0.6666666666666666,91,0,1,1,1.0,0.0027623306959867477
temporal,LSTM-Autoencoder,10,1.0,5,full,none,12,"AI0_Vibration,AI1_Vibration,AI2_Current,AI0_short_RMS,AI1_short_RMS,Current_short_RMS,AI0_AI1_RMS_diff,AI0_current_residual,AI1_current_residual,AI0_RMS_slope,AI1_RMS_slope,Current_RMS_slope",0.0,0.0,0.0,91,0,2,0,1.0,1.0500377751886845
temporal,1D-CNN,10,1.0,5,full,none,12,"AI0_Vibration,AI1_Vibration,AI2_Current,AI0_short_RMS,AI1_short_RMS,Current_short_RMS,AI0_AI1_RMS_diff,AI0_current_residual,AI1_current_residual,AI0_RMS_slope,AI1_RMS_slope,Current_RMS_slope",1.0,1.0,1.0,91,0,0,2,1.0,0.2942526191473007
temporal,LSTM-Autoencoder,10,1.0,5,group_ablation,T0,9,"AI0_short_RMS,AI1_short_RMS,Current_short_RMS,AI0_AI1_RMS_diff,AI0_current_residual,AI1_current_residual,AI0_RMS_slope,AI1_RMS_slope,Current_RMS_slope",0.0,0.0,0.0,91,0,2,0,1.0,1.0086388932541013
temporal,1D-CNN,10,1.0,5,group_ablation,T0,9,"AI0_short_RMS,AI1_short_RMS,Current_short_RMS,AI0_AI1_RMS_diff,AI0_current_residual,AI1_current_residual,AI0_RMS_slope,AI1_RMS_slope,Current_RMS_slope",1.0,1.0,1.0,91,0,0,2,1.0,0.2580324411392212
temporal,LSTM-Autoencoder,10,1.0,5,group_ablation,T1,9,"AI0_Vibration,AI1_Vibration,AI2_Current,AI0_AI1_RMS_diff,AI0_current_residual,AI1_current_residual,AI0_RMS_slope,AI1_RMS_slope,Current_RMS_slope",0.0,0.0,0.0,91,0,2,0,1.0,1.003197718411684
temporal,1D-CNN,10,1.0,5,group_ablation,T1,9,"AI0_Vibration,AI1_Vibration,AI2_Current,AI0_AI1_RMS_diff,AI0_current_residual,AI1_current_residual,AI0_RMS_slope,AI1_RMS_slope,Current_RMS_slope",1.0,1.0,1.0,91,0,0,2,1.0,0.5079900454729795
temporal,LSTM-Autoencoder,10,1.0,5,group_ablation,T2,9,"AI0_Vibration,AI1_Vibration,AI2_Current,AI0_short_RMS,AI1_short_RMS,Current_short_RMS,AI0_RMS_slope,AI1_RMS_slope,Current_RMS_slope",1.0,0.5,0.6666666666666666,91,0,1,1,1.0,1.1563990721479058
temporal,1D-CNN,10,1.0,5,group_ablation,T2,9,"AI0_Vibration,AI1_Vibration,AI2_Current,AI0_short_RMS,AI1_short_RMS,Current_short_RMS,AI0_RMS_slope,AI1_RMS_slope,Current_RMS_slope",1.0,1.0,1.0,91,0,0,2,1.0,0.3838057005777955
temporal,LSTM-Autoencoder,10,1.0,5,group_ablation,T3,9,"AI0_Vibration,AI1_Vibration,AI2_Current,AI0_short_RMS,AI1_short_RMS,Current_short_RMS,AI0_AI1_RMS_diff,AI0_current_residual,AI1_current_residual",0.0,0.0,0.0,91,0,2,0,1.0,1.0036311456933618
temporal,1D-CNN,10,1.0,5,group_ablation,T3,9,"AI0_Vibration,AI1_Vibration,AI2_Current,AI0_short_RMS,AI1_short_RMS,Current_short_RMS,AI0_AI1_RMS_diff,AI0_current_residual,AI1_current_residual",1.0,1.0,1.0,91,0,0,2,1.0,0.34853365551680326
tabular,LightGBM,15,1.5,5,full,none,19,"AI0_RMS,AI1_RMS,AI0_AI1_RMS_diff,AI0_AI1_RMS_ratio,AI0_AI1_corr,Current_RMS,Current_RMS_to_AI0_RMS_ratio,Current_RMS_to_AI1_RMS_ratio,AI0_current_residual,AI1_current_residual,AI0_RMS_slope,AI1_RMS_slope,Current_RMS_slope,dCurrent_RMS_x_dAI0_RMS,dCurrent_RMS_x_dAI1_RMS,AI0_kurtosis,AI1_kurtosis,AI0_crest_factor,AI1_crest_factor",1.0,0.5,0.6666666666666666,91,0,1,1,1.0,0.05018132273107767
tabular,XGBoost,15,1.5,5,full,none,19,"AI0_RMS,AI1_RMS,AI0_AI1_RMS_diff,AI0_AI1_RMS_ratio,AI0_AI1_corr,Current_RMS,Current_RMS_to_AI0_RMS_ratio,Current_RMS_to_AI1_RMS_ratio,AI0_current_residual,AI1_current_residual,AI0_RMS_slope,AI1_RMS_slope,Current_RMS_slope,dCurrent_RMS_x_dAI0_RMS,dCurrent_RMS_x_dAI1_RMS,AI0_kurtosis,AI1_kurtosis,AI0_crest_factor,AI1_crest_factor",1.0,1.0,1.0,91,0,0,2,1.0,0.05059546418488026
tabular,Logistic Regression,15,1.5,5,full,none,19,"AI0_RMS,AI1_RMS,AI0_AI1_RMS_diff,AI0_AI1_RMS_ratio,AI0_AI1_corr,Current_RMS,Current_RMS_to_AI0_RMS_ratio,Current_RMS_to_AI1_RMS_ratio,AI0_current_residual,AI1_current_residual,AI0_RMS_slope,AI1_RMS_slope,Current_RMS_slope,dCurrent_RMS_x_dAI0_RMS,dCurrent_RMS_x_dAI1_RMS,AI0_kurtosis,AI1_kurtosis,AI0_crest_factor,AI1_crest_factor",1.0,0.5,0.6666666666666666,91,0,1,1,1.0,0.018151606433093548
tabular,One-Class SVM,15,1.5,5,full,none,19,"AI0_RMS,AI1_RMS,AI0_AI1_RMS_diff,AI0_AI1_RMS_ratio,AI0_AI1_corr,Current_RMS,Current_RMS_to_AI0_RMS_ratio,Current_RMS_to_AI1_RMS_ratio,AI0_current_residual,AI1_current_residual,AI0_RMS_slope,AI1_RMS_slope,Current_RMS_slope,dCurrent_RMS_x_dAI0_RMS,dCurrent_RMS_x_dAI1_RMS,AI0_kurtosis,AI1_kurtosis,AI0_crest_factor,AI1_crest_factor",1.0,1.0,1.0,91,0,0,2,1.0,0.027612315490841866
tabular,Mahalanobis distance,15,1.5,5,full,none,19,"AI0_RMS,AI1_RMS,AI0_AI1_RMS_diff,AI0_AI1_RMS_ratio,AI0_AI1_corr,Current_RMS,Current_RMS_to_AI0_RMS_ratio,Current_RMS_to_AI1_RMS_ratio,AI0_current_residual,AI1_current_residual,AI0_RMS_slope,AI1_RMS_slope,Current_RMS_slope,dCurrent_RMS_x_dAI0_RMS,dCurrent_RMS_x_dAI1_RMS,AI0_kurtosis,AI1_kurtosis,AI0_crest_factor,AI1_crest_factor",1.0,1.0,1.0,91,0,0,2,1.0,0.00282290019094944
tabular,Isolation Forest,15,1.5,5,full,none,19,"AI0_RMS,AI1_RMS,AI0_AI1_RMS_diff,AI0_AI1_RMS_ratio,AI0_AI1_corr,Current_RMS,Current_RMS_to_AI0_RMS_ratio,Current_RMS_to_AI1_RMS_ratio,AI0_current_residual,AI1_current_residual,AI0_RMS_slope,AI1_RMS_slope,Current_RMS_slope,dCurrent_RMS_x_dAI0_RMS,dCurrent_RMS_x_dAI1_RMS,AI0_kurtosis,AI1_kurtosis,AI0_crest_factor,AI1_crest_factor",1.0,1.0,1.0,91,0,0,2,1.0,0.8553135013207793
tabular,PCA reconstruction,15,1.5,5,full,none,19,"AI0_RMS,AI1_RMS,AI0_AI1_RMS_diff,AI0_AI1_RMS_ratio,AI0_AI1_corr,Current_RMS,Current_RMS_to_AI0_RMS_ratio,Current_RMS_to_AI1_RMS_ratio,AI0_current_residual,AI1_current_residual,AI0_RMS_slope,AI1_RMS_slope,Current_RMS_slope,dCurrent_RMS_x_dAI0_RMS,dCurrent_RMS_x_dAI1_RMS,AI0_kurtosis,AI1_kurtosis,AI0_crest_factor,AI1_crest_factor",1.0,0.5,0.6666666666666666,91,0,1,1,1.0,0.0026195431128144264
tabular,LightGBM,15,1.5,5,group_ablation,G1,17,"AI0_AI1_RMS_diff,AI0_AI1_RMS_ratio,AI0_AI1_corr,Current_RMS,Current_RMS_to_AI0_RMS_ratio,Current_RMS_to_AI1_RMS_ratio,AI0_current_residual,AI1_current_residual,AI0_RMS_slope,AI1_RMS_slope,Current_RMS_slope,dCurrent_RMS_x_dAI0_RMS,dCurrent_RMS_x_dAI1_RMS,AI0_kurtosis,AI1_kurtosis,AI0_crest_factor,AI1_crest_factor",1.0,1.0,1.0,91,0,0,2,1.0,0.053736770525574684
tabular,XGBoost,15,1.5,5,group_ablation,G1,17,"AI0_AI1_RMS_diff,AI0_AI1_RMS_ratio,AI0_AI1_corr,Current_RMS,Current_RMS_to_AI0_RMS_ratio,Current_RMS_to_AI1_RMS_ratio,AI0_current_residual,AI1_current_residual,AI0_RMS_slope,AI1_RMS_slope,Current_RMS_slope,dCurrent_RMS_x_dAI0_RMS,dCurrent_RMS_x_dAI1_RMS,AI0_kurtosis,AI1_kurtosis,AI0_crest_factor,AI1_crest_factor",1.0,1.0,1.0,91,0,0,2,1.0,0.05017186142504215
tabular,Logistic Regression,15,1.5,5,group_ablation,G1,17,"AI0_AI1_RMS_diff,AI0_AI1_RMS_ratio,AI0_AI1_corr,Current_RMS,Current_RMS_to_AI0_RMS_ratio,Current_RMS_to_AI1_RMS_ratio,AI0_current_residual,AI1_current_residual,AI0_RMS_slope,AI1_RMS_slope,Current_RMS_slope,dCurrent_RMS_x_dAI0_RMS,dCurrent_RMS_x_dAI1_RMS,AI0_kurtosis,AI1_kurtosis,AI0_crest_factor,AI1_crest_factor",1.0,1.0,1.0,91,0,0,2,1.0,0.014582524076104164
tabular,One-Class SVM,15,1.5,5,group_ablation,G1,17,"AI0_AI1_RMS_diff,AI0_AI1_RMS_ratio,AI0_AI1_corr,Current_RMS,Current_RMS_to_AI0_RMS_ratio,Current_RMS_to_AI1_RMS_ratio,AI0_current_residual,AI1_current_residual,AI0_RMS_slope,AI1_RMS_slope,Current_RMS_slope,dCurrent_RMS_x_dAI0_RMS,dCurrent_RMS_x_dAI1_RMS,AI0_kurtosis,AI1_kurtosis,AI0_crest_factor,AI1_crest_factor",1.0,1.0,1.0,91,0,0,2,1.0,0.017611266113817692
tabular,Mahalanobis distance,15,1.5,5,group_ablation,G1,17,"AI0_AI1_RMS_diff,AI0_AI1_RMS_ratio,AI0_AI1_corr,Current_RMS,Current_RMS_to_AI0_RMS_ratio,Current_RMS_to_AI1_RMS_ratio,AI0_current_residual,AI1_current_residual,AI0_RMS_slope,AI1_RMS_slope,Current_RMS_slope,dCurrent_RMS_x_dAI0_RMS,dCurrent_RMS_x_dAI1_RMS,AI0_kurtosis,AI1_kurtosis,AI0_crest_factor,AI1_crest_factor",1.0,1.0,1.0,91,0,0,2,1.0,0.002023475244641304
tabular,Isolation Forest,15,1.5,5,group_ablation,G1,17,"AI0_AI1_RMS_diff,AI0_AI1_RMS_ratio,AI0_AI1_corr,Current_RMS,Current_RMS_to_AI0_RMS_ratio,Current_RMS_to_AI1_RMS_ratio,AI0_current_residual,AI1_current_residual,AI0_RMS_slope,AI1_RMS_slope,Current_RMS_slope,dCurrent_RMS_x_dAI0_RMS,dCurrent_RMS_x_dAI1_RMS,AI0_kurtosis,AI1_kurtosis,AI0_crest_factor,AI1_crest_factor",1.0,1.0,1.0,91,0,0,2,1.0,0.8669314002618194
tabular,PCA reconstruction,15,1.5,5,group_ablation,G1,17,"AI0_AI1_RMS_diff,AI0_AI1_RMS_ratio,AI0_AI1_corr,Current_RMS,Current_RMS_to_AI0_RMS_ratio,Current_RMS_to_AI1_RMS_ratio,AI0_current_residual,AI1_current_residual,AI0_RMS_slope,AI1_RMS_slope,Current_RMS_slope,dCurrent_RMS_x_dAI0_RMS,dCurrent_RMS_x_dAI1_RMS,AI0_kurtosis,AI1_kurtosis,AI0_crest_factor,AI1_crest_factor",1.0,0.5,0.6666666666666666,91,0,1,1,1.0,0.002657596953213215
tabular,LightGBM,15,1.5,5,group_ablation,G2,16,"AI0_RMS,AI1_RMS,Current_RMS,Current_RMS_to_AI0_RMS_ratio,Current_RMS_to_AI1_RMS_ratio,AI0_current_residual,AI1_current_residual,AI0_RMS_slope,AI1_RMS_slope,Current_RMS_slope,dCurrent_RMS_x_dAI0_RMS,dCurrent_RMS_x_dAI1_RMS,AI0_kurtosis,AI1_kurtosis,AI0_crest_factor,AI1_crest_factor",1.0,0.5,0.6666666666666666,91,0,1,1,1.0,0.05065545812249184
tabular,XGBoost,15,1.5,5,group_ablation,G2,16,"AI0_RMS,AI1_RMS,Current_RMS,Current_RMS_to_AI0_RMS_ratio,Current_RMS_to_AI1_RMS_ratio,AI0_current_residual,AI1_current_residual,AI0_RMS_slope,AI1_RMS_slope,Current_RMS_slope,dCurrent_RMS_x_dAI0_RMS,dCurrent_RMS_x_dAI1_RMS,AI0_kurtosis,AI1_kurtosis,AI0_crest_factor,AI1_crest_factor",1.0,0.5,0.6666666666666666,91,0,1,1,1.0,0.048213206231594086
tabular,Logistic Regression,15,1.5,5,group_ablation,G2,16,"AI0_RMS,AI1_RMS,Current_RMS,Current_RMS_to_AI0_RMS_ratio,Current_RMS_to_AI1_RMS_ratio,AI0_current_residual,AI1_current_residual,AI0_RMS_slope,AI1_RMS_slope,Current_RMS_slope,dCurrent_RMS_x_dAI0_RMS,dCurrent_RMS_x_dAI1_RMS,AI0_kurtosis,AI1_kurtosis,AI0_crest_factor,AI1_crest_factor",1.0,0.5,0.6666666666666666,91,0,1,1,1.0,0.018327869474887848
tabular,One-Class SVM,15,1.5,5,group_ablation,G2,16,"AI0_RMS,AI1_RMS,Current_RMS,Current_RMS_to_AI0_RMS_ratio,Current_RMS_to_AI1_RMS_ratio,AI0_current_residual,AI1_current_residual,AI0_RMS_slope,AI1_RMS_slope,Current_RMS_slope,dCurrent_RMS_x_dAI0_RMS,dCurrent_RMS_x_dAI1_RMS,AI0_kurtosis,AI1_kurtosis,AI0_crest_factor,AI1_crest_factor",1.0,1.0,1.0,91,0,0,2,1.0,0.02761514950543642
tabular,Mahalanobis distance,15,1.5,5,group_ablation,G2,16,"AI0_RMS,AI1_RMS,Current_RMS,Current_RMS_to_AI0_RMS_ratio,Current_RMS_to_AI1_RMS_ratio,AI0_current_residual,AI1_current_residual,AI0_RMS_slope,AI1_RMS_slope,Current_RMS_slope,dCurrent_RMS_x_dAI0_RMS,dCurrent_RMS_x_dAI1_RMS,AI0_kurtosis,AI1_kurtosis,AI0_crest_factor,AI1_crest_factor",1.0,1.0,1.0,91,0,0,2,1.0,0.00244976207613945
tabular,Isolation Forest,15,1.5,5,group_ablation,G2,16,"AI0_RMS,AI1_RMS,Current_RMS,Current_RMS_to_AI0_RMS_ratio,Current_RMS_to_AI1_RMS_ratio,AI0_current_residual,AI1_current_residual,AI0_RMS_slope,AI1_RMS_slope,Current_RMS_slope,dCurrent_RMS_x_dAI0_RMS,dCurrent_RMS_x_dAI1_RMS,AI0_kurtosis,AI1_kurtosis,AI0_crest_factor,AI1_crest_factor",1.0,1.0,1.0,91,0,0,2,1.0,0.8381061088293791
tabular,PCA reconstruction,15,1.5,5,group_ablation,G2,16,"AI0_RMS,AI1_RMS,Current_RMS,Current_RMS_to_AI0_RMS_ratio,Current_RMS_to_AI1_RMS_ratio,AI0_current_residual,AI1_current_residual,AI0_RMS_slope,AI1_RMS_slope,Current_RMS_slope,dCurrent_RMS_x_dAI0_RMS,dCurrent_RMS_x_dAI1_RMS,AI0_kurtosis,AI1_kurtosis,AI0_crest_factor,AI1_crest_factor",1.0,0.5,0.6666666666666666,91,0,1,1,1.0,0.00253484770655632
tabular,LightGBM,15,1.5,5,group_ablation,G3,14,"AI0_RMS,AI1_RMS,AI0_AI1_RMS_diff,AI0_AI1_RMS_ratio,AI0_AI1_corr,AI0_RMS_slope,AI1_RMS_slope,Current_RMS_slope,dCurrent_RMS_x_dAI0_RMS,dCurrent_RMS_x_dAI1_RMS,AI0_kurtosis,AI1_kurtosis,AI0_crest_factor,AI1_crest_factor",1.0,0.5,0.6666666666666666,91,0,1,1,1.0,0.057222893461585045
tabular,XGBoost,15,1.5,5,group_ablation,G3,14,"AI0_RMS,AI1_RMS,AI0_AI1_RMS_diff,AI0_AI1_RMS_ratio,AI0_AI1_corr,AI0_RMS_slope,AI1_RMS_slope,Current_RMS_slope,dCurrent_RMS_x_dAI0_RMS,dCurrent_RMS_x_dAI1_RMS,AI0_kurtosis,AI1_kurtosis,AI0_crest_factor,AI1_crest_factor",1.0,0.5,0.6666666666666666,91,0,1,1,1.0,0.048293523490428925
tabular,Logistic Regression,15,1.5,5,group_ablation,G3,14,"AI0_RMS,AI1_RMS,AI0_AI1_RMS_diff,AI0_AI1_RMS_ratio,AI0_AI1_corr,AI0_RMS_slope,AI1_RMS_slope,Current_RMS_slope,dCurrent_RMS_x_dAI0_RMS,dCurrent_RMS_x_dAI1_RMS,AI0_kurtosis,AI1_kurtosis,AI0_crest_factor,AI1_crest_factor",1.0,0.5,0.6666666666666666,91,0,1,1,1.0,0.03748423885554075
tabular,One-Class SVM,15,1.5,5,group_ablation,G3,14,"AI0_RMS,AI1_RMS,AI0_AI1_RMS_diff,AI0_AI1_RMS_ratio,AI0_AI1_corr,AI0_RMS_slope,AI1_RMS_slope,Current_RMS_slope,dCurrent_RMS_x_dAI0_RMS,dCurrent_RMS_x_dAI1_RMS,AI0_kurtosis,AI1_kurtosis,AI0_crest_factor,AI1_crest_factor",1.0,0.5,0.6666666666666666,91,0,1,1,1.0,0.01830846443772316
tabular,Mahalanobis distance,15,1.5,5,group_ablation,G3,14,"AI0_RMS,AI1_RMS,AI0_AI1_RMS_diff,AI0_AI1_RMS_ratio,AI0_AI1_corr,AI0_RMS_slope,AI1_RMS_slope,Current_RMS_slope,dCurrent_RMS_x_dAI0_RMS,dCurrent_RMS_x_dAI1_RMS,AI0_kurtosis,AI1_kurtosis,AI0_crest_factor,AI1_crest_factor",1.0,1.0,1.0,91,0,0,2,1.0,0.0019477708265185356
tabular,Isolation Forest,15,1.5,5,group_ablation,G3,14,"AI0_RMS,AI1_RMS,AI0_AI1_RMS_diff,AI0_AI1_RMS_ratio,AI0_AI1_corr,AI0_RMS_slope,AI1_RMS_slope,Current_RMS_slope,dCurrent_RMS_x_dAI0_RMS,dCurrent_RMS_x_dAI1_RMS,AI0_kurtosis,AI1_kurtosis,AI0_crest_factor,AI1_crest_factor",1.0,0.5,0.6666666666666666,91,0,1,1,1.0,0.8666994655504823
tabular,PCA reconstruction,15,1.5,5,group_ablation,G3,14,"AI0_RMS,AI1_RMS,AI0_AI1_RMS_diff,AI0_AI1_RMS_ratio,AI0_AI1_corr,AI0_RMS_slope,AI1_RMS_slope,Current_RMS_slope,dCurrent_RMS_x_dAI0_RMS,dCurrent_RMS_x_dAI1_RMS,AI0_kurtosis,AI1_kurtosis,AI0_crest_factor,AI1_crest_factor",1.0,1.0,1.0,91,0,0,2,1.0,0.0022559883072972298
tabular,LightGBM,15,1.5,5,group_ablation,G4,14,"AI0_RMS,AI1_RMS,AI0_AI1_RMS_diff,AI0_AI1_RMS_ratio,AI0_AI1_corr,Current_RMS,Current_RMS_to_AI0_RMS_ratio,Current_RMS_to_AI1_RMS_ratio,AI0_current_residual,AI1_current_residual,AI0_kurtosis,AI1_kurtosis,AI0_crest_factor,AI1_crest_factor",1.0,1.0,1.0,91,0,0,2,1.0,0.050713215954601765
tabular,XGBoost,15,1.5,5,group_ablation,G4,14,"AI0_RMS,AI1_RMS,AI0_AI1_RMS_diff,AI0_AI1_RMS_ratio,AI0_AI1_corr,Current_RMS,Current_RMS_to_AI0_RMS_ratio,Current_RMS_to_AI1_RMS_ratio,AI0_current_residual,AI1_current_residual,AI0_kurtosis,AI1_kurtosis,AI0_crest_factor,AI1_crest_factor",1.0,1.0,1.0,91,0,0,2,1.0,0.04663677979260683
tabular,Logistic Regression,15,1.5,5,group_ablation,G4,14,"AI0_RMS,AI1_RMS,AI0_AI1_RMS_diff,AI0_AI1_RMS_ratio,AI0_AI1_corr,Current_RMS,Current_RMS_to_AI0_RMS_ratio,Current_RMS_to_AI1_RMS_ratio,AI0_current_residual,AI1_current_residual,AI0_kurtosis,AI1_kurtosis,AI0_crest_factor,AI1_crest_factor",1.0,0.5,0.6666666666666666,91,0,1,1,1.0,0.008199500851333141
tabular,One-Class SVM,15,1.5,5,group_ablation,G4,14,"AI0_RMS,AI1_RMS,AI0_AI1_RMS_diff,AI0_AI1_RMS_ratio,AI0_AI1_corr,Current_RMS,Current_RMS_to_AI0_RMS_ratio,Current_RMS_to_AI1_RMS_ratio,AI0_current_residual,AI1_current_residual,AI0_kurtosis,AI1_kurtosis,AI0_crest_factor,AI1_crest_factor",1.0,1.0,1.0,91,0,0,2,1.0,0.02415013313293457
tabular,Mahalanobis distance,15,1.5,5,group_ablation,G4,14,"AI0_RMS,AI1_RMS,AI0_AI1_RMS_diff,AI0_AI1_RMS_ratio,AI0_AI1_corr,Current_RMS,Current_RMS_to_AI0_RMS_ratio,Current_RMS_to_AI1_RMS_ratio,AI0_current_residual,AI1_current_residual,AI0_kurtosis,AI1_kurtosis,AI0_crest_factor,AI1_crest_factor",0.0,0.0,0.0,91,0,2,0,1.0,0.002508312463760376
tabular,Isolation Forest,15,1.5,5,group_ablation,G4,14,"AI0_RMS,AI1_RMS,AI0_AI1_RMS_diff,AI0_AI1_RMS_ratio,AI0_AI1_corr,Current_RMS,Current_RMS_to_AI0_RMS_ratio,Current_RMS_to_AI1_RMS_ratio,AI0_current_residual,AI1_current_residual,AI0_kurtosis,AI1_kurtosis,AI0_crest_factor,AI1_crest_factor",1.0,1.0,1.0,91,0,0,2,1.0,0.8610922442749143
tabular,PCA reconstruction,15,1.5,5,group_ablation,G4,14,"AI0_RMS,AI1_RMS,AI0_AI1_RMS_diff,AI0_AI1_RMS_ratio,AI0_AI1_corr,Current_RMS,Current_RMS_to_AI0_RMS_ratio,Current_RMS_to_AI1_RMS_ratio,AI0_current_residual,AI1_current_residual,AI0_kurtosis,AI1_kurtosis,AI0_crest_factor,AI1_crest_factor",0.0,0.0,0.0,91,0,2,0,1.0,0.0022704647853970528
tabular,LightGBM,15,1.5,5,group_ablation,G5,15,"AI0_RMS,AI1_RMS,AI0_AI1_RMS_diff,AI0_AI1_RMS_ratio,AI0_AI1_corr,Current_RMS,Current_RMS_to_AI0_RMS_ratio,Current_RMS_to_AI1_RMS_ratio,AI0_current_residual,AI1_current_residual,AI0_RMS_slope,AI1_RMS_slope,Current_RMS_slope,dCurrent_RMS_x_dAI0_RMS,dCurrent_RMS_x_dAI1_RMS",1.0,0.5,0.6666666666666666,91,0,1,1,1.0,0.05987335927784443
tabular,XGBoost,15,1.5,5,group_ablation,G5,15,"AI0_RMS,AI1_RMS,AI0_AI1_RMS_diff,AI0_AI1_RMS_ratio,AI0_AI1_corr,Current_RMS,Current_RMS_to_AI0_RMS_ratio,Current_RMS_to_AI1_RMS_ratio,AI0_current_residual,AI1_current_residual,AI0_RMS_slope,AI1_RMS_slope,Current_RMS_slope,dCurrent_RMS_x_dAI0_RMS,dCurrent_RMS_x_dAI1_RMS",1.0,1.0,1.0,91,0,0,2,1.0,0.048564531840384007
tabular,Logistic Regression,15,1.5,5,group_ablation,G5,15,"AI0_RMS,AI1_RMS,AI0_AI1_RMS_diff,AI0_AI1_RMS_ratio,AI0_AI1_corr,Current_RMS,Current_RMS_to_AI0_RMS_ratio,Current_RMS_to_AI1_RMS_ratio,AI0_current_residual,AI1_current_residual,AI0_RMS_slope,AI1_RMS_slope,Current_RMS_slope,dCurrent_RMS_x_dAI0_RMS,dCurrent_RMS_x_dAI1_RMS",0.0,0.0,0.0,91,0,2,0,0.8333333333333333,0.02688944898545742
tabular,One-Class SVM,15,1.5,5,group_ablation,G5,15,"AI0_RMS,AI1_RMS,AI0_AI1_RMS_diff,AI0_AI1_RMS_ratio,AI0_AI1_corr,Current_RMS,Current_RMS_to_AI0_RMS_ratio,Current_RMS_to_AI1_RMS_ratio,AI0_current_residual,AI1_current_residual,AI0_RMS_slope,AI1_RMS_slope,Current_RMS_slope,dCurrent_RMS_x_dAI0_RMS,dCurrent_RMS_x_dAI1_RMS",1.0,0.5,0.6666666666666666,91,0,1,1,1.0,0.018840763717889786
tabular,Mahalanobis distance,15,1.5,5,group_ablation,G5,15,"AI0_RMS,AI1_RMS,AI0_AI1_RMS_diff,AI0_AI1_RMS_ratio,AI0_AI1_corr,Current_RMS,Current_RMS_to_AI0_RMS_ratio,Current_RMS_to_AI1_RMS_ratio,AI0_current_residual,AI1_current_residual,AI0_RMS_slope,AI1_RMS_slope,Current_RMS_slope,dCurrent_RMS_x_dAI0_RMS,dCurrent_RMS_x_dAI1_RMS",1.0,1.0,1.0,91,0,0,2,1.0,0.002049052156507969
tabular,Isolation Forest,15,1.5,5,group_ablation,G5,15,"AI0_RMS,AI1_RMS,AI0_AI1_RMS_diff,AI0_AI1_RMS_ratio,AI0_AI1_corr,Current_RMS,Current_RMS_to_AI0_RMS_ratio,Current_RMS_to_AI1_RMS_ratio,AI0_current_residual,AI1_current_residual,AI0_RMS_slope,AI1_RMS_slope,Current_RMS_slope,dCurrent_RMS_x_dAI0_RMS,dCurrent_RMS_x_dAI1_RMS",1.0,1.0,1.0,91,0,0,2,1.0,0.8596828384324908
tabular,PCA reconstruction,15,1.5,5,group_ablation,G5,15,"AI0_RMS,AI1_RMS,AI0_AI1_RMS_diff,AI0_AI1_RMS_ratio,AI0_AI1_corr,Current_RMS,Current_RMS_to_AI0_RMS_ratio,Current_RMS_to_AI1_RMS_ratio,AI0_current_residual,AI1_current_residual,AI0_RMS_slope,AI1_RMS_slope,Current_RMS_slope,dCurrent_RMS_x_dAI0_RMS,dCurrent_RMS_x_dAI1_RMS",1.0,0.5,0.6666666666666666,91,0,1,1,1.0,0.0022798264399170876
temporal,LSTM-Autoencoder,15,1.5,5,full,none,12,"AI0_Vibration,AI1_Vibration,AI2_Current,AI0_short_RMS,AI1_short_RMS,Current_short_RMS,AI0_AI1_RMS_diff,AI0_current_residual,AI1_current_residual,AI0_RMS_slope,AI1_RMS_slope,Current_RMS_slope",1.0,0.5,0.6666666666666666,91,0,1,1,1.0,0.8563893884420395
temporal,1D-CNN,15,1.5,5,full,none,12,"AI0_Vibration,AI1_Vibration,AI2_Current,AI0_short_RMS,AI1_short_RMS,Current_short_RMS,AI0_AI1_RMS_diff,AI0_current_residual,AI1_current_residual,AI0_RMS_slope,AI1_RMS_slope,Current_RMS_slope",1.0,1.0,1.0,91,0,0,2,1.0,0.22652117535471916
temporal,LSTM-Autoencoder,15,1.5,5,group_ablation,T0,9,"AI0_short_RMS,AI1_short_RMS,Current_short_RMS,AI0_AI1_RMS_diff,AI0_current_residual,AI1_current_residual,AI0_RMS_slope,AI1_RMS_slope,Current_RMS_slope",1.0,0.5,0.6666666666666666,91,0,1,1,1.0,0.8337388662621379
temporal,1D-CNN,15,1.5,5,group_ablation,T0,9,"AI0_short_RMS,AI1_short_RMS,Current_short_RMS,AI0_AI1_RMS_diff,AI0_current_residual,AI1_current_residual,AI0_RMS_slope,AI1_RMS_slope,Current_RMS_slope",1.0,1.0,1.0,91,0,0,2,1.0,0.28991379402577877
temporal,LSTM-Autoencoder,15,1.5,5,group_ablation,T1,9,"AI0_Vibration,AI1_Vibration,AI2_Current,AI0_AI1_RMS_diff,AI0_current_residual,AI1_current_residual,AI0_RMS_slope,AI1_RMS_slope,Current_RMS_slope",0.0,0.0,0.0,91,0,2,0,1.0,0.8291945196688175
temporal,1D-CNN,15,1.5,5,group_ablation,T1,9,"AI0_Vibration,AI1_Vibration,AI2_Current,AI0_AI1_RMS_diff,AI0_current_residual,AI1_current_residual,AI0_RMS_slope,AI1_RMS_slope,Current_RMS_slope",1.0,1.0,1.0,91,0,0,2,1.0,0.44441328197717667
temporal,LSTM-Autoencoder,15,1.5,5,group_ablation,T2,9,"AI0_Vibration,AI1_Vibration,AI2_Current,AI0_short_RMS,AI1_short_RMS,Current_short_RMS,AI0_RMS_slope,AI1_RMS_slope,Current_RMS_slope",1.0,0.5,0.6666666666666666,91,0,1,1,1.0,0.8321463214233518
temporal,1D-CNN,15,1.5,5,group_ablation,T2,9,"AI0_Vibration,AI1_Vibration,AI2_Current,AI0_short_RMS,AI1_short_RMS,Current_short_RMS,AI0_RMS_slope,AI1_RMS_slope,Current_RMS_slope",1.0,1.0,1.0,91,0,0,2,1.0,0.4435420436784625
temporal,LSTM-Autoencoder,15,1.5,5,group_ablation,T3,9,"AI0_Vibration,AI1_Vibration,AI2_Current,AI0_short_RMS,AI1_short_RMS,Current_short_RMS,AI0_AI1_RMS_diff,AI0_current_residual,AI1_current_residual",1.0,0.5,0.6666666666666666,91,0,1,1,1.0,0.8294595954939723
temporal,1D-CNN,15,1.5,5,group_ablation,T3,9,"AI0_Vibration,AI1_Vibration,AI2_Current,AI0_short_RMS,AI1_short_RMS,Current_short_RMS,AI0_AI1_RMS_diff,AI0_current_residual,AI1_current_residual",1.0,1.0,1.0,91,0,0,2,1.0,0.24588839523494244
tabular,LightGBM,20,2.0,5,full,none,19,"AI0_RMS,AI1_RMS,AI0_AI1_RMS_diff,AI0_AI1_RMS_ratio,AI0_AI1_corr,Current_RMS,Current_RMS_to_AI0_RMS_ratio,Current_RMS_to_AI1_RMS_ratio,AI0_current_residual,AI1_current_residual,AI0_RMS_slope,AI1_RMS_slope,Current_RMS_slope,dCurrent_RMS_x_dAI0_RMS,dCurrent_RMS_x_dAI1_RMS,AI0_kurtosis,AI1_kurtosis,AI0_crest_factor,AI1_crest_factor",1.0,1.0,1.0,91,0,0,2,1.0,0.04426496755331755
tabular,XGBoost,20,2.0,5,full,none,19,"AI0_RMS,AI1_RMS,AI0_AI1_RMS_diff,AI0_AI1_RMS_ratio,AI0_AI1_corr,Current_RMS,Current_RMS_to_AI0_RMS_ratio,Current_RMS_to_AI1_RMS_ratio,AI0_current_residual,AI1_current_residual,AI0_RMS_slope,AI1_RMS_slope,Current_RMS_slope,dCurrent_RMS_x_dAI0_RMS,dCurrent_RMS_x_dAI1_RMS,AI0_kurtosis,AI1_kurtosis,AI0_crest_factor,AI1_crest_factor",1.0,1.0,1.0,91,0,0,2,1.0,0.046189471147954464
tabular,Logistic Regression,20,2.0,5,full,none,19,"AI0_RMS,AI1_RMS,AI0_AI1_RMS_diff,AI0_AI1_RMS_ratio,AI0_AI1_corr,Current_RMS,Current_RMS_to_AI0_RMS_ratio,Current_RMS_to_AI1_RMS_ratio,AI0_current_residual,AI1_current_residual,AI0_RMS_slope,AI1_RMS_slope,Current_RMS_slope,dCurrent_RMS_x_dAI0_RMS,dCurrent_RMS_x_dAI1_RMS,AI0_kurtosis,AI1_kurtosis,AI0_crest_factor,AI1_crest_factor",1.0,0.5,0.6666666666666666,91,0,1,1,1.0,0.011000416241586208
tabular,One-Class SVM,20,2.0,5,full,none,19,"AI0_RMS,AI1_RMS,AI0_AI1_RMS_diff,AI0_AI1_RMS_ratio,AI0_AI1_corr,Current_RMS,Current_RMS_to_AI0_RMS_ratio,Current_RMS_to_AI1_RMS_ratio,AI0_current_residual,AI1_current_residual,AI0_RMS_slope,AI1_RMS_slope,Current_RMS_slope,dCurrent_RMS_x_dAI0_RMS,dCurrent_RMS_x_dAI1_RMS,AI0_kurtosis,AI1_kurtosis,AI0_crest_factor,AI1_crest_factor",1.0,0.5,0.6666666666666666,91,0,1,1,1.0,0.015360154211521149
tabular,Mahalanobis distance,20,2.0,5,full,none,19,"AI0_RMS,AI1_RMS,AI0_AI1_RMS_diff,AI0_AI1_RMS_ratio,AI0_AI1_corr,Current_RMS,Current_RMS_to_AI0_RMS_ratio,Current_RMS_to_AI1_RMS_ratio,AI0_current_residual,AI1_current_residual,AI0_RMS_slope,AI1_RMS_slope,Current_RMS_slope,dCurrent_RMS_x_dAI0_RMS,dCurrent_RMS_x_dAI1_RMS,AI0_kurtosis,AI1_kurtosis,AI0_crest_factor,AI1_crest_factor",1.0,1.0,1.0,91,0,0,2,1.0,0.0024247299879789352
tabular,Isolation Forest,20,2.0,5,full,none,19,"AI0_RMS,AI1_RMS,AI0_AI1_RMS_diff,AI0_AI1_RMS_ratio,AI0_AI1_corr,Current_RMS,Current_RMS_to_AI0_RMS_ratio,Current_RMS_to_AI1_RMS_ratio,AI0_current_residual,AI1_current_residual,AI0_RMS_slope,AI1_RMS_slope,Current_RMS_slope,dCurrent_RMS_x_dAI0_RMS,dCurrent_RMS_x_dAI1_RMS,AI0_kurtosis,AI1_kurtosis,AI0_crest_factor,AI1_crest_factor",1.0,1.0,1.0,91,0,0,2,1.0,0.8408022718504071
tabular,PCA reconstruction,20,2.0,5,full,none,19,"AI0_RMS,AI1_RMS,AI0_AI1_RMS_diff,AI0_AI1_RMS_ratio,AI0_AI1_corr,Current_RMS,Current_RMS_to_AI0_RMS_ratio,Current_RMS_to_AI1_RMS_ratio,AI0_current_residual,AI1_current_residual,AI0_RMS_slope,AI1_RMS_slope,Current_RMS_slope,dCurrent_RMS_x_dAI0_RMS,dCurrent_RMS_x_dAI1_RMS,AI0_kurtosis,AI1_kurtosis,AI0_crest_factor,AI1_crest_factor",0.0,0.0,0.0,91,0,2,0,1.0,0.002425604499876499
tabular,LightGBM,20,2.0,5,group_ablation,G1,17,"AI0_AI1_RMS_diff,AI0_AI1_RMS_ratio,AI0_AI1_corr,Current_RMS,Current_RMS_to_AI0_RMS_ratio,Current_RMS_to_AI1_RMS_ratio,AI0_current_residual,AI1_current_residual,AI0_RMS_slope,AI1_RMS_slope,Current_RMS_slope,dCurrent_RMS_x_dAI0_RMS,dCurrent_RMS_x_dAI1_RMS,AI0_kurtosis,AI1_kurtosis,AI0_crest_factor,AI1_crest_factor",1.0,1.0,1.0,91,0,0,2,1.0,0.05093088187277317
tabular,XGBoost,20,2.0,5,group_ablation,G1,17,"AI0_AI1_RMS_diff,AI0_AI1_RMS_ratio,AI0_AI1_corr,Current_RMS,Current_RMS_to_AI0_RMS_ratio,Current_RMS_to_AI1_RMS_ratio,AI0_current_residual,AI1_current_residual,AI0_RMS_slope,AI1_RMS_slope,Current_RMS_slope,dCurrent_RMS_x_dAI0_RMS,dCurrent_RMS_x_dAI1_RMS,AI0_kurtosis,AI1_kurtosis,AI0_crest_factor,AI1_crest_factor",1.0,1.0,1.0,91,0,0,2,1.0,0.04569017793983221
tabular,Logistic Regression,20,2.0,5,group_ablation,G1,17,"AI0_AI1_RMS_diff,AI0_AI1_RMS_ratio,AI0_AI1_corr,Current_RMS,Current_RMS_to_AI0_RMS_ratio,Current_RMS_to_AI1_RMS_ratio,AI0_current_residual,AI1_current_residual,AI0_RMS_slope,AI1_RMS_slope,Current_RMS_slope,dCurrent_RMS_x_dAI0_RMS,dCurrent_RMS_x_dAI1_RMS,AI0_kurtosis,AI1_kurtosis,AI0_crest_factor,AI1_crest_factor",1.0,0.5,0.6666666666666666,91,0,1,1,1.0,0.009509734809398651
tabular,One-Class SVM,20,2.0,5,group_ablation,G1,17,"AI0_AI1_RMS_diff,AI0_AI1_RMS_ratio,AI0_AI1_corr,Current_RMS,Current_RMS_to_AI0_RMS_ratio,Current_RMS_to_AI1_RMS_ratio,AI0_current_residual,AI1_current_residual,AI0_RMS_slope,AI1_RMS_slope,Current_RMS_slope,dCurrent_RMS_x_dAI0_RMS,dCurrent_RMS_x_dAI1_RMS,AI0_kurtosis,AI1_kurtosis,AI0_crest_factor,AI1_crest_factor",1.0,0.5,0.6666666666666666,91,0,1,1,1.0,0.010325479321181774
tabular,Mahalanobis distance,20,2.0,5,group_ablation,G1,17,"AI0_AI1_RMS_diff,AI0_AI1_RMS_ratio,AI0_AI1_corr,Current_RMS,Current_RMS_to_AI0_RMS_ratio,Current_RMS_to_AI1_RMS_ratio,AI0_current_residual,AI1_current_residual,AI0_RMS_slope,AI1_RMS_slope,Current_RMS_slope,dCurrent_RMS_x_dAI0_RMS,dCurrent_RMS_x_dAI1_RMS,AI0_kurtosis,AI1_kurtosis,AI0_crest_factor,AI1_crest_factor",1.0,1.0,1.0,91,0,0,2,1.0,0.0018246341496706009
tabular,Isolation Forest,20,2.0,5,group_ablation,G1,17,"AI0_AI1_RMS_diff,AI0_AI1_RMS_ratio,AI0_AI1_corr,Current_RMS,Current_RMS_to_AI0_RMS_ratio,Current_RMS_to_AI1_RMS_ratio,AI0_current_residual,AI1_current_residual,AI0_RMS_slope,AI1_RMS_slope,Current_RMS_slope,dCurrent_RMS_x_dAI0_RMS,dCurrent_RMS_x_dAI1_RMS,AI0_kurtosis,AI1_kurtosis,AI0_crest_factor,AI1_crest_factor",1.0,0.5,0.6666666666666666,91,0,1,1,1.0,0.828771635890007
tabular,PCA reconstruction,20,2.0,5,group_ablation,G1,17,"AI0_AI1_RMS_diff,AI0_AI1_RMS_ratio,AI0_AI1_corr,Current_RMS,Current_RMS_to_AI0_RMS_ratio,Current_RMS_to_AI1_RMS_ratio,AI0_current_residual,AI1_current_residual,AI0_RMS_slope,AI1_RMS_slope,Current_RMS_slope,dCurrent_RMS_x_dAI0_RMS,dCurrent_RMS_x_dAI1_RMS,AI0_kurtosis,AI1_kurtosis,AI0_crest_factor,AI1_crest_factor",0.0,0.0,0.0,91,0,2,0,1.0,0.0023218421265482903
tabular,LightGBM,20,2.0,5,group_ablation,G2,16,"AI0_RMS,AI1_RMS,Current_RMS,Current_RMS_to_AI0_RMS_ratio,Current_RMS_to_AI1_RMS_ratio,AI0_current_residual,AI1_current_residual,AI0_RMS_slope,AI1_RMS_slope,Current_RMS_slope,dCurrent_RMS_x_dAI0_RMS,dCurrent_RMS_x_dAI1_RMS,AI0_kurtosis,AI1_kurtosis,AI0_crest_factor,AI1_crest_factor",1.0,1.0,1.0,91,0,0,2,1.0,0.06173205003142357
tabular,XGBoost,20,2.0,5,group_ablation,G2,16,"AI0_RMS,AI1_RMS,Current_RMS,Current_RMS_to_AI0_RMS_ratio,Current_RMS_to_AI1_RMS_ratio,AI0_current_residual,AI1_current_residual,AI0_RMS_slope,AI1_RMS_slope,Current_RMS_slope,dCurrent_RMS_x_dAI0_RMS,dCurrent_RMS_x_dAI1_RMS,AI0_kurtosis,AI1_kurtosis,AI0_crest_factor,AI1_crest_factor",1.0,1.0,1.0,91,0,0,2,1.0,0.05127652455121279
tabular,Logistic Regression,20,2.0,5,group_ablation,G2,16,"AI0_RMS,AI1_RMS,Current_RMS,Current_RMS_to_AI0_RMS_ratio,Current_RMS_to_AI1_RMS_ratio,AI0_current_residual,AI1_current_residual,AI0_RMS_slope,AI1_RMS_slope,Current_RMS_slope,dCurrent_RMS_x_dAI0_RMS,dCurrent_RMS_x_dAI1_RMS,AI0_kurtosis,AI1_kurtosis,AI0_crest_factor,AI1_crest_factor",1.0,1.0,1.0,91,0,0,2,1.0,0.008658748120069504
tabular,One-Class SVM,20,2.0,5,group_ablation,G2,16,"AI0_RMS,AI1_RMS,Current_RMS,Current_RMS_to_AI0_RMS_ratio,Current_RMS_to_AI1_RMS_ratio,AI0_current_residual,AI1_current_residual,AI0_RMS_slope,AI1_RMS_slope,Current_RMS_slope,dCurrent_RMS_x_dAI0_RMS,dCurrent_RMS_x_dAI1_RMS,AI0_kurtosis,AI1_kurtosis,AI0_crest_factor,AI1_crest_factor",1.0,0.5,0.6666666666666666,91,0,1,1,1.0,0.009078286588191986
tabular,Mahalanobis distance,20,2.0,5,group_ablation,G2,16,"AI0_RMS,AI1_RMS,Current_RMS,Current_RMS_to_AI0_RMS_ratio,Current_RMS_to_AI1_RMS_ratio,AI0_current_residual,AI1_current_residual,AI0_RMS_slope,AI1_RMS_slope,Current_RMS_slope,dCurrent_RMS_x_dAI0_RMS,dCurrent_RMS_x_dAI1_RMS,AI0_kurtosis,AI1_kurtosis,AI0_crest_factor,AI1_crest_factor",1.0,1.0,1.0,91,0,0,2,1.0,0.001707306131720543
tabular,Isolation Forest,20,2.0,5,group_ablation,G2,16,"AI0_RMS,AI1_RMS,Current_RMS,Current_RMS_to_AI0_RMS_ratio,Current_RMS_to_AI1_RMS_ratio,AI0_current_residual,AI1_current_residual,AI0_RMS_slope,AI1_RMS_slope,Current_RMS_slope,dCurrent_RMS_x_dAI0_RMS,dCurrent_RMS_x_dAI1_RMS,AI0_kurtosis,AI1_kurtosis,AI0_crest_factor,AI1_crest_factor",1.0,1.0,1.0,91,0,0,2,1.0,0.795602117665112
tabular,PCA reconstruction,20,2.0,5,group_ablation,G2,16,"AI0_RMS,AI1_RMS,Current_RMS,Current_RMS_to_AI0_RMS_ratio,Current_RMS_to_AI1_RMS_ratio,AI0_current_residual,AI1_current_residual,AI0_RMS_slope,AI1_RMS_slope,Current_RMS_slope,dCurrent_RMS_x_dAI0_RMS,dCurrent_RMS_x_dAI1_RMS,AI0_kurtosis,AI1_kurtosis,AI0_crest_factor,AI1_crest_factor",0.0,0.0,0.0,91,0,2,0,1.0,0.002110866829752922
tabular,LightGBM,20,2.0,5,group_ablation,G3,14,"AI0_RMS,AI1_RMS,AI0_AI1_RMS_diff,AI0_AI1_RMS_ratio,AI0_AI1_corr,AI0_RMS_slope,AI1_RMS_slope,Current_RMS_slope,dCurrent_RMS_x_dAI0_RMS,dCurrent_RMS_x_dAI1_RMS,AI0_kurtosis,AI1_kurtosis,AI0_crest_factor,AI1_crest_factor",1.0,0.5,0.6666666666666666,91,0,1,1,1.0,0.052225095219910145
tabular,XGBoost,20,2.0,5,group_ablation,G3,14,"AI0_RMS,AI1_RMS,AI0_AI1_RMS_diff,AI0_AI1_RMS_ratio,AI0_AI1_corr,AI0_RMS_slope,AI1_RMS_slope,Current_RMS_slope,dCurrent_RMS_x_dAI0_RMS,dCurrent_RMS_x_dAI1_RMS,AI0_kurtosis,AI1_kurtosis,AI0_crest_factor,AI1_crest_factor",1.0,0.5,0.6666666666666666,91,0,1,1,1.0,0.04444416332989931
tabular,Logistic Regression,20,2.0,5,group_ablation,G3,14,"AI0_RMS,AI1_RMS,AI0_AI1_RMS_diff,AI0_AI1_RMS_ratio,AI0_AI1_corr,AI0_RMS_slope,AI1_RMS_slope,Current_RMS_slope,dCurrent_RMS_x_dAI0_RMS,dCurrent_RMS_x_dAI1_RMS,AI0_kurtosis,AI1_kurtosis,AI0_crest_factor,AI1_crest_factor",1.0,0.5,0.6666666666666666,91,0,1,1,1.0,0.012337002903223038
tabular,One-Class SVM,20,2.0,5,group_ablation,G3,14,"AI0_RMS,AI1_RMS,AI0_AI1_RMS_diff,AI0_AI1_RMS_ratio,AI0_AI1_corr,AI0_RMS_slope,AI1_RMS_slope,Current_RMS_slope,dCurrent_RMS_x_dAI0_RMS,dCurrent_RMS_x_dAI1_RMS,AI0_kurtosis,AI1_kurtosis,AI0_crest_factor,AI1_crest_factor",1.0,0.5,0.6666666666666666,91,0,1,1,1.0,0.01026808563619852
tabular,Mahalanobis distance,20,2.0,5,group_ablation,G3,14,"AI0_RMS,AI1_RMS,AI0_AI1_RMS_diff,AI0_AI1_RMS_ratio,AI0_AI1_corr,AI0_RMS_slope,AI1_RMS_slope,Current_RMS_slope,dCurrent_RMS_x_dAI0_RMS,dCurrent_RMS_x_dAI1_RMS,AI0_kurtosis,AI1_kurtosis,AI0_crest_factor,AI1_crest_factor",1.0,1.0,1.0,91,0,0,2,1.0,0.0017626434564590454
tabular,Isolation Forest,20,2.0,5,group_ablation,G3,14,"AI0_RMS,AI1_RMS,AI0_AI1_RMS_diff,AI0_AI1_RMS_ratio,AI0_AI1_corr,AI0_RMS_slope,AI1_RMS_slope,Current_RMS_slope,dCurrent_RMS_x_dAI0_RMS,dCurrent_RMS_x_dAI1_RMS,AI0_kurtosis,AI1_kurtosis,AI0_crest_factor,AI1_crest_factor",1.0,0.5,0.6666666666666666,91,0,1,1,1.0,0.8161441199481487
tabular,PCA reconstruction,20,2.0,5,group_ablation,G3,14,"AI0_RMS,AI1_RMS,AI0_AI1_RMS_diff,AI0_AI1_RMS_ratio,AI0_AI1_corr,AI0_RMS_slope,AI1_RMS_slope,Current_RMS_slope,dCurrent_RMS_x_dAI0_RMS,dCurrent_RMS_x_dAI1_RMS,AI0_kurtosis,AI1_kurtosis,AI0_crest_factor,AI1_crest_factor",1.0,0.5,0.6666666666666666,91,0,1,1,1.0,0.0020701000466942787
tabular,LightGBM,20,2.0,5,group_ablation,G4,14,"AI0_RMS,AI1_RMS,AI0_AI1_RMS_diff,AI0_AI1_RMS_ratio,AI0_AI1_corr,Current_RMS,Current_RMS_to_AI0_RMS_ratio,Current_RMS_to_AI1_RMS_ratio,AI0_current_residual,AI1_current_residual,AI0_kurtosis,AI1_kurtosis,AI0_crest_factor,AI1_crest_factor",1.0,1.0,1.0,91,0,0,2,1.0,0.05577855836600065
tabular,XGBoost,20,2.0,5,group_ablation,G4,14,"AI0_RMS,AI1_RMS,AI0_AI1_RMS_diff,AI0_AI1_RMS_ratio,AI0_AI1_corr,Current_RMS,Current_RMS_to_AI0_RMS_ratio,Current_RMS_to_AI1_RMS_ratio,AI0_current_residual,AI1_current_residual,AI0_kurtosis,AI1_kurtosis,AI0_crest_factor,AI1_crest_factor",1.0,1.0,1.0,91,0,0,2,1.0,0.05359057895839214
tabular,Logistic Regression,20,2.0,5,group_ablation,G4,14,"AI0_RMS,AI1_RMS,AI0_AI1_RMS_diff,AI0_AI1_RMS_ratio,AI0_AI1_corr,Current_RMS,Current_RMS_to_AI0_RMS_ratio,Current_RMS_to_AI1_RMS_ratio,AI0_current_residual,AI1_current_residual,AI0_kurtosis,AI1_kurtosis,AI0_crest_factor,AI1_crest_factor",1.0,0.5,0.6666666666666666,91,0,1,1,1.0,0.006170831620693207
tabular,One-Class SVM,20,2.0,5,group_ablation,G4,14,"AI0_RMS,AI1_RMS,AI0_AI1_RMS_diff,AI0_AI1_RMS_ratio,AI0_AI1_corr,Current_RMS,Current_RMS_to_AI0_RMS_ratio,Current_RMS_to_AI1_RMS_ratio,AI0_current_residual,AI1_current_residual,AI0_kurtosis,AI1_kurtosis,AI0_crest_factor,AI1_crest_factor",1.0,1.0,1.0,91,0,0,2,1.0,0.00879205483943224
tabular,Mahalanobis distance,20,2.0,5,group_ablation,G4,14,"AI0_RMS,AI1_RMS,AI0_AI1_RMS_diff,AI0_AI1_RMS_ratio,AI0_AI1_corr,Current_RMS,Current_RMS_to_AI0_RMS_ratio,Current_RMS_to_AI1_RMS_ratio,AI0_current_residual,AI1_current_residual,AI0_kurtosis,AI1_kurtosis,AI0_crest_factor,AI1_crest_factor",0.0,0.0,0.0,91,0,2,0,1.0,0.0017646346241235733
tabular,Isolation Forest,20,2.0,5,group_ablation,G4,14,"AI0_RMS,AI1_RMS,AI0_AI1_RMS_diff,AI0_AI1_RMS_ratio,AI0_AI1_corr,Current_RMS,Current_RMS_to_AI0_RMS_ratio,Current_RMS_to_AI1_RMS_ratio,AI0_current_residual,AI1_current_residual,AI0_kurtosis,AI1_kurtosis,AI0_crest_factor,AI1_crest_factor",1.0,1.0,1.0,91,0,0,2,1.0,0.7999176308512688
tabular,PCA reconstruction,20,2.0,5,group_ablation,G4,14,"AI0_RMS,AI1_RMS,AI0_AI1_RMS_diff,AI0_AI1_RMS_ratio,AI0_AI1_corr,Current_RMS,Current_RMS_to_AI0_RMS_ratio,Current_RMS_to_AI1_RMS_ratio,AI0_current_residual,AI1_current_residual,AI0_kurtosis,AI1_kurtosis,AI0_crest_factor,AI1_crest_factor",0.0,0.0,0.0,91,0,2,0,1.0,0.0020330753177404404
tabular,LightGBM,20,2.0,5,group_ablation,G5,15,"AI0_RMS,AI1_RMS,AI0_AI1_RMS_diff,AI0_AI1_RMS_ratio,AI0_AI1_corr,Current_RMS,Current_RMS_to_AI0_RMS_ratio,Current_RMS_to_AI1_RMS_ratio,AI0_current_residual,AI1_current_residual,AI0_RMS_slope,AI1_RMS_slope,Current_RMS_slope,dCurrent_RMS_x_dAI0_RMS,dCurrent_RMS_x_dAI1_RMS",1.0,1.0,1.0,91,0,0,2,1.0,0.057594701647758484
tabular,XGBoost,20,2.0,5,group_ablation,G5,15,"AI0_RMS,AI1_RMS,AI0_AI1_RMS_diff,AI0_AI1_RMS_ratio,AI0_AI1_corr,Current_RMS,Current_RMS_to_AI0_RMS_ratio,Current_RMS_to_AI1_RMS_ratio,AI0_current_residual,AI1_current_residual,AI0_RMS_slope,AI1_RMS_slope,Current_RMS_slope,dCurrent_RMS_x_dAI0_RMS,dCurrent_RMS_x_dAI1_RMS",1.0,1.0,1.0,91,0,0,2,1.0,0.04542727489024401
tabular,Logistic Regression,20,2.0,5,group_ablation,G5,15,"AI0_RMS,AI1_RMS,AI0_AI1_RMS_diff,AI0_AI1_RMS_ratio,AI0_AI1_corr,Current_RMS,Current_RMS_to_AI0_RMS_ratio,Current_RMS_to_AI1_RMS_ratio,AI0_current_residual,AI1_current_residual,AI0_RMS_slope,AI1_RMS_slope,Current_RMS_slope,dCurrent_RMS_x_dAI0_RMS,dCurrent_RMS_x_dAI1_RMS",1.0,0.5,0.6666666666666666,91,0,1,1,1.0,0.011593122966587543
tabular,One-Class SVM,20,2.0,5,group_ablation,G5,15,"AI0_RMS,AI1_RMS,AI0_AI1_RMS_diff,AI0_AI1_RMS_ratio,AI0_AI1_corr,Current_RMS,Current_RMS_to_AI0_RMS_ratio,Current_RMS_to_AI1_RMS_ratio,AI0_current_residual,AI1_current_residual,AI0_RMS_slope,AI1_RMS_slope,Current_RMS_slope,dCurrent_RMS_x_dAI0_RMS,dCurrent_RMS_x_dAI1_RMS",1.0,1.0,1.0,91,0,0,2,1.0,0.009978399612009525
tabular,Mahalanobis distance,20,2.0,5,group_ablation,G5,15,"AI0_RMS,AI1_RMS,AI0_AI1_RMS_diff,AI0_AI1_RMS_ratio,AI0_AI1_corr,Current_RMS,Current_RMS_to_AI0_RMS_ratio,Current_RMS_to_AI1_RMS_ratio,AI0_current_residual,AI1_current_residual,AI0_RMS_slope,AI1_RMS_slope,Current_RMS_slope,dCurrent_RMS_x_dAI0_RMS,dCurrent_RMS_x_dAI1_RMS",1.0,1.0,1.0,91,0,0,2,1.0,0.0018229810521006584
tabular,Isolation Forest,20,2.0,5,group_ablation,G5,15,"AI0_RMS,AI1_RMS,AI0_AI1_RMS_diff,AI0_AI1_RMS_ratio,AI0_AI1_corr,Current_RMS,Current_RMS_to_AI0_RMS_ratio,Current_RMS_to_AI1_RMS_ratio,AI0_current_residual,AI1_current_residual,AI0_RMS_slope,AI1_RMS_slope,Current_RMS_slope,dCurrent_RMS_x_dAI0_RMS,dCurrent_RMS_x_dAI1_RMS",1.0,1.0,1.0,91,0,0,2,1.0,0.8109097015112638
tabular,PCA reconstruction,20,2.0,5,group_ablation,G5,15,"AI0_RMS,AI1_RMS,AI0_AI1_RMS_diff,AI0_AI1_RMS_ratio,AI0_AI1_corr,Current_RMS,Current_RMS_to_AI0_RMS_ratio,Current_RMS_to_AI1_RMS_ratio,AI0_current_residual,AI1_current_residual,AI0_RMS_slope,AI1_RMS_slope,Current_RMS_slope,dCurrent_RMS_x_dAI0_RMS,dCurrent_RMS_x_dAI1_RMS",0.0,0.0,0.0,91,0,2,0,1.0,0.0022836243733763695
temporal,LSTM-Autoencoder,20,2.0,5,full,none,12,"AI0_Vibration,AI1_Vibration,AI2_Current,AI0_short_RMS,AI1_short_RMS,Current_short_RMS,AI0_AI1_RMS_diff,AI0_current_residual,AI1_current_residual,AI0_RMS_slope,AI1_RMS_slope,Current_RMS_slope",1.0,0.5,0.6666666666666666,91,0,1,1,1.0,0.6845984496176243
temporal,1D-CNN,20,2.0,5,full,none,12,"AI0_Vibration,AI1_Vibration,AI2_Current,AI0_short_RMS,AI1_short_RMS,Current_short_RMS,AI0_AI1_RMS_diff,AI0_current_residual,AI1_current_residual,AI0_RMS_slope,AI1_RMS_slope,Current_RMS_slope",1.0,1.0,1.0,91,0,0,2,1.0,0.21363698039203882
temporal,LSTM-Autoencoder,20,2.0,5,group_ablation,T0,9,"AI0_short_RMS,AI1_short_RMS,Current_short_RMS,AI0_AI1_RMS_diff,AI0_current_residual,AI1_current_residual,AI0_RMS_slope,AI1_RMS_slope,Current_RMS_slope",1.0,0.5,0.6666666666666666,91,0,1,1,1.0,0.7762707257643342
temporal,1D-CNN,20,2.0,5,group_ablation,T0,9,"AI0_short_RMS,AI1_short_RMS,Current_short_RMS,AI0_AI1_RMS_diff,AI0_current_residual,AI1_current_residual,AI0_RMS_slope,AI1_RMS_slope,Current_RMS_slope",1.0,1.0,1.0,91,0,0,2,1.0,0.2868620213121176
temporal,LSTM-Autoencoder,20,2.0,5,group_ablation,T1,9,"AI0_Vibration,AI1_Vibration,AI2_Current,AI0_AI1_RMS_diff,AI0_current_residual,AI1_current_residual,AI0_RMS_slope,AI1_RMS_slope,Current_RMS_slope",1.0,0.5,0.6666666666666666,91,0,1,1,1.0,0.7541974056512117
temporal,1D-CNN,20,2.0,5,group_ablation,T1,9,"AI0_Vibration,AI1_Vibration,AI2_Current,AI0_AI1_RMS_diff,AI0_current_residual,AI1_current_residual,AI0_RMS_slope,AI1_RMS_slope,Current_RMS_slope",1.0,1.0,1.0,91,0,0,2,1.0,0.39142591040581465
temporal,LSTM-Autoencoder,20,2.0,5,group_ablation,T2,9,"AI0_Vibration,AI1_Vibration,AI2_Current,AI0_short_RMS,AI1_short_RMS,Current_short_RMS,AI0_RMS_slope,AI1_RMS_slope,Current_RMS_slope",1.0,0.5,0.6666666666666666,91,0,1,1,1.0,0.7515131365507841
temporal,1D-CNN,20,2.0,5,group_ablation,T2,9,"AI0_Vibration,AI1_Vibration,AI2_Current,AI0_short_RMS,AI1_short_RMS,Current_short_RMS,AI0_RMS_slope,AI1_RMS_slope,Current_RMS_slope",1.0,1.0,1.0,91,0,0,2,1.0,0.35060681216418743
temporal,LSTM-Autoencoder,20,2.0,5,group_ablation,T3,9,"AI0_Vibration,AI1_Vibration,AI2_Current,AI0_short_RMS,AI1_short_RMS,Current_short_RMS,AI0_AI1_RMS_diff,AI0_current_residual,AI1_current_residual",1.0,0.5,0.6666666666666666,91,0,1,1,1.0,0.7543547255918384
temporal,1D-CNN,20,2.0,5,group_ablation,T3,9,"AI0_Vibration,AI1_Vibration,AI2_Current,AI0_short_RMS,AI1_short_RMS,Current_short_RMS,AI0_AI1_RMS_diff,AI0_current_residual,AI1_current_residual",1.0,1.0,1.0,91,0,0,2,1.0,0.33063065726310015
