tree
version=v4
num_class=1
num_tree_per_iteration=1
label_index=0
max_feature_idx=29
objective=binary sigmoid:1
feature_names=Column_0 Column_1 Column_2 Column_3 Column_4 Column_5 Column_6 Column_7 Column_8 Column_9 Column_10 Column_11 Column_12 Column_13 Column_14 Column_15 Column_16 Column_17 Column_18 Column_19 Column_20 Column_21 Column_22 Column_23 Column_24 Column_25 Column_26 Column_27 Column_28 Column_29
feature_infos=[-14.858563423156738:16.329683303833008] [-5.8239116668701172:3.1674308776855469] [-2.4428417682647705:3.5553767681121826] [-19.625261306762695:16.961694717407227] [-5.7628235816955566:3.4432754516601562] [-2.8999443054199219:2.7997047901153564] [-16.517595291137695:17.359123229980469] [-5.816434383392334:3.6628146171569824] [-2.8368802070617676:2.6136038303375244] [-18.277141571044922:26.048908233642578] [-3.8142545223236084:3.5809001922607422] [-2.642852783203125:3.1494913101196289] [-16.048881530761719:25.029716491699219] [-5.457305908203125:3.7920100688934326] [-2.2391698360443115:2.9063825607299805] [-14.590852737426758:16.026256561279297] [-5.8571224212646484:4.2760224342346191] [-2.4347596168518066:3.5432178974151611] [-19.514324188232422:16.869182586669922] [-6.0012712478637695:3.4222855567932129] [-2.8941283226013184:3.3784561157226562] [-16.365610122680664:16.157848358154297] [-5.7233104705810547:3.6503458023071289] [-2.8434996604919434:4.4493036270141602] [-18.335222244262695:15.297457695007324] [-5.1815590858459473:3.588634729385376] [-2.6570148468017578:3.5782318115234375] [-15.935398101806641:15.714067459106445] [-5.4369611740112305:3.7777624130249023] [-2.2506542205810547:3.7102835178375244]
tree_sizes=1708 1717 1720 1713 1722 1721 1708 1707 1707 1711 1708 1709 1708 1707 1708 1715 1711 1714 1706 1713 1712 1709 1711 1711 1717 1714 1708 1712 1714 1711 1709 1709 1708 1717 1711 1713 1712 1718 1715 1714 1714 1715 1711 1717 1713 1723 1722 1723 1721 1715 1714 1720 1739 1735 1734 1734 1730 1734 1736 1712 1729 1717 1738 1720 1732 1747 1741 1722 1752 1718 1756 1752 1720 1719 1723 1533 1721 1740 1747 1740 1738 1745 1751 1744 1752 1755 1519 1728 1735 1727 1736 1520 1739 1739 1751 1738 1735 1738 1753 1734 1738 1743 1737 1743 1738 1643 1743 1748 1746 1756 1751 1747 1433 1757 1755 1754 1747 1765 1759 1768 1756 1553 1558 1559 1752 1761 1446 1763 1762 1768 1758 1762 1762 1763 1764 1452 1768 1769 1775 1767 1773 1768 1772 1771 1765 1447 1789 1786 1794 1775 1774 1788 1802 1793 1783 1790 1788 1798 1801 1790 1795 1794 1695 1578 1472 1802 1810 1804 1798 1794 1818 1590 1590 1590 1588 1814 1808 1806 1806 1806

Tree=0
num_leaves=15
num_cat=0
split_feature=16 25 25 18 18 2 20 24 10 19 0 29 11 0
split_gain=322.763 419.681 218.334 214.699 177.321 152.195 180.784 113.586 89.1431 70.3186 44.2818 12.0815 0.323951 0.00399564
threshold=-0.77325308322906483 0.99862593412399303 -0.50503453612327565 2.4750989675521855 -2.2660440206527706 1.0509262681007387 0.97076672315597545 -2.8763803243637081 1.2998840212821963 0.36942692101001745 4.9518909454345712 -0.78830060362815846 -0.072434838861227022 0.71839269995689403
decision_type=2 2 2 2 2 2 2 2 2 2 2 2 2 2
left_child=2 4 11 7 -2 8 -7 -4 -6 10 -3 -1 -13 -14
right_child=1 9 3 -5 5 6 -8 -9 -10 -11 -12 12 13 -15
leaf_value=-0.10000000578019101 0.09404704171402839 -0.10000000578019101 0.099999994219808999 0.098262204286230198 -0.10000000578019101 -0.10000000578019101 0.099999994219808999 -0.10000000578019101 0.04142756570888198 0.09956269699624018 0.099999994219808999 0.092898724732858845 0.099320579389310354 0.099999994219808999
leaf_weight=0.77300843596458335 17.313726484775543 8.1165885776281339 8.3991937637329084 29.654847651720047 179.85329610109329 20.484723553061485 25.19758129119873 45.865167200565338 11.877731725573538 58.923191085457802 4.1995968818664542 21.77099284529686 37.925206676125526 50.395162582397461
leaf_count=6 8 63 2 9 1396 159 6 356 29 15 1 11 10 12
internal_value=-6.0692e-09 -0.030429 0.0509223 -0.00992201 -0.060432 -0.0716977 0.0103166 -0.0690434 -0.0912386 0.0768515 -0.0318036 0.0969786 0.0983616 0.0997083
internal_weight=520.75 325.966 194.784 83.9192 254.727 237.413 45.6823 54.2644 191.731 71.2394 12.3162 110.864 110.091 88.3204
internal_count=2083 1677 406 367 1598 1590 165 358 1425 79 64 39 33 22
is_linear=0
shrinkage=1


Tree=1
num_leaves=15
num_cat=0
split_feature=16 25 25 18 18 2 20 24 10 19 0 29 11 2
split_gain=292.027 379.712 197.537 194.259 160.423 137.683 163.58 102.777 80.7172 63.625 40.0678 10.9309 0.295868 0.00413633
threshold=-0.77325308322906483 0.99862593412399303 -0.50503453612327565 2.4750989675521855 -2.2660440206527706 1.0509262681007387 0.97076672315597545 -2.8763803243637081 1.2998840212821963 0.36942692101001745 4.9518909454345712 -0.78830060362815846 -0.072434838861227022 0.57081684470176708
decision_type=2 2 2 2 2 2 2 2 2 2 2 2 2 2
left_child=2 4 11 7 -2 8 -7 -4 -6 10 -3 -1 -13 -14
right_child=1 9 3 -5 5 6 -8 -9 -10 -11 -12 12 13 -15
leaf_value=-0.095241869148995628 0.089545875288315577 -0.095241869148995628 0.095241867811499598 0.093578567451266581 -0.095241869148995628 -0.095241869148995628 0.095241867811499598 -0.095241869148995628 0.039373380373161404 0.094823281175801716 0.095241867811499598 0.088447686471525122 0.094567673211111536 0.095259806146046178
leaf_weight=0.77107912302017112 17.275498330593109 8.0963307917118055 8.3782310485839826 29.583380579948425 179.40440928936005 20.433596760034561 25.134693145751953 45.750694632530212 11.87263649702072 58.777408391237259 4.1891155242919913 21.724087536334991 37.830840498209 50.270377635955811
leaf_count=6 8 63 2 9 1396 159 6 356 29 15 1 11 10 12
internal_value=-8.4859e-08 -0.0289784 0.0484964 -0.00944966 -0.05755 -0.0682792 0.00982572 -0.0657582 -0.0868863 0.0731935 -0.0302904 0.0923568 0.0936739 0.0949626
internal_weight=519.492 325.184 194.309 83.7123 254.121 236.845 45.5683 54.1289 191.277 71.0629 12.2854 110.596 109.825 88.1012
internal_count=2083 1677 406 367 1598 1590 165 358 1425 79 64 39 33 22
is_linear=0
shrinkage=0.05


Tree=2
num_leaves=15
num_cat=0
split_feature=16 25 25 18 18 5 26 24 19 0 0 29 6 0
split_gain=265.444 345.137 179.541 176.587 145.789 125.622 101.577 93.4401 57.84 49.7483 36.4278 9.93565 0.284005 2.84217e-14
threshold=-0.77325308322906483 0.99862593412399303 -0.50503453612327565 2.4750989675521855 -2.2660440206527706 1.3527058362960818 -0.052549259737133973 -2.8763803243637081 0.36942692101001745 4.9518909454345712 4.9518909454345712 -0.78830060362815846 0.13416869193315509 -2.1151739358901973
decision_type=2 2 2 2 2 2 2 2 2 2 2 2 2 2
left_child=2 4 11 7 -2 9 -7 -4 10 -6 -3 -1 -13 -9
right_child=1 8 3 -5 5 6 -8 13 -10 -11 -12 12 -14 -15
leaf_value=-0.091131784281765743 0.085610472261552897 -0.091131784281765743 0.091131786498348424 0.089518085576170747 -0.083581970805047576 -0.091131784281765743 0.092135506677554171 -0.091131784281765743 0.090725565532549401 0.091131786498348424 0.091131786498348424 0.085472194344956676 0.091183700384908445 -0.091131784281765743
leaf_weight=0.76568832993507285 17.168645858764648 8.0397274643182737 8.3196563720703107 29.383666783571243 198.39816752076149 11.868169113993643 20.832062721252441 3.8284416496753684 58.370059832930565 4.1598281860351554 4.1598281860351554 30.035641804337502 79.046196937561035 41.602399259805679
leaf_count=6 8 63 2 9 1491 93 5 30 15 1 1 14 19 326
internal_value=-3.91588e-07 -0.0277208 0.0463957 -0.00904128 -0.0550488 -0.0653138 0.0256208 -0.0629205 0.0700312 -0.079994 -0.0289832 0.0883512 0.089611 -0.0911318
internal_weight=515.978 322.996 192.982 83.1342 252.427 235.258 32.7002 53.7505 70.5696 202.558 12.1996 109.848 109.082 45.4308
internal_count=2083 1677 406 367 1598 1590 98 358 79 1492 64 39 33 356
is_linear=0
shrinkage=0.05


Tree=3
num_leaves=15
num_cat=0
split_feature=16 25 25 18 18 2 20 24 21 19 13 0 29 11
split_gain=242.151 314.715 163.83 161.172 133.565 127.218 136.579 85.3012 52.8461 52.795 34.8986 33.2548 9.06701 0.270761
threshold=-0.77325308322906483 0.99862593412399303 -0.50503453612327565 2.4750989675521855 -1.5313985347747801 1.0509262681007387 0.97076672315597545 -2.8763803243637081 4.9558470249176034 0.36942692101001745 0.13242764025926593 4.9518909454345712 -0.78830060362815846 -0.072434838861227022
decision_type=2 2 2 2 2 2 2 2 2 2 2 2 2 2
left_child=2 4 12 7 10 8 -7 -4 -6 11 -2 -3 -1 -14
right_child=1 9 3 -5 5 6 -8 -9 -10 -11 -12 -13 13 -15
leaf_value=-0.087549091999431006 -0.090785551625298527 -0.08754909199943102 0.087549095707251681 0.085965459476270475 -0.088070130240969866 -0.087680504847079399 0.088736232665748371 -0.087549091999431006 0.092059550170671037 0.087150273969262115 0.078281730690667031 0.087549095707251667 0.081019078245815432 0.087301925471078429
leaf_weight=0.75737401843070884 3.5385227054357555 7.9524271935224515 8.2293167114257795 29.075616002082825 175.71001853048801 19.701361119747162 24.757472038269043 44.93752509355545 4.168353557586669 57.741782575845718 22.21378730237484 4.1146583557128906 21.384907484054565 86.550441920757294
leaf_count=6 28 63 2 9 1390 156 6 356 1 15 17 1 11 22
internal_value=6.3574e-07 -0.026595 0.0445598 -0.00868495 -0.0527968 -0.0651769 0.0105594 -0.0604469 -0.083896 0.0672725 0.0550509 -0.0278438 0.0848474 0.0860571
internal_weight=510.834 319.898 190.935 82.2425 250.09 224.337 44.4588 53.1668 179.878 69.8089 25.7523 12.0671 108.693 107.935
internal_count=2083 1677 406 367 1598 1553 162 358 1391 79 45 64 39 33
is_linear=0
shrinkage=0.05


Tree=4
num_leaves=15
num_cat=0
split_feature=16 25 25 18 18 2 20 24 10 19 0 29 6 4
split_gain=221.734 288.125 150.01 147.62 122.289 106.513 126.372 78.1508 65.451 48.3609 30.4672 8.30307 0.265021 2.84217e-14
threshold=-0.77325308322906483 0.99862593412399303 -0.50503453612327565 2.4750989675521855 -2.2660440206527706 1.0509262681007387 0.97076672315597545 -2.8763803243637081 1.2998840212821963 0.36942692101001745 4.9518909454345712 -0.78830060362815846 0.13416869193315509 -1.5080075860023496
decision_type=2 2 2 2 2 2 2 2 2 2 2 2 2 2
left_child=2 4 11 7 -2 8 -7 -4 -6 10 -3 -1 -13 -9
right_child=1 9 3 -5 5 6 -8 13 -10 -11 -12 12 -14 -15
leaf_value=-0.084401506566620085 0.079340134580564062 -0.084401506566620099 0.084401500709585381 0.082832178566550119 -0.084691751969941886 -0.084516370617807507 0.085454140196197736 -0.084401506566620085 0.037033603796981361 0.084006064283489876 0.084401500709585353 0.078881004744357608 0.084463317922999492 -0.084401506566620085
leaf_weight=0.74660566449165244 16.809803485870361 7.8393594771623594 8.1123123168945295 28.676609307527542 173.96373243629932 19.797091044485569 24.431016445159912 1.7420798838138569 11.791712090373037 56.928055547177792 4.0561561584472656 29.358166143298149 77.091954708099365 42.556522876024246
leaf_count=6 8 63 2 9 1396 159 6 14 29 15 1 14 19 342
internal_value=6.59668e-08 -0.0256177 0.0429425 -0.00837159 -0.0508456 -0.0603611 0.00937307 -0.0582737 -0.0769647 0.0648469 -0.0268427 0.0817584 0.0829238 -0.0844015
internal_weight=503.901 315.617 188.284 81.0875 246.793 229.984 44.2281 52.4109 185.755 68.8236 11.8955 107.197 106.45 44.2986
internal_count=2083 1677 406 367 1598 1590 165 358 1425 79 64 39 33 356
is_linear=0
shrinkage=0.05


Tree=5
num_leaves=15
num_cat=0
split_feature=16 25 25 18 18 2 20 24 21 19 13 0 29 11
split_gain=203.661 264.588 137.77 135.626 113.334 107.115 114.856 71.8254 45.8579 44.4371 29.7651 28.0012 7.62665 0.260858
threshold=-0.77325308322906483 0.99862593412399303 -0.50503453612327565 2.4750989675521855 -1.5313985347747801 1.0509262681007387 0.97076672315597545 -2.8763803243637081 4.9558470249176034 0.36942692101001745 0.13242764025926593 4.9518909454345712 -0.78830060362815846 -0.072434838861227022
decision_type=2 2 2 2 2 2 2 2 2 2 2 2 2 2
left_child=2 4 12 7 10 8 -7 -4 -6 11 -2 -3 -1 -14
right_child=1 9 3 -5 5 6 -8 -9 -10 -11 -12 -13 13 -15
leaf_value=-0.081617122421090191 -0.085378529553999827 -0.081617122421090205 0.081617121516070201 0.080049096767718153 -0.082146676940220917 -0.08171999748831002 0.082556519706815046 -0.081617122421090191 0.086965802087868138 0.081221752793471352 0.072896630226430434 0.081617121516070174 0.075128889816904798 0.081384132865759046
leaf_weight=0.73379373550414939 3.4401954337954548 7.7048342227935773 7.9731030464172354 28.201845839619637 170.41923356801271 19.092452198266983 24.034020900726318 43.53842830657959 4.1052608489990225 55.959875136613846 21.754163287580013 3.9865515232086182 20.799609437584877 83.883529141545296
leaf_count=6 28 63 2 9 1390 156 6 356 1 15 17 1 11 22
internal_value=-6.33509e-07 -0.0247496 0.0415077 -0.00809409 -0.0491108 -0.0607322 0.00982992 -0.0563513 -0.0781687 0.0626993 0.0512847 -0.0259572 0.0790153 0.0801413
internal_weight=495.627 310.497 185.13 79.7134 242.845 217.651 43.1265 51.5115 174.524 67.6513 25.1944 11.6914 105.417 104.683
internal_count=2083 1677 406 367 1598 1553 162 358 1391 79 45 64 39 33
is_linear=0
shrinkage=0.05


Tree=6
num_leaves=15
num_cat=0
split_feature=16 25 25 18 18 2 20 24 21 19 0 10 1 17
split_gain=187.574 243.653 126.866 124.946 104.363 98.6587 105.798 66.1961 42.2286 40.944 25.8066 20.6124 24.2183 7.44883
threshold=-0.77325308322906483 0.99862593412399303 -0.50503453612327565 2.4750989675521855 -1.5313985347747801 1.0509262681007387 0.97076672315597545 -2.8763803243637081 4.9558470249176034 0.36942692101001745 4.9518909454345712 1.2100721001625063 1.6063476204872134 -0.99440690875053395
decision_type=2 2 2 2 2 2 2 2 2 2 2 2 2 2
left_child=2 4 13 7 11 8 -7 -4 -6 10 -3 12 -2 -1
right_child=1 9 3 -5 5 6 -8 -9 -10 -11 -12 -13 -14 -15
leaf_value=-0.11932316027855705 -0.086051288377916521 -0.079139121517232555 0.0791391206868087 0.077561393183334881 -0.079616088401086652 -0.079230940466449074 0.079982214256597864 -0.079139121517232555 0.083886871734945745 0.078741002192290688 0.079139120686808673 0.083248792793984339 0.08033497007532861 0.077483710122240979
leaf_weight=0.48303788155317207 4.903143487870695 7.5526182577013952 7.8155870437622061 27.664615616202354 167.12708246707916 18.717088937759399 23.578658819198608 42.678287297487259 4.0446510314941397 54.86436066031456 3.9077935218811035 16.007559299468994 3.9479522705078125 102.91972299665213
leaf_count=4 40 63 2 9 1390 156 6 356 1 15 1 4 1 35
internal_value=-1.37867e-06 -0.0239761 0.040227 -0.00784684 -0.0475649 -0.0588559 0.0095258 -0.0546404 -0.0757526 0.0607861 -0.0251691 0.0493931 -0.0118362 0.0765643
internal_weight=486.212 304.651 181.561 78.1585 238.326 213.467 42.2957 50.4939 171.172 66.3248 11.4604 24.8587 8.8511 103.403
internal_count=2083 1677 406 367 1598 1553 162 358 1391 79 64 45 41 39
is_linear=0
shrinkage=0.05


Tree=7
num_leaves=15
num_cat=0
split_feature=16 25 25 18 18 2 20 24 21 19 0 10 1 29
split_gain=173.164 224.979 117.026 115.386 96.3639 91.1011 97.7017 61.1593 38.9869 37.8177 23.843 18.9688 22.2925 7.02674
threshold=-0.77325308322906483 0.99862593412399303 -0.50503453612327565 2.4750989675521855 -1.5313985347747801 1.0509262681007387 0.97076672315597545 -2.8763803243637081 4.9558470249176034 0.36942692101001745 4.9518909454345712 1.2100721001625063 1.6063476204872134 -0.78830060362815846
decision_type=2 2 2 2 2 2 2 2 2 2 2 2 2 2
left_child=2 4 13 7 11 8 -7 -4 -6 10 -3 12 -2 -1
right_child=1 9 3 -5 5 6 -8 -9 -10 -11 -12 -13 -14 -15
leaf_value=-0.080590423902924896 -0.083191435864640506 -0.076921960873035655 0.076921962109298511 0.075325007675408798 -0.077353715428963021 -0.077004334279056716 0.07768240985000574 -0.076921960873035655 0.081160169658573672 0.076518654537983816 0.076921962109298483 0.080617994549221653 0.077993328406947421 0.075447252998985637
leaf_weight=0.72671414166688819 4.8201933354139346 7.3860043287277204 7.643171787261962 27.076540231704712 163.50576425343752 18.305774599313736 23.075574398040771 41.736786365509033 3.973301649093627 53.665206000208855 3.8215858936309814 15.710896730422972 3.8652467727661133 100.51810321211815
leaf_count=6 40 63 2 9 1390 156 6 356 1 15 1 4 1 33
internal_value=-1.82385e-06 -0.0232889 0.0390669 -0.00762534 -0.0461951 -0.0571787 0.00925398 -0.0531096 -0.0735931 0.0590726 -0.024464 0.0478369 -0.01146 0.0743272
internal_weight=475.831 298.13 177.701 76.4565 233.257 208.86 41.3813 49.38 167.479 64.8728 11.2076 24.3963 8.68544 101.245
internal_count=2083 1677 406 367 1598 1553 162 358 1391 79 64 45 41 39
is_linear=0
shrinkage=0.05


Tree=8
num_leaves=15
num_cat=0
split_feature=16 25 25 18 18 2 20 24 21 19 0 10 1 17
split_gain=160.235 208.207 108.236 106.789 89.1812 84.3137 90.4293 56.6312 36.0769 35.0065 22.0778 17.5021 20.5729 6.84355
threshold=-0.77325308322906483 0.99862593412399303 -0.50503453612327565 2.4750989675521855 -1.5313985347747801 1.0509262681007387 0.97076672315597545 -2.8763803243637081 4.9558470249176034 0.36942692101001745 4.9518909454345712 1.2100721001625063 1.6063476204872134 -0.99440690875053395
decision_type=2 2 2 2 2 2 2 2 2 2 2 2 2 2
left_child=2 4 13 7 11 8 -7 -4 -6 10 -3 12 -2 -1
right_child=1 9 3 -5 5 6 -8 -9 -10 -11 -12 -13 -14 -15
leaf_value=-0.11607668392565398 -0.080643096306895007 -0.074928719733278346 0.074928720561651105 0.073304136270632078 -0.075321265914392199 -0.075002941210897914 0.07561766349821529 -0.074928719733278346 0.078731108122410395 0.07451805520904857 0.074928720561651077 0.078268634075056534 0.075893004344411152 0.073252173401773715
leaf_weight=0.47962221503257652 4.7262537628412264 7.2078688368201238 7.4588341712951651 26.447768226265907 159.62016437202692 17.865672200918198 22.53406810760498 40.730179458856583 3.8931152820587149 52.38311443477869 3.729417085647583 15.381669282913206 3.7758657932281494 98.413112953305244
leaf_count=4 40 63 2 9 1390 156 6 356 1 15 1 4 1 35
internal_value=-2.27871e-06 -0.0226717 0.0380284 -0.00742594 -0.0449654 -0.0556722 0.00900985 -0.0517334 -0.0716534 0.0575305 -0.02383 0.0464467 -0.011124 0.0723339
internal_weight=464.647 291.117 173.53 74.6368 227.797 203.913 40.3997 48.189 163.513 63.3204 10.9373 23.8838 8.50212 98.8927
internal_count=2083 1677 406 367 1598 1553 162 358 1391 79 64 45 41 39
is_linear=0
shrinkage=0.05


Tree=9
num_leaves=15
num_cat=0
split_feature=16 25 25 18 18 2 20 24 21 19 1 10 1 29
split_gain=148.539 193.077 100.233 99.0236 82.703 78.1914 83.8686 52.543 33.453 32.4679 20.484 16.1868 19.0299 6.52942
threshold=-0.77325308322906483 0.99862593412399303 -0.50503453612327565 2.4750989675521855 -1.5313985347747801 1.0509262681007387 0.97076672315597545 -2.8763803243637081 4.9558470249176034 0.36942692101001745 -2.6961333751678462 1.2100721001625063 1.6063476204872134 -0.78830060362815846
decision_type=2 2 2 2 2 2 2 2 2 2 2 2 2 2
left_child=2 4 13 7 11 8 -7 -4 -6 10 -3 12 -2 -1
right_child=1 9 3 -5 5 6 -8 -9 -10 -11 -12 -13 -14 -15
leaf_value=-0.079752091260657534 -0.078359946372468472 0.073129101793357423 0.073129101793357396 0.071469311071288552 -0.073487426465213099 -0.073196259981031256 0.073755738961667219 -0.073129108798888565 0.07655583731318244 0.072709122424702816 -0.073129108798888551 0.076160040121717662 0.074000623054170087 0.071619388775086376
leaf_weight=0.71774421632289787 4.6233626678586024 3.6325862407684308 7.2651724815368643 25.787166833877563 155.52690058946609 17.40303048491478 21.96226167678833 39.672656953334808 3.8057560920715323 51.036159940063953 7.0207230001688004 15.026145219802855 3.6811995506286621 95.746319979429245
leaf_count=6 40 1 2 9 1390 156 6 356 1 15 63 4 1 33
internal_value=-2.78532e-06 -0.0221148 0.0370775 -0.00724564 -0.0438565 -0.0543132 0.00878962 -0.0504908 -0.0699036 0.0561364 -0.0232577 0.0451986 -0.0108224 0.0704931
internal_weight=452.907 283.718 169.189 72.725 222.029 198.698 39.3653 46.9378 159.333 61.6895 10.6533 23.3307 8.30456 96.4641
internal_count=2083 1677 406 367 1598 1553 162 358 1391 79 64 45 41 39
is_linear=0
shrinkage=0.05


Tree=10
num_leaves=15
num_cat=0
split_feature=16 25 22 27 18 2 20 21 19 21 25 0 10 1
split_gain=137.962 179.375 93.1985 110.881 76.8372 72.6472 77.9268 31.0776 30.1665 21.3237 27.6208 19.0394 15.0017 17.6391
threshold=-0.77325308322906483 0.99862593412399303 -0.50108656287193287 -2.5896649360656734 -1.5313985347747801 1.0509262681007387 0.97076672315597545 4.9558470249176034 0.36942692101001745 0.15580447763204577 -0.48258399963378901 4.9518909454345712 1.2100721001625063 1.6063476204872134
decision_type=2 2 2 2 2 2 2 2 2 2 2 2 2 2
left_child=2 4 9 -4 12 7 -7 -6 11 10 -1 -3 13 -2
right_child=1 8 3 -5 5 6 -8 -9 -10 -11 -12 -13 -14 -15
leaf_value=0.07177231720851672 -0.076304462580482457 -0.071498059129845512 0.071896244087637728 -0.074024308243006695 -0.071826281378081683 -0.071559040165274729 0.072070043662918387 0.074598697323976684 0.071066959033333182 0.070997318115895561 -0.071498059129845498 0.071498063647362747 0.074259039305955038 0.072288686595596605
leaf_weight=7.0999026298522931 4.5132966712117213 6.8267546296119672 21.345664024353027 33.37214221060276 151.27535361051559 16.923297554254532 21.367232799530029 3.7126777172088614 49.640084899961948 96.436592996120453 6.3933098912239075 3.5322248935699463 14.649796962738035 3.5824604034423828
leaf_count=2 40 63 6 307 1390 156 6 1 15 32 59 1 4 1
internal_value=-3.28763e-06 -0.0216104 0.03622 -0.0171 -0.0428526 -0.0530823 0.00859018 -0.0683187 0.0548711 0.0627601 0.00388842 -0.022739 0.0440731 -0.0105504
internal_weight=440.671 276.023 164.648 54.7178 216.024 193.279 38.2905 154.988 59.9991 109.93 13.4932 10.359 22.7456 8.09576
internal_count=2083 1677 406 313 1598 1553 162 1391 79 93 61 64 45 41
is_linear=0
shrinkage=0.05


Tree=11
num_leaves=15
num_cat=0
split_feature=16 25 22 27 18 2 20 21 19 21 25 0 10 1
split_gain=128.354 166.921 86.684 103.164 71.5067 67.6088 72.5263 28.9195 28.0732 19.8165 25.7112 17.7257 13.9298 16.3804
threshold=-0.77325308322906483 0.99862593412399303 -0.50108656287193287 -2.5896649360656734 -1.5313985347747801 1.0509262681007387 0.97076672315597545 4.9558470249176034 0.36942692101001745 0.15580447763204577 -0.48258399963378901 4.9518909454345712 1.2100721001625063 1.6063476204872134
decision_type=2 2 2 2 2 2 2 2 2 2 2 2 2 2
left_child=2 4 9 -4 12 7 -7 -6 11 10 -1 -3 13 -2
right_child=1 8 3 -5 5 6 -8 -9 -10 -11 -12 -13 -14 -15
leaf_value=0.070264445634046518 -0.074445907157643806 -0.070014654817885588 0.070377346465209253 -0.072431957870762051 -0.070316255844786166 -0.070070209612186019 0.070538408670816843 0.072830446530864415 0.0695707377561052 0.069456408086599156 -0.070014654817885574 0.07001465488167323 0.072538274878656495 0.070734324579615343
leaf_weight=6.8948509693145734 4.3976043462753323 6.6278656795620901 20.731597900390625 32.424528568983078 146.90846096724272 16.431209206581116 20.75514554977417 3.6151475906372061 48.208584472537041 93.71626615524292 6.2070488110184669 3.4293181896209717 14.257398366928099 3.4807038307189941
leaf_count=2 40 63 6 307 1390 156 6 1 15 32 59 1 4 1
internal_value=-3.5897e-06 -0.0211519 0.0354403 -0.0167344 -0.0419405 -0.0519635 0.00840891 -0.0668783 0.0537187 0.0614041 0.00380697 -0.0222672 0.0430539 -0.010304
internal_weight=428.086 268.111 159.974 53.1561 209.846 187.71 37.1864 150.524 58.2658 106.818 13.1019 10.0572 22.1357 7.87831
internal_count=2083 1677 406 313 1598 1553 162 1391 79 93 61 64 45 41
is_linear=0
shrinkage=0.05


Tree=12
num_leaves=15
num_cat=0
split_feature=16 25 22 27 18 2 20 21 19 21 25 0 10 1
split_gain=119.592 155.566 80.7397 96.1305 66.6472 63.0151 67.6021 26.9524 26.163 18.4412 23.9694 16.5271 12.9566 15.2373
threshold=-0.77325308322906483 0.99862593412399303 -0.50108656287193287 -2.5896649360656734 -1.5313985347747801 1.0509262681007387 0.97076672315597545 4.9558470249176034 0.36942692101001745 0.15580447763204577 -0.48258399963378901 4.9518909454345712 1.2100721001625063 1.6063476204872134
decision_type=2 2 2 2 2 2 2 2 2 2 2 2 2 2
left_child=2 4 9 -4 12 7 -7 -6 11 10 -1 -3 13 -2
right_child=1 8 3 -5 5 6 -8 -9 -10 -11 -12 -13 -14 -15
leaf_value=0.068889459427318486 -0.072758847362551449 -0.068661267867321352 0.068992639890322172 -0.070980732030498012 -0.068939190549762761 -0.068712031807102794 0.069142237597313236 0.071226799655167761 0.068202912524530618 0.068044230122069657 -0.068661267867321338 0.068661266312161559 0.070975003258804278 0.069318365869732099
leaf_weight=6.6861355304718 4.27763403952122 6.4257083907723409 20.106161117553711 31.457601718604565 142.46351340413094 15.930877536535261 20.131351232528687 3.5142710208892813 46.753547392785549 90.948400467634201 6.01772690564394 3.3247201442718506 13.853105068206785 3.3768467903137207
leaf_count=2 40 63 6 307 1390 156 6 1 15 32 59 1 4 1
internal_value=-3.90619e-06 -0.0207338 0.0347273 -0.0164012 -0.0411091 -0.0509433 0.00824363 -0.0655648 0.0526655 0.0601621 0.00373268 -0.0218368 0.0421277 -0.0100801
internal_weight=415.268 260.052 155.216 51.5638 203.548 182.04 36.0622 145.978 56.504 103.652 12.7039 9.75043 21.5076 7.65448
internal_count=2083 1677 406 313 1598 1553 162 1391 79 93 61 64 45 41
is_linear=0
shrinkage=0.05


Tree=13
num_leaves=15
num_cat=0
split_feature=16 25 22 27 18 2 20 21 19 21 25 0 10 1
split_gain=111.58 145.183 75.3004 89.702 62.204 58.8148 63.0992 25.1541 24.415 17.1828 22.3762 15.4304 12.0703 14.1957
threshold=-0.77325308322906483 0.99862593412399303 -0.50108656287193287 -2.5896649360656734 -1.5313985347747801 1.0509262681007387 0.97076672315597545 4.9558470249176034 0.36942692101001745 0.15580447763204577 -0.48258399963378901 4.9518909454345712 1.2100721001625063 1.6063476204872134
decision_type=2 2 2 2 2 2 2 2 2 2 2 2 2 2
left_child=2 4 9 -4 12 7 -7 -6 11 10 -1 -3 13 -2
right_child=1 8 3 -5 5 6 -8 -9 -10 -11 -12 -13 -14 -15
leaf_value=0.067632002210958553 -0.071222070900258491 -0.06742295840160327 0.067726552736346674 -0.069653775848515315 -0.06767972034025839 -0.067469474963265066 0.067865795096844511 0.069767470794492553 0.066948608024655007 0.066745523501140422 -0.067422958401603256 0.067422957053518098 0.069550127165763073 0.06802460583529045
leaf_weight=6.4752724170684797 4.1545578464865711 6.2217106372117978 19.473955869674683 30.478866763412952 137.97278699278831 15.425861209630964 19.500484704971313 3.411008119583129 45.285256735980511 88.153065145015717 5.8266813904047012 3.2191698551177979 13.440528869628904 3.2716836929321289
leaf_count=2 40 63 6 307 1390 156 6 1 15 32 59 1 4 1
internal_value=-4.23884e-06 -0.0203513 0.034073 -0.0160965 -0.040349 -0.0500104 0.00809249 -0.0643637 0.0517001 0.0590205 0.00366475 -0.0214429 0.0412833 -0.00987595
internal_weight=402.311 251.903 150.408 49.9528 197.177 176.31 34.9263 141.384 54.7261 100.455 12.302 9.44088 20.8668 7.42624
internal_count=2083 1677 406 313 1598 1553 162 1391 79 93 61 64 45 41
is_linear=0
shrinkage=0.05


Tree=14
num_leaves=15
num_cat=0
split_feature=16 25 22 27 18 2 20 21 19 21 25 0 10 1
split_gain=104.233 135.663 70.3101 83.81 58.1305 54.9638 58.9704 23.5056 22.8112 16.0282 20.915 14.4243 11.2605 13.2438
threshold=-0.77325308322906483 0.99862593412399303 -0.50108656287193287 -2.5896649360656734 -1.5313985347747801 1.0509262681007387 0.97076672315597545 4.9558470249176034 0.36942692101001745 0.15580447763204577 -0.48258399963378901 4.9518909454345712 1.2100721001625063 1.6063476204872134
decision_type=2 2 2 2 2 2 2 2 2 2 2 2 2 2
left_child=2 4 9 -4 12 7 -7 -6 11 10 -1 -3 13 -2
right_child=1 8 3 -5 5 6 -8 -9 -10 -11 -12 -13 -14 -15
leaf_value=0.066478956273268483 -0.069817714114479845 -0.066286974861926543 0.06656582501831837 -0.068436754880217138 -0.066524742406299311 -0.066329709996303374 0.066695665452763217 0.068435354487897435 0.065795097726761773 0.065547245797153417 -0.066286974861926515 0.066286977777168521 0.068247522229445454 0.066839263207867705
leaf_weight=6.2635710239410383 4.0293930545449284 6.0171045586466771 18.838952541351318 29.49478467553854 133.46412563323975 14.919227510690687 18.866550445556641 3.3061916828155509 43.812580548226833 85.347561098635197 5.6350661739706993 3.1133048534393311 13.02280020713806 3.1659011840820312
leaf_count=2 40 63 6 307 1390 156 6 1 15 32 59 1 4 1
internal_value=-4.58776e-06 -0.0200004 0.0334707 -0.015817 -0.0396522 -0.049155 0.00795391 -0.0632623 0.0508126 0.0579679 0.00360244 -0.0210816 0.0405111 -0.00968918
internal_weight=389.297 243.717 145.58 48.3337 190.774 170.556 33.7858 136.77 52.943 97.2462 11.8986 9.13041 20.2181 7.19529
internal_count=2083 1677 406 313 1598 1553 162 1391 79 93 61 64 45 41
is_linear=0
shrinkage=0.05


Tree=15
num_leaves=15
num_cat=0
split_feature=16 25 22 27 18 2 20 21 19 21 25 0 10 1
split_gain=97.4796 126.913 65.7207 78.3962 54.3868 51.4244 55.1754 21.9908 21.3362 14.9664 19.5715 13.4992 10.5187 12.3715
threshold=-0.77325308322906483 0.99862593412399303 -0.50108656287193287 -2.5896649360656734 -1.5313985347747801 1.0509262681007387 0.97076672315597545 4.9558470249176034 0.36942692101001745 0.15580447763204577 -0.48258399963378901 4.9518909454345712 1.2100721001625063 1.6063476204872134
decision_type=2 2 2 2 2 2 2 2 2 2 2 2 2 2
left_child=2 4 9 -4 12 7 -7 -6 11 10 -1 -3 13 -2
right_child=1 8 3 -5 5 6 -8 -9 -10 -11 -12 -13 -14 -15
leaf_value=0.065419085884494785 -0.068530657104534057 -0.065242366446115765 0.065499073026694915 -0.067317458227017166 -0.065462988645278872 -0.06528170844261412 0.065620345806088651 0.067215924734476518 0.064731450169115634 0.064438184090217107 -0.065242366446115752 0.065242367595516909 0.067053451448536694 0.065750530056644538
leaf_weight=6.0521559715270978 3.9030195251107243 5.8129490911960584 18.204567193984985 28.510886460542679 128.96150250732899 14.413613587617872 18.232991456985474 3.200542449951171 42.343132466077805 82.546738475561142 5.4438729584217072 3.0076727867126465 12.602625131607054 3.0600903034210205
leaf_count=2 40 63 6 307 1390 156 6 1 15 32 59 1 4 1
internal_value=-4.95308e-06 -0.0196778 0.0329147 -0.0155601 -0.0390119 -0.0483686 0.00782654 -0.0622499 0.0499946 0.0569945 0.00354517 -0.0207494 0.039803 -0.00951786
internal_weight=376.296 235.538 140.758 46.7155 184.374 164.809 32.6466 132.162 51.1638 94.0428 11.496 8.82062 19.5657 6.96311
internal_count=2083 1677 406 313 1598 1553 162 1391 79 93 61 64 45 41
is_linear=0
shrinkage=0.05


Tree=16
num_leaves=15
num_cat=0
split_feature=16 25 25 18 18 2 20 24 21 19 0 10 1 17
split_gain=91.2579 118.852 61.5292 60.9209 50.9385 48.1642 51.6795 32.5528 20.5956 19.9768 12.6466 9.8374 11.5702 4.51873
threshold=-0.77325308322906483 0.99862593412399303 -0.50503453612327565 2.4750989675521855 -1.5313985347747801 1.0509262681007387 0.97076672315597545 -2.8763803243637081 4.9558470249176034 0.36942692101001745 4.9518909454345712 1.2100721001625063 1.6063476204872134 -0.99440690875053395
decision_type=2 2 2 2 2 2 2 2 2 2 2 2 2 2
left_child=2 4 13 7 11 8 -7 -4 -6 10 -3 12 -2 -1
right_child=1 9 3 -5 5 6 -8 -9 -10 -11 -12 -13 -14 -15
leaf_value=-0.092997264594538623 -0.067347987584152891 -0.064279663339074325 0.064293836879540628 0.062262674503340887 -0.064484772252777364 -0.064315962556679679 0.064629928371179632 -0.064469395412537864 0.066096776017689943 0.063748197608376925 0.064279664994959726 0.065956148740933127 0.064748237110681048 0.062454995682534598
leaf_weight=0.47032479196786781 3.7761971130967167 5.6101482734084112 5.8086535930633536 20.755719318985939 124.48537966609001 13.911273658275606 17.602757215499878 31.672354139387608 3.0946812629699698 40.88343220949173 2.9027416706085205 12.182333946228026 2.9547569751739502 77.257798880338669
leaf_count=4 40 63 2 9 1390 156 6 356 1 15 1 4 1 35
internal_value=-5.33577e-06 -0.0193805 0.0324 -0.00645864 -0.0384221 -0.0476442 0.0077092 -0.0445142 -0.0613173 0.0492388 -0.0204433 0.0391521 -0.00936033 0.0615144
internal_weight=363.369 227.404 135.965 58.2367 178.007 159.094 31.514 37.481 127.58 49.3963 8.51289 18.9133 6.73095 77.7281
internal_count=2083 1677 406 367 1598 1553 162 358 1391 79 64 45 41 39
is_linear=0
shrinkage=0.05


Tree=17
num_leaves=15
num_cat=0
split_feature=16 25 22 27 18 2 20 21 19 21 25 1 10 1
split_gain=85.4774 111.412 58.0339 69.2147 47.7557 45.1549 48.4525 19.308 18.7213 13.1007 17.2057 11.8592 9.21031 10.8324
threshold=-0.77325308322906483 0.99862593412399303 -0.50108656287193287 -2.5896649360656734 -1.5313985347747801 1.0509262681007387 0.97076672315597545 4.9558470249176034 0.36942692101001745 0.15580447763204577 -0.48258399963378901 -2.6961333751678462 1.2100721001625063 1.6063476204872134
decision_type=2 2 2 2 2 2 2 2 2 2 2 2 2 2
left_child=2 4 9 -4 12 7 -7 -6 11 10 -1 -3 13 -2
right_child=1 8 3 -5 5 6 -8 -9 -10 -11 -12 -13 -14 -15
leaf_value=0.063568257535072309 -0.066258615069642854 0.063390650759769754 0.063635376244424266 -0.06560860496378286 -0.063581661483866223 -0.063424207379157688 0.063715815520154456 0.065067229038956759 0.062837116236879237 0.062527786734521959 -0.063388111087362101 -0.063390652688164753 0.064945475488188673 0.063823574482123363
leaf_weight=5.6403172016143781 3.6495788097381618 2.798909664154051 16.9671630859375 26.597776927053928 120.05320776998997 13.414124339818956 16.978358507156372 2.9891407489776602 39.439012713730335 77.030628204345703 5.0654572919011116 5.4094709604978561 11.763925075531004 2.8503332138061523
leaf_count=2 40 1 6 307 1390 156 6 1 15 32 59 63 4 1
internal_value=-6.0858e-06 -0.0191059 0.0319013 -0.0152722 -0.0378778 -0.0469755 0.00760088 -0.0604563 0.0485388 0.0553249 0.00349861 -0.0201605 0.0385525 -0.00921514
internal_weight=350.647 219.346 131.301 43.5649 171.699 153.435 30.3925 123.042 47.6474 87.7364 10.7058 8.20838 18.2638 6.49991
internal_count=2083 1677 406 313 1598 1553 162 1391 79 93 61 64 45 41
is_linear=0
shrinkage=0.05


Tree=18
num_leaves=15
num_cat=0
split_feature=16 25 22 27 18 2 20 21 19 21 25 1 10 1
split_gain=80.1672 104.531 54.3919 64.9334 44.8124 42.372 45.4681 18.1174 17.5596 12.2636 16.1474 11.1308 8.63188 10.1518
threshold=-0.77325308322906483 0.99862593412399303 -0.50108656287193287 -2.5896649360656734 -1.5313985347747801 1.0509262681007387 0.97076672315597545 4.9558470249176034 0.36942692101001745 0.15580447763204577 -0.48258399963378901 -2.6961333751678462 1.2100721001625063 1.6063476204872134
decision_type=2 2 2 2 2 2 2 2 2 2 2 2 2 2
left_child=2 4 9 -4 12 7 -7 -6 11 10 -1 -3 13 -2
right_child=1 8 3 -5 5 6 -8 -9 -10 -11 -12 -13 -14 -15
leaf_value=0.062732596850667149 -0.065252965446497099 0.06256815654688351 0.06279476516653669 -0.064719973362577482 -0.062746314955630669 -0.062599231963030535 0.06287051298266802 0.064118065457370879 0.061991023217192034 0.061632253078234639 -0.062565800804346136 -0.062568153168910692 0.064012641301489412 0.062968868463587138
leaf_weight=5.4348845481872541 3.5237240269780186 2.6965122222900382 16.350214242935181 25.639123007655144 115.67972430586815 12.923783630132677 16.361923217773438 2.8843760490417472 38.01454384624958 74.311381250619888 4.8801272511482239 5.2115672528743744 11.349102497100828 2.7471847534179688
leaf_count=2 40 1 6 307 1390 156 6 1 15 32 59 63 4 1
internal_value=-6.4989e-06 -0.0188518 0.0314569 -0.0150671 -0.0373744 -0.046357 0.00750071 -0.05966 0.0478892 0.0545408 0.00345277 -0.0198989 0.0379988 -0.00908103
internal_weight=338.008 211.392 126.616 41.9893 165.47 147.85 29.2857 118.564 45.9226 84.6264 10.315 7.90808 17.62 6.27091
internal_count=2083 1677 406 313 1598 1553 162 1391 79 93 61 64 45 41
is_linear=0
shrinkage=0.05


Tree=19
num_leaves=15
num_cat=0
split_feature=16 25 22 27 18 2 20 21 19 21 25 0 10 1
split_gain=75.2472 98.1557 51.0163 60.9679 42.0858 39.7939 42.7031 17.0145 16.4829 11.4878 15.1668 10.4557 8.09729 9.52264
threshold=-0.77325308322906483 0.99862593412399303 -0.50108656287193287 -2.5896649360656734 -1.5313985347747801 1.0509262681007387 0.97076672315597545 4.9558470249176034 0.36942692101001745 0.15580447763204577 -0.48258399963378901 4.9518909454345712 1.2100721001625063 1.6063476204872134
decision_type=2 2 2 2 2 2 2 2 2 2 2 2 2 2
left_child=2 4 9 -4 12 7 -7 -6 11 10 -1 -3 13 -2
right_child=1 8 3 -5 5 6 -8 -9 -10 -11 -12 -13 -14 -15
leaf_value=0.061958396389988929 -0.06432272475821442 -0.061805881454769188 0.062016072591627107 -0.06389516610384724 -0.061972302324715435 -0.061834711835974068 0.062087460519466869 0.063241246492985626 0.061203583573780501 0.060794025030643052 -0.061803697990718755 0.061805885629707985 0.063149994918575258 0.062177409318281522
leaf_weight=5.2327764034271222 3.3991089314222362 5.0169802308082572 15.743116617202757 24.695498563349247 111.37729240953922 12.441608011722566 15.755236387252806 2.7807738780975333 36.613949477672577 71.637014254927635 4.697905071079731 2.5958311557769775 10.939312219619749 2.6456191539764404
leaf_count=2 40 63 6 307 1390 156 6 1 15 32 59 1 4 1
internal_value=-6.93251e-06 -0.0186162 0.0310424 -0.0148768 -0.0369081 -0.0457839 0.0074079 -0.0589222 0.047285 0.0538077 0.00341029 -0.0196565 0.0374867 -0.00895693
internal_weight=325.572 203.566 122.006 40.4386 159.339 142.355 28.1968 114.158 44.2268 81.5677 9.93068 7.61281 16.984 6.04473
internal_count=2083 1677 406 313 1598 1553 162 1391 79 93 61 64 45 41
is_linear=0
shrinkage=0.05


Tree=20
num_leaves=15
num_cat=0
split_feature=16 25 22 27 18 2 20 21 19 21 25 0 10 1
split_gain=70.6813 92.2402 47.8828 57.2887 39.5557 37.4016 40.1373 15.9912 15.4834 10.7675 14.2566 9.82905 7.60233 8.94005
threshold=-0.77325308322906483 0.99862593412399303 -0.50108656287193287 -2.5896649360656734 -1.5313985347747801 1.0509262681007387 0.97076672315597545 4.9558470249176034 0.36942692101001745 0.15580447763204577 -0.48258399963378901 4.9518909454345712 1.2100721001625063 1.6063476204872134
decision_type=2 2 2 2 2 2 2 2 2 2 2 2 2 2
left_child=2 4 9 -4 12 7 -7 -6 11 10 -1 -3 13 -2
right_child=1 8 3 -5 5 6 -8 -9 -10 -11 -12 -13 -14 -15
leaf_value=0.061239962296128651 -0.063460631148815755 -0.061098303748179074 0.061293558004615646 -0.063128062462948428 -0.061253957275381445 -0.06112508272054077 0.061360888063226232 0.062429785975450361 0.06046924449887997 0.060007340915897205 -0.061096272016237102 0.061098305891941179 0.062350838049610252 0.061443310873029983
leaf_weight=5.0344786643981916 3.2761369869112995 4.8261605054140082 15.147347927093504 23.769274242222309 107.1561973169446 11.968722850084307 15.159786224365233 2.6786596775054923 35.240464404225349 69.013871505856514 4.5192123129963875 2.4970993995666504 10.535770416259764 2.5458924770355225
leaf_count=2 40 63 6 307 1390 156 6 1 15 32 59 1 4 1
internal_value=-7.38866e-06 -0.0183975 0.0306549 -0.0147 -0.0364754 -0.0452521 0.00732177 -0.0582376 0.046722 0.0531204 0.00337087 -0.0194315 0.0370121 -0.00884188
internal_weight=313.369 195.885 117.484 38.9166 153.321 136.963 27.1285 109.835 42.5637 78.5676 9.55369 7.32326 16.3578 5.82203
internal_count=2083 1677 406 313 1598 1553 162 1391 79 93 61 64 45 41
is_linear=0
shrinkage=0.05


Tree=21
num_leaves=15
num_cat=0
split_feature=16 25 22 27 18 2 20 21 19 21 25 0 10 1
split_gain=66.4378 86.7427 44.9697 53.87 37.2046 35.1785 37.7527 15.0403 14.5542 10.098 13.4106 9.24649 7.14331 8.3997
threshold=-0.77325308322906483 0.99862593412399303 -0.50108656287193287 -2.5896649360656734 -1.5313985347747801 1.0509262681007387 0.97076672315597545 4.9558470249176034 0.36942692101001745 0.15580447763204577 -0.48258399963378901 4.9518909454345712 1.2100721001625063 1.6063476204872134
decision_type=2 2 2 2 2 2 2 2 2 2 2 2 2 2
left_child=2 4 9 -4 12 7 -7 -6 11 10 -1 -3 13 -2
right_child=1 8 3 -5 5 6 -8 -9 -10 -11 -12 -13 -14 -15
leaf_value=0.060572285190918784 -0.062660327140399971 -0.060440509179867125 0.060622157814307125 -0.062413285628037878 -0.060586270746869175 -0.060465430647277399 0.060685705584302654 0.061677522301929161 0.05978304889184987 0.059267093376919246 -0.060438627654202007 0.060440513202563911 0.061609282744116048 0.060761358647616143
leaf_weight=4.8403890132904035 3.155146896839141 4.6394779533147803 14.564120769500731 22.86238469928503 103.02486408501863 11.50604769587517 14.576793909072874 2.5783059597015372 33.896751381456852 66.447143048048019 4.3443940505385399 2.4005081653594971 10.139492511749266 2.448216438293457
leaf_count=2 40 63 6 307 1390 156 6 1 15 32 59 1 4 1
internal_value=-7.86535e-06 -0.018194 0.0302918 -0.0145354 -0.0360733 -0.0447579 0.00724173 -0.0576012 0.0461963 0.0524746 0.00333423 -0.0192223 0.0365716 -0.00873504
internal_weight=301.424 188.366 113.058 37.4265 147.429 131.686 26.0828 105.603 40.9367 75.6319 9.18478 7.03999 15.7429 5.60336
internal_count=2083 1677 406 313 1598 1553 162 1391 79 93 61 64 45 41
is_linear=0
shrinkage=0.05


Tree=22
num_leaves=15
num_cat=0
split_feature=16 25 25 18 18 2 20 24 21 16 0 10 1 17
split_gain=62.4884 81.6266 42.2648 41.9636 35.0166 33.1097 35.5336 22.5928 14.1554 13.7144 9.1492 6.71696 7.89776 3.23362
threshold=-0.77325308322906483 0.99862593412399303 -0.50503453612327565 2.4750989675521855 -1.5313985347747801 1.0509262681007387 0.97076672315597545 -2.8763803243637081 4.9558470249176034 0.36392943561077123 4.9518909454345712 1.2100721001625063 1.6063476204872134 -0.99440690875053395
decision_type=2 2 2 2 2 2 2 2 2 2 2 2 2 2
left_child=2 4 13 7 11 8 -7 -4 -6 10 -3 12 -2 -1
right_child=1 9 3 -5 5 6 -8 -9 -10 -11 -12 -13 -14 -15
leaf_value=-0.079200362320122453 -0.061916205537309456 -0.0638876761335989 0.059857890098064685 0.057440620071656269 -0.059964816183746938 -0.059851386527428607 0.060057393055417831 -0.060426993369854326 0.060979045080980211 0.05889798458436446 0.059828171326035087 0.060920123809336361 0.060126958310532802 0.057785965458343962
leaf_weight=0.43381644785404105 3.0364205241203299 4.2454762011766425 4.6216595172882107 16.620945394039154 98.990103088319302 11.054325699806215 14.00724935531616 25.133516140282154 2.4799382686614981 32.796700060367584 2.3062107563018799 9.751316308975218 2.3527622222900391 61.926440611481667
leaf_count=4 40 60 2 9 1390 156 6 356 1 18 1 4 1 35
internal_value=-8.36664e-06 -0.0180044 0.0299508 -0.00619678 -0.0356991 -0.0442978 0.00716723 -0.041744 -0.0570089 0.0457046 -0.0203394 0.0361621 -0.00863567 0.056833
internal_weight=289.757 181.021 108.736 46.3761 141.672 126.532 25.0616 29.7552 101.47 39.3484 6.55169 15.1405 5.38918 62.3603
internal_count=2083 1677 406 367 1598 1553 162 358 1391 79 61 45 41 39
is_linear=0
shrinkage=0.05


Tree=23
num_leaves=15
num_cat=0
split_feature=16 25 22 27 18 2 20 21 19 21 25 0 10 1
split_gain=58.7725 76.8412 40.0802 48.0351 32.9779 31.1819 33.4656 13.331 12.9376 8.90103 11.8981 8.21236 6.32039 7.43086
threshold=-0.77325308322906483 0.99862593412399303 -0.50108656287193287 -2.5896649360656734 -1.5313985347747801 1.0509262681007387 0.97076672315597545 4.9558470249176034 0.36942692101001745 0.15580447763204577 -0.48258399963378901 4.9518909454345712 1.2100721001625063 1.6063476204872134
decision_type=2 2 2 2 2 2 2 2 2 2 2 2 2 2
left_child=2 4 9 -4 12 7 -7 -6 11 10 -1 -3 13 -2
right_child=1 8 3 -5 5 6 -8 -9 -10 -11 -12 -13 -14 -15
leaf_value=0.059392194556079726 -0.061223307936747962 -0.059302515710538517 0.059435139266934979 -0.061397198700378568 -0.059385641360185419 -0.059279068044370387 0.059471937564825654 0.060329559561726136 0.058543467743970068 0.057984785101906335 -0.05925022095638835 0.059257414698318134 0.060278766603516935 0.059535996488610646
leaf_weight=4.4726736545562726 2.9201900437474242 4.2910162284970275 13.458286285400389 21.151567369699478 95.057306908071041 10.614140689373018 13.451940774917601 2.3837404251098624 31.317788563668728 61.522064045071602 4.0057809799909592 2.2143282890319824 9.3719220161437971 2.259666919708252
leaf_count=2 40 63 6 307 1390 156 6 1 15 32 59 1 4 1
internal_value=-9.50559e-06 -0.0178255 0.029604 -0.0144107 -0.0353504 -0.0438691 0.00709782 -0.056457 0.0452157 0.0513659 0.0033377 -0.0189464 0.0357809 -0.00854313
internal_weight=278.492 173.882 104.61 34.6099 136.059 121.507 24.0661 97.441 37.8231 70.0005 8.47845 6.50534 14.5518 5.17986
internal_count=2083 1677 406 313 1598 1553 162 1391 79 93 61 64 45 41
is_linear=0
shrinkage=0.05


Tree=24
num_leaves=15
num_cat=0
split_feature=16 25 22 27 18 2 20 21 16 21 25 0 10 1
split_gain=55.3407 72.3943 37.701 45.2515 31.0759 29.3834 31.5363 12.5618 12.2126 8.35866 11.2128 8.17223 5.95102 6.99598
threshold=-0.77325308322906483 0.99862593412399303 -0.50108656287193287 -2.5896649360656734 -1.5313985347747801 1.0509262681007387 0.97076672315597545 4.9558470249176034 0.36392943561077123 0.15580447763204577 -0.48258399963378901 4.9518909454345712 1.2100721001625063 1.6063476204872134
decision_type=2 2 2 2 2 2 2 2 2 2 2 2 2 2
left_child=2 4 9 -4 12 7 -7 -6 11 10 -1 -3 13 -2
right_child=1 8 3 -5 5 6 -8 -9 -10 -11 -12 -13 -14 -15
leaf_value=0.058850613086665365 -0.060577236400327222 -0.063112784554033033 0.058890729211448861 -0.060809784784710268 -0.058845218105083752 -0.058745003404480023 0.058925752616363562 0.059724802355594381 0.057722449966350488 0.057358162971794906 -0.058718068994665612 0.058724779390669536 0.059681108015398138 0.058984827643516424
leaf_weight=4.2926971912384015 2.8066432364284983 3.9065683931112281 12.917258262634276 20.309415329247713 91.230624720454216 10.185941129922869 12.911474466323851 2.2898602485656729 30.285574406385422 59.144723802804947 3.8440728783607483 2.1249535083770752 9.0018546581268293 2.1690363883972168
leaf_count=2 40 60 6 307 1390 156 6 1 18 32 59 1 4 1
internal_value=-1.00477e-05 -0.0176603 0.0293015 -0.0142748 -0.0350251 -0.0434691 0.00703305 -0.055942 0.0447831 0.0508215 0.00330737 -0.0201884 0.0354256 -0.00845683
internal_weight=267.421 166.913 100.508 33.2267 130.595 116.618 23.0974 93.5205 36.3171 67.2815 8.13677 6.03152 13.9775 4.97568
internal_count=2083 1677 406 313 1598 1553 162 1391 79 93 61 61 45 41
is_linear=0
shrinkage=0.05


Tree=25
num_leaves=15
num_cat=0
split_feature=16 25 22 27 18 2 20 21 19 21 25 0 10 1
split_gain=52.1333 68.2241 35.4784 42.6518 29.2995 27.7036 29.7343 11.8435 11.5281 7.85198 10.5726 7.31196 5.60658 6.59043
threshold=-0.77325308322906483 0.99862593412399303 -0.50108656287193287 -2.5896649360656734 -1.5313985347747801 1.0509262681007387 0.97076672315597545 4.9558470249176034 0.36942692101001745 0.15580447763204577 -0.48258399963378901 4.9518909454345712 1.2100721001625063 1.6063476204872134
decision_type=2 2 2 2 2 2 2 2 2 2 2 2 2 2
left_child=2 4 9 -4 12 7 -7 -6 11 10 -1 -3 13 -2
right_child=1 8 3 -5 5 6 -8 -9 -10 -11 -12 -13 -14 -15
leaf_value=0.058344787667902499 -0.059974071301359372 -0.058324631367654568 0.058382292752706545 -0.06025877474382027 -0.058340391373925216 -0.058246077696716927 0.05841562961171564 0.059160998059498662 0.057449241723471149 0.056762410696139291 -0.058220894140094931 0.058227177034186832 0.059123488046000421 0.058470191465808612
leaf_weight=4.117842197418212 2.6959294863045207 3.9605767093598834 12.391566276550295 19.491083350032568 87.513117700815201 9.7700559496879595 12.386303901672362 2.1984131336212149 28.877346225082874 56.835723608732224 3.6870276667177677 2.0381538867950439 8.6415369510650617 2.0809502601623535
leaf_count=2 40 63 6 307 1390 156 6 1 15 32 59 1 4 1
internal_value=-1.08089e-05 -0.0175037 0.0290154 -0.0141475 -0.0347213 -0.0430955 0.00697255 -0.055461 0.0443473 0.0503047 0.00327905 -0.0187245 0.035094 -0.00837624
internal_weight=256.686 160.162 96.5232 31.8826 125.286 111.868 22.1564 89.7115 34.8761 64.6406 7.80487 5.99873 13.4184 4.77688
internal_count=2083 1677 406 313 1598 1553 162 1391 79 93 61 64 45 41
is_linear=0
shrinkage=0.05


Tree=26
num_leaves=15
num_cat=0
split_feature=16 25 25 18 18 2 20 21 16 7 21 0 10 1
split_gain=49.1361 64.3415 33.4884 29.6524 27.6386 26.1331 28.0493 11.1719 10.9006 9.67895 8.61851 7.32019 5.28501 6.21182
threshold=-0.77325308322906483 0.99862593412399303 -0.89747759699821461 0.34910528361797338 -1.5313985347747801 1.0509262681007387 0.97076672315597545 4.9558470249176034 0.36392943561077123 -1.2713847756385801 -0.8406134545803069 4.9518909454345712 1.2100721001625063 1.6063476204872134
decision_type=2 2 2 2 2 2 2 2 2 2 2 2 2 2
left_child=2 4 -1 9 12 7 -7 -6 11 -4 -5 -3 13 -2
right_child=1 8 3 10 5 6 -8 -9 -10 -11 -12 -13 -14 -15
leaf_value=0.057689063795901156 -0.059410307744673464 -0.062524041572054254 0.057734440104071 -0.060207837707957859 -0.057868323549203605 -0.057779495497676414 0.057938673629753537 0.058634742386609512 0.056677984347842082 -0.059612927068747157 0.043231790304229079 0.057761809388039237 0.058602643266128664 0.057989136262689145
leaf_weight=48.078380048274994 2.588164296001195 3.586281355470418 1.9489316940307642 2.2111013978719738 83.906899306923151 9.366707459092142 11.876747131347654 2.109487533569335 27.916699200868607 17.861910562962294 22.55751808732748 1.9539753198623655 8.2912875413894636 1.9954651594161985
leaf_count=25 40 60 1 36 1390 156 6 1 18 295 49 1 4 1
internal_value=-1.14058e-05 -0.017359 0.0287444 -0.00247208 -0.0344372 -0.0427461 0.00691598 -0.0550112 0.0439639 -0.0480686 0.0339977 -0.0201008 0.0347841 -0.00830092
internal_weight=246.25 153.592 92.6578 44.5795 120.135 107.26 21.2435 86.0164 33.457 19.8108 24.7686 5.54026 12.8749 4.58363
internal_count=2083 1677 406 381 1598 1553 162 1391 79 296 85 61 45 41
is_linear=0
shrinkage=0.05


Tree=27
num_leaves=15
num_cat=0
split_feature=16 25 22 27 18 2 20 21 19 21 25 0 10 1
split_gain=46.2225 60.692 31.8497 38.4371 26.0842 24.6633 26.4724 10.5434 10.2941 6.9683 9.42212 6.5246 4.98446 5.85796
threshold=-0.77325308322906483 0.99862593412399303 -0.50108656287193287 -2.5896649360656734 -1.5313985347747801 1.0509262681007387 0.97076672315597545 4.9558470249176034 0.36942692101001745 0.15580447763204577 -0.48258399963378901 4.9518909454345712 1.2100721001625063 1.6063476204872134
decision_type=2 2 2 2 2 2 2 2 2 2 2 2 2 2
left_child=2 4 9 -4 12 7 -7 -6 11 10 -1 -3 13 -2
right_child=1 8 3 -5 5 6 -8 -9 -10 -11 -12 -13 -14 -15
leaf_value=0.057430578721444539 -0.058882802765361057 -0.057483439318115552 0.057536153620138447 -0.059471321913449483 -0.057426454488963219 -0.057342742795171167 0.05749230158615376 0.058143002143255046 0.056476358469139058 0.055728330834163654 -0.057334191620669939 0.057326181542014409 0.058115625929058216 0.057539032499856313
leaf_weight=3.7843787670135489 2.4834336116909963 3.6491815708577624 11.470577239990236 18.084889698773623 80.413268011063337 8.9760290533304232 11.383000254631041 2.0231463909149161 26.581780016422272 52.490293130278587 3.3909105621278286 1.8724449872970579 7.9513323307037354 1.912616968154907
leaf_count=2 40 63 6 307 1390 156 6 1 15 32 59 1 4 1
internal_value=-1.35382e-05 -0.0172212 0.0283852 -0.0140603 -0.0341713 -0.0424191 0.00686304 -0.0545902 0.0435722 0.0494107 0.00319485 -0.0185502 0.0344944 -0.00823043
internal_weight=236.467 147.246 89.221 29.5555 115.143 102.795 20.359 82.4364 32.1034 59.6656 7.17529 5.52163 12.3474 4.39605
internal_count=2083 1677 406 313 1598 1553 162 1391 79 93 61 64 45 41
is_linear=0
shrinkage=0.05


Tree=28
num_leaves=15
num_cat=0
split_feature=16 25 25 18 18 2 20 21 16 7 21 1 10 1
split_gain=43.6002 57.2888 30.0732 26.2974 24.6281 23.2865 24.9951 9.95472 9.74997 8.64161 7.5682 6.57414 4.70328 5.52693
threshold=-0.77325308322906483 0.99862593412399303 -0.89747759699821461 0.34910528361797338 -1.5313985347747801 1.0509262681007387 0.97076672315597545 4.9558470249176034 0.36392943561077123 -1.2713847756385801 -0.8406134545803069 -2.6961333751678462 1.2100721001625063 1.6063476204872134
decision_type=2 2 2 2 2 2 2 2 2 2 2 2 2 2
left_child=2 4 -1 9 12 7 -7 -6 11 -4 -5 -3 13 -2
right_child=1 8 3 10 5 6 -8 -9 -10 -11 -12 -13 -14 -15
leaf_value=0.056803813080376124 -0.05838872477144838 0.056918005259615212 0.056892356329760585 -0.059254230990547711 -0.057012482455213467 -0.056933536200875448 0.057074160903038011 0.057683046410753516 0.055742891265095074 -0.058845601268827152 0.041710667150805708 -0.062103510230892028 0.057659794154332381 0.057117485495386922
leaf_weight=44.224674664437771 2.381797466427086 1.7935737371444727 1.7885346412658716 2.0348457582294968 77.032793145626783 8.5980749130249041 10.905160665512083 1.9394325017929066 25.694170564413071 16.415107492357492 21.124517261981964 3.2853312604129314 7.6218180656433105 1.8324242830276487
leaf_count=25 40 1 1 36 1390 156 6 1 18 295 49 60 4 1
internal_value=-1.41763e-05 -0.0170939 0.0281404 -0.00250607 -0.0339222 -0.0421128 0.00681344 -0.0541957 0.0432301 -0.0474742 0.0328396 -0.020072 0.0342231 -0.00816441
internal_weight=226.672 141.085 85.5877 41.363 110.312 98.4755 19.5032 78.9722 30.7731 18.2036 23.1594 5.0789 11.836 4.21422
internal_count=2083 1677 406 381 1598 1553 162 1391 79 296 85 61 45 41
is_linear=0
shrinkage=0.05


Tree=29
num_leaves=15
num_cat=0
split_feature=16 25 22 27 18 2 20 21 19 21 25 0 10 1
split_gain=41.0391 54.0832 28.6509 34.7202 23.263 21.9956 23.61 9.40278 9.20976 6.19249 8.41286 5.83346 4.43998 5.21696
threshold=-0.77325308322906483 0.99862593412399303 -0.50108656287193287 -2.5896649360656734 -1.5313985347747801 1.0509262681007387 0.97076672315597545 4.9558470249176034 0.36942692101001745 0.15580447763204577 -0.48258399963378901 4.9518909454345712 1.2100721001625063 1.6063476204872134
decision_type=2 2 2 2 2 2 2 2 2 2 2 2 2 2
left_child=2 4 9 -4 12 7 -7 -6 11 10 -1 -3 13 -2
right_child=1 8 3 -5 5 6 -8 -9 -10 -11 -12 -13 -14 -15
leaf_value=0.056628443575045442 -0.057925528671161276 -0.056760050399493972 0.056790853994549778 -0.058794822293433829 -0.056624308395013645 -0.056549811387157291 0.05668212912733156 0.05725240595422313 0.055605167836075435 0.054788435731679457 -0.056560590878504582 0.056535242181428927 0.057232758337557366 0.05672234574493773
leaf_weight=3.472165346145629 2.2832932807505113 3.3572594076395061 10.608223199844362 16.764455933123827 73.765451729297638 8.2328326553106326 10.443235754966734 1.8583699464797963 24.433240205049515 48.420677080750465 3.1138421632349491 1.7173582315444944 7.3028216361999512 1.7548905611038206
leaf_count=2 40 63 6 307 1390 156 6 1 15 32 59 1 4 1
internal_value=-1.64146e-05 -0.0169721 0.0278004 -0.0139998 -0.0336887 -0.0418255 0.00676693 -0.0538259 0.0428749 0.0486013 0.00311305 -0.0184185 0.0339689 -0.00810252
internal_weight=217.528 135.149 82.3794 27.3727 105.641 94.2999 18.6761 75.6238 29.5079 55.0067 6.58601 5.07462 11.341 4.03818
internal_count=2083 1677 406 313 1598 1553 162 1391 79 93 61 64 45 41
is_linear=0
shrinkage=0.05


Tree=30
num_leaves=15
num_cat=0
split_feature=16 25 25 18 18 2 20 21 16 15 21 1 10 1
split_gain=38.7375 51.0901 27.067 23.3553 21.982 20.7844 22.3104 8.88491 8.73749 7.72914 6.64842 5.91862 4.19319 4.92646
threshold=-0.77325308322906483 0.99862593412399303 -0.89747759699821461 0.34910528361797338 -1.5313985347747801 1.0509262681007387 0.97076672315597545 4.9558470249176034 0.36392943561077123 2.5051009654998784 -0.8406134545803069 -2.6961333751678462 1.2100721001625063 1.6063476204872134
decision_type=2 2 2 2 2 2 2 2 2 2 2 2 2 2
left_child=2 4 -1 9 12 7 -7 -6 11 -4 -5 -3 13 -2
right_child=1 8 3 10 5 6 -8 -9 -10 -11 -12 -13 -14 -15
leaf_value=0.056019724415365769 -0.05749090204015031 0.056176022833186672 -0.05819055971172047 -0.058401317945383793 -0.056260031549881566 -0.056189700742245011 0.056314282434416822 0.05684884956188424 0.054899285614418696 0.056151705661717455 0.040237702956229054 -0.061837824532635026 0.056832351040711361 0.056351649488530157
leaf_weight=40.622621580958366 2.1879390217363817 1.6437830924987817 15.063128113746643 1.8697368018329168 70.610683161765337 7.8802304416894939 9.9971576929092389 1.7799665927886952 23.618454247713089 1.6387294530868537 19.783475264906883 3.003917645663023 6.9943599700927734 1.680006265640259
leaf_count=25 40 1 295 36 1390 156 6 1 18 1 49 60 4 1
internal_value=-1.70985e-05 -0.0168595 0.0275774 -0.00254641 -0.0334695 -0.041556 0.0067233 -0.0534789 0.0425676 -0.0469717 0.0317203 -0.0200991 0.0337305 -0.00804444
internal_weight=208.374 129.396 78.9777 38.3551 101.13 90.268 17.8774 72.3906 28.2662 16.7019 21.6532 4.6477 10.8623 3.86795
internal_count=2083 1677 406 381 1598 1553 162 1391 79 296 85 61 45 41
is_linear=0
shrinkage=0.05


Tree=31
num_leaves=15
num_cat=0
split_feature=16 25 22 27 18 2 20 21 19 28 21 0 10 1
split_gain=36.4794 48.2653 25.8208 31.4313 20.7792 19.647 21.09 8.39864 8.25377 5.64546 8.78569 5.22475 3.96171 4.65399
threshold=-0.77325308322906483 0.99862593412399303 -0.50108656287193287 -2.5896649360656734 -1.5313985347747801 1.0509262681007387 0.97076672315597545 4.9558470249176034 0.36942692101001745 1.1224609017372134 0.65671798586845409 4.9518909454345712 1.2100721001625063 1.6063476204872134
decision_type=2 2 2 2 2 2 2 2 2 2 2 2 2 2
left_child=2 4 9 -4 12 7 -7 -6 11 -1 -11 -3 13 -2
right_child=1 8 3 -5 5 6 -8 -9 -10 10 -12 -13 -14 -15
leaf_value=0.055206891946459662 -0.057082753021654331 -0.056139101286437544 0.056132320051618924 -0.058214093145944459 -0.055917924437448668 -0.055851496790892345 0.055968857456711034 0.05647036085800438 0.054819350648871223 -0.059053610211340639 0.048669926758940892 0.055838642331489885 0.056456611905874476 0.056003622359091898
leaf_weight=42.442607056349516 2.0957358703017217 3.0847921855747726 9.8037223815917987 15.529396552592514 67.567476309835911 7.5401479303836849 9.5667939186096174 1.7042173147201527 22.430754795670509 2.955552786588667 5.263596311211586 1.5728229284286497 6.6963986158370972 1.6077507734298708
leaf_count=30 40 63 6 307 1390 156 6 1 15 58 5 1 4 1
internal_value=-1.94455e-05 -0.0167513 0.0272524 -0.0139629 -0.0332637 -0.0413028 0.00668232 -0.053153 0.0422427 0.0478619 0.00993324 -0.0183255 0.0335067 -0.0079899
internal_weight=199.862 123.867 75.9949 25.3331 96.7785 86.3786 17.1069 69.2717 27.0884 50.6618 8.21915 4.65762 10.3999 3.70349
internal_count=2083 1677 406 313 1598 1553 162 1391 79 93 63 64 45 41
is_linear=0
shrinkage=0.05


Tree=32
num_leaves=15
num_cat=0
split_feature=16 25 22 27 18 2 20 21 16 28 21 1 10 1
split_gain=34.4578 45.6249 24.3577 29.7024 19.649 18.5783 19.9431 7.94171 7.84396 5.36201 8.26519 5.34089 3.7444 4.39822
threshold=-0.77325308322906483 0.99862593412399303 -0.50108656287193287 -2.5896649360656734 -1.5313985347747801 1.0509262681007387 0.97076672315597545 4.9558470249176034 0.36392943561077123 1.1224609017372134 0.65671798586845409 -2.6961333751678462 1.2100721001625063 1.6063476204872134
decision_type=2 2 2 2 2 2 2 2 2 2 2 2 2 2
left_child=2 4 9 -4 12 7 -7 -6 11 -1 -11 -3 13 -2
right_child=1 8 3 -5 5 6 -8 -9 -10 10 -12 -13 -14 -15
leaf_value=0.05481568810199642 -0.056699177903850186 0.055521558874013305 0.055797616079072056 -0.057826823911966523 -0.055596418392671709 -0.05553363954496926 0.055644268840294692 0.05611510289236106 0.054132215378713135 -0.05865164122119701 0.047983591717114582 -0.061717344086640792 0.056103747433544654 0.055676638763994563
leaf_weight=40.653508238494396 2.0066702552139741 1.5044434070587183 9.3801120519638079 14.868444323539732 64.634437847882509 7.2124232500791576 9.1519554853439313 1.6311045885086048 21.687331885099411 2.830189421772956 5.0766984969377518 2.7418553568422794 6.4088591337203979 1.5380940437316897
leaf_count=30 40 1 6 307 1390 156 6 1 18 58 5 60 4 1
internal_value=-2.00349e-05 -0.0166514 0.0270522 -0.0138733 -0.0330704 -0.0410649 0.00664381 -0.0528467 0.0419645 0.0474883 0.0098146 -0.0201802 0.0332965 -0.00793865
internal_weight=191.326 118.517 72.809 24.2486 92.5835 82.6299 16.3644 66.2655 25.9336 48.5604 7.90689 4.2463 9.95362 3.54476
internal_count=2083 1677 406 313 1598 1553 162 1391 79 93 63 61 45 41
is_linear=0
shrinkage=0.05


Tree=33
num_leaves=15
num_cat=0
split_feature=16 25 25 18 18 2 20 21 19 15 21 0 10 1
split_gain=32.5554 43.1286 23.1002 19.5909 18.5862 17.5733 18.8647 7.51206 7.40859 6.54447 5.55758 4.68706 3.54025 4.15798
threshold=-0.77325308322906483 0.99862593412399303 -0.89747759699821461 0.34910528361797338 -1.5313985347747801 1.0509262681007387 0.97076672315597545 4.9558470249176034 0.36942692101001745 2.5051009654998784 -0.8406134545803069 4.9518909454345712 1.2100721001625063 1.6063476204872134
decision_type=2 2 2 2 2 2 2 2 2 2 2 2 2 2
left_child=2 4 -1 9 12 7 -7 -6 11 -4 -5 -3 13 -2
right_child=1 8 3 10 5 6 -8 -9 -10 -11 -12 -13 -14 -15
leaf_value=0.055005975707237247 -0.056338445126023554 -0.055607978336647816 -0.057289799561258972 -0.057329948370128725 -0.055294064326112218 -0.055234714501183217 0.055339047076030934 0.055781401090634966 0.05410522056417251 0.055199943080491393 0.038445053312530779 0.055223346243916775 0.055772136781940734 0.055369223567914183
leaf_weight=35.64221428334713 1.9207162111997587 2.8314332403242615 13.199991524219509 1.6554753743112112 61.809854365885258 6.8968585431575766 8.7524088621139509 1.5606013536453236 20.571052342653275 1.4333721399307258 17.809774775058031 1.4386030435562132 6.131624698638916 1.4709978103637695
leaf_count=25 40 63 295 36 1390 156 6 1 15 1 49 1 4 1
internal_value=-2.09312e-05 -0.0165548 0.0268598 -0.00256061 -0.0328885 -0.0408412 0.00660759 -0.0525586 0.0416647 -0.0462712 0.0302996 -0.0182682 0.0330989 -0.00789045
internal_weight=183.125 113.384 69.7408 34.0986 88.5431 79.0197 15.6493 63.3705 24.8411 14.6334 19.4653 4.27004 9.52334 3.39171
internal_count=2083 1677 406 381 1598 1553 162 1391 79 296 85 64 45 41
is_linear=0
shrinkage=0.05


Tree=34
num_leaves=15
num_cat=0
split_feature=16 25 22 27 18 2 20 21 16 28 21 0 10 0
split_gain=30.6777 40.7933 22.0058 26.9601 17.5862 16.6277 17.8499 7.10782 7.05343 4.83089 8.29008 4.83038 3.34834 3.93215
threshold=-0.77325308322906483 0.99862593412399303 -0.50108656287193287 -2.5896649360656734 -1.5313985347747801 1.0509262681007387 0.97076672315597545 4.9558470249176034 0.36392943561077123 0.60274782776832592 0.65671798586845409 4.9518909454345712 1.2100721001625063 -3.3481920957565303
decision_type=2 2 2 2 2 2 2 2 2 2 2 2 2 2
left_child=2 4 9 -4 12 7 -7 -6 11 -1 -11 -3 13 -2
right_child=1 8 3 -5 5 6 -8 -9 -10 10 -12 -13 -14 -15
leaf_value=0.055156150586128827 0.055080012222529666 -0.061735532991276737 0.055249525241074772 -0.057359753590442958 -0.055009548130769741 -0.054953418103538522 0.055051864188935741 0.055467737736234812 0.053429053668305304 -0.057886586670203161 0.045895002781026033 0.054942712540552864 0.055460293573059871 -0.055998960689873284
leaf_weight=35.572307825088501 1.4064174890518191 2.4986781217157867 8.6600562334060687 13.760930523276327 59.09175044670701 6.5932266712188712 8.3678805828094465 1.4926719665527333 19.896642029285431 2.7660100013017637 6.3228876888751984 1.375254273414612 5.8645470142364502 1.8378373757004718
leaf_count=25 1 60 6 307 1390 156 6 1 18 61 7 1 4 40
internal_value=-2.31471e-05 -0.0164659 0.0265532 -0.0138647 -0.0327174 -0.0406307 0.00657352 -0.0522876 0.0414109 0.0468439 0.0143113 -0.0203145 0.032913 -0.0078451
internal_weight=175.507 108.425 67.0822 22.421 84.6543 75.5455 14.9611 60.5844 23.7706 44.6612 9.0889 3.87393 9.1088 3.24425
internal_count=2083 1677 406 313 1598 1553 162 1391 79 93 68 61 45 41
is_linear=0
shrinkage=0.05


Tree=35
num_leaves=15
num_cat=0
split_feature=16 25 25 27 18 2 20 0 21 19 23 0 10 0
split_gain=29.0067 38.5816 20.8066 17.5329 16.6448 15.7375 16.8946 14.6544 6.72725 6.65951 6.16183 4.21087 3.16781 3.71975
threshold=-0.77325308322906483 0.99862593412399303 -0.89747759699821461 -1.5109385251998899 -1.5313985347747801 1.0509262681007387 0.97076672315597545 2.5185960531234746 4.9558470249176034 0.36942692101001745 2.0937122106552128 4.9518909454345712 1.2100721001625063 -3.3481920957565303
decision_type=2 2 2 2 2 2 2 2 2 2 2 2 2 2
left_child=2 4 -1 -4 12 8 -7 10 -6 11 -5 -3 13 -2
right_child=1 9 3 7 5 6 -8 -9 -10 -11 -12 -13 -14 -15
leaf_value=0.054407914654322244 0.054807769985693623 -0.055156286589759476 0.052079360201491891 -0.058226308276806818 -0.054741661386407382 -0.054688552646818746 0.054781487351861162 0.053330898975378009 0.055172711737566028 0.053451140204692507 0.046833696609076964 0.054678473639200059 0.055166847028732674 -0.055679284305395309
leaf_weight=32.604917667806149 1.3443027734756472 2.5965973436832455 10.03216937929392 15.61893310770393 56.477924931794405 6.301276892423628 7.998065710067749 4.4125905483961096 1.4272737503051747 18.849236257374287 1.5325915291905392 1.3143442869186404 5.6074519157409668 1.7579879984259585
leaf_count=25 1 63 14 358 1390 156 6 5 1 15 4 1 4 40
internal_value=-2.38485e-05 -0.0163792 0.0263875 -0.0025275 -0.0325563 -0.0404325 0.00654144 -0.027932 -0.0520324 0.0411315 -0.0488386 -0.0182443 0.0327381 -0.00780239
internal_weight=167.876 103.674 64.2012 31.5963 80.9143 72.2045 14.2993 21.5641 57.9052 22.7602 17.1515 3.91094 8.70974 3.10229
internal_count=2083 1677 406 381 1598 1553 162 367 1391 79 362 64 45 41
is_linear=0
shrinkage=0.05


Tree=36
num_leaves=15
num_cat=0
split_feature=16 25 22 27 18 2 20 21 16 28 21 1 10 0
split_gain=27.4224 36.5113 19.7239 24.1978 15.758 14.899 15.9947 6.36877 6.35249 4.40762 7.34257 4.37824 2.99789 3.51985
threshold=-0.77325308322906483 0.99862593412399303 -0.50108656287193287 -2.5896649360656734 -1.5313985347747801 1.0509262681007387 0.97076672315597545 4.9558470249176034 0.36392943561077123 0.60274782776832592 0.65671798586845409 -2.6961333751678462 1.2100721001625063 -3.3481920957565303
decision_type=2 2 2 2 2 2 2 2 2 2 2 2 2 2
left_child=2 4 9 -4 12 7 -7 -6 11 -1 -11 -3 13 -2
right_child=1 8 3 -5 5 6 -8 -9 -10 10 -12 -13 -14 -15
leaf_value=0.05462344741540185 0.054551356552099632 0.054429528659595418 0.054713605357091577 -0.056733063015807307 -0.054489290265507299 -0.054439032463483243 0.054526796294560587 0.054895053020668744 0.052779051660053783 -0.057196052362307681 0.044707289026461088 -0.061888483085129065 0.054890558209609336 -0.055378083265048061
leaf_weight=32.520710468292236 1.2845988273620608 1.2558164596557646 7.9288376569747951 12.627569880336521 53.965988244861364 6.0207382589578611 7.6426323652267456 1.3643580675125111 18.240857601165771 2.5307143740355951 5.8631068617105484 2.2737208120524883 5.3601421117782593 1.6811150535941104
leaf_count=25 1 1 6 307 1390 156 6 1 18 61 7 60 4 40
internal_value=-2.45997e-05 -0.0162997 0.0262105 -0.0137468 -0.0324045 -0.0402458 0.00651121 -0.051792 0.0408983 0.046286 0.0139837 -0.0205023 0.0325733 -0.00776215
internal_weight=160.561 99.09 61.4709 20.5564 77.3196 68.9937 13.6634 55.3303 21.7704 40.9145 8.39382 3.52954 8.32586 2.96571
internal_count=2083 1677 406 313 1598 1553 162 1391 79 93 68 61 45 41
is_linear=0
shrinkage=0.05


Tree=37
num_leaves=15
num_cat=0
split_feature=16 25 25 18 7 18 2 20 21 19 0 10 1 25
split_gain=25.9404 34.5476 18.6906 15.7013 15.153 14.9222 14.1087 15.1465 6.03092 5.99415 3.78817 2.83787 3.33161 0.0718409
threshold=-0.77325308322906483 0.99862593412399303 -0.89747759699821461 2.4750989675521855 -0.63240867853164662 -1.5313985347747801 1.0509262681007387 0.97076672315597545 4.9558470249176034 0.36942692101001745 4.9518909454345712 1.2100721001625063 1.6063476204872134 -0.50503453612327565
decision_type=2 2 2 2 2 2 2 2 2 2 2 2 2 2
left_child=2 5 -1 4 -4 11 8 -8 -7 10 -3 12 -2 -6
right_child=1 9 3 -5 13 6 7 -9 -10 -11 -12 -13 -14 -15
leaf_value=0.053869662789239284 -0.055094131978112929 -0.05477537795573998 0.040396504110373002 0.050706006655303504 -0.068874300746592246 -0.054251414762518671 -0.054203831993282818 0.054286752934626342 0.054633579113939096 0.052847137621681098 0.054194879572488086 0.054630272091611067 0.054309727849606207 -0.055160442783024601
leaf_weight=29.798510983586311 1.6071592792868605 2.3795350529253509 5.7402338311076209 9.378943055868147 1.0315930526703638 51.553424168378115 5.7513255625963193 7.3012292385101318 1.3038716316223133 17.259282119572163 1.1996109485626223 5.1224027872085571 1.2272472381591797 12.85813351720571
leaf_count=25 40 63 16 9 12 1390 156 6 1 15 1 4 1 344
internal_value=-2.53688e-05 -0.0162217 0.0260576 -0.00251152 -0.0279382 -0.0322615 -0.0400698 0.00648273 -0.0515655 0.0406353 -0.0182522 0.0324181 -0.00772422 -0.056179
internal_weight=153.513 94.7051 58.8074 29.0089 19.63 73.8667 65.9099 13.0526 52.8573 20.8384 3.57915 7.95681 2.83441 13.8897
internal_count=2083 1677 406 381 372 1598 1553 162 1391 79 64 45 41 356
is_linear=0
shrinkage=0.05


Tree=38
num_leaves=15
num_cat=0
split_feature=16 25 25 27 18 2 20 0 16 21 23 1 10 0
split_gain=24.5161 32.7084 17.7297 14.9794 14.1341 13.3635 14.3467 12.5581 5.72981 5.71236 5.31676 3.97701 2.68708 3.15426
threshold=-0.77325308322906483 0.99862593412399303 -0.89747759699821461 -1.5109385251998899 -1.5313985347747801 1.0509262681007387 0.97076672315597545 2.5185960531234746 0.36392943561077123 4.9558470249176034 2.0937122106552128 -2.6961333751678462 1.2100721001625063 -3.3481920957565303
decision_type=2 2 2 2 2 2 2 2 2 2 2 2 2 2
left_child=2 4 -1 -4 12 9 -7 10 11 -6 -5 -3 13 -2
right_child=1 8 3 7 5 6 -8 -9 -10 -11 -12 -13 -14 -15
leaf_value=0.053605353653245418 0.054081911389140362 0.05397358607811531 0.051175271471206131 -0.057559273972913376 -0.054027093432570374 -0.053982038406289561 0.054060407925391588 0.052460981023436173 0.052172912676150811 0.054387221754446602 0.0457418396416071 -0.062174586378135936 0.05438494056323924 -0.054826313118873538
leaf_weight=28.481453768908978 1.1721868515014651 1.145665407180789 8.8656691685318965 13.731199808418753 49.237596329301596 5.4927393794059736 6.9734876155853271 3.8994114622473708 16.713546603918076 1.2457569837570179 1.3698604442179192 2.0661825761198997 4.8940045833587646 1.5360560975968827
leaf_count=25 1 1 14 358 1390 156 6 5 18 1 4 60 4 40
internal_value=-2.65365e-05 -0.0161502 0.0258632 -0.00249148 -0.0321266 -0.0399039 0.00645587 -0.0275325 0.0404191 -0.0513518 -0.0481885 -0.0207446 0.0322718 -0.00768845
internal_weight=146.825 90.4772 56.3476 27.8661 70.5518 62.9496 12.4662 19.0005 19.9254 50.4834 15.1011 3.21185 7.60225 2.70824
internal_count=2083 1677 406 381 1598 1553 162 367 79 1391 362 61 45 41
is_linear=0
shrinkage=0.05


Tree=39
num_leaves=15
num_cat=0
split_feature=16 25 25 27 18 2 20 0 21 16 23 1 10 0
split_gain=23.1895 30.9613 16.8048 14.1258 13.3906 12.6606 13.5922 11.8631 5.41184 5.4035 5.03073 3.77904 2.54493 2.98709
threshold=-0.77325308322906483 0.99862593412399303 -0.89747759699821461 -1.5109385251998899 -1.5313985347747801 1.0509262681007387 0.97076672315597545 2.5185960531234746 4.9558470249176034 0.36392943561077123 2.0937122106552128 -2.6961333751678462 1.2100721001625063 -3.3481920957565303
decision_type=2 2 2 2 2 2 2 2 2 2 2 2 2 2
left_child=2 4 -1 -4 12 8 -7 10 -6 11 -5 -3 13 -2
right_child=1 9 3 7 5 6 -8 -9 -10 -11 -12 -13 -14 -15
leaf_value=0.053351708100206431 0.053867015625956763 0.053764803280230061 0.050684508422037269 -0.057259661981429927 -0.053815461656649327 -0.053772779449922731 0.053846871437296301 0.052045316274682445 0.054154980281118419 0.051804263409005763 0.044906631939533689 -0.062184116501945254 0.054153587672653936 -0.054573582733299347
leaf_weight=27.21795080602169 1.1193543672561648 1.0939155817031889 8.5128959938883799 13.128141216933729 47.015779588371515 5.2446738928556424 6.6590266227722168 3.738115929067134 1.1899539232254017 16.008714884519577 1.3266775645315636 1.9651182554662225 4.6747064590454102 1.4677370935678471
leaf_count=25 1 1 14 358 1390 156 6 5 1 18 4 60 4 40
internal_value=-2.77298e-05 -0.0160796 0.0257032 -0.0024756 -0.0319994 -0.0397473 0.00643053 -0.0273504 -0.0511502 0.0401691 -0.0478827 -0.0207206 0.0321337 -0.00765469
internal_weight=140.363 86.439 53.9238 26.7058 67.3712 60.1094 11.9037 18.1929 48.2057 19.0677 14.4548 3.05903 7.2618 2.58709
internal_count=2083 1677 406 381 1598 1553 162 367 1391 79 362 61 45 41
is_linear=0
shrinkage=0.05


Tree=40
num_leaves=15
num_cat=0
split_feature=16 18 22 27 25 2 20 10 28 21 13 0 19 0
split_gain=21.9369 29.3583 15.9437 19.6885 12.7068 13.4553 14.1425 7.01216 3.72454 5.79057 1.33584 2.30754 0.408497 0.657456
threshold=-0.77325308322906483 -2.1013661623001094 -0.50108656287193287 -2.5896649360656734 1.2710514068603518 1.0509262681007387 0.84870409965515148 1.2998840212821963 0.60274782776832592 0.65671798586845409 0.57287707924842846 4.9518909454345712 0.48049420118331915 4.9518909454345712
decision_type=2 2 2 2 2 2 2 2 2 2 2 2 2 2
left_child=2 12 8 -4 5 7 -7 -3 -1 -10 11 -6 13 -2
right_child=1 4 3 -5 10 6 -8 -9 9 -11 -12 -13 -14 -15
leaf_value=0.05373698046338448 0.011891131953285311 -0.053958691426978893 0.053831905609124257 -0.055794180842347732 -0.054584517595780105 -0.053563815357468673 0.053651005417959835 0.016850334333124752 -0.056011260780385187 0.042436530493400619 0.053684529670283546 0.053684529670283504 0.053656259368029771 0.053553503226922011
leaf_weight=27.152129530906677 1.7373748961836093 45.339959353208542 6.6591694355011013 10.639198785647748 0.90851197391748306 5.2478843163698894 7.4312515258789062 3.788492787629365 2.1252803616225711 5.0257714539766312 4.2951817512512207 1.0737954378128052 10.664444684982298 2.0813366174697876
leaf_count=25 19 1411 6 307 27 164 7 32 61 7 4 1 10 2
internal_value=-2.90141e-05 -0.0160119 0.0255454 -0.0135926 -0.0297629 -0.0366468 0.00927488 -0.0484983 0.0452818 0.013178 0.0380153 0.00406371 0.0486314 0.0345986
internal_weight=134.17 82.5682 51.6015 17.2984 68.0851 61.8076 12.6791 49.1285 34.3032 7.15105 6.27749 1.98231 14.4832 3.81871
internal_count=2083 1677 406 313 1646 1614 171 1443 93 68 32 28 31 21
is_linear=0
shrinkage=0.05


Tree=41
num_leaves=15
num_cat=0
split_feature=16 18 25 18 25 2 20 10 7 21 16 13 0 19
split_gain=20.7482 27.7261 15.1251 12.7214 12.0171 12.695 13.4042 6.77253 4.3278 3.49385 1.77551 1.26631 2.18624 0.422276
threshold=-0.77325308322906483 -2.1013661623001094 -0.89747759699821461 0.34910528361797338 1.2710514068603518 1.0509262681007387 0.84870409965515148 1.2998840212821963 -1.2713847756385801 -0.8406134545803069 -1.6219953894615171 0.57287707924842846 4.9518909454345712 0.48049420118331915
decision_type=2 2 2 2 2 2 2 2 2 2 2 2 2 2
left_child=2 13 -1 8 5 7 -7 -3 -4 -5 -11 12 -6 -2
right_child=1 4 3 9 11 6 -8 -9 -10 10 -12 -13 -14 -15
leaf_value=0.052906027550542356 0.033779561929389038 -0.053779628547877781 0.053439472551673167 -0.05498075817414956 -0.054353030921388372 -0.053377946550918078 0.053460386745604854 0.016082121724240988 -0.055466368585149306 0.050448714048266036 0.012663984168556134 0.05349194252099429 0.053491942520994235 0.053465259598383497
leaf_weight=24.838437810540199 3.719561666250228 43.268671056255698 1.0115904808044422 1.1587133239954717 0.86779090389609215 5.0088848546147329 7.0933924317359924 3.7714382801204911 9.2875733468681592 7.9210185036063185 5.117890972644088 4.1000409126281738 1.0250102281570435 10.179657340049742
leaf_count=25 21 1411 1 36 27 164 7 32 295 13 36 4 1 10
internal_value=-3.00587e-05 -0.0159118 0.0254124 -0.00246473 -0.0295921 -0.0364285 0.00924219 -0.0481785 -0.0447696 0.0282238 0.0356179 0.0378755 0.00404835 0.0481972
internal_weight=128.37 79.0344 49.3352 24.4968 65.1352 59.1424 12.1023 47.0401 10.2992 14.1976 13.0389 5.99284 1.8928 13.8992
internal_count=2083 1677 406 381 1646 1614 171 1443 296 85 49 32 28 31
is_linear=0
shrinkage=0.05


Tree=42
num_leaves=15
num_cat=0
split_feature=16 18 22 27 25 2 20 24 28 21 13 0 19 9
split_gain=19.57 26.1611 14.521 17.8154 11.3656 11.9769 12.7069 6.56498 3.42363 5.16249 1.20062 2.07173 0.448948 0.751932
threshold=-0.77325308322906483 -2.1013661623001094 -0.50108656287193287 -2.5896649360656734 1.2710514068603518 1.0509262681007387 0.84870409965515148 1.4856046438217165 0.60274782776832592 0.65671798586845409 0.57287707924842846 4.9518909454345712 0.48049420118331915 5.5604937076568612
decision_type=2 2 2 2 2 2 2 2 2 2 2 2 2 2
left_child=2 12 8 -4 5 7 -7 -3 -1 -10 11 -6 13 -2
right_child=1 4 3 -5 10 6 -8 -9 9 -11 -12 -13 -14 -15
leaf_value=0.053373302608487709 0.0078029374324549722 -0.053676094132605524 0.053449690347902881 -0.055479078829825515 -0.054133726681163563 -0.053202375771416399 0.053280346341642165 0.014804516878204164 -0.055508224958401464 0.041318806715035912 0.053310061666950681 0.053310061666950653 0.053284854873221738 0.053388456454507995
leaf_weight=24.829515397548679 1.6551582235842934 41.21580114774406 6.0805469155311576 9.808693038299678 0.82872784323990234 4.7799248360097391 6.7696677446365356 3.8245087414979926 1.94632003083825 4.702789306640625 3.9130494594573975 0.97826236486434937 9.7151443958282453 1.9949412941932678
leaf_count=25 19 1394 6 307 27 164 7 49 61 7 4 1 10 2
internal_value=-3.22987e-05 -0.0158085 0.0251718 -0.0137939 -0.0294239 -0.0362131 0.00921131 -0.0478612 0.0448403 0.0129757 0.0377434 0.00403384 0.0476678 0.0327174
internal_weight=123.043 75.6752 47.3679 15.8892 62.3099 56.5899 11.5496 45.0403 31.4786 6.64911 5.72004 1.80699 13.3652 3.6501
internal_count=2083 1677 406 313 1646 1614 171 1443 93 68 32 28 31 21
is_linear=0
shrinkage=0.05


Tree=43
num_leaves=15
num_cat=0
split_feature=25 25 24 2 23 19 28 19 6 7 13 6 1 24
split_gain=18.701 26.6297 13.7906 11.5249 12.509 9.2711 12.5182 4.77159 6.76238 4.38926 4.53126 3.50247 0.572744 0.267156
threshold=-0.91917124390602101 0.99862593412399303 0.10244867950677873 0.9710758924484254 0.220059409737587 0.36942692101001745 2.2010802030563359 -0.2971773743629455 -1.1282749176025388 -0.98580014705657948 -0.77179312705993641 5.4742572307586679 -1.0023805499076841 -0.4008276611566543
decision_type=2 2 2 2 2 2 2 2 2 2 2 2 2 2
left_child=2 3 11 9 -5 6 -3 -4 -9 10 -2 -1 -8 -7
right_child=1 5 7 4 -6 13 12 8 -10 -11 -12 -13 -14 -15
leaf_value=-0.053543569789049117 0.053470886167888046 -0.053259469382495907 0.052957114844806447 -0.055769680325012838 0.053185183973255862 0.053168596364597788 0.023934320327117242 0.053710082836023992 -0.053052056197384879 -0.053801861067165661 -0.056153312452738025 0.053014654146075646 0.053498155111414626 0.039462333426886931
leaf_weight=5.3539644032716742 2.0384787321090703 7.0642964057624358 24.693050589412454 4.3933656886219961 6.5794075727462769 11.291638493537905 2.7290873602032661 3.1271778345108059 2.8214095011353457 35.68431500531733 1.7535019554197777 0.90091437101364125 4.0985918045043945 5.1890177614986888
leaf_count=189 2 253 28 142 7 12 30 3 101 1232 58 1 4 21
internal_value=-3.32814e-05 -0.0134984 0.029462 -0.0357675 0.00956097 0.0234908 -0.00659767 0.0432729 0.0030729 -0.048367 0.00277805 -0.0381956 0.0416812 0.0488531
internal_weight=117.718 80.8217 36.8965 50.4491 10.9728 30.3726 13.892 30.6416 5.94859 39.4763 3.79198 6.25488 6.82768 16.4807
internal_count=2083 1761 322 1441 149 320 287 132 104 1292 60 190 34 33
is_linear=0
shrinkage=0.05


Tree=44
num_leaves=15
num_cat=0
split_feature=25 25 24 2 23 19 28 19 6 7 13 1 1 7
split_gain=17.7146 25.2124 13.0714 10.9269 11.8556 8.74488 11.7999 4.52134 6.4108 4.16223 4.29437 3.3209 0.589708 0.29003
threshold=-0.91917124390602101 0.99862593412399303 0.10244867950677873 0.9710758924484254 0.220059409737587 0.36942692101001745 2.2010802030563359 -0.2971773743629455 -1.1282749176025388 -0.98580014705657948 -0.77179312705993641 -0.84367579221725453 -1.0023805499076841 1.2482179999351504
decision_type=2 2 2 2 2 2 2 2 2 2 2 2 2 2
left_child=2 3 11 9 -5 6 -3 -4 -9 10 -2 -1 -8 -7
right_child=1 5 7 4 -6 13 12 8 -10 -11 -12 -13 -14 -15
leaf_value=0.052858999046046712 0.053290176314500164 -0.053092985264002773 0.052768763439458667 -0.055538488756385257 0.053020336197160511 0.053018076588611865 0.022950965449929785 0.053517088045946348 -0.052894366546121965 -0.053625570464538308 -0.055938495803032132 -0.053373001959339694 0.053315972342323992 0.038455022963327319
leaf_weight=0.85943609476089378 1.9454701542854311 6.740305447950961 23.570483770221475 4.1960564404726011 6.2774929404258728 10.816799342632292 2.7043657079339027 2.9851197600364712 2.6916066352277959 34.0527408644557 1.6742267981171597 5.1087129805237055 3.9116863012313843 4.9987774193286887
leaf_count=1 2 253 28 142 7 12 30 3 101 1232 58 189 4 21
internal_value=-3.44752e-05 -0.0134226 0.0293602 -0.0356475 0.00952802 0.0232578 -0.0065317 0.043121 0.00306234 -0.048207 0.00276839 -0.0380752 0.040904 0.0484152
internal_weight=112.533 77.3179 35.2154 48.146 10.4735 29.1719 13.3564 29.2472 5.67673 37.6724 3.6197 5.96815 6.61605 15.8156
internal_count=2083 1761 322 1441 149 320 287 132 104 1292 60 190 34 33
is_linear=0
shrinkage=0.05


Tree=45
num_leaves=15
num_cat=0
split_feature=25 25 24 2 23 19 28 19 10 7 13 1 4 24
split_gain=16.7818 23.8729 12.3914 10.3616 11.2382 8.24664 11.1226 4.28451 6.07857 3.9476 4.07048 3.14924 0.618014 0.308812
threshold=-0.91917124390602101 0.99862593412399303 0.10244867950677873 0.9710758924484254 0.220059409737587 0.36942692101001745 2.2010802030563359 -0.2971773743629455 -1.0000000180025095e-35 -0.98580014705657948 -0.77179312705993641 -0.84367579221725453 0.76765400171279918 -0.4008276611566543
decision_type=2 2 2 2 2 2 2 2 2 2 2 2 2 2
left_child=2 3 11 9 -5 6 -3 -4 -9 10 -2 -1 -8 -7
right_child=1 5 7 4 -6 13 12 8 -10 -11 -12 -13 -14 -15
leaf_value=0.05271180053192534 0.053119440418560981 -0.052935401921263218 0.05258721961869587 -0.055316371051929117 0.052864490517220135 0.052863092312212624 0.021663319185313747 -0.052745252487757237 0.053334725155791345 -0.053458170244387329 -0.055730746808640957 -0.053211029509848629 0.05317101047400441 0.037576639009052476
leaf_weight=0.81974613666534324 1.8563862442970278 6.4301811568439025 22.496390169486407 4.007035303860901 5.9884950518608093 10.32156467437744 2.6567569989711046 2.5673907715827253 2.8489972352981532 32.490840459242463 1.5983609315007914 4.8739769384264946 3.7575209736824036 4.8592760339379302
leaf_count=1 2 253 28 142 7 12 30 101 3 1232 58 189 4 21
internal_value=-3.57137e-05 -0.0133474 0.0292627 -0.0355334 0.00949665 0.0230216 -0.00646496 0.0429751 0.00305237 -0.0480551 0.0027592 -0.0379609 0.0401207 0.04797
internal_weight=107.573 73.9664 33.6065 45.9411 9.99553 28.0253 12.8445 27.9128 5.41639 35.9456 3.45475 5.69372 6.41428 15.1808
internal_count=2083 1761 322 1441 149 320 287 132 104 1292 60 190 34 33
is_linear=0
shrinkage=0.05


Tree=46
num_leaves=15
num_cat=0
split_feature=25 25 24 2 23 0 19 28 19 6 1 27 1 20
split_gain=15.8995 22.6704 11.7482 9.83628 12.9083 6.89429 6.38383 9.93819 4.06031 5.76451 2.98689 1.8265 0.401079 0.382923
threshold=-0.91917124390602101 1.196678698062897 0.10244867950677873 0.9710758924484254 0.220059409737587 2.9666326045989995 0.48049420118331915 2.2010802030563359 -0.2971773743629455 -1.1282749176025388 -0.84367579221725453 -1.5671488642692564 -1.0023805499076841 0.29003161191940313
decision_type=2 2 2 2 2 2 2 2 2 2 2 2 2 2
left_child=2 3 10 5 13 11 7 -3 -4 -10 -1 -2 -9 -5
right_child=1 6 8 4 -6 -7 -8 12 9 -11 -12 -13 -14 -15
leaf_value=0.052572554407991169 -0.0034349814035330921 -0.052775442329639849 0.05241174416573046 -0.054941027043895453 0.052722012074731421 0.052808137953528692 0.051125698742541852 0.026719592983252879 0.053162353758011011 -0.052604208193925008 -0.053057160916899784 -0.053415253091990224 0.053009598700568261 -0.11880559605885353
leaf_weight=0.78177976608276267 1.9363355841487635 5.0403728093951958 21.469069682061676 4.0735411401838046 6.5436051487922668 1.6900100708007801 12.550410723313687 2.4356878865510225 2.7186148762702969 2.4485602211207116 4.649376330897212 32.654780574142933 3.5875303745269775 0.24906059727072705
leaf_count=1 43 208 28 152 8 2 21 23 3 101 189 1293 4 7
internal_value=-3.69904e-05 -0.0132724 0.0291689 -0.0333014 0.00842959 -0.0457998 0.026717 -0.000971996 0.0428347 0.00304294 -0.0378524 -0.0506175 0.0423784 -0.0586208
internal_weight=102.829 70.7613 32.0674 47.1473 10.8662 36.2811 23.614 11.0636 26.6362 5.16718 5.43116 34.5911 6.02322 4.3226
internal_count=2083 1761 322 1505 167 1338 256 235 132 104 190 1336 27 159
is_linear=0
shrinkage=0.05


Tree=47
num_leaves=15
num_cat=0
split_feature=25 25 24 2 23 0 19 28 19 6 1 27 4 20
split_gain=15.0636 21.4396 11.1395 9.29549 12.2386 6.52242 6.05451 9.36574 3.84797 5.46753 2.8333 1.82246 0.424376 0.35947
threshold=-0.91917124390602101 1.196678698062897 0.10244867950677873 0.9710758924484254 0.220059409737587 2.9666326045989995 0.48049420118331915 2.2010802030563359 -0.2971773743629455 -1.1282749176025388 -0.84367579221725453 -1.5671488642692564 0.76765400171279918 0.29003161191940313
decision_type=2 2 2 2 2 2 2 2 2 2 2 2 2 2
left_child=2 3 10 5 13 11 7 -3 -4 -10 -1 -2 -9 -5
right_child=1 6 8 4 -6 -7 -8 12 9 -11 -12 -13 -14 -15
leaf_value=0.052440804374331074 -0.0032639925315323913 -0.052634590590189559 0.052241613985745783 -0.054741126178851143 0.052582305781267435 0.052663706411496182 0.0508403287237617 0.025442920482867629 0.052999373362297375 -0.052470758940024335 -0.052910933388062867 -0.053261693942546477 0.052875556894372983 -0.11797409686125696
leaf_weight=0.74547308683395641 1.9358963873237325 4.8070573732256907 20.486843347549442 3.8886656016111356 6.2405897974967957 1.6118847727775563 12.003655275329946 2.3880322631448507 2.5937779545784023 2.3349165506660903 4.4345374777913094 31.149483647197489 3.4415233731269836 0.23854601755738247
leaf_count=1 43 208 28 152 8 2 21 23 3 101 189 1293 4 7
internal_value=-3.77646e-05 -0.0131953 0.0290786 -0.0331381 0.00840414 -0.0455513 0.0265007 -0.000967086 0.0426991 0.00303402 -0.0377494 -0.0503362 0.041638 -0.0583959
internal_weight=98.3009 67.7053 30.5955 45.0651 10.3678 34.6973 22.6403 10.6366 25.4155 4.92869 5.18001 33.0854 5.82956 4.12721
internal_count=2083 1761 322 1505 167 1338 256 235 132 104 190 1336 27 159
is_linear=0
shrinkage=0.05


Tree=48
num_leaves=15
num_cat=0
split_feature=25 25 24 2 23 0 19 28 19 6 1 27 1 17
split_gain=14.2723 20.2749 10.5635 8.78452 11.6037 6.17072 5.74175 8.82554 3.64682 5.18663 2.68797 1.81814 0.440997 0.367079
threshold=-0.91917124390602101 1.196678698062897 0.10244867950677873 0.9710758924484254 0.220059409737587 2.9666326045989995 0.48049420118331915 2.2010802030563359 -0.2971773743629455 -1.1282749176025388 -0.84367579221725453 -1.5671488642692564 -1.0023805499076841 1.0231016874313357
decision_type=2 2 2 2 2 2 2 2 2 2 2 2 2 2
left_child=2 3 10 5 13 11 7 -3 -4 -10 -1 -2 -9 -5
right_child=1 6 8 4 -6 -7 -8 12 9 -11 -12 -13 -14 -15
leaf_value=0.052316105016909281 -0.0031014553358702378 -0.052501165960039509 0.052076130791492259 -0.054535933950210058 0.052450107793476676 0.052527069016006046 0.050549614885763906 0.024396420638138593 0.052845222067361045 -0.052344463000174951 -0.052771924610540623 -0.053115504195531626 0.052731155266381724 -0.12235207666718201
leaf_weight=0.71076345443725841 1.9354937691241492 4.5839415043592471 19.548057422041897 3.7303611114621149 5.9508167505264282 1.5371599197387684 11.482256151735781 2.3591186609119177 2.4742931723594692 2.2262649219483102 4.2290935255587101 29.709799431264404 3.285880982875824 0.21081826649606217
leaf_count=1 43 208 28 153 8 2 21 23 3 101 189 1293 4 6
internal_value=-3.85566e-05 -0.0131177 0.0289914 -0.032976 0.00837932 -0.0453044 0.0262806 -0.000961969 0.0425678 0.00302558 -0.0376515 -0.0500565 0.0408897 -0.0581635
internal_weight=93.9741 64.7856 29.1885 43.0744 9.892 33.1825 21.7112 10.2289 24.2486 4.70056 4.93986 31.6453 5.645 3.94118
internal_count=2083 1761 322 1505 167 1338 256 235 132 104 190 1336 27 159
is_linear=0
shrinkage=0.05


Tree=49
num_leaves=15
num_cat=0
split_feature=25 25 24 2 23 0 19 28 19 7 1 27 4 20
split_gain=13.5231 19.172 10.0181 8.302 11.0006 5.83801 5.44458 8.31568 3.45618 4.92084 2.55041 1.81353 0.463607 0.331934
threshold=-0.91917124390602101 1.196678698062897 0.10244867950677873 0.9710758924484254 0.220059409737587 2.9666326045989995 0.48049420118331915 2.2010802030563359 -0.2971773743629455 1.1270392537117007 -0.84367579221725453 -1.5671488642692564 0.76765400171279918 0.30501256883144384
decision_type=2 2 2 2 2 2 2 2 2 2 2 2 2 2
left_child=2 3 10 5 13 11 7 -3 -4 -10 -1 -2 -9 -5
right_child=1 6 8 4 -6 -7 -8 12 9 -11 -12 -13 -14 -15
leaf_value=0.052198051788399639 -0.0029469589989191986 -0.052374754597347084 0.051914603136227769 -0.054351537522574857 0.052324978991566622 0.0523977660654023 0.050252226478594966 0.023151588427072749 -0.052224902512195998 0.052699373789580756 -0.05263973603059318 -0.052976261344431654 0.052612087906872898 -0.11983492771634935
leaf_weight=0.67758959531784313 1.9351244494318987 4.370638398453595 18.651089265942577 3.5601644758135067 5.6737866401672363 1.4657088518142689 10.985283136367796 2.3167668394744396 2.1224143579602233 2.3599696159362793 4.0326854158192873 28.333242118358616 3.1525232195854187 0.20464586839079846
leaf_count=1 43 208 28 153 8 2 21 23 101 3 189 1293 4 6
internal_value=-3.93436e-05 -0.0130394 0.028907 -0.0328139 0.0083547 -0.0450586 0.026056 -0.000956659 0.0424402 0.0030176 -0.0375585 -0.0497778 0.0401328 -0.0579111
internal_weight=89.8416 61.9979 27.8437 41.1727 9.4386 31.7341 20.8252 9.83993 23.1335 4.48238 4.71028 30.2684 5.46929 3.76481
internal_count=2083 1761 322 1505 167 1338 256 235 132 104 190 1336 27 159
is_linear=0
shrinkage=0.05


Tree=50
num_leaves=15
num_cat=0
split_feature=25 25 24 2 23 0 19 28 19 7 1 27 1 23
split_gain=12.8135 18.1279 9.50158 7.84579 10.4289 5.5232 5.16201 7.83465 3.27547 4.6693 2.42018 1.80863 0.479016 0.322985
threshold=-0.91917124390602101 1.196678698062897 0.10244867950677873 0.9710758924484254 0.220059409737587 2.9666326045989995 0.48049420118331915 2.2010802030563359 -0.2971773743629455 1.1270392537117007 -0.84367579221725453 -1.5671488642692564 -1.0023805499076841 -0.35697944462299341
decision_type=2 2 2 2 2 2 2 2 2 2 2 2 2 2
left_child=2 3 10 5 13 11 7 -3 -4 -10 -1 -2 -9 -5
right_child=1 6 8 4 -6 -7 -8 12 9 -11 -12 -13 -14 -15
leaf_value=0.052086258888326811 -0.0028001154733102592 -0.052254958788672479 0.05175634945855441 -0.054162742855403546 0.052206514240832759 0.052275372192253713 0.049946823091637824 0.022144757657072169 -0.052111694221350702 0.052561352540246353 -0.052513998093671112 -0.052843565582313339 0.052482731282520879 -0.12199334523888512
leaf_weight=0.64589160680771129 1.9347855318337703 4.1667704377323407 17.794349700212482 3.4117758255451922 5.4090102910995483 1.397407293319701 10.511824507266281 2.2916986476629972 2.0231781583279362 2.2506185173988342 3.844961941242218 27.01738273724914 3.0101286768913269 0.18501418549567272
leaf_count=1 43 208 28 154 8 2 21 23 101 3 189 1293 4 5
internal_value=-4.01559e-05 -0.0129603 0.028825 -0.0326522 0.00833062 -0.0448132 0.0258266 -0.000951095 0.042316 0.00301004 -0.03747 -0.0494993 0.0393692 -0.0576519
internal_weight=85.8948 59.3358 26.559 39.3554 9.0058 30.3496 19.9804 9.4686 22.0681 4.2738 4.49085 28.9522 5.30183 3.59679
internal_count=2083 1761 322 1505 167 1338 256 235 132 104 190 1336 27 159
is_linear=0
shrinkage=0.05


Tree=51
num_leaves=15
num_cat=0
split_feature=25 25 24 2 23 0 19 28 19 6 1 27 4 20
split_gain=12.1413 17.1391 9.01229 7.41469 9.88592 5.22528 4.89323 7.38075 3.1041 4.43117 2.29686 1.80342 0.500431 0.258929
threshold=-0.91917124390602101 1.196678698062897 0.10244867950677873 0.9710758924484254 0.220059409737587 2.9666326045989995 0.48049420118331915 2.2010802030563359 -0.2971773743629455 -1.1282749176025388 -0.84367579221725453 -1.5671488642692564 0.76765400171279918 0.30501256883144384
decision_type=2 2 2 2 2 2 2 2 2 2 2 2 2 2
left_child=2 3 10 5 13 11 7 -3 -4 -10 -1 -2 -9 -5
right_child=1 6 8 4 -6 -7 -8 12 9 -11 -12 -13 -14 -15
leaf_value=0.051980376325528189 -0.0026605488160966286 -0.052141406417827531 0.051600702050693163 -0.054003412619536131 0.052094332841368586 0.052159492133400265 0.049632068315606098 0.020941437595900367 0.052430692207761177 -0.052004472836163919 -0.052394365943611812 -0.052717060691213784 0.052376930044798403 -0.1132304662115675
leaf_weight=0.61561101675033825 1.9344743620604301 3.971968278288843 16.976284746080641 3.2416460746899234 5.1560097932815552 1.3321334719657887 10.060987189412115 2.2539702858775854 2.1460548639297512 1.9283743351697884 3.6655813902616501 25.759844912216071 2.8884265422821045 0.19567504711449135
leaf_count=1 43 208 28 153 8 2 21 23 3 101 189 1293 4 6
internal_value=-4.0974e-05 -0.0128802 0.0287451 -0.0324899 0.00830674 -0.0445679 0.0255918 -0.00094529 0.0421944 0.00300289 -0.0373859 -0.0492206 0.0385984 -0.057375
internal_weight=82.127 56.7951 25.3319 37.6198 8.59333 29.0265 19.1754 9.11437 21.0507 4.07443 4.28119 27.6943 5.1424 3.43732
internal_count=2083 1761 322 1505 167 1338 256 235 132 104 190 1336 27 159
is_linear=0
shrinkage=0.05


Tree=52
num_leaves=15
num_cat=0
split_feature=25 27 0 24 2 23 19 19 6 1 18 9 24 3
split_gain=11.5046 16.2274 13.9138 8.54865 5.94504 11.1682 4.72327 2.94155 4.20569 2.18006 0.00453732 0.00380076 4.78223e-07 2.71926e-07
threshold=-0.91917124390602101 -2.5896649360656734 2.5185960531234746 0.10244867950677873 0.9710758924484254 0.4145848155021668 2.1642143726348881 -0.2971773743629455 -1.1282749176025388 -0.84367579221725453 0.34910528361797338 1.1757006049156191 1.4543588161468508 -0.93591588735580433
decision_type=2 2 2 2 2 2 2 2 2 2 2 2 2 2
left_child=3 -2 4 9 6 -6 -3 10 -9 -1 -5 13 -10 -11
right_child=1 2 -4 7 5 -7 -8 8 12 11 -12 -13 -14 -15
leaf_value=0.051880064301265932 0.051257845241064304 -0.049314697341040645 0.050624780053357923 0.050194947753886436 -0.055684831092819222 0.052008357089130312 0.047735273409997656 0.052306982566843824 -0.051894272309903837 -0.051948913608551667 0.052006399839185084 -0.059244287624891902 -0.051978339754282038 -0.051886530381632427
leaf_weight=0.58669096231460827 8.3655263371765596 29.614576086401943 5.4418629147112361 5.0014198869466844 4.6753237545490247 4.9628307819366455 1.3091161549091328 2.0460966825485261 1.6493250019848309 0.18503246642649518 11.193959057331083 0.18553549610078324 0.18850064650177945 3.1236424874514315
leaf_count=1 16 1491 12 10 229 8 5 3 91 10 18 6 10 173
internal_value=-4.18719e-05 -0.0127993 -0.0244477 0.0286669 -0.0345196 -0.000231988 -0.0452062 0.0420752 0.00299611 -0.0373059 0.051447 -0.0522805 -0.0519029 -0.05189
internal_weight=78.5294 54.3692 46.0037 24.1602 40.5618 9.63815 30.9237 20.0793 3.88392 4.0809 16.1954 3.49421 1.83783 3.30867
internal_count=2083 1761 1745 322 1733 237 1496 132 104 190 28 189 101 183
is_linear=0
shrinkage=0.05


Tree=53
num_leaves=15
num_cat=0
split_feature=25 27 0 24 2 23 19 19 6 1 18 9 24 3
split_gain=10.9004 15.3557 13.15 8.10921 5.58145 10.6003 4.45491 2.78738 3.99214 2.06928 0.00512347 0.00329858 4.09314e-07 2.33065e-07
threshold=-0.91917124390602101 -2.5896649360656734 2.5185960531234746 0.10244867950677873 0.9710758924484254 0.4145848155021668 2.1642143726348881 -0.2971773743629455 -1.1282749176025388 -0.84367579221725453 0.34910528361797338 1.1757006049156191 1.4543588161468508 -0.93591588735580433
decision_type=2 2 2 2 2 2 2 2 2 2 2 2 2 2
left_child=3 -2 4 9 6 -6 -3 10 -9 -1 -5 13 -10 -11
right_child=1 2 -4 7 5 -7 -8 8 12 11 -12 -13 -14 -15
leaf_value=0.051785011783905849 0.051074682515549974 -0.048911639890187486 0.050366155684609261 0.049935130152818724 -0.055556459224428839 0.051906616840054681 0.047263132961480929 0.052189819341584932 -0.051798475236590404 -0.051850303042945467 0.051904735134799068 -0.058794080590350441 -0.051878144669722029 -0.051791141883910666
leaf_weight=0.55907618999481501 7.9853581301867953 28.396606372669343 5.2023774292320004 4.7816341295838383 4.4573232345283014 4.7298099994659424 1.257399471476673 1.9505664110183727 1.5717146787792424 0.17633461393416272 10.668352425098417 0.17780406400561322 0.17964493110775936 2.9766349829733345
leaf_count=1 16 1491 12 10 229 8 5 3 91 10 18 6 10 173
internal_value=-3.96752e-05 -0.0127188 -0.024285 0.0285902 -0.0342838 -0.000231265 -0.0448336 0.0419581 0.0029897 -0.0372272 0.0512952 -0.0521681 -0.0518066 -0.0517945
internal_weight=75.0706 52.0289 44.0435 23.0418 38.8411 9.18713 29.654 19.1519 3.70193 3.88985 15.45 3.33077 1.75136 3.15297
internal_count=2083 1761 1745 322 1733 237 1496 132 104 190 28 189 101 183
is_linear=0
shrinkage=0.05


Tree=54
num_leaves=15
num_cat=0
split_feature=25 27 0 24 2 23 19 19 7 1 18 9 24 3
split_gain=10.3272 14.5283 12.4246 7.69263 5.23573 10.062 4.19994 2.64107 3.78983 1.96432 0.00578479 0.00286106 3.50362e-07 1.99786e-07
threshold=-0.91917124390602101 -2.5896649360656734 2.5185960531234746 0.10244867950677873 0.9710758924484254 0.4145848155021668 2.1642143726348881 -0.2971773743629455 1.1270392537117007 -0.84367579221725453 0.34910528361797338 1.1757006049156191 1.4543588161468508 -0.93591588735580433
decision_type=2 2 2 2 2 2 2 2 2 2 2 2 2 2
left_child=3 -2 4 9 6 -6 -3 10 12 -1 -5 13 -9 -11
right_child=1 2 -4 7 5 -7 -8 8 -10 11 -12 -13 -14 -15
leaf_value=0.051694931278994209 0.050889584736573894 -0.048491299795575593 0.050099989350326703 0.049667047321122947 -0.055431650977237137 0.051810214394090004 0.046768446316890505 -0.051707689412789581 0.052078825348254344 -0.051756852655737019 0.051808408954730351 -0.058364971439758134 -0.0517831974773105 -0.051700740537259031
leaf_weight=0.53271305561065974 7.6228455733507863 27.239997694268826 4.9742896202951661 4.5723696425557163 4.2492436002939922 4.5072945952415466 1.2084113284945477 1.4976199958473437 1.8592907190322874 0.1680298782885109 10.16644239425659 0.1703445017337798 0.17118894681334484 2.8362887948751423
leaf_count=1 16 1491 12 10 229 8 5 91 3 10 18 6 10 173
internal_value=-3.73309e-05 -0.0126354 -0.024116 0.0285147 -0.0340386 -0.000230535 -0.0444449 0.0418423 0.00298362 -0.0371526 0.0511441 -0.0520613 -0.0517154 -0.0517039
internal_weight=71.7764 49.8021 42.1792 21.9743 37.2049 8.75654 28.4484 18.2669 3.5281 3.70738 14.7388 3.17466 1.66881 3.00432
internal_count=2083 1761 1745 322 1733 237 1496 132 104 190 28 189 101 183
is_linear=0
shrinkage=0.05


Tree=55
num_leaves=15
num_cat=0
split_feature=25 27 0 24 2 23 19 26 1 19 10 9 24 10
split_gain=9.78349 13.7427 11.7356 7.29763 4.907 9.55176 3.95765 2.52167 1.86488 1.14483 2.64934 0.00248024 0.0014579 7.2791e-05
threshold=-0.91917124390602101 -2.5896649360656734 2.5185960531234746 0.10244867950677873 0.9710758924484254 0.4145848155021668 2.1642143726348881 -0.60428559780120839 -0.84367579221725453 -0.2971773743629455 -1.0000000180025095e-35 1.1757006049156191 0.80218648910522472 -0.81221330165863026
decision_type=2 2 2 2 2 2 2 2 2 2 2 2 2 2
left_child=3 -2 4 8 6 -6 -3 13 -1 12 -11 -10 -9 -5
right_child=1 2 -4 7 5 -7 -8 9 11 10 -12 -13 -14 -15
leaf_value=0.051609538113240642 0.05070160732781101 -0.048052264913052305 0.049824950533634976 -0.051622129611368174 -0.055310002660374738 0.051718846741569915 0.046249817703842414 0.050650234974191646 -0.05161801804215449 -0.051633056751311635 0.051973661484753277 -0.057956112098446179 0.051723039228929568 -0.052845939891228988
leaf_weight=0.50754958391189875 7.2772870864719144 26.142330705188218 4.7571591380983582 0.53327667526900768 4.0506720663979632 4.2948542237281799 1.1620448138564814 4.8352254480123564 2.8624297454953198 0.94662735611200721 1.7721002697944577 0.16315090097486962 9.1779861450195295 0.15735635906458156
leaf_count=1 16 1491 12 34 229 8 5 10 183 60 3 6 17 8
internal_value=-3.48338e-05 -0.0125487 -0.02394 0.0284402 -0.0337833 -0.000229797 -0.0440389 0.0417274 -0.0370816 0.0455921 0.0158991 -0.0519598 0.0513529 -0.051901
internal_weight=68.6401 47.6843 40.4071 20.9557 35.6499 8.34553 27.3044 17.4226 3.53313 16.7319 2.71873 3.02558 14.0132 0.690633
internal_count=2083 1761 1745 322 1733 237 1496 132 190 90 63 189 27 42
is_linear=0
shrinkage=0.05


Tree=56
num_leaves=15
num_cat=0
split_feature=25 27 0 24 17 2 19 26 6 19 7 9 24 10
split_gain=9.27039 12.9967 11.081 6.92621 4.74841 8.65915 4.02136 2.3933 1.77063 1.08543 2.51547 0.00214902 0.0016435 6.2877e-05
threshold=-0.91917124390602101 -2.5896649360656734 2.5185960531234746 0.10244867950677873 0.90586271882057201 0.64633366465568554 2.1642143726348881 -0.60428559780120839 5.4742572307586679 -0.2971773743629455 1.1270392537117007 1.1757006049156191 0.80218648910522472 -0.81221330165863026
decision_type=2 2 2 2 2 2 2 2 2 2 2 2 2 2
left_child=3 -2 4 8 6 -6 -3 13 11 12 -11 -1 -9 -5
right_child=1 2 -4 7 5 -7 -8 9 -10 10 -12 -13 -14 -15
leaf_value=-0.051536621850396452 0.050509796611265603 -0.049636505144198248 0.049539687502781475 -0.051540514798093379 -0.05280660055397738 0.041615960641544547 0.048926029484024441 0.050469972004774412 0.051528577310234393 -0.051550874981025542 0.051874002276497466 -0.057566680053694447 0.051636195745874192 -0.052705356484811755
leaf_weight=2.7270193342119491 6.9480014145374289 23.365921746008102 4.5505577046424142 0.50805144384503365 4.6938981655985099 5.030065419152379 1.0828384216874827 4.6154264956712732 0.48353552818298329 0.90185901336371666 1.6888306736946104 0.15621725935488928 8.7446829378604871 0.15007117018103855
leaf_count=183 16 1421 12 34 280 28 4 10 1 60 3 6 17 8
internal_value=-3.20188e-05 -0.0124583 -0.0237565 0.0283787 -0.0335168 -0.00396318 -0.0452712 0.0416344 -0.0370142 0.0454897 0.0158702 -0.0518633 0.0512333 -0.0518061
internal_weight=65.647 45.6713 38.7233 19.9757 34.1727 9.72396 24.4488 16.6089 3.36677 15.9508 2.59069 2.88324 13.3601 0.658123
internal_count=2083 1761 1745 322 1733 308 1425 132 190 90 63 189 27 42
is_linear=0
shrinkage=0.05


Tree=57
num_leaves=15
num_cat=0
split_feature=25 27 0 24 17 2 19 26 1 19 7 9 24 13
split_gain=8.78642 12.2928 10.4648 6.57397 4.58574 10.2096 3.99901 2.27155 1.6813 1.02902 2.38859 0.00186116 0.00185349 5.43673e-05
threshold=-0.91917124390602101 -2.5896649360656734 2.5185960531234746 0.10244867950677873 0.81729069352149974 0.64633366465568554 2.1642143726348881 -0.60428559780120839 -0.84367579221725453 -0.2971773743629455 1.1270392537117007 1.1757006049156191 0.80218648910522472 0.52721574902534496
decision_type=2 2 2 2 2 2 2 2 2 2 2 2 2 2
left_child=3 -2 4 8 6 -6 -3 13 -1 12 -11 -10 -9 -5
right_child=1 2 -4 7 5 -7 -8 9 11 10 -12 -13 -14 -15
leaf_value=0.05145180654449702 0.050313165576885192 -0.052103136692473018 0.049242828039519071 -0.051462899453186252 -0.052383223823687777 0.041417102268577616 0.048589352720326016 0.050285841555429561 -0.051459440268860956 -0.051472951480094037 0.051779537785380407 -0.057195851534017718 0.051553863995571464 -0.052572032784872262
leaf_weight=0.4606221914291394 6.6343287397176018 20.073638066649441 4.3540695477277032 0.48391039948910552 6.1401148252189142 5.4989473195746541 1.0369873177260149 4.4060043469071379 2.5978135541081451 0.85914075002074008 1.6093222200870512 0.14953753072768439 8.3311485052108747 0.14317703526467085
leaf_count=1 16 1303 12 34 394 32 4 10 183 60 3 6 17 8
internal_value=-3.18006e-05 -0.0123737 -0.0235824 0.0283185 -0.0332645 -0.00806668 -0.047157 0.0415431 -0.0369502 0.0453892 0.0158428 -0.0517717 0.0511152 -0.0517161
internal_weight=62.7788 43.7381 37.1038 19.0407 32.7497 11.6391 21.1106 15.8327 3.20797 15.2056 2.46846 2.74735 12.7372 0.627087
internal_count=2083 1761 1745 322 1733 426 1307 132 190 90 63 189 27 42
is_linear=0
shrinkage=0.05


Tree=58
num_leaves=15
num_cat=0
split_feature=25 27 0 24 17 2 19 26 1 19 7 5 9 12
split_gain=8.33467 11.6417 9.90239 6.23988 4.38364 9.63685 3.79596 2.15608 1.59661 0.975436 2.26831 0.00209299 0.00161118 4.69796e-05
threshold=-0.91917124390602101 -2.5896649360656734 2.5185960531234746 0.10244867950677873 0.81729069352149974 0.64633366465568554 2.1642143726348881 -0.60428559780120839 -0.84367579221725453 -0.2971773743629455 1.1270392537117007 0.34533183276653295 1.1757006049156191 -0.4763199239969253
decision_type=2 2 2 2 2 2 2 2 2 2 2 2 2 2
left_child=3 -2 4 8 6 -6 -3 13 -1 11 -11 -9 -10 -5
right_child=1 2 -4 7 5 -7 -8 9 12 10 -12 -13 -14 -15
leaf_value=0.051378994406562087 0.05011070223710265 -0.052006150937699717 0.048932991917531643 -0.051389390088939474 -0.052286580148360684 0.040687776117903605 0.048235589049400389 0.050096432067614008 -0.051386238347876992 -0.051399056086185418 0.051689980937179275 0.051476023782907269 -0.056842833159234711 -0.052445278155454272
leaf_weight=0.43876263499260071 6.3356308359652749 19.129346551373608 4.1672910470515481 0.46090996358543634 5.8511815043166262 5.3221682487055659 0.99346725270151992 4.2060843668878061 2.4745480045676254 0.81838524341583019 1.5334199666976926 7.9369897544384003 0.14310556463897217 0.13655593059957105
leaf_count=1 16 1303 12 34 394 32 4 10 183 60 3 17 6 8
internal_value=-3.39845e-05 -0.0123188 -0.0234719 0.0282596 -0.0331131 -0.00800038 -0.0470572 0.0414531 -0.0368893 0.04529 0.0158169 0.0509982 -0.0516845 -0.0516307
internal_weight=59.9478 41.7991 35.4635 18.1488 31.2962 11.1733 20.1228 15.0923 3.05642 14.4949 2.35181 12.1431 2.61765 0.597466
internal_count=2083 1761 1745 322 1733 426 1307 132 190 90 63 27 189 42
is_linear=0
shrinkage=0.05


Tree=59
num_leaves=15
num_cat=0
split_feature=25 25 24 2 23 1 19 28 6 26 1 19 7 10
split_gain=7.90605 11.0407 5.92294 4.75581 6.86779 4.45606 3.29274 4.89537 2.97867 2.04652 1.51631 0.924522 2.15427 0.397281
threshold=-0.91917124390602101 1.196678698062897 0.10244867950677873 0.9710758924484254 0.220059409737587 -1.2375702261924741 0.48049420118331915 2.2010802030563359 1.2561266422271731 -0.60428559780120839 -0.84367579221725453 -0.2971773743629455 1.1270392537117007 1.4562130570411684
decision_type=2 2 2 2 2 2 2 2 2 2 2 2 2 2
left_child=2 3 10 5 -5 8 7 -3 -2 -4 -1 -11 -13 -9
right_child=1 6 9 4 -6 -7 -8 13 -10 11 -12 12 -14 -15
leaf_value=0.051309936123235748 -0.053997557521975138 -0.051463311074095963 -0.051549643421333162 -0.057026958100081564 0.051450371301801912 -0.051812626024279287 0.048703867313386773 0.051641020368163718 0.051752884090690579 0.050881625853311553 -0.051601741343481 -0.051328966020769501 0.05160506539228206 0.0182084339211185
leaf_weight=0.41791149973869446 1.0237365243956476 2.7422057744115573 0.56919841933995563 2.4333939664065829 3.6441128551959991 17.63440835848451 6.9525887314230204 2.0457414984703068 1.9049433888867495 11.576647263020275 2.4938825545832533 0.77950833365320926 1.460973799228668 1.5709281358867881
leaf_count=1 57 208 42 159 8 1277 21 4 4 27 189 60 3 23
internal_value=-3.63228e-05 -0.0122625 0.0282015 -0.0308423 0.00801676 -0.0423272 0.0249216 -0.00108111 0.0147872 0.0413642 -0.0368315 0.0451918 0.0157923 0.0371193
internal_weight=57.2502 39.9521 17.2981 26.6406 6.07751 20.5631 13.3115 6.35888 2.92868 14.3863 2.91179 13.8171 2.24048 3.61667
internal_count=2083 1761 322 1505 167 1338 256 235 61 132 190 90 63 27
is_linear=0
shrinkage=0.05


Tree=60
num_leaves=15
num_cat=0
split_feature=25 27 0 24 17 2 19 26 1 19 7 24 9 13
split_gain=7.50044 10.4792 8.98432 5.6222 3.96659 8.62986 3.43201 1.94256 1.44022 0.876118 2.04612 0.0026841 0.00122398 3.51916e-05
threshold=-0.91917124390602101 -2.5896649360656734 2.5185960531234746 0.10244867950677873 0.81729069352149974 0.64633366465568554 2.1642143726348881 -0.60428559780120839 -0.84367579221725453 -0.2971773743629455 1.1270392537117007 0.80218648910522472 1.1757006049156191 0.52721574902534496
decision_type=2 2 2 2 2 2 2 2 2 2 2 2 2 2
left_child=3 -2 4 8 6 -6 -3 13 -1 11 -11 -9 -10 -5
right_child=1 2 -4 7 5 -7 -8 9 12 10 -12 -13 -14 -15
leaf_value=0.051244415412726813 0.049834742733006775 -0.051829637719189463 0.048574514486509408 -0.051253404759071912 -0.052119091953843871 0.039693306685578869 0.047825251663076655 0.049694776621707619 -0.051250581746935787 -0.051262472574435475 0.051524534632625518 0.05133296073712116 -0.056214311104205605 -0.052211917360453122
leaf_weight=0.39802515506744507 5.7751475572586051 17.38962584827096 3.8354947082698336 0.41800810582935888 5.3300918200984579 4.9236802496016026 0.90912269800901313 3.8284214511513692 2.2442170670256041 0.7424287889152742 1.391838490962982 7.2083533704280853 0.13146922551095475 0.12421616818755865
leaf_count=1 16 1303 12 34 394 32 4 10 183 60 3 17 6 8
internal_value=-3.76678e-05 -0.0122126 -0.0232763 0.0281442 -0.0329281 -0.0080324 -0.0468786 0.0412756 -0.0367779 0.0450939 0.0157689 0.0507647 -0.0515253 -0.051473
internal_weight=54.6501 38.1632 32.388 16.487 28.5525 10.2538 18.2987 13.7133 2.77371 13.171 2.13427 11.0368 2.37569 0.542224
internal_count=2083 1761 1745 322 1733 426 1307 132 190 90 63 27 189 42
is_linear=0
shrinkage=0.05


Tree=61
num_leaves=15
num_cat=0
split_feature=25 25 24 2 20 6 1 19 28 26 1 19 7 10
split_gain=7.11472 9.93391 5.3368 4.3067 4.53112 4.35146 3.81375 2.97515 4.38978 1.84391 1.36799 0.830127 1.94355 0.387028
threshold=-0.91917124390602101 1.196678698062897 0.10244867950677873 1.0509262681007387 0.84870409965515148 1.2561266422271731 -0.77561968564987172 0.48049420118331915 2.2010802030563359 -0.60428559780120839 -0.84367579221725453 -0.2971773743629455 1.1270392537117007 1.4562130570411684
decision_type=2 2 2 2 2 2 2 2 2 2 2 2 2 2
left_child=2 3 10 5 -5 -2 -7 8 -3 -4 -1 -11 -13 -10
right_child=1 7 9 4 -6 6 -8 -9 13 11 -12 12 -14 -15
leaf_value=0.0511822567030987 -0.051831507660134425 -0.051331327279262685 -0.051399893896996653 -0.05234318201854013 0.051298924868538903 0.047707289979619649 -0.059485230625217184 0.04832885434251348 0.051483348290709857 0.050647754099880253 -0.051450364180662594 -0.051199388993398223 0.051448150933692705 0.017308452457603631
leaf_weight=0.37906146049499456 16.143281911499805 2.4937141016125661 0.51649459823966104 1.6660193791612972 2.8733521103858948 2.2971742097288375 1.2990047577768553 6.3552253376692533 1.8603152036666872 10.522147405892609 2.263028671965003 0.70706831105053192 1.3258737325668333 1.4935920424759386
leaf_count=1 1272 208 42 127 7 12 87 21 4 27 189 60 3 23
internal_value=-4.01915e-05 -0.0121555 0.0280873 -0.0306528 0.0132607 -0.0407514 0.00898742 0.0246469 -0.00109081 0.0411876 -0.0367256 0.0449965 0.0157468 0.0362643
internal_weight=52.1954 36.4817 15.7137 24.2788 4.53937 19.7395 3.59618 12.2028 5.84762 13.0716 2.64209 12.5551 2.03294 3.35391
internal_count=2083 1761 322 1505 134 1371 99 256 235 132 190 90 63 27
is_linear=0
shrinkage=0.05


Tree=62
num_leaves=15
num_cat=0
split_feature=25 27 0 24 17 2 19 26 1 2 27 26 9 10
split_gain=6.74903 9.43258 8.16154 5.06589 3.59906 7.72832 3.10435 1.75025 1.29952 0.786949 1.67051 0.0126881 0.000927519 2.63458e-05
threshold=-0.91917124390602101 -2.5896649360656734 2.5185960531234746 0.10244867950677873 0.81729069352149974 0.64633366465568554 2.1642143726348881 -0.60428559780120839 -0.84367579221725453 -0.096365340054035173 1.3822665810585024 -0.033303986303508275 1.1757006049156191 -0.81221330165863026
decision_type=2 2 2 2 2 2 2 2 2 2 2 2 2 2
left_child=3 -2 4 8 6 -6 -3 13 -1 10 -9 -11 -10 -5
right_child=1 2 -4 7 5 -7 -8 9 12 11 -12 -13 -14 -15
leaf_value=0.05112326726207464 0.049563861126824676 -0.051670963593301915 0.048221200942588978 -0.051130989650786753 -0.051965141061747613 0.038651459237030644 0.047392901118064969 -0.051820191681846539 -0.051128522118259946 0.046472252492145517 0.050095608201272915 0.051047593329306598 -0.05564086424915099 -0.052000975592976062
leaf_weight=0.36097997426986639 5.2650092002004376 15.811835999600596 3.5351884905248872 0.37899143807590008 4.8542864928022009 4.5662563228979707 0.83246063441038209 0.62259198632091184 2.0348553368821745 1.8507258445024497 1.1351872691884635 8.3596462216228193 0.12063443660736073 0.11295851878821928
leaf_count=1 16 1303 12 34 394 32 4 51 183 12 4 23 6 8
internal_value=-4.19895e-05 -0.0121008 -0.0230692 0.0280307 -0.0327384 -0.00804213 -0.0467163 0.0410992 -0.0366771 0.0448985 0.0139978 0.0502183 -0.0513811 -0.0513308
internal_weight=49.8416 34.865 29.6 14.9766 26.0648 9.42054 16.6443 12.4601 2.51647 11.9682 1.75778 10.2104 2.15549 0.49195
internal_count=2083 1761 1745 322 1733 426 1307 132 190 90 55 35 189 42
is_linear=0
shrinkage=0.05


Tree=63
num_leaves=15
num_cat=0
split_feature=25 25 24 2 20 6 1 19 28 26 1 19 10 4
split_gain=6.39847 8.93437 4.80513 3.9163 4.12984 3.93956 3.49349 2.68885 3.93729 1.66006 1.23451 0.765323 1.77435 0.382504
threshold=-0.91917124390602101 1.196678698062897 0.10244867950677873 1.0509262681007387 0.84870409965515148 1.2561266422271731 -0.77561968564987172 0.48049420118331915 2.2010802030563359 -0.60428559780120839 -0.84367579221725453 -0.2971773743629455 -1.0000000180025095e-35 0.76765400171279918
decision_type=2 2 2 2 2 2 2 2 2 2 2 2 2 2
left_child=2 3 10 5 -5 -2 -7 8 -3 -4 -1 -11 -13 -10
right_child=1 7 9 4 -6 6 -8 -9 13 11 -12 12 -14 -15
leaf_value=0.0510672870786055 -0.051677681552788624 -0.051213741389212065 -0.051264829716857668 -0.052157029895091446 0.051185995161675081 0.047138839007498635 -0.059966444985252623 0.047946903103905918 0.016145288882260175 0.050466438470281899 -0.051313291805687777 -0.051102314195065439 0.05131133575347048 0.051356671766557387
leaf_weight=0.34374168515205328 14.671423174440866 2.2678025178611261 0.46854379959404546 1.5271488334983576 2.6344518661499023 2.1222052378579979 1.1872721444815386 5.8117805905640125 1.410068763419986 9.5612575784325582 2.0530040040612221 0.65139903128146937 1.2058009505271901 1.702508747577667
leaf_count=1 1272 208 42 127 7 12 87 21 23 27 189 60 3 4
internal_value=-4.49162e-05 -0.0120425 0.0279544 -0.0304459 0.013263 -0.0405621 0.00871491 0.0243666 -0.00110429 0.0409764 -0.0366299 0.0447614 0.0153905 0.0354051
internal_weight=47.6184 33.3347 14.2837 22.1425 4.1616 17.9809 3.30948 11.1922 5.38038 11.887 2.39675 11.4185 1.8572 3.11258
internal_count=2083 1761 322 1505 134 1371 99 256 235 132 190 90 63 27
is_linear=0
shrinkage=0.05


Tree=64
num_leaves=15
num_cat=0
split_feature=25 27 0 24 17 2 19 26 1 19 7 5 9 28
split_gain=6.06963 8.52611 7.38326 4.5614 3.26837 6.91999 2.80953 1.57581 1.17287 0.724871 1.68573 0.00374335 0.000701279 1.96998e-05
threshold=-0.91917124390602101 -2.5896649360656734 2.5185960531234746 0.10244867950677873 0.81729069352149974 0.64633366465568554 2.1642143726348881 -0.60428559780120839 -0.84367579221725453 -0.2971773743629455 1.1270392537117007 0.34533183276653295 1.1757006049156191 -0.36043591797351832
decision_type=2 2 2 2 2 2 2 2 2 2 2 2 2 2
left_child=3 -2 4 8 6 -6 -3 13 -1 11 -11 -9 -10 -5
right_child=1 2 -4 7 5 -7 -8 9 12 10 -12 -13 -14 -15
leaf_value=0.051014147374309683 0.04930548774804791 -0.051526934892771215 0.047840816307580469 -0.051020836237921835 -0.051823823821682206 0.03757989382758975 0.046949689432029061 0.048961751803557947 -0.051018642483558141 -0.051047402744445983 0.051245884642921249 0.051088893938985663 -0.055118243009189265 -0.051810180093803872
leaf_weight=0.32730919122695867 4.8161458708345917 14.375285817310218 3.2456373609602442 0.34355733636766672 4.4209093768149597 4.2403851561248302 0.76271070167422372 3.1721263490617257 1.844643088057637 0.62027966044842919 1.148421376943588 5.943564236164093 0.11056791525334109 0.10266465134918767
leaf_count=1 16 1303 12 34 394 32 4 10 183 60 3 17 6 8
internal_value=-4.68132e-05 -0.0119872 -0.0229021 0.0278992 -0.0325497 -0.00805367 -0.0465653 0.0408895 -0.0365859 0.044665 0.0153718 0.0503487 -0.0512505 -0.0512024
internal_weight=45.4742 31.8611 27.0449 13.6131 23.7993 8.66129 15.138 11.3306 2.28252 10.8844 1.7687 9.11569 1.95521 0.446222
internal_count=2083 1761 1745 322 1733 426 1307 132 190 90 63 27 189 42
is_linear=0
shrinkage=0.05


Tree=65
num_leaves=15
num_cat=0
split_feature=25 27 0 19 10 17 2 19 16 24 27 27 1 1
split_gain=5.75717 8.06956 6.98081 4.3335 4.48312 3.13313 6.52709 2.66821 0.051628 0.0863076 0.00086228 0.000654443 1.37756e-05 4.55031e-07
threshold=-0.91917124390602101 -2.5896649360656734 2.5185960531234746 -0.82592168450355519 1.2100721001625063 0.81729069352149974 0.64633366465568554 2.1642143726348881 -0.81769317388534535 0.23957425355911258 0.92651325464248668 1.1279668211936953 -0.0059178196825087062 -0.95881006121635426
decision_type=2 2 2 2 2 2 2 2 2 2 2 2 2 2
left_child=3 -2 5 8 10 7 -7 -3 13 -10 12 -12 -5 -1
right_child=1 2 -4 4 -6 6 -8 -9 9 -11 11 -13 -14 -15
leaf_value=0.051005760621080566 0.049078062312391181 -0.051456004624737595 0.047477427778777254 -0.051472781217227294 0.051116223696326291 -0.051748728132311475 0.036765298584700602 0.04652430040959623 0.029599736218233502 0.051105399282895397 -0.055617170832875297 -0.050997006774936605 -0.050971438028725238 0.051032071196115247
leaf_weight=3.2470009624958038 4.6019614152610329 13.69256943650544 3.1103884540498248 0.14569256640970651 1.739882558584213 4.2112479638308269 4.1206994792446494 0.73198152706027109 0.83264863584190418 1.0610323846340177 0.19115845765918482 0.12795061524957418 2.3015335695818071 3.3272257447242737
leaf_count=10 16 1303 12 13 5 394 32 4 20 3 9 13 239 10
internal_value=-4.97199e-05 -0.0119272 -0.0227807 0.0278438 -0.0117687 -0.0323836 -0.00797268 -0.0464839 0.0489237 0.0416494 -0.0513201 -0.0537647 -0.0510013 0.0510191
internal_weight=43.443 30.4688 25.8669 12.9741 4.50622 22.7565 8.33195 14.4246 8.46791 1.89368 2.76634 0.319109 2.44723 6.57423
internal_count=2083 1761 1745 322 279 1733 426 1307 43 23 274 22 252 20
is_linear=0
shrinkage=0.05


Tree=66
num_leaves=15
num_cat=0
split_feature=25 27 0 24 17 2 19 26 1 2 27 26 9 12
split_gain=5.45556 7.63555 6.59836 4.14951 3.00509 6.15542 2.53419 1.42156 1.05991 0.661152 1.38219 0.0126251 0.000519179 1.47088e-05
threshold=-0.91917124390602101 -2.5896649360656734 2.5185960531234746 0.10244867950677873 0.81729069352149974 0.64633366465568554 2.1642143726348881 -0.60428559780120839 -0.84367579221725453 -0.096365340054035173 1.3822665810585024 -0.033303986303508275 1.1757006049156191 -0.4763199239969253
decision_type=2 2 2 2 2 2 2 2 2 2 2 2 2 2
left_child=3 -2 4 8 6 -6 -3 13 -1 10 -9 -11 -10 -5
right_child=1 2 -4 7 5 -7 -8 9 12 11 -12 -13 -14 -15
leaf_value=0.050915691121527919 0.048838711970677892 -0.051388292010462994 0.047093708827665344 -0.050921484216730789 -0.05167652863960627 0.035934184189397159 0.046073920248499239 -0.051752618020320544 -0.050928263227671411 0.045809148601521743 0.049780723299165365 0.050818945031546527 -0.054618021948780862 -0.051637222689300127
leaf_weight=0.29667544364929144 4.3984417505562332 13.041504423599694 2.9822008460760108 0.31133211776614189 4.0113187907263619 4.0081046056002378 0.70291929692030031 0.52196907903998979 1.6854944629594681 1.5380531903356311 0.93671466503292322 6.8961155666038376 0.10105287935584772 0.093289531767367317
leaf_count=1 16 1303 12 34 394 32 4 51 183 12 4 23 6 8
internal_value=-5.29056e-05 -0.011865 -0.0226547 0.0277532 -0.032212 -0.00788873 -0.0464039 0.0407728 -0.0366035 0.0445299 0.0134485 0.0499054 -0.051137 -0.0510865
internal_weight=41.5252 29.1445 24.746 12.3807 21.7638 8.01942 13.7444 10.2975 2.08322 9.89285 1.45868 8.43417 1.78655 0.404622
internal_count=2083 1761 1745 322 1733 426 1307 132 190 90 55 35 189 42
is_linear=0
shrinkage=0.05


Tree=67
num_leaves=15
num_cat=0
split_feature=25 25 24 2 20 6 4 19 28 19 7 1 10 13
split_gain=5.17159 7.24486 3.93621 3.28815 3.48416 3.23088 3.06088 2.21745 3.20462 1.3689 2.35359 1.00712 0.35047 0.0430597
threshold=-0.91917124390602101 1.196678698062897 0.10244867950677873 1.0509262681007387 0.84870409965515148 1.2561266422271731 -0.8586430251598357 0.48049420118331915 2.2010802030563359 -0.60104298591613758 1.1270392537117007 -0.84367579221725453 1.4562130570411684 0.27830573916435247
decision_type=2 2 2 2 2 2 2 2 2 2 2 2 2 2
left_child=2 3 11 5 -5 -2 -7 8 -3 -4 -11 -1 -10 -9
right_child=1 7 9 4 -6 6 -8 13 12 10 -12 -13 -14 -15
leaf_value=0.050870232562850809 -0.051415424292571336 -0.051033427674008182 0.050932751074809206 -0.051855824927307337 0.051005877588709982 0.046916340118126093 -0.061603382554032138 0.041130800608441681 0.051127764230007401 -0.051359086080709597 0.051041065019121749 -0.051081221830836201 0.014585269309640912 0.050968884652117845
leaf_weight=0.28245222568511863 12.135342479217803 1.8825020045042018 7.5370697379112244 1.2988927606493228 2.2481285333633423 1.8102687811478975 1.0136131066828955 1.7256965469568966 1.4280582666397097 0.98860163707285975 1.2977528274059293 1.7012236313894389 1.2138570509850977 3.1286274790763855
leaf_count=1 1272 208 25 127 7 10 89 11 4 103 4 189 23 10
internal_value=-5.63382e-05 -0.0118004 0.0276797 -0.0299435 0.0133387 -0.0402063 0.00796393 0.0239999 -0.00118306 0.0406527 0.00676405 -0.0365645 0.0343379 0.0474715
internal_weight=39.6921 27.885 11.8071 18.5062 3.54702 14.9592 2.82388 9.37874 4.52442 9.82342 2.28635 1.98368 2.64192 4.85432
internal_count=2083 1761 322 1505 134 1371 99 256 235 132 107 190 27 21
is_linear=0
shrinkage=0.05


Tree=68
num_leaves=15
num_cat=0
split_feature=25 27 0 24 17 2 19 19 7 1 28 9 1 19
split_gain=4.90958 6.8748 6.00145 3.74056 2.73549 5.50825 2.28755 1.3012 2.23625 0.957034 0.000671691 0.000391025 1.03177e-06 4.27138e-07
threshold=-0.91917124390602101 -2.5896649360656734 2.5185960531234746 0.10244867950677873 0.81729069352149974 0.64633366465568554 2.1642143726348881 -0.60104298591613758 1.1270392537117007 -0.84367579221725453 -1.0000000180025095e-35 1.1757006049156191 -0.93540373444557179 -0.82592168450355519
decision_type=2 2 2 2 2 2 2 2 2 2 2 2 2 2
left_child=3 -2 4 9 6 -6 -3 12 10 -1 -9 13 -5 -11
right_child=1 2 -4 7 5 -7 -8 8 -10 11 -12 -13 -14 -15
leaf_value=0.050827074902341431 0.048549423762980437 -0.051269875624941778 0.046701746075810277 0.050866311639127408 -0.051555364100076245 0.034823201060983654 0.045551492155015284 -0.050856886094933933 0.050989336459171301 -0.05091472248652338 -0.055363669340041027 -0.054187376906229379 0.050904297831530471 -0.050829101836736605
leaf_weight=0.26889926195144553 4.0151153970509794 11.852488890290264 2.7560909800231448 3.3743013739585876 3.6518139634281388 3.7315161004662514 0.64315660670399744 0.8499434581026436 1.2356814146041868 0.16307381168007706 0.091583962552247877 0.092426007147878297 3.8015420138835907 1.3643580395728361
leaf_count=1 16 1303 12 12 394 32 4 100 4 18 3 6 13 165
internal_value=-5.77826e-05 -0.011747 -0.0224427 0.0276531 -0.0320291 -0.00789986 -0.0462864 0.0406139 0.00675667 -0.0365282 -0.0512953 -0.0510293 0.0508864 -0.0508382
internal_weight=37.892 26.6502 22.6351 11.2418 19.879 7.38333 12.4956 9.35305 2.17721 1.88876 0.941527 1.61986 7.17584 1.52743
internal_count=2083 1761 1745 322 1733 426 1307 132 107 190 103 189 25 183
is_linear=0
shrinkage=0.05


Tree=69
num_leaves=15
num_cat=0
split_feature=25 25 24 2 20 6 4 19 28 19 7 1 4 13
split_gain=4.65962 6.51793 3.55477 3.00016 3.18731 2.92946 2.82493 2.00821 2.87815 1.23692 2.12481 0.909463 0.346419 0.0453335
threshold=-0.91917124390602101 1.196678698062897 0.10244867950677873 1.0509262681007387 0.84870409965515148 1.2561266422271731 -0.8586430251598357 0.48049420118331915 2.2010802030563359 -0.60104298591613758 1.1270392537117007 -0.84367579221725453 0.76765400171279918 0.27830573916435247
decision_type=2 2 2 2 2 2 2 2 2 2 2 2 2 2
left_child=2 3 11 5 -5 -2 -7 8 -3 -4 -11 -1 -10 -9
right_child=1 7 9 4 -6 6 -8 13 12 10 -12 -13 -14 -15
leaf_value=0.050786084681136871 -0.051299005033094952 -0.050953091229682369 0.050842459362234083 -0.051718222415115804 0.050922117001957562 0.04644093754335829 -0.06224777591219282 0.040352156163073548 0.01339875033758 -0.051231316462969127 0.05094022675905141 -0.050978898643849684 0.051036969500261722 0.050879380471344104
leaf_weight=0.25598612427711387 11.027238699607556 1.7131146774627248 6.8316284716129303 1.1928856414742761 2.0668940246105194 1.6753271063789728 0.92953153187408943 1.5953732170164583 1.1457035597413781 0.89669765252619837 1.1765211224555967 1.5423422004096208 1.3107515871524809 2.8487758934497833
leaf_count=1 1272 208 25 127 7 10 89 11 23 103 4 189 4 10
internal_value=-6.0856e-05 -0.0116801 0.0276277 -0.0297295 0.0133619 -0.0400337 0.00765588 0.0237157 -0.00120893 0.0405768 0.00674953 -0.036493 0.0334823 0.0471003
internal_weight=36.2088 25.5056 10.7032 16.8919 3.25978 13.6321 2.60486 8.61372 4.16957 8.90485 2.07322 1.79833 2.45646 4.44415
internal_count=2083 1761 322 1505 134 1371 99 256 235 132 107 190 27 21
is_linear=0
shrinkage=0.05


Tree=70
num_leaves=15
num_cat=0
split_feature=25 27 0 24 17 2 19 19 10 1 28 9 1 19
split_gain=4.4237 6.21826 5.43263 3.37838 2.49239 4.92875 2.06542 1.17583 2.01909 0.864312 0.000500285 0.000294023 7.61888e-07 3.1526e-07
threshold=-0.91917124390602101 -2.5896649360656734 2.5185960531234746 0.10244867950677873 0.81729069352149974 0.64633366465568554 2.1642143726348881 -0.60104298591613758 -1.0000000180025095e-35 -0.84367579221725453 0.038191642612218864 1.1757006049156191 -0.93540373444557179 -0.82592168450355519
decision_type=2 2 2 2 2 2 2 2 2 2 2 2 2 2
left_child=3 -2 4 9 6 -6 -3 12 10 -1 -9 13 -5 -11
right_child=1 2 -4 7 5 -7 -8 8 -10 11 -12 -13 -14 -15
leaf_value=0.050747156695303032 0.048268202255601717 -0.051162543550632003 0.046271016488759448 0.050782533944797259 -0.05144393025471921 0.033692554262194439 0.045006934453432297 -0.050773737032211969 0.050893592533692182 -0.050826118334393378 -0.05483886775572188 -0.053795899133619651 0.050816821717554229 -0.050748849569771992
leaf_weight=0.24368360638618369 3.6794980373233583 10.771254869177941 2.5365908760577431 3.0580464601516724 3.3246227828785768 3.4788132384419441 0.58882759883999902 0.7699722428806125 1.1201411187648753 0.14779009297489976 0.083935253322124481 0.084458652883767971 3.4456067085266113 1.2361927898600709
leaf_count=1 16 1303 12 12 394 32 4 100 4 18 3 6 13 165
internal_value=-6.23389e-05 -0.0116258 -0.0222721 0.0276037 -0.0318443 -0.00791094 -0.0461778 0.0405417 0.00674285 -0.0364601 -0.0511733 -0.0509319 0.0508007 -0.0507571
internal_weight=34.5694 24.3796 20.7001 10.1898 18.1635 6.80344 11.3601 8.4777 1.97405 1.71213 0.853907 1.46844 6.50365 1.38398
internal_count=2083 1761 1745 322 1733 426 1307 132 107 190 103 189 25 183
is_linear=0
shrinkage=0.05


Tree=71
num_leaves=15
num_cat=0
split_feature=25 27 0 24 17 2 19 19 7 1 28 9 1 19
split_gain=4.19846 5.87881 5.12987 3.21087 2.39563 4.64619 1.96236 1.11782 1.91868 0.821425 0.000429302 0.000253683 6.5427e-07 2.70759e-07
threshold=-0.91917124390602101 -2.5896649360656734 2.5185960531234746 0.10244867950677873 0.81729069352149974 0.64633366465568554 2.1642143726348881 -0.60104298591613758 1.1270392537117007 -0.84367579221725453 -1.0000000180025095e-35 1.1757006049156191 -0.93540373444557179 -0.82592168450355519
decision_type=2 2 2 2 2 2 2 2 2 2 2 2 2 2
left_child=3 -2 4 9 6 -6 -3 12 10 -1 -9 13 -5 -11
right_child=1 2 -4 7 5 -7 -8 8 -10 11 -12 -13 -14 -15
leaf_value=0.050710186657868472 0.047990845452030022 -0.05110812575184847 0.045826437644812403 0.050743787340576177 -0.051383106735407129 0.032819206431915569 0.044477321681881149 -0.050735438125280502 0.050849309670272472 -0.050785185834293492 -0.054588586272182639 -0.053609053154677469 0.050776353361354422 -0.050711793694455325
leaf_weight=0.23196373879909415 3.519772723317149 10.25656923791394 2.4357055965811005 2.9110689163208008 3.1661282596178344 3.3949831612408161 0.56661350280046541 0.73295918665826287 1.0664156973361967 0.14069273788481806 0.080198487732557888 0.080612497404217609 3.2801088243722916 1.1767405206337582
leaf_count=1 16 1303 12 12 394 32 4 100 4 18 3 6 13 165
internal_value=-6.55866e-05 -0.0115563 -0.0221311 0.0275807 -0.0316526 -0.00781344 -0.0461041 0.0405083 0.00673641 -0.0364282 -0.0511155 -0.0508862 0.050761 -0.0507196
internal_weight=33.0405 23.3398 19.82 9.70076 17.3843 6.56111 10.8232 8.07075 1.87957 1.63001 0.813158 1.39805 6.19118 1.31743
internal_count=2083 1761 1745 322 1733 426 1307 132 107 190 103 189 25 183
is_linear=0
shrinkage=0.05


Tree=72
num_leaves=15
num_cat=0
split_feature=25 25 24 2 20 6 1 19 28 19 7 1 0 13
split_gain=3.9845 5.56874 3.0518 2.63887 2.81572 2.53135 2.56844 1.74143 2.46606 1.0627 1.82335 0.780701 0.328867 0.0454089
threshold=-0.91917124390602101 1.196678698062897 0.10244867950677873 1.0509262681007387 0.84870409965515148 1.2561266422271731 -0.77561968564987172 0.48049420118331915 2.2010802030563359 -0.60104298591613758 1.1270392537117007 -0.84367579221725453 0.74234691262245189 0.27830573916435247
decision_type=2 2 2 2 2 2 2 2 2 2 2 2 2 2
left_child=2 3 11 5 -5 -2 -7 8 -3 -4 -11 -1 -10 -9
right_child=1 7 9 4 -6 6 -8 13 12 10 -12 -13 -14 -15
leaf_value=0.050675074583492345 -0.051148203166886563 -0.050863046369137112 0.050723375275879126 -0.051553864792004439 0.050818060325222458 0.046189239282086923 -0.063653914174558276 0.039528717504505644 0.010432434757323701 -0.051060477344169387 0.050807255205193406 -0.050842840271129966 0.049539529727871068 0.05076353650199425
leaf_weight=0.22079977393150318 9.5619136616587657 1.4912668392062181 5.893493264913559 1.0580150326713913 1.839521989226341 1.4941168730147185 0.82661569956689973 1.4102246202528479 0.95175278559327159 0.77431092923507083 1.0152244716882703 1.3309684987179951 1.2353763058781622 2.4828909635543823
leaf_count=1 1272 208 25 127 7 12 87 11 22 103 4 189 5 10
internal_value=-6.90032e-05 -0.0114837 0.0275589 -0.0293463 0.0134377 -0.039779 0.00706449 0.0233855 -0.00128353 0.0404765 0.00673028 -0.0363979 0.0325217 0.0466939
internal_weight=31.5865 22.3517 9.2348 14.7802 2.89754 11.8826 2.32073 7.57151 3.6784 7.68303 1.78954 1.55177 2.18713 3.89312
internal_count=2083 1761 322 1505 134 1371 99 256 235 132 107 190 27 21
is_linear=0
shrinkage=0.05


Tree=73
num_leaves=15
num_cat=0
split_feature=10 9 19 9 26 2 4 3 3 10 7 9 4 9
split_gain=3.81851 5.23068 3.67223 2.82784 2.01575 6.97731 0.980006 1.39062 0.796147 0.263428 0.233658 0.64007 0.0311701 0.05238
threshold=-0.91385301947593678 -2.9842636585235591 1.4802609682083132 0.10224101319909097 -0.1417547985911369 0.59793037176132213 0.83728256821632396 -0.63544681668281544 -1.7500273585319517 -0.89439448714256276 0.24777050316333774 5.5604937076568612 -0.95363515615463246 1.8825309276580813
decision_type=2 2 2 2 2 2 2 2 2 2 2 2 2 2
left_child=3 -2 4 8 9 -6 12 -8 -1 -3 11 -4 -5 -14
right_child=1 2 10 6 5 -7 7 -9 -10 -11 -12 -13 13 -15
leaf_value=0.050697845481753094 0.050248832474010033 -0.11946772016769727 -0.051741774306125567 0.050738380673361817 -0.041635282757405745 0.050992515752214009 0.05071493587883872 -0.050846979293684397 -0.050811295874915119 -0.051108133336757205 0.05044440357244432 0.050670256616422771 0.030419612009096115 0.050750679714449298
leaf_weight=0.22804358601570118 2.950213574338707 0.14442336978390802 0.2341725868172938 4.7273496240377426 7.3986591068096406 2.8033563792705536 0.69863846898078896 0.65120240906253457 1.2628479194827393 5.8258323390036919 1.5043530100956557 0.43781524896621704 0.55748840887099482 0.73377944529056549
leaf_count=1 14 4 27 20 914 10 3 90 183 786 7 2 19 3
internal_value=-7.05338e-05 -0.0115451 -0.0214808 0.0275156 -0.0296864 -0.0161826 0.0402223 0.00171852 -0.0352847 -0.0527618 0.0394947 0.014982 0.0488578 0.041973
internal_weight=30.1582 21.2988 18.3486 8.85935 16.1723 10.202 7.36846 1.34984 1.49089 5.97026 2.17634 0.671988 6.01862 1.29127
internal_count=2083 1764 1750 319 1714 924 135 93 184 790 36 29 42 22
is_linear=0
shrinkage=0.05


Tree=74
num_leaves=15
num_cat=0
split_feature=10 9 19 9 26 2 4 3 3 28 7 9 4 9
split_gain=3.61552 4.95033 3.46698 2.68189 1.94023 6.55809 0.926206 1.32177 0.756727 0.243541 0.221772 0.608231 0.0341094 0.0556741
threshold=-0.91385301947593678 -2.9842636585235591 1.4802609682083132 0.10224101319909097 -0.1417547985911369 0.59793037176132213 0.83728256821632396 -0.63544681668281544 -1.7500273585319517 -1.7177230715751646 0.24777050316333774 5.5604937076568612 -0.95363515615463246 1.8825309276580813
decision_type=2 2 2 2 2 2 2 2 2 2 2 2 2 2
left_child=3 -2 4 8 9 -6 12 -8 -1 -3 11 -4 -5 -14
right_child=1 2 10 6 5 -7 7 -9 -10 -11 -12 -13 13 -15
leaf_value=0.050663350503379515 0.050158926513660176 -0.12037701148272578 -0.051659296096752017 0.050701874657387458 -0.040874787351352873 0.050943534921366954 0.050679582760456476 -0.050805440879761458 -0.050771784319896679 -0.051055124091079908 0.050371655730931303 0.050637141505100437 0.029421886572244999 0.050713532722765298
leaf_weight=0.21706573665142048 2.8112349510192898 0.12965149432420719 0.22309853043407146 4.4999501258134842 7.1654841923154837 2.6691342890262604 0.66501736640930154 0.61993658123537898 1.2021693703718499 5.562632031273103 1.432999989017844 0.41672822833061218 0.54782550409436204 0.69849096238613129
leaf_count=1 14 2 27 20 914 10 3 90 183 788 7 2 19 3
internal_value=-6.54145e-05 -0.0114523 -0.0212936 0.0274381 -0.0294019 -0.0159551 0.0400931 0.0017173 -0.0352577 -0.052634 0.0394434 0.0149678 0.0486745 0.0413547
internal_weight=28.8614 20.411 17.5997 8.45046 15.5269 9.83462 7.03122 1.28495 1.41924 5.69228 2.07283 0.639827 5.74627 1.24632
internal_count=2083 1764 1750 319 1714 924 135 93 184 790 36 29 42 22
is_linear=0
shrinkage=0.05


Tree=75
num_leaves=13
num_cat=0
split_feature=25 27 0 16 18 17 2 19 15 14 18 18
split_gain=3.44376 4.8913 4.28301 2.65209 2.70797 1.95935 3.77759 1.60244 0.0579715 0.000239946 0.00012548 3.39572e-06
threshold=-0.91917124390602101 -2.5896649360656734 2.5185960531234746 -0.25179021060466761 -1.4656725525856016 0.81729069352149974 0.64633366465568554 2.1642143726348881 -0.40968585014343256 0.033016154542565353 -0.82789275050163258 -0.62312397360801686
decision_type=2 2 2 2 2 2 2 2 2 2 2 2
left_child=3 -2 5 8 -5 7 -7 -3 -1 -10 -6 -12
right_child=1 2 -4 4 10 6 -8 -9 9 -11 11 -13
leaf_value=0.033143269356575765 0.047646936094343478 -0.050927676330796062 0.045320207093607449 0.049927454194144398 -0.052376434675260146 -0.051197320255604653 0.031319246144391598 0.043804593507589147 0.049872093285042871 0.050625147653811368 -0.050934586540791076 -0.050597745604899783
leaf_weight=0.54560150019824494 2.97751481458545 8.5134117919951677 2.0715055856853715 1.092409539036453 0.10775824775919329 2.6612135912291697 2.8967072078958154 0.47110396623611528 1.615234493743628 3.0650539100170135 0.07865561405196797 1.5346416230313491
leaf_count=12 16 1303 12 6 12 394 32 4 10 15 11 256
internal_value=-5.9972e-05 -0.0113675 -0.0219439 0.0274958 -0.0116435 -0.0315254 -0.00819089 -0.0459604 0.0485672 0.0503653 -0.0507245 -0.0506142
internal_weight=27.6308 19.5915 16.6139 8.03935 2.81347 14.5424 5.55792 8.98452 5.22589 4.68029 1.72106 1.6133
internal_count=2083 1761 1745 322 285 1733 426 1307 37 25 279 267
is_linear=0
shrinkage=0.05


Tree=76
num_leaves=15
num_cat=0
split_feature=25 25 24 2 20 6 4 19 28 19 7 1 10 13
split_gain=3.26242 4.63555 2.53467 2.18427 2.33762 2.08704 2.14411 1.46756 2.00976 0.889467 1.50174 0.639335 0.30376 0.0425547
threshold=-0.91917124390602101 1.196678698062897 0.10244867950677873 1.0509262681007387 0.84870409965515148 1.2561266422271731 -0.8586430251598357 0.48049420118331915 2.2010802030563359 -0.60104298591613758 1.1270392537117007 -0.84367579221725453 1.4562130570411684 0.27830573916435247
decision_type=2 2 2 2 2 2 2 2 2 2 2 2 2 2
left_child=2 3 11 5 -5 -2 -7 8 -3 -4 -11 -1 -10 -9
right_child=1 7 9 4 -6 6 -8 13 12 10 -12 -13 -14 -15
leaf_value=0.050551645200807731 -0.050973662826545973 -0.050736748506240492 0.050599320591923264 -0.05131898334246187 0.050679820695138794 0.045881211695170329 -0.062622105085187604 0.038914399372971226 0.050759154879945215 -0.050887427740980887 0.050660108034635054 -0.050721257550245973 0.010223454260046812 0.050640689085772329
leaf_weight=0.18131276965141285 7.963881110306831 1.2434312631376081 4.899480402469635 0.88553867116570417 1.5361658483743665 1.2548079802654681 0.71459160326048721 1.2287119850516321 0.96962134540081002 0.64565303735434987 0.83483749628067017 1.1093138870783175 0.8830736493691802 2.0892088562250137
leaf_count=1 1272 208 25 127 7 10 89 11 4 103 4 189 23 10
internal_value=-6.42572e-05 -0.0112924 0.0274095 -0.0291961 0.0133822 -0.0395766 0.00651106 0.0231946 -0.00156403 0.0403368 0.00637447 -0.036494 0.0314381 0.0462981
internal_weight=26.4396 18.769 7.6706 12.355 2.4217 9.93328 1.9694 6.41405 3.09613 6.37997 1.48049 1.29063 1.85269 3.31792
internal_count=2083 1761 322 1505 134 1371 99 256 235 132 107 190 27 21
is_linear=0
shrinkage=0.05


Tree=77
num_leaves=15
num_cat=0
split_feature=22 27 24 0 16 2 2 0 16 18 21 12 3 24
split_gain=3.11903 5.15753 3.48669 2.72943 2.8512 2.01566 0.907056 0.718092 0.44696 0.901629 0.0166239 0.00343948 0.00073882 5.31121e-05
threshold=-0.81253510713577259 -2.5896649360656734 0.10244867950677873 4.9518909454345712 1.9616814255714419 1.0987673401832583 -1.1779774427413938 2.9666326045989995 -0.13454373925924298 -1.307680010795593 0.3086440116167069 2.9010256528854375 1.4393702149391177 -0.15167439728975293
decision_type=2 2 2 2 2 2 2 2 2 2 2 2 2 2
left_child=2 -2 7 4 5 -3 12 11 10 -10 -8 13 -4 -1
right_child=1 3 6 -5 -6 -7 8 -9 9 -11 -12 -13 -14 -15
leaf_value=-0.050662817494825367 0.048182577159379583 -0.049637494612758279 -0.050586070309342736 0.050678156897675311 0.047734512138785781 0.00095738702740347779 0.043621332748073047 0.050594291763819944 0.049498413231164683 -0.051107870768320955 0.050710705225109926 -0.060519436323093825 -0.056611277853157504 -0.05161043093898985
leaf_weight=1.2340097450651222 2.8863420006819096 9.2069874475710041 0.18349271360784758 1.0891107618808753 1.0355964172631509 2.503895277157425 1.0076301498338578 0.19500030577182759 0.60528763197362401 0.35232778964564215 4.6104528903961182 0.096838484052568563 0.070398498326539993 0.16799732530489775
leaf_count=208 17 1509 32 5 7 184 15 1 4 54 22 3 3 19
internal_value=-6.57109e-05 -0.0126131 0.0245507 -0.0252961 -0.0317877 -0.0388198 0.0404768 -0.0396633 0.0440573 0.0124831 0.0494392 -0.0514059 -0.0522567 -0.0507764
internal_weight=25.2454 16.7219 8.52344 13.8356 12.7465 11.7109 6.82959 1.69385 6.5757 0.957615 5.61808 1.49885 0.253891 1.40201
internal_count=2083 1722 361 1705 1700 1693 130 231 95 58 37 230 35 227
is_linear=0
shrinkage=0.05


Tree=78
num_leaves=15
num_cat=0
split_feature=29 2 20 26 10 2 0 29 11 9 7 2 16 6
split_gain=2.97288 3.72958 5.78292 3.93189 2.15469 2.06199 0.850481 0.62517 1.44154 0.231722 0.121888 0.0424555 0.000482081 0.000476887
threshold=-0.78830060362815846 -0.096365340054035173 -0.67028188705444325 -0.064759869128465639 -1.858819782733917 0.29692064225673681 -3.3481920957565303 -0.27152742445468897 0.84188568592071544 1.8825309276580813 2.5732346773147587 0.031860167160630233 -1.1607921123504636 -0.93083024024963368
decision_type=2 2 2 2 2 2 2 2 2 2 2 2 2 2
left_child=5 3 -3 -2 9 -1 -6 8 -4 -5 12 -9 13 -7
right_child=1 2 7 4 6 10 -8 11 -10 -11 -12 -13 -14 -15
leaf_value=0.050564808791537103 0.049426923558613368 -0.050823166091744768 0.050644600770661796 0.00027193944914830976 0.050653444248114736 -0.053641166505774801 -0.050988922714847729 0.039635957981148572 -0.030260507888873234 0.050658608814379183 -0.093375404874130125 0.050573419105106557 -0.050651071172539308 -0.050965106446714863
leaf_weight=0.55528254806995647 1.7308770357631171 2.0289131775498381 1.421904504299164 0.35472668893635528 0.21390862762928264 0.29806949198246002 5.4322381266392741 1.0303670354187433 0.89846996311098326 0.6396089643239975 0.17834506183862675 6.3872207109816372 2.6704580360092223 0.37710423488169986
leaf_count=3 13 359 7 36 1 17 918 26 125 3 8 33 481 53
internal_value=-6.49306e-05 0.00781957 0.0259687 -0.0176911 -0.0351858 -0.0389886 -0.0471381 0.0419684 0.0193174 0.0326833 -0.0530998 0.0490541 -0.0509529 -0.0521465
internal_weight=24.2175 20.1382 11.7669 8.37136 6.64048 4.07926 5.64615 9.73796 2.32037 0.994336 3.52398 7.41759 3.34563 0.675174
internal_count=2083 1521 550 971 958 562 919 191 132 39 559 59 551 70
is_linear=0
shrinkage=0.05


Tree=79
num_leaves=15
num_cat=0
split_feature=29 2 20 26 10 2 0 29 17 9 7 2 16 6
split_gain=2.82033 3.53147 5.47637 3.72752 2.04902 1.95694 0.808282 0.607226 1.39044 0.227441 0.104074 0.020028 0.000415266 0.00041
threshold=-0.78830060362815846 -0.096365340054035173 -0.67028188705444325 -0.064759869128465639 -1.858819782733917 0.29692064225673681 -3.3481920957565303 -0.22003480046987531 0.62597778439521801 1.8825309276580813 2.5732346773147587 -0.021965195424854752 -1.1607921123504636 -0.93083024024963368
decision_type=2 2 2 2 2 2 2 2 2 2 2 2 2 2
left_child=5 3 -3 -2 9 -1 -6 8 -4 -5 12 -9 13 -7
right_child=1 2 7 4 6 10 -8 11 -10 -11 -12 -13 -14 -15
leaf_value=0.050536959083958777 0.049281941971523205 -0.05078414424373117 0.050605629775797592 0.00025834400472256238 0.050621167629885791 -0.053458966822330568 -0.050943926355614989 0.040714633267392886 -0.025310047151748994 0.05062608430668003 -0.090526387282766629 0.050356870456368323 -0.050619238928616132 -0.050917708582174127
leaf_weight=0.52848483622074427 1.6511848806403611 1.9314074777066697 1.5371861308813097 0.35472632572055207 0.20360264182091103 0.28447440126910806 5.171753761824216 0.5897998185828327 0.99264736752957095 0.6087958812713623 0.17484933370724309 6.1971653364598698 2.5417754082009196 0.35903813829645592
leaf_count=3 13 359 8 36 1 17 918 13 134 3 8 36 481 53
internal_value=-6.41753e-05 0.00778595 0.025841 -0.0176315 -0.0350614 -0.0389013 -0.0470969 0.0417257 0.0208181 0.0320829 -0.0529682 0.0495189 -0.0509065 -0.0520411
internal_weight=23.1269 19.2383 11.2482 7.99006 6.33888 3.88862 5.37536 9.3168 2.52983 0.963522 3.36014 6.78697 3.18529 0.643513
internal_count=2083 1521 550 971 958 562 919 191 142 39 559 49 551 70
is_linear=0
shrinkage=0.05


Tree=80
num_leaves=15
num_cat=0
split_feature=22 27 24 0 16 2 16 18 0 28 6 12 14 24
split_gain=2.6822 4.42074 3.00191 2.32245 2.42031 1.82805 0.704172 0.781962 0.61754 0.113191 0.119842 0.00225233 8.87675e-05 3.42529e-05
threshold=-0.81253510713577259 -2.5896649360656734 0.10244867950677873 4.9518909454345712 1.9616814255714419 1.0987673401832583 0.41935990750789648 -1.307680010795593 2.9666326045989995 0.45660208165645605 -5.41725730895996 2.9010256528854375 1.4222505092620852 -0.15167439728975293
decision_type=2 2 2 2 2 2 2 2 2 2 2 2 2 2
left_child=2 -2 8 4 5 -3 9 -8 11 -4 -11 13 -9 -1
right_child=1 3 6 -5 -6 -7 7 12 -10 10 -12 -13 -14 -15
leaf_value=-0.050571023980312518 0.047870039948984471 -0.0492902414304979 0.050582750906585199 0.050583245694040574 0.047382673067585368 0.001388412867621012 0.050537943879419761 -0.050522356900808411 0.050511867373003443 0.050702739195693951 0.015939209904455954 -0.059011551107153615 -0.052564789493864152 -0.051389064971625979
leaf_weight=1.0669319946318858 2.5183932441286752 8.0448942899238229 4.1670677661895752 0.9401290565729149 0.90064638061449009 2.2847755127586433 0.35103236138820637 0.35271350666880608 0.16850389540195454 0.45695370435714711 0.54192760400474072 0.086693023797124513 0.062647259328514338 0.145403026137504
leaf_count=208 17 1509 24 5 7 184 2 72 1 2 25 3 5 19
internal_value=-6.30927e-05 -0.0124297 0.0244847 -0.0249073 -0.0312269 -0.0380808 0.040324 -0.00440049 -0.0395442 0.0469591 0.0318423 -0.0512259 -0.0508304 -0.0506691
internal_weight=22.0887 14.6888 7.39987 12.1704 11.2303 10.3297 5.93234 0.766393 1.46753 5.16595 0.998881 1.29903 0.415361 1.21234
internal_count=2083 1722 361 1705 1700 1693 130 79 231 51 27 230 77 227
is_linear=0
shrinkage=0.05


Tree=81
num_leaves=15
num_cat=0
split_feature=29 2 20 26 10 2 0 29 11 9 7 11 16 6
split_gain=2.6225 3.23209 4.9575 3.36834 1.85516 1.77377 0.732372 0.562641 1.17292 0.212501 0.0801843 0.00062631 0.000348602 0.000335899
threshold=-0.78830060362815846 -0.096365340054035173 -0.67028188705444325 -0.064759869128465639 -1.858819782733917 0.29692064225673681 -3.3481920957565303 -0.067781321704387651 0.83865275979042064 1.8825309276580813 2.5732346773147587 0.22397216409444812 -1.1607921123504636 -0.93083024024963368
decision_type=2 2 2 2 2 2 2 2 2 2 2 2 2 2
left_child=5 3 -3 -2 9 -1 -6 8 -4 -5 12 -9 13 -7
right_child=1 2 7 4 6 10 -8 11 -10 -11 -12 -13 -14 -15
leaf_value=0.050486636940757161 0.049102382653977969 -0.050712801816396737 0.050562586094938113 0.00021489127253990792 0.050562906273821852 -0.053235099205668268 -0.050874930226761955 0.049382273060060732 -0.015848386328712116 0.050566232530133141 -0.086061719400106568 0.05058006561627143 -0.050569140617998422 -0.050869313446945286
leaf_weight=0.47991049289703669 1.5010771793313358 1.7547384549397964 1.5903078615665438 0.33777979994193064 0.18493090569973336 0.2684361869469285 4.706511677941303 1.4521700674667899 1.1424990147352216 0.55196130275726318 0.17104947264306236 4.3923679739236832 2.3338530517648906 0.34016467421315688
leaf_count=3 13 359 9 36 1 17 918 12 145 3 8 25 481 53
internal_value=-6.2085e-05 0.00787938 0.0258605 -0.0176323 -0.0349599 -0.0389899 -0.0470399 0.0415258 0.0227983 0.0314509 -0.0527817 0.0502825 -0.0508471 -0.0519128
internal_weight=21.2078 17.6143 10.3321 7.28226 5.78118 3.59341 4.89144 8.57734 2.73281 0.889741 3.1135 5.84454 2.94245 0.608601
internal_count=2083 1521 550 971 958 562 919 191 154 39 559 37 551 70
is_linear=0
shrinkage=0.05


Tree=82
num_leaves=15
num_cat=0
split_feature=29 2 20 26 10 2 0 29 11 19 7 11 16 6
split_gain=2.48804 3.05816 4.691 3.19242 1.76487 1.68364 0.696101 0.557508 1.11985 0.215528 0.0682867 0.000708114 0.000300277 0.000288847
threshold=-0.78830060362815846 -0.096365340054035173 -0.67028188705444325 -0.064759869128465639 -1.858819782733917 0.29692064225673681 -3.3481920957565303 -0.067781321704387651 0.83865275979042064 -1.0000000180025095e-35 2.5732346773147587 0.22397216409444812 -1.1607921123504636 -0.93083024024963368
decision_type=2 2 2 2 2 2 2 2 2 2 2 2 2 2
left_child=5 3 -3 -2 9 -1 -6 8 -4 -5 12 -9 13 -7
right_child=1 2 7 4 6 10 -8 11 -10 -11 -12 -13 -14 -15
leaf_value=0.050462679759862863 0.048938193419007313 -0.0506788963766878 0.050534876199477975 0.050544476895781398 0.050535149644973534 -0.053073770911719644 -0.050834890370682208 0.04924708952616632 -0.015129254309295652 -0.00084213319245894256 -0.083701316552317495 0.050551547750264117 -0.050541327203249976 -0.050826655826446299
leaf_weight=0.45671625435352625 1.4325407519936595 1.6702473498880852 1.5135561972856524 0.53213907778263092 0.17600589990616189 0.25610096706077456 4.4804098403546915 1.3850448341108803 1.1371070956811307 0.3309650183655356 0.16717808530665923 4.1804472506046295 2.2212206334806979 0.32383937132544893
leaf_count=3 13 359 9 3 1 17 918 12 145 36 8 25 481 53
internal_value=-6.06497e-05 0.00784111 0.0257096 -0.0175693 -0.0348307 -0.0389078 -0.0470032 0.0412384 0.0223656 0.0308398 -0.0526585 0.0502269 -0.0508058 -0.051819
internal_weight=20.2635 16.8385 9.8864 6.95206 5.51952 3.42506 4.65642 8.21616 2.65066 0.863104 2.96834 5.56549 2.80116 0.57994
internal_count=2083 1521 550 971 958 562 919 191 154 39 559 37 551 70
is_linear=0
shrinkage=0.05


Tree=83
num_leaves=15
num_cat=0
split_feature=29 2 20 26 10 2 0 29 14 9 7 2 16 6
split_gain=2.36053 2.89296 4.43794 3.02529 1.67929 1.59819 0.66165 0.552828 1.18491 0.212477 0.0581052 0.051045 0.000258641 0.000248396
threshold=-0.78830060362815846 -0.096365340054035173 -0.67028188705444325 -0.064759869128465639 -1.858819782733917 0.29692064225673681 -3.3481920957565303 -0.27152742445468897 0.89903974533081066 1.8825309276580813 2.5732346773147587 0.031860167160630233 -1.1607921123504636 -0.93083024024963368
decision_type=2 2 2 2 2 2 2 2 2 2 2 2 2 2
left_child=5 3 -3 -2 9 -1 -6 8 -4 -5 12 -9 13 -7
right_child=1 2 7 4 6 10 -8 11 -10 -11 -12 -13 -14 -15
leaf_value=0.050439910758922395 0.048762078199867206 -0.050646572817749091 0.040048165161050975 -0.0010378148119595608 0.050508779386716364 -0.052920647227217898 -0.050796594758204305 0.037132896248650328 -0.050647206258233615 0.050519065334188887 -0.081499497814806476 0.05042297335373204 -0.050514874430386686 -0.05078610404856139
leaf_weight=0.43463310599327387 1.367474700789902 1.5897769075818358 1.4695475683547554 0.32944796653464781 0.1675072014331852 0.24429785553365946 4.2650297181680754 0.84218950895592026 0.47702864557504643 0.50796085596084595 0.16321088722906996 5.0838380148634315 2.1139689206611365 0.30828530318103808
leaf_count=3 13 359 40 36 1 17 918 26 92 3 8 33 481 53
internal_value=-5.92536e-05 0.00780154 0.0255529 -0.0175049 -0.0347003 -0.0388282 -0.0469682 0.0409404 0.0178223 0.0302359 -0.0525392 0.0485342 -0.0507666 -0.0517298
internal_weight=19.3642 16.0998 9.46238 6.63742 5.26995 3.2644 4.43254 7.8726 1.94658 0.837409 2.82976 5.92603 2.66655 0.552583
internal_count=2083 1521 550 971 958 562 919 191 132 39 559 59 551 70
is_linear=0
shrinkage=0.05


Tree=84
num_leaves=15
num_cat=0
split_feature=29 2 20 26 10 2 0 29 17 19 7 11 16 6
split_gain=2.23942 2.73697 4.19996 2.86642 1.59816 1.51718 0.628924 0.54839 1.06908 0.214876 0.0494148 0.000887388 0.000222769 0.000213618
threshold=-0.78830060362815846 -0.096365340054035173 -0.67028188705444325 -0.064759869128465639 -1.858819782733917 0.29692064225673681 -3.3481920957565303 -0.067781321704387651 0.62597778439521801 0.87553095817565929 2.5732346773147587 0.22397216409444812 -1.1607921123504636 -0.93083024024963368
decision_type=2 2 2 2 2 2 2 2 2 2 2 2 2 2
left_child=5 3 -3 -2 9 -1 -6 8 -4 -5 12 -9 13 -7
right_child=1 2 7 4 6 10 -8 11 -10 -11 -12 -13 -14 -15
leaf_value=0.050418275686044595 0.048572888328975487 -0.050615759519147187 0.050490341574938848 0.050499831675631969 0.050483719102487612 -0.052775296533910256 -0.050759974562248539 0.048969406523262482 -0.015602635217942966 -0.0020355988954456092 -0.079450143653000516 0.050499174120258089 -0.050489719033633099 -0.050747550553657809
leaf_weight=0.41360874474048914 1.3057233123108742 1.5131399736274032 1.3912502229213717 0.48994971811771382 0.15941487252712239 0.23300716211088002 4.0598749669734415 1.2641105395741705 1.0921531897038219 0.32291718805208802 0.15915299300104369 3.7908047735691071 2.0118460562080145 0.29346721270121712
leaf_count=3 13 359 9 3 1 17 918 12 145 36 8 25 481 53
internal_value=-6.11517e-05 0.00776039 0.0254048 -0.0174386 -0.0345669 -0.0387513 -0.0469347 0.0406642 0.0214239 0.0296298 -0.0524239 0.0501166 -0.0507293 -0.051645
internal_weight=18.5004 15.3893 9.05146 6.33788 5.03216 3.11108 4.21929 7.53832 2.4834 0.812867 2.69747 5.05492 2.53832 0.526474
internal_count=2083 1521 550 971 958 562 919 191 154 39 559 37 551 70
is_linear=0
shrinkage=0.05


Tree=85
num_leaves=15
num_cat=0
split_feature=29 2 20 26 10 2 0 29 11 28 7 11 16 6
split_gain=2.12482 2.58853 3.97276 2.71546 1.52123 1.44038 0.597836 0.542631 1.04725 0.211395 0.0420113 0.00100866 0.000191865 0.000183716
threshold=-0.78830060362815846 -0.096365340054035173 -0.67028188705444325 -0.064759869128465639 -1.858819782733917 0.29692064225673681 -3.3481920957565303 -0.067781321704387651 0.83865275979042064 -0.016988062299787995 2.5732346773147587 0.22397216409444812 -1.1607921123504636 -0.93083024024963368
decision_type=2 2 2 2 2 2 2 2 2 2 2 2 2 2
left_child=5 3 -3 -2 9 -1 -6 8 -4 -5 12 -9 13 -7
right_child=1 2 7 4 6 10 -8 11 -10 -11 -12 -13 -14 -15
leaf_value=0.050397709906930391 0.048369414995496879 -0.050586383791649474 0.050476598423728494 -0.0021958558890518829 0.050459907094317372 -0.052637310790164121 -0.050724961032741989 0.048804583015840536 -0.015836755964477475 0.050476822711530048 -0.077545437586981653 0.050474661119267683 -0.050465793507346049 -0.050710900123560325
leaf_weight=0.39359329640865626 1.2471379837952552 1.4401580069679765 1.3392853736877444 0.32130069751292467 0.15170988440513555 0.22220962285064161 3.8644710523076369 1.206419672816988 1.0718713572714476 0.46786729991435994 0.15501432330347586 3.6076321229338646 1.9146115644834931 0.27935131383128564
leaf_count=3 13 359 9 36 1 17 918 12 145 3 8 25 481 53
internal_value=-5.97817e-05 0.00771936 0.0252439 -0.0173706 -0.0344322 -0.0386772 -0.0469027 0.0403588 0.0209972 0.0290317 -0.0523127 0.0500561 -0.0506938 -0.0515644
internal_weight=17.6826 14.7179 8.66537 6.05249 4.80535 2.96478 4.01618 7.22521 2.41116 0.789168 2.57119 4.81405 2.41617 0.501561
internal_count=2083 1521 550 971 958 562 919 191 154 39 559 37 551 70
is_linear=0
shrinkage=0.05


Tree=86
num_leaves=13
num_cat=0
split_feature=6 1 10 25 19 12 26 28 0 24 15 25
split_gain=2.01861 2.51541 2.83804 1.649 1.44714 1.41852 1.20982 0.931092 0.430983 0.0462406 0.0137627 1.37463e-05
threshold=-2.8248937129974361 -0.77561968564987172 -0.58383357524871815 1.8822448253631594 -0.8747955560684203 -2.308781504631042 1.5186528563499453 -0.52680113911628712 -3.3481920957565303 1.343139171600342 0.27568465471267706 -0.63836318254470814
decision_type=2 2 2 2 2 2 2 2 2 2 2 2
left_child=9 2 10 4 7 -4 -6 -3 -7 -1 -2 -12
right_child=1 3 5 -5 6 8 -8 -9 -10 -11 11 -13
leaf_value=0.035476061958418424 0.042224678031029618 0.049228164456240946 0.050383204800459463 0.045080882283288132 -0.045799105509742304 0.050338589601785201 0.017430589030376108 -0.050526470491811595 -0.050897320865308342 0.050421716151161582 0.050354765918217428 0.050579866401275687
leaf_weight=0.83778411219828131 0.62323431298136744 0.85066044912673533 0.50639107078313861 0.81048792344518084 6.2460253015160516 0.11222974210977565 0.86077714641578484 0.32264137873425969 1.6621351500507449 1.3538398444652555 1.4092421755194668 1.3074689209461208
leaf_count=17 16 9 4 16 1493 1 75 78 344 10 12 8
internal_value=-5.84443e-05 -0.00672763 0.019566 -0.0229849 -0.0296475 -0.0234287 -0.0381407 0.0217971 -0.0444941 0.0447085 0.0489258 0.0504631
internal_weight=16.9029 14.7113 5.6207 9.09059 8.2801 2.28076 7.1068 1.1733 1.77436 2.19162 3.33995 2.71671
internal_count=2083 2056 385 1671 1655 349 1568 87 345 27 36 20
is_linear=0
shrinkage=0.05


Tree=87
num_leaves=15
num_cat=0
split_feature=29 8 11 6 2 14 2 20 18 29 17 2 26 7
split_gain=1.93067 2.36461 1.8181 1.47523 1.30885 0.940578 2.42412 1.18667 0.880498 0.67225 0.461491 0.300933 0.0549578 0.0321824
threshold=-0.78830060362815846 -0.13578490912914273 0.14337857812643054 -5.41725730895996 0.29692064225673681 0.76992845535278331 0.19999606162309649 -0.90943792462348927 -3.219908475875854 -0.50335115194320668 0.39676490426063543 0.32996766269207006 -0.1417547985911369 2.5732346773147587
decision_type=2 2 2 2 2 2 2 2 2 2 2 2 2 2
left_child=4 2 3 -2 -1 7 -7 -3 -5 -8 -4 -12 -9 -6
right_child=1 5 10 8 13 6 9 12 -10 -11 11 -13 -14 -15
leaf_value=0.050362329251673915 0.050470514400706337 -0.050387668146766124 0.050381582489500379 0.050348775041823259 -0.050633994805874653 -0.050577851752997553 -0.021557180486172174 0.030962586001064968 -0.050685021602767028 0.050200190958346297 -0.050600974042596614 0.050331539686312279 0.04886394988912756 -0.074625609650635444
leaf_weight=0.35885642468929591 0.46078649163246144 0.33872660296037782 0.9942519962787626 0.22993884980678547 2.2012693576980387 1.2439185890834781 0.40018159360624883 0.48345875623635937 3.468455133493991 1.7700739628635345 0.22503025061450899 0.10992392152547836 3.7883102085906977 0.14925583009608079
leaf_count=3 3 98 8 2 551 302 63 32 894 14 58 1 46 8
internal_value=-5.68517e-05 0.00766683 -0.017624 -0.0338926 -0.0385787 0.0249642 0.00507195 0.0396949 -0.0444035 0.0369686 0.0332814 -0.0174773 0.046838 -0.0521574
internal_weight=16.2224 13.5131 5.48839 4.15918 2.70938 8.02467 3.41417 4.6105 3.69839 2.17026 1.32921 0.334954 4.27177 2.35053
internal_count=2083 1521 966 899 562 555 379 176 896 77 67 59 78 559
is_linear=0
shrinkage=0.05


Tree=88
num_leaves=15
num_cat=0
split_feature=29 8 11 6 2 14 2 20 18 29 17 2 23 13
split_gain=1.8325 2.23842 1.72847 1.40245 1.24283 0.888085 2.29609 1.12182 0.837042 0.644208 0.438826 0.286114 0.0588541 0.0274578
threshold=-0.78830060362815846 -0.13578490912914273 0.14337857812643054 -5.41725730895996 0.29692064225673681 0.76992845535278331 0.19999606162309649 -0.90943792462348927 -3.219908475875854 -0.50335115194320668 0.39676490426063543 0.32996766269207006 -0.57039213180541981 -2.4964240789413448
decision_type=2 2 2 2 2 2 2 2 2 2 2 2 2 2
left_child=4 2 3 -2 -1 7 -7 -3 -5 -8 -4 -12 -9 -6
right_child=1 5 10 8 13 6 9 12 -10 -11 11 -13 -14 -15
leaf_value=0.050344534828125335 0.050447359585003196 -0.050368739924919775 0.050362838097292612 0.050331650517571741 -0.073111702571301312 -0.050549931813263817 -0.020663829573910216 0.029950474461518845 -0.050653538370412282 0.050156254615603427 -0.050572193592112284 0.050315266142706622 0.048686731200417555 -0.050601855296550549
leaf_weight=0.34147240966558579 0.43850977718830053 0.32232474326156069 0.94610487669706322 0.21879713982343618 0.14484077389352101 1.1838890076614919 0.39669991680420968 0.47406770102679718 3.3012955414596954 1.6851846771314738 0.21417414001189172 0.10459583252668381 3.6169397204648694 2.0952084688469763
leaf_count=3 3 98 8 2 5 302 63 32 894 14 58 1 46 554
internal_value=-5.7334e-05 0.00763661 -0.0176144 -0.0338726 -0.0385121 0.0248128 0.00504619 0.0394397 -0.0443766 0.0366616 0.0332681 -0.0174687 0.0465156 -0.0520573
internal_weight=15.4841 12.9026 5.22348 3.9586 2.58152 7.67911 3.26577 4.41333 3.52009 2.08188 1.26487 0.31877 4.09101 2.24005
internal_count=2083 1521 966 899 562 555 379 176 896 77 67 59 78 559
is_linear=0
shrinkage=0.05


Tree=89
num_leaves=15
num_cat=0
split_feature=29 8 11 6 2 14 2 20 18 29 17 2 26 13
split_gain=1.73936 2.11839 1.6433 1.3333 1.18022 0.838016 2.17447 1.06009 0.795752 0.617693 0.417281 0.27203 0.0897724 0.0233503
threshold=-0.78830060362815846 -0.13578490912914273 0.14337857812643054 -5.41725730895996 0.29692064225673681 0.76992845535278331 0.19999606162309649 -0.90943792462348927 -3.219908475875854 -0.50335115194320668 0.39676490426063543 0.32996766269207006 -0.18910708278417585 -2.4964240789413448
decision_type=2 2 2 2 2 2 2 2 2 2 2 2 2 2
left_child=4 2 3 -2 -1 7 -7 -3 -5 -8 -4 -12 -9 -6
right_child=1 5 10 8 13 6 9 12 -10 -11 11 -13 -14 -15
leaf_value=0.050327619154364026 0.050425355348061709 -0.050350739689218715 0.050345021039887777 0.050315373646644346 -0.071663048450312211 -0.050523351349148926 -0.01979317783547889 0.022123297458477919 -0.05062343497566138 0.050110971960579079 -0.05054477002193495 0.05029979532034326 0.048554117604027516 -0.050573094848579095
leaf_weight=0.32492502033710602 0.41730083525180761 0.30671162880025793 0.90027325600385644 0.20819190889596884 0.14049075590446647 1.1267275980208071 0.3935257918201388 0.35306581179611418 3.1421098331920811 1.6044097803533073 0.20383649528957903 0.099524460732936859 3.5666618696413925 1.9941287781111892
leaf_count=3 3 98 8 2 5 302 63 31 894 14 58 1 47 554
internal_value=-5.79351e-05 0.00760474 -0.0176051 -0.0338535 -0.038448 0.0246531 0.00501921 0.0391687 -0.044351 0.0363422 0.0332555 -0.0174604 0.0461734 -0.0519611
internal_weight=14.7819 12.3223 4.97124 3.7676 2.45954 7.3511 3.12466 4.22644 3.3503 1.99794 1.20363 0.303361 3.91973 2.13462
internal_count=2083 1521 966 899 562 555 379 176 896 77 67 59 78 559
is_linear=0
shrinkage=0.05


Tree=90
num_leaves=15
num_cat=0
split_feature=29 8 11 6 2 14 2 20 18 29 17 2 26 13
split_gain=1.65102 2.00453 1.56236 1.26759 1.12085 0.790769 2.05893 1.00166 0.756518 0.592605 0.396801 0.258646 0.0934182 0.0198623
threshold=-0.78830060362815846 -0.13578490912914273 0.14337857812643054 -5.41725730895996 0.29692064225673681 0.76992845535278331 0.19999606162309649 -0.90943792462348927 -3.219908475875854 -0.50335115194320668 0.39676490426063543 0.32996766269207006 -0.18910708278417585 -2.4964240789413448
decision_type=2 2 2 2 2 2 2 2 2 2 2 2 2 2
left_child=4 2 3 -2 -1 7 -7 -3 -5 -8 -4 -12 -9 -6
right_child=1 5 10 8 13 6 9 12 -10 -11 11 -13 -14 -15
leaf_value=0.050311540420729939 0.050404441018996909 -0.050333616648623694 0.050328085750662055 0.050299895980245882 -0.070317591036260368 -0.050498044728531401 -0.01894640460644257 0.021219879478333644 -0.050594653076780231 0.050064055553826398 -0.050518640060300629 0.050285088349063735 0.048353904934046878 -0.050545685004016655
leaf_weight=0.30917452275753143 0.39710938185453359 0.29184988350607444 0.85664732754230477 0.19809766858816091 0.13613068242557402 1.0723000112921002 0.39063416444696497 0.3497788114473227 2.9905247632414111 1.5275564589537676 0.19399303407408297 0.094697587192058563 3.4064139705151311 1.897876682458445
leaf_count=3 3 98 8 2 5 302 63 31 894 14 58 1 47 554
internal_value=-5.84327e-05 0.00757223 -0.0175963 -0.0338353 -0.0383866 0.0244897 0.00499099 0.0388943 -0.0443264 0.0360103 0.0332435 -0.0174526 0.0458272 -0.051869
internal_weight=14.1128 11.7696 4.73107 3.58573 2.34318 7.03853 2.99049 4.04804 3.18862 1.91819 1.14534 0.288691 3.75619 2.03401
internal_count=2083 1521 966 899 562 555 379 176 896 77 67 59 78 559
is_linear=0
shrinkage=0.05


Tree=91
num_leaves=13
num_cat=0
split_feature=6 1 10 25 19 12 26 28 0 24 15 25
split_gain=1.5702 1.94475 2.19838 1.26956 1.184 1.12825 0.941989 0.733689 0.33454 0.0424491 0.0125484 6.63055e-06
threshold=-2.8248937129974361 -0.77561968564987172 -0.58383357524871815 1.8822448253631594 -0.8747955560684203 -2.308781504631042 1.5186528563499453 -0.52680113911628712 -3.3481920957565303 1.343139171600342 0.27568465471267706 -0.63836318254470814
decision_type=2 2 2 2 2 2 2 2 2 2 2 2
left_child=9 2 10 4 7 -4 -6 -3 -7 -1 -2 -12
right_child=1 3 5 -5 6 8 -8 -9 -10 -11 11 -13
leaf_value=0.0343212631587822 0.041526459952315679 0.049088203219174863 0.050306816017609363 0.044699606665155503 -0.04516926953964627 0.050263262241915199 0.016673748399595491 -0.050410653746526993 -0.050707685676038894 0.050334385279728333 0.050276987029776343 0.050453550678779602
leaf_weight=0.67343854601495046 0.49529572646133635 0.69854655303061008 0.40623092651367176 0.64117962541058648 5.008616903098301 0.087523624300956393 0.70206029037944961 0.25215252116322329 1.307971325935795 1.0737173706293104 1.1035848706960683 1.0261309295892711
leaf_count=17 16 9 4 16 1493 1 75 78 344 10 12 8
internal_value=-5.90488e-05 -0.00664609 0.0195033 -0.0224976 -0.0289655 -0.0230272 -0.0375664 0.0226983 -0.0443749 0.0441622 0.0486949 0.0503621
internal_weight=13.4764 11.7293 4.42674 7.30256 6.66138 1.80173 5.71068 0.950699 1.39549 1.74716 2.62501 2.12972
internal_count=2083 2056 385 1671 1655 349 1568 87 345 27 36 20
is_linear=0
shrinkage=0.05


Tree=92
num_leaves=15
num_cat=0
split_feature=29 8 11 6 2 14 2 20 18 29 17 2 26 13
split_gain=1.50101 1.84835 1.41848 1.15427 1.01939 0.709299 1.87394 0.904595 0.68456 0.545099 0.364731 0.234891 0.0931061 0.0151193
threshold=-0.78830060362815846 -0.13578490912914273 0.14337857812643054 -5.41725730895996 0.29692064225673681 0.76992845535278331 0.19999606162309649 -0.90943792462348927 -3.219908475875854 -0.50335115194320668 0.39676490426063543 0.32996766269207006 -0.18910708278417585 -2.4964240789413448
decision_type=2 2 2 2 2 2 2 2 2 2 2 2 2 2
left_child=4 2 3 -2 -1 7 -7 -3 -5 -8 -4 -12 -9 -6
right_child=1 5 10 8 13 6 9 12 -10 -11 11 -13 -14 -15
leaf_value=0.050284065817074765 0.050367130627482028 -0.050303283725826355 0.050297517609212097 0.050271199792217752 -0.068193668485403064 -0.050452888947818908 -0.018178115513587976 0.020231281088150022 -0.050560501799558691 0.050006565157000027 -0.050473613453741031 0.050257813221053861 0.048137482118282927 -0.050499695146404511
leaf_weight=0.28199946135282639 0.36133924871683065 0.26545990840531919 0.7772073298692701 0.17934566736221258 0.12979239062406134 0.97668183548375997 0.37040984933264565 0.3304610340856019 2.7401628140360126 1.4047136544249947 0.17810126347467303 0.085730746388435364 3.1289485767483702 1.7294975201366465
leaf_count=3 3 98 8 2 5 302 63 31 894 14 58 1 47 554
internal_value=-5.72413e-05 0.00752594 -0.0177972 -0.0339328 -0.0382994 0.0244241 0.00517302 0.0386461 -0.0443664 0.0357787 0.0330543 -0.0177415 0.0454717 -0.0517349
internal_weight=12.9399 10.7986 4.32189 3.28085 2.14129 6.47667 2.75181 3.72487 2.91951 1.77512 1.04104 0.263832 3.45941 1.85929
internal_count=2083 1521 966 899 562 555 379 176 896 77 67 59 78 559
is_linear=0
shrinkage=0.05


Tree=93
num_leaves=15
num_cat=0
split_feature=29 8 11 6 2 14 2 20 18 29 17 2 26 13
split_gain=1.42487 1.74809 1.34869 1.09744 0.968273 0.668466 1.77379 0.854047 0.650846 0.52354 0.346846 0.223347 0.0962123 0.0128771
threshold=-0.78830060362815846 -0.13578490912914273 0.14337857812643054 -5.41725730895996 0.29692064225673681 0.76992845535278331 0.19999606162309649 -0.90943792462348927 -3.219908475875854 -0.50335115194320668 0.39676490426063543 0.32996766269207006 -0.18910708278417585 -2.4964240789413448
decision_type=2 2 2 2 2 2 2 2 2 2 2 2 2 2
left_child=4 2 3 -2 -1 7 -7 -3 -5 -8 -4 -12 -9 -6
right_child=1 5 10 8 13 6 9 12 -10 -11 11 -13 -14 -15
leaf_value=0.050270134891676144 0.050349098904859238 -0.050288482038153386 0.050282926702568946 0.050257903894107003 -0.067095489267182937 -0.050430966182140297 -0.017380162524644478 0.019375039083552512 -0.050534644855887136 0.049956327130307732 -0.050450840739747954 0.050245175252991076 0.047906240755461162 -0.050475742692512093
leaf_weight=0.26831864565611008 0.34383651614189092 0.25258572725579176 0.73951159417629231 0.17064287513494436 0.12543156789615761 0.92944218264892731 0.36810595961287629 0.32787980465218458 2.607823583530263 1.3375153583474453 0.16948970407247543 0.081569604575634003 2.9903591866604975 1.6459099216153841
leaf_count=3 3 98 8 2 5 302 63 31 894 14 58 1 47 554
internal_value=-5.79926e-05 0.00749017 -0.0177893 -0.0339164 -0.0382446 0.0242438 0.00514103 0.0383406 -0.0443443 0.0354238 0.033044 -0.0177345 0.045087 -0.0516526
internal_weight=12.3584 10.3188 4.11287 3.1223 2.03966 6.20589 2.63506 3.57082 2.77847 1.70562 0.990571 0.251059 3.31824 1.77134
internal_count=2083 1521 966 899 562 555 379 176 896 77 67 59 78 559
is_linear=0
shrinkage=0.05


Tree=94
num_leaves=15
num_cat=0
split_feature=22 27 24 0 16 2 2 0 16 18 21 12 3 24
split_gain=1.35805 2.29235 1.52364 1.19801 1.2564 1.01376 0.418961 0.348097 0.202613 0.387999 0.00748783 0.0005283 8.44176e-05 4.22505e-06
threshold=-0.81253510713577259 -2.5896649360656734 0.10244867950677873 4.9518909454345712 1.9616814255714419 1.0987673401832583 -1.1779774427413938 2.9666326045989995 -0.13454373925924298 -1.307680010795593 0.36473542451858526 2.9010256528854375 1.4696619510650637 -0.15167439728975293
decision_type=2 2 2 2 2 2 2 2 2 2 2 2 2 2
left_child=2 -2 7 4 5 -3 12 11 10 -10 -8 13 -4 -1
right_child=1 3 6 -5 -6 -7 8 -9 9 -11 -12 -13 -14 -15
leaf_value=-0.050293759107414661 0.047375268350450639 -0.04840623727034396 -0.050269425515632654 0.050312246201133941 0.046994887606152863 0.0027055197564860717 0.043791400074105973 0.050293101143835339 0.048422703942712954 -0.050489242495061509 0.050318971593306887 -0.055405713445897335 -0.053210729510964366 -0.050695522942744486
leaf_weight=0.5552233548369262 1.3509653299115596 4.3342867507599294 0.087888052687049245 0.49922122061252583 0.48420333955436934 1.249904580065049 0.56339779566042247 0.097328707575798035 0.26609007315710254 0.15802659257314977 1.9950565993785856 0.056078538298606873 0.033767094602808356 0.074180927826091647
leaf_count=208 17 1509 33 5 7 184 16 1 4 54 21 3 2 19
internal_value=-5.8874e-05 -0.0119403 0.0241458 -0.0241416 -0.0302666 -0.0369659 0.0398658 -0.0381918 0.0435756 0.0115679 0.0488815 -0.0507554 -0.0510858 -0.0503411
internal_weight=11.8056 7.91858 3.88704 6.56762 6.06839 5.58419 3.10423 0.782812 2.98257 0.424117 2.55845 0.685483 0.121655 0.629404
internal_count=2083 1722 361 1705 1700 1693 130 231 95 58 37 230 35 227
is_linear=0
shrinkage=0.05


Tree=95
num_leaves=15
num_cat=0
split_feature=29 8 11 6 2 29 17 20 2 18 17 2 8 2
split_gain=1.32688 1.59405 1.21756 0.993342 0.878664 0.597765 1.21748 0.660271 0.620144 0.589265 0.318248 0.20284 0.0871862 0.305386
threshold=-0.78830060362815846 -0.13578490912914273 0.14337857812643054 -5.41725730895996 0.29692064225673681 0.52245259284973156 0.82450196146965038 -0.90943792462348927 0.57844558358192455 -3.219908475875854 0.39676490426063543 0.32996766269207006 0.42411383986473089 -0.096365340054035173
decision_type=2 2 2 2 2 2 2 2 2 2 2 2 2 2
left_child=4 2 3 -2 -1 6 7 -3 -8 -5 -4 -12 13 -7
right_child=1 5 10 9 -6 12 8 -9 -10 -11 11 -13 -14 -15
leaf_value=0.050245004544353669 0.050315902236988612 -0.050261618229134865 0.050256123484265162 0.050233536285450534 -0.051519941767184621 -0.050338749691770629 -0.050423132167113673 0.038720318019515823 0.050286197143863953 -0.050486675990999222 -0.050443748124340326 0.050221722676974334 0.050135300369520387 0.050311705911502108
leaf_weight=0.24360057711601335 0.31159904599189703 0.22921195987146381 0.67020568996667851 0.15470393747091282 1.6409657368203623 0.10210504196584236 0.88279134174808838 2.3046054106671359 0.18487100303173065 2.3680549681885177 0.15529077290557325 0.073834523558616638 1.7224688257556406 0.28774543106555961
leaf_count=3 3 98 8 2 559 33 300 100 2 894 58 1 19 3
internal_value=-5.82603e-05 0.00758324 -0.0178239 -0.0339073 -0.0383657 0.0241856 0.0118001 0.0306709 -0.0329848 -0.0443102 0.0328651 -0.0180048 0.0453026 0.0239505
internal_weight=11.3321 9.44749 3.73369 2.83436 1.88457 5.7138 3.60148 2.53382 1.06766 2.52276 0.899331 0.229125 2.11232 0.38985
internal_count=2083 1521 966 899 562 555 500 198 302 896 67 59 55 36
is_linear=0
shrinkage=0.05


Tree=96
num_leaves=15
num_cat=0
split_feature=29 8 11 6 2 29 17 20 2 18 17 2 8 2
split_gain=1.25979 1.50556 1.15772 0.944498 0.835052 0.576558 1.14278 0.617689 0.589668 0.560279 0.302655 0.192877 0.0827951 0.290399
threshold=-0.78830060362815846 -0.13578490912914273 0.14337857812643054 -5.41725730895996 0.29692064225673681 0.52245259284973156 0.82450196146965038 -0.90943792462348927 0.57844558358192455 -3.219908475875854 0.39676490426063543 0.32996766269207006 0.42411383986473089 -0.096365340054035173
decision_type=2 2 2 2 2 2 2 2 2 2 2 2 2 2
left_child=4 2 3 -2 -1 6 7 -3 -8 -5 -4 -12 13 -7
right_child=1 5 10 9 -6 12 8 -9 -10 -11 11 -13 -14 -15
leaf_value=0.050232998179288973 0.050300402994121432 -0.050248847909190243 0.050243571941840474 0.050222092583288851 -0.051469122541690226 -0.050322141302059899 -0.050402634116105544 0.037902466641993225 0.050272164569430039 -0.050464064583407464 -0.050422458056662969 0.050210858943946085 0.050101099423513686 0.050296425327703113
leaf_weight=0.23177402466535646 0.2964912131428713 0.21808716678060625 0.63767462223768223 0.14719162136316288 1.5624374571489168 0.097156566567719094 0.84007001202553488 2.2383237923495467 0.1759025827050209 2.2535474913893276 0.14777795202098787 0.070248380303382874 1.6395536882337181 0.27379298210144065
leaf_count=3 3 98 8 2 559 33 300 100 2 894 58 1 19 3
internal_value=-6.19706e-05 0.00753705 -0.0178169 -0.033893 -0.0383314 0.0239665 0.0116291 0.0300761 -0.0329721 -0.0442909 0.0328561 -0.0179983 0.0452748 0.0239431
internal_weight=10.83 9.03582 3.55293 2.69723 1.79421 5.48289 3.47238 2.45641 1.01597 2.40074 0.855701 0.218026 2.0105 0.37095
internal_count=2083 1521 966 899 562 555 500 198 302 896 67 59 55 36
is_linear=0
shrinkage=0.05


Tree=97
num_leaves=15
num_cat=0
split_feature=29 8 11 6 2 29 17 20 2 18 17 2 8 2
split_gain=1.19603 1.42134 1.10084 0.898073 0.793619 0.556493 1.07194 0.589523 0.5607 0.532729 0.287829 0.183407 0.0786152 0.276153
threshold=-0.78830060362815846 -0.13578490912914273 0.14337857812643054 -5.41725730895996 -1.0000000180025095e-35 0.52245259284973156 0.82450196146965038 -0.51688721776008595 0.57844558358192455 -3.219908475875854 0.39676490426063543 0.32996766269207006 0.42411383986473089 -0.096365340054035173
decision_type=2 2 2 2 2 2 2 2 2 2 2 2 2 2
left_child=4 2 3 -2 -1 6 7 -3 -8 -5 -4 -12 13 -7
right_child=1 5 10 9 -6 12 8 -9 -10 -11 11 -13 -14 -15
leaf_value=0.050221584031799653 0.050285668105881455 -0.02401253066539475 0.050231637570676425 0.050211218281146476 -0.051419226854120682 -0.050306352447721164 -0.050383121194589875 0.041019513504729418 0.050258822932367678 -0.050442458126758627 -0.050402173315740664 0.050200534215390329 0.050065725810734443 0.050281897854633786
leaf_weight=0.22051911801099788 0.28211172670125906 0.42383443738799575 0.6067153364419936 0.14004256576299656 1.4876424978720029 0.092446460155770072 0.79940098442602892 1.9602454281412058 0.16736701130867004 2.1445357521297419 0.14062588335946202 0.06683572381734848 1.5606662509962914 0.26051329076290131
leaf_count=3 3 128 8 2 559 33 300 70 2 894 58 1 19 3
internal_value=-6.58771e-05 0.00748803 -0.0178103 -0.0338793 -0.0382977 0.0237347 0.0114497 0.0294583 -0.03296 -0.0442725 0.0328475 -0.0179921 0.0452462 0.023936
internal_weight=10.3535 8.64534 3.38087 2.56669 1.70816 5.26447 3.35085 2.38408 0.966768 2.28458 0.814177 0.207462 1.91363 0.35296
internal_count=2083 1521 966 899 562 555 500 198 302 896 67 59 55 36
is_linear=0
shrinkage=0.05


Tree=98
num_leaves=15
num_cat=0
split_feature=22 27 24 0 16 2 2 0 16 18 21 12 3 24
split_gain=1.1455 1.88076 1.24559 0.987381 1.02849 0.864794 0.342723 0.292737 0.166504 0.317422 0.00766247 0.000296204 4.66331e-05 2.30973e-06
threshold=-0.81253510713577259 -2.5896649360656734 0.10244867950677873 4.9518909454345712 1.9616814255714419 1.0987673401832583 -1.1779774427413938 2.9666326045989995 -0.13454373925924298 -1.307680010795593 0.36473542451858526 2.9010256528854375 1.4696619510650637 -0.15167439728975293
decision_type=2 2 2 2 2 2 2 2 2 2 2 2 2 2
left_child=2 -2 7 4 5 -3 12 11 10 -10 -8 13 -4 -1
right_child=1 3 6 -5 -6 -7 8 -9 9 -11 -12 -13 -14 -15
leaf_value=-0.050241381963753565 0.047067465787834072 -0.048116347989822193 -0.050220241105441869 0.050260087210756255 0.046668952683305454 0.0028298991961241693 0.043072276334921826 0.050247792374664715 0.048195105470446281 -0.050402960987203274 0.050265827578970135 -0.054414291284046734 -0.052620721644035029 -0.050569357524822167
leaf_weight=0.45596148562617633 1.123225533403456 3.6391246858984232 0.07197931571863625 0.41528788208961476 0.40397825697436918 1.0802224325016139 0.47583958576433483 0.082430973649024963 0.2189155966043479 0.13016253267414746 1.6672686263918874 0.047288017929531634 0.028142157709226012 0.060843893326818943
leaf_count=208 17 1509 33 5 7 184 16 1 4 54 21 3 2 19
internal_value=-6.77781e-05 -0.0119264 0.0243237 -0.0238902 -0.0299007 -0.0364551 0.0398088 -0.0377652 0.0434527 0.0114303 0.0486686 -0.0506266 -0.050895 -0.05028
internal_weight=9.90067 6.66184 3.23883 5.53861 5.12333 4.71935 2.59231 0.646524 2.49219 0.349078 2.14311 0.564093 0.100121 0.516805
internal_count=2083 1722 361 1705 1700 1693 130 231 95 58 37 230 35 227
is_linear=0
shrinkage=0.05


Tree=99
num_leaves=15
num_cat=0
split_feature=29 8 11 6 2 29 17 14 20 18 17 2 8 2
split_gain=1.11475 1.29501 0.993806 0.8131 0.720783 0.51468 0.9491 1.03619 0.673091 0.482473 0.264462 0.166637 0.0714721 0.250833
threshold=-0.78830060362815846 -0.13578490912914273 0.14337857812643054 -5.41725730895996 0.29692064225673681 0.52245259284973156 0.62597778439521801 0.69716519117355358 -0.51688721776008595 -3.219908475875854 0.39676490426063543 0.32996766269207006 0.42411383986473089 -0.096365340054035173
decision_type=2 2 2 2 2 2 2 2 2 2 2 2 2 2
left_child=4 2 3 -2 -1 6 8 -8 -3 -5 -4 -12 13 -7
right_child=1 5 10 9 -6 12 7 -9 -10 -11 11 -13 -14 -15
leaf_value=0.050201042392423414 0.050258552224698883 -0.0231151963613597 0.050209735257077726 0.050191297050008923 -0.051320168749055151 -0.05027816762526495 0.050293159033170089 -0.050362568537390101 0.050237400244734345 -0.050402831879952349 -0.050399132402052821 0.050181364279863638 0.050022943302505618 0.050255954166399032
leaf_weight=0.20023938268423069 0.25565025955438647 0.39952308661304425 0.54985952749848355 0.12696853652596551 1.3781293018255381 0.084061435540206619 0.35606019198894479 0.90697564592119306 1.4397510327398777 1.9475844791159032 0.12898209481500089 0.060493458062410355 1.4359960025176404 0.23687701299786568
leaf_count=3 3 128 8 2 559 33 4 349 19 894 58 1 19 3
internal_value=-6.70919e-05 0.00757187 -0.0178525 -0.0338779 -0.0384407 0.0236322 0.0113864 -0.0219869 0.0343039 -0.0442462 0.0326555 -0.018287 0.0452554 0.0239237
internal_weight=9.50715 7.92878 3.06954 2.3302 1.57837 4.85924 3.10231 1.26304 1.83927 2.07455 0.739335 0.189476 1.75693 0.320938
internal_count=2083 1521 966 899 562 555 500 353 147 896 67 59 55 36
is_linear=0
shrinkage=0.05


Tree=100
num_leaves=15
num_cat=0
split_feature=29 8 11 6 2 29 17 14 20 18 17 2 8 2
split_gain=1.05926 1.22841 0.945025 0.773174 0.685054 0.491574 0.896397 0.985322 0.643703 0.458774 0.251516 0.158459 0.0678449 0.238537
threshold=-0.78830060362815846 -0.13578490912914273 0.14337857812643054 -5.41725730895996 0.29692064225673681 0.52245259284973156 0.62597778439521801 0.69716519117355358 -0.51688721776008595 -3.219908475875854 0.39676490426063543 0.32996766269207006 0.42411383986473089 -0.096365340054035173
decision_type=2 2 2 2 2 2 2 2 2 2 2 2 2 2
left_child=4 2 3 -2 -1 6 8 -8 -3 -5 -4 -12 13 -7
right_child=1 5 10 9 -6 12 7 -9 -10 -11 11 -13 -14 -15
leaf_value=0.050191200997722889 0.050245882010818005 -0.022193782095688671 0.05019946605015007 0.050181934450307608 -0.051273099716537221 -0.050264543117179233 0.050278792607021533 -0.050344957544169726 0.050225773232539066 -0.050383961498326239 -0.05038000027214156 0.050172490160871934 0.049985292221146865 0.050243416647981799
leaf_weight=0.19051000103354443 0.24324183166027102 0.39541241433471452 0.52314686030149449 0.12079817801713977 1.3120903815142808 0.079982839408330508 0.33878926187753655 0.8630361114628613 1.3698425777256489 1.8532760284142566 0.12273698416538537 0.057553078979253769 1.3669650198426095 0.22537918761372566
leaf_count=3 3 128 8 2 559 33 4 349 19 894 58 1 19 3
internal_value=-6.58808e-05 0.00755486 -0.0178467 -0.033866 -0.0384088 0.0235465 0.0113277 -0.0219796 0.034004 -0.0442301 0.032648 -0.0182811 0.0452254 0.0239176
internal_weight=9.06276 7.56016 2.92075 2.21732 1.5026 4.63941 2.96708 1.20183 1.76525 1.97407 0.703437 0.18029 1.67233 0.305362
internal_count=2083 1521 966 899 562 555 500 353 147 896 67 59 55 36
is_linear=0
shrinkage=0.05


Tree=101
num_leaves=15
num_cat=0
split_feature=29 8 11 6 2 16 2 16 18 17 22 6 2 21
split_gain=1.00653 1.16508 0.898652 0.735219 0.651108 0.472545 0.763303 1.09452 0.436246 0.239206 0.185036 0.33803 0.150685 0.00927302
threshold=-0.78830060362815846 -0.13578490912914273 0.14337857812643054 -5.41725730895996 0.29692064225673681 -0.77325308322906483 1.0509262681007387 0.91395694017410289 -3.219908475875854 0.39676490426063543 -0.48891320824623102 -2.1894638538360591 0.32996766269207006 0.36473542451858526
decision_type=2 2 2 2 2 2 2 2 2 2 2 2 2 2
left_child=4 2 3 -2 -1 10 7 -7 -5 -4 13 -12 -11 -3
right_child=1 5 9 8 -6 6 -8 -9 -10 12 11 -13 -14 -15
leaf_value=0.050181839762611029 0.050233832566108506 0.041665873053907433 0.050189700296449383 0.050173030227494114 -0.051227091738582059 -0.050253143522241951 0.049952053510047306 0.031252146967823108 -0.050365944856559666 -0.050361770740095707 0.050199390547534063 -0.050442523961312269 0.050164046996960011 0.050252326789852308
leaf_weight=0.18125167116522778 0.23143289238214526 0.41895737731829319 0.49772707000374783 0.11492665857076678 1.2491917693987487 0.84689278167206816 0.76006972906179715 0.80193065328057855 1.7635054109850896 0.11679222516249865 0.19789160788059246 0.14424972794949986 0.054755162447690964 1.2603837735950945
leaf_count=3 3 17 8 2 559 382 11 71 894 58 3 54 1 17
internal_value=-6.46614e-05 0.00753702 -0.0178411 -0.0338546 -0.0383776 0.0234565 0.00849771 -0.0106118 -0.0442147 0.0326408 0.0412822 0.00776789 -0.0182755 0.0481102
internal_weight=8.63996 7.20952 2.77914 2.10986 1.43044 4.43038 2.40889 1.64882 1.87843 0.669274 2.02148 0.342141 0.171547 1.67934
internal_count=2083 1521 966 899 562 555 464 453 896 67 91 57 59 34
is_linear=0
shrinkage=0.05


Tree=102
num_leaves=15
num_cat=0
split_feature=29 8 11 6 2 29 17 14 20 18 17 2 8 2
split_gain=0.955897 1.10166 0.854567 0.699138 0.618856 0.452239 0.821447 0.897487 0.590575 0.41483 0.2275 0.143294 0.0623744 0.218999
threshold=-0.78830060362815846 -0.13578490912914273 0.14337857812643054 -5.41725730895996 0.29692064225673681 0.52245259284973156 0.62597778439521801 0.69716519117355358 -0.51688721776008595 -3.219908475875854 0.39676490426063543 0.32996766269207006 0.42411383986473089 -0.096365340054035173
decision_type=2 2 2 2 2 2 2 2 2 2 2 2 2 2
left_child=4 2 3 -2 -1 6 8 -8 -3 -5 -4 -12 13 -7
right_child=1 5 10 9 -6 12 7 -9 -10 -11 11 -13 -14 -15
leaf_value=0.050172941041132749 0.050222375726359902 -0.02140161109363712 0.050180415441061235 0.050164563775757912 -0.051182164793846352 -0.050241505930777176 0.05025246049153851 -0.050322351662269366 0.050205846609279396 -0.050348744499201917 -0.05034440084606593 0.050156022422604085 0.049934956640004136 0.050223480888309295
leaf_weight=0.1724417321383952 0.22019471973180804 0.37417191232088964 0.47353802993893612 0.10933960601687465 1.1892848127754403 0.073599646682850905 0.30778074264526345 0.79414973838720471 1.2493691146373749 1.6780568616231901 0.11113356554415077 0.052092846482992172 1.2404929534532128 0.2062637098133564
leaf_count=3 3 128 8 2 559 33 4 349 19 894 58 1 19 3
internal_value=-6.73777e-05 0.00749795 -0.0178358 -0.0338437 -0.0383471 0.0232761 0.0110884 -0.0222308 0.0337027 -0.0442001 0.032634 -0.0182702 0.0451246 0.0238028
internal_weight=8.25191 6.89018 2.64436 2.00759 1.36173 4.24583 2.72547 1.10193 1.62354 1.7874 0.636764 0.163226 1.52036 0.279863
internal_count=2083 1521 966 899 562 555 500 353 147 896 67 59 55 36
is_linear=0
shrinkage=0.05


Tree=103
num_leaves=15
num_cat=0
split_feature=29 8 11 6 2 16 2 16 18 17 21 25 2 22
split_gain=0.908328 1.04475 0.812656 0.664838 0.588213 0.435065 0.694694 0.984833 0.394472 0.216369 0.173789 0.212501 0.136268 0.0268429
threshold=-0.78830060362815846 -0.13578490912914273 0.14337857812643054 -5.41725730895996 0.29692064225673681 -0.77325308322906483 1.0509262681007387 0.91395694017410289 -3.219908475875854 0.39676490426063543 0.15580447763204577 -0.63836318254470814 0.32996766269207006 -0.62866997718811024
decision_type=2 2 2 2 2 2 2 2 2 2 2 2 2 2
left_child=4 2 3 -2 -1 10 7 -7 -5 -4 11 -3 -11 -12
right_child=1 5 9 8 -6 6 -8 -9 -10 12 13 -13 -14 -15
leaf_value=0.050164477508558486 0.050211484478678896 0.050152876356008846 0.050171587471933544 0.05015651305641658 -0.051138335905346478 -0.050230691915506991 0.049890428883448169 0.030222325565740466 -0.050332327512558922 -0.050327853758835951 0.050220782817570232 -0.050347745240159093 0.050148388919230652 0.035213664858863979
leaf_weight=0.16405862569808949 0.20949998497962941 0.10206291079521179 0.4505205675959586 0.10402332618832577 1.1322279493324456 0.77283066778909437 0.68867487437091757 0.74906101869419217 1.5967246132204311 0.10574739798903465 1.2420642375946043 0.1085247523151337 0.049559600651264191 0.39201709325425316
leaf_count=3 3 2 8 2 559 382 11 71 894 58 19 43 1 27
internal_value=-6.61478e-05 0.00747947 -0.0178307 -0.0338334 -0.0383174 0.0231832 0.0082227 -0.0106325 -0.0441861 0.0326275 0.0411112 -0.00163936 -0.0182651 0.0466206
internal_weight=7.8676 6.57131 2.51608 1.91025 1.29629 4.05524 2.21057 1.52189 1.70075 0.605828 1.84467 0.210588 0.155307 1.63408
internal_count=2083 1521 966 899 562 555 464 453 896 67 91 45 59 46
is_linear=0
shrinkage=0.05


Tree=104
num_leaves=15
num_cat=0
split_feature=29 8 11 6 2 29 17 20 2 18 17 2 8 2
split_gain=0.862533 0.986886 0.772811 0.63223 0.559099 0.416326 0.753125 0.453875 0.422742 0.375119 0.205784 0.129588 0.0581521 0.202615
threshold=-0.78830060362815846 -0.13578490912914273 0.14337857812643054 -5.41725730895996 0.29692064225673681 0.52245259284973156 0.82450196146965038 -0.90943792462348927 0.57844558358192455 -3.219908475875854 0.39676490426063543 0.32996766269207006 0.42411383986473089 -0.096365340054035173
decision_type=2 2 2 2 2 2 2 2 2 2 2 2 2 2
left_child=4 2 3 -2 -1 6 7 -3 -8 -5 -4 -12 13 -7
right_child=1 5 10 9 -6 12 8 -9 -10 -11 11 -13 -14 -15
leaf_value=0.050156431512728951 0.05020112976560151 -0.050195492358664821 0.050163191760976868 0.050148857618938648 -0.051095616455871185 -0.050221448130429926 -0.050301406605581939 0.036254640401231872 0.050198172366145037 -0.05031665857411613 -0.05031209125507824 0.050141132825088176 0.049884503318046738 0.050205650925851164
leaf_weight=0.15608179569244374 0.1993226185441016 0.16749761730898183 0.42861834168434132 0.09896477311849583 1.077886371174827 0.068368964246474095 0.58990892989095289 1.6226769129280005 0.12720012292265892 1.5193124868674206 0.10062075732275844 0.047149199992418289 1.1266040964983401 0.18923628702759743
leaf_count=3 3 98 8 2 559 33 300 100 2 894 58 1 19 3
internal_value=-6.92373e-05 0.00743398 -0.0178259 -0.0338235 -0.0382885 0.0229735 0.010822 0.0281659 -0.0324749 -0.0441728 0.0326213 -0.0182603 0.044984 0.0235521
internal_weight=7.51945 6.28548 2.39399 1.8176 1.23397 3.89149 2.50728 1.79017 0.717109 1.61828 0.576388 0.14777 1.38421 0.257605
internal_count=2083 1521 966 899 562 555 500 198 302 896 67 59 55 36
is_linear=0
shrinkage=0.05


Tree=105
num_leaves=14
num_cat=0
split_feature=6 4 10 13 26 0 6 9 9 2 4 24 25
split_gain=0.825471 0.984265 1.19837 0.997024 0.540924 0.407676 0.359384 0.0798827 0.20127 0.0672434 0.0338696 1.77254e-05 2.28687e-07
threshold=-2.8248937129974361 -0.83898636698722828 -0.62685963511466969 1.7259716391563418 1.83898401260376 4.9518909454345712 5.4742572307586679 0.10224101319909097 -0.17309312522411344 1.340309798717499 1.5988715291023257 2.0185111761093144 -0.94604575634002674
decision_type=2 2 2 2 2 2 2 2 2 2 2 2 2
left_child=10 2 7 4 5 -3 11 8 -2 -6 -1 -4 -9
right_child=1 3 6 -5 9 -7 -8 12 -10 -11 -12 -13 -14
leaf_value=0.029910636882608095 -0.050397532092039725 -0.039721096807578023 -0.050277145368188107 0.048280993304592706 0.0015519139727393598 0.050210288110815994 0.050161889517258321 0.050141295652398922 0.046636760183912808 0.050200547084588924 0.050185273023943516 -0.051696049359532981 0.050183987227357035
leaf_weight=0.30483937868848432 0.073501526261679717 3.1474132998264404 0.55446497001685191 0.45679049589671183 0.11007331893779326 0.13127386197447766 0.10516630113124847 0.61207638308405876 0.19579616596456662 0.20026025176048279 0.63523939624428749 0.022920411545783281 0.64345696568489053
leaf_count=16 36 1646 289 14 32 2 2 13 6 3 11 2 11
internal_value=-7.36018e-05 -0.00664093 0.0202149 -0.0212934 -0.0301484 -0.0361204 -0.0348493 0.044863 0.0201524 0.0329452 0.0436108 -0.0503335 0.0501632
internal_weight=7.19327 6.25319 2.20738 4.04581 3.58902 3.27869 0.682552 1.52483 0.269298 0.310334 0.940079 0.577385 1.25553
internal_count=2083 2056 359 1697 1683 1648 293 66 42 35 27 291 24
is_linear=0
shrinkage=0.05


Tree=106
num_leaves=15
num_cat=0
split_feature=29 8 11 6 2 29 22 16 18 14 17 2 5 2
split_gain=0.789948 0.907206 0.700996 0.580592 0.505868 0.387896 0.68535 0.659869 0.339884 0.296832 0.18739 0.117413 0.0513837 0.0545776
threshold=-0.78830060362815846 -0.13578490912914273 0.14337857812643054 -5.41725730895996 0.29692064225673681 0.52245259284973156 -0.50108656287193287 0.91395694017410289 -3.219908475875854 0.85364079475402843 0.39676490426063543 0.32996766269207006 0.048798935487866409 0.64633366465568554
decision_type=2 2 2 2 2 2 2 2 2 2 2 2 2 2
left_child=4 2 3 -2 -1 6 9 -8 -5 -3 -4 -12 13 -7
right_child=1 5 10 8 -6 12 7 -9 -10 -11 11 -13 -14 -15
leaf_value=0.050141498907949993 0.050184628998003737 0.045513874143514078 0.050147650236102403 0.050134802566633066 -0.051024216643730316 0.0050326737893392265 -0.050243048687316161 0.034653352951269999 -0.050299330872275054 -0.015595873054489352 -0.050282634742306764 0.050127664674902185 0.050162633125333811 0.050365970251266573
leaf_weight=0.14126462489366509 0.1829322576522826 1.0817621364258232 0.3880351036787032 0.089659508317708858 0.98646982264472172 0.14685837295837689 0.6524986621225255 0.35255770105868578 1.3931064930511641 0.24343146011233319 0.091624298482201993 0.042673233896493912 1.006460729986429 0.12117338925600052
leaf_count=3 3 47 8 2 559 35 349 31 894 73 58 1 19 1
internal_value=-6.57738e-05 0.00738773 -0.0180097 -0.0338578 -0.0383518 0.0228036 0.0106737 -0.0204627 -0.0442263 0.0342883 0.0325292 -0.0183771 0.0449817 0.0255272
internal_weight=6.92051 5.79277 2.18803 1.6657 1.12773 3.60474 2.33025 1.00506 1.48277 1.32519 0.522333 0.134298 1.27449 0.268032
internal_count=2083 1521 966 899 562 555 500 380 896 120 67 59 55 36
is_linear=0
shrinkage=0.05


Tree=107
num_leaves=15
num_cat=0
split_feature=29 8 11 6 2 16 2 16 18 17 21 25 2 22
split_gain=0.750068 0.855951 0.666645 0.552132 0.480856 0.376645 0.596244 0.823046 0.323219 0.178227 0.147709 0.177627 0.111661 0.025405
threshold=-0.78830060362815846 -0.13578490912914273 0.14337857812643054 -5.41725730895996 0.29692064225673681 -0.77325308322906483 1.0509262681007387 0.91395694017410289 -3.219908475875854 0.39676490426063543 0.15580447763204577 -0.63836318254470814 0.32996766269207006 -0.62866997718811024
decision_type=2 2 2 2 2 2 2 2 2 2 2 2 2 2
left_child=4 2 3 -2 -1 10 7 -7 -5 -4 11 -3 -11 -12
right_child=1 5 9 8 -6 6 -8 -9 -10 12 13 -13 -14 -15
leaf_value=0.050134577429366251 0.050175594197102283 0.050126327034196609 0.050140429662565544 0.050128209350023149 -0.050984549645240712 -0.05020181528690492 0.049803098677666052 0.028607235899384239 -0.050285218669067849 -0.05026901835206346 0.050184513776641439 -0.050295518365407903 0.050121425105415854 0.034446121897164172
leaf_weight=0.13439314812421777 0.17404108867049206 0.084392353892326355 0.36916222050786007 0.085297696292400249 0.93907083419617265 0.66385432123206534 0.58302187174558628 0.66132223000749946 1.3255263987230139 0.087178741930983961 1.0407522432506082 0.092080096830614244 0.040596961975097656 0.34023611457087088
leaf_count=3 3 2 8 2 559 382 11 71 894 58 19 43 1 27
internal_value=-6.75497e-05 0.00733545 -0.0180054 -0.0338489 -0.0383249 0.0225575 0.00766598 -0.0108726 -0.0442143 0.0325239 0.0408026 -0.00227196 -0.0183729 0.046307
internal_weight=6.62093 5.54746 2.0818 1.58487 1.07346 3.46566 1.9082 1.32518 1.41082 0.496938 1.55746 0.176472 0.127776 1.38099
internal_count=2083 1521 966 899 562 555 464 453 896 67 91 45 59 46
is_linear=0
shrinkage=0.05


Tree=108
num_leaves=15
num_cat=0
split_feature=29 8 11 6 2 16 2 16 18 17 22 6 2 21
split_gain=0.712245 0.808206 0.633984 0.525074 0.457089 0.358216 0.566349 0.776431 0.307374 0.169513 0.147829 0.257754 0.106192 0.00852677
threshold=-0.78830060362815846 -0.13578490912914273 0.14337857812643054 -5.41725730895996 0.29692064225673681 -0.77325308322906483 1.0509262681007387 0.91395694017410289 -3.219908475875854 0.39676490426063543 -0.48891320824623102 -2.1894638538360591 0.32996766269207006 0.36473542451858526
decision_type=2 2 2 2 2 2 2 2 2 2 2 2 2 2
left_child=4 2 3 -2 -1 10 7 -7 -5 -4 13 -12 -11 -3
right_child=1 5 9 8 -6 6 -8 -9 -10 12 11 -13 -14 -15
leaf_value=0.050127998051329163 0.05016699844972905 0.040587322415244348 0.050133561264483796 0.050121939770604029 -0.050946017938593074 -0.050191958346275704 0.049754413975649135 0.027626866990338023 -0.050271752936711822 -0.050256049698706888 0.050147013851614901 -0.05035819942792772 0.050115487274695794 0.050185883536014379
leaf_weight=0.12785507366061188 0.16558065265417043 0.30884962331037946 0.35120486095547665 0.081147570163010996 0.89393044740427285 0.63159864884801187 0.55511681223288167 0.65082447964232415 1.2612089546164504 0.082947844406589866 0.14602268859744061 0.1132805115776141 0.038621485233306885 0.92233150452375412
leaf_count=3 3 17 8 2 559 382 11 71 894 58 3 54 1 17
internal_value=-7.08111e-05 0.00728701 -0.0180012 -0.0338404 -0.0382987 0.0223376 0.00756369 -0.0106992 -0.0442028 0.0325188 0.0405515 0.0062398 -0.0183689 0.047778
internal_weight=6.33052 5.30874 1.98071 1.50794 1.02179 3.32802 1.83754 1.28242 1.34236 0.472774 1.49048 0.259303 0.121569 1.23118
internal_count=2083 1521 966 899 562 555 464 453 896 67 91 57 59 34
is_linear=0
shrinkage=0.05


Tree=109
num_leaves=15
num_cat=0
split_feature=6 9 10 16 29 2 11 9 0 18 4 15 11 4
split_gain=0.677008 0.819906 0.630939 0.562327 0.416436 1.35653 0.216234 0.168219 0.159248 0.157617 0.146702 0.10432 0.0754521 0.031575
threshold=-2.8248937129974361 0.69925817847251903 -0.46008682250976557 1.8074023127555849 0.074197448790073409 -0.063307942822575555 -0.49307045340538019 -9.0458736419677717 4.9518909454345712 -3.219908475875854 2.3193542957305913 -0.18828821182250974 -1.0000000180025095e-35 1.5988715291023257
decision_type=2 2 2 2 2 2 2 2 2 2 2 2 2 2
left_child=13 4 6 10 7 8 -3 -2 -6 -9 -4 -8 -7 -1
right_child=1 2 3 -5 5 12 11 9 -10 -11 -12 -13 -14 -15
leaf_value=0.02887247956783905 0.050136581020820525 -0.050262128078129499 -0.050227851163452422 0.048986153712679149 -0.050227755264910627 0.0083862016210722382 0.0053206287969775543 0.050119723165421681 0.050123454684105798 -0.050672089613561469 0.050116621381569242 0.047524036099108123 0.050174250117702601 0.050153974695505088
leaf_weight=0.26008644432295103 0.045637056231498607 0.066634681541472784 0.55183152022073034 0.22697779990267009 0.93768196570454165 0.13036235386971384 0.16810222959611576 0.040030565112829097 0.041273865848779678 1.2492364076897504 0.03899817168712616 1.1354453498497603 0.63029410690069176 0.52837168797850609
leaf_count=16 1 46 355 7 679 47 51 1 1 815 1 40 12 11
internal_value=-7.3832e-05 -0.00654746 0.0168475 -0.0179065 -0.0231965 -0.00707692 0.0375907 -0.0442032 -0.0459968 -0.0475426 -0.0436045 0.0420816 0.0430126 0.0431339
internal_weight=6.05096 5.26251 2.18799 0.817807 3.07452 1.73961 1.37018 1.3349 0.978956 1.28927 0.59083 1.30355 0.760656 0.788458
internal_count=2083 2056 500 363 1556 739 137 817 680 816 356 91 59 27
is_linear=0
shrinkage=0.05


Tree=110
num_leaves=15
num_cat=0
split_feature=29 8 11 6 2 14 2 20 29 18 0 17 2 8
split_gain=0.647091 0.727463 0.578001 0.481798 0.413898 0.331833 0.811308 0.457484 0.314606 0.278275 0.228827 0.153515 0.0962173 0.0204264
threshold=-0.78830060362815846 -0.13578490912914273 0.14337857812643054 -5.41725730895996 0.29692064225673681 0.76992845535278331 0.19999606162309649 -0.51688721776008595 -0.50335115194320668 -3.219908475875854 4.9518909454345712 0.39676490426063543 0.32996766269207006 0.084086939692497267
decision_type=2 2 2 2 2 2 2 2 2 2 2 2 2 2
left_child=4 2 3 -2 -1 7 -7 10 -8 -5 -3 -4 -13 -9
right_child=1 5 11 9 -6 6 8 13 -10 -11 -12 12 -14 -15
leaf_value=0.050115959317028697 0.05015346482762803 -0.050186505714037447 0.050122284059796011 0.050110359210408142 -0.050872267426911089 -0.050247392805074509 -0.020268880907277284 0.033549055920041503 0.049786775250160266 -0.050257168802817144 0.050236958944058691 -0.050231941944549857 0.050104746565611313 0.050150909916710867
leaf_weight=0.11590520665049542 0.15207644179463331 0.20209024520590912 0.32044871523976315 0.073480155318974893 0.81405433645704761 0.46144127607112728 0.21433489944320172 0.21775810723193001 0.63519227830693126 1.1481011183350354 0.078860923647880554 0.07509061589371413 0.035043772310018539 1.2420669272541998
leaf_count=3 3 127 8 2 559 302 63 21 14 894 1 58 1 27
internal_value=-7.60583e-05 0.00724138 -0.0179275 -0.0337719 -0.0382856 0.0221216 0.0031226 0.0364297 0.0321118 -0.0442199 -0.0219984 0.0326198 -0.0183057 0.0476745
internal_weight=5.78595 4.85599 1.80424 1.37366 0.92996 3.05174 1.31097 1.74078 0.849527 1.22158 0.280951 0.430583 0.110134 1.45983
internal_count=2083 1521 966 899 562 555 379 176 77 896 128 67 59 48
is_linear=0
shrinkage=0.05


Tree=111
num_leaves=15
num_cat=0
split_feature=29 8 11 6 2 16 2 10 18 17 21 0 2 22
split_gain=0.614861 0.689229 0.549697 0.458198 0.393465 0.316 0.491354 0.676518 0.264641 0.146012 0.126019 0.0921007 0.0915075 0.0392933
threshold=-0.78830060362815846 -0.13578490912914273 0.14337857812643054 -5.41725730895996 0.29692064225673681 -0.77325308322906483 1.0509262681007387 1.2998840212821963 -3.219908475875854 0.39676490426063543 -0.74358004331588734 4.9518909454345712 0.32996766269207006 -0.62866997718811024
decision_type=2 2 2 2 2 2 2 2 2 2 2 2 2 2
left_child=4 2 3 -2 -1 10 7 -7 -5 -4 11 -3 -11 -12
right_child=1 5 9 8 -6 6 -8 -9 -10 12 13 -13 -14 -15
leaf_value=0.050110289463513639 0.050145958429584837 -0.050286065390780468 0.050116306686625284 0.050104968578438852 -0.050837098313640777 -0.036215596228312948 0.049688939203321153 0.047267837222722632 -0.050245033540549822 -0.050220744078082968 0.050150622731505057 0.050107160474992189 0.050099624565513368 0.029343977487712638
leaf_weight=0.11026460304856289 0.14468069374561254 0.062981736438814662 0.30485568195581425 0.069903817027806681 0.77487466449383646 0.79036020772764437 0.48064651736058284 0.35019515478052199 1.0923646896844736 0.07144392968621105 0.89434777572751034 0.035848286002874374 0.033337987959384918 0.30405324872117501
leaf_count=3 3 30 8 2 559 441 11 12 894 58 20 1 1 40
internal_value=-7.58883e-05 0.00721638 -0.0179238 -0.0337643 -0.0382618 0.0220035 0.00728621 -0.0105829 -0.0442096 0.0326154 0.0403963 -0.0138708 -0.0183023 0.0448716
internal_weight=5.52016 4.63502 1.71659 1.30695 0.885139 2.91843 1.6212 1.14056 1.16227 0.409638 1.29723 0.09883 0.104782 1.1984
internal_count=2083 1521 966 899 562 555 464 453 896 67 91 31 59 60
is_linear=0
shrinkage=0.05


Tree=112
num_leaves=12
num_cat=0
split_feature=27 22 24 0 16 2 2 0 16 12 3
split_gain=0.593884 0.937186 0.638737 0.51217 0.539824 0.435446 0.170552 0.159703 0.0904952 6.2608e-05 5.84076e-06
threshold=-2.8559880256652828 -0.81253510713577259 0.10244867950677873 4.9518909454345712 1.9616814255714419 1.0987673401832583 -1.1779774427413938 2.9666326045989995 -0.13454373925924298 2.9010256528854375 1.4696619510650637
decision_type=2 2 2 2 2 2 2 2 2 2 2
left_child=-1 2 7 4 5 -3 10 9 -8 -2 -4
right_child=1 3 6 -5 -6 -7 8 -9 -10 -11 -12
leaf_value=0.049276182447554294 -0.050147850998720926 -0.045686032929950861 -0.050110390386534788 0.050146233009312438 0.046260780879875694 0.00338897768487417 0.048332652224072223 0.050136404640453873 0.010761615199503862 -0.052598078367297664 -0.051295302378377344
leaf_weight=0.5465533806127495 0.26795011974172656 2.0068930458510308 0.036203440628014616 0.22534956783056248 0.22407623752951611 0.58341983234276984 1.1160173745593054 0.04557863250374794 0.18714917893521454 0.028881007281597704 0.014591855928301811
leaf_count=18 223 1513 33 5 7 184 37 1 57 3 2
internal_value=-7.40084e-05 -0.00576909 0.0240044 -0.0223846 -0.0281922 -0.0346328 0.0394335 -0.0370055 0.042937 -0.0503863 -0.0504508
internal_weight=5.28266 4.73611 1.69637 3.03974 2.81439 2.59031 1.35396 0.34241 1.30317 0.296831 0.0507953
internal_count=2083 2065 356 1709 1704 1697 129 227 94 226 35
is_linear=0
shrinkage=0.05


Tree=113
num_leaves=15
num_cat=0
split_feature=29 8 11 6 2 29 17 14 20 18 17 2 8 17
split_gain=0.577241 0.625717 0.495273 0.426865 0.356973 0.29237 0.523205 0.581922 0.395843 0.239842 0.132571 0.082962 0.0429478 0.0845591
threshold=-0.78830060362815846 -0.13578490912914273 0.14337857812643054 -5.41725730895996 0.29692064225673681 0.52245259284973156 0.62597778439521801 0.69716519117355358 -0.51688721776008595 -3.219908475875854 0.39676490426063543 0.32996766269207006 0.52146261930465709 0.85696044564247142
decision_type=2 2 2 2 2 2 2 2 2 2 2 2 2 2
left_child=4 2 3 -2 -1 6 8 -8 -3 -5 -4 -12 13 -7
right_child=1 5 10 9 -6 12 7 -9 -10 -11 11 -13 -14 -15
leaf_value=0.050099858939735731 0.050135946337414285 -0.022490620732999345 0.050105358279525947 0.050095099597702225 -0.050768515127022407 0.050149218928305421 0.050166494884594119 -0.050234014736295345 0.050131880568550426 -0.050223019553857488 -0.050200800140116575 0.050090287960075301 0.050139042817647674 -0.013239550747061053
leaf_weight=0.099874354898929485 0.13518139719963018 0.24679739738348871 0.27632074244320382 0.063375251367687624 0.72035214898642153 0.13210557959973801 0.19881131500005711 0.52657770330552012 0.78277508541941665 0.9951516328146689 0.064894046750850976 0.030224055051803589 0.72696613147854805 0.087429716193582863
leaf_count=3 3 128 8 2 559 3 4 349 19 894 58 1 17 35
internal_value=-7.14963e-05 0.00731349 -0.0178424 -0.0335319 -0.0384863 0.0218881 0.00980814 -0.0227167 0.0327236 -0.0442169 0.0325797 -0.018333 0.0442861 0.0249047
internal_weight=5.08684 4.26661 1.56515 1.19371 0.820227 2.70146 1.75496 0.725389 1.02957 1.05853 0.371439 0.0951181 0.946501 0.219535
internal_count=2083 1521 966 899 562 555 500 353 147 896 67 59 55 38
is_linear=0
shrinkage=0.05


Tree=114
num_leaves=15
num_cat=0
split_feature=29 8 11 6 2 29 17 14 20 18 17 2 8 2
split_gain=0.548556 0.592886 0.471033 0.405967 0.339369 0.277173 0.49401 0.553423 0.378457 0.228098 0.126093 0.078903 0.0429553 0.163167
threshold=-0.78830060362815846 -0.13578490912914273 0.14337857812643054 -5.41725730895996 0.29692064225673681 0.52245259284973156 0.62597778439521801 0.69716519117355358 -0.51688721776008595 -3.219908475875854 0.39676490426063543 0.32996766269207006 0.52146261930465709 -0.096365340054035173
decision_type=2 2 2 2 2 2 2 2 2 2 2 2 2 2
left_child=4 2 3 -2 -1 6 8 -8 -3 -5 -4 -12 13 -7
right_child=1 5 10 9 -6 12 7 -9 -10 -11 11 -13 -14 -15
leaf_value=0.050094978537198714 0.050129299478500339 -0.021582779178675335 0.050100210687966953 0.050090453900440229 -0.050736685522118165 -0.050170883477417418 0.050158353072894485 -0.050222662248862043 0.050125433621147811 -0.050212445893123049 -0.05019109166463355 0.050085878356495188 0.050132247915343014 0.050132769955260871
leaf_weight=0.095012446865439304 0.12860514596104566 0.24438300012843683 0.2628707531839608 0.060289854183792513 0.68563922098837793 0.054504124855156988 0.18914509192109108 0.50100657145958394 0.74469203874468826 0.94681182713247913 0.061740765813738108 0.028752477839589119 0.69160294719040394 0.15831226482987393
leaf_count=3 3 128 8 2 559 34 4 349 19 894 58 1 17 4
internal_value=-6.97643e-05 0.00728969 -0.0178392 -0.0335253 -0.0384645 0.0217726 0.00975382 -0.0227119 0.0324076 -0.0442078 0.0325759 -0.01833 0.0440876 0.0244441
internal_weight=4.85337 4.07272 1.48907 1.13571 0.780652 2.58365 1.67923 0.690152 0.989075 1.0071 0.353364 0.0904932 0.904419 0.212816
internal_count=2083 1521 966 899 562 555 500 353 147 896 67 59 55 38
is_linear=0
shrinkage=0.05


Tree=115
num_leaves=15
num_cat=0
split_feature=29 8 11 6 2 29 17 14 20 18 17 2 8 2
split_gain=0.521368 0.562319 0.447983 0.386096 0.32264 0.265037 0.466281 0.526325 0.362026 0.216931 0.119933 0.0750432 0.040856 0.155187
threshold=-0.78830060362815846 -0.13578490912914273 0.14337857812643054 -5.41725730895996 0.29692064225673681 0.52245259284973156 0.62597778439521801 0.69716519117355358 -0.51688721776008595 -3.219908475875854 0.39676490426063543 0.32996766269207006 0.52146261930465709 -0.096365340054035173
decision_type=2 2 2 2 2 2 2 2 2 2 2 2 2 2
left_child=4 2 3 -2 -1 6 8 -8 -3 -5 -4 -12 13 -7
right_child=1 5 10 9 -6 12 7 -9 -10 -11 11 -13 -14 -15
leaf_value=0.050090338091039369 0.050122977657855707 -0.020695113889621874 0.050095314550268277 0.050086033939164602 -0.050705943020000643 -0.050162525680081685 0.05015061192356305 -0.050211858431878836 0.050119303212449444 -0.050202361263393336 -0.050181848446754621 0.050081680096490257 0.050125785270968927 0.05012628020128175
leaf_weight=0.090386796742677578 0.12234803661704063 0.24217986926669255 0.2500742133706807 0.057354416698217392 0.65258567774435505 0.051854347693733871 0.17994745261967182 0.47667215176625177 0.70845744386315368 0.90081163175636925 0.058740177773870528 0.027352437376976013 0.65795575082302094 0.15061028487980355
leaf_count=3 3 128 8 2 559 34 4 349 19 894 58 1 17 4
internal_value=-6.83445e-05 0.00727178 -0.0178361 -0.033519 -0.0384435 0.0216861 0.00969685 -0.0227074 0.032079 -0.0441992 0.0325723 -0.0183272 0.0440819 0.0244408
internal_weight=4.62733 3.88436 1.41668 1.08051 0.742972 2.46768 1.60726 0.65662 0.950637 0.958166 0.336167 0.0860926 0.86042 0.202465
internal_count=2083 1521 966 899 562 555 500 353 147 896 67 59 55 38
is_linear=0
shrinkage=0.05


Tree=116
num_leaves=15
num_cat=0
split_feature=29 8 11 6 2 29 17 14 20 18 17 2 8 2
split_gain=0.495526 0.533248 0.426064 0.367201 0.306742 0.2535 0.439954 0.50056 0.346493 0.206312 0.114074 0.0713727 0.0388594 0.147598
threshold=-0.78830060362815846 -0.13578490912914273 0.14337857812643054 -5.41725730895996 0.29692064225673681 0.52245259284973156 0.62597778439521801 0.69716519117355358 -0.51688721776008595 -3.219908475875854 0.39676490426063543 0.32996766269207006 0.52146261930465709 -0.096365340054035173
decision_type=2 2 2 2 2 2 2 2 2 2 2 2 2 2
left_child=4 2 3 -2 -1 6 8 -8 -3 -5 -4 -12 13 -7
right_child=1 5 10 9 -6 12 7 -9 -10 -11 11 -13 -14 -15
leaf_value=0.050085924197378166 0.050116964750482024 -0.019829158855446952 0.0500906567460681 0.050081833027031813 -0.050676268332828268 -0.050154578132581389 0.050143247661311008 -0.050201576357124293 0.050113473634094845 -0.050192743184822392 -0.050173050784421358 0.050077689960290522 0.050119639380681869 0.050120112052409238
leaf_weight=0.085985966026782878 0.11639466881752014 0.24017110787099227 0.2378995120525359 0.054561670869588852 0.62111305742291734 0.04933300067204982 0.17119581252336502 0.45351510378532112 0.6739819869399073 0.85703859053319342 0.0558849370572716 0.026020463556051254 0.6259416863322258 0.14328212291002262
leaf_count=3 3 128 8 2 559 34 4 349 19 894 58 1 17 4
internal_value=-6.69075e-05 0.00725295 -0.0178332 -0.033513 -0.0384232 0.0215954 0.00963719 -0.0227031 0.0317378 -0.044191 0.0325688 -0.0183245 0.0440764 0.0244375
internal_weight=4.41232 3.70522 1.3478 1.02799 0.707099 2.35742 1.53886 0.624711 0.914153 0.9116 0.319805 0.0819054 0.818557 0.192615
internal_count=2083 1521 966 899 562 555 500 353 147 896 67 59 55 38
is_linear=0
shrinkage=0.05


Tree=117
num_leaves=15
num_cat=0
split_feature=6 9 10 19 29 2 15 4 9 0 18 4 11 1
split_gain=0.475714 0.563451 0.435855 0.385171 0.294373 0.925421 0.151045 0.153957 0.11297 0.106657 0.105465 0.0985563 0.053458 0.0232265
threshold=-2.8248937129974361 0.69925817847251903 -0.46008682250976557 1.4802609682083132 0.074197448790073409 -0.063307942822575555 -0.18828821182250974 -0.19728108495473859 -9.0458736419677717 4.9518909454345712 -3.219908475875854 2.3193542957305913 -1.0000000180025095e-35 1.8215302228927615
decision_type=2 2 2 2 2 2 2 2 2 2 2 2 2 2
left_child=13 4 6 11 8 9 7 -3 -2 -6 -10 -4 -7 -1
right_child=1 2 3 -5 5 12 -8 -9 10 -11 -12 -13 -14 -15
leaf_value=0.028650620878730923 0.050091622922175255 0.050100885376539832 -0.050160969793735105 0.048844637815613469 -0.050157200697892868 0.0084022570949319596 0.045941545401995187 -0.050167002677641154 0.050080251698822714 0.050082686569833147 -0.050474854784957973 0.050078230974060979 0.0501191363380055 0.050115922124128402
leaf_weight=0.19117881142301474 0.03066903352737449 0.066382737830281258 0.38252637931145705 0.1549330577836372 0.63788677792763337 0.093339973187539726 0.79959371406584978 0.090444070636294782 0.026874905452132447 0.027688538655638695 0.87708269397262517 0.026201231405138969 0.43322214670479275 0.36977456323802471
leaf_count=16 1 2 355 7 679 47 52 83 1 1 815 1 12 11
internal_value=-6.54552e-05 -0.00665902 0.0165879 -0.0182878 -0.0232745 -0.00680367 0.0371417 -0.00772492 -0.0442834 -0.0459871 -0.0474853 -0.0437352 0.0427243 0.0428003
internal_weight=4.2078 3.64685 1.52008 0.563661 2.12676 1.19214 0.956421 0.156827 0.934627 0.665575 0.903958 0.408728 0.526562 0.560953
internal_count=2083 2056 500 363 1556 739 137 85 817 680 816 356 59 27
is_linear=0
shrinkage=0.05


Tree=118
num_leaves=15
num_cat=0
split_feature=29 8 11 6 2 19 25 10 28 18 24 17 0 2
split_gain=0.448858 0.485144 0.388093 0.335072 0.27801 0.232958 0.356765 0.35889 0.215722 0.186823 0.127231 0.103148 0.0801337 0.0647452
threshold=-0.78830060362815846 -0.13578490912914273 0.14337857812643054 -5.41725730895996 0.29692064225673681 -0.71059945225715626 0.36352898180484777 1.2998840212821963 0.089138273149728789 -3.219908475875854 0.10244867950677873 0.39676490426063543 -2.1151739358901973 0.32996766269207006
decision_type=2 2 2 2 2 2 2 2 2 2 2 2 2 2
left_child=4 2 3 -2 -1 10 7 -7 -8 -5 12 -4 -3 -13
right_child=1 5 11 9 -6 6 8 -9 -10 -11 -12 13 -14 -15
leaf_value=0.050077920844539769 0.050106850875449388 0.050090130184544363 0.050082386229015452 0.050074072004683202 -0.050620927085682457 -0.044558641158822021 -0.050192555627660486 0.048786017985662664 0.041668899050071317 -0.050183262838520162 0.046766420005864055 -0.050156701397148833 -0.05013883061969765 0.050070575160377356
leaf_weight=0.078020129352807888 0.1061847209930421 0.03017156571149826 0.21623069234192371 0.049405155703425518 0.56415721634402871 0.42666254541836657 0.071500769234262407 0.13573060103226453 0.60198208631481975 0.78115622908808291 0.8262146501801908 0.050583194999489933 0.058817964571062809 0.023644916713237762
leaf_count=3 3 1 8 2 559 334 60 5 59 894 46 58 50 1
internal_value=-6.83144e-05 0.00721562 -0.0178701 -0.0335272 -0.0383867 0.0215272 0.00736755 -0.0220304 0.0319164 -0.0442196 0.0406481 0.0326249 -0.0161566 -0.0182299
internal_weight=4.02046 3.37829 1.2272 0.936746 0.642177 2.15108 1.23588 0.562393 0.673483 0.830561 0.915204 0.290459 0.0889895 0.0742281
internal_count=2083 1521 966 899 562 555 458 339 119 896 97 67 51 59
is_linear=0
shrinkage=0.05


Tree=119
num_leaves=15
num_cat=0
split_feature=6 9 0 3 19 26 10 16 23 21 1 2 15 11
split_gain=0.426836 0.510835 0.402472 0.353124 0.237681 0.214166 0.193308 0.357252 0.164094 0.0994943 0.0234162 0.0139869 0.000807636 5.63854e-07
threshold=-2.8248937129974361 1.310424327850342 0.072923470288515105 0.15069170296192172 -0.71059945225715626 1.9323506355285647 -1.0048454999923704 0.91395694017410289 1.8848513364791872 -2.9312502145767207 1.8215302228927615 2.1257698535919194 1.0752291083335879 1.73611456155777
decision_type=2 2 2 2 2 2 2 2 2 2 2 2 2 2
left_child=10 2 8 5 -5 -4 12 13 9 -2 -1 -10 -3 -8
right_child=1 6 3 4 -6 -7 7 -9 11 -11 -12 -13 -14 -15
leaf_value=0.027731239727634895 0.047697115758385325 0.045773845471240547 -0.050146241267011088 0.040529372697431738 -0.0090614732721710691 0.039389381010604886 -0.050144105968863179 0.047500096381742324 0.0074928757376857254 -0.050386537835133027 0.050105117638283118 0.050112012748272462 0.050097273987739055 -0.050394823230820167
leaf_weight=0.17960115062305737 0.026598386117257844 0.16976356058148667 0.41192278132075422 0.49684908828930929 0.47035514452727512 0.079712471226230264 0.15486738714389492 0.19375831307843328 0.039598298724740744 0.92513589607551694 0.33519860543310642 0.037464838474988937 0.29699135199189186 0.026222401531413198
leaf_count=16 2 15 462 58 312 13 152 12 21 989 11 1 10 9
internal_value=-7.07519e-05 -0.00662244 -0.0180144 -0.00112533 0.0164132 -0.0356292 0.0270502 0.000310469 -0.0419632 -0.0476454 0.0422994 0.0282125 0.0485248 -0.0501804
internal_weight=3.84404 3.32924 2.48764 1.45884 0.967204 0.491635 0.841603 0.374848 1.0288 0.951734 0.5148 0.0770631 0.466755 0.18109
internal_count=2083 2056 1858 845 370 475 198 173 1013 991 27 22 25 161
is_linear=0
shrinkage=0.05


Tree=120
num_leaves=15
num_cat=0
split_feature=29 8 11 6 2 29 17 14 20 18 17 2 8 2
split_gain=0.412131 0.443669 0.354874 0.30528 0.25166 0.218477 0.364293 0.420393 0.292911 0.174514 0.0951694 0.0592826 0.0351494 0.112998
threshold=-0.78830060362815846 -0.13578490912914273 0.14337857812643054 -5.41725730895996 0.29692064225673681 0.52245259284973156 0.62597778439521801 0.69716519117355358 -0.51688721776008595 -3.219908475875854 0.39676490426063543 0.32996766269207006 0.42411383986473089 -0.096365340054035173
decision_type=2 2 2 2 2 2 2 2 2 2 2 2 2 2
left_child=4 2 3 -2 -1 6 8 -8 -3 -5 -4 -12 13 -7
right_child=1 5 10 9 -6 12 7 -9 -10 -11 11 -13 -14 -15
leaf_value=0.05007049299455904 0.05009769140873678 -0.019347242330745997 0.050075490965452045 0.050069580585360624 -0.050566329098804298 -0.050125523861404432 0.050119553746848747 -0.050169426841349396 0.050094279945403865 -0.050177544230581198 -0.050142212483624993 0.050064461829515121 0.049730742510895043 0.050114943145822245
leaf_weight=0.070603908970952367 0.096912778913975095 0.20844597875839099 0.19820299372076988 0.046211039647460317 0.51706325804116204 0.039338580274488777 0.14378141611814499 0.38241430115886033 0.559380637481808 0.71715806174324825 0.046596483734901994 0.021602140739560127 0.55318853631615639 0.09853324107825745
leaf_count=3 3 128 8 2 559 33 4 349 19 894 58 1 19 3
internal_value=-7.3186e-05 0.00717923 -0.017881 -0.0334964 -0.0384756 0.0214028 0.00928088 -0.0227658 0.0312426 -0.044109 0.0325455 -0.0184014 0.0441012 0.0215136
internal_weight=3.69943 3.11177 1.12668 0.860282 0.587667 1.98508 1.29402 0.526196 0.767827 0.763369 0.266402 0.0681986 0.69106 0.137872
internal_count=2083 1521 966 899 562 555 500 353 147 896 67 59 55 36
is_linear=0
shrinkage=0.05


Tree=121
num_leaves=13
num_cat=0
split_feature=9 9 26 2 10 16 27 3 22 26 13 11
split_gain=0.395778 0.519582 0.355979 1.04773 0.185259 0.322507 0.180909 0.15011 0.000790092 0.000496577 0.000310869 4.16933e-07
threshold=-2.9842636585235591 1.310424327850342 -0.12384204939007758 0.26510787010192877 -1.0048454999923704 0.91395694017410289 -7.3892269134521475 -2.110163569450378 0.20341677963733676 0.47023221850395208 -2.4964240789413448 1.73611456155777
decision_type=2 2 2 2 2 2 2 2 2 2 2 2
left_child=-1 2 6 7 8 11 -2 -4 -3 -5 -8 -6
right_child=1 4 3 9 5 -7 10 -9 -10 -11 -12 -13
leaf_value=0.048589816325537487 0.050071060651101201 0.050083287233113172 0.04083239529328344 0.047127005469376815 -0.050130528605798023 0.047240532397875498 -0.054312493948022636 -0.041528360361032711 0.045845693993270598 0.050102149545848178 -0.050131643070120219 -0.050357080576144769
leaf_weight=0.37360642408020828 0.047594524919986725 0.30564810521900654 0.059042521577794882 0.23298718320438638 0.14035036804852996 0.17626951093552634 0.047390691062901169 0.87832999206147966 0.1718373863841407 0.35237063094973564 0.71945238320040616 0.023743782367091626
leaf_count=18 2 12 9 12 152 12 5 971 15 11 855 9
internal_value=-7.18347e-05 -0.00583418 -0.0178371 -0.00356612 0.0284667 0.000280758 -0.0445192 -0.0363407 0.0485583 0.048918 -0.05039 -0.0501633
internal_weight=3.52862 3.15502 2.33717 1.52273 0.817849 0.340364 0.814438 0.937373 0.477485 0.585358 0.766843 0.164094
internal_count=2083 2065 1865 1003 200 173 862 980 27 23 860 161
is_linear=0
shrinkage=0.05


Tree=122
num_leaves=13
num_cat=0
split_feature=9 9 26 2 10 16 27 3 22 26 13 11
split_gain=0.375082 0.491486 0.340497 0.987414 0.175683 0.305854 0.172024 0.140375 0.000899735 0.000664222 0.000266766 3.58743e-07
threshold=-2.9842636585235591 1.310424327850342 -0.12384204939007758 0.26510787010192877 -1.0048454999923704 0.91395694017410289 -7.3892269134521475 -2.110163569450378 0.20341677963733676 0.32238425314426428 -2.4964240789413448 1.73611456155777
decision_type=2 2 2 2 2 2 2 2 2 2 2 2
left_child=-1 2 6 7 8 11 -2 -4 -3 -5 -8 -6
right_child=1 4 3 9 5 -7 10 -9 -10 -11 -12 -13
leaf_value=0.048434490407183416 0.050067588006647193 0.050079218849600537 0.040122718572371353 0.046506667804256253 -0.050124165197835913 0.046963617418310448 -0.054088734958362722 -0.040845960278393469 0.045455082112712687 0.050095105575904075 -0.050125250994698924 -0.050339600716629122
leaf_weight=0.35649699653731692 0.045276371762156487 0.29076449386775494 0.057131531240884992 0.20221134956227615 0.1335219217580742 0.16863695270149037 0.045261193707119673 0.84910283883800608 0.16482659138273448 0.35596665553748608 0.68444935185834865 0.022593429021071643
leaf_count=18 2 12 9 11 152 12 5 971 15 12 855 9
internal_value=-6.90784e-05 -0.00579519 -0.0177026 -0.00351935 0.0283763 0.000276464 -0.0445033 -0.0357415 0.0484063 0.0487951 -0.0503711 -0.0501553
internal_weight=3.37624 3.01974 2.2394 1.46441 0.780343 0.324752 0.774987 0.906234 0.455591 0.558178 0.729711 0.156115
internal_count=2083 2065 1865 1003 200 173 862 980 27 23 860 161
is_linear=0
shrinkage=0.05


Tree=123
num_leaves=13
num_cat=0
split_feature=9 9 26 2 10 16 27 2 22 26 13 11
split_gain=0.355351 0.464706 0.325823 0.930014 0.166557 0.289988 0.163578 0.134147 0.0010228 0.000759422 0.000228953 3.08685e-07
threshold=-2.9842636585235591 1.310424327850342 -0.12384204939007758 0.26510787010192877 -1.0048454999923704 0.91395694017410289 -7.3892269134521475 -0.096365340054035173 0.20341677963733676 0.32238425314426428 -2.4964240789413448 1.73611456155777
decision_type=2 2 2 2 2 2 2 2 2 2 2 2
left_child=-1 2 6 7 8 11 -2 -4 -3 -5 -8 -6
right_child=1 4 3 9 5 -7 10 -9 -10 -11 -12 -13
leaf_value=0.048265168244475673 0.050064289414283619 0.050075352046246746 -0.046017622948093591 0.046165390988744427 -0.050118111664975762 0.046663567747554695 -0.053877216038059644 -5.1158288226330783e-05 0.04503492960899521 0.050090458617586681 -0.050119167532214397 -0.050322981132197277
leaf_weight=0.34027072577737305 0.04307098314166069 0.27660456299781799 0.66901206635520871 0.19373610190814361 0.1270249341323505 0.16141837072791532 0.04321853129658848 0.20809178426861641 0.15821435942780226 0.33863657526671886 0.6511453966377313 0.021498453279491514
leaf_count=18 2 12 867 11 152 12 5 113 15 12 855 9
internal_value=-6.62015e-05 -0.00575348 -0.017559 -0.00346982 0.0282782 0.000271796 -0.0444881 -0.0351121 0.0482413 0.0486621 -0.0503531 -0.0501478
internal_weight=3.23194 2.89167 2.14691 1.40948 0.744761 0.309942 0.737435 0.877104 0.434819 0.532373 0.694364 0.148523
internal_count=2083 2065 1865 1003 200 173 862 980 27 23 860 161
is_linear=0
shrinkage=0.05


Tree=124
num_leaves=15
num_cat=0
split_feature=12 7 1 1 7 18 26 25 19 7 6 2 15 24
split_gain=0.338512 0.437865 0.435802 0.28224 0.246575 0.219627 0.197496 0.196012 0.139905 0.0205784 0.0192791 0.018543 0.00228548 3.61518e-06
threshold=-2.5833355188369747 -0.93480664491653431 0.61588951945304882 -0.77561968564987172 0.17104720324277881 -1.1756813526153562 1.83898401260376 -0.93424844741821278 -0.8747955560684203 1.5179691910743716 0.13416869193315509 1.5547885894775393 -2.7919527292251582 0.4070225208997727
decision_type=2 2 2 2 2 2 2 2 2 2 2 2 2 2
left_child=12 3 6 10 8 -5 7 -3 -4 -6 -2 -8 -1 -12
right_child=1 2 4 5 9 -7 11 -9 -10 -11 13 -13 -14 -15
leaf_value=0.050097712832128105 0.024477093205776956 0.03610281637195159 0.050133464519083529 0.036583320544454893 0.025525338387728875 -0.050081799668192928 0.0076825080399353582 -0.045907113516273634 -0.05012268598480904 0.049106498630067399 0.050086706784388701 0.05008575753396613 0.04130944649065544 0.049801487451851881
leaf_weight=0.22735869325697422 0.088759197067702189 0.077830312075093722 0.044602323323488235 0.12392970122164115 0.1516626552620437 0.17824720381759185 0.046795742033282184 1.1409471602237307 0.15829832636518393 0.23723265202715993 0.25646316073834896 0.057415472343564034 0.1096620254684243 0.19601086573675275
leaf_count=8 19 18 1 16 40 250 29 1439 209 12 10 2 19 11
internal_value=-6.56535e-05 -0.00584565 -0.0190673 0.0241714 0.016598 -0.0145384 -0.0350211 -0.04067 -0.028084 0.0399102 0.0457836 0.0310447 0.0472381 0.0499632
internal_weight=3.09522 2.75819 1.91478 0.84341 0.591796 0.302177 1.32299 1.21878 0.202901 0.388895 0.541233 0.104211 0.337021 0.452474
internal_count=2083 2056 1750 306 262 266 1488 1457 210 52 40 31 27 21
is_linear=0
shrinkage=0.05


Tree=125
num_leaves=15
num_cat=0
split_feature=29 8 11 6 2 29 2 17 4 15 18 17 2 29
split_gain=0.321551 0.35622 0.28008 0.249414 0.19967 0.177568 0.292291 0.308137 0.281001 0.141018 0.136972 0.0772002 0.0466199 0.0229261
threshold=-0.78830060362815846 -0.13578490912914273 0.14337857812643054 -5.41725730895996 0.29692064225673681 -0.3107521384954452 -0.096365340054035173 0.84823018312454235 1.6211327910423281 -2.3770292997360225 -3.219908475875854 0.39676490426063543 0.32996766269207006 -0.067781321704387651
decision_type=2 2 2 2 2 2 2 2 2 2 2 2 2 2
left_child=4 2 3 -2 -1 8 7 -7 9 -3 -5 -4 -13 -8
right_child=1 5 11 10 -6 6 13 -9 -10 -11 -12 12 -14 -15
leaf_value=0.05005612165661763 0.050079773393156293 0.046682828092998348 0.050059834831842835 0.050054523903877671 -0.050446531633511066 0.050082221204923588 0.023695924873284886 -0.050138833893515568 0.046827574652542121 -0.050127223679807154 -0.05014519182404914 -0.05011411287235569 0.050050193941951787 0.050075112166186778
leaf_weight=0.056226193904877042 0.079152630642056909 0.044494508823845536 0.15710110403597355 0.036247581243515459 0.4082223974110093 0.12958809174597252 0.092666408629156649 0.18790109702968039 0.16408253106055781 0.24332620610948641 0.57741814426844928 0.03749892461928539 0.016830770298838615 0.74097711034119074
leaf_count=3 3 4 8 2 559 5 31 238 10 235 894 58 1 32
internal_value=-6.56428e-05 0.00701311 -0.01808 -0.0334524 -0.0382797 0.0211678 0.0315943 -0.00923207 -0.00539175 -0.0351613 -0.0442267 0.0322924 -0.0190843 0.0471428
internal_weight=2.97173 2.50729 0.904249 0.692818 0.464449 1.60304 1.15113 0.317489 0.451903 0.287821 0.613666 0.211431 0.0543297 0.833644
internal_count=2083 1521 966 899 562 555 306 243 249 239 896 67 59 63
is_linear=0
shrinkage=0.05


Tree=126
num_leaves=12
num_cat=0
split_feature=27 22 24 0 16 5 2 0 16 12 3
split_gain=0.306128 0.490682 0.341377 0.262516 0.28384 0.231949 0.0938255 0.0813773 0.0523904 1.38297e-05 1.37748e-06
threshold=-2.8559880256652828 -0.81253510713577259 0.10244867950677873 4.9518909454345712 1.9616814255714419 0.96582660079002391 -1.1779774427413938 2.9666326045989995 -0.13454373925924298 2.9010256528854375 2.0035228133201604
decision_type=2 2 2 2 2 2 2 2 2 2 2
left_child=-1 2 7 4 5 -3 10 9 -8 -2 -4
right_child=1 3 6 -5 -6 -7 8 -9 -10 -11 -12
leaf_value=0.049143693219118198 -0.050078315771897176 -0.047355680061687923 -0.050061187654825812 0.05007563727767033 0.045613122121587593 -0.0028164756633314628 0.048178835940084958 0.050069119097668473 0.0098297888614749772 -0.051562506100390385 -0.050828250438195201
leaf_weight=0.28430384746752713 0.14159967459272671 0.97442297454108417 0.020079558802535757 0.1172247827053069 0.12176513217855234 0.41758045100141317 0.60140290559502319 0.023158058524131775 0.10454108560224995 0.017652004957199097 0.0082606272771954536
leaf_count=18 223 1460 34 5 7 237 37 1 57 3 1
internal_value=-6.67218e-05 -0.00555826 0.0237109 -0.0220089 -0.0275911 -0.0339946 0.0389188 -0.0375076 0.0424998 -0.0502428 -0.0502848
internal_weight=2.83199 2.54769 0.916694 1.63099 1.51377 1.392 0.734284 0.18241 0.705944 0.159252 0.0283402
internal_count=2083 2065 356 1709 1704 1697 129 227 94 226 35
is_linear=0
shrinkage=0.05


Tree=127
num_leaves=15
num_cat=0
split_feature=29 8 11 6 2 29 2 17 4 15 18 17 2 29
split_gain=0.304769 0.324508 0.25194 0.23328 0.181434 0.16124 0.266364 0.279642 0.256628 0.127705 0.124177 0.0699923 0.0422579 0.018759
threshold=-0.78830060362815846 -0.13578490912914273 0.14337857812643054 -5.41725730895996 0.29692064225673681 -0.3107521384954452 -0.096365340054035173 0.84823018312454235 1.6211327910423281 -2.3770292997360225 -3.219908475875854 0.39676490426063543 0.32996766269207006 -1.0000000180025095e-35
decision_type=2 2 2 2 2 2 2 2 2 2 2 2 2 2
left_child=4 2 3 -2 -1 8 7 -7 9 -3 -5 -4 -13 -8
right_child=1 5 11 10 -6 6 13 -9 -10 -11 -12 12 -14 -15
leaf_value=0.050050820616717756 0.050075273862840136 0.046354648120215808 0.050054218803531184 0.050049407975620734 -0.050430808589525034 0.05007442207404033 0.027324963883096506 -0.05012883495013383 0.046526603639829078 -0.050116163101868477 -0.050132098481187749 -0.050103576817215847 0.050045501175764201 0.050069567830042287
leaf_weight=0.050927076488733625 0.074300311505794969 0.040592438715975732 0.14240514673292637 0.032867175526917425 0.38117148278979585 0.11737440899014462 0.10497903142822906 0.17116070180782117 0.1517870735260658 0.22147404775023449 0.52530363123514678 0.034008960821665823 0.015258967876434326 0.66441636905074064
leaf_count=3 3 4 8 2 559 5 32 238 10 235 894 58 1 31
internal_value=-6.51982e-05 0.00718489 -0.0179354 -0.0331541 -0.0385881 0.0212513 0.0316022 -0.00936673 -0.00520871 -0.0351734 -0.044233 0.0322823 -0.019086 0.0469662
internal_weight=2.72803 2.29593 0.824144 0.632471 0.432099 1.47178 1.05793 0.288535 0.413854 0.262066 0.558171 0.191673 0.0492679 0.769395
internal_count=2083 1521 966 899 562 555 306 243 249 239 896 67 59 63
is_linear=0
shrinkage=0.05


Tree=128
num_leaves=15
num_cat=0
split_feature=29 8 11 6 2 29 17 20 2 18 17 2 8 22
split_gain=0.28969 0.307828 0.239627 0.221877 0.172526 0.153021 0.261768 0.172037 0.157951 0.118106 0.0665754 0.0401936 0.02313 0.0457154
threshold=-0.78830060362815846 -0.13578490912914273 0.14337857812643054 -5.41725730895996 0.29692064225673681 0.52245259284973156 0.82450196146965038 -0.90943792462348927 0.57844558358192455 -3.219908475875854 0.39676490426063543 0.32996766269207006 0.52146261930465709 1.987090051174164
decision_type=2 2 2 2 2 2 2 2 2 2 2 2 2 2
left_child=4 2 3 -2 -1 6 7 -3 -8 -5 -4 -12 13 -7
right_child=1 5 10 9 -6 12 8 -9 -10 -11 11 -13 -14 -15
leaf_value=0.050048341785350642 0.050071597323936672 -0.050081086429850957 0.050051572452962538 0.050046997013695298 -0.050411509273468082 -0.016017878385232168 -0.050122837691423651 0.034921028242750535 0.050074746908054357 -0.050125783284676984 -0.050098547083195367 0.050043279780309403 0.050070119380572736 0.049371741506536955
leaf_weight=0.048445672728121614 0.07068170048296496 0.066229042771738023 0.13546694908291101 0.031265692785382715 0.36271684322855435 0.043450073309941217 0.22097404973465018 0.58806988393189319 0.047848910093307495 0.49974563706200559 0.032353490183595568 0.014515407383441925 0.36898803059011698 0.06945693091256544
leaf_count=3 3 98 8 2 559 34 300 100 2 894 58 1 17 4
internal_value=-6.65276e-05 0.00716636 -0.0179335 -0.0331502 -0.0385747 0.0211726 0.00925052 0.026317 -0.0322883 -0.0442277 0.0322804 -0.0190844 0.0440106 0.0242078
internal_weight=2.60021 2.18905 0.784029 0.601693 0.411163 1.40502 0.923122 0.654299 0.268823 0.531011 0.182336 0.0468689 0.481895 0.112907
internal_count=2083 1521 966 899 562 555 500 198 302 896 67 59 55 38
is_linear=0
shrinkage=0.05


Tree=129
num_leaves=15
num_cat=0
split_feature=29 8 11 6 2 29 2 17 4 15 18 17 2 29
split_gain=0.275067 0.290036 0.227918 0.211033 0.164057 0.152346 0.240032 0.255453 0.237934 0.117635 0.112333 0.0633255 0.0382302 0.0191738
threshold=-0.78830060362815846 -0.13578490912914273 0.14337857812643054 -5.41725730895996 0.29692064225673681 -0.3107521384954452 -0.096365340054035173 0.84823018312454235 1.6211327910423281 -2.3770292997360225 -3.219908475875854 0.39676490426063543 0.32996766269207006 -1.0000000180025095e-35
decision_type=2 2 2 2 2 2 2 2 2 2 2 2 2 2
left_child=4 2 3 -2 -1 8 7 -7 9 -3 -5 -4 -13 -8
right_child=1 5 11 10 -6 6 13 -9 -10 -11 -12 12 -14 -15
leaf_value=0.050045982026519942 0.050068102152784878 0.046064264363765983 0.050049054951945497 0.050044702717065417 -0.050393000187802406 0.050068159437707919 0.026362494434062706 -0.050117015339415184 0.046239802923036109 -0.050109928614868599 -0.050119764200751697 -0.050093759971047563 0.050041166760482925 0.050063186437966659
leaf_weight=0.046085068024695253 0.067239090800285783 0.037541939003858715 0.128866464830935 0.029742176644504514 0.34515046948217787 0.10750196501612663 0.099349580064881593 0.15590058345696889 0.14036900957580656 0.20770778338192031 0.47542840454843815 0.030778458720305935 0.013808051124215126 0.60492951236665182
leaf_count=3 3 4 8 2 559 5 32 238 10 235 894 58 1 31
internal_value=-7.09386e-05 0.00710289 -0.0179317 -0.0331465 -0.0385619 0.0209005 0.0314907 -0.00922864 -0.00567463 -0.0353879 -0.0442225 0.0322785 -0.0190829 0.0467198
internal_weight=2.4904 2.09916 0.745863 0.57241 0.391236 1.3533 0.967682 0.263403 0.385619 0.24525 0.505171 0.173453 0.0445865 0.704279
internal_count=2083 1521 966 899 562 555 306 243 249 239 896 67 59 63
is_linear=0
shrinkage=0.05


Tree=130
num_leaves=15
num_cat=0
split_feature=29 8 11 6 2 16 2 10 18 22 6 17 2 21
split_gain=0.261458 0.275087 0.216781 0.20072 0.156006 0.144968 0.229282 0.294012 0.106842 0.0630349 0.0985713 0.0602344 0.0363629 0.00382676
threshold=-0.78830060362815846 -0.13578490912914273 0.14337857812643054 -5.41725730895996 0.29692064225673681 -0.77325308322906483 1.0509262681007387 1.2998840212821963 -3.219908475875854 -0.48891320824623102 -2.1894638538360591 0.39676490426063543 0.32996766269207006 0.36473542451858526
decision_type=2 2 2 2 2 2 2 2 2 2 2 2 2 2
left_child=4 2 3 -2 -1 9 7 -7 -5 13 -11 -4 -13 -3
right_child=1 5 11 8 -6 6 -8 -9 -10 10 -12 12 -14 -15
leaf_value=0.050043736019475808 0.050064775054905079 0.039760596339030486 0.050046659843653973 0.050042520868140095 -0.0503752548635093 -0.03654528100864661 0.049518561351699686 0.046787499860182165 -0.050114028328314353 0.050053450686043388 -0.050136692907345015 -0.050089205913942718 0.050039156258318451 0.050073019414581345
leaf_weight=0.043839388526976442 0.063963942229748216 0.12142946387757547 0.1225872915238142 0.028292835690081564 0.32843002304434776 0.36179446335881882 0.2135545740602538 0.14961719611892477 0.45229194752755564 0.052754521369934082 0.045916847186163068 0.029279970709467307 0.013135138899087906 0.3471251493319869
leaf_count=3 3 17 8 2 559 441 11 12 894 3 54 58 1 17
internal_value=-7.23297e-05 0.0070834 -0.01793 -0.033143 -0.0385497 0.0208184 0.00600476 -0.0121657 -0.0442176 0.0397516 0.00342984 0.0322768 -0.0190814 0.0474005
internal_weight=2.37401 2.00174 0.709551 0.544549 0.372269 1.29219 0.724966 0.511412 0.480585 0.567226 0.0986714 0.165002 0.0424151 0.468555
internal_count=2083 1521 966 899 562 555 464 453 896 91 57 67 59 34
is_linear=0
shrinkage=0.05


Tree=131
num_leaves=15
num_cat=0
split_feature=29 8 11 6 2 29 2 17 4 15 18 17 2 29
split_gain=0.248429 0.259936 0.20619 0.190911 0.148352 0.140177 0.216774 0.236434 0.216175 0.106689 0.101621 0.0572942 0.034587 0.0241697
threshold=-0.78830060362815846 -0.13578490912914273 0.14337857812643054 -5.41725730895996 0.29692064225673681 -0.3107521384954452 -0.096365340054035173 0.84823018312454235 1.6211327910423281 -2.3770292997360225 -3.219908475875854 0.39676490426063543 0.32996766269207006 -0.067781321704387651
decision_type=2 2 2 2 2 2 2 2 2 2 2 2 2 2
left_child=4 2 3 -2 -1 8 7 -7 9 -3 -5 -4 -13 -8
right_child=1 5 11 10 -6 6 13 -9 -10 -11 -12 12 -14 -15
leaf_value=0.050041600497167674 0.050061611520064692 0.045673754564185778 0.050044381928102045 0.050040444643313101 -0.050358248208275162 0.05006468059166265 0.020628332376252983 -0.050107479112911572 0.0458332358571059 -0.050101307559932841 -0.050108562844519547 -0.05008487064015904 0.050037245463551462 0.050057088066223922
leaf_weight=0.041703051887452935 0.060848131775856018 0.034302661428228021 0.11661381181329489 0.026914066635072231 0.31251515145413578 0.099953554570674896 0.079609192034695297 0.14343641197774559 0.12815526413032785 0.19088227488100529 0.43027915415586937 0.027854319487232715 0.012494995258748531 0.56450027506798439
leaf_count=3 3 4 8 2 559 5 31 238 10 235 894 58 1 32
internal_value=-7.01076e-05 0.00704216 -0.0179284 -0.0331397 -0.0385379 0.0206259 0.0312297 -0.00896953 -0.00600823 -0.0355118 -0.044213 0.0322751 -0.01908 0.0464198
internal_weight=2.27006 1.91584 0.675004 0.518041 0.354218 1.24084 0.887499 0.24339 0.35334 0.225185 0.457193 0.156963 0.0403493 0.644109
internal_count=2083 1521 966 899 562 555 306 243 249 239 896 67 59 63
is_linear=0
shrinkage=0.05


Tree=132
num_leaves=15
num_cat=0
split_feature=29 8 11 6 2 16 2 16 18 22 6 17 2 21
split_gain=0.236143 0.246529 0.196117 0.181583 0.141076 0.133178 0.208099 0.270948 0.096655 0.0570763 0.0894663 0.0544977 0.0328979 0.00405004
threshold=-0.78830060362815846 -0.13578490912914273 0.14337857812643054 -5.41725730895996 0.29692064225673681 -0.77325308322906483 1.0509262681007387 0.91395694017410289 -3.219908475875854 -0.48891320824623102 -2.1894638538360591 0.39676490426063543 0.32996766269207006 0.36473542451858526
decision_type=2 2 2 2 2 2 2 2 2 2 2 2 2 2
left_child=4 2 3 -2 -1 9 7 -7 -5 13 -11 -4 -13 -3
right_child=1 5 11 8 -6 6 -8 -9 -10 10 -12 12 -14 -15
leaf_value=0.05003956932051784 0.050058602734342907 0.039000108428769699 0.050042215089013797 0.050038469783293731 -0.050341955332951965 -0.050074838199207196 0.049455994751332624 0.025552494689178737 -0.050103354428414487 0.050048362348270141 -0.050124120443926695 -0.050080746454874397 0.05003542793957453 0.050066672079084988
leaf_weight=0.039670739322901105 0.057883923873305321 0.11196177054080181 0.11093117203563452 0.025602436624467373 0.29736739493091591 0.23566242674132742 0.1936106258071959 0.23807776108151302 0.40933566447347436 0.047738555818796158 0.041812138602836058 0.026497975370148197 0.011886028572916985 0.31606079824268818
leaf_count=3 3 17 8 2 559 382 11 71 894 3 54 58 1 17
internal_value=-7.13535e-05 0.0070225 -0.0179268 -0.0331365 -0.0385266 0.0205431 0.00578096 -0.0120684 -0.0442086 0.0395771 0.0032768 0.0322735 -0.0190787 0.0471719
internal_weight=2.1641 1.82706 0.642137 0.492822 0.337038 1.18492 0.667351 0.47374 0.434938 0.517573 0.0895507 0.149315 0.038384 0.428023
internal_count=2083 1521 966 899 562 555 464 453 896 91 57 67 59 34
is_linear=0
shrinkage=0.05


Tree=133
num_leaves=15
num_cat=0
split_feature=29 8 11 6 2 14 2 17 17 18 17 0 2 8
split_gain=0.22431 0.23279 0.186537 0.172712 0.134158 0.127667 0.296323 0.196162 0.176635 0.0919322 0.0518378 0.0426645 0.0312913 0.00953147
threshold=-0.78830060362815846 -0.13578490912914273 0.14337857812643054 -5.41725730895996 0.29692064225673681 0.76992845535278331 0.77317374944686901 0.62597778439521801 -0.75642025470733631 -3.219908475875854 0.39676490426063543 4.9518909454345712 0.32996766269207006 0.52146261930465709
decision_type=2 2 2 2 2 2 2 2 2 2 2 2 2 2
left_child=4 2 3 -2 -1 8 7 -7 11 -5 -4 -3 -12 -10
right_child=1 5 10 9 -6 6 -8 -9 13 -11 12 -13 -14 -15
leaf_value=0.050037639233882929 0.050055740872671152 -0.050077403520559997 0.050040154234977707 0.050036593750667151 -0.050326351501789206 0.050061749641035873 0.050055125297911507 -0.050103769594578546 0.036810130025315239 -0.050098392428942574 -0.050076820591725281 0.05003762058159783 0.050033701250660811 0.050056554238607859
leaf_weight=0.037737394683063363 0.055063961073756218 0.067870392085751519 0.10552523005753756 0.024354681372642517 0.28295011058798991 0.061380170285701752 0.18979871366173029 0.23998475138796493 0.22581947623984844 0.38940972500131477 0.025207579776179045 0.012620438821613789 0.011306720785796642 0.34066807385534048
leaf_count=3 3 108 8 2 559 3 11 365 47 894 58 1 1 20
internal_value=-7.47309e-05 0.00697359 -0.0179253 -0.0331335 -0.0385159 0.0203374 0.00111787 -0.0297027 0.0349283 -0.0442043 0.032272 -0.03438 -0.0190774 0.0447761
internal_weight=2.0697 1.74901 0.610868 0.468828 0.320688 1.13814 0.491164 0.301365 0.646978 0.413764 0.14204 0.0804908 0.0365143 0.566488
internal_count=2083 1521 966 899 562 555 379 368 176 896 67 109 59 67
is_linear=0
shrinkage=0.05


Tree=134
num_leaves=15
num_cat=0
split_feature=29 8 11 6 2 16 5 21 18 21 25 17 2 22
split_gain=0.213194 0.220636 0.177425 0.164274 0.12758 0.122726 0.189648 0.24732 0.0874406 0.0522401 0.0541737 0.0493079 0.0297634 0.0106439
threshold=-0.78830060362815846 -0.13578490912914273 0.14337857812643054 -5.41725730895996 0.29692064225673681 -0.77325308322906483 0.95131272077560436 -1.3244460225105283 -3.219908475875854 0.15580447763204577 -0.63836318254470814 0.39676490426063543 0.32996766269207006 -0.62866997718811024
decision_type=2 2 2 2 2 2 2 2 2 2 2 2 2 2
left_child=4 2 3 -2 -1 9 7 -7 -5 10 -3 -4 -13 -11
right_child=1 5 11 8 -6 6 -8 -9 -10 13 -12 12 -14 -15
leaf_value=0.050035804529939533 0.050053021728231131 0.050035708949263492 0.050038195043727654 0.050034808478795448 -0.050311412369264036 0.038866098438395544 0.048734979946670864 -0.040001611922470474 -0.050093664831852638 0.050057682199496661 -0.050102458455193358 -0.050073086677300482 0.050032055361735175 0.031563924875683019
leaf_weight=0.035898203030228726 0.052381235174834506 0.023959245532751083 0.1003825357183814 0.023167694918811099 0.26922837877646089 0.15328060602769256 0.17989129025954753 0.28280100610572823 0.37045206388575058 0.31337373703718185 0.030956676753703505 0.023979934747330844 0.010755630210042 0.10349799317191355
leaf_count=3 3 2 8 2 559 32 12 420 894 19 43 58 1 27
internal_value=-7.6848e-05 0.00694919 -0.0179239 -0.0331306 -0.0385055 0.0202373 0.00553908 -0.01228 -0.0442003 0.0394274 -0.00641322 0.0322706 -0.0190762 0.0454662
internal_weight=1.97401 1.66888 0.581119 0.446001 0.305127 1.08776 0.615973 0.436082 0.39362 0.471788 0.0549159 0.135118 0.0347356 0.416872
internal_count=2083 1521 966 899 562 555 464 452 896 91 45 67 59 46
is_linear=0
shrinkage=0.05


Tree=135
num_leaves=12
num_cat=0
split_feature=27 22 24 0 16 5 2 0 16 12 3
split_gain=0.20326 0.313234 0.218162 0.176666 0.189057 0.159028 0.0590271 0.0551036 0.0372592 3.62878e-06 3.58385e-07
threshold=-2.8559880256652828 -0.81253510713577259 0.10244867950677873 4.9518909454345712 1.9616814255714419 0.96582660079002391 -1.1779774427413938 2.9666326045989995 -0.13454373925924298 2.9010256528854375 2.0035228133201604
decision_type=2 2 2 2 2 2 2 2 2 2 2
left_child=-1 2 7 4 5 -3 10 9 -8 -2 -4
right_child=1 3 6 -5 -6 -7 8 -9 -10 -11 -12
leaf_value=0.049069558458972429 -0.050052247509754191 -0.047178669962381965 -0.050038981285166984 0.05005332211008371 0.04529574777179355 -0.002325240502355008 0.047833269025864558 0.050047120286759797 0.0086757820770479496 -0.050993926814808903 -0.050527207467122803
leaf_weight=0.18930319225182768 0.092725240509025642 0.64945922864717409 0.012802762066712603 0.080022978596389183 0.082813690474722534 0.28404435802076478 0.39373301545856521 0.015799973160028458 0.071832846471806988 0.011499146407004446 0.0053209792822599402
leaf_count=18 223 1460 34 5 7 237 37 1 57 3 1
internal_value=-7.67691e-05 -0.00554927 0.0233728 -0.0214756 -0.0271077 -0.0335308 0.0383454 -0.0369654 0.0417916 -0.0501561 -0.0501823
internal_weight=1.88936 1.70005 0.603714 1.09634 1.01632 0.933504 0.48369 0.120024 0.465566 0.104224 0.0181237
internal_count=2083 2065 356 1709 1704 1697 129 227 94 226 35
is_linear=0
shrinkage=0.05


Tree=136
num_leaves=15
num_cat=0
split_feature=29 8 11 6 2 29 2 17 4 15 18 17 2 29
split_gain=0.202098 0.199801 0.159531 0.15396 0.115944 0.114846 0.177904 0.19268 0.174447 0.0848672 0.079292 0.0447079 0.0269873 0.0174091
threshold=-0.78830060362815846 -0.13578490912914273 0.14337857812643054 -5.41725730895996 0.29692064225673681 -0.3107521384954452 -0.096365340054035173 0.84823018312454235 1.6211327910423281 -2.3770292997360225 -3.219908475875854 0.39676490426063543 0.32996766269207006 -1.0000000180025095e-35
decision_type=2 2 2 2 2 2 2 2 2 2 2 2 2 2
left_child=4 2 3 -2 -1 8 7 -7 9 -3 -5 -4 -13 -8
right_child=1 5 11 10 -6 6 13 -9 -10 -11 -12 12 -14 -15
leaf_value=0.050032424648815049 0.050050370548492776 0.045117275082424135 0.050034618837430149 0.050031548901682349 -0.050300166000644422 0.050052529918410964 0.024389803588209399 -0.050093877677559143 0.045317005980020725 -0.05008505531505604 -0.050085270647121385 -0.050066336412526537 0.050029064268980294 0.050046329471810452
leaf_weight=0.032515501603484265 0.049279869534075038 0.02753655711421743 0.091007421724498272 0.02100936137139775 0.25158417504280806 0.080952322110533714 0.077726736373733729 0.11809537169756368 0.10362751071806997 0.15617462026420981 0.33709473389899391 0.021748853294411674 0.0097540589049458504 0.44270992651581742
leaf_count=3 3 4 8 2 559 5 32 238 10 235 894 58 1 31
internal_value=-7.52077e-05 0.00708716 -0.0177644 -0.032809 -0.038817 0.0201666 0.0308384 -0.00936452 -0.00655516 -0.0358151 -0.0442116 0.0322636 -0.0190744 0.0462146
internal_weight=1.82082 1.53672 0.529894 0.407384 0.2841 1.00682 0.719484 0.199048 0.287339 0.183711 0.358104 0.12251 0.0315029 0.520437
internal_count=2083 1521 966 899 562 555 306 243 249 239 896 67 59 63
is_linear=0
shrinkage=0.05


Tree=137
num_leaves=15
num_cat=0
split_feature=29 8 11 6 2 29 2 17 4 15 18 17 2 29
split_gain=0.192099 0.189436 0.15174 0.14644 0.110262 0.108796 0.167841 0.183268 0.165037 0.0806295 0.0754189 0.0425261 0.0256697 0.0219566
threshold=-0.78830060362815846 -0.13578490912914273 0.14337857812643054 -5.41725730895996 0.29692064225673681 -0.3107521384954452 -0.096365340054035173 0.84823018312454235 1.6211327910423281 -2.3770292997360225 -3.219908475875854 0.39676490426063543 0.32996766269207006 -0.067781321704387651
decision_type=2 2 2 2 2 2 2 2 2 2 2 2 2 2
left_child=4 2 3 -2 -1 8 7 -7 9 -3 -5 -4 -13 -8
right_child=1 5 11 10 -6 6 13 -9 -10 -11 -12 12 -14 -15
leaf_value=0.050030840184790606 0.050047912386190253 0.044676572262272646 0.050032929646986614 0.050030008280409835 -0.050286341774917177 0.050049965658359875 0.019074512797197466 -0.050089318519665776 0.044886717489301418 -0.050080905798097708 -0.05008116490105078 -0.05006310979915729 0.050027647780619092 0.050043773698905128
leaf_weight=0.030930656008422486 0.046878705732524284 0.026445549738127738 0.086571787483990192 0.019985322840511688 0.23937840342114214 0.077008076012134552 0.065973043034318835 0.112345759262098 0.099495022499468178 0.14856989268446341 0.32068005845940217 0.020689449040219188 0.0092786038294434547 0.43199226912111033
leaf_count=3 3 4 8 2 559 5 31 238 10 235 894 58 1 32
internal_value=-7.67584e-05 0.00706502 -0.0177632 -0.0328065 -0.0388073 0.0200772 0.0307046 -0.0093638 -0.00653168 -0.0357627 -0.0442081 0.0322623 -0.0190734 0.0459408
internal_weight=1.73622 1.46591 0.504084 0.387544 0.270309 0.96183 0.687319 0.189354 0.27451 0.175015 0.340665 0.11654 0.0299681 0.497965
internal_count=2083 1521 966 899 562 555 306 243 249 239 896 67 59 63
is_linear=0
shrinkage=0.05


Tree=138
num_leaves=15
num_cat=0
split_feature=29 8 11 6 2 29 2 17 4 15 18 17 2 29
split_gain=0.182597 0.179602 0.14433 0.139288 0.104859 0.103086 0.158359 0.174318 0.156067 0.0765995 0.0717352 0.0404509 0.0244165 0.0228374
threshold=-0.78830060362815846 -0.13578490912914273 0.14337857812643054 -5.41725730895996 0.29692064225673681 -0.3107521384954452 -0.096365340054035173 0.84823018312454235 1.6211327910423281 -2.3770292997360225 -3.219908475875854 0.39676490426063543 0.32996766269207006 -0.067781321704387651
decision_type=2 2 2 2 2 2 2 2 2 2 2 2 2 2
left_child=4 2 3 -2 -1 8 7 -7 9 -3 -5 -4 -13 -8
right_child=1 5 11 10 -6 6 13 -9 -10 -11 -12 12 -14 -15
leaf_value=0.050029339039456514 0.050045574715487262 0.044204046374906769 0.050031322020063135 0.050028542962238354 -0.050273117590759822 0.050047526091674899 0.018253219541891186 -0.050084980932920867 0.044425171927494324 -0.05007695879424208 -0.050077253803369338 -0.050060040288276736 0.050026300011959929 0.050041637583765723
leaf_weight=0.029423011466860882 0.044594435021281131 0.025418012111913413 0.082352209836244583 0.019011169672012218 0.22776216654165182 0.073255827650427818 0.065506672079209238 0.10687561468512286 0.095601441338658333 0.14133491145912558 0.30506352841621276 0.019681588979437947 0.0088263135403394699 0.41094085574150074
leaf_count=3 3 4 8 2 559 5 31 238 10 235 894 58 1 32
internal_value=-7.81413e-05 0.00704268 -0.017762 -0.0328042 -0.0387981 0.0199866 0.0305725 -0.00936311 -0.00650621 -0.0357058 -0.0442048 0.0322612 -0.0190724 0.0456711
internal_weight=1.65565 1.39846 0.479529 0.368669 0.257185 0.918933 0.656579 0.180131 0.262354 0.166753 0.324075 0.11086 0.0285079 0.476448
internal_count=2083 1521 966 899 562 555 306 243 249 239 896 67 59 63
is_linear=0
shrinkage=0.05


Tree=139
num_leaves=15
num_cat=0
split_feature=29 8 11 6 2 19 29 10 21 18 17 2 24 5
split_gain=0.173561 0.170243 0.137282 0.132486 0.0997223 0.0988514 0.159208 0.195399 0.0811896 0.0682317 0.0384769 0.0232246 0.0147327 0.00430632
threshold=-0.78830060362815846 -0.13578490912914273 0.14337857812643054 -5.41725730895996 0.29692064225673681 -0.6089467704296111 0.55047196149826061 1.3874111771583559 -0.74358004331588734 -3.219908475875854 0.39676490426063543 0.32996766269207006 0.10244867950677873 0.85907965898513805
decision_type=2 2 2 2 2 2 2 2 2 2 2 2 2 2
left_child=4 2 3 -2 -1 8 7 -7 -3 -5 -4 -12 -10 -8
right_child=1 5 10 9 -6 6 13 -9 12 -11 11 -13 -14 -15
leaf_value=0.050027907585593889 0.050043350539628211 -0.050094808900826973 0.050029794336984151 0.050027149987249102 -0.050260471480818969 -0.04051037263295168 0.03291533106772563 0.046621458479739843 0.01901496231767736 -0.050073530369254951 -0.050057119160127166 0.050025013310846835 0.048247380288492896 0.050042246570737504
leaf_weight=0.027988814748823754 0.042421376332640537 0.024271229092846625 0.078338177874684334 0.018084474839270004 0.21670721418922767 0.228438032339909 0.054690828023012727 0.089574592740973458 0.04981485937605612 0.29020644006959639 0.018722771463217214 0.0083960592746734619 0.31982131520635448 0.11158260330557823
leaf_count=3 3 37 8 2 559 403 21 11 37 894 58 1 38 8
internal_value=-7.95857e-05 0.00701902 -0.0177609 -0.0328019 -0.0387893 0.0198907 0.00476165 -0.015968 0.038491 -0.0442016 0.03226 -0.0190714 0.0443078 0.0444088
internal_weight=1.57906 1.33436 0.456169 0.350712 0.244696 0.878193 0.484286 0.318013 0.393907 0.308291 0.105457 0.0271188 0.369636 0.166273
internal_count=2083 1521 966 899 562 555 443 414 112 896 67 59 75 29
is_linear=0
shrinkage=0.05


Tree=140
num_leaves=15
num_cat=0
split_feature=29 8 11 6 2 14 2 17 20 0 18 17 2 8
split_gain=0.164883 0.16068 0.130579 0.126017 0.0948381 0.0945488 0.224013 0.14549 0.130737 0.0760112 0.0648995 0.0365994 0.0220909 0.00689248
threshold=-0.78830060362815846 -0.13578490912914273 0.14337857812643054 -5.41725730895996 0.29692064225673681 0.76992845535278331 0.77317374944686901 0.62597778439521801 -0.51688721776008595 4.9518909454345712 -3.219908475875854 0.39676490426063543 0.32996766269207006 0.084086939692497267
decision_type=2 2 2 2 2 2 2 2 2 2 2 2 2 2
left_child=4 2 3 -2 -1 8 7 -7 9 -3 -5 -4 -13 -10
right_child=1 5 11 10 -6 6 -8 -9 13 -11 -12 12 -14 -15
leaf_value=0.050026546262045307 0.050041233639217142 -0.050061698410095334 0.050028339718892714 0.050025826267311661 -0.050248381033963778 0.050045304997867517 0.050042038085836876 -0.050079212218944374 0.032087265507916067 0.050081004352342723 -0.050069983355127835 -0.050054340539498726 0.050023793901082247 0.050039526238125277
leaf_weight=0.026624490506947152 0.040354126133024582 0.062854572664946318 0.074519690126180649 0.017202928662299999 0.20618663054483477 0.045327587984502316 0.14153468888252974 0.18180938514706213 0.064121272764168569 0.027126474305987358 0.27607196712051529 0.017810614910558797 0.0079867681488394737 0.32174567133188248
leaf_count=3 3 127 8 2 559 3 11 365 21 1 894 58 1 27
internal_value=-7.9275e-05 0.00696836 -0.0177599 -0.0327998 -0.0387808 0.0196747 0.000667929 -0.0300983 0.0344005 -0.0198718 -0.0441986 0.032259 -0.0190705 0.0470563
internal_weight=1.51128 1.27847 0.433946 0.333629 0.232811 0.84452 0.368672 0.227137 0.475848 0.089981 0.293275 0.100317 0.0257974 0.385867
internal_count=2083 1521 966 899 562 555 379 368 176 128 896 67 59 48
is_linear=0
shrinkage=0.05


Tree=141
num_leaves=15
num_cat=0
split_feature=29 8 11 6 2 16 2 16 18 22 6 17 2 3
split_gain=0.156768 0.152571 0.124204 0.119863 0.090194 0.0893925 0.14241 0.184886 0.0617303 0.0405946 0.0610877 0.0348135 0.0210125 0.00269247
threshold=-0.78830060362815846 -0.13578490912914273 0.14337857812643054 -5.41725730895996 0.29692064225673681 -0.77325308322906483 1.0509262681007387 0.91395694017410289 -3.219908475875854 -0.48891320824623102 -2.1894638538360591 0.39676490426063543 0.32996766269207006 0.15069170296192172
decision_type=2 2 2 2 2 2 2 2 2 2 2 2 2 2
left_child=4 2 3 -2 -1 9 7 -7 -5 13 -11 -4 -13 -3
right_child=1 5 11 8 -6 6 -8 -9 -10 10 -12 12 -14 -15
leaf_value=0.050025247963980814 0.05003922043953949 0.039370960023984464 0.050026957710660971 0.050024564525663617 -0.05023682453434726 -0.05005353153187652 0.049395534708900117 0.024780213535325887 -0.050066605789727603 0.050032084561406301 -0.050087220256846435 -0.050051696505629607 0.050022635143846111 0.050040237626050865
leaf_weight=0.025326639413833729 0.038387537002563366 0.084103113273158669 0.070887232664972544 0.016364334151148685 0.19617477181600407 0.16342956032895006 0.1307398525532335 0.16675214792485349 0.26262504773330886 0.03170197457075119 0.029332200138014741 0.016942853588261642 0.0075974208302795878 0.19915427500382066
leaf_count=3 3 17 8 2 559 382 11 71 894 3 54 58 1 17
internal_value=-8.01557e-05 0.00695625 -0.0177589 -0.0327977 -0.0387728 0.0196268 0.00522842 -0.0122601 -0.0441957 0.0389028 0.0019161 0.032258 -0.0190697 0.0468724
internal_weight=1.43952 1.21802 0.412804 0.317377 0.221501 0.805213 0.460922 0.330182 0.278989 0.344292 0.0610342 0.0954275 0.0245403 0.283257
internal_count=2083 1521 966 899 562 555 464 453 896 91 57 67 59 34
is_linear=0
shrinkage=0.05


Tree=142
num_leaves=15
num_cat=0
split_feature=29 8 11 6 14 2 17 20 2 0 18 17 2 8
split_gain=0.148913 0.144021 0.11814 0.114011 0.0879875 0.204538 0.134326 0.118464 0.0857781 0.0694543 0.058716 0.0331148 0.0199869 0.00591134
threshold=-0.78830060362815846 -0.13578490912914273 0.14337857812643054 -5.41725730895996 0.76992845535278331 0.77317374944686901 0.62597778439521801 -0.51688721776008595 0.29692064225673681 4.9518909454345712 -3.219908475875854 0.39676490426063543 0.32996766269207006 0.18728440254926684
decision_type=2 2 2 2 2 2 2 2 2 2 2 2 2 2
left_child=8 2 3 -2 7 6 -6 9 -1 -3 -5 -4 -13 -9
right_child=1 4 11 10 5 -7 -8 13 -10 -11 -12 12 -14 -15
leaf_value=0.050024016556741893 0.050037308536636252 -0.050056548917521239 0.050025641436616079 0.050023367422875081 0.050041789134472194 0.050038054718702291 -0.050075179932837055 0.033768659111923248 -0.050225780027712968 0.050074071332635618 -0.050063390037596606 -0.050049179579679415 0.050021527113169845 0.05003621294426247
leaf_weight=0.024092022795230261 0.036516715772449859 0.057340867380844429 0.067431749310344458 0.015566599555313476 0.041845753788948059 0.1282116761431098 0.16804627883539069 0.069509677297901251 0.18664721614914015 0.024812189862132072 0.24983231596706912 0.016117330713314004 0.007227045949548482 0.28406372386962175
leaf_count=3 3 127 8 2 3 11 365 22 559 1 894 58 1 26
internal_value=-8.37047e-05 0.00690432 -0.0177579 -0.0327958 0.0194196 0.000279653 -0.0301151 0.0342712 -0.0387651 -0.0198147 -0.0441929 0.032257 -0.0190689 0.0468381
internal_weight=1.37726 1.16652 0.392692 0.301916 0.77383 0.338104 0.209892 0.435726 0.210739 0.0821531 0.265399 0.0907761 0.0233444 0.353573
internal_count=2083 1521 966 899 555 379 368 176 562 128 896 67 59 48
is_linear=0
shrinkage=0.05


Tree=143
num_leaves=15
num_cat=0
split_feature=29 8 11 6 14 2 17 17 2 18 17 0 8 8
split_gain=0.141582 0.136732 0.112373 0.108444 0.0830893 0.194553 0.127766 0.111964 0.0815791 0.0558491 0.031499 0.0264606 0.0190114 0.00796344
threshold=-0.78830060362815846 -0.13578490912914273 0.14337857812643054 -5.41725730895996 0.76992845535278331 0.77317374944686901 0.62597778439521801 -0.75642025470733631 0.29692064225673681 -3.219908475875854 0.39676490426063543 4.9518909454345712 -0.51005476713180531 0.52146261930465709
decision_type=2 2 2 2 2 2 2 2 2 2 2 2 2 2
left_child=8 2 3 -2 7 6 -6 11 -1 -5 -4 -3 -12 -9
right_child=1 4 10 9 5 -7 -8 13 -10 -11 12 -13 -14 -15
leaf_value=0.050022844618009377 0.050035486608509289 -0.05005137109063601 0.050024390643885287 0.05002222685473573 0.050039750224468195 0.050036198547227108 -0.050071519544363154 0.035028126304584427 -0.050215227682686783 -0.050060328050246385 0.050020479773312421 0.050023181921589381 -0.050046786960139172 0.050035903395087789
leaf_weight=0.022917563561350218 0.03473700676113356 0.04368910874472931 0.064144628588110209 0.014807736035436281 0.039806493557989597 0.12196312937885523 0.15986195605364628 0.15032341261394311 0.17758069204865023 0.23766202022670779 0.0068747191689908496 0.0077818045392632476 0.015331993927247822 0.21454384969547391
leaf_count=3 3 108 8 2 3 11 365 47 559 894 1 1 58 20
internal_value=-8.47363e-05 0.00689112 -0.017757 -0.0327939 0.0193679 0.000279659 -0.030113 0.0341141 -0.0387577 -0.0441903 0.0322561 -0.0349213 -0.0190681 0.0438528
internal_weight=1.31203 1.11153 0.373558 0.287207 0.73797 0.321632 0.199668 0.416338 0.200498 0.25247 0.0863513 0.0514709 0.0222067 0.364867
internal_count=2083 1521 966 899 555 379 368 176 562 896 67 109 59 67
is_linear=0
shrinkage=0.05


Tree=144
num_leaves=15
num_cat=0
split_feature=29 8 11 6 16 2 16 2 18 22 15 17 8 3
split_gain=0.134566 0.129537 0.106887 0.10315 0.0788775 0.122894 0.1615 0.0775864 0.0531223 0.034848 0.0635136 0.0299622 0.0180835 0.00117468
threshold=-0.78830060362815846 -0.13578490912914273 0.14337857812643054 -5.41725730895996 -0.77325308322906483 1.0509262681007387 0.91395694017410289 0.29692064225673681 -3.219908475875854 -0.59063750505447377 2.9195653200149541 0.39676490426063543 -0.51005476713180531 0.15069170296192172
decision_type=2 2 2 2 2 2 2 2 2 2 2 2 2 2
left_child=7 2 3 -2 9 6 -6 -1 -5 13 -11 -4 -13 -3
right_child=1 4 11 8 5 -7 -8 -9 -10 10 -12 12 -14 -15
leaf_value=0.050021729814099136 0.050033754970059713 0.042347463555561606 0.05002320076842609 0.050021141098997461 -0.050047576055113875 0.049323255804448927 0.024085213523101515 -0.050205148193943651 -0.050057412483706924 -0.050077390791130896 0.050027289246776012 0.05001947861815903 -0.050044509489179594 0.050035158761934012
leaf_weight=0.021800335031002871 0.033043977804481872 0.071439302759245038 0.061017672065645456 0.014085852075368055 0.14347321179229755 0.11269008205272257 0.1505649735336192 0.16895303939236328 0.2260839418595425 0.028203124762512743 0.03616184089332819 0.0065395627170801154 0.014584890624973923 0.16321367118507624
leaf_count=3 3 14 8 2 382 11 71 559 894 57 4 1 58 16
internal_value=-8.70734e-05 0.00686345 -0.0177562 -0.0327922 0.0192599 0.00492748 -0.0120872 -0.0387507 -0.0441878 0.038755 0.00616391 0.0322552 -0.0190674 0.0476947
internal_weight=1.25186 1.0611 0.355356 0.273214 0.705746 0.406728 0.294038 0.190753 0.24017 0.299018 0.064365 0.0821421 0.0211245 0.234653
internal_count=2083 1521 966 899 555 464 453 562 896 91 61 67 59 30
is_linear=0
shrinkage=0.05


Tree=145
num_leaves=12
num_cat=0
split_feature=27 22 24 0 16 5 16 18 0 28 12
split_gain=0.128316 0.187064 0.13272 0.113135 0.120188 0.103452 0.0366608 0.0425438 0.0356021 0.00915466 8.13769e-07
threshold=-2.8559880256652828 -0.81253510713577259 0.10244867950677873 4.9518909454345712 1.9616814255714419 0.96582660079002391 0.41935990750789648 -1.307680010795593 2.9666326045989995 0.45660208165645605 2.9010256528854375
decision_type=2 2 2 2 2 2 2 2 2 2 2
left_child=-1 2 8 4 5 -3 9 -8 10 -4 -2
right_child=1 3 6 -5 -6 -7 7 -9 -10 -11 -12
leaf_value=0.048997192202726095 -0.050033853677413725 -0.046990913980827421 0.050027003719562903 0.05003721904187533 0.044858503305420697 -0.0018445323649136274 0.050028760361627858 -0.050088179733911033 0.05003062659872716 0.02806267541114716 -0.050601344812817153
leaf_weight=0.11981188876961835 0.058149154530838021 0.41044714598683629 0.19664581678807735 0.0521086142398417 0.054027368954848498 0.18367552713607438 0.019244716502726078 0.023652668241993524 0.010276703163981438 0.062523906279238872 0.0070871003554202608
leaf_count=18 223 1460 24 5 7 237 2 76 1 27 3
internal_value=-9.04376e-05 -0.00554699 0.02282 -0.0208425 -0.0265409 -0.0330337 0.0376415 -0.0051735 -0.0364691 0.0447282 -0.0500955
internal_weight=1.19765 1.07784 0.37758 0.700259 0.64815 0.594123 0.302067 0.0428974 0.075513 0.25917 0.0652363
internal_count=2083 2065 356 1709 1704 1697 129 78 227 51 226
is_linear=0
shrinkage=0.05


Tree=146
num_leaves=15
num_cat=0
split_feature=29 2 16 21 10 22 27 2 19 13 29 17 5 13
split_gain=0.127144 0.117961 0.159408 0.214655 0.0978556 0.0877373 0.0797264 0.0704966 0.0540852 0.0138321 0.00302432 0.00535554 0.00495482 1.16479e-05
threshold=-0.78830060362815846 0.92421960830688488 -0.80543947219848622 -1.3244460225105283 1.6350780725479128 -0.48891320824623102 -2.5896649360656734 0.29692064225673681 0.82556456327438366 0.079932153224945082 0.55047196149826061 0.81729069352149974 0.23391208052635196 -2.4964240789413448
decision_type=2 2 2 2 2 2 2 2 2 2 2 2 2 2
left_child=7 2 5 8 -5 9 -7 -1 -4 -2 11 12 -3 -9
right_child=1 10 3 4 -6 6 -8 13 -10 -11 -12 -13 -14 -15
leaf_value=0.05001968127140477 0.049836818765084556 0.050020518582662356 -0.02338585753994446 -0.0500418107158523 0.031473088680422277 0.050023193893154821 -0.050059699692968675 -0.051424205852697746 0.048849828967038079 0.021927022007236341 0.050028106896936243 0.050045270552739995 -0.0022376668219378881 -0.050047260729003978
leaf_weight=0.019746738020330667 0.17320490683778189 0.0068878149613738051 0.033697174163535237 0.30382465723960195 0.04189395543653518 0.03024583775550127 0.058165157432085834 0.017246332950890064 0.11217214667703956 0.059692484617698938 0.11741062765941024 0.025636773556470871 0.013283451407914981 0.14032563967339229
leaf_count=3 20 1 78 1129 9 4 184 5 15 43 13 2 23 554
internal_value=-8.85672e-05 0.00698679 -0.000801736 -0.0187024 -0.0401639 0.0265854 -0.0158208 -0.0390374 0.0321627 0.0426834 0.0457769 0.0348805 0.0156068 -0.050198
internal_weight=1.15343 0.976115 0.812896 0.491588 0.345719 0.321308 0.088411 0.177319 0.145869 0.232897 0.163219 0.045808 0.0201713 0.157572
internal_count=2083 1521 1482 1231 1138 251 188 562 93 63 39 26 24 559
is_linear=0
shrinkage=0.05


Tree=147
num_leaves=15
num_cat=0
split_feature=29 8 29 14 14 2 17 20 2 0 10 0 8 13
split_gain=0.1208 0.111838 0.0931268 0.0966978 0.0694997 0.164241 0.107608 0.0929558 0.0670468 0.0575376 0.0562973 0.0235046 0.00699727 1.00142e-05
threshold=-0.78830060362815846 -0.13578490912914273 0.37504898011684423 -0.78695568442344654 0.76992845535278331 0.77317374944686901 0.62597778439521801 -0.51688721776008595 0.29692064225673681 4.9518909454345712 -2.2350782155990596 4.9518909454345712 0.084086939692497267 -2.4964240789413448
decision_type=2 2 2 2 2 2 2 2 2 2 2 2 2 2
left_child=8 2 3 11 7 6 -6 9 -1 -3 -4 -2 -9 -10
right_child=1 4 10 -5 5 -7 -8 12 13 -11 -12 -13 -14 -15
leaf_value=0.050018721616525631 -0.050035162936688971 -0.050046575180924563 0.043716899878609022 0.050022982525320593 0.050033381963881442 0.050030486378902887 -0.05006259471518603 0.02964287067784091 -0.051353231330457508 0.050062026890950878 -0.050058608730719691 0.050020009541351551 0.050028678411023812 -0.050044961048853587
leaf_weight=0.018784029874950647 0.046508088402333669 0.046368970506591722 0.017751826177118346 0.077926884405314922 0.0335052739828825 0.10265621868893504 0.13518153768382035 0.051376022747717798 0.016427319991635159 0.02078801766037941 0.16262222969089635 0.0067174518480896941 0.23296857159584761 0.13348785748530645
leaf_count=3 218 127 6 11 3 11 365 21 5 1 730 1 27 554
internal_value=-8.97621e-05 0.00694095 -0.0175185 0.0145411 0.0191748 0.000165046 -0.0301811 0.0338494 -0.0390306 -0.0190586 -0.0408295 -0.0374075 0.0463453 -0.0501883
internal_weight=1.10307 0.934371 0.311526 0.131152 0.622845 0.271343 0.168687 0.351502 0.168699 0.067157 0.180374 0.0532255 0.284345 0.149915
internal_count=2083 1521 966 230 555 379 368 176 562 128 736 219 48 559
is_linear=0
shrinkage=0.05


Tree=148
num_leaves=15
num_cat=0
split_feature=29 2 16 21 10 22 27 2 19 13 29 17 5 13
split_gain=0.114848 0.106378 0.143256 0.194721 0.0888128 0.0783888 0.0721326 0.0637663 0.049116 0.0137234 0.00295462 0.00508159 0.00453944 8.61021e-06
threshold=-0.78830060362815846 0.92421960830688488 -0.80543947219848622 -1.3244460225105283 1.6350780725479128 -0.48891320824623102 -2.5896649360656734 0.29692064225673681 0.82556456327438366 0.079932153224945082 0.55047196149826061 0.81729069352149974 0.23391208052635196 -2.4964240789413448
decision_type=2 2 2 2 2 2 2 2 2 2 2 2 2 2
left_child=7 2 5 8 -5 9 -7 -1 -4 -2 11 12 -3 -9
right_child=1 10 3 4 -6 6 -8 13 -10 -11 -12 -13 -14 -15
leaf_value=0.050017808672955147 0.049813737285802337 0.05001856284502873 -0.022380385748609906 -0.050038051652462084 0.030497968640790674 0.050020986432957076 -0.050054022357552075 -0.051285867885779803 0.048735251013897057 0.02103063326922279 0.050025430575459912 0.050040963207839344 -0.0021261694003107865 -0.050042772587361187
leaf_weight=0.017868239898234606 0.15697072065086104 0.0062325331382453433 0.031823114259168506 0.27580469832173549 0.039083143055904657 0.027368629816919565 0.05263590240792837 0.015646157567971386 0.10241756660980172 0.056252802460221574 0.10624271398410201 0.023199392948299646 0.012634730635909364 0.12698299008479808
leaf_count=3 20 1 78 1129 9 4 184 5 15 43 13 2 23 554
internal_value=-9.09323e-05 0.00692481 -0.000798731 -0.0185462 -0.0400421 0.0263846 -0.0158195 -0.0390242 0.0318766 0.0422202 0.0455847 0.0343692 0.0150991 -0.0501791
internal_weight=1.05116 0.890666 0.742357 0.449129 0.314888 0.293228 0.0800045 0.160497 0.134241 0.213224 0.148309 0.0420667 0.0188673 0.142629
internal_count=2083 1521 1482 1231 1138 251 188 562 93 63 39 26 24 559
is_linear=0
shrinkage=0.05


Tree=149
num_leaves=15
num_cat=0
split_feature=29 8 11 6 14 2 17 17 2 18 17 0 2 8
split_gain=0.109114 0.101484 0.0857881 0.084182 0.0631465 0.14895 0.097996 0.0835988 0.0606468 0.0423863 0.0238926 0.0207956 0.0141411 0.00712016
threshold=-0.78830060362815846 -0.13578490912914273 0.14337857812643054 -5.41725730895996 0.76992845535278331 0.77317374944686901 0.62597778439521801 -0.75642025470733631 0.29692064225673681 -3.219908475875854 0.39676490426063543 4.9518909454345712 0.32996766269207006 0.52146261930465709
decision_type=2 2 2 2 2 2 2 2 2 2 2 2 2 2
left_child=8 2 3 -2 7 6 -6 11 -1 -5 -4 -3 -12 -9
right_child=1 4 10 9 5 -7 -8 13 -10 -11 12 -13 -14 -15
leaf_value=0.050016937911135234 0.050028007069887671 -0.050039806155398707 0.050019100475712355 0.050016916768459034 0.050030378992810404 0.050027586264075621 -0.050057159590061143 0.033952118718450539 -0.050170405477357211 -0.050052975232598877 -0.050034862150671613 0.050018324682631538 0.050015175309774888 0.050027321516796945
leaf_weight=0.016997083555907011 0.027052247896790504 0.033339442365104333 0.049271100666373968 0.011240491177886724 0.030518840067088604 0.092895887326449156 0.12310981843620539 0.1195010949159041 0.13569605218071956 0.18056975475337822 0.011508932366268709 0.0061509013175964347 0.0050953198224306098 0.16262556193396449
leaf_count=3 3 108 8 2 3 11 365 47 559 894 58 1 1 20
internal_value=-9.21539e-05 0.00687684 -0.0174862 -0.0325431 0.019087 4.7453e-05 -0.0301744 0.033681 -0.039018 -0.0441887 0.0325386 -0.034455 -0.0193327 0.0432183
internal_weight=1.00557 0.852879 0.284738 0.218862 0.568142 0.246525 0.153629 0.321617 0.152693 0.19181 0.0658754 0.0394903 0.0166043 0.282127
internal_count=2083 1521 966 899 555 379 368 176 562 896 67 109 59 67
is_linear=0
shrinkage=0.05


Tree=150
num_leaves=15
num_cat=0
split_feature=29 8 11 6 29 14 17 20 2 18 17 2 2 15
split_gain=0.103705 0.096109 0.0816008 0.0800727 0.0592827 0.106285 0.100718 0.0691598 0.0576806 0.0403171 0.022727 0.013451 0.00222028 0.00341763
threshold=-0.78830060362815846 -0.13578490912914273 0.14337857812643054 -5.41725730895996 0.64400443434715282 0.83151498436927807 0.64405623078346264 -0.90943792462348927 0.29692064225673681 -3.219908475875854 0.39676490426063543 0.32996766269207006 0.64633366465568554 4.6740522384643564
decision_type=2 2 2 2 2 2 2 2 2 2 2 2 2 2
left_child=8 2 3 -2 5 7 -7 -3 -1 -5 -4 -12 13 -6
right_child=1 4 10 9 12 6 -8 -9 -10 -11 11 -13 -14 -15
leaf_value=0.050016112567064813 0.05002663834507879 -0.050033593487469712 0.050018168838593759 0.050016091888642589 0.0217532364536724 0.050034015065060902 -0.050056347324949284 0.036538563164219225 -0.050162352546942228 -0.050050415487364108 -0.05003316323524909 0.050014435160562955 0.050025823988889384 0.050022597108834103
leaf_weight=0.016168386209756136 0.025733579881489277 0.025617093953769654 0.046868972480297089 0.010692458134144545 0.02048838950577192 0.032944634556770325 0.10601616134226788 0.23196700646076351 0.12909827767725801 0.17177182831801474 0.010947997376206331 0.004846888128668069 0.10420221649110317 0.022358722984790802
leaf_count=3 3 98 8 2 17 3 325 96 559 894 58 1 13 3
internal_value=-9.46164e-05 0.00684676 -0.0174855 -0.0325416 0.018971 0.00891601 -0.0263271 0.0279288 -0.0390123 -0.0441865 0.0325379 -0.0193321 0.0460861 0.0365049
internal_weight=0.959723 0.814456 0.270862 0.208198 0.543594 0.396545 0.138961 0.257584 0.145267 0.182464 0.0626639 0.0157949 0.147049 0.0428471
internal_count=2083 1521 966 899 555 522 328 194 562 896 67 59 33 20
is_linear=0
shrinkage=0.05


Tree=151
num_leaves=15
num_cat=0
split_feature=12 7 1 1 7 18 26 25 12 16 6 2 13 16
split_gain=0.099208 0.112459 0.131191 0.0833718 0.0712204 0.0637313 0.0605549 0.060572 0.0512756 0.017442 0.0058986 0.00490718 0.00354708 0.000609613
threshold=-2.5833355188369747 -0.93480664491653431 0.61588951945304882 -0.77561968564987172 0.4497408419847489 -1.6928539276123045 1.83898401260376 -0.93424844741821278 1.1306886672973635 -0.69984301924705494 0.13416869193315509 1.5547885894775393 -0.58171984553337086 0.30529542267322546
decision_type=2 2 2 2 2 2 2 2 2 2 2 2 2 2
left_child=13 3 6 10 8 -5 7 -3 -4 -7 -2 -8 -6 -1
right_child=1 2 4 5 12 9 11 -9 -10 -11 -12 -13 -14 -15
leaf_value=0.05002959088188258 0.024528860791400306 0.035198653743679455 -0.050039170299451791 0.050021724757739777 0.029479953446031451 0.044321742654390567 0.010463275318740417 -0.045298315756134577 0.042246864788491961 -0.050043764740851759 0.049890501238750877 0.050026078399829511 0.048756579012605439 0.041856045732108792
leaf_weight=0.063758602365851402 0.028093521963455714 0.025100858809310012 0.049006125496816821 0.026450284756720066 0.035009530445677228 0.0053408795210998497 0.014194172254065052 0.33884475282684434 0.021723523808759637 0.058888689454761334 0.12464805933996104 0.017502653412520885 0.0749628399789799 0.035522222809959203
leaf_count=8 19 18 221 4 20 3 29 1439 11 259 21 2 10 19
internal_value=-9.97235e-05 -0.00581664 -0.0178521 0.0226794 0.017446 -0.0152978 -0.0339738 -0.0397465 -0.0216949 -0.042197 0.0452258 0.0323094 0.0426199 0.0471051
internal_weight=0.919047 0.819766 0.576344 0.243421 0.180702 0.0906799 0.395642 0.363946 0.0707296 0.0642296 0.152742 0.0316968 0.109972 0.0992808
internal_count=2083 2056 1750 306 262 266 1488 1457 232 262 40 31 30 27
is_linear=0
shrinkage=0.05


Tree=152
num_leaves=15
num_cat=0
split_feature=29 2 16 21 10 29 2 17 19 29 17 5 13 7
split_gain=0.0946495 0.0884707 0.119081 0.161072 0.076127 0.0662845 0.0523588 0.0441663 0.0416847 0.00262436 0.00441197 0.00380174 4.8152e-06 5.62707e-08
threshold=-0.78830060362815846 0.92421960830688488 -0.80543947219848622 -1.3244460225105283 1.6350780725479128 0.75573354959487926 0.29692064225673681 -1.0231537222862241 0.82556456327438366 0.55047196149826061 0.81729069352149974 0.23391208052635196 -2.4964240789413448 -0.19646146148443219
decision_type=2 2 2 2 2 2 2 2 2 2 2 2 2 2
left_child=6 2 5 8 -5 7 -1 -2 -4 10 11 -3 -8 -7
right_child=1 9 3 4 -6 13 12 -9 -10 -11 -12 -13 -14 -15
leaf_value=0.050014626482139918 -0.050060811731494785 0.050015406807215584 -0.021990588573282722 -0.050032428310344823 0.029984049725212392 -0.050225370609286946 -0.051057067227364243 0.040882110152666136 0.048626777328978729 0.050021163358467326 0.050034256541657357 -0.0019530196072899333 -0.050035650943084077 -0.050030097107958971
leaf_weight=0.014672017656266689 0.014272142463596538 0.0051729036495089522 0.027626712690107524 0.23143391883786535 0.034105251630535349 0.0044722595193888983 0.012965258822077885 0.20670929168409202 0.085793960257433355 0.088284478522837162 0.019363052677363157 0.011008214409230277 0.10485122492536902 0.021070925540698227
leaf_count=3 53 1 78 1129 9 5 5 85 15 13 2 23 554 108
internal_value=-9.87905e-05 0.00678934 -0.00085501 -0.0184511 -0.0397553 0.0261939 -0.0390559 0.0350085 0.031426 0.0454025 0.0339308 0.0146606 -0.0501481 -0.0500643
internal_weight=0.881802 0.749313 0.625484 0.37896 0.265539 0.246525 0.132489 0.220981 0.113421 0.123829 0.0355442 0.0161811 0.117816 0.0255432
internal_count=2083 1521 1482 1231 1138 251 562 138 93 39 26 24 559 113
is_linear=0
shrinkage=0.05


Tree=153
num_leaves=15
num_cat=0
split_feature=12 10 1 1 3 4 26 25 13 5 16 15 6 14
split_gain=0.0907948 0.102504 0.094732 0.0772717 0.084587 0.0726131 0.0606471 0.0616042 0.0189765 0.00897864 0.000648122 0.000529295 2.28837e-08 2.22431e-09
threshold=-2.5833355188369747 -0.91385301947593678 0.61588951945304882 -0.23933006078004834 -1.4046183228492735 0.37638758122920996 1.83898401260376 -0.93424844741821278 -0.58171984553337086 1.080543637275696 0.30529542267322546 0.52162122726440441 1.6403220891952517 0.71160832047462474
decision_type=2 2 2 2 2 2 2 2 2 2 2 2 2 2
left_child=10 3 6 11 -5 12 7 -3 -7 -8 -1 -2 -4 -6
right_child=1 2 5 4 13 8 9 -9 -10 -11 -12 -13 -14 -15
leaf_value=0.050027183454583415 0.04166879874465193 0.022758968698227688 -0.050021089028635626 0.048294493425458669 -0.050019374972616895 -0.014115295700854975 -0.0049573497641693066 -0.043538622233498518 0.04506750870499239 0.050023755226980215 0.041262582347536512 0.050018085942550188 -0.050128521993228453 -0.050039267570444725
leaf_weight=0.058769846800714731 0.023275927822396625 0.039347506048216019 0.02481422833079705 0.03580432145827217 0.028514302255643997 0.015814668615348637 0.01076904522778932 0.32001696132647339 0.09435668915102724 0.02391600189730525 0.032901028505875729 0.1028907191939652 0.0061939280130900434 0.027707002562237903
leaf_count=8 16 46 147 9 165 35 32 1439 36 3 19 19 11 98
internal_value=-0.000102649 -0.00581935 -0.0175946 0.0230655 -0.0117745 0.0175483 -0.0301856 -0.0362796 0.036572 0.0329532 0.0468815 0.0484778 -0.0500425 -0.0500292
internal_weight=0.845092 0.753421 0.535229 0.218192 0.0920256 0.14118 0.39405 0.359364 0.110171 0.034685 0.0916709 0.126167 0.0310082 0.0562213
internal_count=2083 2056 1749 307 272 229 1520 1485 71 35 27 35 158 263
is_linear=0
shrinkage=0.05


Tree=154
num_leaves=15
num_cat=0
split_feature=29 8 11 6 29 17 14 20 2 18 17 2 5 13
split_gain=0.0867042 0.0805965 0.0688634 0.0665442 0.0501815 0.087414 0.106137 0.0722561 0.0474449 0.0341139 0.0190558 0.0111459 0.00189488 3.64182e-06
threshold=-0.78830060362815846 -0.13578490912914273 0.14337857812643054 -5.41725730895996 0.64400443434715282 0.62597778439521801 0.64456102252006542 -0.51688721776008595 0.29692064225673681 -3.219908475875854 0.39676490426063543 0.32996766269207006 0.417647734284401 -2.4964240789413448
decision_type=2 2 2 2 2 2 2 2 2 2 2 2 2 2
left_child=8 2 3 -2 5 7 -7 -3 -1 -5 -4 -12 -6 -10
right_child=1 4 10 9 12 6 -8 -9 13 -11 11 -13 -14 -15
leaf_value=0.050013243092880272 0.050022030232540343 -0.019448220877452304 0.0500154040205327 0.050013631511253431 0.03680652109342511 0.050027565576308046 -0.045371583112657279 0.050022229286669662 -0.050962158474657841 -0.05004552863337728 -0.050027372843969242 0.050011928246353921 0.050020034663134566 -0.050032614604535987
leaf_weight=0.013284421991556883 0.021359317470341921 0.05130727008508984 0.039354735054075718 0.0090508642606437206 0.039861967612523586 0.039756489917635918 0.10933794481388759 0.13837999664247036 0.011837736979941837 0.14479089263477363 0.0091330361756263301 0.0040053538978099832 0.084961661603301764 0.095898061052139383
leaf_count=3 3 128 8 2 20 5 368 21 5 894 58 1 13 554
internal_value=-9.95867e-05 0.00673516 -0.0176257 -0.0326769 0.0186997 0.00871454 -0.0199331 0.0312316 -0.0391415 -0.0441588 0.0326092 -0.0195295 0.0458003 -0.0501348
internal_weight=0.81232 0.6913 0.227694 0.175201 0.463605 0.338782 0.149094 0.189687 0.12102 0.153842 0.0524931 0.0131384 0.124824 0.107736
internal_count=2083 1521 966 899 555 522 373 149 562 896 67 59 33 559
is_linear=0
shrinkage=0.05


Tree=155
num_leaves=15
num_cat=0
split_feature=12 7 1 1 7 18 26 25 12 16 6 5 13 16
split_gain=0.0829478 0.0943679 0.106851 0.0697188 0.0591448 0.0531282 0.0482077 0.0494796 0.0421763 0.0148384 0.00547747 0.00457967 0.00328367 0.000693606
threshold=-2.5833355188369747 -0.93480664491653431 0.61588951945304882 -0.77561968564987172 0.4497408419847489 -1.6928539276123045 1.83898401260376 -0.93424844741821278 1.1306886672973635 -0.71400678157806385 0.13416869193315509 1.3527058362960818 -0.58171984553337086 0.30529542267322546
decision_type=2 2 2 2 2 2 2 2 2 2 2 2 2 2
left_child=13 3 6 10 8 -5 7 -3 -4 -7 -2 -8 -6 -1
right_child=1 2 4 5 12 9 11 -9 -10 -11 -12 -13 -14 -15
leaf_value=0.050025934550008325 0.023475557388532887 0.03347659413160186 -0.050032854684356476 0.050017969803139453 0.02853315907768644 0.04694907110621388 0.0085565129623789773 -0.044633660422362553 0.041504931193892973 -0.050037799944525778 0.049877440654578692 0.050021422930122898 0.048608821641084876 0.040579664068995609
leaf_weight=0.054314626380801201 0.024155424354830757 0.021816325563122518 0.041057114030991215 0.021966911386698484 0.030297043951577507 0.004285951566998846 0.012403219632687978 0.28687793941207929 0.018144950809073634 0.049382747492927592 0.10520552445086651 0.014378749299794436 0.06215497235825751 0.030258520113420673
leaf_count=8 19 18 221 4 20 2 29 1439 11 260 21 2 10 19
internal_value=-9.73725e-05 -0.00580912 -0.0177859 0.0226511 0.0170431 -0.0154827 -0.0335305 -0.0391134 -0.0219773 -0.0422925 0.0449474 0.0308183 0.0420299 0.0466463
internal_weight=0.7767 0.692127 0.48713 0.204997 0.151654 0.0756356 0.335476 0.308694 0.0592021 0.0536687 0.129361 0.026782 0.092452 0.0845731
internal_count=2083 2056 1750 306 262 266 1488 1457 232 262 40 31 30 27
is_linear=0
shrinkage=0.05


Tree=156
num_leaves=15
num_cat=0
split_feature=29 8 11 6 16 5 10 2 18 21 25 17 2 22
split_gain=0.0792724 0.0742385 0.0626669 0.0606355 0.0464991 0.0720828 0.0933493 0.0430841 0.0310417 0.0246299 0.0209369 0.0174216 0.010112 0.0053314
threshold=-0.78830060362815846 -0.13578490912914273 0.14337857812643054 -5.41725730895996 -0.77325308322906483 0.95131272077560436 1.0096508264541628 0.29692064225673681 -3.219908475875854 0.15580447763204577 -0.63836318254470814 0.39676490426063543 0.32996766269207006 -0.62866997718811024
decision_type=2 2 2 2 2 2 2 2 2 2 2 2 2 2
left_child=7 2 3 -2 9 6 -6 -1 -5 10 -3 -4 -13 -11
right_child=1 4 11 8 5 -7 -8 -9 -10 13 -12 12 -14 -15
leaf_value=0.050012029241285741 0.050019985526364698 0.050012662328354246 0.050013969493779224 0.050012411866620747 -0.036602414819761453 0.048265557060568974 0.041638692361712436 -0.050122804972288874 -0.050042291453013255 0.050022864196188149 -0.050049378737597267 -0.050024948295829964 0.050010791211623433 0.029039636068903071
leaf_weight=0.012058407301083207 0.019434468355029821 0.00848406832665205 0.035717548336833715 0.0082331991288810968 0.12261278166988632 0.067938532069092616 0.055323568813037127 0.098400036244129296 0.13261776733270381 0.11879006307572126 0.013620364734379109 0.0083353172958595678 0.0036247596144676217 0.040624068278702907
leaf_count=3 3 2 8 2 428 12 24 559 894 19 43 58 1 27
internal_value=-9.60668e-05 0.00670076 -0.017801 -0.0327704 0.0186229 0.00445254 -0.0122759 -0.0391914 -0.0441938 0.0378173 -0.0116438 0.0325243 -0.019707 0.0446756
internal_weight=0.745815 0.635357 0.207963 0.160285 0.427393 0.245875 0.177936 0.110458 0.140851 0.181519 0.0221044 0.0476776 0.0119601 0.159414
internal_count=2083 1521 966 899 555 464 452 562 896 91 45 67 59 46
is_linear=0
shrinkage=0.05


Tree=157
num_leaves=15
num_cat=0
split_feature=29 2 16 21 10 18 2 22 0 22 23 23 0 13
split_gain=0.0753097 0.0707908 0.0932306 0.126997 0.0647302 0.0550437 0.0409785 0.0346868 0.0315458 0.0160876 0.00290093 0.00652726 0.00961118 2.36413e-06
threshold=-0.78830060362815846 0.92421960830688488 -0.80543947219848622 -1.3244460225105283 1.6350780725479128 0.237430214881897 0.29692064225673681 0.24057573080062869 0.83617520332336437 -0.46497936546802515 0.60005393624305736 0.4145848155021668 4.9518909454345712 -2.4964240789413448
decision_type=2 2 2 2 2 2 2 2 2 2 2 2 2 2
left_child=6 2 5 7 -5 8 -1 -4 -2 -7 11 12 -3 -8
right_child=1 10 3 4 -6 9 13 -9 -10 -11 -12 -13 -14 -15
leaf_value=0.050011442158998914 -0.050048978789848188 -0.050032645322972961 -0.023116634224261461 -0.050026736165591085 0.029887155964065756 0.047467640076516521 -0.050832151002288106 0.048353512728042169 0.036584863087842319 0.0045207714083913917 0.050018960587366761 0.050016531930920351 0.050013741999425348 -0.050028669599164535
leaf_weight=0.011470443103462458 0.03184543098177528 0.0050045923926518299 0.022444815345807001 0.18661616249301005 0.02932112236157991 0.12728060501103755 0.010285058859153651 0.069684724643593654 0.015682133525842801 0.0263136047651642 0.074629365000873804 0.016099069733172655 0.0046135778538882732 0.08332661421445664
leaf_count=3 161 22 77 1129 9 38 5 16 12 40 13 3 1 554
internal_value=-9.47087e-05 0.00664473 -0.00091961 -0.0182065 -0.0391756 0.0255595 -0.0391872 0.0309418 -0.0214634 0.04011 0.0450285 0.0305464 -0.00204308 -0.0501169
internal_weight=0.714617 0.609535 0.509189 0.308067 0.215937 0.201122 0.105082 0.0921295 0.0475276 0.153594 0.100347 0.0257172 0.00961817 0.0936117
internal_count=2083 1521 1482 1231 1138 251 562 93 173 78 39 26 23 559
is_linear=0
shrinkage=0.05


Tree=158
num_leaves=15
num_cat=0
split_feature=12 7 1 1 7 18 15 27 12 16 6 13 16 11
split_gain=0.0725153 0.0817358 0.0930724 0.0603598 0.0510908 0.0459155 0.0422653 0.0493454 0.0362877 0.0132545 0.00363588 0.00324543 0.000678187 2.09319e-06
threshold=-2.5833355188369747 -0.93480664491653431 0.61588951945304882 -0.77561968564987172 0.4497408419847489 -1.6928539276123045 0.27568465471267706 -0.053724283352494233 1.1306886672973635 -0.90268424153327931 0.16714614629745486 -0.58171984553337086 0.30529542267322546 2.0745818614959721
decision_type=2 2 2 2 2 2 2 2 2 2 2 2 2 2
left_child=12 3 6 10 8 -5 13 -8 -4 -7 -2 -6 -1 -3
right_child=1 2 4 5 11 9 7 -9 -10 -11 -12 -13 -14 -15
leaf_value=0.050022405840617894 0.029298774514644174 -0.05003862200929779 -0.050028798916489939 0.050015490188468709 0.027374711364574707 0.050010680880651463 -0.050029980211529546 0.012623053641165517 0.040826942171538469 -0.050033100049877544 0.049849414559496992 0.048484080127619282 0.040123464521954838 -0.050791772199278717
leaf_weight=0.04742531874217093 0.028849864029325545 0.15516170859336853 0.035639650712255388 0.018934357212856412 0.0272273579321336 0.0035869965795427552 0.051896360157115851 0.079677412446471862 0.015889741946011782 0.042984578234609216 0.08474446865147911 0.054965560513664968 0.027241341464105062 0.0098085934660048224
leaf_count=8 20 975 221 4 20 1 327 181 11 261 20 10 19 5
internal_value=-9.65424e-05 -0.00579517 -0.0176097 0.0225878 0.0170205 -0.015636 -0.0332257 -0.012089 -0.0220123 -0.0423276 0.0446301 0.0414914 0.0464109 -0.0500834
internal_weight=0.684033 0.609367 0.430266 0.1791 0.133722 0.0655059 0.296544 0.131574 0.0515294 0.0465716 0.113594 0.0821929 0.0746667 0.16497
internal_count=2083 2056 1750 306 262 266 1488 508 232 262 40 30 27 980
is_linear=0
shrinkage=0.05


Tree=159
num_leaves=15
num_cat=0
split_feature=29 8 11 6 29 2 17 4 2 15 18 17 29 2
split_gain=0.0688635 0.0656157 0.0550012 0.0527427 0.0419126 0.0700139 0.0767655 0.0644783 0.0372239 0.029721 0.0271999 0.0154245 0.00896127 0.00877851
threshold=-0.78830060362815846 -0.13578490912914273 0.14337857812643054 -5.41725730895996 -0.3107521384954452 -0.096365340054035173 0.84823018312454235 1.6211327910423281 0.29692064225673681 -2.3770292997360225 -3.219908475875854 0.39676490426063543 -0.067781321704387651 0.32996766269207006
decision_type=2 2 2 2 2 2 2 2 2 2 2 2 2 2
left_child=8 2 3 -2 7 6 -6 9 -1 -3 -5 -4 -7 -13
right_child=1 4 11 10 5 12 -8 -9 -10 -11 -12 13 -14 -15
leaf_value=0.050010395563016889 0.050017287994403026 0.043179587220539932 0.050012184208267453 0.05001090664517939 0.050022071628886694 0.019074298685173643 -0.050040703296685973 0.043585629953177135 -0.050105563845238024 -0.05003496119366823 -0.050040175039430083 -0.050021642759257572 0.050016883586499139 0.050009314290338169
leaf_weight=0.010414659511297941 0.016864335164427757 0.0099855586886405945 0.031245475867763162 0.007212284952402114 0.031843860168009996 0.027334878453984857 0.0481487539364025 0.039137349143857136 0.085552953656588215 0.059539088775636628 0.11685687179851811 0.0073374258136027493 0.16250484832562506 0.0031283923890441656
leaf_count=3 3 4 8 2 5 31 238 10 559 235 894 58 32 1
internal_value=-0.000100838 0.00659298 -0.01802 -0.032947 0.0184701 0.0290287 -0.0102072 -0.00774915 -0.0392407 -0.0366469 -0.0442241 0.032415 0.0455615 -0.0201209
internal_weight=0.657107 0.561139 0.182645 0.140933 0.378494 0.269832 0.0799926 0.108662 0.0959676 0.0695246 0.124069 0.0417113 0.18984 0.0104658
internal_count=2083 1521 966 899 555 306 243 249 562 239 896 67 63 59
is_linear=0
shrinkage=0.05


Tree=160
num_leaves=15
num_cat=0
split_feature=29 8 11 6 29 2 17 4 2 15 18 17 29 2
split_gain=0.0654633 0.0621986 0.0523171 0.0501687 0.0397143 0.0660336 0.0730192 0.0609167 0.0354052 0.0282372 0.0258723 0.0146721 0.00931696 0.00835022
threshold=-0.78830060362815846 -0.13578490912914273 0.14337857812643054 -5.41725730895996 -0.3107521384954452 -0.096365340054035173 0.84823018312454235 1.6211327910423281 0.29692064225673681 -2.3770292997360225 -3.219908475875854 0.39676490426063543 -0.067781321704387651 0.32996766269207006
decision_type=2 2 2 2 2 2 2 2 2 2 2 2 2 2
left_child=8 2 3 -2 7 6 -6 9 -1 -3 -5 -4 -7 -13
right_child=1 4 11 10 5 12 -8 -9 -10 -11 -12 13 -14 -15
leaf_value=0.050009888481891245 0.05001644548736444 0.042608704578425763 0.050011588279042764 0.050010374637062829 0.050020996028662092 0.018253309332467257 -0.0500387211953571 0.043039213668786325 -0.050100512484391971 -0.050033256204508547 -0.05003822967083929 -0.050020587567642195 0.050016059817583891 0.050008860699459728
leaf_weight=0.0099068284034729004 0.016042115166783333 0.0096226524037774652 0.029721960425376892 0.0068606089334934941 0.0302914516068995 0.027141221275087446 0.045802280059433542 0.037689479679102078 0.081388485421484802 0.056637214525835589 0.11116190702887252 0.0069797188261873089 0.15458187647163868 0.002975845243781805
leaf_count=3 3 4 8 2 5 31 238 10 559 235 894 58 32 1
internal_value=-0.00010243 0.00656939 -0.0180195 -0.0329459 0.0183785 0.0288977 -0.0102069 -0.00771154 -0.0392371 -0.0365792 -0.0442224 0.0324146 0.0452721 -0.0201205
internal_weight=0.626804 0.535508 0.173742 0.134065 0.361766 0.257817 0.0760937 0.103949 0.0912953 0.0662599 0.118023 0.0396775 0.181723 0.00995556
internal_count=2083 1521 966 899 555 306 243 249 562 239 896 67 63 59
is_linear=0
shrinkage=0.05


Tree=161
num_leaves=15
num_cat=0
split_feature=29 8 11 6 29 2 17 4 2 15 18 17 2 13
split_gain=0.0622291 0.058947 0.0497641 0.0477204 0.0376258 0.0623689 0.102711 0.057523 0.0336756 0.0268271 0.0246097 0.0139564 0.00794284 1.29455e-06
threshold=-0.78830060362815846 -0.13578490912914273 0.14337857812643054 -5.41725730895996 -0.3107521384954452 0.19999606162309649 0.79795533418655407 1.6211327910423281 0.29692064225673681 -2.3770292997360225 -3.219908475875854 0.39676490426063543 0.32996766269207006 -2.4964240789413448
decision_type=2 2 2 2 2 2 2 2 2 2 2 2 2 2
left_child=8 2 3 -2 7 6 -6 9 -1 -3 -5 -4 -13 -10
right_child=1 4 11 10 5 -7 -8 -9 13 -11 -12 12 -14 -15
leaf_value=0.050009405871116235 0.05001564362476725 0.042002771455004091 0.050011024835339084 0.05000987181692898 0.050017113057042109 0.050017080020249231 -0.050036146889439165 0.042458118061147687 -0.050678494482411476 -0.050031634285398224 -0.050036378827919184 -0.050019584814956081 0.050008426608621516 -0.0500239766092824
leaf_weight=0.0094237551093101501 0.015259970910847187 0.0092821041180286556 0.028272714698687196 0.0065260771661996833 0.050295224180445075 0.14375230437144637 0.052347431388625409 0.036329790891613811 0.0084844216180499643 0.05387668743787799 0.10574429084954318 0.0066394437089911662 0.00283073540776968 0.068941952209570445
leaf_count=3 3 4 8 2 10 29 267 10 5 235 894 58 1 554
internal_value=-0.000104085 0.00654439 -0.0180189 -0.0329448 0.0182815 0.0287604 -0.00100973 -0.00767093 -0.0392337 -0.0365058 -0.0442209 0.0324142 -0.0201202 -0.0500957
internal_weight=0.598007 0.511157 0.165273 0.12753 0.345884 0.246395 0.102643 0.0994886 0.0868501 0.0631588 0.11227 0.0377429 0.00947018 0.0774264
internal_count=2083 1521 966 899 555 306 277 249 562 239 896 67 59 559
is_linear=0
shrinkage=0.05


Tree=162
num_leaves=14
num_cat=0
split_feature=12 10 26 2 1 3 4 0 26 16 15 28 14
split_gain=0.0593122 0.067004 0.0634534 0.131696 0.0514904 0.0560178 0.0454228 0.0106216 0.00418312 0.000650285 0.000312021 1.28063e-06 8.0062e-10
threshold=-2.5833355188369747 -0.91385301947593678 -0.18910708278417585 0.19999606162309649 -0.23933006078004834 -1.4046183228492735 1.4598890542984011 -3.3481920957565303 0.18230659514665606 0.30529542267322546 0.53482344746589672 -1.7177230715751646 0.71160832047462474
decision_type=2 2 2 2 2 2 2 2 2 2 2 2 2
left_child=9 4 7 6 10 -6 -4 -3 -5 -1 -2 -9 -7
right_child=1 2 3 8 5 12 -8 11 -10 -11 -12 -13 -14
leaf_value=0.050018658294414778 0.042707951781654728 0.05000807907612638 -0.042605998608557433 0.025399385283028132 0.048167093288492384 -0.050012941910461663 0.034700395251361732 -0.050712229416815358 0.050017648364067115 0.039383948918673882 0.050012580047746558 -0.050026657979413351 -0.050027564580709928
leaf_weight=0.039158057188615203 0.018848303981940262 0.0027147468645125619 0.13099106911249692 0.022863067177240737 0.023733464789984282 0.018610574486956466 0.022225244792934973 0.0072795150772435582 0.070352375274524093 0.022711728190188296 0.065158093115314841 0.10600840701954439 0.018833970127161592
leaf_count=8 17 1 904 25 9 165 26 2 13 19 18 778 98
internal_value=-0.000105124 -0.00573851 -0.0172358 -0.00288198 0.0229631 -0.0119294 -0.0313921 -0.0477286 0.0439795 0.0461148 0.0483737 -0.0500707 -0.0500203
internal_weight=0.569489 0.507619 0.362434 0.246432 0.145184 0.061178 0.153216 0.116003 0.0932154 0.0618698 0.0840064 0.113288 0.0374445
internal_count=2083 2056 1749 968 307 272 930 781 38 27 35 780 263
is_linear=0
shrinkage=0.05


Tree=163
num_leaves=13
num_cat=0
split_feature=9 9 26 2 10 16 3 27 26 22 13 11
split_gain=0.056467 0.0764062 0.0542903 0.156509 0.0261862 0.0551342 0.0245365 0.0231235 0.000219895 0.000202338 9.9976e-07 1.90869e-09
threshold=-2.9842636585235591 1.310424327850342 -0.12384204939007758 0.26510787010192877 -1.0048454999923704 0.91395694017410289 -2.110163569450378 -7.3892269134521475 0.32238425314426428 0.20341677963733676 -2.4964240789413448 1.0610836744308474
decision_type=2 2 2 2 2 2 2 2 2 2 2 2
left_child=-1 2 7 6 9 11 -4 -2 -5 -3 -9 -6
right_child=1 4 3 8 5 -7 -8 10 -10 -11 -12 -13
leaf_value=0.047644759023131172 0.050009067695795356 0.050013498328959127 0.040497442016263013 0.044891674166441534 -0.050019118807294698 0.046893516649898437 -0.04038846872191066 -0.050613207679101359 0.05001626453904643 0.044424618727624134 -0.050022570372300783 -0.05004655152322969
leaf_weight=0.055606476824323181 0.0060828661080449811 0.045161799993366003 0.01004653862764826 0.032781366055132821 0.016621900329482742 0.032317996396159288 0.14042427130334545 0.0076867275129188775 0.057917995611205697 0.025248268735595047 0.10548341393587179 0.010251246560073923
leaf_count=18 2 12 9 11 127 12 971 5 12 15 855 34
internal_value=-0.000104208 -0.00552262 -0.0173618 -0.00371609 0.0274025 0.00288983 -0.0349879 -0.0449582 0.0481641 0.0480094 -0.0500627 -0.0500296
internal_weight=0.545631 0.490024 0.360423 0.24117 0.129601 0.0591911 0.150471 0.119253 0.0906994 0.0704101 0.11317 0.0268731
internal_count=2083 2065 1865 1003 200 173 980 862 23 27 860 161
is_linear=0
shrinkage=0.05


Tree=164
num_leaves=12
num_cat=0
split_feature=27 22 24 0 16 5 2 0 16 12 3
split_gain=0.0536691 0.0753973 0.0578631 0.0497087 0.0549143 0.0462343 0.0179297 0.0161976 0.011104 1.38693e-07 1.78904e-08
threshold=-2.8559880256652828 -0.81253510713577259 0.10244867950677873 4.9518909454345712 1.9616814255714419 0.96582660079002391 -1.1779774427413938 2.9666326045989995 -0.13454373925924298 2.9010256528854375 2.0035228133201604
decision_type=2 2 2 2 2 2 2 2 2 2 2
left_child=-1 2 7 4 5 -3 10 9 -8 -2 -4
right_child=1 3 6 -5 -6 -7 8 -9 -10 -11 -12
leaf_value=0.048758970413597565 -0.050015967249771115 -0.046912820377045306 -0.050012610678700824 0.050017046336070695 0.044917131031162585 -0.0010709433365713274 0.047087683187592044 0.050013964829675031 0.0062977453534278959 -0.050336604563981528 -0.050197866045542661
leaf_weight=0.050744694512104616 0.025514393331832252 0.17791502211912302 0.0036618425729102446 0.023359776940196753 0.024971583392471075 0.07961507340951357 0.10643620707560331 0.0046883476898074141 0.019786162694799714 0.0038863181398482985 0.0020232913084328175
leaf_count=18 223 1460 34 5 7 237 37 1 57 3 1
internal_value=-0.000101396 -0.00535595 0.0217744 -0.0200801 -0.0258763 -0.0327409 0.0367814 -0.0362952 0.0406936 -0.0500584 -0.0500785
internal_weight=0.522603 0.471858 0.165997 0.305861 0.282502 0.25753 0.131908 0.0340891 0.126222 0.0294007 0.00568513
internal_count=2083 2065 356 1709 1704 1697 129 227 94 226 35
is_linear=0
shrinkage=0.05


Tree=165
num_leaves=15
num_cat=0
split_feature=29 8 11 6 14 2 17 17 2 18 17 0 16 2
split_gain=0.0535552 0.0499008 0.0407022 0.0411881 0.0321841 0.0753624 0.0409709 0.0374702 0.0278095 0.0203829 0.0117087 0.00987748 0.00839388 0.00655712
threshold=-0.78830060362815846 -0.13578490912914273 0.14337857812643054 -5.41725730895996 0.84080535173416149 0.77317374944686901 -0.75642025470733631 0.64405623078346264 0.29692064225673681 -3.219908475875854 0.39676490426063543 4.9518909454345712 -0.77325308322906483 0.32996766269207006
decision_type=2 2 2 2 2 2 2 2 2 2 2 2 2 2
left_child=8 2 3 -2 6 7 11 -6 -1 -5 -4 -3 -8 -12
right_child=1 4 10 9 5 -7 12 -9 -10 -11 13 -13 -14 -15
leaf_value=0.050007741553649399 0.05001382814125032 -0.050022092818937935 0.050009091882390534 0.05000817436001681 0.050016810691243078 0.050014317091189121 0.049863401952325477 -0.050031754114374993 -0.050083122653868266 -0.050030444152551437 -0.05001626546180421 0.050008575546710135 0.026569763037148766 0.050006921544422468
leaf_weight=0.0077579601202160111 0.013203086797147989 0.017221005262399558 0.023312815465033054 0.0054018090013414613 0.011110592633485794 0.042557957116514444 0.092079310663393699 0.059344003340811469 0.065800182183011202 0.088716766418656334 0.0055526975193060935 0.0028806712944060555 0.066682530370599125 0.0023244230542331934
leaf_count=3 3 108 8 2 2 10 23 331 559 894 58 1 80 1
internal_value=-9.98723e-05 0.00663864 -0.0180758 -0.0326874 0.018367 -0.00252061 0.0315646 -0.0342542 -0.0395268 -0.0442889 0.0322016 -0.0356872 0.0400797 -0.0205009
internal_weight=0.503946 0.430388 0.138512 0.107322 0.291876 0.113013 0.178864 0.0704546 0.0735581 0.0941186 0.0311899 0.0201017 0.158762 0.00787712
internal_count=2083 1521 966 899 555 343 212 333 562 896 67 109 103 59
is_linear=0
shrinkage=0.05


Tree=166
num_leaves=15
num_cat=0
split_feature=29 2 16 25 18 22 15 2 19 1 8 22 13 16
split_gain=0.0508899 0.0475363 0.0591708 0.0826099 0.0427226 0.0384824 0.034803 0.0264513 0.0148812 0.0063212 0.000874119 0.000360069 7.06294e-07 4.96945e-09
threshold=-0.78830060362815846 0.9710758924484254 -0.80543947219848622 0.99862593412399303 -1.5313985347747801 -0.59994676709175099 2.5051009654998784 0.29692064225673681 0.48049420118331915 -1.3372730016708372 0.60022318363189708 -0.98933944106101979 -2.4964240789413448 -1.1607921123504636
decision_type=2 2 2 2 2 2 2 2 2 2 2 2 2 2
left_child=7 2 5 4 -4 9 -7 -1 -5 -2 11 -3 -9 -14
right_child=1 10 3 8 -6 6 -8 12 -10 -11 -12 -13 13 -15
leaf_value=0.050007362273112338 0.011601931818572926 0.044883235624322358 0.031673568599671333 -0.013992223334348162 -0.045461924467390058 -0.05002499348599565 0.042719376924487948 -0.050554014113440959 0.050015640652371442 0.048328767258624512 0.050013031981710636 0.030149090963761539 -0.050045742227509196 -0.050011144077373351
leaf_weight=0.0073796543292701236 0.013724252508836798 0.0074672642804216585 0.020646842298447154 0.011559839003894012 0.13748497623600997 0.026261167960910825 0.016452655741886701 0.00695924661704339 0.042338724713772535 0.080057653744006529 0.046449171146377921 0.0093237756154849194 0.013803194564388832 0.041833495113678509
leaf_count=3 24 6 34 56 1137 192 7 5 9 30 12 14 73 481
internal_value=-0.000102678 0.00659658 -0.000640049 -0.0171698 -0.0353906 0.025037 -0.0143014 -0.039524 0.0362876 0.0429541 0.0464787 0.0367016 -0.0500791 -0.0500197
internal_weight=0.481742 0.411766 0.348526 0.21203 0.158132 0.136496 0.0427138 0.0699756 0.0538986 0.0937819 0.0632402 0.016791 0.0625959 0.0556367
internal_count=2083 1521 1489 1236 1171 253 199 562 65 54 32 20 559 554
is_linear=0
shrinkage=0.05


Tree=167
num_leaves=15
num_cat=0
split_feature=29 2 16 25 10 22 15 2 19 1 29 5 17 13
split_gain=0.0483401 0.0451035 0.0585345 0.08113 0.0448297 0.0353531 0.0326987 0.0251595 0.0143801 0.0063941 0.00231516 0.00264219 0.00830668 6.07656e-07
threshold=-0.78830060362815846 0.92421960830688488 -0.80543947219848622 0.99862593412399303 1.2100721001625063 -0.59994676709175099 2.5051009654998784 0.29692064225673681 0.48049420118331915 -1.3372730016708372 0.52245259284973156 0.96582660079002391 0.033291148021817214 -2.4964240789413448
decision_type=2 2 2 2 2 2 2 2 2 2 2 2 2 2
left_child=7 2 5 4 -4 9 -7 -1 -5 -2 11 12 -3 -9
right_child=1 10 3 8 -6 6 -8 13 -10 -11 -12 -13 -14 -15
leaf_value=0.050007003367148133 0.011051817545975198 -0.050025348909488065 -0.050017777259362066 -0.013344721415211947 0.02029205553475958 -0.050023635266042088 0.042121019383067899 -0.050526768170201498 0.050014877954895565 0.048160120206020979 0.05001095905410563 0.050022013756416732 0.050007592855099814 -0.050018765927045641
leaf_weight=0.0070197933819144956 0.013687979459064081 0.0035023402961087413 0.12030450742531684 0.011515862232045038 0.027935561287449673 0.024484907171427039 0.015867030640947632 0.0066233198886038727 0.040274440078064799 0.076413290880736895 0.048982575070112944 0.007388811092823743 0.0050933633465319872 0.052924248157069087
leaf_count=3 24 22 1128 56 38 190 7 5 9 30 14 1 2 554
internal_value=-0.000101812 0.00653377 -0.00095311 -0.0179465 -0.036768 0.0251037 -0.0137909 -0.0395212 0.0359265 0.0425227 0.044619 0.0280962 0.00924893 -0.0500753
internal_weight=0.462018 0.395451 0.330484 0.20003 0.14824 0.130453 0.0403519 0.0665674 0.0517903 0.0901013 0.0649671 0.0159845 0.0085957 0.0595476
internal_count=2083 1521 1482 1231 1166 251 197 562 65 54 39 25 24 559
is_linear=0
shrinkage=0.05


Tree=168
num_leaves=15
num_cat=0
split_feature=29 8 11 6 14 2 17 20 0 2 18 17 2 8
split_gain=0.0459264 0.0432013 0.0369822 0.03563 0.0285561 0.0650697 0.0454216 0.0389632 0.0241018 0.0239308 0.017923 0.0103967 0.00568818 0.00426336
threshold=-0.78830060362815846 -0.13578490912914273 0.14337857812643054 -5.41725730895996 0.76992845535278331 0.77317374944686901 0.62597778439521801 -0.51688721776008595 4.9518909454345712 0.29692064225673681 -3.219908475875854 0.39676490426063543 0.32996766269207006 0.084086939692497267
decision_type=2 2 2 2 2 2 2 2 2 2 2 2 2 2
left_child=9 2 3 -2 7 6 -6 8 -3 -1 -5 -4 -13 -9
right_child=1 4 11 10 5 -7 -8 13 -10 -11 -12 12 -14 -15
leaf_value=0.050006661540823477 0.050011918588003829 -0.050022051730827626 0.050008430210425392 0.050007147833862446 0.050014255383628907 0.050012125519536647 -0.050027220069577688 0.025927421384700014 0.050025711336167657 -0.050071599222859899 -0.050029296869238307 -0.050014160107384013 0.050005978050151979 0.050011895052250212
leaf_weight=0.0066774783190339795 0.011387001723051071 0.019911726580176037 0.021050899988040328 0.0047492301091551772 0.014204655308276415 0.039868499152362347 0.056378156084974762 0.022788483795011416 0.0086281411349773407 0.056647445664566476 0.078250160306197358 0.0048679563951736773 0.0020077482331544161 0.094866081606596708
leaf_count=3 3 127 8 2 3 11 365 21 1 559 894 58 1 27
internal_value=-0.000103757 0.00648255 -0.0179716 -0.0329266 0.018137 -0.00105113 -0.0298941 0.0326338 -0.0197757 -0.0395186 -0.0443052 0.0325731 -0.0208077 0.045347
internal_weight=0.442284 0.378959 0.122313 0.0943864 0.256646 0.110451 0.0705828 0.146194 0.0285399 0.0633249 0.0829994 0.0279266 0.0068757 0.117655
internal_count=2083 1521 966 899 555 379 368 176 128 562 896 67 59 48
is_linear=0
shrinkage=0.05


Tree=169
num_leaves=15
num_cat=0
split_feature=29 8 11 6 14 2 17 20 0 2 18 17 2 8
split_gain=0.0436676 0.0409957 0.0351778 0.0338915 0.0269194 0.0618952 0.0432053 0.0367378 0.0229258 0.0227623 0.0170484 0.00988952 0.0054107 0.00451689
threshold=-0.78830060362815846 -0.13578490912914273 0.14337857812643054 -5.41725730895996 0.76992845535278331 0.77317374944686901 0.62597778439521801 -0.51688721776008595 4.9518909454345712 0.29692064225673681 -3.219908475875854 0.39676490426063543 0.32996766269207006 0.084086939692497267
decision_type=2 2 2 2 2 2 2 2 2 2 2 2 2 2
left_child=9 2 3 -2 7 6 -6 8 -3 -1 -5 -4 -13 -9
right_child=1 4 11 10 5 -7 -8 13 -10 -11 -12 12 -14 -15
leaf_value=0.050006337742815848 0.050011334394401141 -0.050020976181449767 0.050008019092151627 0.050006797879998677 0.050013561040721924 0.050011534546401053 -0.050025893205585752 0.024966650265409902 0.050024453118203353 -0.050068151325881952 -0.050027875076109111 -0.050013469327874219 0.050005684103641868 0.050011314834434217
leaf_weight=0.0063518541865050784 0.010831773979589343 0.018941017209726851 0.020024395664222538 0.0045176381245255462 0.013512068893760443 0.03792452672496438 0.053629947389708832 0.022489978524390608 0.008207542821764946 0.053888334321527509 0.07443591667470173 0.0046306056465255088 0.0019098400371149182 0.090240428224205971
leaf_count=3 3 127 8 2 3 11 365 21 1 559 894 58 1 27
internal_value=-0.000104799 0.00646639 -0.0179712 -0.0329257 0.0180744 -0.0010511 -0.0298933 0.03244 -0.0197753 -0.0395161 -0.044304 0.0325728 -0.0208074 0.0450148
internal_weight=0.421536 0.361296 0.11635 0.0897853 0.244946 0.105067 0.067142 0.139879 0.0271486 0.0602402 0.0789536 0.0265648 0.00654045 0.11273
internal_count=2083 1521 966 899 555 379 368 176 128 562 896 67 59 48
is_linear=0
shrinkage=0.05


Tree=170
num_leaves=15
num_cat=0
split_feature=29 2 16 18 25 18 2 0 22 16 29 5 17 13
split_gain=0.0415192 0.0388998 0.0499306 0.0714284 0.0465967 0.0306008 0.0216509 0.0174982 0.00951781 0.00547574 0.00199273 0.00227401 0.0071493 3.87949e-07
threshold=-0.78830060362815846 0.92421960830688488 -0.80543947219848622 -1.5313985347747801 1.2710514068603518 0.237430214881897 0.29692064225673681 0.83617520332336437 -0.46497936546802515 0.36392943561077123 0.52245259284973156 0.96582660079002391 0.033291148021817214 -2.4964240789413448
decision_type=2 2 2 2 2 2 2 2 2 2 2 2 2 2
left_child=6 2 5 9 -5 7 -1 -2 -7 -4 11 12 -3 -8
right_child=1 10 3 4 -6 8 13 -9 -10 -11 -12 -13 -14 -15
leaf_value=0.050006027786768964 -0.050031495469426382 -0.050021816400363531 0.00025367941235516139 -0.047465603680311996 0.039974265899802963 0.046960709562397479 -0.050453235138073427 0.036058561864835526 0.0033195740929154436 0.046795724329517521 0.050009432606972354 0.050018944645239649 0.050006535160773469 -0.050016152354280898
leaf_weight=0.0060421071248129002 0.018005612895649392 0.0030147011566441506 0.0077053747008903875 0.11473580617894186 0.01756927415044629 0.071509297951706685 0.0057135814931825726 0.0087807798990979791 0.015138384409510763 0.035140145009791013 0.042160813231021166 0.0063601010479032993 0.004383948864415288 0.045549865062639583
leaf_count=3 161 22 36 1153 24 38 5 12 40 18 14 1 2 554
internal_value=-0.000105856 0.00644933 -0.000946576 -0.0176838 -0.0358541 0.0248969 -0.0395137 -0.0218105 0.0393361 0.0384256 0.0446175 0.0280949 0.00924834 -0.0500649
internal_weight=0.40181 0.344504 0.288585 0.175151 0.132305 0.113434 0.0573056 0.0267864 0.0866477 0.0428455 0.0559196 0.0137588 0.00739865 0.0512634
internal_count=2083 1521 1482 1231 1177 251 562 173 78 54 39 25 24 559
is_linear=0
shrinkage=0.05


Tree=171
num_leaves=13
num_cat=0
split_feature=12 26 2 24 29 11 15 29 8 2 12 13
split_gain=0.0402579 0.0461936 0.100665 0.0500339 0.0281612 0.0560968 0.0219349 0.00882777 0.0160512 0.00681034 6.35318e-06 3.47931e-07
threshold=-2.7701143026351924 -0.18910708278417585 0.19999606162309649 -2.8763803243637081 0.34294101595878607 0.52335435152053844 4.6740522384643564 -0.50335115194320668 0.86201196908950817 -0.050461672246456139 0.97932454943656932 -2.4964240789413448
decision_type=2 2 2 2 2 2 2 2 2 2 2 2
left_child=-1 3 4 -2 5 -3 -6 8 -4 -5 -9 -11
right_child=1 2 7 9 6 -7 -8 10 -10 11 -12 -13
leaf_value=0.048016626275103946 0.049000144533724442 0.045625788817462758 0.050015596705355971 0.050005162970702288 -0.050026315190385619 -0.050023413792566279 0.050009107182189899 0.050011740006553146 -0.050025361152461423 -0.050430974421061439 0.049026256795704326 -0.050017792548230036
leaf_weight=0.039051227489835583 0.015627601791493362 0.034625540349225048 0.010057124309241772 0.0017350784037262193 0.069645742118154885 0.027506418166012736 0.0059478385373949996 0.066033430863171816 0.0066677850663836571 0.0054372651356970883 0.021738145645940676 0.080957777321600588
leaf_count=18 8 35 2 1 820 226 2 19 34 5 11 902
internal_value=-0.000106718 -0.00553847 0.00641899 -0.0334531 -0.0216577 0.00328096 -0.0421553 0.0434239 0.0101319 -0.0480741 0.0497677 -0.0500438
internal_weight=0.385031 0.34598 0.242222 0.103758 0.137726 0.062132 0.0755936 0.104496 0.0167249 0.0881301 0.0877716 0.086395
internal_count=2083 2065 1149 916 1083 261 822 66 36 908 30 907
is_linear=0
shrinkage=0.05


Tree=172
num_leaves=13
num_cat=0
split_feature=12 26 2 24 29 11 15 29 8 2 12 13
split_gain=0.0381478 0.0439216 0.0956813 0.0475738 0.0268324 0.0531164 0.0208646 0.00838726 0.0152681 0.00647792 7.33761e-06 2.99368e-07
threshold=-2.7701143026351924 -0.18910708278417585 0.19999606162309649 -2.8763803243637081 0.34294101595878607 0.52335435152053844 4.6740522384643564 -0.50335115194320668 0.86201196908950817 -0.050461672246456139 0.97932454943656932 -2.4964240789413448
decision_type=2 2 2 2 2 2 2 2 2 2 2 2
left_child=-1 3 4 -2 5 -3 -6 8 -4 -5 -9 -11
right_child=1 2 7 9 6 -7 -8 10 -10 11 -12 -13
leaf_value=0.047819548731364597 0.048896859991703588 0.04522642327498369 0.050014837310882646 0.050004916277942436 -0.050025036673262024 -0.050022273094179018 0.050008660457822186 0.050011166678620558 -0.050024124498607048 -0.050409816022045188 0.048926085864970555 -0.05001692555089652
leaf_weight=0.037295989277481567 0.014896061005856609 0.03322046464018058 0.0095667741261422634 0.0016504656523466102 0.066250729763851268 0.026165496179601178 0.0056578081566840402 0.062813644064590335 0.0063427461791434317 0.0051742029099841593 0.020719256805023178 0.077010721135593485
leaf_count=18 8 35 2 1 820 226 2 19 34 5 11 902
internal_value=-0.000108176 -0.00553362 0.00640823 -0.0334419 -0.021613 0.00325978 -0.0421543 0.0434049 0.0101317 -0.048072 0.049742 -0.0500417
internal_weight=0.366764 0.329468 0.230737 0.0987315 0.131294 0.059386 0.0719085 0.0994424 0.0159095 0.0838354 0.0835329 0.0821849
internal_count=2083 2065 1149 916 1083 261 822 66 36 908 30 907
is_linear=0
shrinkage=0.05


Tree=173
num_leaves=13
num_cat=0
split_feature=12 26 2 24 29 11 15 29 8 2 12 13
split_gain=0.036135 0.0417599 0.0909375 0.0452332 0.0255702 0.0502758 0.0198466 0.00796776 0.0145232 0.00616174 8.47245e-06 2.57591e-07
threshold=-2.7701143026351924 -0.18910708278417585 0.19999606162309649 -2.8763803243637081 0.34294101595878607 0.52335435152053844 4.6740522384643564 -0.50335115194320668 0.86201196908950817 -0.050461672246456139 0.97932454943656932 -2.4964240789413448
decision_type=2 2 2 2 2 2 2 2 2 2 2 2
left_child=-1 3 4 -2 5 -3 -6 8 -4 -5 -9 -11
right_child=1 2 7 9 6 -7 -8 10 -10 11 -12 -13
leaf_value=0.047604530858314051 0.048783516562439289 0.044796737371101084 0.050014110055510867 0.050004675213166795 -0.050023820751839254 -0.050021187607246768 0.050008237017754212 0.050010621899838396 -0.050022947102267026 -0.050389704832204452 0.048816117748793811 -0.050016100256872857
leaf_weight=0.035633326988318004 0.01420168195545557 0.031895868512947345 0.0091003256384283304 0.0015699788928031913 0.063021136924362509 0.02488991624704795 0.0053819180466234675 0.059750820510089397 0.0060335451853461572 0.0049237686907872549 0.01975207072973717 0.073256042178400094
leaf_count=18 8 35 2 1 820 226 2 19 34 5 11 902
internal_value=-0.000109764 -0.00552832 0.0063965 -0.0334298 -0.0215643 0.00323686 -0.0421533 0.043384 0.0101315 -0.0480701 0.0497139 -0.0500396
internal_weight=0.34941 0.313777 0.219826 0.0939515 0.125189 0.0567858 0.0684031 0.0946368 0.0151339 0.0797498 0.0795029 0.0781798
internal_count=2083 2065 1149 916 1083 261 822 66 36 908 30 907
is_linear=0
shrinkage=0.05


Tree=174
num_leaves=13
num_cat=0
split_feature=0 25 27 19 2 20 10 3 28 6 18 6
split_gain=0.034299 0.0411915 0.057426 0.0370508 0.0274056 0.0375493 0.0263733 0.0191561 0.000334734 0.000514526 2.14125e-09 4.27108e-11
threshold=2.9666326045989995 -0.91917124390602101 -2.5896649360656734 -0.82592168450355519 1.0987673401832583 0.84870409965515148 1.2100721001625063 -2.110163569450378 -0.68215101957321156 0.31492544710636144 -0.82789275050163258 0.79368895292282116
decision_type=2 2 2 2 2 2 2 2 2 2 2 2
left_child=1 3 -3 8 7 -6 10 -4 11 -10 -5 -1
right_child=-2 2 4 6 5 -7 -8 -9 9 -11 -12 -13
leaf_value=0.050008695641254645 0.048051872449298601 0.045293731441769944 0.022111580418487695 -0.050064032984832613 -0.050018307937715827 0.050010366019903468 0.050012126356218392 -0.043860782650796827 0.030105898142742601 0.050007050160726069 -0.05001083990725555 0.050005490967306866
leaf_weight=0.02503581577911973 0.033270666895987233 0.031213911788654514 0.012017963661492104 0.0020908596852677866 0.015872763382503763 0.022942736279219389 0.0094125061295926571 0.13032700160329114 0.0060059194984205533 0.0070722759701311588 0.019881455791619373 0.017781480913981795
leaf_count=10 16 15 33 11 181 7 3 1517 20 3 257 10
internal_value=-0.000111491 -0.00545907 -0.0173433 0.0234581 -0.0281356 0.00910579 -0.0200169 -0.0382908 0.0478689 0.0408678 -0.0500159 0.0500074
internal_weight=0.332925 0.299655 0.212374 0.0872803 0.18116 0.0388155 0.0313848 0.142345 0.0558955 0.0130782 0.0219723 0.0428173
internal_count=2083 2067 1753 314 1738 188 271 1550 43 23 268 20
is_linear=0
shrinkage=0.05


Tree=175
num_leaves=15
num_cat=0
split_feature=12 7 1 1 7 18 15 27 12 16 13 28 13 28
split_gain=0.0327566 0.0374192 0.0424066 0.0273397 0.0226008 0.0212863 0.019784 0.0224864 0.0166033 0.00576151 0.00249061 0.00189083 0.00284849 0.000595108
threshold=-2.5833355188369747 -0.93480664491653431 0.61588951945304882 -0.77561968564987172 0.4497408419847489 -1.6928539276123045 0.27568465471267706 -0.053724283352494233 1.1306886672973635 -0.90268424153327931 -1.1593394875526426 0.9377124309539796 -0.42145372927188868 0.28381237387657171
decision_type=2 2 2 2 2 2 2 2 2 2 2 2 2 2
left_child=13 3 6 11 8 -5 -3 -8 -4 -7 -6 -2 -13 -1
right_child=1 2 4 5 10 9 7 -9 -10 -11 -12 12 -14 -15
leaf_value=0.036405051951781814 0.050007470474905051 -0.050038527193300847 -0.050013844154800417 0.050007427817446937 0.019874196986202144 0.050004627427596926 -0.050014685056554722 0.011443975871459294 0.040295977507662596 -0.050015993843607401 0.04824036941808324 0.050012207722211738 0.0060756974869336268 0.050010374676574036
leaf_weight=0.012346878691460006 0.038125542108900845 0.075704913837398635 0.016217454642173834 0.0087431183783337474 0.010698524034523871 0.0015534864505752912 0.024129628320224583 0.038838873962959042 0.0074169535837427239 0.019671458434459055 0.027966664987616241 0.0076919016428291798 0.0070885358982195612 0.023027949035167694
leaf_count=19 18 980 221 4 18 1 327 181 11 261 12 2 20 8
internal_value=-0.000108217 -0.00576251 -0.0174203 0.0225081 0.0168464 -0.0156495 -0.0328147 -0.0121071 -0.0216728 -0.0426953 0.0403915 0.044122 0.0289407 0.0452617
internal_weight=0.319222 0.283847 0.200973 0.082874 0.0622996 0.0299681 0.138673 0.0629685 0.0236344 0.0212249 0.0386652 0.052906 0.0147804 0.0353748
internal_count=2083 2056 1750 306 262 266 1488 508 232 262 30 40 22 27
is_linear=0
shrinkage=0.05


Tree=176
num_leaves=15
num_cat=0
split_feature=9 9 10 16 21 23 16 19 15 4 2 4 12 18
split_gain=0.0312119 0.04081 0.0341051 0.0308767 0.0262997 0.0191257 0.0138838 0.0130683 0.0118477 0.0113931 0.00988121 0.00668566 0.00123328 2.12087e-10
threshold=-2.9842636585235591 0.69925817847251903 -0.46008682250976557 1.8074023127555849 -1.3244460225105283 1.7870833873748782 -0.95311748981475819 0.66237953305244457 -0.18828821182250974 -0.19728108495473859 1.310718894004822 2.3193542957305913 0.62704661488533031 0.70502141118049633
decision_type=2 2 2 2 2 2 2 2 2 2 2 2 2 2
left_child=-1 4 8 11 7 6 -6 13 9 -3 -7 -4 -10 -2
right_child=1 2 3 -5 5 10 -8 -9 12 -11 -12 -13 -14 -15
leaf_value=0.047295353412652431 -0.050008421239289336 0.050007667518226863 -0.050014817861679085 0.049050461233769785 -0.0036397907011775942 -0.050007360207127816 -0.045470506203436852 0.047936888286863828 0.032464917620747456 -0.050013358567546462 0.050008096276995755 0.050005267040921834 0.049214940871608492 -0.050033132741991539
leaf_weight=0.031189669345621951 0.0030108916362223672 0.0048175407573580742 0.029989790553372586 0.01223242519699852 0.025000639740028419 0.0032534527272218847 0.096023914204124594 0.017443634984374512 0.014129526676697424 0.0069607226032530889 0.010249259183183312 0.0017693134723231188 0.049446426353824791 0.0012201263016322628
leaf_count=18 43 2 357 7 129 49 1319 9 28 83 4 1 26 8
internal_value=-0.000111338 -0.00547738 0.0165364 -0.0184457 -0.022297 -0.0305321 -0.0368293 0.028816 0.0369588 -0.0091028 0.0259096 -0.0444427 0.0454923 -0.0500155
internal_weight=0.306737 0.275548 0.119346 0.0439915 0.156202 0.134527 0.121025 0.0216747 0.0753542 0.0117783 0.0135027 0.0317591 0.063576 0.00423102
internal_count=2083 2065 504 365 1561 1501 1448 60 139 85 53 358 54 51
is_linear=0
shrinkage=0.05


Tree=177
num_leaves=15
num_cat=0
split_feature=29 8 11 6 29 2 17 4 2 15 18 17 29 2
split_gain=0.0297652 0.0292269 0.0251145 0.0236213 0.0190062 0.0323696 0.0345272 0.027015 0.0159355 0.0132289 0.0115835 0.00708684 0.00454537 0.00369778
threshold=-0.78830060362815846 -0.13578490912914273 0.14337857812643054 -5.41725730895996 -0.3107521384954452 -0.096365340054035173 0.84823018312454235 1.6211327910423281 0.29692064225673681 -2.3770292997360225 -3.219908475875854 0.39676490426063543 -0.067781321704387651 0.32996766269207006
decision_type=2 2 2 2 2 2 2 2 2 2 2 2 2 2
left_child=8 2 3 -2 7 6 -6 9 -1 -3 -5 -4 -7 -13
right_child=1 4 11 10 5 12 -8 -9 -10 -11 -12 13 -14 -15
leaf_value=0.050004461677158968 0.050007825611526224 0.041911759304725391 0.05000574966396526 0.050004612270691411 0.050009980024621217 0.017784363903927253 -0.050019359261835906 0.041504458827208532 -0.050046256131458591 -0.050016358194923949 -0.050019855140078777 -0.050010023328699783 0.050007863903480831 0.050003837351166792
leaf_weight=0.0044578657252714029 0.0074990898137912146 0.0045940522541059172 0.014196412754245102 0.0030629163375124327 0.014128445880487561 0.012857554393121973 0.022153486046590842 0.017356283991830423 0.037114710663445294 0.026419255282235099 0.052623482311901171 0.0032632939000905017 0.073520642123185098 0.0012893402017652988
leaf_count=3 3 4 8 2 5 31 238 10 559 235 894 58 32 1
internal_value=-0.000109193 0.0063344 -0.0182203 -0.0332995 0.0180977 0.0285646 -0.0110672 -0.00844512 -0.0393177 -0.0363989 -0.0445182 0.0325978 0.0452113 -0.0216853
internal_weight=0.294537 0.252964 0.0819345 0.0631855 0.17103 0.12266 0.0362819 0.0483696 0.0415726 0.0310133 0.0556864 0.018749 0.0863782 0.00455263
internal_count=2083 1521 966 899 555 306 243 249 562 239 896 67 63 59
is_linear=0
shrinkage=0.05


Tree=178
num_leaves=15
num_cat=0
split_feature=29 8 11 6 14 2 17 20 2 0 18 17 2 8
split_gain=0.0282954 0.0276953 0.0238893 0.0224689 0.0181844 0.0410914 0.0289654 0.0242066 0.0151577 0.0149978 0.0110183 0.00674117 0.00351741 0.0033011
threshold=-0.78830060362815846 -0.13578490912914273 0.14337857812643054 -5.41725730895996 0.76992845535278331 0.77317374944686901 0.62597778439521801 -0.51688721776008595 0.29692064225673681 4.9518909454345712 -3.219908475875854 0.39676490426063543 0.32996766269207006 0.084086939692497267
decision_type=2 2 2 2 2 2 2 2 2 2 2 2 2 2
left_child=8 2 3 -2 7 6 -6 9 -1 -3 -5 -4 -13 -9
right_child=1 4 11 10 5 -7 -8 13 -10 -11 -12 12 -14 -15
leaf_value=0.050004244294671964 0.050007444246722044 -0.050014100378696608 0.050005468989086768 0.050004385229729935 0.050009143317978337 0.050007693935025944 -0.050017679388558479 0.023921484021841539 -0.050044017684317578 0.050015951291727923 -0.050018889864391604 -0.050009535222703551 0.050003654403491749 0.050007729819226715
leaf_weight=0.0042404710547998539 0.007133407983928918 0.012478409484174335 0.013504119124263525 0.002913548960350453 0.0090641130227595568 0.025087607791647315 0.035913226751290495 0.015168116588029079 0.035306144112837501 0.0053554009646177283 0.050057946285960497 0.0031041707406984633 0.0012264627730473876 0.060501237749122083
leaf_count=3 3 127 8 2 3 11 365 21 559 1 894 58 1 27
internal_value=-0.000110945 0.00630886 -0.01822 -0.0332989 0.0179968 -0.00126218 -0.0298597 0.0324281 -0.0393161 -0.0199756 -0.0445174 0.0325976 -0.0216852 0.0447787
internal_weight=0.281054 0.241508 0.0779397 0.0601049 0.163568 0.0700649 0.0449773 0.0935032 0.0395466 0.0178338 0.0529715 0.0178348 0.00433063 0.0756694
internal_count=2083 1521 966 899 555 379 368 176 562 128 896 67 59 48
is_linear=0
shrinkage=0.05


Tree=179
num_leaves=15
num_cat=0
split_feature=29 8 11 6 14 2 17 20 2 0 18 17 2 23
split_gain=0.0269036 0.0262764 0.0227239 0.0213727 0.0174149 0.0469762 0.0279933 0.024958 0.0144179 0.0142662 0.0104808 0.00641237 0.00334584 0.000190911
threshold=-0.78830060362815846 -0.13578490912914273 0.14337857812643054 -5.41725730895996 0.70394772291183483 0.77317374944686901 0.62597778439521801 -0.51688721776008595 0.29692064225673681 4.9518909454345712 -3.219908475875854 0.39676490426063543 0.32996766269207006 0.83587002754211437
decision_type=2 2 2 2 2 2 2 2 2 2 2 2 2 2
left_child=8 2 3 -2 7 6 -6 9 -1 -3 -5 -4 -13 -9
right_child=1 4 11 10 5 -7 -8 13 -10 -11 -12 12 -14 -15
leaf_value=0.050004036188829072 0.050007081280812507 -0.050013412093537893 0.050005201068322194 0.05000417529464584 0.050008696591667484 0.050006966842443247 -0.050017214376645872 0.050009155381840024 -0.050041887588193182 0.050015169228987501 -0.050017971380551342 -0.050009070474656907 0.050003472547522812 0.044083433042886644
leaf_weight=0.0040336771635338655 0.0067855555098503819 0.011869989437400363 0.012845582677982748 0.0027714649913832537 0.008622125955298543 0.029261561809107661 0.037058028567116708 0.044731882051564753 0.033585636725547374 0.0050942925736308089 0.047617443866329268 0.0029528052982641375 0.001166651607491076 0.019524964707670733
leaf_count=3 3 127 8 2 3 14 378 18 559 1 894 58 1 14
internal_value=-0.000111981 0.00629167 -0.0182197 -0.0332984 0.0179286 0.000546076 -0.0311373 0.0339673 -0.0393146 -0.0199753 -0.0445166 0.0325974 -0.021685 0.0482086
internal_weight=0.267922 0.230302 0.0741395 0.0571745 0.156163 0.0749417 0.0456802 0.0812211 0.0376193 0.0169643 0.0503889 0.016965 0.00411946 0.0642568
internal_count=2083 1521 966 899 555 395 381 160 562 128 896 67 59 32
is_linear=0
shrinkage=0.05


end of trees

feature_importances:
Column_2=311
Column_25=147
Column_29=147
Column_18=142
Column_16=127
Column_17=124
Column_0=120
Column_19=115
Column_6=103
Column_1=99
Column_20=89
Column_8=87
Column_10=86
Column_21=83
Column_11=81
Column_24=75
Column_27=69
Column_22=56
Column_26=49
Column_7=46
Column_13=45
Column_9=44
Column_28=37
Column_4=35
Column_14=35
Column_15=32
Column_12=31
Column_23=24
Column_3=23
Column_5=19

parameters:
[boosting: gbdt]
[objective: binary]
[metric: binary_logloss]
[tree_learner: serial]
[device_type: cpu]
[data_sample_strategy: bagging]
[data: ]
[valid: ]
[num_iterations: 180]
[learning_rate: 0.05]
[num_leaves: 15]
[num_threads: 1]
[seed: 20263208]
[deterministic: 1]
[force_col_wise: 1]
[force_row_wise: 0]
[histogram_pool_size: -1]
[max_depth: 5]
[min_data_in_leaf: 10]
[min_sum_hessian_in_leaf: 0.001]
[bagging_fraction: 1]
[pos_bagging_fraction: 1]
[neg_bagging_fraction: 1]
[bagging_freq: 0]
[bagging_seed: 4190]
[bagging_by_query: 0]
[feature_fraction: 1]
[feature_fraction_bynode: 1]
[feature_fraction_seed: 2446]
[extra_trees: 0]
[extra_seed: 13651]
[early_stopping_round: 0]
[early_stopping_min_delta: 0]
[first_metric_only: 0]
[max_delta_step: 0]
[lambda_l1: 0]
[lambda_l2: 0]
[linear_lambda: 0]
[min_gain_to_split: 0]
[drop_rate: 0.1]
[max_drop: 50]
[skip_drop: 0.5]
[xgboost_dart_mode: 0]
[uniform_drop: 0]
[drop_seed: 1549]
[top_rate: 0.2]
[other_rate: 0.1]
[min_data_per_group: 100]
[max_cat_threshold: 32]
[cat_l2: 10]
[cat_smooth: 10]
[max_cat_to_onehot: 4]
[top_k: 20]
[monotone_constraints: ]
[monotone_constraints_method: basic]
[monotone_penalty: 0]
[feature_contri: ]
[forcedsplits_filename: ]
[refit_decay_rate: 0.9]
[cegb_tradeoff: 1]
[cegb_penalty_split: 0]
[cegb_penalty_feature_lazy: ]
[cegb_penalty_feature_coupled: ]
[path_smooth: 0]
[interaction_constraints: ]
[verbosity: -1]
[saved_feature_importance_type: 0]
[use_quantized_grad: 0]
[num_grad_quant_bins: 4]
[quant_train_renew_leaf: 0]
[stochastic_rounding: 1]
[linear_tree: 0]
[max_bin: 255]
[max_bin_by_feature: ]
[min_data_in_bin: 3]
[bin_construct_sample_cnt: 200000]
[data_random_seed: 12557]
[is_enable_sparse: 1]
[enable_bundle: 1]
[use_missing: 1]
[zero_as_missing: 0]
[feature_pre_filter: 1]
[pre_partition: 0]
[two_round: 0]
[header: 0]
[label_column: ]
[weight_column: ]
[group_column: ]
[ignore_column: ]
[categorical_feature: ]
[forcedbins_filename: ]
[precise_float_parser: 0]
[parser_config_file: ]
[objective_seed: 13076]
[num_class: 1]
[is_unbalance: 0]
[scale_pos_weight: 1]
[sigmoid: 1]
[boost_from_average: 1]
[reg_sqrt: 0]
[alpha: 0.9]
[fair_c: 1]
[poisson_max_delta_step: 0.7]
[tweedie_variance_power: 1.5]
[lambdarank_truncation_level: 30]
[lambdarank_norm: 1]
[label_gain: ]
[lambdarank_position_bias_regularization: 0]
[eval_at: ]
[multi_error_top_k: 1]
[auc_mu_weights: ]
[num_machines: 1]
[local_listen_port: 12400]
[time_out: 120]
[machine_list_filename: ]
[machines: ]
[gpu_platform_id: -1]
[gpu_device_id: -1]
[gpu_device_id_list: ]
[gpu_use_dp: 0]
[num_gpu: 1]

end of parameters

pandas_categorical:null
