tree
version=v4
num_class=1
num_tree_per_iteration=1
label_index=0
max_feature_idx=29
objective=binary sigmoid:1
feature_names=Column_0 Column_1 Column_2 Column_3 Column_4 Column_5 Column_6 Column_7 Column_8 Column_9 Column_10 Column_11 Column_12 Column_13 Column_14 Column_15 Column_16 Column_17 Column_18 Column_19 Column_20 Column_21 Column_22 Column_23 Column_24 Column_25 Column_26 Column_27 Column_28 Column_29
feature_infos=[-14.465056419372559:16.050180435180664] [-5.5071315765380859:3.9084405899047852] [-2.151155948638916:2.3282155990600586] [-19.0601806640625:16.528148651123047] [-5.4452581405639648:3.3237748146057129] [-2.4660170078277588:3.0872530937194824] [-16.020393371582031:21.418876647949219] [-6.258213996887207:3.5682578086853027] [-2.1810498237609863:3.0899102687835693] [-17.443681716918945:24.8350830078125] [-3.8597421646118164:3.3576748371124268] [-2.6155023574829102:2.8837234973907471] [-15.048501968383789:23.462350845336914] [-5.4055461883544922:3.0410833358764648] [-2.1716270446777344:2.5270636081695557] [-14.147910118103027:15.684181213378906] [-5.5584955215454102:3.9175608158111572] [-2.1116933822631836:3.0484881401062012] [-18.785226821899414:16.261625289916992] [-5.6321191787719727:3.5281720161437988] [-2.4774274826049805:3.0432083606719971] [-16.113592147827148:21.548595428466797] [-6.2155437469482422:3.5823004245758057] [-3.2392838001251221:3.0817248821258545] [-17.768163681030273:22.712202072143555] [-4.8977489471435547:3.4244866371154785] [-2.6561813354492188:2.9100906848907471] [-15.052206993103027:16.396575927734375] [-5.3549332618713379:3.3094878196716309] [-2.1988983154296875:2.6887021064758301]
tree_sizes=1594 1599 1606 1601 1608 1501 1499 1600 1610 1612 1602 1721 1712 1602 1711 1707 1710 1714 1721 1715 1721 1718 1716 1716 1710 1712 1710 1714 1720 1706 1721 1716 1713 1721 1713 1719 1719 1718 1715 1717 1722 1712 1723 1715 1719 1728 1511 1725 1506 1509 1509 1514 1409 1412 1409 1511 1404 1406 1513 1415 1513 1518 1519 1520 1514 1722 1624 1522 1523 1515 1724 1516 1731 1734 1523 1507 1727 1523 1740 1415 1516 1734 1736 1527 1727 1732 1734 1739 1742 1736 1732 1741 1741 1742 1747 1740 1741 1746 1741 1747 1542 1747 1736 1738 1431 1742 1747 1746 1752 1744 1751 1434 1753 1540 1430 1428 1539 1431 1751 1755 1763 1651 1548 1433 1758 1756 1764 1541 1767 1771 1763 1764 1764 1767 1766 1762 1769 1766 1771 1763 1766 1770 1772 1668 1762 1764 1772 1768 1774 1774 1777 1778 1776 1779 1787 1779 1783 1784 1790 1782 1785 1788 1787 1786 1787 1790 1792 1580 1802 1797 1798 1798 1795 1798 1805 1802 1802 1805 1805 1801

Tree=0
num_leaves=14
num_cat=0
split_feature=27 25 12 27 0 0 0 16 7 24 4 3 0
split_gain=348.181 386.82 324.592 263.159 149.772 58.3454 57.9661 13.6929 31.9264 2.37694 3.94226 0.00368523 1.42109e-14
threshold=-2.5007592439651485 -0.97355428338050831 -2.4902076721191402 0.37243475019931799 5.7447481155395517 -1.6268026828765867 -2.1198164224624629 -0.70808944106101979 0.892888903617859 -1.6589648723602293 1.8444231152534487 0.57796931266784679 2.1155046224594121
decision_type=2 2 2 2 2 2 2 2 2 2 2 2 2
left_child=9 3 -3 5 6 -2 -4 11 -9 -1 -11 -5 -7
right_child=1 2 4 7 -6 12 -8 8 -10 10 -12 -13 -14
leaf_value=0.099999990944678582 0.099999990944678582 0.094764136151252051 0.023879671303489135 0.099319569516237841 0.099999990944678582 -0.10000000905532141 -0.082460723982583847 -0.013834339132214544 0.099999990944678582 0.058585452336900837 0.099999990944678582 0.099999990944678582 -0.10000000905532143
leaf_weight=58.709674835205078 4.1935482025146475 34.450268641114235 13.540713667869566 37.870774254202843 12.580644607543944 25.510405451059345 239.09459166228771 9.7336867600679415 16.774192810058594 10.577383741736414 12.580644607543944 41.935482025146484 2.4479681998491278
leaf_count=14 1 15 42 10 3 198 1698 44 4 19 3 10 19
internal_value=-9.50809e-09 -0.0176858 -0.0496214 0.0514287 -0.0683764 -0.0739142 -0.0767611 0.0893354 0.0582001 0.0946492 0.081084 0.0996771 -0.1
internal_weight=520 438.132 299.666 138.466 265.216 32.1519 252.635 106.314 26.5079 81.8677 23.158 79.8063 27.9584
internal_count=2080 2044 1758 286 1743 218 1740 68 48 36 22 20 217
is_linear=0
shrinkage=1


Tree=1
num_leaves=14
num_cat=0
split_feature=27 25 12 27 0 11 0 16 7 24 28 24 1
split_gain=314.957 349.803 293.499 238.068 135.42 53.6632 52.7931 12.4604 57.3454 2.16592 3.84963 0.230479 1.42109e-14
threshold=-2.5007592439651485 -0.97355428338050831 -2.4902076721191402 0.37243475019931799 5.7447481155395517 0.22679913043975833 -1.6268026828765867 -0.16347877681255338 0.892888903617859 -1.6589648723602293 1.8954367041587832 1.1696951389312746 0.70353993773460399
decision_type=2 2 2 2 2 2 2 2 2 2 2 2 2
left_child=9 3 -3 6 5 -4 -2 11 -9 -1 -11 -5 -8
right_child=1 2 4 7 -6 -7 12 8 -10 10 -12 -13 -14
leaf_value=0.0952418724390309 0.0952418724390309 0.090231756298083554 -0.096164061119683078 0.090223223856587556 0.0952418724390309 -0.050038301707744731 -0.095241870638644144 -0.099313051784766404 0.0952418724390309 0.054920148952657455 0.095880242207965177 0.095678980195379959 -0.095241870638644241
leaf_weight=58.563142776489258 4.183081626892089 34.373040080070496 125.79658569395542 30.054550111293793 12.549244880676268 126.43079316616058 3.5985282063484219 4.8957019746303585 16.732326507568359 10.561442494392397 12.556115150451658 54.391321659088135 24.29006539285183
leaf_count=14 1 15 978 13 3 762 28 38 4 19 3 13 189
internal_value=4.27099e-07 -0.0168338 -0.047223 0.0489728 -0.0650672 -0.0730432 -0.0703972 0.0850646 0.0512026 0.0901263 0.0771673 0.0937373 -0.0952419
internal_weight=518.976 437.295 299.15 138.146 264.777 252.227 32.0717 106.074 21.628 81.6807 23.1176 84.4459 27.8886
internal_count=2080 2044 1758 286 1743 1740 218 68 42 36 22 26 217
is_linear=0
shrinkage=0.05


Tree=2
num_leaves=14
num_cat=0
split_feature=27 25 12 27 0 0 0 16 10 24 28 8 0
split_gain=286.096 317.455 266.266 216.336 122.838 52.0812 47.997 11.5129 28.5005 2.01105 3.53924 0.00443912 1.42109e-14
threshold=-2.5007592439651485 -0.97355428338050831 -2.4902076721191402 0.37243475019931799 5.7447481155395517 -2.1198164224624629 -1.6268026828765867 -0.70808944106101979 1.202126741409302 -1.6589648723602293 1.8954367041587832 0.26361478865146643 1.9815219044685366
decision_type=2 2 2 2 2 2 2 2 2 2 2 2 2
left_child=9 3 -3 6 5 -4 -2 11 -9 -1 -11 -5 -8
right_child=1 2 4 7 -6 -7 12 8 -10 10 -12 -13 -14
leaf_value=0.091131788897247212 0.091131788897247129 0.086274607560424807 0.025702709867451941 0.090490044356754062 0.091131788897247212 -0.075132153343309541 -0.091131784536953128 -0.015526687256447222 0.092373804752422559 0.052324480084955716 0.091686307483285864 0.091240321905472904 -0.091131784536953142
leaf_weight=58.153714179992676 4.1538367271423366 34.157188028097153 13.535037010908125 37.516089260578156 12.461510181427 237.61045055091381 24.885969087481502 9.6774001717567462 16.648043632507324 10.531805306673052 12.475789546966551 41.5488600730896 2.8076477944850913
leaf_count=14 1 15 42 10 3 1698 195 44 4 19 3 10 22
internal_value=1.83916e-06 -0.0160772 -0.0450751 0.0468393 -0.0620949 -0.0696978 -0.0673593 0.0813485 0.0527089 0.0861812 0.0736683 0.0908843 -0.0911318
internal_weight=516.163 435.002 297.764 137.238 263.607 251.145 31.8475 105.39 26.3254 81.1613 23.0076 79.0649 27.6936
internal_count=2080 2044 1758 286 1743 1740 218 68 48 36 22 20 217
is_linear=0
shrinkage=0.05


Tree=3
num_leaves=14
num_cat=0
split_feature=27 25 12 27 0 3 0 16 27 24 4 6 0
split_gain=260.827 288.99 242.292 197.272 111.757 49.2511 43.8163 10.6825 27.7915 1.89476 3.50681 0.00424995 1.42109e-14
threshold=-2.5007592439651485 -0.97355428338050831 -2.4902076721191402 0.37243475019931799 5.7447481155395517 -2.0640577077865596 -1.6268026828765867 -0.70808944106101979 8.5079948902130145 -1.6589648723602293 1.8444231152534487 0.8069019913673402 0.036593606695532806
decision_type=2 2 2 2 2 2 2 2 2 2 2 2 2
left_child=9 3 -3 6 5 -4 -2 11 -9 -1 -11 -5 -8
right_child=1 2 4 7 -6 -7 12 8 -10 10 -12 -13 -14
leaf_value=0.08754910124427924 0.087549101244279171 0.08278773879307802 0.024924867652651676 0.086912697714741527 0.08754910124427924 -0.07206860951070837 -0.087549098685362189 -0.017144653728046411 0.0897105602471861 0.04923371002473366 0.088556806794994503 0.087650789888741976 -0.087549098685362231
leaf_weight=57.522244453430176 4.1087317466735866 33.824182748794556 13.85784527659416 37.112872749567032 12.32619524002075 235.57431757450104 6.4379633814096477 9.627337113022806 16.537765979766846 10.470809400081636 12.364906311035154 41.102964878082275 20.954939633607864
leaf_count=14 1 15 45 10 3 1695 51 44 4 19 3 10 166
internal_value=4.17041e-06 -0.0153996 -0.0431444 0.044953 -0.0594172 -0.0666799 -0.0647112 0.0780491 0.0503936 0.0827116 0.0705261 0.0873006 -0.0875491
internal_weight=511.823 431.465 295.583 135.883 261.758 249.432 31.5016 104.381 26.1651 80.358 22.8357 78.2158 27.3929
internal_count=2080 2044 1758 286 1743 1740 218 68 48 36 22 20 217
is_linear=0
shrinkage=0.05


Tree=4
num_leaves=14
num_cat=0
split_feature=27 25 12 27 0 11 0 16 7 24 28 8 0
split_gain=238.532 263.763 221.024 180.456 101.922 49.2001 40.1434 10.0111 55.2319 1.80952 3.2914 0.00419105 1.42109e-14
threshold=-2.5007592439651485 -0.97355428338050831 -2.4902076721191402 0.37243475019931799 5.7447481155395517 0.22679913043975833 -1.6268026828765867 -0.70808944106101979 0.55877158045768749 -1.6589648723602293 1.8954367041587832 0.26361478865146643 1.8134222626686098
decision_type=2 2 2 2 2 2 2 2 2 2 2 2 2
left_child=9 3 -3 6 5 -4 -2 11 -9 -1 -11 -5 -8
right_child=1 2 4 7 -6 -7 12 8 -10 10 -12 -13 -14
leaf_value=0.084401505087516981 0.084401505087516898 0.079690039224134507 -0.086373443867439142 0.083762139071946518 0.084401505087516981 -0.041763000691092379 -0.084401501279126406 -0.094293951467669473 0.085558940380619911 0.047026715818251956 0.085296628367803065 0.084500314816891409 -0.08440150127912642
leaf_weight=56.704395294189453 4.0503139495849636 33.39278406649828 122.81934027373791 36.589918032288551 12.150941848754881 124.41610662639141 23.145798325538639 5.38573890924454 20.581164225935936 10.41372135281563 12.200711727142332 40.524439811706543 3.8576330542564383
leaf_count=14 1 15 978 10 3 762 186 42 6 19 3 10 31
internal_value=7.13086e-06 -0.0147869 -0.0413885 0.043277 -0.0569759 -0.0639242 -0.0623847 0.0751081 0.048256 0.0796323 0.0676737 0.0841501 -0.0844015
internal_weight=506.233 426.914 292.779 134.135 259.386 247.235 31.0537 103.081 25.9669 79.3188 22.6144 77.1144 27.0034
internal_count=2080 2044 1758 286 1743 1740 218 68 48 36 22 20 217
is_linear=0
shrinkage=0.05


Tree=5
num_leaves=13
num_cat=0
split_feature=27 25 12 27 0 23 6 16 7 24 4 6
split_gain=218.756 241.357 202.056 165.694 93.1464 46.8768 36.8943 9.31722 50.5324 1.74626 3.29716 0.00409637
threshold=-2.5007592439651485 -0.97355428338050831 -2.4902076721191402 0.37243475019931799 5.7447481155395517 0.1227882467210293 7.3752131462097177 -0.70808944106101979 0.55877158045768749 -1.6589648723602293 1.8444231152534487 0.8069019913673402
decision_type=2 2 2 2 2 2 2 2 2 2 2 2
left_child=9 3 -3 6 5 -4 -2 11 -9 -1 -11 -5
right_child=1 2 4 7 -6 -7 -8 8 -10 10 -12 -13
leaf_value=0.081617120625923911 -0.081617124101598895 0.076917759573484706 -0.084758585956422869 0.080974365486122121 0.081617120625923911 -0.04089122916670665 0.081617120625923911 -0.090315883052306131 0.082527941346717482 0.044341056886970293 0.082863090771354952 0.081710441607177983
leaf_weight=55.731335639953613 26.540045596659187 32.879409074783325 114.31825597584248 35.968325465917587 11.942429065704344 130.32838559150696 3.9808096885681143 5.3428307622671154 20.277765676379204 10.320662736892702 12.028756141662596 39.834356784820557
leaf_count=14 217 15 918 10 3 822 1 42 6 19 3 10
internal_value=1.01918e-05 -0.0142329 -0.0397799 0.041814 -0.0547336 -0.0613895 -0.0603266 0.0725508 0.0464837 0.0768819 0.0650741 0.0813612
internal_weight=499.493 421.413 289.468 131.944 256.589 244.647 30.5209 101.423 25.6206 78.0808 22.3494 75.8027
internal_count=2080 2044 1758 286 1743 1740 218 68 48 36 22 20
is_linear=0
shrinkage=0.05


Tree=6
num_leaves=13
num_cat=0
split_feature=27 25 12 27 0 11 6 16 7 24 28 8
split_gain=201.098 221.286 185.031 152.573 85.2668 46.5761 34.0027 8.68407 46.3827 1.70178 3.14038 0.00409852
threshold=-2.5007592439651485 -0.97355428338050831 -2.4902076721191402 0.37243475019931799 5.7447481155395517 0.22679913043975833 7.3752131462097177 -0.70808944106101979 0.55877158045768749 -1.6589648723602293 1.8954367041587832 0.26361478865146643
decision_type=2 2 2 2 2 2 2 2 2 2 2 2
left_child=9 3 -3 6 5 -4 -2 11 -9 -1 -11 -5
right_child=1 2 4 7 -6 -7 -8 8 -10 10 -12 -13
leaf_value=0.079139116851135893 -0.079139117296554762 0.074420101471115871 -0.081276253486842531 0.07848653101602529 0.079139116851135893 -0.037381973190878784 0.079139116851135893 -0.086841063144075359 0.079833503213093238 0.042428083479000012 0.080261082995685684 0.079230119447115221
leaf_weight=54.630312442779541 26.015723526477817 32.298414669930935 119.24883744865656 35.264134451746941 11.706495523452757 122.53514502197504 3.902165174484252 5.2803220152854946 19.922963127493858 10.245450019836428 11.805090904235838 39.053547143936157
leaf_count=14 217 15 978 10 3 762 1 42 6 19 3 10
internal_value=1.39621e-05 -0.0137243 -0.0382891 0.0405126 -0.05265 -0.0590308 -0.058495 0.0702761 0.0449136 0.0744068 0.0626826 0.0788773
internal_weight=491.909 415.228 285.789 129.439 253.49 241.784 29.9179 99.521 25.2033 76.6809 22.0505 74.3177
internal_count=2080 2044 1758 286 1743 1740 218 68 48 36 22 20
is_linear=0
shrinkage=0.05


Tree=7
num_leaves=14
num_cat=0
split_feature=27 25 12 27 0 0 0 16 7 24 4 6 27
split_gain=185.275 203.315 169.77 140.847 78.2082 45.5551 31.4155 8.10508 42.6951 1.67081 3.16885 0.00406971 7.10543e-15
threshold=-2.5007592439651485 -0.97355428338050831 -2.4902076721191402 0.37243475019931799 5.7447481155395517 -2.1198164224624629 -1.6268026828765867 -0.70808944106101979 0.55877158045768749 -1.6589648723602293 1.8444231152534487 0.8069019913673402 -1.0966410040855405
decision_type=2 2 2 2 2 2 2 2 2 2 2 2 2
left_child=9 3 -3 6 5 -4 -2 11 -9 -1 -11 -5 -8
right_child=1 2 4 7 -6 -7 12 8 -10 10 -12 -13 -14
leaf_value=0.076921968190792778 0.076921968190792708 0.072156016066531589 0.032683652662026955 0.076259297338192505 0.076921968190792778 -0.062193872027271939 -0.076921963366480994 -0.083782654590616235 0.077423730466821869 0.04004746802432943 0.078328773822353037 0.077008508235542852 -0.07692196336648105
leaf_weight=53.425141334533691 3.8160815238952663 31.662369139492512 13.40502195060253 34.494192093610764 11.448244571685789 225.14639485627413 9.9656840786337888 5.2013892754912403 19.525919675827026 10.130348399281504 11.591557979583738 38.197393178939819 15.476121157407757
leaf_count=14 1 15 42 10 3 1698 85 42 6 19 3 10 132
internal_value=1.73379e-05 -0.0132606 -0.0369214 0.0393483 -0.050736 -0.0568624 -0.0568562 0.0682415 0.043514 0.072168 0.0604757 0.076653 -0.076922
internal_weight=483.486 408.339 281.662 126.677 250 238.551 29.2579 97.4189 24.7273 75.147 21.7219 72.6916 25.4418
internal_count=2080 2044 1758 286 1743 1740 218 68 48 36 22 20 217
is_linear=0
shrinkage=0.05


Tree=8
num_leaves=14
num_cat=0
split_feature=27 25 12 27 0 11 0 16 7 24 28 20 0
split_gain=171.017 187.116 156.004 130.316 71.8429 44.848 29.0895 7.5745 39.4 1.65202 3.05094 0.00414891 1.42109e-14
threshold=-2.5007592439651485 -0.97355428338050831 -2.4902076721191402 0.37243475019931799 5.7447481155395517 0.22679913043975833 -1.6268026828765867 -0.70808944106101979 0.55877158045768749 -1.6589648723602293 1.8954367041587832 0.31491637229919439 1.1575046777725222
decision_type=2 2 2 2 2 2 2 2 2 2 2 2 2
left_child=9 3 -3 6 5 -4 -2 11 -9 -1 -11 -5 -8
right_child=1 2 4 7 -6 -7 12 8 -10 10 -12 -13 -14
leaf_value=0.074928723383346205 0.074928723383346135 0.070092003392995136 -0.077183623444351313 0.074249116895622844 0.074928723383346205 -0.033493461160131487 -0.074928714745153405 -0.081072809522972022 0.075256808214534066 0.038359504467849373 0.076211217045378157 0.075014796592685271 -0.074928714745153432
leaf_weight=52.136637210845947 3.7240455150604275 30.982250645756721 114.86348751187325 33.669315621256828 11.172136545181273 120.20826334506273 14.874037802219393 5.1088077649474171 19.094642654061317 10.043845452368261 11.327508449554442 37.283234119415283 9.9541637599468213
leaf_count=14 1 15 978 10 3 762 130 42 6 19 3 10 87
internal_value=2.16321e-05 -0.0128321 -0.0356498 0.0383016 -0.0489541 -0.0548419 -0.0553829 0.0664123 0.0422591 0.0701297 0.0584221 0.0746515 -0.0749287
internal_weight=474.442 400.934 277.226 123.708 246.244 235.072 28.5522 95.156 24.2035 73.508 21.3714 70.9525 24.8282
internal_count=2080 2044 1758 286 1743 1740 218 68 48 36 22 20 217
is_linear=0
shrinkage=0.05


Tree=9
num_leaves=14
num_cat=0
split_feature=27 25 12 27 0 23 0 16 7 24 4 15 0
split_gain=158.13 172.467 143.54 120.817 66.082 45.2445 26.9895 7.08728 36.4409 1.64202 3.09296 0.00425232 1.42109e-14
threshold=-2.5007592439651485 -0.97355428338050831 -2.4902076721191402 0.37243475019931799 5.7447481155395517 0.1227882467210293 -1.6268026828765867 -0.70808944106101979 0.55877158045768749 -1.6589648723602293 1.8444231152534487 0.89720386266708385 -0.74902620911598194
decision_type=2 2 2 2 2 2 2 2 2 2 2 2 2
left_child=9 3 -3 6 5 -4 -2 11 -9 -1 -11 -5 -8
right_child=1 2 4 7 -6 -7 12 8 -10 10 -12 -13 -14
leaf_value=0.073129102985587308 0.073129102985587238 0.068200381432972954 -0.076786910475657499 0.072429814146468027 0.073129102985587308 -0.032444976677988735 -0.073129106235631416 -0.078657670267568466 0.073298645025102083 0.036215517477522774 0.074651495866066786 0.073215156037063842 -0.073129106235631763
leaf_weight=50.782958030700684 3.6273541450500515 30.267646677792072 107.00249372422695 32.802304975688457 10.882062435150145 124.41876408457756 1.5602296143770278 5.0050044581294086 18.636128932237625 9.9143814221024531 11.087392807006834 36.322846412658691 22.623329408466812
leaf_count=14 1 15 918 10 3 822 14 42 6 19 3 10 203
internal_value=2.51103e-05 -0.012435 -0.0344611 0.0373562 -0.0472852 -0.0529474 -0.0540528 0.0647603 0.0411284 0.068266 0.0565069 0.0728425 -0.0731291
internal_weight=464.933 393.148 272.571 120.577 242.303 231.421 27.8109 92.7663 23.6411 71.7847 21.0018 69.1252 24.1836
internal_count=2080 2044 1758 286 1743 1740 218 68 48 36 22 20 217
is_linear=0
shrinkage=0.05


Tree=10
num_leaves=14
num_cat=0
split_feature=27 25 12 27 0 3 0 16 7 24 28 8 0
split_gain=146.425 159.13 132.18 112.215 60.8307 43.7573 25.0863 6.63901 33.7719 1.64038 3.00142 0.00437073 7.10543e-15
threshold=-2.5007592439651485 -0.97355428338050831 -2.4902076721191402 0.37243475019931799 5.7447481155395517 -2.0640577077865596 -1.6268026828765867 -0.70808944106101979 0.55877158045768749 -1.6589648723602293 1.8954367041587832 0.26361478865146643 1.2703455090522768
decision_type=2 2 2 2 2 2 2 2 2 2 2 2 2
left_child=9 3 -3 6 5 -4 -2 11 -9 -1 -11 -5 -8
right_child=1 2 4 7 -6 -7 12 8 -10 10 -12 -13 -14
leaf_value=0.071498058623808605 0.071498058623808536 0.066458105320135602 0.036277436734535186 0.070776823583818954 0.071498058623808605 -0.056633822908153802 -0.07149805900925385 -0.07649397812269107 0.0715211478584801 0.034705228744504935 0.072900782548481508 0.071584164153018534 -0.071498059009253864
leaf_weight=49.37992525100708 3.5271375179290798 29.526914678514004 13.468804560601709 31.90343315154314 10.58141255378723 214.26970532536507 15.496333405375482 4.8920999169349697 18.156481802463531 9.8216484412550944 10.797757863998411 35.327374458312988 8.0190816223621351
leaf_count=14 1 15 45 10 3 1695 143 42 6 19 3 10 74
internal_value=2.9194e-05 -0.0120604 -0.0333304 0.036499 -0.0456938 -0.0511389 -0.0528472 0.0632621 0.0401047 0.066552 0.0547071 0.0712011 -0.0714981
internal_weight=455.168 385.169 267.847 117.322 238.32 227.739 27.0426 90.2794 23.0486 69.9993 20.6194 67.2308 23.5154
internal_count=2080 2044 1758 286 1743 1740 218 68 48 36 22 20 217
is_linear=0
shrinkage=0.05


Tree=11
num_leaves=15
num_cat=0
split_feature=27 25 12 27 23 2 0 16 7 24 4 11 12 0
split_gain=135.772 147.02 121.867 104.397 59.1101 166.864 23.3553 6.22577 31.3548 1.64472 3.05124 0.160961 0.00443408 7.10543e-15
threshold=-2.5007592439651485 -0.97355428338050831 -2.4902076721191402 0.37243475019931799 0.05148476921021939 -0.11305008083581923 -1.6268026828765867 -0.70808944106101979 0.55877158045768749 -1.6589648723602293 1.8444231152534487 0.22679913043975833 0.81068596243858349 2.3648204803466801
decision_type=2 2 2 2 2 2 2 2 2 2 2 2 2 2
left_child=9 3 -3 6 11 -6 -2 12 -9 -1 -11 -4 -5 -8
right_child=1 2 4 7 5 -7 13 8 -10 10 -12 -13 -14 -15
leaf_value=0.070014654436441268 0.070014654436441184 0.064845796425521574 -0.071792494685704242 0.069272690553383767 -0.063798696170504848 0.052436943047783707 -0.070014655586632432 -0.074546537812872668 0.069900969480878636 0.032749968189380134 0.071625222935692331 -0.075865164376190994 0.070097867201089264 -0.070014655586632432
leaf_weight=47.941304206848145 3.4243788719177273 28.7673269957304 56.63305539637804 30.983732111752033 87.300009481608868 47.772500090301037 21.041773259639744 4.7719464376568821 17.661017060279846 9.6836923062801379 10.542504549026487 42.442041456699371 34.304413318634033 1.7885507270693768
leaf_count=14 1 15 521 10 706 149 200 42 6 19 3 367 10 17
internal_value=3.38888e-05 -0.011711 -0.0322722 0.0357188 -0.0442041 -0.0226884 -0.0517508 0.0618982 0.0391741 0.06497 0.0530129 -0.0735372 0.0697063 -0.0700147
internal_weight=445.058 376.891 262.915 113.976 234.148 135.073 26.2547 87.7211 22.433 68.1675 20.2262 99.0751 65.2881 22.8303
internal_count=2080 2044 1758 286 1743 855 218 68 48 36 22 888 20 217
is_linear=0
shrinkage=0.05


Tree=12
num_leaves=15
num_cat=0
split_feature=27 25 12 27 23 2 0 16 7 24 21 28 11 6
split_gain=126.05 135.877 112.34 97.27 56.3044 153.751 21.776 5.84416 29.1583 1.65502 3.06123 6.00376 0.128754 0.00454307
threshold=-2.5007592439651485 -0.97355428338050831 -2.4902076721191402 0.37243475019931799 0.05148476921021939 0.58391505479812633 -1.6268026828765867 -0.70808944106101979 0.55877158045768749 -1.6589648723602293 -1.2265926003456114 2.5125095844268803 0.22679913043975833 0.8069019913673402
decision_type=2 2 2 2 2 2 2 2 2 2 2 2 2 2
left_child=9 3 -3 6 12 -6 -2 13 -9 -1 -11 -12 -4 -5
right_child=1 2 4 7 5 -7 -8 8 -10 10 11 -13 -14 -15
leaf_value=0.068661263549743834 0.068661263549743765 0.06334702665578977 -0.070286245771993425 0.067894876381489042 -0.044583184597003556 0.10395517834380855 -0.06866126494062319 -0.072786428640641027 0.068418512454028385 0.076463896513618554 -0.0016992801844502249 0.068425976690178733 -0.073978479323260946 0.068743057795592866
leaf_weight=46.47904109954834 3.3199315071105984 27.995194330811501 54.995880343019962 30.047926373779774 113.36805970966816 20.584609068930149 22.133973717689514 4.6461602672934559 17.154357083141804 7.5487127304077175 5.677095562219618 6.6013097763061523 41.375233016908169 33.265401363372803
leaf_count=14 1 15 521 10 839 16 217 42 6 2 18 2 367 10
internal_value=3.16751e-05 -0.0113769 -0.0312302 0.0350063 -0.0427258 -0.0217572 -0.0507504 0.0606525 0.0383247 0.0635019 0.0514073 0.0360026 -0.0718714 0.0683405
internal_weight=435.193 368.887 258.319 110.568 230.324 133.953 25.4539 85.1138 21.8005 66.3062 19.8271 12.2784 96.3711 63.3133
internal_count=2080 2044 1758 286 1743 855 218 68 48 36 22 20 888 20
is_linear=0
shrinkage=0.05


Tree=13
num_leaves=14
num_cat=0
split_feature=27 25 12 27 9 21 27 0 16 7 24 4 8
split_gain=117.142 125.741 103.688 90.7527 54.6745 78.9899 39.699 20.331 5.49115 27.1555 1.6738 3.16643 0.00469049
threshold=-2.5007592439651485 -0.97355428338050831 -2.4902076721191402 0.37243475019931799 1.0743731260299685 -0.04351352155208587 -1.349632143974304 -1.6268026828765867 -0.70808944106101979 0.55877158045768749 -1.6589648723602293 1.8444231152534487 0.26361478865146643
decision_type=2 2 2 2 2 2 2 2 2 2 2 2 2
left_child=10 3 -3 7 6 -6 -4 -2 12 -10 -1 -12 -5
right_child=1 2 4 8 5 -7 -8 -9 9 -11 11 -13 -14
leaf_value=0.067422960144048 0.067422960144047916 0.061947789471951759 0.01511495854729533 0.066628779404255378 -0.053291147192300561 0.073680846021755217 -0.0623983101786919 -0.067422957658245949 -0.071189659261467836 0.067057208335836893 0.029025975732783441 0.06941258404804973 0.067504504937719007
leaf_weight=45.003463268280029 3.2145330905914333 27.215979285538197 18.439832165837288 29.102692738175392 26.581202909350395 22.717121675610542 158.52544264495373 21.431284070014954 4.5161490663886097 16.640510216355324 9.4061759710311907 10.026755094528196 32.217648983001709
leaf_count=14 1 15 99 10 211 41 1392 217 42 6 19 3 10
internal_value=3.19113e-05 -0.011064 -0.0302579 0.0343536 -0.0413488 0.00521872 -0.0543214 -0.0498351 0.0595108 0.0375467 0.0621275 0.0498641 0.0670889
internal_weight=425.039 360.602 253.48 107.123 226.264 49.2983 176.965 24.6458 82.477 21.1567 64.4364 19.4329 61.3203
internal_count=2080 2044 1758 286 1743 252 1491 218 68 48 36 22 20
is_linear=0
shrinkage=0.05


Tree=14
num_leaves=15
num_cat=0
split_feature=6 1 10 21 19 18 13 23 24 22 7 4 13 12
split_gain=109.262 121.624 114.624 69.1737 73.2513 68.2464 46.1322 37.3915 35.0538 9.75514 6.02428 19.885 1.49378 0.148778
threshold=-2.19814121723175 -0.9439428150653838 -0.80940505862236012 -1.1552091836929319 -1.0925839543342588 -3.5163445472717281 0.21503715962171557 2.1583696603775029 0.46207317709922796 0.87872168421745311 0.28324213624000555 0.67842391133308422 -1.0747699737548826 -1.2016260623931883
decision_type=2 2 2 2 2 2 2 2 2 2 2 2 2 2
left_child=10 2 12 6 8 -4 -3 -6 -5 -8 11 -1 -2 -7
right_child=1 3 5 4 7 13 9 -9 -10 -11 -12 -13 -14 -15
leaf_value=-0.070952717010672461 0.065813238099849666 -0.072148207515280741 0.06653631736598821 -0.071463418077877913 -0.057188463611387269 -0.090443995945729883 0.0071474483243179308 0.065208070013680133 0.079150549706955065 0.073889858535984385 0.06915051320751478 0.067971404625395346 0.080658499076557338 -0.071691817487955709
leaf_weight=3.5058318376541129 34.397112339735031 8.6474769264459592 12.523794889450071 5.0246421694755581 174.40326278656721 1.0978050827980066 7.1138559877872494 6.4714012145996085 16.712540723383427 23.762154340744019 49.072204612195492 9.7095746994018537 33.399133443832397 28.975226774811745
leaf_count=33 12 82 4 47 1539 10 33 3 8 7 18 3 10 271
internal_value=3.27929e-05 -0.0107537 0.0327414 -0.0305838 -0.0423871 -0.031535 0.0299247 -0.0528093 0.0443355 0.0585124 0.0610811 0.0311171 0.0731266 -0.0723764
internal_weight=414.816 352.528 110.393 242.135 202.612 42.5968 39.5235 180.875 21.7372 30.876 62.2876 13.2154 67.7962 30.073
internal_count=2080 2026 307 1719 1597 285 122 1542 55 40 54 36 22 281
is_linear=0
shrinkage=0.05


Tree=15
num_leaves=15
num_cat=0
split_feature=6 1 10 21 19 18 13 23 24 4 7 4 8 12
split_gain=101.828 112.79 106.842 63.9556 67.6982 63.6175 42.7547 34.5842 32.5294 7.64714 5.6056 18.5642 1.30596 0.129403
threshold=-2.19814121723175 -0.9439428150653838 -0.80940505862236012 -1.1552091836929319 -1.0925839543342588 -3.5163445472717281 0.21503715962171557 2.1583696603775029 0.46207317709922796 0.57222673296928417 0.28324213624000555 0.67842391133308422 0.36734391748905187 -1.2016260623931883
decision_type=2 2 2 2 2 2 2 2 2 2 2 2 2 2
left_child=10 2 12 6 8 -4 -3 -6 -5 -8 11 -1 -2 -7
right_child=1 3 5 4 7 13 9 -9 -10 -11 -12 -13 -14 -15
leaf_value=-0.069529398231232734 0.06472568807291347 -0.070707002611108197 0.065472262763670658 -0.070000278747764419 -0.055577338451553986 -0.087906590233358062 0.018915918468110051 0.063994157628434717 0.077199303484173143 0.073567616641763617 0.067839675967840005 0.066797170866234531 0.078820850979023957 -0.070219786701694306
leaf_weight=3.401367560029029 33.223311886191368 8.3891003057360631 12.101666212081907 4.8769285678863552 170.58380814641714 1.0736299902200723 9.2112453132867831 6.2695772722363463 16.288988791406155 20.97824726998806 47.557824909687042 9.3942422866821271 32.51830530166626 28.125063464045525
leaf_count=33 12 82 4 47 1539 10 32 3 8 8 18 3 10 271
internal_value=3.70723e-05 -0.0104829 0.0321045 -0.0297504 -0.0412246 -0.0309196 0.0291455 -0.0513384 0.0432824 0.0568926 0.0599356 0.0305584 0.0716977 -0.0708701
internal_weight=403.993 343.64 107.042 236.598 198.019 41.3004 38.5786 176.853 21.1659 30.1895 60.3534 12.7956 65.7416 29.1987
internal_count=2080 2026 307 1719 1597 285 122 1542 55 40 54 36 22 281
is_linear=0
shrinkage=0.05


Tree=16
num_leaves=15
num_cat=0
split_feature=6 1 10 18 21 19 24 22 24 27 7 4 13 12
split_gain=94.9994 104.662 99.7062 59.3835 59.1583 63.6126 51.4684 39.5729 36.3168 21.5047 5.22035 17.3525 1.1615 0.113019
threshold=-2.19814121723175 -0.9439428150653838 -0.80940505862236012 -3.5163445472717281 -1.1552091836929319 -0.75463879108428944 0.36849424242973333 0.87872168421745311 -1.4714705348014829 -2.5007592439651485 0.28324213624000555 0.67842391133308422 -1.0747699737548826 -1.2016260623931883
decision_type=2 2 2 2 2 2 2 2 2 2 2 2 2 2
left_child=10 2 12 -4 7 6 -6 9 -7 -3 11 -1 -2 -5
right_child=1 4 3 13 5 8 -8 -9 -10 -11 -12 -13 -14 -15
leaf_value=-0.068228211626424673 0.063657128761111806 0.067761993239532123 0.06449207222425804 -0.08560730310543449 -0.0684678664222068 0.027984847281220627 0.060255684904489987 0.069923879181531798 -0.06088821749408118 -0.069711361633650437 0.066625625060946908 0.065717808252345022 0.077162945986558429 -0.06887494146765312
leaf_weight=3.2956053018569937 31.992241755127907 3.815870374441146 11.681953668594359 1.0479925349354768 11.32362876832485 12.485438033938406 24.712588056921959 22.729818925261497 144.89953017234802 11.177268415689467 46.041685305535793 9.0790979862213117 31.685708284378052 27.262392669916153
leaf_count=33 12 2 4 10 113 62 32 9 1390 111 18 3 10 271
internal_value=4.09013e-05 -0.0102244 0.031518 -0.0303563 -0.0289463 -0.0401171 0.019807 0.0283314 -0.0538379 -0.0347233 0.0588766 0.0300456 0.0703775 -0.0694943
internal_weight=393.231 334.814 103.67 39.9923 231.144 193.421 36.0362 37.723 157.385 14.9931 58.4164 12.3747 63.678 28.3104
internal_count=2080 2026 307 285 1719 1597 145 122 1452 113 54 36 22 281
is_linear=0
shrinkage=0.05


Tree=17
num_leaves=15
num_cat=0
split_feature=6 1 10 18 21 19 16 13 23 4 7 4 8 27
split_gain=88.7407 97.3065 93.1465 55.5004 54.783 58.9173 48.0947 36.9991 34.1455 6.86907 4.86514 16.2384 1.01795 0.0860363
threshold=-2.19814121723175 -0.9439428150653838 -0.80940505862236012 -3.5163445472717281 -1.1552091836929319 -0.75463879108428944 -0.55244621634483326 0.21503715962171557 2.1583696603775029 0.57222673296928417 0.28324213624000555 0.67842391133308422 0.36734391748905187 -0.50724968314170826
decision_type=2 2 2 2 2 2 2 2 2 2 2 2 2 2
left_child=10 2 12 -4 7 6 -6 -3 -7 -9 11 -1 -2 -5
right_child=1 4 3 13 5 8 -8 9 -10 -11 -12 -13 -14 -15
leaf_value=-0.067035438962133723 0.062734138620630972 -0.068228317995501706 0.063587272101451917 -0.075982376490650372 0.05854019091765237 -0.057253455116748612 -0.067700771608790372 0.017481576792636837 0.063303848790986675 0.070431957401549158 0.065497631974244075 0.064723421924470489 0.075587400438474645 -0.067221384788772084
leaf_weight=3.1892294883728018 30.844474032521248 7.8768676668405524 11.266304254531859 3.1685169413685825 24.250328660011292 147.46286707371473 10.951904267072676 8.8566035926342028 6.1169917136430731 19.85796757042408 44.531217411160469 8.7656030654907209 30.772402048110962 24.24581441283226
leaf_count=33 12 82 4 31 33 1449 112 32 3 8 18 3 10 250
internal_value=4.11466e-05 -0.00999325 0.030976 -0.0298391 -0.0282257 -0.0390787 0.0192649 0.0277671 -0.0524517 0.0541002 0.0578946 0.0295737 0.0691533 -0.068234
internal_weight=382.157 325.671 100.298 38.6806 225.374 188.782 35.2022 36.5914 153.58 28.7146 56.486 11.9548 61.6169 27.4143
internal_count=2080 2026 307 285 1719 1597 145 122 1452 40 54 36 22 281
is_linear=0
shrinkage=0.05


Tree=18
num_leaves=15
num_cat=0
split_feature=6 1 10 25 13 19 18 16 19 10 15 7 4 13
split_gain=82.9752 90.5804 87.1047 52.3739 90.7917 65.8496 51.9304 49.3005 38.2244 31.2887 31.1176 4.537 15.2117 1.19623
threshold=-2.19814121723175 -0.9439428150653838 -0.80940505862236012 0.34811538457870489 0.059718327596783645 -0.75463879108428944 -3.5163445472717281 -0.43322718143463129 -0.056520376354455941 0.8864855468273164 5.6094572544097909 0.28324213624000555 0.67842391133308422 -0.92940220236778248
decision_type=2 2 2 2 2 2 2 2 2 2 2 2 2 2
left_child=11 2 13 5 10 7 -4 -3 -6 -7 -5 12 -1 -2
right_child=1 3 6 4 8 9 -8 -9 -10 -11 -12 -13 -14 -15
leaf_value=-0.065939329882781658 0.062141117846563745 0.070361035826047191 0.062750477815139746 -0.067552149583350471 -0.067180619449630344 -0.067397752963701249 -0.067076125248858351 -0.066859307018988831 0.085546350621818812 0.039950453587737578 0.062637068331607426 0.064446416865682712 0.063805426833231565 0.076561896952607678
leaf_weight=3.082829385995864 35.301046162843704 19.009979739785198 10.856109380722044 30.631519570946693 4.7357585579156867 112.10091260075569 26.515915900468826 9.9831435009837133 30.366676159203053 7.2254541739821425 5.3987715244293204 43.032738015055656 8.4550034999847394 24.265609979629517
leaf_count=33 14 12 4 317 49 1199 281 105 19 16 2 18 3 8
internal_value=4.19495e-05 -0.00977885 0.030474 -0.0275598 0.00771158 -0.0444756 -0.0293631 0.0231122 0.0649416 -0.0608976 -0.0480446 0.0569813 0.0291385 0.0680157
internal_weight=370.961 316.391 96.9387 219.452 71.1327 148.319 37.372 28.9931 35.1024 119.326 36.0303 54.5706 11.5378 59.5667
internal_count=2080 2026 307 1719 387 1332 285 117 68 1215 319 54 36 22
is_linear=0
shrinkage=0.05


Tree=19
num_leaves=15
num_cat=0
split_feature=6 1 10 25 13 19 18 16 19 10 15 7 4 13
split_gain=77.695 84.6268 81.5135 48.99 84.2623 61.6073 48.6445 45.9062 35.2703 29.3961 29.1166 4.23335 14.2637 1.04218
threshold=-2.19814121723175 -0.9439428150653838 -0.80940505862236012 0.34811538457870489 0.059718327596783645 -0.75463879108428944 -3.5163445472717281 -0.43322718143463129 -0.056520376354455941 0.8864855468273164 5.6094572544097909 0.28324213624000555 0.67842391133308422 -0.92940220236778248
decision_type=2 2 2 2 2 2 2 2 2 2 2 2 2 2
left_child=11 2 13 5 10 7 -4 -3 -6 -7 -5 12 -1 -2
right_child=1 3 6 4 8 9 -8 -9 -10 -11 -12 -13 -14 -15
leaf_value=-0.064929756488638371 0.061344738545565602 0.068756215472331447 0.061975224995382196 -0.06643857056181586 -0.066075905962420051 -0.066347884552350939 -0.066016356524098568 -0.06578717077538275 0.083001293376168836 0.038509549212771992 0.061870082155249376 0.063463899164226761 0.062956343058904532 0.075030374438442807
leaf_weight=2.9769102409481993 34.004227325320244 18.49415130913258 10.45253801345825 29.613499172031879 4.5781833156943312 108.27794546633959 25.6172826141119 9.6470678374171239 29.748664572834969 7.1236543357372275 5.1975121498107901 41.551589228212833 8.1483538150787336 23.541277408599854
leaf_count=33 14 12 4 317 49 1199 281 105 19 16 2 18 3 8
internal_value=3.80781e-05 -0.00960854 0.030005 -0.0270452 0.00753223 -0.0436995 -0.0289262 0.0226335 0.0631188 -0.0598751 -0.0472812 0.0561295 0.0287364 0.0669434
internal_weight=358.973 306.296 93.6153 212.681 69.1379 143.543 36.0698 28.1412 34.3268 115.402 34.811 52.6769 11.1253 57.5455
internal_count=2080 2026 307 1719 387 1332 285 117 68 1215 319 54 36 22
is_linear=0
shrinkage=0.05


Tree=20
num_leaves=15
num_cat=0
split_feature=6 1 10 25 13 19 18 16 19 10 15 7 4 13
split_gain=72.8099 79.1369 76.3464 45.8633 78.2899 57.6917 45.6104 42.7809 32.5832 27.6571 27.273 3.95194 13.3866 0.909252
threshold=-2.19814121723175 -0.9439428150653838 -0.80940505862236012 0.34811538457870489 0.059718327596783645 -0.75463879108428944 -3.5163445472717281 -0.43322718143463129 -0.056520376354455941 0.8864855468273164 5.6094572544097909 0.28324213624000555 0.67842391133308422 -0.92940220236778248
decision_type=2 2 2 2 2 2 2 2 2 2 2 2 2 2
left_child=11 2 13 5 10 7 -4 -3 -6 -7 -5 12 -1 -2
right_child=1 3 6 4 8 9 -8 -9 -10 -11 -12 -13 -14 -15
leaf_value=-0.063997936270089401 0.060601717453239723 0.067233305105670979 0.061255817915442039 -0.065412881892694869 -0.065058367034824871 -0.065378454409957751 -0.065038472200214387 -0.064798421849845383 0.08061991678243445 0.037111616119976286 0.061158183954711398 0.062543011608300655 0.062169616551710383 0.073604616816110677
leaf_weight=2.8719032108783704 32.732317671179771 17.980507917702202 10.056560277938841 28.599655069410801 4.4212762042880049 104.48544815182686 24.72494800388813 9.3130251318216306 29.112253971397877 7.0249496176838866 5.0001115798950186 40.09225594997406 7.8465399742126465 22.815847158432007
leaf_count=33 14 12 4 317 49 1199 281 105 19 16 2 18 3 8
internal_value=3.42154e-05 -0.00944971 0.0295688 -0.0265643 0.00736443 -0.0429741 -0.0285223 0.0221818 0.0614128 -0.0589218 -0.0465774 0.055333 0.0283642 0.0659425
internal_weight=347.078 296.267 90.3297 205.937 67.1333 138.804 34.7815 27.2935 33.5335 111.51 33.5998 50.8107 10.7184 55.5482
internal_count=2080 2026 307 1719 387 1332 285 117 68 1215 319 54 36 22
is_linear=0
shrinkage=0.05


Tree=21
num_leaves=15
num_cat=0
split_feature=6 1 10 25 13 19 18 24 19 10 15 7 4 13
split_gain=68.2827 74.0649 71.5632 42.969 72.8137 54.0707 42.8035 40.2871 30.1325 26.0564 25.571 3.69076 12.5739 0.794326
threshold=-2.19814121723175 -0.9439428150653838 -0.80940505862236012 0.34811538457870489 0.059718327596783645 -0.75463879108428944 -3.5163445472717281 0.36849424242973333 -0.056520376354455941 0.8864855468273164 5.6094572544097909 0.28324213624000555 0.67842391133308422 -0.92940220236778248
decision_type=2 2 2 2 2 2 2 2 2 2 2 2 2 2
left_child=11 2 13 5 10 7 -4 -3 -6 -7 -5 12 -1 -2
right_child=1 3 6 4 8 9 -8 -9 -10 -11 -12 -13 -14 -15
leaf_value=-0.063136229854858575 0.059907065428342413 -0.064328681709572164 0.060587230331245905 -0.06446610434261181 -0.064119154677867413 -0.064481343279655559 -0.064134247389915952 0.065983197313064887 0.078381697851977961 0.035754833089705666 0.060496444867421797 0.061677552411675253 0.061439486910804302 0.072274490097464256
leaf_weight=2.7681736052036268 31.487803518772125 8.9785572588443774 9.6689736843109113 27.594183579087257 4.2656805515289298 100.73716780543327 23.842238314449787 17.474848940968513 28.462958976626396 6.9294254630804053 4.8069562911987296 38.658465847373009 7.5503005981445312 22.092335939407349
leaf_count=33 14 104 4 317 49 1199 281 13 19 16 2 18 3 8
internal_value=3.03542e-05 -0.00930113 0.0291621 -0.0261133 0.0072068 -0.0422938 -0.0281484 0.021754 0.0598089 -0.0580301 -0.045927 0.0545864 0.0280191 0.0650064
internal_weight=335.318 286.341 87.0914 199.25 65.1298 134.12 33.5112 26.4534 32.7286 107.667 32.4011 48.9769 10.3185 53.5801
internal_count=2080 2026 307 1719 387 1332 285 117 68 1215 319 54 36 22
is_linear=0
shrinkage=0.05


Tree=22
num_leaves=15
num_cat=0
split_feature=6 1 10 25 13 19 18 16 19 10 15 12 19 1
split_gain=64.0803 69.3691 67.1291 40.2822 67.7819 50.7198 40.2024 37.6567 27.8923 24.5805 23.9966 2.61056 5.1793 7.34558
threshold=-2.19814121723175 -0.9439428150653838 -0.80940505862236012 0.34811538457870489 0.059718327596783645 -0.75463879108428944 -3.5163445472717281 -0.43322718143463129 -0.056520376354455941 0.8864855468273164 5.6094572544097909 -0.016896659508347508 0.91634508967399608 1.8678771853446963
decision_type=2 2 2 2 2 2 2 2 2 2 2 2 2 2
left_child=11 2 -2 5 10 7 -4 -3 -6 -7 -5 -1 13 -13
right_child=1 3 6 4 8 9 -8 -9 -10 -11 -12 12 -14 -15
leaf_value=0.060811402938472772 0.064129316932649214 0.064768570488985655 0.05996501205691443 -0.063590423190948916 -0.06325056996389343 -0.063649464807048084 -0.063296505854487678 -0.063236146283268402 0.076269775995693539 0.034437670356078753 0.059880472153963693 -0.06302983248729821 0.06074485398057055 0.059707536668313646
leaf_weight=35.029614239931107 51.645997166633606 16.935318157076839 9.2904214859008771 26.600642852485183 4.1119417995214489 97.044648267328739 22.971957951784134 8.6956562176346761 27.805337563157082 6.8371316418051711 4.618358612060546 2.6146165728569013 7.2515158653259277 2.283822774887085
leaf_count=18 22 12 4 317 49 1199 281 105 19 16 2 32 3 1
internal_value=2.64783e-05 -0.00916151 0.0287823 -0.025688 0.00705819 -0.0416514 -0.0278016 0.0213412 0.0582952 -0.0571937 -0.0453249 0.0538847 0.0339141 -0.0058054
internal_weight=323.737 276.557 83.9084 192.649 63.1363 129.513 32.2624 25.631 31.9173 103.882 31.219 47.1796 12.15 4.89844
internal_count=2080 2026 307 1719 387 1332 285 117 68 1215 319 54 36 33
is_linear=0
shrinkage=0.05


Tree=23
num_leaves=15
num_cat=0
split_feature=6 1 10 10 4 9 18 16 12 16 10 12 19 1
split_gain=60.1628 65.028 63.0493 38.1574 59.1678 47.1953 37.788 30.5228 25.5009 13.0894 11.7274 2.42932 4.87514 6.90827
threshold=-2.19814121723175 -0.9439428150653838 -0.80940505862236012 0.25712895393371588 -0.02582789026200771 1.0743731260299685 -3.5163445472717281 0.047419438138604171 0.43705934286117559 -0.83171802759170521 2.6753282546997075 -0.016896659508347508 0.91634508967399608 1.8678771853446963
decision_type=2 2 2 2 2 2 2 2 2 2 2 2 2 2
left_child=11 2 -2 5 10 9 -4 -6 -7 -3 -5 -1 13 -13
right_child=1 3 6 4 7 8 -8 -9 -10 -11 -12 12 -14 -15
leaf_value=0.06001234860227659 0.063341890992292274 -0.0057461460628143463 0.059385190643672918 -0.063348469841530405 -0.019034617357036709 -0.064656659703520789 -0.062518958108173567 0.077595817590055127 0.052740585075656501 -0.06292872268007324 0.058870431583738371 -0.062253670076955238 0.060114386775950802 0.059144888010472831
leaf_weight=33.753604874014854 49.722392454743385 11.282668747007845 8.921415328979494 22.911600492894653 12.0655550211668 6.2792680189013508 22.116451486945152 25.3253168836236 17.566109135746956 88.561250030994415 2.1466546058654776 2.5173192396759969 6.9683592319488525 2.1925809383392334
leaf_count=18 22 79 4 276 99 79 281 18 32 1135 1 32 3 1
internal_value=2.27945e-05 -0.00903107 0.0284374 -0.0252876 0.00657231 -0.0413732 -0.0274793 0.0464144 0.021826 -0.0564669 -0.0528784 0.0532115 0.0335552 -0.00573949
internal_weight=312.331 266.899 80.7603 186.138 62.4491 123.689 31.0379 37.3909 23.8454 99.8439 25.0583 45.4319 11.6783 4.7099
internal_count=2080 2026 307 1719 394 1325 285 117 111 1214 277 54 36 33
is_linear=0
shrinkage=0.05


Tree=24
num_leaves=15
num_cat=0
split_feature=6 1 10 10 4 9 18 16 15 19 10 4 19 0
split_gain=56.4865 60.8017 59.2531 35.7386 54.9307 44.2522 35.5437 28.3946 23.7373 13.0247 11.0138 2.28011 7.1439 7.61361
threshold=-2.19814121723175 -0.9439428150653838 -0.80940505862236012 0.25712895393371588 -0.02582789026200771 1.0743731260299685 -3.5163445472717281 0.047419438138604171 -0.085400860756635652 -0.75463879108428944 2.6753282546997075 1.1584733724594118 1.5528985857963564 2.3648204803466801
decision_type=2 2 2 2 2 2 2 2 2 2 2 2 2 2
left_child=11 2 -2 5 10 9 -4 -6 -7 -3 -5 12 13 -1
right_child=1 3 6 4 7 8 -8 -9 -10 -11 -12 -13 -14 -15
leaf_value=-0.064532697157891242 0.062600664124120214 -0.0046572621486798468 0.058844222752440535 -0.062544966475787334 -0.018132083701877674 -0.065159840693853263 -0.061796063879374634 0.075507412771125076 0.050778399458815217 -0.062199100565545756 0.058363305656331646 0.059180357616805249 0.07019602143155701 0.059187295315010269
leaf_weight=2.8608819842338544 47.843209564685822 11.114677950739859 8.5623474121093768 22.067043371498588 12.033657513558863 5.9230026751756695 21.27765941619873 24.739438764750957 17.338963210582733 85.363283820450306 2.0592534542083731 32.760093450546265 5.9059433937072754 2.1995930671691895
leaf_count=36 22 79 4 276 99 74 281 18 37 1135 1 15 2 1
internal_value=1.95948e-05 -0.00887641 0.028114 -0.024784 0.00640102 -0.0406446 -0.0271793 0.0448647 0.021258 -0.05557 -0.0522251 0.0525744 0.0328404 -0.0107564
internal_weight=302.049 258.323 77.6832 180.639 60.8994 119.74 29.84 36.7731 23.262 96.478 24.1263 43.7265 10.9664 5.06048
internal_count=2080 2026 307 1719 394 1325 285 117 111 1214 277 54 39 37
is_linear=0
shrinkage=0.05


Tree=25
num_leaves=15
num_cat=0
split_feature=6 1 10 10 4 9 18 16 12 16 10 4 19 0
split_gain=53.1136 56.872 55.7166 33.4753 51.0324 41.5308 33.4545 26.4435 22.6691 13.0296 10.3514 2.19093 6.65735 7.15975
threshold=-2.19814121723175 -0.9439428150653838 -0.80940505862236012 0.25712895393371588 -0.02582789026200771 1.0743731260299685 -3.5163445472717281 0.047419438138604171 0.43705934286117559 -0.83171802759170521 2.6753282546997075 1.1584733724594118 1.5528985857963564 2.3648204803466801
decision_type=2 2 2 2 2 2 2 2 2 2 2 2 2 2
left_child=11 2 -2 5 10 9 -4 -6 -7 -3 -5 12 13 -1
right_child=1 3 6 4 7 8 -8 -9 -10 -11 -12 -13 -14 -15
leaf_value=-0.063722335153217444 0.061901722302005024 -0.0037705770433916642 0.05833894025922181 -0.061798706958479312 -0.01726949820737966 -0.063427111040884165 -0.061122936152891043 0.073531693662227199 0.050335162300367858 -0.061575545273985843 0.057889165120999189 0.058654184887367455 0.068932675767836113 0.058659304552310602
leaf_weight=2.7550822123885137 46.010686576366425 11.061653852462767 8.2135088443756121 21.237846832722429 12.003771148622034 5.9231463596224811 20.45716381072998 24.149029992520809 16.797667264938354 82.120945684611797 1.9744590520858754 31.434816002845764 5.7182369232177734 2.1106722354888916
leaf_count=36 22 79 4 276 99 79 281 18 32 1135 1 15 2 1
internal_value=1.65638e-05 -0.00872723 0.0278102 -0.0242957 0.0062368 -0.0399343 -0.0268998 0.0433831 0.0206782 -0.0547136 -0.051618 0.0520293 0.032353 -0.0106355
internal_weight=291.969 249.95 74.6814 175.269 59.3651 115.903 28.6707 36.1528 22.7208 93.1826 23.2123 42.0188 10.584 4.86575
internal_count=2080 2026 307 1719 394 1325 285 117 111 1214 277 54 39 37
is_linear=0
shrinkage=0.05


Tree=26
num_leaves=15
num_cat=0
split_feature=6 1 10 18 25 13 19 24 19 15 10 4 19 0
split_gain=49.9717 53.224 52.4186 31.5073 31.3944 52.0839 44.916 31.4744 21.2089 20.8399 18.6153 2.10366 6.21147 6.73725
threshold=-2.19814121723175 -0.9439428150653838 -0.80940505862236012 -3.5163445472717281 0.34811538457870489 0.059718327596783645 -0.75463879108428944 0.36849424242973333 -0.056520376354455941 5.6094572544097909 0.8864855468273164 1.1584733724594118 1.5528985857963564 2.3648204803466801
decision_type=2 2 2 2 2 2 2 2 2 2 2 2 2 2
left_child=11 2 -2 -4 6 9 7 -3 -7 -6 -8 12 13 -1
right_child=1 4 3 -5 5 8 10 -9 -10 -11 -12 -13 -14 -15
leaf_value=-0.062965610779326928 0.061241584578412139 -0.061151287033673167 0.057866496412239725 -0.060495229041405946 -0.06106737796957637 -0.060529818805854507 -0.061108235453767173 0.062285709031356974 0.069809507605016877 0.058893922138845027 0.030670989645988814 0.058162405450746218 0.067764207895922926 0.058165965032619366
leaf_weight=2.6514102853834611 44.226523540914059 7.6290658265352276 7.875100493431094 19.65623852238059 23.303190946578983 3.5614368803799179 84.060855794698 15.98429588973522 25.243480950593948 4.2862896919250479 5.913536123931407 30.148131728172302 5.5307520627975464 2.0243301391601562
leaf_count=36 22 104 4 281 317 49 1199 13 19 2 16 15 2 1
internal_value=1.35964e-05 -0.00858459 0.0275245 -0.0266389 -0.023828 0.00666792 -0.0389687 0.0224054 0.0536944 -0.0424302 -0.0550761 0.0515201 0.0318999 -0.0105225
internal_weight=282.095 241.74 71.7579 27.5313 169.982 56.3944 113.588 23.6134 28.8049 27.5895 89.9744 40.3546 10.2065 4.67574
internal_count=2080 2026 307 285 1719 387 1332 117 68 319 1215 54 39 37
is_linear=0
shrinkage=0.05


Tree=27
num_leaves=15
num_cat=0
split_feature=6 1 10 10 4 9 18 12 16 10 16 4 21 13
split_gain=47.0676 50.0027 49.3398 29.8008 45.1011 36.8137 29.6903 27.943 23.1427 9.15722 5.63794 2.0185 10.8823 0.412128
threshold=-2.19814121723175 -0.9439428150653838 -0.80940505862236012 0.25712895393371588 -0.02582789026200771 0.82250246405601513 -3.5163445472717281 0.43705934286117559 0.047419438138604171 2.6753282546997075 -0.994632989168167 1.1584733724594118 0.58363226056098949 -0.92940220236778248
decision_type=2 2 2 2 2 2 2 2 2 2 2 2 2 2
left_child=11 2 13 5 9 10 -4 -7 -6 -5 -3 12 -1 -2
right_child=1 3 6 4 8 7 -8 -9 -10 -11 -12 -13 -14 -15
leaf_value=-0.062499028172366577 0.05635041259859358 -0.0098498849537720073 0.057424314918829426 -0.060629419943544219 -0.01643223246505986 -0.062283984297932707 -0.059909084776396365 0.043525592017649078 0.070364351036880518 0.056995841792078519 -0.060283869397902895 0.05770230489518248 0.060913391604907274 0.066300049152537274
leaf_weight=2.3457295857369882 24.270005024969578 5.9954401329159728 7.5472464561462429 19.718855015933517 11.518406629562376 9.1766797639429587 18.875880483537912 19.495976001024246 23.044528469443321 1.8061970472335804 73.159802094101906 28.90065598487854 7.489170253276825 18.221951603889465
leaf_count=33 14 49 4 276 99 134 281 49 18 1 1093 15 6 8
internal_value=1.01843e-05 -0.0084802 0.0272553 -0.0235045 0.00605554 -0.0388804 -0.0263951 0.00966125 0.0414386 -0.0507593 -0.0564639 0.051044 0.0314782 0.0606171
internal_weight=271.567 232.831 68.9151 163.916 56.088 107.828 26.4231 28.6727 34.5629 21.5251 79.1552 38.7356 9.8349 42.492
internal_count=2080 2026 307 1719 394 1325 285 183 117 277 1142 54 39 22
is_linear=0
shrinkage=0.05


Tree=28
num_leaves=15
num_cat=0
split_feature=6 1 10 18 10 4 9 16 15 19 10 4 21 13
split_gain=44.3013 46.8387 46.4409 27.9929 27.9686 41.9761 34.8094 21.6108 19.193 12.0533 8.62268 1.95432 10.1892 0.36291
threshold=-2.19814121723175 -0.9439428150653838 -0.80940505862236012 -3.5163445472717281 0.25712895393371588 -0.02582789026200771 1.0743731260299685 0.047419438138604171 -0.085400860756635652 -0.75463879108428944 2.6753282546997075 1.1584733724594118 0.58363226056098949 -0.92940220236778248
decision_type=2 2 2 2 2 2 2 2 2 2 2 2 2 2
left_child=11 2 13 -4 6 10 9 -7 -8 -3 -6 12 -1 -2
right_child=1 4 3 -5 5 7 8 -9 -10 -11 -12 -13 -14 -15
leaf_value=-0.061824672805375284 0.055902362833449973 -0.0019404670553407471 0.057010085233451073 -0.059361053531472197 -0.060017376164770465 -0.015647107538544879 -0.063190891662610701 0.06865955251385257 0.047298689521368439 -0.059845986109430011 0.056608254627737414 0.057271435748985522 0.059883178067285596 0.065424094559441467
leaf_weight=2.2550470866262895 23.266692645847797 10.246726702898739 7.2300031185150173 18.116850111633539 18.943575430661443 11.492237240076063 5.2526183724403408 22.451041169464588 15.61427830532193 73.09055308252573 1.7295730113983143 27.692732334136963 7.2433688044548035 17.559430360794067
leaf_count=33 14 79 4 281 276 99 74 18 37 1135 1 15 6 8
internal_value=6.64354e-06 -0.00834957 0.0269932 -0.026167 -0.0230752 0.00590706 -0.0382657 0.0401157 0.0194862 -0.0527262 -0.0502602 0.0505588 0.0309882 0.0599977
internal_weight=262.185 224.994 66.173 25.3469 158.821 54.6164 104.204 33.9433 20.8669 83.3373 20.6731 37.1911 9.49842 40.8261
internal_count=2080 2026 307 285 1719 394 1325 117 111 1214 277 54 39 22
is_linear=0
shrinkage=0.05


Tree=29
num_leaves=15
num_cat=0
split_feature=9 9 17 2 29 10 13 20 15 21 0 16 27 10
split_gain=41.7891 51.2012 28.1576 39.3258 84.62 27.8302 30.4561 10.6899 9.7462 8.5705 6.05405 1.25288 0.287171 0.135657
threshold=-2.8663491010665889 0.9989718794822694 -0.1217077039182186 -0.23650398850440976 0.054946774616837508 -0.48901878297328943 1.9615454673767092 0.1924829185009003 -0.085400860756635652 8.3060102462768572 5.7447481155395517 -0.49727673828601832 -2.1302090883255 1.4915056228637698
decision_type=2 2 2 2 2 2 2 2 2 2 2 2 2 2
left_child=13 2 9 7 -5 8 -7 -4 10 12 -3 -10 -2 -1
right_child=1 5 3 4 -6 6 -8 -9 11 -11 -12 -13 -14 -15
leaf_value=0.050159741486614187 -0.078228600905733747 -0.063493753734259764 0.058295503112244601 -0.042789707054452952 0.070183346071080149 -0.060772120368414478 0.052457908283104218 -0.0595250413984501 0.062357393961541413 0.056298343023544833 0.056247601819777449 0.043757050347148239 -0.058264454590819997 0.0570998252190556
leaf_weight=10.91717365384102 1.8749929405748833 2.9108165651559821 2.0473122596740714 33.301560193300247 33.001264929771423 14.995472848415377 9.8328325636684877 32.26978063583374 30.043951630592346 1.6666587591171254 1.6562160253524778 12.957962580025194 45.81420598551631 19.833186626434326
leaf_count=16 20 43 1 423 13 220 16 500 15 1 1 25 775 11
internal_value=3.39002e-06 -0.00755135 -0.0242207 -0.00904727 0.013441 0.0269804 -0.0159293 -0.052496 0.0493768 -0.0551543 -0.02007 0.0567525 -0.0590494 0.0546359
internal_weight=253.123 222.373 149.976 100.62 66.3028 72.3973 24.8283 34.3171 47.5689 49.3559 4.56703 43.0019 47.6892 30.7504
internal_count=2080 2053 1733 937 436 320 236 501 84 796 44 40 795 27
is_linear=0
shrinkage=0.05


Tree=30
num_leaves=15
num_cat=0
split_feature=6 1 10 25 13 19 16 18 15 19 6 4 21 13
split_gain=39.7039 41.7998 41.4635 25.1273 40.4697 38.111 26.1092 24.9883 17.7033 16.3393 14.3989 1.81555 9.04136 0.280721
threshold=-2.19814121723175 -0.9439428150653838 -0.80940505862236012 0.34811538457870489 0.059718327596783645 -0.75463879108428944 -0.43322718143463129 -3.5163445472717281 5.6094572544097909 -0.056520376354455941 -1.5178764462471006 1.1584733724594118 0.58363226056098949 -0.92940220236778248
decision_type=2 2 2 2 2 2 2 2 2 2 2 2 2 2
left_child=11 2 13 5 8 6 -3 -4 -5 -6 -7 12 -1 -2
right_child=1 3 7 4 9 10 -8 -9 -10 -11 -12 -13 -14 -15
leaf_value=-0.060675787758716959 0.05510450400102173 0.059721554678062699 0.056269636195026757 -0.059062339238353537 -0.058494562817651856 0.026469552524154873 -0.059183291107857916 -0.058401899182795348 0.057794476981363398 0.064603003602668074 -0.059244316850299183 0.056538872293347468 0.058325185951947967 0.063783454965266551
leaf_weight=2.088470630347727 21.377365924417973 14.576377213001253 6.636930704116824 20.134814340621237 3.058908540755513 5.2568388506770125 6.7567844465374938 16.717031519860029 3.8628427982330313 22.703905180096626 72.117764078080654 25.557109475135803 6.7709441930055618 16.514989018440247
leaf_count=33 14 12 4 317 49 25 105 281 2 19 1190 15 6 8
internal_value=3.10074e-06 -0.00816543 0.0265897 -0.0225027 0.00646804 -0.0371074 0.0220612 -0.0258136 -0.0402522 0.0499872 -0.0534209 0.0497775 0.0302725 0.0588871
internal_weight=244.131 209.715 61.2463 148.468 49.7605 98.7078 21.3332 23.354 23.9977 25.7628 77.3746 34.4165 8.85941 37.8924
internal_count=2080 2026 307 1719 387 1332 117 285 319 68 1215 54 39 22
is_linear=0
shrinkage=0.05


Tree=31
num_leaves=15
num_cat=0
split_feature=6 1 10 10 4 9 18 12 16 10 16 4 21 13
split_gain=37.4322 39.329 39.0775 23.6753 35.0415 29.6455 23.5917 22.2541 17.7999 7.21797 5.04553 1.7586 8.47574 0.248463
threshold=-2.19814121723175 -0.9439428150653838 -0.80940505862236012 0.25712895393371588 -0.02582789026200771 0.82250246405601513 -3.5163445472717281 0.43705934286117559 0.047419438138604171 2.6753282546997075 -0.994632989168167 1.1584733724594118 0.58363226056098949 -0.92940220236778248
decision_type=2 2 2 2 2 2 2 2 2 2 2 2 2 2
left_child=11 2 13 5 9 10 -4 -7 -6 -5 -3 12 -1 -2
right_child=1 3 6 4 8 7 -8 -9 -10 -11 -12 -13 -14 -15
leaf_value=-0.060113284669931259 0.054717247656358228 -0.0079798265559139093 0.055926667064720506 -0.058560461872465767 -0.014798173182168518 -0.060393992681847024 -0.0579485467462049 0.040440272239444019 0.064830075971434739 0.05555606307767378 -0.058357618234952585 0.056180117059778101 0.057396121624376552 0.0630499561858269
leaf_weight=2.0047325789928419 20.475059099495411 5.400062531232833 6.3509787321090725 16.854682583361868 10.621280558407308 7.9598871283233192 16.022982224822044 17.505954843014479 20.688054323196411 1.5097880363464344 62.427828375250101 24.461984038352966 6.5423378497362137 15.887661814689634
leaf_count=33 14 49 4 276 99 134 281 49 18 1 1093 15 6 8
internal_value=-4.92394e-07 -0.0080781 0.0263674 -0.0222297 0.00565474 -0.0370766 -0.0256244 0.00892239 0.0378172 -0.0491787 -0.0543468 0.0493583 0.0298341 0.058358
internal_weight=234.713 201.704 58.7367 142.968 49.6738 93.2937 22.374 25.4658 31.3093 18.3645 67.8279 33.0091 8.54707 36.3627
internal_count=2080 2026 307 1719 394 1325 285 183 117 277 1142 54 39 22
is_linear=0
shrinkage=0.05


Tree=32
num_leaves=15
num_cat=0
split_feature=9 9 2 29 8 10 13 21 6 1 15 19 24 12
split_gain=35.2959 42.4633 24.3597 78.3186 25.385 23.3741 25.999 13.3195 8.68442 6.52308 11.7796 0.408302 0.163635 0.0941479
threshold=-2.8663491010665889 0.9989718794822694 -0.23650398850440976 0.054946774616837508 -0.19520904123783109 -0.48901878297328943 1.9615454673767092 -2.4747421741485591 -3.2493797540664668 -0.1833405718207359 1.182991147041321 -0.99640953540801991 1.2616217732429507 -2.0742262601852413
decision_type=2 2 2 2 2 2 2 2 2 2 2 2 2 2
left_child=12 2 8 7 -5 9 -7 -4 -2 11 -11 -3 -1 -10
right_child=1 5 3 4 -6 6 -8 -9 13 10 -12 -13 -14 -15
leaf_value=0.047556555224271338 0.050816138943366111 0.064918242067870793 0.055679378279524572 -0.05677131338920946 0.067227874686862879 -0.059442349815065666 0.05048627271582197 -0.051583111324249434 -0.072459564979080446 -0.06317335541311235 0.050898577111062548 0.053621677414601623 0.056021095612653282 -0.057793757192303709
leaf_weight=8.1651007905602473 1.9091891013085831 14.662413597106932 3.065631389617919 4.7829124219715586 30.117191910743713 13.421589210629465 8.9756238050758821 51.760460719466209 1.1238704882562149 3.3957755677402002 6.7851861231029034 17.60067979991436 18.986417055130005 41.59843959286809
leaf_count=15 3 7 2 95 13 220 16 856 18 53 8 16 12 746
internal_value=-3.92942e-06 -0.00729338 -0.0233305 -0.00831519 0.0502343 0.0259373 -0.0153887 -0.0455855 -0.0535171 0.0477445 0.0128508 0.0587556 0.0534756 -0.0581796
internal_weight=226.35 199.199 134.358 89.7262 34.9001 64.8413 22.3972 54.8261 44.6315 42.4441 10.181 32.2631 27.1515 42.7223
internal_count=2080 2053 1733 966 108 320 236 858 767 84 61 23 27 764
is_linear=0
shrinkage=0.05


Tree=33
num_leaves=15
num_cat=0
split_feature=6 1 10 25 13 19 24 18 15 19 10 7 4 13
split_gain=33.4381 35.1478 34.9556 21.2719 33.628 33.3771 22.4162 21.1161 15.5295 13.417 12.1756 1.90562 6.45644 0.189143
threshold=-2.19814121723175 -0.9439428150653838 -0.80940505862236012 0.34811538457870489 0.059718327596783645 -0.75463879108428944 0.36849424242973333 -3.5163445472717281 5.6094572544097909 -0.056520376354455941 0.8864855468273164 0.28324213624000555 0.67842391133308422 -0.92940220236778248
decision_type=2 2 2 2 2 2 2 2 2 2 2 2 2 2
left_child=11 2 13 5 8 6 -3 -4 -5 -6 -7 12 -1 -2
right_child=1 3 7 4 9 10 -8 -9 -10 -11 -12 -13 -14 -15
leaf_value=-0.057064153102927312 0.054106201146540606 -0.05820486422092086 0.055314744887297755 -0.057822092543401343 -0.057212025155524815 -0.057924661136403724 0.057866391618586456 -0.057150842182379792 0.056950527158539335 0.061202344336854543 0.026610997282790962 0.055031509535363933 0.055676431527368078 0.061660797547702477
leaf_weight=1.7627234421670461 18.945797443389893 6.0292849615216282 5.8211703300476101 17.940618842840198 2.7028685174882439 64.237770508974791 13.413793332874773 14.746501486748455 3.5266405344009391 20.807890065014362 4.5619052350521079 24.104593902826309 4.5422825813293457 14.724624991416929
leaf_count=33 14 104 4 317 49 1199 13 281 2 19 16 18 3 8
internal_value=-4.05922e-06 -0.0078935 0.0260378 -0.0217079 0.00627718 -0.0359721 0.0218728 -0.0253202 -0.0389673 0.0475891 -0.0523193 0.0486301 0.024157 0.0574099
internal_weight=217.868 187.459 54.2381 133.221 44.978 88.2428 19.4431 20.5677 21.4673 23.5108 68.7997 30.4096 6.30501 33.6704
internal_count=2080 2026 307 1719 387 1332 117 285 319 68 1215 54 36 22
is_linear=0
shrinkage=0.05


Tree=34
num_leaves=15
num_cat=0
split_feature=6 1 10 10 4 9 18 12 16 10 16 7 4 13
split_gain=31.5431 33.108 32.98 20.044 29.4371 25.1775 19.9583 18.3901 14.7463 6.07456 4.45683 1.7857 6.10451 0.168697
threshold=-2.19814121723175 -0.9439428150653838 -0.80940505862236012 0.25712895393371588 -0.02582789026200771 0.82250246405601513 -3.5163445472717281 0.43705934286117559 0.047419438138604171 2.6753282546997075 -0.994632989168167 0.28324213624000555 0.67842391133308422 -0.92940220236778248
decision_type=2 2 2 2 2 2 2 2 2 2 2 2 2 2
left_child=11 2 13 5 9 10 -4 -7 -6 -5 -3 12 -1 -2
right_child=1 3 6 4 8 7 -8 -9 -10 -11 -12 -13 -14 -15
leaf_value=-0.056678249623396376 0.053761967768519298 -0.0077208463200457824 0.055028808257241782 -0.057391363638824112 -0.013991039508934884 -0.059024753453891035 -0.05677272011819965 0.037946180937049732 0.061548161877638154 0.054690064643287108 -0.057173929527696746 0.054564343364613715 0.055370006597310506 0.061047236478432604
leaf_weight=1.6878815330565 18.134279049932957 4.966818291693925 5.5653126239776638 14.962948776781559 9.8004862777888793 7.0343815460801151 14.118364736437796 16.03272170946002 18.958686538040638 1.3151450157165534 55.075362093746662 23.120359510183334 4.3440588712692261 14.143699765205382
leaf_count=33 14 49 4 276 99 134 281 49 18 1 1093 18 3 8
internal_value=-7.7217e-06 -0.00781768 0.0258476 -0.0214685 0.00539408 -0.0360254 -0.0251622 0.00837461 0.0358061 -0.048336 -0.0530831 0.0482436 0.0240162 0.0569543
internal_weight=209.261 180.108 51.9617 128.147 45.0373 83.1093 19.6837 23.0671 28.7592 16.2781 60.0422 29.1523 6.03194 32.278
internal_count=2080 2026 307 1719 394 1325 285 183 117 277 1142 54 36 22
is_linear=0
shrinkage=0.05


Tree=35
num_leaves=15
num_cat=0
split_feature=9 9 2 29 8 10 13 21 15 6 0 16 24 24
split_gain=29.9382 35.3938 21.1155 66.4911 21.1682 19.7888 22.3302 11.1035 7.45396 7.35517 4.32799 1.01439 0.160899 0.0698919
threshold=-2.8663491010665889 0.9989718794822694 -0.23650398850440976 0.054946774616837508 -0.19520904123783109 -0.48901878297328943 1.9615454673767092 -2.4747421741485591 -0.085400860756635652 -3.2493797540664668 5.7447481155395517 -0.49727673828601832 1.2616217732429507 1.9756338596343996
decision_type=2 2 2 2 2 2 2 2 2 2 2 2 2 2
left_child=12 2 9 7 -5 8 -7 -4 10 -2 -3 -10 -1 -11
right_child=1 5 3 4 -6 6 -8 -9 11 13 -12 -13 -14 -15
leaf_value=0.046242200673571772 0.049395927202898052 -0.060713594373438699 0.054787910272821441 -0.05581653867554405 0.064749270708580581 -0.05841956887220922 0.048740409096770874 -0.050127335513464558 0.059281574275417963 -0.056768629853575503 0.054361374121744001 0.040427085712906652 0.055171333167760732 -0.069157752935993466
leaf_weight=7.2259887121617821 1.6923412792384613 2.4038869217038146 2.6673429012298575 4.1997659169137505 27.345066070556641 11.987749576568605 8.1779283545911294 46.242684427648783 23.919934391975403 36.53188007697463 1.2378102540969851 10.165320228785275 16.716541171073914 1.1749900691211213
leaf_count=15 3 43 2 95 13 220 16 856 15 744 1 25 12 20
internal_value=-1.11827e-05 -0.00708128 -0.0225879 -0.00790167 0.0486976 0.0250219 -0.0149622 -0.0444057 0.0463941 -0.0525779 -0.0215997 0.0536586 0.0524765 -0.0571547
internal_weight=201.689 177.747 119.854 80.4549 31.5448 57.8926 20.1657 48.91 37.727 39.3992 3.6417 34.0853 23.9425 37.7069
internal_count=2080 2053 1733 966 108 320 236 858 84 767 44 40 27 764
is_linear=0
shrinkage=0.05


Tree=36
num_leaves=15
num_cat=0
split_feature=9 9 2 29 8 10 13 21 15 6 0 16 24 27
split_gain=28.2094 33.2443 20.059 62.3178 19.8981 18.6015 20.9774 10.3903 6.98674 6.95212 4.08671 1.03689 0.17456 0.0635331
threshold=-2.8663491010665889 0.9989718794822694 -0.23650398850440976 0.054946774616837508 -0.19520904123783109 -0.48901878297328943 1.9615454673767092 -2.4747421741485591 -0.085400860756635652 -3.2493797540664668 5.7447481155395517 -0.49727673828601832 1.2616217732429507 -1.8270259499549864
decision_type=2 2 2 2 2 2 2 2 2 2 2 2 2 2
left_child=12 2 9 7 -5 8 -7 -4 10 -2 -3 -10 -1 -11
right_child=1 5 3 4 -6 6 -8 -9 11 13 -12 -13 -14 -15
leaf_value=0.045424053679725462 0.048613319274823728 -0.060205542548682628 0.054532792550202429 -0.055515092949369495 0.063969040608661432 -0.057984588338461089 0.047669638943722593 -0.049254293332120849 0.058825161805415471 -0.06550187076893707 0.054130609407794975 0.039462467249735636 0.054895289855213018 -0.056291263651939205
leaf_weight=6.9942621961236027 1.6350688114762295 2.3054554164409629 2.5488246679306021 4.0160843618214157 26.320634841918945 11.486474733799698 7.9494061470031729 44.747458476573229 22.92541515827179 1.9809900596737851 1.1823340654373171 9.8999416157603246 15.979202747344969 34.107111744582653
leaf_count=15 3 43 2 95 13 220 16 856 15 35 1 25 12 729
internal_value=-1.1326e-05 -0.00699622 -0.0223175 -0.00778351 0.0481513 0.0247067 -0.0147713 -0.0436611 0.0458365 -0.052228 -0.0214465 0.0529855 0.0520118 -0.0567969
internal_weight=194.079 171.105 115.356 77.633 30.3367 55.749 19.4359 47.2963 36.3131 37.7232 3.48779 32.8254 22.9735 36.0881
internal_count=2080 2053 1733 966 108 320 236 858 84 767 44 40 27 764
is_linear=0
shrinkage=0.05


Tree=37
num_leaves=15
num_cat=0
split_feature=6 1 10 25 19 13 16 18 16 19 6 4 19 1
split_gain=26.7213 28.5466 28.1703 17.2916 27.7874 26.6579 18.3097 17.0054 12.9084 10.4151 9.63888 1.88884 6.93002 0.127063
threshold=-2.19814121723175 -0.9439428150653838 -0.80940505862236012 0.34811538457870489 -0.75463879108428944 0.059718327596783645 -0.43322718143463129 -3.5163445472717281 -2.9167335033416744 -0.056520376354455941 -1.5178764462471006 0.7793739140033723 1.5528985857963564 -1.291286766529083
decision_type=2 2 2 2 2 2 2 2 2 2 2 2 2 2
left_child=11 2 13 4 6 8 -3 -4 -5 -7 -6 12 -1 -2
right_child=1 3 7 5 10 9 -8 -9 -10 -11 -12 -13 -14 -15
leaf_value=-0.058595346512548913 0.052396397959265144 0.05570951761684112 0.054295175926886777 0.05586891953941682 0.023578353647338582 -0.05583196382690872 -0.056763369688964088 -0.055824331719293213 -0.056503636995182571 0.057435099371092271 -0.056698828884688662 0.054474992965795589 0.059985229673365795 0.059031914698864874
leaf_weight=1.8190197683870817 13.931010864675047 11.833711579442026 4.8809014558792141 3.0674093961715725 4.0138996206223956 2.2806154675781753 5.2122473567724219 12.445053011178969 15.316432021558283 18.434332869946957 54.643920551985502 20.095010995864868 3.8186483383178711 14.964080095291136
leaf_count=36 13 12 4 2 25 49 105 281 317 19 1190 16 2 9
internal_value=-1.13333e-05 -0.00757199 0.0256066 -0.0209301 -0.0348757 0.00607142 0.021318 -0.0248025 -0.0377539 0.0449649 -0.0512055 0.0472999 0.0217247 0.0558328
internal_weight=186.756 161.024 46.221 114.803 75.7038 39.0988 17.046 17.326 18.3838 20.7149 58.6578 25.7327 5.63767 28.8951
internal_count=2080 2026 307 1719 1332 387 117 285 319 68 1215 54 38 22
is_linear=0
shrinkage=0.05


Tree=38
num_leaves=15
num_cat=0
split_feature=6 1 10 25 19 13 24 18 15 19 10 4 19 1
split_gain=25.2705 26.9181 26.6075 16.3041 26.2237 25.0072 17.3784 16.0921 12.2035 9.72495 9.33136 1.80505 6.53355 0.115161
threshold=-2.19814121723175 -0.9439428150653838 -0.80940505862236012 0.34811538457870489 -0.75463879108428944 0.059718327596783645 0.36849424242973333 -3.5163445472717281 5.6094572544097909 -0.056520376354455941 0.8864855468273164 0.7793739140033723 1.5528985857963564 -1.291286766529083
decision_type=2 2 2 2 2 2 2 2 2 2 2 2 2 2
left_child=11 2 13 4 6 8 -3 -4 -5 -7 -6 12 -1 -2
right_child=1 3 7 5 10 9 -8 -9 -10 -11 -12 -13 -14 -15
leaf_value=-0.058164734871360174 0.052102061310444571 -0.056691684987181447 0.054068242875898592 -0.05616157179010476 -0.056294289439833771 -0.05551823072676515 0.055068972363066827 -0.055522690811040491 0.055551865022202933 0.056310366756084432 0.02440162756736676 0.054238052659705327 0.059429166853666185 0.058557637852781896
leaf_weight=1.7427907362580324 13.324563764035704 5.0014446452260044 4.6618510484695461 14.655932262539865 52.413939252495766 2.1813372857868698 11.421970404684542 11.900786373764275 2.9340412616729727 17.876654542982578 3.8452871367335311 19.196357131004333 3.6655354499816895 14.346639275550841
leaf_count=36 13 104 4 317 1199 49 13 281 2 19 16 16 2 9
internal_value=-1.45636e-05 -0.0075066 0.0254474 -0.0207185 -0.0345518 0.00598779 0.0210343 -0.0246764 -0.0375276 0.0441488 -0.0507788 0.0470497 0.0215355 0.0554491
internal_weight=179.169 154.564 44.2338 110.331 72.6826 37.648 16.4234 16.5626 17.59 20.058 56.2592 24.6047 5.40833 27.6712
internal_count=2080 2026 307 1719 1332 387 117 285 319 68 1215 54 38 22
is_linear=0
shrinkage=0.05


Tree=39
num_leaves=15
num_cat=0
split_feature=6 1 10 10 4 9 18 27 16 16 10 4 19 1
split_gain=23.9053 25.3897 25.138 15.4195 22.4158 19.4078 15.232 11.6865 10.9479 7.09404 4.59602 1.72452 6.1626 0.104827
threshold=-2.19814121723175 -0.9439428150653838 -0.80940505862236012 0.25712895393371588 -0.02582789026200771 1.0743731260299685 -3.5163445472717281 -0.29472301900386805 0.047419438138604171 -0.83171802759170521 2.6753282546997075 0.7793739140033723 1.5528985857963564 -1.291286766529083
decision_type=2 2 2 2 2 2 2 2 2 2 2 2 2 2
left_child=11 2 13 5 10 9 -4 -7 -6 -3 -5 12 -1 -2
right_child=1 3 6 4 8 7 -8 -9 -10 -11 -12 -13 -14 -15
leaf_value=-0.057757160892260656 0.05181515110602665 -0.0021852293775954236 0.053854172064217637 -0.055884067496992332 -0.013193130840349419 0.052962968359389878 -0.055238005282621662 -0.038010390880989453 0.057310189507940507 -0.055807000729166278 0.053560540386405731 0.054014595277195876 0.058907583522662593 0.05811004305030814
leaf_weight=1.6691962238401199 12.743133179843428 7.1135760806500903 4.4516712427139273 12.220021642744538 8.3356316760182398 8.7459108456969243 11.377244930714367 5.9195128530263892 16.221582643687725 46.407600093632936 1.0409677028656013 18.333770990371704 3.5168545246124268 13.749398589134215
leaf_count=36 13 79 4 276 99 16 281 95 18 1135 1 16 2 9
internal_value=-1.78377e-05 -0.00744385 0.0252957 -0.0205148 0.00509118 -0.0347166 -0.0245573 0.0162427 0.0333787 -0.0486801 -0.0472928 0.0468138 0.0213576 0.0550821
internal_weight=171.846 148.326 42.3214 106.005 37.8182 68.1866 15.8289 14.6654 24.5572 53.5212 13.261 23.5198 5.18605 26.4925
internal_count=2080 2026 307 1719 394 1325 285 111 117 1214 277 54 38 22
is_linear=0
shrinkage=0.05


Tree=40
num_leaves=15
num_cat=0
split_feature=9 9 2 29 8 10 13 21 3 15 1 16 24 7
split_gain=22.6908 26.12 16.7294 50.7528 15.7645 14.9449 17.0649 8.29348 6.02855 5.67501 3.30307 0.932152 0.164128 0.0862032
threshold=-2.8663491010665889 0.9989718794822694 -0.23650398850440976 0.054946774616837508 -0.19520904123783109 -0.48901878297328943 1.9615454673767092 -2.4747421741485591 -4.1688048839569083 -0.085400860756635652 -0.83489468693733204 -0.49727673828601832 1.2616217732429507 2.4346557855606084
decision_type=2 2 2 2 2 2 2 2 2 2 2 2 2 2
left_child=12 2 8 7 -5 9 -7 -4 -2 10 -3 -11 -1 -10
right_child=1 5 3 4 -6 6 -8 -9 13 11 -12 -13 -14 -15
leaf_value=0.043993535470441048 0.054581832276366662 0.053346724578696172 0.053657856203625412 -0.054517055526236896 0.061430443893717462 -0.056833848148563293 0.045751852480104001 -0.04782901849069323 -0.055433492258732266 0.057261980966001692 -0.058602706933665996 0.037380884346318428 0.053999978016443254 -0.07653583446891532
leaf_weight=5.9043722786009338 1.289895892143252 0.98631542921066584 2.1249483823776236 3.3589064180851009 23.04094934463501 9.8065956868231314 6.9105872660875312 38.232139969244599 30.004720337688926 19.48053073883057 1.9848187658935783 8.4546854719519597 13.39396297931671 0.49188543111085792
leaf_count=15 1 1 2 95 13 220 16 856 755 15 43 25 12 11
internal_value=-1.87595e-05 -0.00674661 -0.0214402 -0.00722453 0.0466782 0.0236577 -0.0144267 -0.0424854 -0.0512956 0.0442575 -0.0214393 0.0512449 0.0509385 -0.0557739
internal_weight=165.465 146.167 98.5434 66.7569 26.3999 47.6235 16.7172 40.3571 31.7865 30.9064 2.97113 27.9352 19.2983 30.4966
internal_count=2080 2053 1733 966 108 320 236 858 767 84 44 40 27 766
is_linear=0
shrinkage=0.05


Tree=41
num_leaves=15
num_cat=0
split_feature=6 1 10 10 4 19 9 18 13 2 10 4 19 1
split_gain=21.4699 22.952 22.6424 13.7512 19.8604 17.657 19.6387 13.7153 12.9186 9.80349 4.1155 1.56969 5.52818 0.0895575
threshold=-2.19814121723175 -0.9439428150653838 -0.80940505862236012 0.25712895393371588 -0.02582789026200771 -0.75463879108428944 2.792439460754395 -3.5163445472717281 -0.30592834949493403 -0.031965758651494973 2.6753282546997075 0.7793739140033723 1.5528985857963564 -1.291286766529083
decision_type=2 2 2 2 2 2 2 2 2 2 2 2 2 2
left_child=11 2 13 5 10 8 -7 -4 -3 -6 -5 12 -1 -2
right_child=1 3 7 4 9 6 -8 -9 -10 -11 -12 -13 -14 -15
leaf_value=-0.057038421642981313 0.051294988696356139 0.060382622544877189 0.053475876326302074 -0.055313489020852771 -0.059861331078103347 -0.055586059306032068 0.053949883423836165 -0.054746361857391526 -0.056266701710931781 0.043565895693380929 0.053197444341617585 0.053614023440753056 0.058059757996555883 0.057347034767582211
leaf_weight=1.5356370657682443 11.646117419004442 7.5139549970626831 4.0706070661544791 11.21868801116943 2.5783582851290729 47.780647220090032 4.4753016233444205 10.426076225936411 3.4694276191294176 20.567278884351254 0.94761663675308305 16.751647293567657 3.2535791397094727 12.865604937076567
leaf_count=36 13 4 4 276 47 1239 4 281 78 70 1 16 2 9
internal_value=-1.8395e-05 -0.00728674 0.0251761 -0.0201361 0.00485824 -0.0340927 -0.0462052 -0.024358 0.0235355 0.0320444 -0.0468617 0.0463972 0.0211541 0.0544716
internal_weight=159.101 137.56 39.0084 98.5513 35.3119 63.2393 52.2559 14.4967 10.9834 23.1456 12.1663 21.5409 4.78922 24.5117
internal_count=2080 2026 307 1719 394 1325 1243 285 82 117 277 54 38 22
is_linear=0
shrinkage=0.05


Tree=42
num_leaves=15
num_cat=0
split_feature=6 1 10 25 19 13 16 18 15 6 19 4 19 1
split_gain=20.3228 21.6479 21.4055 13.2194 22.1569 20.1344 14.1439 12.9912 10.2214 7.6537 7.64758 1.49887 5.22037 0.0825344
threshold=-2.19814121723175 -0.9439428150653838 -0.80940505862236012 0.34811538457870489 -0.75463879108428944 0.059718327596783645 -0.43322718143463129 -3.5163445472717281 5.6094572544097909 -1.5178764462471006 -0.056520376354455941 0.7793739140033723 1.5528985857963564 -1.291286766529083
decision_type=2 2 2 2 2 2 2 2 2 2 2 2 2 2
left_child=11 2 13 4 6 8 -3 -4 -5 -6 -7 12 -1 -2
right_child=1 3 7 5 9 10 -8 -9 -10 -11 -12 -13 -14 -15
leaf_value=-0.056690066531323316 0.051024995631180382 0.053256927507114388 0.053294924407618238 -0.055186852316979985 0.022437521054232384 -0.054506835734628924 -0.055427001556870428 -0.054504525505925897 0.054741097263132733 -0.055363226865038688 0.053460623369013194 0.053425569461653971 0.057621448855381174 0.056964728522797575
leaf_weight=1.4694922417402292 11.135274894535543 10.094333603978155 3.8848955631256095 12.503644121810792 3.403587255626916 1.8309505786746765 4.2554611079394808 9.9604819957166892 2.5450522899627677 44.378098357468843 15.737226180732248 15.989446938037871 3.1178455352783203 12.318195879459379
leaf_count=36 13 12 4 317 25 49 105 281 2 1190 19 16 2 9
internal_value=-2.21967e-05 -0.00722455 0.0250419 -0.0199266 -0.0334584 0.00584988 0.0210265 -0.0242569 -0.0365957 -0.0498213 0.0422083 0.0461974 0.0210033 0.0541447
internal_weight=152.624 132.047 37.2988 94.7484 62.1315 32.6169 14.3498 13.8454 15.0487 47.7817 17.5682 20.5768 4.58734 23.4535
internal_count=2080 2026 307 1719 1332 387 117 285 319 1215 68 54 38 22
is_linear=0
shrinkage=0.05


Tree=43
num_leaves=15
num_cat=0
split_feature=6 1 10 10 4 19 9 18 13 16 10 4 19 1
split_gain=19.2428 20.4342 20.2403 12.5132 17.7531 15.9322 17.6147 12.3079 11.5753 9.20008 3.69445 1.43095 4.93152 0.0764383
threshold=-2.19814121723175 -0.9439428150653838 -0.80940505862236012 0.25712895393371588 -0.02582789026200771 -0.75463879108428944 2.792439460754395 -3.5163445472717281 -0.30592834949493403 0.047419438138604171 2.6753282546997075 0.7793739140033723 1.5528985857963564 -1.291286766529083
decision_type=2 2 2 2 2 2 2 2 2 2 2 2 2 2
left_child=11 2 13 5 10 8 -7 -4 -3 -6 -5 12 -1 -2
right_child=1 3 7 4 9 6 -8 -9 -10 -11 -12 -13 -14 -15
leaf_value=-0.056359710191051821 0.050759104559316197 0.059354257009712065 0.053123958491844092 -0.054864830934499731 -0.013596381304880301 -0.055095573482847188 0.053547690665135421 -0.054275809227874589 -0.055729781866461048 0.05454272379509132 0.052874549660947914 0.053247544591207091 0.057209221155236238 0.056603536076801297
leaf_weight=1.4058104511350418 10.646292097866537 6.9519089460372925 3.707019329071044 10.291107188910242 7.574475888162854 43.716777019202709 4.0789630413055411 9.5136201996356231 3.1864431519061309 14.317889198660849 0.86235928535461503 15.259198069572447 2.9866149425506592 11.79030793905258
leaf_count=36 13 4 4 276 99 1239 4 281 78 18 1 16 2 9
internal_value=-2.54351e-05 -0.00716904 0.0249134 -0.0197429 0.00480933 -0.0337476 -0.0458238 -0.0241613 0.0231838 0.0309675 -0.0465347 0.0460087 0.0208611 0.0538303
internal_weight=146.289 126.637 35.6572 90.9799 33.0458 57.9341 47.7957 13.2206 10.1384 21.8924 11.1535 19.6516 4.39243 22.4366
internal_count=2080 2026 307 1719 394 1325 1243 285 82 117 277 54 38 22
is_linear=0
shrinkage=0.05


Tree=44
num_leaves=15
num_cat=0
split_feature=9 9 2 29 8 10 13 1 3 1 15 24 7 19
split_gain=18.3472 20.6676 13.8426 41.3586 12.6274 11.9728 13.9359 6.70926 4.87038 4.06268 6.49451 0.15531 0.116838 0.107093
threshold=-2.8663491010665889 0.9989718794822694 -0.23650398850440976 0.054946774616837508 -0.19520904123783109 -0.48901878297328943 1.9615454673767092 -0.97268417477607716 -4.1688048839569083 -0.1833405718207359 1.182991147041321 1.2616217732429507 2.4346557855606084 -0.99640953540801991
decision_type=2 2 2 2 2 2 2 2 2 2 2 2 2 2
left_child=11 2 8 7 -5 9 -7 -4 -2 13 -11 -1 -10 -3
right_child=1 5 3 4 -6 6 -8 -9 12 10 -12 -13 -14 -15
leaf_value=0.042683336463495737 0.053695922507291653 0.05816707837447628 0.0068114245528875768 -0.053758733957553761 0.059447878771786755 -0.055822059728800492 0.044147194397055681 -0.051559533852399454 -0.054507849976831085 -0.058714248857642717 0.045922142469984099 0.053296957743600576 -0.081139540294722368 0.050771997274165398
leaf_weight=4.9763169884681728 1.0751074552536035 9.3483317494392413 5.9533529803156844 2.810706855729225 19.927441656589508 8.3185077793896181 6.0009995251893988 28.441560903564095 25.077027007937435 2.3056610841304055 4.1558374688029289 11.213968515396116 0.41871539130806823 10.278603944927456
leaf_count=15 1 7 85 95 13 220 16 773 755 53 8 12 11 16
internal_value=-2.65966e-05 -0.00655705 -0.0207335 -0.0068671 0.0454542 0.0228092 -0.0139271 -0.0414562 -0.0505494 0.0429731 0.00858467 0.0500347 -0.0549452 0.0542943
internal_weight=140.302 124.112 83.7039 57.1331 22.7381 40.4079 14.3195 34.3949 26.5708 26.0884 6.4615 16.1903 25.4957 19.6269
internal_count=2080 2053 1733 966 108 320 236 858 767 84 61 27 766 23
is_linear=0
shrinkage=0.05


Tree=45
num_leaves=15
num_cat=0
split_feature=3 1 10 19 25 24 18 4 25 1 16 22 1 0
split_gain=17.5177 21.0956 17.7784 12.4379 12.2495 17.6658 10.9906 8.11305 6.50023 3.98897 2.58488 0.158311 0.0649327 0.00370227
threshold=-1.9619923233985899 -0.9439428150653838 -0.80940505862236012 -1.0925839543342588 0.34811538457870489 -0.15718282759189603 -3.5163445472717281 -0.56691518425941456 -0.98843705654144276 -0.45384714007377619 -2.9167335033416744 0.87872168421745311 -1.291286766529083 1.6181613206863406
decision_type=2 2 2 2 2 2 2 2 2 2 2 2 2 2
left_child=9 2 12 7 8 -6 -4 -3 -5 10 -1 -11 -2 -8
right_child=1 3 6 4 5 -7 13 -9 -10 11 -12 -13 -14 -15
leaf_value=0.052855185617956282 0.050447133641670895 -0.055485306319587403 0.052822945201345041 -0.01235657281361559 0.032121380107449186 -0.055798718814787096 -0.053655239484419484 0.054554277515375796 -0.054579739700054954 0.043670016874501449 -0.055161634933544701 0.054388896894358156 0.055958263522206543 -0.059165294363751952
leaf_weight=0.85717701911926569 10.49703072756529 2.129213048145175 3.3869386911392203 12.372069630771874 15.662826204672458 8.9943319465965015 8.0872517451643908 7.8528629504144174 34.62668339163065 4.7090528551489141 1.5651956461369989 12.829820930957792 10.888885319232939 0.31679921224713403
leaf_count=1 14 56 4 258 120 244 263 11 1021 17 42 12 9 8
internal_value=-2.79281e-05 -0.00754411 0.0260756 -0.0212069 -0.0284911 5.02651e-05 -0.0232176 0.0310824 -0.0434648 0.0432043 -0.016939 0.051511 0.0532532 -0.0538629
internal_weight=134.776 114.815 33.1769 81.638 71.6559 24.6572 11.791 9.98208 46.9988 19.9612 2.42237 17.5389 21.3859 8.40405
internal_count=2080 2008 298 1710 1643 364 275 67 1279 72 43 29 23 271
is_linear=0
shrinkage=0.05


Tree=46
num_leaves=13
num_cat=0
split_feature=6 11 29 2 8 9 0 29 8 4 12 24
split_gain=16.5611 18.695 24.1959 34.0416 21.094 15.8053 6.91806 5.18576 3.31777 0.0533247 0.0492127 0.0103714
threshold=-2.8579949140548702 -0.12364761158823966 -0.461219772696495 -0.23650398850440976 0.18325915187597278 2.792439460754395 5.7447481155395517 -0.082544967532157884 0.79457256197929393 1.7886269688606264 -2.0742262601852413 2.0609363317489628
decision_type=2 2 2 2 2 2 2 2 2 2 2 2
left_child=9 5 4 6 -3 8 -4 -5 10 -1 -2 -6
right_child=1 2 3 7 11 -7 -8 -9 -10 -11 -12 -13
leaf_value=0.046475253490362745 -0.06635952036202479 0.053424956162017478 -0.055727032557383177 0.0061899256864565121 -0.054449675633389129 0.050404576682318396 0.05281025170631945 0.055646789384066253 0.052447751550671919 0.052784617946446059 -0.054005010196222836 -0.061050328751630627
leaf_weight=5.2835883200168601 0.83074821531773224 5.7084203362464931 12.111325684934851 6.2436753250658503 21.007290203124288 4.3772763963788739 1.6706523299217231 35.079106647521257 0.74632078409194846 9.1454952955245954 27.121210467070341 0.61246868222951789
leaf_count=16 18 6 351 74 629 9 2 37 1 11 913 13
internal_value=-3.08354e-05 -0.00633983 0.0064019 0.0254785 -0.0320643 -0.0380956 -0.0425701 0.0481741 -0.0515943 0.0504743 -0.0543722 -0.0546367
internal_weight=129.938 115.508 82.4329 55.1048 27.3282 33.0756 13.782 41.3228 28.6983 14.4291 27.952 21.6198
internal_count=2080 2053 1112 464 648 941 353 111 932 27 931 642
is_linear=0
shrinkage=0.05


Tree=47
num_leaves=15
num_cat=0
split_feature=3 1 10 19 24 18 25 4 26 1 16 22 20 0
split_gain=15.6573 18.8921 16.0515 11.0341 11.133 9.89195 8.86781 7.25013 5.12071 3.57865 2.33391 0.158841 0.0585493 0.00285408
threshold=-1.9619923233985899 -0.9439428150653838 -0.80940505862236012 -1.0925839543342588 -1.4714705348014829 -3.5163445472717281 0.34811538457870489 -0.56691518425941456 -0.13815788924694059 -0.45384714007377619 -2.9167335033416744 0.87872168421745311 0.47332471609115606 1.6181613206863406
decision_type=2 2 2 2 2 2 2 2 2 2 2 2 2 2
left_child=9 2 12 7 6 -4 -5 -3 -6 10 -1 -11 -2 -7
right_child=1 3 5 4 8 13 -8 -9 -10 11 -12 -13 -14 -15
leaf_value=0.052585207493666346 0.054847634839962571 -0.054947665616229296 0.052540276452709284 -0.054003951971059755 -0.054466631597986252 -0.053307862857275491 0.057009218336857959 0.053662108686941462 -0.023944101831418121 0.042761087748073891 -0.054666533547467644 0.053949873135980125 0.04920169056298053 -0.058330184164220159
leaf_weight=0.78411513566971125 12.369125366210943 1.9504343457520006 3.0799764990806597 2.5341849885880929 22.418228475376964 7.3972325045615399 6.1999800205230713 7.2411030959337932 35.50317451544106 4.3492482844740179 1.436534537002444 11.719134688377379 7.3029946088790885 0.29412420652806748
leaf_count=1 12 56 4 81 727 263 8 11 827 17 42 12 11 8
internal_value=-3.32017e-05 -0.00738601 0.0258864 -0.0207409 -0.0278227 -0.0231786 0.0247992 0.0306152 -0.0357577 0.0426992 -0.0167958 0.0509214 0.0527517 -0.0534999
internal_weight=124.58 106.291 30.4435 75.8471 66.6556 10.7713 8.73417 9.19154 57.9214 18.289 2.22065 16.0684 19.6721 7.69136
internal_count=2080 2008 298 1710 1643 275 89 67 1554 72 43 29 23 271
is_linear=0
shrinkage=0.05


Tree=48
num_leaves=13
num_cat=0
split_feature=6 11 29 2 8 9 0 29 8 4 12 24
split_gain=14.8518 17.1552 21.7704 31.0591 18.9243 14.48 6.26109 5.0456 2.98005 0.057073 0.0414111 0.0080293
threshold=-2.8579949140548702 -0.12364761158823966 -0.461219772696495 -0.23650398850440976 0.18325915187597278 2.792439460754395 5.7447481155395517 -0.043535482138395303 0.79457256197929393 1.7886269688606264 -2.0742262601852413 2.0609363317489628
decision_type=2 2 2 2 2 2 2 2 2 2 2 2
left_child=9 5 4 6 -3 8 -4 -5 10 -1 -2 -6
right_child=1 2 3 7 11 -7 -8 -9 -10 -11 -12 -13
leaf_value=0.045698728301447222 -0.065323906773132101 0.053076886914361993 -0.055431345728843152 0.010561924473782658 -0.054023706452126896 0.050023765319598359 0.0525380279538947 0.056107362340657732 0.052201331006050657 0.052515651087906304 -0.053670899686178532 -0.060058126268712722
leaf_weight=4.8571612909436217 0.78631689026952756 5.1906937956810024 11.271632086485621 7.5483330711722365 19.20154802501202 4.0655240025371304 1.524314463138581 31.277812220156193 0.67753738164901633 8.3465551733970624 25.060911627486348 0.56754079647362132
leaf_count=16 18 6 351 79 629 9 2 32 1 11 913 13
internal_value=-2.79963e-05 -0.00619248 0.00645068 0.0249878 -0.031888 -0.0378442 -0.0425695 0.0472527 -0.051312 0.050008 -0.0540254 -0.0541969
internal_weight=120.376 107.172 76.5819 51.6221 24.9598 30.5903 12.7959 38.8261 26.5248 13.2037 25.8472 19.7691
internal_count=2080 2053 1112 464 648 941 353 111 932 27 931 642
is_linear=0
shrinkage=0.05


Tree=49
num_leaves=13
num_cat=0
split_feature=6 11 29 2 8 9 0 29 8 1 12 24
split_gain=14.0284 16.2476 20.5255 29.1503 17.9334 13.7155 5.93337 5.01069 2.82434 0.083406 0.0361073 0.00696552
threshold=-2.8579949140548702 -0.12364761158823966 -0.461219772696495 -0.23650398850440976 0.18325915187597278 2.792439460754395 5.7447481155395517 -0.043535482138395303 0.79457256197929393 1.7041572928428652 -2.0742262601852413 2.0609363317489628
decision_type=2 2 2 2 2 2 2 2 2 2 2 2
left_child=9 5 4 6 -3 8 -4 -5 10 -1 -2 -6
right_child=1 2 3 7 11 -7 -8 -9 -10 -11 -12 -13
leaf_value=0.043626989923859737 -0.064586235626551552 0.052918962113154867 -0.055219938325468655 0.010057673517084318 -0.053821914488993983 0.049644659466650295 0.052408268698881613 0.055678640498419689 0.052089361764177659 0.052397738927151938 -0.053489833421678151 -0.059561783052934629
leaf_weight=3.9356376957148305 0.75629422813654912 4.951903402805331 10.761919649317857 7.5308968741446725 18.331827320158485 3.896040638908743 1.4534720778465278 29.975691024214029 0.64584386348724265 8.7081452012062055 23.917333707213402 0.54424641467630763
leaf_count=15 18 6 351 79 629 9 2 32 1 12 913 13
internal_value=-3.03645e-05 -0.00614498 0.00638518 0.0246702 -0.0317702 -0.0376896 -0.0424136 0.0465185 -0.0511282 0.0496677 -0.05383 -0.0539874
internal_weight=115.409 102.765 73.55 49.722 23.828 29.2155 12.2154 37.5066 25.3195 12.6438 24.6736 18.8761
internal_count=2080 2053 1112 464 648 941 353 111 932 27 931 642
is_linear=0
shrinkage=0.05


Tree=50
num_leaves=13
num_cat=0
split_feature=9 11 29 2 8 9 17 29 0 4 12 24
split_gain=13.2968 14.8254 21.2404 25.0884 13.493 12.7756 7.67668 5.20871 3.58882 0.145912 0.0329335 0.0060506
threshold=-2.8663491010665889 -0.12364761158823966 -0.50702375173568714 -0.23650398850440976 0.18325915187597278 2.792439460754395 0.60343372821807872 -0.043535482138395303 -4.1374759674072257 1.5796727538108828 -2.0742262601852413 2.0609363317489628
decision_type=2 2 2 2 2 2 2 2 2 2 2 2
left_child=9 5 4 6 -3 8 -4 -5 -2 -1 -10 -6
right_child=1 2 3 7 11 -7 -8 -9 10 -11 -12 -13
leaf_value=0.040575504990726693 0.052719979678145359 0.052424970752980152 0.052184888887825721 0.010954234440193689 -0.05362382323225931 0.049252942259741118 -0.055010219068288506 0.05533400969257346 -0.064375511536469615 0.052453110456095998 -0.053312819082998432 -0.059090039782679175
leaf_weight=3.6888387575745574 0.82077962160111084 3.6030348539352444 1.9933584332466114 8.6473927665501815 17.060684962198142 3.7347677852958432 10.301686691120265 28.082237292081118 0.693155454471717 8.6461039185523969 22.85692849941551 0.52173166163265605
leaf_count=15 1 5 3 91 616 9 352 31 17 12 915 13
internal_value=-3.27517e-05 -0.00617211 0.00611243 0.024191 -0.0357226 -0.0368599 -0.037631 0.0448855 -0.0500564 0.048901 -0.0536384 -0.053786
internal_weight=110.651 98.3158 70.2101 49.0247 21.1855 28.1056 12.295 36.7296 24.3709 12.3349 23.5501 17.5824
internal_count=2080 2053 1111 477 634 942 355 122 933 27 932 629
is_linear=0
shrinkage=0.05


Tree=51
num_leaves=13
num_cat=0
split_feature=6 11 29 2 8 9 0 29 8 4 12 24
split_gain=12.6341 14.5547 18.2705 25.6957 16.1257 12.3046 5.33304 4.94507 2.56567 0.086953 0.0273349 0.00521804
threshold=-2.8579949140548702 -0.12364761158823966 -0.461219772696495 -0.23650398850440976 0.18325915187597278 2.792439460754395 5.7447481155395517 -0.043535482138395303 0.79457256197929393 1.5796727538108828 -2.0742262601852413 2.0609363317489628
decision_type=2 2 2 2 2 2 2 2 2 2 2 2
left_child=9 5 4 6 -3 8 -4 -5 10 -1 -2 -6
right_child=1 2 3 7 11 -7 -8 -9 -10 -11 -12 -13
leaf_value=0.042841915881849525 -0.063183754657717903 0.052628958197662327 -0.054834866592618409 0.0090493618121433913 -0.0534579526801695 0.048847029224449001 0.052169342735723837 0.054852728537452211 0.051904452072422183 0.052167789565766287 -0.053157220031216916 -0.058641656975439972
leaf_weight=3.6468814220279437 0.70165535062552464 4.5061771273613003 9.8159458488225901 7.4976561088114968 16.72870549373329 3.5814063586294642 1.3211539387702949 27.529153436422348 0.59288787841796775 7.9440632462501526 21.783089648932219 0.49998516403138538
leaf_count=15 18 6 351 79 629 9 2 32 1 12 913 13
internal_value=-3.54652e-05 -0.00607489 0.00621689 0.0240137 -0.0315828 -0.0373812 -0.0421413 0.0450483 -0.0507629 0.0492336 -0.0534701 -0.0536084
internal_weight=106.149 94.5578 67.8988 46.1639 21.7349 26.659 11.1371 35.0268 23.0776 11.5909 22.4847 17.2287
internal_count=2080 2053 1112 464 648 941 353 111 932 27 931 642
is_linear=0
shrinkage=0.05


Tree=52
num_leaves=12
num_cat=0
split_feature=27 26 2 21 0 3 29 14 2 14 27
split_gain=12.0357 15.0997 36.7416 9.64131 6.84476 7.27711 6.41444 8.23237 5.3644 0.573187 0.013548
threshold=-3.0440939664840694 -0.13815788924694059 -0.11305008083581923 8.3060102462768572 5.7447481155395517 -4.1688048839569083 -0.082544967532157884 0.83788329362869274 -0.078884039074182496 -0.12147710099816321 -2.5007592439651485
decision_type=2 2 2 2 2 2 2 2 2 2 2
left_child=-1 3 4 8 5 -3 7 -4 -2 -8 -10
right_child=1 2 6 -5 -6 -7 9 -9 10 -11 -12
leaf_value=0.050640672137860658 0.052062482360652432 0.052179287752377373 0.052651034938684504 0.052240679231281097 0.052460947646520609 -0.046982389618405986 0.035000969742203361 -0.054500557349155071 -0.060441083910155763 0.056115113321905358 -0.05314055893755576
leaf_weight=10.506216257810591 1.2749665379524291 1.9923374056816125 3.6590867638587943 2.683285951614379 2.1609044671058646 25.928108923137192 3.7174643278121975 3.5139897540211678 0.65444175899029744 23.748857587575912 21.941461164504283
leaf_count=18 2 3 5 4 3 964 32 100 9 22 918
internal_value=-3.79039e-05 -0.00587127 0.00715508 -0.0376206 -0.0332712 -0.0399064 0.0422618 0.00015897 -0.0477217 0.0532574 -0.053352
internal_weight=101.781 91.2749 64.7207 26.5542 30.0814 27.9204 34.6394 7.17308 23.8709 27.4663 22.5959
internal_count=2080 2062 1129 933 970 967 159 105 929 54 927
is_linear=0
shrinkage=0.05


Tree=53
num_leaves=12
num_cat=0
split_feature=27 26 2 21 0 3 29 14 2 14 27
split_gain=11.3883 14.3186 34.6009 9.14372 6.43335 6.82786 6.02218 7.80337 5.08686 0.596473 0.0114425
threshold=-3.0440939664840694 -0.13815788924694059 -0.11305008083581923 8.3060102462768572 5.7447481155395517 -4.1688048839569083 -0.082544967532157884 0.83788329362869274 -0.078884039074182496 -0.12147710099816321 -2.5007592439651485
decision_type=2 2 2 2 2 2 2 2 2 2 2
left_child=-1 3 4 8 5 -3 7 -4 -2 -8 -10
right_child=1 2 6 -5 -6 -7 9 -9 10 -11 -12
leaf_value=0.050401071549116341 0.05195786031983033 0.052068587838131036 0.052516532834720513 0.052126911386531617 0.052335627029865599 -0.046268238294027937 0.033998639598583312 -0.054267671469648018 -0.059832347943592601 0.055806221829478302 -0.052986367104811555
leaf_weight=10.040143832564352 1.2151660323143065 1.8990973830223108 3.4893202781677237 2.5578505992889395 2.0603137016296378 25.03472859039903 3.6377734057605293 3.3565922733396292 0.62869685515762341 22.712490499019623 20.930566053837531
leaf_count=18 2 3 5 4 3 964 32 100 9 22 918
internal_value=-3.56514e-05 -0.00582149 0.00708581 -0.0375087 -0.0328205 -0.0393345 0.0419407 0.000159592 -0.0475759 0.0527956 -0.053186
internal_weight=97.5627 87.5226 62.1903 25.3323 28.9941 26.9338 33.1962 6.84591 22.7744 26.3503 21.5593
internal_count=2080 2062 1129 933 970 967 159 105 929 54 927
is_linear=0
shrinkage=0.05


Tree=54
num_leaves=12
num_cat=0
split_feature=27 26 2 21 0 3 29 14 2 14 27
split_gain=10.7743 13.58 32.5781 8.67308 6.04379 6.40265 5.65321 7.39804 4.82442 0.621278 0.00967357
threshold=-3.0440939664840694 -0.13815788924694059 -0.11305008083581923 8.3060102462768572 5.7447481155395517 -4.1688048839569083 -0.082544967532157884 0.83788329362869274 -0.078884039074182496 -0.12147710099816321 -2.5007592439651485
decision_type=2 2 2 2 2 2 2 2 2 2 2
left_child=-1 3 4 8 5 -3 7 -4 -2 -8 -10
right_child=1 2 6 -5 -6 -7 9 -9 10 -11 -12
leaf_value=0.050157208550110965 0.051858742392727898 0.051963729047140285 0.052389110226215611 0.052019133988034663 0.052216939603966284 -0.045529769347955627 0.032988575423709074 -0.05404755871342859 -0.059264592684381015 0.055513469600712177 -0.052839927872557202
leaf_weight=9.5957548022270185 1.1580552458763183 1.8100306391716028 3.3270131945610073 2.4380165338516226 1.9641730785369862 24.190339149907235 3.563623238354924 3.205563822761178 0.60361857712269795 21.71584153175354 19.963554592803114
leaf_count=18 2 3 5 4 3 964 32 100 9 22 918
internal_value=-3.32014e-05 -0.00577082 0.00701555 -0.0374026 -0.0323539 -0.0387427 0.0416234 0.000160176 -0.0474375 0.0523382 -0.0530285
internal_weight=93.5356 83.9398 59.7766 24.1632 27.9645 26.0004 31.812 6.53258 21.7252 25.2795 20.5672
internal_count=2080 2062 1129 933 970 967 159 105 929 54 927
is_linear=0
shrinkage=0.05


Tree=55
num_leaves=13
num_cat=0
split_feature=6 11 29 2 8 9 0 29 8 4 21 24
split_gain=10.2033 12.3068 14.7642 21.0909 13.0765 10.0203 4.3254 4.23061 2.07599 0.0853011 0.0195399 0.00309667
threshold=-2.8579949140548702 -0.12364761158823966 -0.461219772696495 -0.23650398850440976 0.18325915187597278 2.792439460754395 5.7447481155395517 -0.043535482138395303 0.79457256197929393 1.5796727538108828 3.236412882804871 2.0609363317489628
decision_type=2 2 2 2 2 2 2 2 2 2 2 2
left_child=9 5 4 6 -3 8 -4 -5 10 -1 -2 -6
right_child=1 2 3 7 11 -7 -8 -9 -10 -11 -12 -13
leaf_value=0.04167044406769041 -0.052774237311386335 0.052141919959349192 -0.054223674053824993 0.0082528494027119398 -0.052815392842390764 0.048106222969940236 0.051760211287652437 0.053680583596396707 0.051544555365627333 0.051769139227498442 -0.068257680229026049 -0.057148515697631436
leaf_weight=3.0657115373760444 18.793796370737265 3.7345096766948727 8.3116334881633485 6.5451651718467501 13.855102940462526 2.9809100124984971 1.0888004302978522 23.621397629380226 0.48758286237716575 6.5771876275539398 0.20599780231714149 0.4249650817364462
leaf_count=15 928 6 351 79 629 9 2 32 1 12 3 13
internal_value=-3.05504e-05 -0.00588365 0.00636265 0.0234462 -0.0311594 -0.0372684 -0.0419481 0.0438242 -0.0503278 0.0485585 -0.0529421 -0.0529443
internal_weight=89.6928 80.0499 57.5816 39.567 18.0146 22.4683 9.40043 30.1666 19.4874 9.6429 18.9998 14.2801
internal_count=2080 2053 1112 464 648 941 353 111 932 27 931 642
is_linear=0
shrinkage=0.05


Tree=56
num_leaves=12
num_cat=0
split_feature=27 26 2 21 14 26 0 3 2 8 27
split_gain=9.74895 12.1808 29.3026 7.82109 6.66497 8.15067 6.18497 6.7102 4.35627 2.32873 0.00707921
threshold=-3.0440939664840694 -0.13815788924694059 -0.23650398850440976 8.3060102462768572 0.84883606433868419 0.7086608111858369 5.7447481155395517 -4.1688048839569083 -0.078884039074182496 -0.2787709087133407 -2.5007592439651485
decision_type=2 2 2 2 2 2 2 2 2 2 2
left_child=-1 3 6 8 9 -6 7 -3 -2 -4 -10
right_child=1 2 4 -5 5 -7 -8 -9 10 -11 -12
leaf_value=0.049823275436199362 0.051681930080030608 0.051778990508318273 0.00029172717970772074 0.051823829442533269 -0.054798675017977395 0.05321377526840914 0.052003090567663446 -0.053350745673222878 -0.058287723018096607 0.05345204553302009 -0.052569712953120254
leaf_weight=8.8014835417270643 1.0550708770752013 1.6497231423854852 2.2585213771089938 2.2191513478755942 3.8726821504533282 3.1813505291938782 1.7875987589359272 18.985814834013585 0.5579232312738992 23.4462910015136 18.163120806217186
leaf_count=18 2 3 56 4 122 4 3 908 9 33 918
internal_value=-3.30218e-05 -0.00571876 0.00682214 -0.0371815 0.0369667 -0.00608534 -0.0372172 -0.0449461 -0.0471691 0.0487812 -0.0527401
internal_weight=85.9787 77.1772 55.182 21.9953 32.7588 7.05403 22.4231 20.6355 19.7761 25.7048 18.721
internal_count=2080 2062 1129 933 215 126 914 911 929 89 927
is_linear=0
shrinkage=0.05


Tree=57
num_leaves=12
num_cat=0
split_feature=27 26 2 21 14 26 0 3 2 8 27
split_gain=9.22581 11.5557 27.7017 7.42142 6.25463 7.72389 5.86863 6.36639 4.1332 2.29321 0.00600019
threshold=-3.0440939664840694 -0.13815788924694059 -0.23650398850440976 8.3060102462768572 0.84883606433868419 0.7086608111858369 5.7447481155395517 -4.1688048839569083 -0.078884039074182496 -0.2787709087133407 -2.5007592439651485
decision_type=2 2 2 2 2 2 2 2 2 2 2
left_child=-1 3 6 8 9 -6 7 -3 -2 -4 -10
right_child=1 2 4 -5 5 -7 -8 -9 10 -11 -12
leaf_value=0.049570706851340456 0.051597218431865745 0.051689292247757812 0.00027714374164718988 0.051731903072266508 -0.054571140387980194 0.053049754994801225 0.051901893555404144 -0.053211805592271892 -0.057820888722439928 0.053135320219223452 -0.05244405976939677
leaf_weight=8.4138234704732877 1.0052206218242705 1.5719196200370813 2.2585052186623242 2.1145784854888907 3.6987808654084793 3.0353142917156219 1.703648269176482 18.105831873603169 0.53488913550973904 22.432402912527326 17.317645589821034
leaf_count=18 2 3 56 4 122 4 3 908 9 33 918
internal_value=-3.42326e-05 -0.00569124 0.00677919 -0.0370907 0.0366509 -0.00606229 -0.0371243 -0.044832 -0.0470506 0.0483003 -0.0526052
internal_weight=82.1926 73.7787 52.8064 20.9723 31.425 6.7341 21.3814 19.6778 18.8578 24.6909 17.8525
internal_count=2080 2062 1129 933 215 126 914 911 929 89 927
is_linear=0
shrinkage=0.05


Tree=58
num_leaves=13
num_cat=0
split_feature=9 11 29 2 8 9 17 29 0 4 21 24
split_gain=8.78557 10.2662 13.7734 16.3193 8.85369 8.43433 5.08442 3.80572 2.40726 0.113531 0.0129946 0.00207279
threshold=-2.8663491010665889 -0.12364761158823966 -0.50702375173568714 -0.23650398850440976 0.18325915187597278 2.792439460754395 0.60343372821807872 -0.043535482138395303 -4.1374759674072257 1.5796727538108828 3.236412882804871 2.0609363317489628
decision_type=2 2 2 2 2 2 2 2 2 2 2 2
left_child=9 5 4 6 -3 8 -4 -5 -2 -1 -10 -6
right_child=1 2 3 7 11 -7 -8 -9 10 -11 -12 -13
leaf_value=0.039088931871151839 0.051828895446833861 0.051602646848254365 0.051451164956377186 0.009571055998696754 -0.052408085381492567 0.047515222447656352 -0.053779899395037738 0.052726584194165385 -0.052433051774107953 0.051645797890544444 -0.065655669024350383 -0.056187227866263512
leaf_weight=2.5794404074549657 0.57102656364441529 2.4568745195865622 1.363701730966566 6.8271462395787266 11.697460290044543 2.6005497314035884 7.2526935860514641 20.294987045228481 16.409040057100359 5.9577531814575195 0.1879377719014873 0.37444938533008176
leaf_count=15 1 5 3 91 616 9 352 31 929 12 3 13
internal_value=-3.55039e-05 -0.00587285 0.00613209 0.0228197 -0.0349169 -0.0363989 -0.0371252 0.0418635 -0.0491099 0.0478518 -0.0525828 -0.0525253
internal_weight=78.5731 70.0359 50.2673 35.7385 14.5288 19.7686 8.6164 27.1221 17.168 8.53719 16.597 12.0719
internal_count=2080 2053 1111 477 634 942 355 122 933 27 932 629
is_linear=0
shrinkage=0.05


Tree=59
num_leaves=12
num_cat=0
split_feature=27 26 2 21 0 3 29 14 2 14 27
split_gain=8.3777 10.3646 24.8731 6.70166 4.64274 4.90144 4.52567 6.14059 3.73634 0.581374 0.00439358
threshold=-3.0440939664840694 -0.13815788924694059 -0.11305008083581923 8.3060102462768572 5.7447481155395517 -4.1688048839569083 -0.082544967532157884 0.83788329362869274 -0.078884039074182496 -0.12147710099816321 -2.5007592439651485
decision_type=2 2 2 2 2 2 2 2 2 2 2
left_child=-1 3 4 8 5 -3 7 -4 -2 -8 -10
right_child=1 2 6 -5 -6 -7 9 -9 10 -11 -12
leaf_value=0.049245787964246328 0.051446515851111534 0.051523434883055066 0.052004626725916783 0.051566257675654682 0.051719755599498755 -0.044469000424395888 0.030389928370388172 -0.053451934709714891 -0.057008404868017261 0.054296163493629895 -0.052214210252071985
leaf_weight=7.7374763637781134 0.91571035981178894 1.4266405403614104 2.7886371612548855 1.9250027239322651 1.5498248934745777 19.592790091410279 2.9765082579106119 2.7334899725392461 0.49284303560853793 17.467803120613098 15.750493508763604
leaf_count=18 2 3 5 4 3 964 32 100 9 22 918
internal_value=-3.83492e-05 -0.00567775 0.00659705 -0.0368958 -0.0317959 -0.0379538 0.0399671 -0.000197079 -0.0468199 0.0508156 -0.0523597
internal_weight=75.3572 67.6197 48.5357 19.084 22.5693 21.0194 25.9664 5.52213 17.159 20.4443 16.2433
internal_count=2080 2062 1129 933 970 967 159 105 929 54 927
is_linear=0
shrinkage=0.05


Tree=60
num_leaves=13
num_cat=0
split_feature=6 11 29 2 8 9 14 0 8 4 21 12
split_gain=7.95122 9.72134 11.2521 16.0221 10.0954 7.74312 3.53662 3.32875 1.61214 0.0779382 0.00995794 0.00180983
threshold=-2.8579949140548702 -0.12364761158823966 -0.461219772696495 -0.23650398850440976 0.18325915187597278 2.792439460754395 0.84883606433868419 5.7447481155395517 0.79457256197929393 1.5796727538108828 3.236412882804871 -2.1677035093307491
decision_type=2 2 2 2 2 2 2 2 2 2 2 2
left_child=9 5 4 7 -3 8 -5 -4 10 -1 -2 -6
right_child=1 2 3 6 11 -7 -8 -9 -10 -11 -12 -13
leaf_value=0.040622970651256807 -0.052247104581172613 0.051661206015336664 -0.05354048708884479 0.052572834061320378 -0.055485516147371461 0.046994687132734185 0.0086022452943733136 0.051359050607327462 0.051203829725684991 0.051396998189457248 -0.064189773657719981 -0.052167454764963352
leaf_weight=2.4689689502120009 15.030786165967582 2.9452479779720298 6.6271544648334375 18.821918763220314 0.42714286781847022 2.3801462426781645 6.0406982079148284 0.85368523001670826 0.38509848713874895 5.2431590259075165 0.17659539915621358 10.85404151491821
leaf_count=15 928 6 351 29 18 9 82 2 1 12 3 624
internal_value=-3.54687e-05 -0.00576895 0.00628594 0.022586 -0.0307718 -0.037005 0.0418896 -0.0415697 -0.0498274 0.0479478 -0.0523858 -0.0522931
internal_weight=72.2546 64.5425 46.5699 32.3435 14.2264 17.9726 24.8626 7.48084 15.5925 7.71213 15.2074 11.2812
internal_count=2080 2053 1112 464 648 941 111 353 932 27 931 642
is_linear=0
shrinkage=0.05


Tree=61
num_leaves=13
num_cat=0
split_feature=27 26 2 21 23 17 29 14 6 15 14 27
split_gain=7.57835 9.30758 22.2247 6.05102 4.47838 5.8091 4.2516 5.64702 3.38013 3.28014 0.574252 0.00321405
threshold=-3.0440939664840694 -0.13815788924694059 -0.11305008083581923 8.3060102462768572 0.078416779637336745 -0.057212054729461663 -0.082544967532157884 0.83788329362869274 7.3752131462097177 3.412197589874268 -0.12147710099816321 -2.5007592439651485
decision_type=2 2 2 2 2 2 2 2 2 2 2 2
left_child=-1 3 4 8 5 -3 7 -4 11 -6 -8 -2
right_child=1 2 6 -5 9 -7 10 -9 -10 -11 -12 -13
leaf_value=0.048906264576362074 -0.056282751078237492 -0.051847305127121081 0.051809081067439103 0.051416303123418675 -0.050620152577812355 0.052381394385449268 0.02930361546693383 -0.053277859023720946 0.051310913991370277 0.051318851297977822 0.053891813334373963 -0.052005197249021584
leaf_weight=7.0983150154352179 0.4530344158411016 2.343265600502491 2.536516189575198 1.7511187791824347 14.572342249564823 3.1124840974807766 2.7869387045502689 2.5773475589230657 0.83425378799438554 0.83431619405746538 16.049173325300217 14.316280230879782
leaf_count=18 9 157 5 4 806 5 32 100 2 2 22 918
internal_value=-3.80117e-05 -0.00562653 0.00641322 -0.036715 -0.0313144 0.00761476 0.0392771 -0.00115392 -0.0466055 -0.0450999 0.0502538 -0.0521364
internal_weight=69.2654 62.1671 44.8124 17.3547 20.8624 5.45575 23.95 5.11386 15.6036 15.4067 18.8361 14.7693
internal_count=2080 2062 1129 933 970 162 159 105 929 808 54 927
is_linear=0
shrinkage=0.05


Tree=62
num_leaves=13
num_cat=0
split_feature=27 26 2 21 23 17 29 14 2 0 14 27
split_gain=7.16769 8.83548 20.9984 5.74485 4.22035 5.51412 3.99334 5.35807 3.20882 3.16196 0.6002 0.00273352
threshold=-3.0440939664840694 -0.13815788924694059 -0.11305008083581923 8.3060102462768572 0.078416779637336745 -0.057212054729461663 -0.082544967532157884 0.83788329362869274 -0.078884039074182496 5.7447481155395517 -0.12147710099816321 -2.5007592439651485
decision_type=2 2 2 2 2 2 2 2 2 2 2 2
left_child=-1 3 4 8 5 -3 7 -4 -2 -6 -8 -10
right_child=1 2 6 -5 9 -7 10 -9 11 -11 -12 -13
leaf_value=0.048631245629119864 0.051245350399030082 -0.051756083913792897 0.051718485684623006 0.051345430983013342 -0.05036165828749295 0.052261734892305262 0.028299867954096364 -0.053111680335731951 -0.05594039100616726 0.051273908208424514 0.053697507065807087 -0.051907428799216199
leaf_weight=6.7893594205379477 0.79455643892288286 2.2328126821666956 2.4169286489486721 1.667956858873368 13.945921283215281 2.9672941267490414 2.7426519803702858 2.4591258987784386 0.43351024389266868 0.80968263745308 15.320292413234709 13.64306954666972
leaf_count=18 2 157 5 4 806 5 32 100 9 2 22 918
internal_value=-3.82517e-05 -0.00559796 0.00637281 -0.0366446 -0.0311344 0.00759875 0.0390021 -0.0011502 -0.0465136 -0.0447846 0.0498412 -0.0520316
internal_weight=66.2232 59.4338 42.8947 16.5391 19.9557 5.20011 22.939 4.87605 14.8711 14.7556 18.0629 14.0766
internal_count=2080 2062 1129 933 970 162 159 105 929 808 54 927
is_linear=0
shrinkage=0.05


Tree=63
num_leaves=13
num_cat=0
split_feature=6 11 29 2 8 9 29 0 8 4 27 12
split_gain=6.84745 8.45989 9.56162 13.4985 8.6571 6.64581 3.23341 2.96545 1.37938 0.0786256 0.00776867 0.00118419
threshold=-2.8579949140548702 -0.12364761158823966 -0.461219772696495 -0.23650398850440976 0.18325915187597278 2.792439460754395 -0.043535482138395303 5.7447481155395517 0.79457256197929393 1.5796727538108828 -2.5007592439651485 -2.1677035093307491
decision_type=2 2 2 2 2 2 2 2 2 2 2 2
left_child=9 5 4 7 -3 8 -5 -4 10 -1 -2 -6
right_child=1 2 3 6 11 -7 -8 -9 -10 -11 -12 -13
leaf_value=0.039676124126443252 -0.057743807756751642 0.051428713420285203 -0.053185207579395467 0.0061612720882340578 -0.054730184826858132 0.046399995207644734 0.051500872785783906 0.051210250029217634 0.051031252579780001 0.051215562116854463 -0.051869966446824761 -0.051861390857336875
leaf_weight=2.1763173490762702 0.58901161700486859 2.5534344911575273 5.7721224175766137 5.1286501679569509 0.37404103484004281 2.0768974889069787 16.857283595949415 0.77112722396850575 0.33212780952453691 4.5884270071983337 12.704848403111098 9.3942357860505599
leaf_count=15 11 6 351 79 18 9 32 2 1 12 920 624
internal_value=-3.84706e-05 -0.00572522 0.00626455 0.0221619 -0.0305436 -0.0369165 0.0409245 -0.0408821 -0.0496157 0.0475032 -0.0521302 -0.0519712
internal_weight=63.3185 56.5538 40.8509 28.5292 12.3217 15.7029 21.9859 6.54325 13.626 6.76474 13.2939 9.76828
internal_count=2080 2053 1112 464 648 941 111 353 932 27 931 642
is_linear=0
shrinkage=0.05


Tree=64
num_leaves=13
num_cat=0
split_feature=9 11 29 20 2 8 9 14 0 4 27 12
split_gain=6.51439 7.74869 9.92466 11.7882 7.01591 6.49101 6.18979 1.84791 1.80129 0.0958993 0.00663177 0.00102866
threshold=-2.8663491010665889 -0.12364761158823966 -0.50702375173568714 0.74625232815742504 0.28167070448398596 0.18325915187597278 2.792439460754395 0.84883606433868419 -4.1374759674072257 1.5796727538108828 -2.5007592439651485 -2.1677035093307491
decision_type=2 2 2 2 2 2 2 2 2 2 2 2
left_child=9 6 5 7 -5 -3 8 -4 -2 -1 -10 -7
right_child=1 2 3 4 -6 11 -8 -9 10 -11 -12 -13
leaf_value=0.03808651030228638 0.051370829210792446 0.05117959502485369 0.052601202107202351 -0.048469207585027568 0.051074721706794141 -0.054497120136837877 0.045922781116311651 0.01329095454836602 -0.057325990220006784 0.051229380666014179 -0.051780717337294946 -0.051759711188328561
leaf_weight=2.0043900273740283 0.43567466735839744 1.8383759856224013 14.956548377871522 7.1188865629956108 2.3558652400970459 0.35728201642632029 1.9956245534121997 3.736433967947959 0.56426530331372937 4.5130404829978943 12.121968110091982 8.7000902052968758
leaf_count=15 1 5 23 397 7 18 9 50 11 12 921 611
internal_value=-4.10434e-05 -0.00572215 0.00604078 0.0217153 -0.0237179 -0.0344811 -0.0361174 0.0447437 -0.0485943 0.0471874 -0.0520274 -0.0518677
internal_weight=60.6984 54.181 39.0635 28.1677 9.47475 10.8957 15.1175 18.693 13.1219 6.51743 12.6862 9.05737
internal_count=2080 2053 1111 477 404 634 942 73 933 27 932 629
is_linear=0
shrinkage=0.05


Tree=65
num_leaves=15
num_cat=0
split_feature=3 1 10 19 25 13 24 18 10 1 0 1 4 26
split_gain=6.24934 7.84486 6.73755 4.68779 6.23122 6.77873 5.11625 4.00519 2.75298 1.50045 0.992779 0.388867 0.0416645 0.0339585
threshold=-1.9619923233985899 -0.9439428150653838 -0.80940505862236012 -0.75463879108428944 0.34811538457870489 0.059718327596783645 0.36849424242973333 -3.5163445472717281 0.8864855468273164 -0.45384714007377619 2.3648204803466801 -0.55873641371726979 1.1584733724594118 0.46273468434810644
decision_type=2 2 2 2 2 2 2 2 2 2 2 2 2 2
left_child=9 2 13 6 8 -6 -3 -4 -5 10 -1 -8 -11 -2
right_child=1 3 7 4 5 -7 11 -9 -10 12 -12 -13 -14 -15
leaf_value=-0.052063628717241128 0.05199091204924218 -0.052525221578502396 0.051023093965007864 -0.052013849563247699 -0.043933453216916329 0.036715267690929414 0.016994431567194723 -0.051551784593272414 0.022005853337385722 0.042676575067782219 0.051117463818276268 0.048518656306423727 0.051178905131545674 0.045748971804886511
leaf_weight=0.66599753033369757 5.861159533262251 1.985558852553363 1.3123804330825795 16.470784968696545 4.5747448438778502 6.0528945969417691 1.2755580348893998 3.4623408261686563 1.3598829749971617 2.008937248028813 0.35867956280708313 4.1971222748979926 5.095795750617981 3.4683733433485031
leaf_count=42 12 129 4 1199 279 46 26 271 16 15 1 15 14 11
internal_value=-4.2034e-05 -0.00664997 0.024948 -0.0190583 -0.0283058 0.00199944 0.0162269 -0.023358 -0.0463686 0.040617 -0.015946 0.0411711 0.0487748 0.0496704
internal_weight=58.1502 50.0208 14.1043 35.9165 28.4583 10.6276 7.45824 4.77472 17.8307 8.12941 1.02468 5.47268 7.10473 9.32953
internal_count=2080 2008 298 1710 1540 325 170 275 1215 72 43 41 29 23
is_linear=0
shrinkage=0.05


Tree=66
num_leaves=14
num_cat=0
split_feature=27 25 27 3 0 2 16 0 0 16 10 2 27
split_gain=5.97483 7.29113 6.33744 4.70877 4.7715 4.45284 1.56165 1.19011 0.991671 0.434751 1.74051 0.00468751 0.00178916
threshold=-3.0440939664840694 -0.97355428338050831 0.37243475019931799 -1.9619923233985899 3.0203226804733281 -0.11305008083581923 -0.31465953588485712 -1.6268026828765867 2.3648204803466801 -0.70808944106101979 0.8864855468273164 0.34609851241111761 -2.5007592439651485
decision_type=2 2 2 2 2 2 2 2 2 2 2 2 2
left_child=-1 2 7 6 5 -5 8 -2 -3 11 -11 -4 -9
right_child=1 3 9 4 -6 -7 -8 12 -10 10 -12 -13 -14
leaf_value=0.048194919814375917 0.050988379450822241 -0.051951146236671034 0.051684156918688023 -0.052684253443616352 0.049872441095858352 -0.01342264021663468 0.050170111107219618 -0.054988313034881275 0.051061778243183323 -0.053502003863913211 0.048063397330893209 0.049187945651729521 -0.051066716417679341
leaf_weight=5.7566890120506278 0.31885439157485906 0.73938288819044806 4.4668448269367218 11.652519573457537 2.0818987488746634 18.992404799908403 3.1782562490552655 0.33611226826906149 0.34154924750328064 0.53338360693305586 2.0166840180754662 3.2483873479068279 2.1596010494977245
leaf_count=18 1 48 10 829 8 872 10 8 1 39 9 10 217
internal_value=-4.56462e-05 -0.00559246 0.0264934 -0.0169394 -0.0233754 -0.0283516 0.0325137 -0.0399735 -0.0194015 0.0447175 0.0268195 0.0506332 -0.0515949
internal_weight=55.8226 50.0659 13.0799 36.986 32.7268 30.6449 4.25919 2.81457 1.08093 10.2653 2.55007 7.71523 2.49571
internal_count=2080 2062 294 1768 1709 1701 59 226 49 68 48 20 225
is_linear=0
shrinkage=0.05


Tree=67
num_leaves=13
num_cat=0
split_feature=27 26 2 21 29 14 23 17 15 6 23 27
split_gain=5.63887 7.29059 16.497 4.50072 3.53969 4.46688 3.30293 4.30113 2.51552 2.5114 0.547072 0.00121526
threshold=-3.0440939664840694 -0.13815788924694059 -0.11305008083581923 8.3060102462768572 -0.082544967532157884 0.83788329362869274 0.078416779637336745 -0.057212054729461663 3.412197589874268 7.3752131462097177 0.096897080540657057 -2.5007592439651485
decision_type=2 2 2 2 2 2 2 2 2 2 2 2
left_child=-1 3 6 9 5 -4 7 -3 -8 11 -6 -2
right_child=1 2 4 -5 10 -7 8 -9 -10 -11 -12 -13
leaf_value=0.047899760573446533 -0.054567176319116728 -0.051394424259570498 0.051386481982615057 0.051047684954578759 0.026435583489968981 -0.052790952856468093 -0.049944577490728899 0.051762975870253948 0.05101432398134878 0.050974787702926821 0.053106580430808882 -0.051578222249779142
leaf_weight=5.5088350176811209 0.35078277811407943 1.768486315384507 1.9635278284549738 1.3149620890617377 2.2640306865796473 2.1618336047977209 11.21129028126597 2.3574576675891832 0.65292221307754594 0.62852111458778459 12.752076148986815 11.137489759363229
leaf_count=18 9 157 5 4 32 100 806 5 2 2 22 918
internal_value=-4.08563e-05 -0.00547905 0.00649977 -0.0368104 0.0378155 -0.00320614 -0.0309876 0.00754705 -0.0443885 -0.0463451 0.0490853 -0.0516695
internal_weight=54.0722 48.5634 35.1316 13.4318 19.1415 4.12536 15.9902 4.12594 11.8642 12.1168 15.0161 11.4883
internal_count=2080 2062 1129 933 159 105 970 162 808 929 54 927
is_linear=0
shrinkage=0.05


Tree=68
num_leaves=13
num_cat=0
split_feature=27 26 2 21 29 14 23 17 0 2 23 27
split_gain=5.32934 6.92364 15.5895 4.27482 3.3259 4.24012 3.11218 4.0849 2.43432 2.38517 0.570579 0.00103609
threshold=-3.0440939664840694 -0.13815788924694059 -0.11305008083581923 8.3060102462768572 -0.082544967532157884 0.83788329362869274 0.078416779637336745 -0.057212054729461663 5.7447481155395517 -0.078884039074182496 0.096897080540657057 -2.5007592439651485
decision_type=2 2 2 2 2 2 2 2 2 2 2 2
left_child=-1 3 6 9 5 -4 7 -3 -8 -2 -6 -11
right_child=1 2 4 -5 10 -7 8 -9 -10 11 -12 -13
leaf_value=0.047590961629570695 0.050926345319144223 -0.051325868293625371 0.051317489387917206 0.050995601424864451 0.025460755242476676 -0.052650774892167698 -0.049714964604030076 0.051675050059011587 0.050985336358040437 -0.0543253439621387 0.052952380312600335 -0.051501633900699034
leaf_weight=5.2733209729194632 0.59842213988304038 1.684426502324641 1.8702131509780913 1.252075910568238 2.2339650765061405 2.0617364589124918 10.726491014007475 2.2462024092674211 0.63571304082870561 0.33512268587946614 12.164581775665281 10.609665379859505
leaf_count=18 2 157 5 4 32 100 806 5 2 9 22 918
internal_value=-4.11092e-05 -0.00545228 0.00646002 -0.0367553 0.0375573 -0.00319876 -0.0308142 0.00753517 -0.0440808 -0.0462735 0.048687 -0.0515881
internal_weight=51.6919 46.4186 33.6233 12.7953 18.3305 3.93195 15.2928 3.93063 11.3622 11.5432 14.3985 10.9448
internal_count=2080 2062 1129 933 159 105 970 162 808 929 54 927
is_linear=0
shrinkage=0.05


Tree=69
num_leaves=13
num_cat=0
split_feature=6 11 29 2 8 9 0 5 8 11 4 27
split_gain=5.1033 6.5048 7.44899 11.6328 9.56374 4.93161 2.28323 1.50298 1.05953 0.245322 0.0680415 0.00787763
threshold=-2.8579949140548702 -0.12364761158823966 -0.082544967532157884 -0.23650398850440976 0.18325915187597278 2.792439460754395 5.7447481155395517 -1.0000000180025095e-35 0.79457256197929393 0.79982608556747448 1.5796727538108828 -3.0440939664840694
decision_type=2 2 2 2 2 2 2 2 2 2 2 2
left_child=10 5 4 6 -3 8 -4 -6 11 -5 -1 -2
right_child=1 2 3 9 7 -7 -8 -9 -10 -11 -12 -13
leaf_value=0.038715893890621994 -0.062555019709858162 0.05122997653679149 -0.052725690525152948 0.052733714937784643 0.051149923374014541 0.045160871850902534 0.050936356272209771 -0.051782045325157434 0.050794751995156512 0.037481728493692079 0.050914137511537554 -0.051552399273924479
leaf_weight=1.7026978842914093 0.16535040736198148 3.2479517608880952 4.3398537319153574 10.730655536055567 0.36863005161284945 1.5943934563547362 0.60527575016021717 9.3474906850606221 0.25834864377975542 3.4952376596629611 3.4789759814739227 10.086375392042099
leaf_count=15 2 9 346 20 1 9 2 717 1 17 12 929
internal_value=-4.13491e-05 -0.00554016 0.00622682 0.0260228 -0.0230471 -0.0367793 -0.0400376 -0.0478768 -0.0492097 0.0489864 0.0469058 -0.0517299
internal_weight=49.4212 44.2396 32.1351 19.171 12.9641 12.1045 4.94513 9.71612 10.5101 14.2259 5.18167 10.2517
internal_count=2080 2053 1112 385 727 941 348 718 932 37 27 931
is_linear=0
shrinkage=0.05


Tree=70
num_leaves=15
num_cat=0
split_feature=3 1 10 19 24 18 25 4 29 1 0 4 26 0
split_gain=4.85101 6.0728 5.33704 3.71281 3.66019 3.14252 2.85535 2.39107 2.04342 1.16312 0.776379 0.0425014 0.0342524 0.000192311
threshold=-1.9619923233985899 -0.9439428150653838 -0.80940505862236012 -1.0925839543342588 -1.4714705348014829 -3.5163445472717281 0.34811538457870489 -0.56691518425941456 0.10660832375288011 -0.45384714007377619 2.3648204803466801 1.1584733724594118 0.46273468434810644 1.772335469722748
decision_type=2 2 2 2 2 2 2 2 2 2 2 2 2 2
left_child=9 2 12 7 6 -4 -5 -3 -6 10 -1 -11 -2 -7
right_child=1 3 5 4 8 13 -8 -9 -10 11 -12 -13 -14 -15
leaf_value=-0.051635850421143319 0.051617826525664767 -0.051736085038913339 0.050799992960231688 -0.051463671408415249 -0.048331415155532464 -0.05116798748210049 0.05139613408107218 0.049562697833799511 -0.018076736698756243 0.041338822773817972 0.05087645167539373 0.050926990015571327 0.044633651501019452 -0.053464037198115349
leaf_weight=0.52825847081840027 4.7478845417499542 0.73030032077804241 1.035495460033417 0.92845723452046813 10.609776550903922 2.6852130619809018 2.4685636861249804 2.8791325269266954 11.774867322295902 1.6183156818151463 0.28399115800857544 4.0437155663967133 2.7853701412677765 0.094403437338769325
leaf_count=42 12 56 4 81 827 266 8 11 727 15 1 14 11 5
internal_value=-4.38119e-05 -0.00643291 0.024634 -0.0184283 -0.0250777 -0.0235487 0.023283 0.0290668 -0.0324167 0.0401597 -0.0157939 0.0481865 0.0490355 -0.051246
internal_weight=47.2137 40.7395 11.3484 29.3911 25.7817 3.81511 3.39702 3.60943 22.3846 6.47428 0.81225 5.66203 7.53325 2.77962
internal_count=2080 2008 298 1710 1643 275 89 67 1554 72 43 29 23 271
is_linear=0
shrinkage=0.05


Tree=71
num_leaves=13
num_cat=0
split_feature=9 11 29 20 2 8 9 14 0 4 27 24
split_gain=4.58375 5.84721 7.40425 8.54523 5.09928 4.5864 4.5073 1.51492 1.27589 0.0799749 0.00583132 0.000381005
threshold=-2.8663491010665889 -0.12364761158823966 -0.50702375173568714 0.74625232815742504 0.28167070448398596 0.18325915187597278 2.792439460754395 0.84883606433868419 -4.1374759674072257 1.5796727538108828 -3.0440939664840694 2.0609363317489628
decision_type=2 2 2 2 2 2 2 2 2 2 2 2
left_child=9 6 5 7 -5 -3 8 -4 -2 -1 -10 -7
right_child=1 2 3 4 -6 11 -8 -9 10 -11 -12 -13
leaf_value=0.036867380179233522 0.050970069203855897 0.050829469444809108 0.051751271474154648 -0.047660056616438851 0.050788498130754062 -0.051324889713428079 0.044781711212500769 0.011321330893572172 -0.061237252674949373 0.050878267953781357 -0.051441438464599309 -0.053433959978201932
leaf_weight=1.4813774954527605 0.31317394971847434 1.3113837242126445 11.535168856382375 5.3406632412224999 1.7451077550649641 6.4984099357388914 1.4980947170406569 2.8993612015619865 0.15443326532840629 3.2596050053834915 9.3496698793023807 0.22143217083066691
leaf_count=15 1 5 23 397 7 616 9 50 2 12 930 13
internal_value=-3.80656e-05 -0.00543701 0.00626614 0.0215554 -0.0234138 -0.0347027 -0.0360013 0.0436304 -0.0483286 0.0465004 -0.0516006 -0.0513944
internal_weight=45.6079 40.8669 29.5515 21.5203 7.08577 8.03123 11.3154 14.4345 9.81728 4.74098 9.5041 6.71984
internal_count=2080 2053 1111 477 404 634 942 73 933 27 932 629
is_linear=0
shrinkage=0.05


Tree=72
num_leaves=15
num_cat=0
split_feature=3 1 10 19 25 24 18 25 4 4 13 26 0 3
split_gain=4.40842 5.47585 4.80812 3.28941 3.37474 5.08925 2.85318 2.54063 2.1644 1.01098 1.41935 0.035133 0.000144507 6.91825e-05
threshold=-1.9619923233985899 -0.9439428150653838 -0.80940505862236012 -1.0925839543342588 0.34811538457870489 -0.15718282759189603 -3.5163445472717281 -0.98843705654144276 -0.56691518425941456 0.7793739140033723 2.0822843313217168 0.46273468434810644 1.772335469722748 0.47400245070457464
decision_type=2 2 2 2 2 2 2 2 2 2 2 2 2 2
left_child=9 2 11 8 7 -6 -4 -5 13 10 -1 -2 -8 -3
right_child=1 3 6 4 5 -7 12 -9 -10 -11 -12 -13 -14 -15
leaf_value=-0.051497279923037521 0.051462895996343565 -0.051258462452588915 0.050727648004778726 -0.0062428088821815386 0.027693006911463258 -0.052425065165174839 -0.051062924552256611 -0.05153083123329491 0.049112524439579266 0.050924280772642196 0.052185508802899294 0.044092538418532966 -0.053145688727859269 -0.052357934760079231
leaf_weight=0.64771874900907167 4.3228479623794556 0.46166998567059669 0.94433462619781527 4.3187239859253159 5.7707918249070644 3.019139352720229 2.44105707714334 10.945370021741843 2.6334942411631337 4.6368854492902756 0.6730770468711853 2.5830095559358597 0.086222972720861324 0.20733018778264523
leaf_count=54 12 44 4 258 120 244 266 1021 11 17 1 11 5 12
internal_value=-3.90104e-05 -0.00634981 0.0245755 -0.0180811 -0.0245054 0.00017429 -0.023426 -0.0387173 0.0287109 0.0399315 0.00133943 0.0487061 -0.051134 -0.0515992
internal_weight=43.6917 37.734 10.3775 27.3565 24.054 8.78993 3.47161 15.2641 3.30249 5.95768 1.3208 6.90586 2.52728 0.669
internal_count=2080 2008 298 1710 1643 364 275 1279 67 72 55 23 271 56
is_linear=0
shrinkage=0.05


Tree=73
num_leaves=15
num_cat=0
split_feature=3 1 10 19 25 13 24 18 10 4 13 3 26 22
split_gain=4.18225 5.14991 4.55214 3.15555 4.61508 4.85984 3.58906 2.71128 2.19991 0.961506 1.34764 0.481311 0.0370362 0.00277635
threshold=-1.9619923233985899 -0.9439428150653838 -0.80940505862236012 -0.75463879108428944 0.34811538457870489 0.059718327596783645 0.36849424242973333 -3.5163445472717281 0.8864855468273164 0.7793739140033723 2.0822843313217168 0.24460326135158542 0.46273468434810644 0.55088907480239879
decision_type=2 2 2 2 2 2 2 2 2 2 2 2 2 2
left_child=9 2 12 6 8 -6 13 -4 -5 10 -1 -8 -2 -3
right_child=1 3 7 4 5 -7 11 -9 -10 -11 -12 -13 -14 -15
leaf_value=-0.051423240105831519 0.051390495295102784 -0.051329251333209307 0.050691659492098889 -0.051504354051786674 -0.043071489736515554 0.035307079423551456 0.005564695099114174 -0.051078092181156214 0.023075513544813346 0.050878587284556881 0.052074383721690654 0.048748227885326262 0.043656995666831365 -0.059464342249539698
leaf_weight=0.61699386360123643 4.1176671832799911 1.318174888845532 0.89890050888061557 11.776916814502334 3.3756227106787247 4.7758175027556717 0.80594901833683241 2.4065871434286219 1.0794119974598277 4.4146032780408859 0.64158248901367188 3.2361641135066748 2.4809347540140152 0.1139452727511524
leaf_count=54 12 125 4 1199 279 46 30 271 16 17 1 11 11 4
internal_value=-4.20588e-05 -0.00626778 0.0244911 -0.0177714 -0.0265819 0.00284944 0.0160398 -0.0234026 -0.0452427 0.0398879 0.00133658 0.0401379 0.0484829 -0.0519765
internal_weight=42.0593 36.3861 9.90409 26.482 21.0078 8.15144 5.47423 3.30549 12.8563 5.67318 1.25858 4.04211 6.5986 1.43212
internal_count=2080 2008 298 1710 1540 325 170 275 1215 72 55 41 23 129
is_linear=0
shrinkage=0.05


Tree=74
num_leaves=13
num_cat=0
split_feature=27 26 2 21 29 14 23 17 15 2 11 27
split_gain=3.99 5.23953 11.9116 3.20337 2.6101 3.23212 2.54461 3.19563 1.86218 1.77661 0.406359 0.000464624
threshold=-3.0440939664840694 -0.13815788924694059 -0.11305008083581923 8.3060102462768572 -0.082544967532157884 0.83788329362869274 0.078416779637336745 -0.057212054729461663 3.412197589874268 -0.078884039074182496 0.19560815393924716 -2.5007592439651485
decision_type=2 2 2 2 2 2 2 2 2 2 2 2
left_child=-1 3 6 9 5 -4 7 -3 -8 -2 -6 -11
right_child=1 2 4 -5 10 -7 8 -9 -10 11 -12 -13
leaf_value=0.046896529750862163 0.050691019578201782 -0.051044351301558183 0.05097918853339202 0.050743729004657817 0.028081071688673655 -0.052122883422362466 -0.049493142240485621 0.051390989061624884 0.050752607738665238 -0.053297545441312155 0.052356300360780816 -0.051168727192907562
leaf_weight=4.0702987611293784 0.4505511224269857 1.3120764810591938 1.4204760640859615 0.94713452458381731 2.1173709463328132 1.6351593802683053 8.4596450715325737 1.8139981776475895 0.49010476469993669 0.26468780264258107 9.2779982537031156 8.0972768235951644
leaf_count=18 2 157 5 4 33 100 806 5 2 9 21 918
internal_value=-4.50405e-05 -0.00531053 0.00621386 -0.0366339 0.0368421 -0.00419373 -0.0304386 0.00839681 -0.0440035 -0.046025 0.0478457 -0.0512361
internal_weight=40.3568 36.2865 26.5268 9.75965 14.451 3.05564 12.0758 3.12607 8.94975 8.81252 11.3954 8.36196
internal_count=2080 2062 1129 933 159 105 970 162 808 929 54 927
is_linear=0
shrinkage=0.05


Tree=75
num_leaves=13
num_cat=0
split_feature=6 11 29 2 8 9 0 5 8 11 4 27
split_gain=3.78702 5.0663 5.72341 8.96038 7.13758 3.814 1.80653 1.15141 0.794641 0.237313 0.057228 0.00491925
threshold=-2.8579949140548702 -0.12364761158823966 -0.082544967532157884 -0.23650398850440976 0.18325915187597278 2.792439460754395 5.7447481155395517 -1.0000000180025095e-35 0.79457256197929393 0.79982608556747448 1.5796727538108828 -3.0440939664840694
decision_type=2 2 2 2 2 2 2 2 2 2 2 2
left_child=10 5 4 6 -3 8 -4 -6 11 -5 -1 -2
right_child=1 2 3 9 7 -7 -8 -9 -10 -11 -12 -13
leaf_value=0.037946528280749625 -0.060455691929373473 0.050912171516507468 -0.052657428706589307 0.052171686964082732 0.050883249548386557 0.044227268454587534 0.050741021672510669 -0.051398691342600847 0.050597029593597055 0.035390036510020768 0.050679292032857065 -0.051237207946806057
leaf_weight=1.3329425780102604 0.14743156731128504 2.4476795494556409 3.410617948044091 8.569739297032358 0.2861193120479556 1.2672254573553789 0.4821510761976241 7.1783749097958234 0.19559487700462419 2.7933187242597333 2.6112710237503052 7.860376120079307
leaf_count=15 2 9 346 20 1 9 2 717 1 17 12 929
internal_value=-4.55201e-05 -0.00533145 0.00639861 0.025618 -0.023182 -0.0365038 -0.0398507 -0.0474782 -0.0489748 0.0480463 0.0463763 -0.0514069
internal_weight=38.5828 34.6386 25.168 15.2558 9.91217 9.47063 3.89277 7.46449 8.2034 11.3631 3.94421 8.00781
internal_count=2080 2053 1112 385 727 941 348 718 932 37 27 931
is_linear=0
shrinkage=0.05


Tree=76
num_leaves=15
num_cat=0
split_feature=3 1 10 19 25 13 24 18 10 4 13 3 26 22
split_gain=3.60979 4.40324 3.90252 2.69299 3.98691 4.05566 3.08016 2.34913 1.93127 0.838607 1.15879 0.42871 0.045702 0.00264037
threshold=-1.9619923233985899 -0.9439428150653838 -0.80940505862236012 -0.75463879108428944 0.34811538457870489 0.059718327596783645 0.36849424242973333 -3.5163445472717281 0.8864855468273164 0.7793739140033723 2.0822843313217168 0.24460326135158542 0.71827757358551036 0.56998521089553844
decision_type=2 2 2 2 2 2 2 2 2 2 2 2 2 2
left_child=9 2 12 6 8 -6 13 -4 -5 10 -1 -8 -2 -3
right_child=1 3 7 4 5 -7 11 -9 -10 -11 -12 -13 -14 -15
leaf_value=-0.051249181305308915 0.051167480745698685 -0.051149396905963512 0.050599763104412887 -0.051331117368760483 -0.042147066741934774 0.033787824325527384 0.0052492811401750744 -0.050946184348812928 0.022242592112674108 0.050761830269225164 0.051773687654147464 0.048201396151245982 0.041730858851855249 -0.059736723676911851
leaf_weight=0.53710512910038122 3.8383452445268631 1.1516491966322089 0.78257399797439609 10.221607284620404 2.9811247172765425 4.2871761773712933 0.7303302078507844 2.092155664693566 0.9772175522521146 3.839438334107399 0.55497193336486816 2.840160496532917 1.9272754341363905 0.09705749200656999
leaf_count=54 13 126 4 1199 279 46 30 271 16 17 1 11 10 3
internal_value=-4.81016e-05 -0.00619785 0.0242856 -0.0175087 -0.0261948 0.0026428 0.0157764 -0.0233028 -0.044911 0.0397654 0.001105 0.0394157 0.0480131 -0.0518169
internal_weight=36.8582 31.9267 8.64035 23.2863 18.4671 7.2683 4.8192 2.87473 11.1988 4.93152 1.09208 3.57049 5.76562 1.24871
internal_count=2080 2008 298 1710 1540 325 170 275 1215 72 55 41 23 129
is_linear=0
shrinkage=0.05


Tree=77
num_leaves=13
num_cat=0
split_feature=27 26 2 21 29 14 23 17 10 2 11 27
split_gain=3.45625 4.51042 10.3374 2.78553 2.22758 2.79595 2.1992 2.76996 1.68045 1.53472 0.390519 0.000285044
threshold=-3.0440939664840694 -0.13815788924694059 -0.11305008083581923 8.3060102462768572 -0.082544967532157884 0.83788329362869274 0.078416779637336745 -0.057212054729461663 -1.7722481489181516 -0.078884039074182496 0.19560815393924716 -2.5007592439651485
decision_type=2 2 2 2 2 2 2 2 2 2 2 2
left_child=-1 3 6 9 5 -4 7 -3 -8 -2 -6 -11
right_child=1 2 4 -5 10 -7 8 -9 -10 11 -12 -13
leaf_value=0.046490019103134092 0.050597441911801815 -0.050924749088367395 0.050844634830365221 0.050646293406687207 0.026913014411788078 -0.051851067116942956 0.01842155811932461 0.051201614226765918 -0.052357344708733683 -0.052822610746447979 0.052056884115174909 -0.051036061989254589
leaf_weight=3.5848807990550986 0.3909771442413329 1.1444191955961289 1.2377192229032528 0.82768690586090077 1.9062938727438421 1.4267839966341851 0.95422756904736239 1.581464976072313 6.9209907799959174 0.23057507164776314 8.1311289072036725 7.0427633011713642
leaf_count=18 2 157 5 4 33 100 38 5 770 9 21 918
internal_value=-5.1079e-05 -0.00529857 0.00606979 -0.0364947 0.0364934 -0.0041467 -0.0303829 0.00832548 -0.0437812 -0.0459052 0.0472816 -0.0510927
internal_weight=35.3799 31.795 23.303 8.492 12.7019 2.6645 10.6011 2.72588 7.87522 7.66432 10.0374 7.27334
internal_count=2080 2062 1129 933 159 105 970 162 808 929 54 927
is_linear=0
shrinkage=0.05


Tree=78
num_leaves=15
num_cat=0
split_feature=3 1 10 19 25 24 24 18 6 4 13 3 26 22
split_gain=3.27986 3.97535 3.50964 2.41887 3.62561 3.75233 2.75758 2.12084 1.82222 0.759442 1.04507 0.400498 0.0475644 0.00196915
threshold=-1.9619923233985899 -0.9439428150653838 -0.80940505862236012 -0.75463879108428944 0.34811538457870489 -0.15718282759189603 0.36849424242973333 -3.5163445472717281 -1.5178764462471006 0.7793739140033723 2.0822843313217168 0.24460326135158542 0.71827757358551036 0.56998521089553844
decision_type=2 2 2 2 2 2 2 2 2 2 2 2 2 2
left_child=9 2 12 6 8 -6 13 -4 -5 10 -1 -8 -2 -3
right_child=1 3 7 4 5 -7 11 -9 -10 -11 -12 -13 -14 -15
leaf_value=-0.051128630916271955 0.051054879590310236 -0.051039516539515474 0.050541706956169864 0.022387438201676255 0.027726591684531177 -0.052385219931067109 0.0049908903963011295 -0.05085575588050735 -0.051268132659299373 0.050691349734272931 0.051598763069513269 0.047717917520475411 0.041022555337213357 -0.05875617383494626
leaf_weight=0.48695954354479809 3.4920146316289902 1.0446405191905821 0.70839023590087924 0.92283167643473163 4.6431072079576552 2.1332053281366816 0.69476006086915765 1.8958220584318066 9.3227800074964708 3.4984862059354782 0.50363695621490479 2.6042900094762444 1.7855796813964842 0.08977748779579986
leaf_count=54 13 126 4 29 109 216 30 271 1186 17 1 11 10 3
internal_value=-5.35402e-05 -0.00614386 0.0242233 -0.0172995 -0.0258674 0.00250713 0.0155963 -0.0232739 -0.0446339 0.0397481 0.00109981 0.0387199 0.0476606 -0.0516502
internal_weight=33.8263 29.3372 7.88181 21.4554 17.0219 6.77631 4.43347 2.60421 10.2456 4.48908 0.990596 3.29905 5.27759 1.13442
internal_count=2080 2008 298 1710 1540 325 170 275 1215 72 55 41 23 129
is_linear=0
shrinkage=0.05


Tree=79
num_leaves=12
num_cat=0
split_feature=27 26 2 21 0 29 14 3 2 11 12
split_gain=3.11666 4.10177 9.37877 2.54431 2.05239 2.01787 2.55077 1.90305 1.38686 0.363235 0.000212179
threshold=-3.0440939664840694 -0.13815788924694059 -0.11305008083581923 8.3060102462768572 5.7447481155395517 -0.082544967532157884 0.83788329362869274 -4.1688048839569083 -0.078884039074182496 0.22679913043975833 -2.6197438240051265
decision_type=2 2 2 2 2 2 2 2 2 2 2
left_child=-1 3 4 8 7 6 -4 -3 -2 -7 -10
right_child=1 2 5 -5 -6 9 -8 -9 10 -11 -12
leaf_value=0.046073456020225313 0.050539971983439014 0.050598244057293053 0.050766330254165062 0.050589820883596405 0.050770653772598429 0.027605957485058071 -0.051718088759835371 -0.042804791895322235 -0.05327681139854671 0.05192067970588729 -0.050971506524117631
leaf_weight=3.2903497815132132 0.35417206585407246 0.5830702334642418 1.1305680871009838 0.75781646370887745 0.72345252335071641 1.9437661180272643 1.3114235820248721 8.4277361463755369 0.10136055108159769 7.3217239677906036 6.5369677054695812
leaf_count=18 2 3 5 4 3 34 100 964 5 20 922
internal_value=-5.84917e-05 -0.0052582 0.00600995 -0.0364323 -0.0302555 0.0361631 -0.00427091 -0.0367609 -0.0458633 0.0468198 -0.0510067
internal_weight=32.4824 29.1921 21.4417 7.75032 9.73426 11.7075 2.44199 9.01081 6.9925 9.26549 6.63833
internal_count=2080 2062 1129 933 970 159 105 967 929 54 927
is_linear=0
shrinkage=0.05


Tree=80
num_leaves=13
num_cat=0
split_feature=6 11 29 2 8 9 17 5 8 11 4 27
split_gain=2.96796 4.11567 4.52193 7.12238 5.62417 3.03455 1.47548 0.899875 0.619746 0.200935 0.0522154 0.00418572
threshold=-2.8579949140548702 -0.12364761158823966 -0.082544967532157884 -0.23650398850440976 0.18325915187597278 2.792439460754395 0.60343372821807872 0.20228038728237155 0.79457256197929393 0.75720188021659862 1.5796727538108828 -3.0440939664840694
decision_type=2 2 2 2 2 2 2 2 2 2 2 2
left_child=10 5 4 6 -3 8 -4 -6 11 -5 -1 -2
right_child=1 2 3 9 7 -7 -8 -9 -10 -11 -12 -13
leaf_value=0.036957931837713294 -0.059744030459521258 0.050714766959800317 0.050605072835601832 0.051791411723282194 0.050690864929706016 0.043646567539145517 -0.052626490228547609 -0.051143366858278999 0.050465841344883355 0.035341084111144408 0.050538212730673854 -0.051024492934299448
leaf_weight=1.0723402416333585 0.14068952202796925 1.9433728158474046 0.39581093192100647 6.7490936294197912 0.22549907863140095 1.0233283489942548 2.7581416657194495 5.7138543333858252 0.15340948104858387 2.5605489062145352 2.0822274386882782 6.335869624745107
leaf_count=15 2 9 2 19 1 9 346 717 1 18 12 929
internal_value=-5.58697e-05 -0.00523593 0.00652104 0.0252669 -0.0231186 -0.0364919 -0.0396713 -0.047277 -0.0488612 0.0472669 0.0459218 -0.0512139
internal_weight=31.1542 27.9996 20.3463 12.4636 7.88273 7.6533 3.15395 5.93935 6.62997 9.30964 3.15457 6.47656
internal_count=2080 2053 1112 385 727 941 348 718 932 37 27 931
is_linear=0
shrinkage=0.05


Tree=81
num_leaves=15
num_cat=0
split_feature=3 1 10 19 25 24 24 18 10 4 13 3 26 22
split_gain=2.82996 3.38174 3.02055 2.1268 3.13455 3.20296 2.39463 1.84122 1.60453 0.665406 0.901018 0.361661 0.0490292 0.00189251
threshold=-1.9619923233985899 -0.9439428150653838 -0.80940505862236012 -0.75463879108428944 0.34811538457870489 -0.15718282759189603 0.36849424242973333 -3.5163445472717281 0.8864855468273164 0.7793739140033723 2.0822843313217168 0.24460326135158542 0.71827757358551036 0.64993479847908031
decision_type=2 2 2 2 2 2 2 2 2 2 2 2 2 2
left_child=9 2 12 6 8 -6 13 -4 -5 10 -1 -8 -2 -3
right_child=1 3 7 4 5 -7 11 -9 -10 -11 -12 -13 -14 -15
leaf_value=-0.050998016162716868 0.050905842666401774 -0.050904075506132532 0.050470109666683451 -0.051108721826905658 0.026447046350574224 -0.052249895542682556 0.0046192282240433702 -0.050756957301135622 0.02187527126315713 0.050600122835717833 0.051368778993459319 0.047303077893625832 0.040071538486739673 -0.059084294376731898
leaf_weight=0.42489772848785223 3.024386927485466 0.91568308975548385 0.61670552194118533 8.1207578084431447 4.1985207833349705 1.8682664860971279 0.63054424850270185 1.6539966058917404 0.83003853633999902 3.043283723294735 0.4350578784942627 2.3303540358319879 1.594882898032665 0.076620959211140871
leaf_count=54 13 127 4 1199 109 216 30 271 16 17 1 11 10 2
internal_value=-5.86051e-05 -0.00604833 0.0239539 -0.0169448 -0.0255342 0.00221233 0.0156851 -0.0232645 -0.0443407 0.0396261 0.0007901 0.0382132 0.0471651 -0.0515357
internal_weight=29.764 25.8608 6.88997 18.9708 15.0176 6.06679 3.9532 2.2707 8.9508 3.90324 0.859956 2.9609 4.61927 0.992304
internal_count=2080 2008 298 1710 1540 325 170 275 1215 72 55 41 23 129
is_linear=0
shrinkage=0.05


Tree=82
num_leaves=15
num_cat=0
split_feature=11 29 2 17 8 6 9 29 17 8 0 27 27 3
split_gain=2.68892 4.37445 5.31561 4.09109 3.47777 2.91852 2.77457 1.26999 2.18228 0.561533 0.0466554 0.00308714 0.00131754 0.000125032
threshold=-0.12364761158823966 -0.50702375173568714 -0.11305008083581923 0.65896430611610424 0.18325915187597278 -3.2493797540664668 2.792439460754395 -0.082544967532157884 0.71738547086715709 0.79457256197929393 -2.9353992938995357 -3.0440939664840694 0.32334654033184057 1.5535298585891726
decision_type=2 2 2 2 2 2 2 2 2 2 2 2 2 2
left_child=5 4 3 -3 -2 -1 9 8 -4 11 -5 -7 -9 -6
right_child=1 2 7 10 13 6 -8 12 -10 -11 -12 -13 -14 -15
leaf_value=0.048334241494907254 0.050570995931532282 0.048816874551324517 0.050677300601906866 -0.081351658831109064 -0.050817486387236946 -0.058721593000557404 0.043110097245540338 0.052036178161025473 -0.051723694078302754 0.050422446613701155 -0.05188539839602542 -0.050941260326831307 0.050786143301406496 -0.05175173417809438
leaf_weight=1.1873993575572965 1.0627944022417111 1.4227810855954892 1.2588675916194909 0.14054789533838574 3.7101764199323952 0.13035041093826194 0.94923600554466236 4.3757379353046364 0.88679373823106278 0.13936021924018849 3.0393150383606562 5.8245423042681095 4.0673062726855278 0.39638843713328231
leaf_count=9 6 11 6 3 579 2 9 11 64 1 374 932 20 53
internal_value=-6.36302e-05 0.00968552 0.0232049 -0.0216558 -0.0300442 -0.0241801 -0.0364046 0.0427047 0.00835536 -0.0487897 -0.0531878 -0.0511116 0.051434 -0.0509077
internal_weight=28.5916 20.3607 15.1913 4.60264 5.16936 8.23089 7.04349 10.5887 2.14566 6.09425 3.17986 5.95489 8.44304 4.10656
internal_count=2080 1127 489 388 638 953 944 101 70 935 377 934 31 632
is_linear=0
shrinkage=0.05


Tree=83
num_leaves=13
num_cat=0
split_feature=27 25 27 0 2 29 3 0 11 7 26 27
split_gain=2.55352 3.37553 2.91018 2.1499 2.59111 7.90443 1.26878 0.519099 0.183629 0.337618 0.0374897 0.000168647
threshold=-3.0440939664840694 -0.97355428338050831 0.37243475019931799 2.3648204803466801 -0.11305008083581923 -0.043535482138395303 -4.1688048839569083 -1.6268026828765867 -0.11335179209709166 1.5281203985214236 -0.03715942241251468 -2.5007592439651485
decision_type=2 2 2 2 2 2 2 2 2 2 2 2
left_child=-1 2 7 4 6 -6 -3 -2 9 -4 -10 -9
right_child=1 3 8 -5 5 -7 -8 11 10 -11 -12 -13
leaf_value=0.045585259185223811 0.050431206392871943 0.050491248167911465 -0.014232092976638614 0.047818559872632012 -0.048191191653454007 0.037120379987873993 -0.051959825345060419 -0.052221343972938719 0.039149807138219139 0.050757496294278864 0.050736708630541909 -0.050499004208273079
leaf_weight=2.7538763433694866 0.14219996333122242 0.31873892247676838 0.35607021348550905 1.2278624325990666 5.4916964538861155 5.3702870847191484 5.8239516853354969 0.16557801887392964 0.8887179261073469 0.45545253157615662 3.2547561451792717 1.0035805434454295
leaf_count=18 1 2 27 13 794 111 848 8 22 2 17 217
internal_value=-6.41388e-05 -0.00519551 0.0264625 -0.0160761 -0.0206897 -0.00601219 -0.0466437 -0.0397719 0.0439917 0.0222421 0.0482515 -0.0507429
internal_weight=27.2528 24.4989 6.26636 18.2325 17.0047 10.862 6.14269 1.31136 4.955 0.811523 4.14347 1.16916
internal_count=2080 2062 294 1768 1755 905 850 226 68 29 39 225
is_linear=0
shrinkage=0.05


Tree=84
num_leaves=15
num_cat=0
split_feature=11 29 2 17 8 6 9 29 17 8 0 27 27 3
split_gain=2.50114 3.9898 4.82345 3.68997 3.16028 2.6454 2.49619 1.14186 1.98673 0.540568 0.032858 0.00301489 0.00102065 9.55525e-05
threshold=-0.12364761158823966 -0.50702375173568714 -0.11305008083581923 0.65896430611610424 0.18325915187597278 -3.2493797540664668 2.792439460754395 -0.082544967532157884 0.71738547086715709 0.79457256197929393 -2.6050434112548824 -3.0440939664840694 0.32334654033184057 1.5535298585891726
decision_type=2 2 2 2 2 2 2 2 2 2 2 2 2 2
left_child=5 4 3 -3 -2 -1 9 8 -4 11 -5 -7 -9 -6
right_child=1 2 7 10 13 6 -8 12 -10 -11 -12 -13 -14 -15
leaf_value=0.048081243266746398 0.050519199769836903 0.048533563755349 0.05061717500119052 -0.076348942073237738 -0.050742201713108337 -0.058607773350933645 0.042020892770458187 0.051867037892496019 -0.051563208505664454 0.050407439424513159 -0.051730205485087943 -0.050876673699885015 0.050716862023644484 -0.051596147832230183
leaf_weight=1.082181700505316 0.96846038848162308 1.2974649132229377 1.157744228839874 0.14255662262439672 3.3769313460215931 0.12914945185184468 0.87831356748938549 4.0239809006452507 0.80751598207280029 0.13448697328567494 2.7515447651967415 5.3481448399834361 3.7044525966048241 0.36277394555509079
leaf_count=9 6 11 6 4 579 2 9 11 64 1 373 932 20 53
internal_value=-6.83383e-05 0.00979688 0.0232839 -0.0215317 -0.0299787 -0.024292 -0.0363598 0.0426621 0.00863175 -0.0486273 -0.0529429 -0.051059 0.0513157 -0.050825
internal_weight=26.1657 18.5934 13.8853 4.19157 4.70817 7.57228 6.49009 9.69369 1.96526 5.61178 2.8941 5.47729 7.72843 3.73971
internal_count=2080 1127 489 388 638 953 944 101 70 935 377 934 31 632
is_linear=0
shrinkage=0.05


Tree=85
num_leaves=15
num_cat=0
split_feature=11 29 2 17 8 6 9 29 17 8 0 27 27 3
split_gain=2.37277 3.7897 4.58282 3.49804 3.00392 2.50714 2.36913 1.08436 1.88794 0.513687 0.0277395 0.00256559 0.000877501 8.30658e-05
threshold=-0.12364761158823966 -0.50702375173568714 -0.11305008083581923 0.65896430611610424 0.18325915187597278 -3.2493797540664668 2.792439460754395 -0.082544967532157884 0.71738547086715709 0.79457256197929393 -2.6050434112548824 -3.0440939664840694 0.32334654033184057 1.5535298585891726
decision_type=2 2 2 2 2 2 2 2 2 2 2 2 2 2
left_child=5 4 3 -3 -2 -1 9 8 -4 11 -5 -7 -9 -6
right_child=1 2 7 10 13 6 -8 12 -10 -11 -12 -13 -14 -15
leaf_value=0.047832869194491257 0.050493650200873264 0.048270686507496163 0.050586752356353661 -0.0746002810918001 -0.05070597124926754 -0.058117792601115208 0.041348116668924378 0.051774449123731463 -0.051486219463121645 0.050387405051006084 -0.051655871977726843 -0.050834679237789775 0.0506816280525242 -0.05152177856982524
leaf_weight=1.0346159338951109 0.92168240249157563 1.2407413995824743 1.1019259691238401 0.13870120234787409 3.2144737946800892 0.12386021018028248 0.84873196110129345 3.8344014510512299 0.76925259688869108 0.12797753512859333 2.6210218982305387 5.0914094184990999 3.5261722579598427 0.34556680475361634
leaf_count=9 6 11 6 4 579 2 9 11 64 1 373 932 20 53
internal_value=-6.89623e-05 0.00978146 0.0232407 -0.0214592 -0.0299568 -0.0242145 -0.0362528 0.0426109 0.00862395 -0.0485791 -0.052809 -0.0510076 0.0512509 -0.0507852
internal_weight=24.9405 17.7139 13.2322 4.00046 4.48172 7.2266 6.19198 9.23175 1.87118 5.34325 2.75972 5.21527 7.36057 3.56004
internal_count=2080 1127 489 388 638 953 944 101 70 935 377 934 31 632
is_linear=0
shrinkage=0.05


Tree=86
num_leaves=15
num_cat=0
split_feature=11 29 2 17 8 6 9 29 17 8 0 27 27 3
split_gain=2.25077 3.59974 4.35451 3.31597 2.8554 2.37561 2.24867 1.02983 1.79415 0.488167 0.0234333 0.0021846 0.000754468 7.21772e-05
threshold=-0.12364761158823966 -0.50702375173568714 -0.11305008083581923 0.65896430611610424 0.18325915187597278 -3.2493797540664668 2.792439460754395 -0.082544967532157884 0.71738547086715709 0.79457256197929393 -2.6050434112548824 -3.0440939664840694 0.32334654033184057 1.5535298585891726
decision_type=2 2 2 2 2 2 2 2 2 2 2 2 2 2
left_child=5 4 3 -3 -2 -1 9 8 -4 11 -5 -7 -9 -6
right_child=1 2 7 10 13 6 -8 12 -10 -11 -12 -13 -14 -15
leaf_value=0.047566084587601226 0.050469367595017633 0.047990234439549695 0.050557844101200677 -0.0729885981747877 -0.050671512166481462 -0.057659452904512791 0.040643824422809373 0.051686521857369133 -0.051413063710019073 0.050368369232975121 -0.051584423966724739 -0.050794668867108088 0.050648138382295288 -0.051450725353764049
leaf_weight=0.98954025097191323 0.87714261561632767 1.1869558589532965 1.0487686246633527 0.13477539597079102 3.0597290166188036 0.11873226612806309 0.82097860053181637 3.6534436941146797 0.73275061137974251 0.1217808499932288 2.49655944434926 4.8468171218410161 3.3563607856631279 0.32915582135319699
leaf_count=9 6 11 6 4 579 2 9 11 64 1 373 932 20 53
internal_value=-6.96792e-05 0.00976626 0.0231981 -0.0213861 -0.0299359 -0.0241334 -0.0361418 0.0425622 0.00861654 -0.0485332 -0.0526807 -0.0509588 0.0511893 -0.0507472
internal_weight=23.7735 16.8756 12.6096 3.81829 4.26603 6.89785 5.90831 8.79132 1.78152 5.08733 2.63133 4.96555 7.0098 3.38888
internal_count=2080 1127 489 388 638 953 944 101 70 935 377 934 31 632
is_linear=0
shrinkage=0.05


Tree=87
num_leaves=15
num_cat=0
split_feature=11 29 2 17 8 6 9 29 17 8 0 27 27 3
split_gain=2.13479 3.41937 4.13786 3.14323 2.71431 2.25047 2.13448 0.978126 1.70509 0.463936 0.0198088 0.00186127 0.000648723 6.26883e-05
threshold=-0.12364761158823966 -0.50702375173568714 -0.11305008083581923 0.65896430611610424 0.18325915187597278 -3.2493797540664668 2.792439460754395 -0.082544967532157884 0.71738547086715709 0.79457256197929393 -2.6050434112548824 -3.0440939664840694 0.32334654033184057 1.5535298585891726
decision_type=2 2 2 2 2 2 2 2 2 2 2 2 2 2
left_child=5 4 3 -3 -2 -1 9 8 -4 11 -5 -7 -9 -6
right_child=1 2 7 10 13 6 -8 12 -10 -11 -12 -13 -14 -15
leaf_value=0.04727953514761328 0.050446290825171949 0.047690745991731127 0.050530375694004703 -0.071501597723778371 -0.050638737318616317 -0.057230305663786091 0.03990863295149398 0.051603018822361547 -0.051343549949448265 0.050350273129393421 -0.051515766999749725 -0.050756551212611661 0.050616304926660964 -0.051382854189501309
leaf_weight=0.94684332236647595 0.8347359374165596 1.1359818289056414 0.99814821779727914 0.13080028910189812 2.9123405085410927 0.11376705020666111 0.79496499709784973 3.4807448908686585 0.69793382566422224 0.11588211357593525 2.3778860815800735 4.6138101562391993 3.1946263834834099 0.31350585282780219
leaf_count=9 6 11 6 4 579 2 9 11 64 1 373 932 20 53
internal_value=-7.04918e-05 0.00975123 0.0231559 -0.021312 -0.0299161 -0.0240484 -0.0360263 0.0425159 0.00860949 -0.0484896 -0.0525578 -0.0509123 0.0511308 -0.0507111
internal_weight=22.662 16.0767 12.0161 3.64467 4.06058 6.58527 5.63842 8.37145 1.69608 4.84346 2.50869 4.72758 6.67537 3.22585
internal_count=2080 1127 489 388 638 953 944 101 70 935 377 934 31 632
is_linear=0
shrinkage=0.05


Tree=88
num_leaves=15
num_cat=0
split_feature=11 29 2 17 8 6 9 29 17 8 0 27 27 3
split_gain=2.02454 3.2481 3.93225 2.97932 2.58028 2.13139 2.02628 0.929084 1.62053 0.440926 0.0167564 0.00158667 0.000557822 5.44234e-05
threshold=-0.12364761158823966 -0.50702375173568714 -0.11305008083581923 0.65896430611610424 0.18325915187597278 -3.2493797540664668 2.792439460754395 -0.082544967532157884 0.71738547086715709 0.79457256197929393 -2.6050434112548824 -3.0440939664840694 0.32334654033184057 1.5535298585891726
decision_type=2 2 2 2 2 2 2 2 2 2 2 2 2 2
left_child=5 4 3 -3 -2 -1 9 8 -4 11 -5 -7 -9 -6
right_child=1 2 7 10 13 6 -8 12 -10 -11 -12 -13 -14 -15
leaf_value=0.046971853382917469 0.050424353043438452 0.047370731320055579 0.050504271227746173 -0.070128085657871722 -0.050607564686161233 -0.056828126315167149 0.039143464180277171 0.051523705480043702 -0.051277488085123793 0.050333075176900492 -0.051449808959264313 -0.050720238482537351 0.050586045973845833 -0.051318032473503632
leaf_weight=0.90641869325190771 0.79436209052801432 1.0876982086338105 0.94994634389877297 0.12679566163569722 2.7719674042891715 0.10896501690149296 0.77060537599027146 3.3159551024436897 0.66472892090678215 0.11026719212532032 2.2647419208660722 4.3918548857327577 3.0405945032835007 0.29858318436890829
leaf_count=9 6 11 6 4 579 2 9 11 64 1 373 932 20 53
internal_value=-7.14036e-05 0.00973631 0.0231139 -0.0212367 -0.0298972 -0.0239591 -0.0359058 0.0424718 0.00860279 -0.048448 -0.0524401 -0.0508681 0.0510752 -0.0506767
internal_weight=21.6035 15.3154 11.4505 3.47924 3.86491 6.28811 5.38169 7.97122 1.61468 4.61109 2.39154 4.50082 6.35655 3.07055
internal_count=2080 1127 489 388 638 953 944 101 70 935 377 934 31 632
is_linear=0
shrinkage=0.05


Tree=89
num_leaves=15
num_cat=0
split_feature=9 11 29 17 2 8 21 19 17 24 27 21 9 3
split_gain=1.92255 2.5977 3.05374 3.74435 2.96385 1.9579 1.93413 0.774185 0.0716934 0.037671 0.0013396 0.000266027 7.61721e-05 4.7744e-05
threshold=-2.8663491010665889 -0.12364761158823966 -0.50702375173568714 0.7439333200454713 -0.031965758651494973 0.18325915187597278 -1.5409101843833921 0.78561508655548107 0.52144181728363048 1.2616217732429507 -3.0440939664840694 3.236412882804871 2.792439460754395 1.5535298585891726
decision_type=2 2 2 2 2 2 2 2 2 2 2 2 2 2
left_child=9 6 5 8 -5 -3 7 12 -4 -1 -8 -12 -2 -7
right_child=1 2 3 4 -6 13 10 -9 -10 -11 11 -13 -14 -15
leaf_value=0.035855603997388512 -0.050441216664113456 0.050357284400994164 0.051037169448734369 -0.052327589167958932 0.030307860438804464 -0.050573871255665863 -0.056450915555788683 0.048882343053727441 0.037574076461845594 0.050369536605147307 -0.05065981003185014 -0.053921260168243605 -0.052400557136537844 -0.051256135370099404
leaf_weight=0.65587036032229962 0.18841142510063924 0.57520138472318949 4.2493442147970111 2.3411297739949077 2.022474248893559 2.6101958414074038 0.1043257787823676 0.80648643290624022 1.288746438687667 1.4043225422501562 3.9339122194796867 0.063533497508615144 0.067330323159694672 0.28435544832609583
leaf_count=15 47 5 20 373 49 576 2 9 35 12 878 3 3 53
internal_value=-7.24171e-05 -0.00516541 0.00646692 0.0206115 -0.0140271 -0.0338978 -0.0352857 0.024845 0.0479042 0.045749 -0.0508576 -0.0507116 -0.0509571 -0.0506409
internal_weight=20.5956 18.5354 13.3714 9.90169 4.3636 3.46975 5.164 1.06223 5.53809 2.06019 4.10177 3.99745 0.255742 2.89455
internal_count=2080 2053 1111 477 422 634 942 59 55 27 883 881 50 629
is_linear=0
shrinkage=0.05


Tree=90
num_leaves=15
num_cat=0
split_feature=24 25 27 3 0 27 7 1 0 8 5 26 22 27
split_gain=1.82844 2.21923 2.21067 1.59745 1.63353 1.63716 0.4504 0.381133 0.297532 0.135399 0.158456 0.028688 0.0124598 0.00110256
threshold=-2.6327520608901973 -0.97355428338050831 0.37243475019931799 -2.0640577077865596 3.0203226804733281 -0.21546556800603864 2.3068470954895024 -0.45384714007377619 2.3648204803466801 -0.51477980613708485 0.49069061875343328 -0.03715942241251468 1.8559304475784304 -3.0440939664840694
decision_type=2 2 2 2 2 2 2 2 2 2 2 2 2 2
left_child=12 2 6 7 5 -5 13 8 -3 10 -4 -11 -1 -2
right_child=1 3 9 4 -6 -7 -8 -9 -10 11 -12 -13 -14 -15
leaf_value=0.041682220130556516 -0.05609684208484067 -0.050973758900461109 -0.006790696605969624 -0.0068025362766952445 0.049152278166614022 -0.045327940640060883 0.050375400157705676 0.046422771560800789 0.05033803401023107 0.039149549379108736 0.050352367055067321 0.050523968784731033 0.050348467249268815 -0.050530559692057865
leaf_weight=0.6312658903189029 0.099848248064517753 0.20570495584979642 0.26413278770633075 5.4277441166341314 0.76557176862843412 5.6056379496585462 0.12407077103853226 1.1802832903340501 0.11188632249832153 0.72819109773263413 0.22437246143817902 2.3220157921314235 1.2092530801892278 0.8160687419585928
leaf_count=16 2 36 23 626 8 1078 1 15 1 23 2 17 11 221
internal_value=-7.64488e-05 -0.00496231 0.02506 -0.0153004 -0.0214752 -0.0263758 -0.0390269 0.0333396 -0.015282 0.0438945 0.0194553 0.0478085 0.0473761 -0.0511374
internal_weight=19.716 17.8755 4.5787 13.2968 11.799 11.0334 1.03999 1.49787 0.317591 3.53871 0.488505 3.05021 1.84052 0.915917
internal_count=2080 2053 289 1764 1712 1704 224 52 37 65 25 40 27 223
is_linear=0
shrinkage=0.05


Tree=91
num_leaves=15
num_cat=0
split_feature=11 29 2 17 8 6 9 29 17 8 13 27 27 3
split_gain=1.78737 2.85334 3.47906 2.56238 2.23131 1.85821 1.74984 0.904783 1.46239 0.382982 0.0116387 0.000980678 0.000436165 3.53612e-05
threshold=-0.12364761158823966 -0.50702375173568714 -0.11305008083581923 0.65896430611610424 0.18325915187597278 -3.2493797540664668 2.792439460754395 -0.082544967532157884 0.71738547086715709 0.79457256197929393 -2.0982110500335689 -3.0440939664840694 0.32334654033184057 1.5535298585891726
decision_type=2 2 2 2 2 2 2 2 2 2 2 2 2 2
left_child=5 4 3 -3 -2 -1 9 8 -4 11 -5 -7 -9 -6
right_child=1 2 7 10 13 6 -8 12 -10 -11 -12 -13 -14 -15
leaf_value=0.046573315810845388 0.050366331967241419 0.046517256671505997 0.050434635648209263 -0.066959956561113129 -0.050533334759971585 -0.055764247265053524 0.038301355036892651 0.051401318598064995 -0.051182717911839461 0.050289604815081539 -0.051279278779964535 -0.050636045015350642 0.050524300621302247 -0.051145801493873044
leaf_weight=0.79762689117342223 0.68658542633056763 0.9524120865389708 0.8221648186445234 0.12579866405576523 2.4364797372836624 0.095530726015567669 0.6800616830587386 3.0216584205627406 0.62183447647839785 0.096041686832904705 1.9947153783868994 3.8638220862485499 2.6706462949514389 0.26090448116883624
leaf_count=9 6 11 6 5 579 2 9 11 64 1 372 932 20 53
internal_value=-7.09315e-05 0.00968086 0.0228696 -0.0216105 -0.0301087 -0.0240283 -0.0359202 0.0420229 0.0066748 -0.0483667 -0.0522095 -0.0507598 0.0509898 -0.0505926
internal_weight=19.1263 13.5932 10.2092 3.07293 3.38397 5.53308 4.73546 7.1363 1.444 4.05539 2.12051 3.95935 5.6923 2.69738
internal_count=2080 1127 489 388 638 953 944 101 70 935 377 934 31 632
is_linear=0
shrinkage=0.05


Tree=92
num_leaves=15
num_cat=0
split_feature=11 29 2 17 8 6 9 29 17 8 13 27 27 3
split_gain=1.69463 2.7105 3.30668 2.42821 2.12135 1.759 1.66171 0.85959 1.39001 0.36404 0.00990407 0.000837536 0.000375077 3.06563e-05
threshold=-0.12364761158823966 -0.50702375173568714 -0.11305008083581923 0.65896430611610424 0.18325915187597278 -3.2493797540664668 2.792439460754395 -0.082544967532157884 0.71738547086715709 0.79457256197929393 -2.0982110500335689 -3.0440939664840694 0.32334654033184057 1.7930169105529787
decision_type=2 2 2 2 2 2 2 2 2 2 2 2 2 2
left_child=5 4 3 -3 -2 -1 9 8 -4 11 -5 -7 -9 -6
right_child=1 2 7 10 13 6 -8 12 -10 -11 -12 -13 -14 -15
leaf_value=0.046216970449903971 0.050348352676407797 0.046119324487679393 0.050413278546129939 -0.065950440617289538 -0.050517665546749239 -0.055451609346938525 0.037479249482173467 0.051332105773500163 -0.051124602022256993 0.050275401202279427 -0.051222604929061347 -0.050605460961357741 0.050498597730342515 -0.051210118048890065
leaf_weight=0.76443105749785889 0.65332759171724442 0.91358524886891279 0.78239033371210076 0.12144843814894613 2.395988486707211 0.091370999813080167 0.6607277039438485 2.8780680596828425 0.59216268453747034 0.091382838785648235 1.899478455772623 3.6775465246755661 2.5416577458381653 0.17126315319910634
leaf_count=9 6 11 6 5 596 2 9 11 64 1 372 932 20 36
internal_value=-7.21074e-05 0.00966597 0.0228275 -0.0215272 -0.0300928 -0.0239304 -0.0357911 0.0419848 0.00667037 -0.0483321 -0.0521077 -0.0507229 0.0509412 -0.0505639
internal_weight=18.2348 12.9494 9.72879 2.93451 3.22058 5.28546 4.52103 6.79428 1.37455 3.8603 2.02093 3.76892 5.41973 2.56725
internal_count=2080 1127 489 388 638 953 944 101 70 935 377 934 31 632
is_linear=0
shrinkage=0.05


Tree=93
num_leaves=15
num_cat=0
split_feature=11 29 2 17 8 6 9 29 17 8 0 27 27 3
split_gain=1.60642 2.5748 3.14302 2.30082 2.01686 1.66457 1.57828 0.816703 1.32127 0.346046 0.00851443 0.000715578 0.000322562 2.65787e-05
threshold=-0.12364761158823966 -0.50702375173568714 -0.11305008083581923 0.65896430611610424 0.18325915187597278 -3.2493797540664668 2.792439460754395 -0.082544967532157884 0.71738547086715709 0.79457256197929393 -2.2838748693466182 -3.0440939664840694 0.32334654033184057 1.7930169105529787
decision_type=2 2 2 2 2 2 2 2 2 2 2 2 2 2
left_child=5 4 3 -3 -2 -1 9 8 -4 11 -5 -7 -9 -6
right_child=1 2 7 10 13 6 -8 12 -10 -11 -12 -13 -14 -15
leaf_value=0.045835078976268963 0.050331260537543367 0.045694462289647783 0.050392976678743352 -0.065135498692620628 -0.050492425541934442 -0.055157534991311298 0.036631556786527249 0.051266355370626238 -0.051069366130598537 0.050261896413320677 -0.051168108491643285 -0.050576330673920124 0.050474160355890509 -0.051153160164529025
leaf_weight=0.73305748496204604 0.62167016416788223 0.87690859427675638 0.74452496320009209 0.11611045454628777 2.2802453038748358 0.087366439402103757 0.64268196932971466 2.7411257252097094 0.5638764388859272 0.086948812007903942 1.8097567637450989 3.5001545106060834 2.4188406616449356 0.16308737779036153
leaf_count=9 6 11 6 5 596 2 9 11 64 1 372 932 20 36
internal_value=-7.33897e-05 0.00965095 0.0227851 -0.0214412 -0.0300777 -0.023827 -0.0356557 0.0419485 0.00666616 -0.0482991 -0.0520102 -0.0506879 0.050895 -0.0505365
internal_weight=17.3864 12.3361 9.27114 2.80278 3.065 5.05021 4.31715 6.46837 1.3084 3.67447 1.92587 3.58752 5.15997 2.44333
internal_count=2080 1127 489 388 638 953 944 101 70 935 377 934 31 632
is_linear=0
shrinkage=0.05


Tree=94
num_leaves=15
num_cat=0
split_feature=11 29 2 17 8 9 21 29 17 19 0 27 27 21
split_gain=1.52252 2.44587 2.98765 2.17987 1.91757 1.57758 1.53113 0.776001 1.25597 0.648935 0.00724664 0.00060198 0.00027741 0.000146346
threshold=-0.12364761158823966 -0.50702375173568714 -0.11305008083581923 0.65896430611610424 0.18325915187597278 -3.1457972526550289 -1.5409101843833921 -0.082544967532157884 0.71738547086715709 0.78561508655548107 -2.2838748693466182 -3.0440939664840694 0.32334654033184057 3.236412882804871
decision_type=2 2 2 2 2 2 2 2 2 2 2 2 2 2
left_child=5 4 3 -3 -2 -1 9 8 -4 -7 -5 -8 -9 -13
right_child=1 2 7 10 -6 6 11 12 -10 -11 -12 13 -14 -15
leaf_value=0.048077888632714491 0.050315012579040599 0.045241345563789462 0.050373680827318169 -0.064244363377054955 -0.050510514832022541 -0.051000453243118415 -0.054880759892172108 0.051203885496130953 -0.051016865184098273 0.048701192210171752 -0.051115979751357482 -0.050537286254784354 0.05045092651021349 -0.053194725619377992
leaf_weight=0.66043456317856897 0.59153710305690888 0.84228799026459489 0.70847850292921044 0.11194069567136478 2.3253367028664798 0.21745196869596828 0.083514034748077726 2.6105403080582583 0.53691391786560416 0.65423323516733944 1.723205268150195 3.1584479373414101 2.3019052818417549 0.052671496290713438
leaf_count=9 6 11 6 5 632 50 2 11 64 9 372 880 20 3
internal_value=-7.47813e-05 0.00963574 0.022742 -0.021352 -0.0300633 -0.0237179 -0.0350988 0.0419141 0.00666216 0.0238295 -0.0519168 -0.0506899 0.0508511 -0.0505809
internal_weight=16.5789 11.7521 8.83527 2.67743 2.91687 4.82675 4.16632 6.15784 1.24539 0.871685 1.83515 3.29463 4.91245 3.21112
internal_count=2080 1127 489 388 638 953 944 101 70 59 377 885 31 883
is_linear=0
shrinkage=0.05


Tree=95
num_leaves=15
num_cat=0
split_feature=11 29 2 17 8 6 9 29 17 8 0 27 27 3
split_gain=1.44598 2.32337 2.84012 2.06503 1.82321 1.49959 1.42739 0.737367 1.19394 0.313381 0.00617017 0.000522887 0.000238587 2.00083e-05
threshold=-0.12364761158823966 -0.50702375173568714 -0.11305008083581923 0.65896430611610424 0.18325915187597278 -3.2493797540664668 2.792439460754395 -0.082544967532157884 0.71738547086715709 0.79457256197929393 -2.2838748693466182 -3.0440939664840694 0.32334654033184057 1.7930169105529787
decision_type=2 2 2 2 2 2 2 2 2 2 2 2 2 2
left_child=5 4 3 -3 -2 -1 9 8 -4 11 -5 -7 -9 -6
right_child=1 2 7 10 13 6 -8 12 -10 -11 -12 -13 -14 -15
leaf_value=0.045415469882317261 0.050299563514570725 0.04475875337621954 0.050355337259543477 -0.063412591342610916 -0.050445558880548802 -0.054620119858280872 0.035742183217776412 0.051144529186300386 -0.05096696052302005 0.050237371916072464 -0.05106600269662092 -0.050522433819286006 0.050428836634113752 -0.051047484172765681
leaf_weight=0.67071685474365939 0.56285595893859808 0.80963296582922373 0.67416490614414193 0.10784244444221269 2.0650336558464919 0.079810500144959273 0.59664155729114998 2.4860319495201093 0.51121578924357891 0.078882232308387645 1.6407273493241514 3.1726554064080132 2.1905750185251236 0.1479505281895398
leaf_count=9 6 11 6 5 596 2 9 11 64 1 372 932 20 36
internal_value=-7.543e-05 0.00962029 0.0226981 -0.0212594 -0.0300496 -0.0236807 -0.0354791 0.0418813 0.00665836 -0.0482347 -0.0518275 -0.050623 0.0508093 -0.0504858
internal_weight=15.7947 11.196 8.42019 2.5582 2.77584 4.59871 3.92799 5.86199 1.18538 3.33135 1.74857 3.25247 4.67661 2.21298
internal_count=2080 1127 489 388 638 953 944 101 70 935 377 934 31 632
is_linear=0
shrinkage=0.05


Tree=96
num_leaves=15
num_cat=0
split_feature=11 29 2 17 8 9 21 29 17 19 0 27 27 21
split_gain=1.37018 2.20696 2.70004 1.95599 1.73353 1.4256 1.3926 0.700693 1.13501 0.599972 0.00525576 0.00043908 0.000205205 0.00010842
threshold=-0.12364761158823966 -0.50702375173568714 -0.11305008083581923 0.65896430611610424 0.18325915187597278 -3.1457972526550289 -1.5409101843833921 -0.082544967532157884 0.71738547086715709 0.78561508655548107 -2.2838748693466182 -3.0440939664840694 0.32334654033184057 3.236412882804871
decision_type=2 2 2 2 2 2 2 2 2 2 2 2 2 2
left_child=5 4 3 -3 -2 -1 9 8 -4 -7 -5 -8 -9 -13
right_child=1 2 7 10 -6 6 11 12 -10 -11 -12 13 -14 -15
leaf_value=0.047849192332382467 0.050284879302228684 0.04424559824319519 0.050337899883958238 -0.06263563158837554 -0.050462236109392371 -0.051004683517686646 -0.05437453606269968 0.051088128878613887 -0.050919520919578881 0.04853312147451054 -0.051018101891095437 -0.050491541963482302 0.050407832541571176 -0.052886610471932397
leaf_weight=0.60296462289988983 0.53555756062269155 0.7788564809598032 0.64150204509496667 0.10382302454672765 2.1060138887260109 0.20226988219656084 0.076252304017544126 2.3673315942287427 0.48672512196935713 0.60182956606149673 1.5621365678962316 2.8650932429591207 2.0845857635140419 0.048043512739241012
leaf_count=9 6 11 6 5 632 50 2 11 64 9 372 880 20 3
internal_value=-7.69874e-05 0.00960453 0.0226532 -0.0211629 -0.0300366 -0.023566 -0.0349172 0.0418502 0.00665474 0.0234946 -0.0517421 -0.0506291 0.0507696 -0.050531
internal_weight=15.063 10.6665 8.02496 2.44482 2.64157 4.39645 3.79349 5.58014 1.12823 0.804099 1.66596 2.98939 4.45192 2.91314
internal_count=2080 1127 489 388 638 953 944 101 70 59 377 885 31 883
is_linear=0
shrinkage=0.05


Tree=97
num_leaves=15
num_cat=0
split_feature=11 29 2 17 8 9 21 29 17 19 0 27 27 21
split_gain=1.30123 2.09632 2.56701 1.85246 1.64829 1.35283 1.32427 0.665876 1.07902 0.568913 0.00447869 0.000375666 0.000176498 9.31478e-05
threshold=-0.12364761158823966 -0.50702375173568714 -0.11305008083581923 0.65896430611610424 0.18325915187597278 -3.1457972526550289 -1.5409101843833921 -0.082544967532157884 0.71738547086715709 0.78561508655548107 -2.2838748693466182 -3.0440939664840694 0.32334654033184057 3.236412882804871
decision_type=2 2 2 2 2 2 2 2 2 2 2 2 2 2
left_child=5 4 3 -3 -2 -1 9 8 -4 -7 -5 -8 -9 -13
right_child=1 2 7 10 -6 6 11 12 -10 -11 -12 13 -14 -15
leaf_value=0.047606141232495174 0.050270917225909852 0.043700955637300851 0.050321323393343609 -0.061909320514495839 -0.05043984618787857 -0.050956462318201862 -0.054143022082893726 0.051034533169043689 -0.050874424887280091 0.048342131274393532 -0.050972203160454733 -0.050467725204574848 0.05038786272288457 -0.052740891776524912
leaf_weight=0.57641352852806438 0.50957603380083982 0.74987466819584403 0.61041156202554681 0.099888687254861108 2.0041692135855556 0.19258254859596524 0.072835735976696347 2.2541806474328032 0.46338730584830046 0.57468380336649716 1.487254618783481 2.7266147203044979 1.9836853891611097 0.04582348302938033
leaf_count=9 6 11 6 5 632 50 2 11 64 9 372 880 20 3
internal_value=-7.7771e-05 0.00958839 0.0226071 -0.0210621 -0.0300242 -0.0235279 -0.034878 0.0418206 0.0066513 0.0234184 -0.0516605 -0.0505984 0.0507318 -0.0505053
internal_weight=14.3514 10.1624 7.64868 2.33702 2.51375 4.18895 3.61254 5.31166 1.0738 0.767266 1.58714 2.84527 4.23787 2.77244
internal_count=2080 1127 489 388 638 953 944 101 70 59 377 885 31 883
is_linear=0
shrinkage=0.05


Tree=98
num_leaves=15
num_cat=0
split_feature=11 29 2 17 8 6 9 29 17 9 0 27 27 3
split_gain=1.23566 1.99117 2.44068 1.75416 1.56728 1.2869 1.23011 0.632819 1.02582 0.270593 0.00399036 0.00032734 0.000151814 1.30473e-05
threshold=-0.12364761158823966 -0.50702375173568714 -0.11305008083581923 0.65896430611610424 0.18325915187597278 -3.2493797540664668 2.792439460754395 -0.082544967532157884 0.71738547086715709 -10.311710357666014 -2.6050434112548824 -3.0440939664840694 0.32334654033184057 1.7930169105529787
decision_type=2 2 2 2 2 2 2 2 2 2 2 2 2 2
left_child=5 4 3 -3 -2 -1 9 8 -4 -7 -5 -11 -9 -6
right_child=1 2 7 10 13 6 -8 12 -10 11 -12 -13 -14 -15
leaf_value=0.044963624419607703 0.050257642815357134 0.043124093128895327 0.050305564003322215 -0.061643071265086752 -0.050383484296676585 0.050205183982454743 0.034823673783388125 0.050983604100713689 -0.050831554190290368 -0.05392467149218827 -0.050926790557743462 -0.050451354098858717 0.050368874490099275 -0.050906480352377152
leaf_weight=0.5858463188633326 0.48484852164983694 0.72260672599077258 0.58081874251365639 0.092531756730750314 1.7793929624604059 0.068275086581707778 0.52884232252836216 2.1463309191167346 0.44115002360194921 0.069556944072247773 1.4194239423377435 2.7390697582159191 1.8876333348453043 0.12781727756373573
leaf_count=9 6 11 6 4 596 1 9 11 64 2 373 932 20 36
internal_value=-7.86453e-05 0.0095718 0.0225596 -0.0209566 -0.0300124 -0.0234881 -0.035263 0.0417924 0.00664802 -0.0481465 -0.0515826 -0.0505374 0.050696 -0.0504185
internal_weight=13.6741 9.68255 7.2905 2.23456 2.39206 3.99159 3.40574 5.05593 1.02197 2.8769 1.51196 2.80863 4.03396 1.90721
internal_count=2080 1127 489 388 638 953 944 101 70 935 377 934 31 632
is_linear=0
shrinkage=0.05


Tree=99
num_leaves=15
num_cat=0
split_feature=11 29 2 17 8 9 21 29 17 19 0 27 27 21
split_gain=1.17062 1.89122 2.3207 1.66083 1.49028 1.22247 1.20533 0.601429 0.975269 0.526496 0.00325113 0.000274367 0.000130586 6.8903e-05
threshold=-0.12364761158823966 -0.50702375173568714 -0.11305008083581923 0.65896430611610424 0.18325915187597278 -3.1457972526550289 -1.5409101843833921 -0.082544967532157884 0.71738547086715709 0.78561508655548107 -2.2838748693466182 -3.0440939664840694 0.32334654033184057 3.236412882804871
decision_type=2 2 2 2 2 2 2 2 2 2 2 2 2 2
left_child=5 4 3 -3 -2 -1 9 8 -4 -7 -5 -8 -9 -13
right_child=1 2 7 10 -6 6 11 12 -10 -11 -12 13 -14 -15
leaf_value=0.047345006393465873 0.050245021673526603 0.042514501945212751 0.050290584237808036 -0.060585791519479508 -0.050398219009660794 -0.050962681532863631 -0.053718645602670062 0.050935204557126426 -0.050790795736209593 0.048154515941569061 -0.050886121766327078 -0.050428736924534229 0.05035081803968125 -0.052477012380897858
leaf_weight=0.52683917153626714 0.46131510660052244 0.696974630467594 0.55265230685472477 0.092305284226313344 1.8149073510430751 0.17938173026777882 0.066411957144738021 2.0435442030429836 0.41996313305571675 0.5293409216683358 1.3479446496348824 2.4734244843712081 1.7962000295519827 0.04175142035819579
leaf_count=9 6 11 6 5 632 50 2 11 64 9 372 880 20 3
internal_value=-8.04307e-05 0.00955467 0.0225105 -0.020846 -0.0300012 -0.0233679 -0.0346903 0.0417657 0.00664491 0.0230674 -0.0515078 -0.0505465 0.0506618 -0.0504627
internal_weight=13.043 9.22581 6.94958 2.13722 2.27622 3.81715 3.29031 4.81236 0.972615 0.708723 1.44025 2.58159 3.83974 2.51518
internal_count=2080 1127 489 388 638 953 944 101 70 59 377 885 31 883
is_linear=0
shrinkage=0.05


Tree=100
num_leaves=13
num_cat=0
split_feature=27 26 2 21 23 17 29 14 10 2 14 9
split_gain=1.11209 1.49116 3.31215 0.918598 0.808699 0.959514 0.750352 0.934324 0.579339 0.550211 0.150446 5.23748e-05
threshold=-3.0440939664840694 -0.13815788924694059 -0.11305008083581923 8.3060102462768572 0.078416779637336745 -0.057212054729461663 -0.082544967532157884 0.83788329362869274 -1.7722481489181516 -0.078884039074182496 0.11159626394510271 2.792439460754395
decision_type=2 2 2 2 2 2 2 2 2 2 2 2
left_child=-1 3 4 9 5 -3 7 -4 -6 -2 -8 -11
right_child=1 2 6 -5 8 -7 10 -9 -10 11 -12 -13
leaf_value=0.044910837306198839 0.050216250581599092 -0.050355405335840847 0.050271189886528705 0.050215302872080869 0.017988568859684903 0.050447557626552932 0.026211709123640455 -0.050669025803646572 -0.051011700028142648 -0.050377997951411208 0.050759532226588668 -0.051794259900790542
leaf_weight=1.2367521189153201 0.1436536982655533 0.39261185366194695 0.41645957902073849 0.28064575046300877 0.34738162264693384 0.59208507835864876 0.80646802065894041 0.50998053280636668 2.4477390472311544 2.4267749366117637 2.7610366232693195 0.067083721398375817
leaf_count=18 2 157 5 4 38 5 36 100 770 920 18 7
internal_value=-8.14536e-05 -0.00505328 0.00578554 -0.0357843 -0.0287091 0.0102561 0.0347987 -0.0052937 -0.0424362 -0.0449351 0.0452103 -0.0504161
internal_weight=12.4287 11.1919 8.27376 2.91816 3.77982 0.984697 4.49394 0.92644 2.79512 2.63751 3.5675 2.49386
internal_count=2080 2062 1129 933 970 162 159 105 808 929 54 927
is_linear=0
shrinkage=0.05


Tree=101
num_leaves=15
num_cat=0
split_feature=11 29 2 17 8 6 9 29 17 9 0 27 27 3
split_gain=1.0761 1.71026 2.10084 1.50692 1.35049 1.11335 1.06356 0.542942 0.882577 0.233353 0.00242612 0.000277308 9.66574e-05 8.48254e-06
threshold=-0.12364761158823966 -0.50702375173568714 -0.11305008083581923 0.65896430611610424 0.18325915187597278 -3.2493797540664668 2.792439460754395 -0.082544967532157884 0.71738547086715709 -10.311710357666014 -2.2838748693466182 -3.0440939664840694 0.32334654033184057 1.7930169105529787
decision_type=2 2 2 2 2 2 2 2 2 2 2 2 2 2
left_child=5 4 3 -3 -2 -1 9 8 -4 -7 -5 -11 -9 -6
right_child=1 2 7 10 13 6 -8 12 -10 11 -12 -13 -14 -15
leaf_value=0.044511229011694381 0.050222315414897092 0.041926723878926778 0.050263301692090756 -0.059513876957004809 -0.050330052901230653 0.050176991351735506 0.033904671166466165 0.05084524737561337 -0.050715266173522504 -0.05368603181873597 -0.050808504342471451 -0.050398199104122257 0.050318299559388692 -0.050783897545815304
leaf_weight=0.51413456164300475 0.41875945031642858 0.64601628389209498 0.50156403332948674 0.085628235246985818 1.5329833751311523 0.058959282934666457 0.46928192488849152 1.8540301807224744 0.38058240269310772 0.065909579396249085 1.2251697928877547 2.3796285382704809 1.6400411352515218 0.11036838963627804
leaf_count=9 6 11 6 5 596 1 9 11 64 2 372 932 20 36
internal_value=-8.41993e-05 0.00961423 0.0224919 -0.0205741 -0.0299349 -0.0234276 -0.0351735 0.0417488 0.00669835 -0.048117 -0.0513772 -0.0504868 0.0505979 -0.0503605
internal_weight=11.8831 8.39514 6.33303 1.95681 2.06211 3.48791 2.97378 4.37622 0.882146 2.5045 1.3108 2.44554 3.49407 1.64335
internal_count=2080 1127 489 388 638 953 944 101 70 935 377 934 31 632
is_linear=0
shrinkage=0.05


Tree=102
num_leaves=15
num_cat=0
split_feature=11 29 20 2 8 9 21 17 19 29 17 27 27 9
split_gain=1.01922 1.62429 2.00141 1.7175 1.2842 1.0591 1.04742 0.545753 0.464708 0.208954 0.516265 0.00023228 7.43462e-05 5.09375e-05
threshold=-0.12364761158823966 -0.50702375173568714 0.69131961464881908 0.20689167082309726 0.18325915187597278 -3.1457972526550289 -1.5409101843833921 0.60343372821807872 0.78561508655548107 -0.1355602145195007 0.71738547086715709 -3.0440939664840694 0.37243475019931799 2.792439460754395
decision_type=2 2 2 2 2 2 2 2 2 2 2 2 2 2
left_child=5 4 9 7 -2 -1 8 -4 13 10 -3 -8 -11 -7
right_child=1 2 3 -5 -6 6 11 -9 -10 12 -12 -13 -14 -15
leaf_value=0.046970021301843939 0.050211428339277657 0.050254234841756298 0.050218963275709794 0.050247193400668522 -0.050343022869424561 -0.050237129160919526 -0.053493357681001386 -0.051225266008173488 0.047949606172669246 0.050843709989690136 -0.050729176229758012 -0.050411896681320546 0.050352878123637514 -0.052085995109019713
leaf_weight=0.46195830916985903 0.39842048659920681 0.39579301699996028 0.14562033116817508 0.72831294313073147 1.563734558643773 0.10040337871760208 0.062915235757828536 1.4806559928692875 0.46506458264775574 1.6594335883855822 0.18606278230436146 2.1869155606254926 1.4418173655867574 0.059230156242847443
leaf_count=9 6 5 2 11 632 47 2 414 9 9 32 883 16 3
internal_value=-8.61558e-05 0.009596 0.0224398 -0.0135643 -0.0299252 -0.0233009 -0.034594 -0.0421417 0.022684 0.045457 0.0179623 -0.0504981 0.0506155 -0.0509231
internal_weight=11.3363 7.99985 6.0377 2.35459 1.96216 3.33649 2.87453 1.62628 0.624698 3.68311 0.581856 2.24983 3.10125 0.159634
internal_count=2080 1127 489 427 638 953 944 416 59 62 37 885 25 50
is_linear=0
shrinkage=0.05


Tree=103
num_leaves=15
num_cat=0
split_feature=11 29 20 2 8 9 21 12 19 29 17 27 27 9
split_gain=0.968126 1.54429 1.90271 1.63262 1.22119 1.00454 0.996287 0.518635 0.44037 0.198561 0.490885 0.000198962 6.39388e-05 4.36976e-05
threshold=-0.12364761158823966 -0.50702375173568714 0.69131961464881908 0.20689167082309726 0.18325915187597278 -3.1457972526550289 -1.5409101843833921 3.5414165258407597 0.78561508655548107 -0.1355602145195007 0.71738547086715709 -3.0440939664840694 0.37243475019931799 2.792439460754395
decision_type=2 2 2 2 2 2 2 2 2 2 2 2 2 2
left_child=5 4 9 7 -2 -1 8 -4 13 10 -3 -8 -11 -7
right_child=1 2 3 -5 -6 6 11 -9 -10 12 -12 -13 -14 -15
leaf_value=0.046659770901712597 0.050201080334398511 0.050241781211048178 -0.051172799966461804 0.050235113034861625 -0.050326381291169009 -0.05022552812656296 -0.053311396575452058 0.050208241375541966 0.047715767778095081 0.050802183190713626 -0.050693575329595258 -0.050392019411902134 0.050335605608455562 -0.051980151794908502
leaf_weight=0.44227782776579294 0.37906544283032406 0.3765809275209907 1.409851234755479 0.6929551027715205 1.487949783215299 0.09552815183997232 0.060045927762986007 0.13854718208312977 0.44449747260659933 1.5797598212957384 0.17710955301299691 2.0810583165148264 1.3719578646123407 0.056453293189406395
leaf_count=9 6 5 414 11 632 47 2 2 9 9 32 883 16 3
internal_value=-8.64924e-05 0.00959085 0.0224259 -0.0135539 -0.029916 -0.0232577 -0.0345534 -0.0421015 0.0225945 0.0454313 0.0179555 -0.0504739 0.0505853 -0.0508773
internal_weight=10.7936 7.61378 5.74676 2.24135 1.86702 3.17986 2.73758 1.5484 0.596479 3.50541 0.55369 2.1411 2.95172 0.151981
internal_count=2080 1127 489 427 638 953 944 416 59 62 37 885 25 50
is_linear=0
shrinkage=0.05


Tree=104
num_leaves=12
num_cat=0
split_feature=24 26 2 21 29 11 0 3 2 11 27
split_gain=0.919884 1.14716 2.69543 1.19062 0.684246 0.684754 0.652018 0.577249 0.245061 0.160588 0.000173511
threshold=-3.0456655025482173 -0.13815788924694059 -0.11305008083581923 3.236412882804871 -0.082544967532157884 0.82145199179649364 5.7447481155395517 -4.1688048839569083 -0.078884039074182496 0.10639176890254022 -3.0440939664840694
decision_type=2 2 2 2 2 2 2 2 2 2 2
left_child=-1 3 6 8 5 -4 7 -3 -2 -6 -10
right_child=1 2 4 -5 9 -7 -8 -9 10 -11 -12
leaf_value=0.048843237585110826 0.050187135534981303 0.050188322235964582 0.050231132573694118 0.049534011816269756 0.021736191521821609 -0.050547152549362186 0.050258176110054377 -0.040859497437701855 -0.053139486907549216 0.050583289240817668 -0.050349786874037274
leaf_weight=0.87844718527048904 0.062312610447407546 0.18611789867281903 0.28229804337024722 0.36981276469305147 0.60154181206598911 0.41833388747181743 0.24335236102342594 2.6929317655740306 0.057297565042973786 2.4367970563471317 2.0478826770558936
leaf_count=18 1 3 4 7 33 100 3 962 2 22 925
internal_value=-8.68783e-05 -0.00466013 0.00596244 -0.0333857 0.0346007 -0.00994165 -0.0283309 -0.0349737 -0.0475332 0.044872 -0.0504257
internal_weight=10.2771 9.39868 6.86137 2.53731 3.73897 0.700632 3.1224 2.87905 2.16749 3.03834 2.10518
internal_count=2080 2062 1127 935 159 104 968 965 928 55 927
is_linear=0
shrinkage=0.05


Tree=105
num_leaves=15
num_cat=0
split_feature=11 29 20 2 8 6 9 17 9 29 17 27 24 3
split_gain=0.896456 1.40044 1.74832 1.48168 1.10507 0.917678 0.87594 0.469156 0.192053 0.158597 0.46503 0.000148277 4.45248e-05 4.75765e-06
threshold=-0.12364761158823966 -0.50702375173568714 0.69131961464881908 0.20689167082309726 0.18325915187597278 -3.2493797540664668 2.792439460754395 0.60343372821807872 -10.311710357666014 -0.082544967532157884 0.71738547086715709 -3.0440939664840694 0.10276037082076074 1.7930169105529787
decision_type=2 2 2 2 2 2 2 2 2 2 2 2 2 2
left_child=5 4 9 7 -2 -1 8 -4 -7 10 -3 -10 -11 -6
right_child=1 2 3 -5 13 6 -8 -9 11 12 -12 -13 -14 -15
leaf_value=0.044003870887980384 0.050182006942631391 0.050211776163346628 0.050188470523974807 0.050212711226707764 -0.050270305519973517 0.050145771645388484 0.03294207976602339 -0.051083327182381545 -0.052977012409917805 0.050815554633332143 -0.050627582051108511 -0.050337245640691766 0.050387894178961917 -0.05064526929521284
leaf_weight=0.43054861854761872 0.34337269887328137 0.39758229255676303 0.12549273669719729 0.62745061144232739 1.2569059963570905 0.048620916903019729 0.3974550962448119 1.2893146913265807 0.054666060954333573 0.94668039306998286 0.16047750879079103 1.9789300767006341 1.7043050713837145 0.090701439999975153
leaf_count=9 6 6 2 11 596 1 9 414 2 6 32 932 18 36
internal_value=-8.29794e-05 0.00968204 0.0224255 -0.0137388 -0.0298924 -0.0233773 -0.0350767 -0.0421006 -0.0480602 0.0454407 0.0212141 -0.0504082 0.0505406 -0.0502955
internal_weight=9.8525 6.94228 5.2513 2.04226 1.69098 2.91022 2.47967 1.41481 2.08222 3.20905 0.55806 2.0336 2.65099 1.34761
internal_count=2080 1127 489 427 638 953 944 416 935 62 38 934 24 632
is_linear=0
shrinkage=0.05


Tree=106
num_leaves=15
num_cat=0
split_feature=11 29 20 2 8 9 21 17 19 29 17 27 24 9
split_gain=0.849295 1.33155 1.66224 1.40855 1.05089 0.871171 0.863595 0.445887 0.391234 0.121735 0.471177 0.000123915 3.66422e-05 3.55048e-05
threshold=-0.12364761158823966 -0.50702375173568714 0.69131961464881908 0.20689167082309726 0.18325915187597278 -3.1457972526550289 -1.5409101843833921 0.60343372821807872 0.78561508655548107 -0.043535482138395303 0.71738547086715709 -3.0440939664840694 0.10276037082076074 2.792439460754395
decision_type=2 2 2 2 2 2 2 2 2 2 2 2 2 2
left_child=5 4 9 7 -2 -1 8 -4 13 10 -3 -8 -11 -7
right_child=1 2 3 -5 -6 6 11 -9 -10 12 -12 -13 -14 -15
leaf_value=0.046325919392061363 0.050173101743870067 0.050223981048200077 0.050179246043045134 0.050202319042050109 -0.050281179165566119 -0.05019985020090794 -0.05282340229457938 -0.051036260284370166 0.047487684427175061 0.050775406229544934 -0.050596948155467864 -0.050351350579725285 0.050373010523078181 -0.051853937631171167
leaf_weight=0.38738814229145679 0.32668271660804737 0.48023886606097255 0.11939377337694157 0.59696991741657246 1.2822408006759358 0.083391179097817125 0.052147358655929898 1.2275366461835799 0.39075209060683846 0.90120433270931277 0.15274102101102471 1.8179483079584304 1.5198101475834844 0.053100032731890678
leaf_count=9 6 7 2 11 632 47 2 414 9 6 32 883 17 3
internal_value=-8.42357e-05 0.00967747 0.0224133 -0.0137294 -0.0298845 -0.0232441 -0.034486 -0.0420644 0.022032 0.0454185 0.0258954 -0.0504203 0.0505228 -0.0508434
internal_weight=9.39155 6.60682 4.99789 1.9439 1.60892 2.78473 2.39734 1.34693 0.527243 3.05399 0.63298 1.8701 2.42101 0.136491
internal_count=2080 1127 489 427 638 953 944 416 59 62 39 885 23 50
is_linear=0
shrinkage=0.05


Tree=107
num_leaves=15
num_cat=0
split_feature=11 29 20 2 8 6 9 12 9 29 17 27 24 3
split_gain=0.806631 1.26607 1.58043 1.33907 0.999382 0.826881 0.794523 0.423787 0.174298 0.115669 0.448055 0.000108878 3.15115e-05 3.5561e-06
threshold=-0.12364761158823966 -0.50702375173568714 0.69131961464881908 0.20689167082309726 0.18325915187597278 -3.2493797540664668 2.792439460754395 3.5414165258407597 -10.311710357666014 -0.043535482138395303 0.71738547086715709 -3.0440939664840694 0.10276037082076074 1.7930169105529787
decision_type=2 2 2 2 2 2 2 2 2 2 2 2 2 2
left_child=5 4 9 7 -2 -1 8 -4 -7 10 -3 -10 -11 -6
right_child=1 2 3 -5 13 6 -8 -9 11 12 -12 -13 -14 -15
leaf_value=0.043485756000606224 0.050164635425343954 0.050213018418686139 -0.050991015972997322 0.050192435122737217 -0.050244582658008644 0.050132370398280238 0.032019501672840699 0.050170474567704959 -0.052678134071218068 0.050737250044580989 -0.050567812093207092 -0.050306559360964898 0.050354754794326398 -0.050585137380883827
leaf_weight=0.39562135469168458 0.31080134212970723 0.45691456645727191 1.1686789665836839 0.56796436384320248 1.1378359068185089 0.04417313635349307 0.37098893895745266 0.11359022930264462 0.049737438559532499 0.85788048990070853 0.1453733560629189 1.7940692669944831 1.4461990557610986 0.082192213274538406
leaf_count=9 6 7 414 11 596 1 9 2 2 6 32 932 17 36
internal_value=-8.46791e-05 0.00967312 0.0224016 -0.0137203 -0.029877 -0.0231961 -0.0348744 -0.0420296 -0.0480191 0.0453973 0.0258877 -0.0503705 0.0504972 -0.0502675
internal_weight=8.94202 6.28743 4.7566 1.85023 1.53083 2.65459 2.25897 1.28227 1.88798 2.90637 0.602288 1.84381 2.30408 1.22003
internal_count=2080 1127 489 427 638 953 944 416 935 62 39 934 23 632
is_linear=0
shrinkage=0.05


Tree=108
num_leaves=15
num_cat=0
split_feature=11 29 20 2 8 9 21 17 19 29 17 27 9 24
split_gain=0.764024 1.20384 1.50268 1.27304 0.95041 0.787293 0.787749 0.402795 0.363048 0.109911 0.426074 9.06422e-05 3.30415e-05 2.71004e-05
threshold=-0.12364761158823966 -0.50702375173568714 0.69131961464881908 0.20689167082309726 0.18325915187597278 -3.1457972526550289 -1.5409101843833921 0.60343372821807872 0.78561508655548107 -0.043535482138395303 0.71738547086715709 -3.0440939664840694 2.792439460754395 0.10276037082076074
decision_type=2 2 2 2 2 2 2 2 2 2 2 2 2 2
left_child=5 4 9 7 -2 -1 8 -4 12 10 -3 -8 -7 -11
right_child=1 2 3 -5 -6 6 11 -9 -10 13 -12 -13 -14 -15
leaf_value=0.045981584517397041 0.050156581685038226 0.050202590749469936 0.050162134485995102 0.050183034284816568 -0.050254519429708759 -0.050180767369746353 -0.052540702462558334 -0.050947541078514451 0.047258631027420533 0.050700988238740897 -0.050540099279349465 -0.050323762715258173 -0.051817538181630096 0.050337395882624404
leaf_weight=0.35523044876754317 0.29568965360522259 0.43471856787800822 0.10806788131594647 0.54036306589841832 1.1608194216387344 0.07547467050608303 0.047432340681553442 1.1126065722201017 0.36124780937097967 0.81661008857190642 0.13835732662118971 1.649547857698052 0.052130371332168579 1.3761295340955255
leaf_count=9 6 7 2 11 632 47 2 414 9 6 32 883 3 17
internal_value=-8.60124e-05 0.00966896 0.0223905 -0.0137116 -0.0298698 -0.0230557 -0.0342753 -0.0419962 0.0216495 0.0453773 0.0258804 -0.0503857 -0.0508494 0.0504728
internal_weight=8.52443 5.98336 4.52685 1.76104 1.45651 2.54106 2.18583 1.22067 0.488853 2.76582 0.573076 1.69698 0.127605 2.19274
internal_count=2080 1127 489 427 638 953 944 416 59 62 39 885 50 23
is_linear=0
shrinkage=0.05


Tree=109
num_leaves=15
num_cat=0
split_feature=11 29 20 2 8 9 21 17 19 29 17 27 9 24
split_gain=0.725594 1.14469 1.42879 1.2103 0.903849 0.746293 0.749505 0.382855 0.343767 0.104445 0.405178 7.77356e-05 2.8357e-05 2.33077e-05
threshold=-0.12364761158823966 -0.50702375173568714 0.69131961464881908 0.20689167082309726 0.18325915187597278 -3.1457972526550289 -1.5409101843833921 0.60343372821807872 0.78561508655548107 -0.043535482138395303 0.71738547086715709 -3.0440939664840694 2.792439460754395 0.10276037082076074
decision_type=2 2 2 2 2 2 2 2 2 2 2 2 2 2
left_child=5 4 9 7 -2 -1 8 -4 12 10 -3 -8 -7 -11
right_child=1 2 3 -5 -6 6 11 -9 -10 13 -12 -13 -14 -15
leaf_value=0.045597585836657226 0.050148926563392399 0.050192678575320754 0.05015420105897668 0.050174093510576327 -0.050242156000991016 -0.050171932479906381 -0.052410660644457624 -0.050905782110380854 0.046971830278685629 0.050666522977783915 -0.050513740272502161 -0.050308121180297143 -0.051725779227734719 0.050320888112213857
leaf_weight=0.34068074868992004 0.28131055831909169 0.41359670460224185 0.1028131991624831 0.51409852504730214 1.1044704584637655 0.071806051419117112 0.045228160917759497 1.0591904261382294 0.34567576134577394 0.77729861997067962 0.13167650438845158 1.5695740109076712 0.049673689529299736 1.3094334863126276
leaf_count=9 6 7 2 11 632 47 2 414 9 6 32 883 3 17
internal_value=-8.65118e-05 0.00966499 0.0223799 -0.0137032 -0.029863 -0.0230053 -0.0342311 -0.0419641 0.0215452 0.0453582 0.0258734 -0.050367 -0.0508073 0.0504496
internal_weight=8.11653 5.69389 4.30811 1.6761 1.38578 2.42264 2.08196 1.162 0.467156 2.63201 0.545273 1.6148 0.12148 2.08673
internal_count=2080 1127 489 427 638 953 944 416 59 62 39 885 50 23
is_linear=0
shrinkage=0.05


Tree=110
num_leaves=15
num_cat=0
split_feature=11 29 20 2 8 6 9 17 9 29 17 27 24 3
split_gain=0.68903 1.08846 1.35856 1.15067 0.859578 0.711055 0.688139 0.363913 0.151156 0.0992553 0.385311 6.85194e-05 2.00463e-05 2.29593e-06
threshold=-0.12364761158823966 -0.50702375173568714 0.69131961464881908 0.20689167082309726 0.18325915187597278 -3.2493797540664668 2.792439460754395 0.60343372821807872 -10.311710357666014 -0.043535482138395303 0.71738547086715709 -3.0440939664840694 0.10276037082076074 1.7930169105529787
decision_type=2 2 2 2 2 2 2 2 2 2 2 2 2 2
left_child=5 4 9 7 -2 -1 8 -4 -7 10 -3 -10 -11 -6
right_child=1 2 3 -5 13 6 -8 -9 11 12 -12 -13 -14 -15
leaf_value=0.042952929638458315 0.050141642556727498 0.050183252362247147 0.050146656722228095 0.05016559062468226 -0.050210512731811652 0.050114875671118435 0.031123787324583707 -0.050865687108912684 -0.052287570886303869 0.050633765219868322 -0.050488669266844415 -0.050266925153159218 0.050305192177075964 -0.050505166133848478
leaf_weight=0.34767801221460137 0.26762876659631718 0.39349739253520999 0.097813282161950954 0.48910645395517338 0.97995054163038708 0.038363374769687542 0.33084480557590712 1.0083072931738568 0.043121077120303997 0.73985559865832318 0.12531519401818514 1.5501098011736756 1.2459505163133142 0.070894125150516629
leaf_count=9 6 7 2 11 596 1 9 414 2 6 32 932 17 36
internal_value=-8.70704e-05 0.00966121 0.0223697 -0.0136952 -0.0298565 -0.0229514 -0.0346274 -0.0419333 -0.0479601 0.04534 0.0258667 -0.0503216 0.0504276 -0.0502304
internal_weight=7.72844 5.41832 4.09985 1.59523 1.31847 2.31012 1.96244 1.10612 1.63159 2.50462 0.518813 1.59323 1.98581 1.05084
internal_count=2080 1127 489 427 638 953 944 416 935 62 39 934 23 632
is_linear=0
shrinkage=0.05


Tree=111
num_leaves=12
num_cat=0
split_feature=24 26 2 21 29 11 0 25 2 11 27
split_gain=0.65591 0.811261 1.86993 0.843996 0.473313 0.481775 0.463449 0.435602 0.183265 0.123393 5.7738e-05
threshold=-3.0456655025482173 -0.13815788924694059 -0.11305008083581923 3.236412882804871 -0.082544967532157884 0.82145199179649364 5.7447481155395517 -1.0642263293266294 -0.078884039074182496 0.10639176890254022 -3.0440939664840694
decision_type=2 2 2 2 2 2 2 2 2 2 2
left_child=-1 3 6 8 5 -4 7 -3 -2 -6 -10
right_child=1 2 4 -5 9 -7 -8 -9 10 -11 -12
leaf_value=0.048679116926974242 0.050140305207798233 0.012432360503953235 0.050162812025440678 0.049418901050391359 0.020850626806117163 -0.050384786003234538 0.050189954254020723 -0.045372410987065112 -0.052171034566506069 0.050410372118869728 -0.050271016171149568
leaf_weight=0.6304823514074086 0.046807345002889522 0.40439914516173336 0.19966241344809565 0.26399740169290442 0.4440095731988557 0.29539040580857545 0.17667815834283818 1.6792827511671928 0.041107349097728618 1.7232240457087753 1.4631248977966604
leaf_count=18 1 101 4 7 33 100 3 864 2 22 925
internal_value=-8.84863e-05 -0.00465194 0.00588315 -0.0332247 0.0342783 -0.00983239 -0.0275611 -0.0341537 -0.0472912 0.0443544 -0.0503229
internal_weight=7.36817 6.73768 4.92265 1.81504 2.66229 0.495053 2.26036 2.08368 1.55104 2.16723 1.50423
internal_count=2080 2062 1127 935 159 104 968 965 928 55 927
is_linear=0
shrinkage=0.05


Tree=112
num_leaves=15
num_cat=0
split_feature=11 29 20 2 8 6 9 12 9 29 17 27 27 3
split_gain=0.623797 0.984883 1.24395 1.04399 0.778017 0.666106 0.624959 0.329276 0.136747 0.126051 0.312263 4.99651e-05 1.52863e-05 1.71132e-06
threshold=-0.12364761158823966 -0.50702375173568714 0.69131961464881908 0.20689167082309726 0.18325915187597278 -3.2493797540664668 2.792439460754395 3.5414165258407597 -10.311710357666014 -0.1355602145195007 0.71738547086715709 -3.0440939664840694 -1.0000000180025095e-35 1.7930169105529787
decision_type=2 2 2 2 2 2 2 2 2 2 2 2 2 2
left_child=5 4 9 7 -2 -1 8 -4 -7 10 -3 -10 -11 -6
right_child=1 2 3 -5 13 6 -8 -9 11 12 -12 -13 -14 -15
leaf_value=0.042606998877839072 0.050128229711790852 0.050154057882394458 -0.050793028554377388 0.050149837623001119 -0.050190565981849705 0.05010391556019636 0.030119622933698104 0.050132757860745794 -0.052060672594680495 0.050509836105800565 -0.050442176310951908 -0.05025078114956294 0.050227945791256917 -0.050457852113790391
leaf_weight=0.33048915676772628 0.24241822585463502 0.24082207307219539 0.9206936754635533 0.44286072999238957 0.88737538032000884 0.034718163311481365 0.30914176255464543 0.088592119514942169 0.039183318614959606 1.0138198807835577 0.11350104142911732 1.4226343667833132 0.91496543213725123 0.064219058258458972
leaf_count=9 6 5 414 11 596 1 9 2 2 9 32 932 16 36
internal_value=-8.76257e-05 0.00969259 0.0223288 -0.0138513 -0.0298374 -0.0226558 -0.0346007 -0.0419341 -0.04797 0.0453407 0.0179299 -0.0502993 0.0503761 -0.0502086
internal_weight=7.06543 4.92927 3.73525 1.45215 1.19401 2.13617 1.80568 1.00929 1.49654 2.28311 0.354323 1.46182 1.92879 0.951594
internal_count=2080 1127 489 427 638 953 944 416 935 62 37 934 25 632
is_linear=0
shrinkage=0.05


Tree=113
num_leaves=13
num_cat=0
split_feature=27 25 27 0 2 26 3 0 8 24 26 27
split_gain=0.594899 0.784871 0.651477 0.541948 0.583703 1.8472 0.321513 0.14154 0.058436 0.160967 0.0100398 2.47201e-06
threshold=-3.0440939664840694 -0.97355428338050831 0.37243475019931799 2.3648204803466801 -0.11305008083581923 -0.03715942241251468 -4.1688048839569083 -1.6268026828765867 -0.51477980613708485 2.9560233354568486 -0.03715942241251468 -2.2046575546264644
decision_type=2 2 2 2 2 2 2 2 2 2 2 2
left_child=-1 2 7 4 6 -6 -3 -2 9 -4 -10 -9
right_child=1 3 8 -5 5 -7 -8 11 10 -11 -12 -13
leaf_value=0.04446873647843258 0.050120531915985637 0.050128807268614739 -0.050703746346486278 0.047423015269368991 -0.048563756422127922 0.034178737439055029 -0.050547892605180091 -0.050463478252546635 0.038625558786239605 0.050122455729889603 0.050184916252831391 -0.05010931393504852
leaf_weight=0.67413188517093647 0.040242571383714565 0.083934325724840053 0.059525187592953333 0.3185025774873792 1.319263913261238 1.3802031945670032 1.4367211583885358 0.063933453289791831 0.24744211498182256 0.11816785857081413 0.77990276925265778 0.21481660939753067
leaf_count=18 1 2 25 13 829 76 848 19 23 3 17 206
internal_value=-8.9114e-05 -0.00504369 0.0260021 -0.0154686 -0.0202152 -0.00625857 -0.0449909 -0.0375358 0.0428216 0.0163468 0.0474008 -0.0501905
internal_weight=6.73679 6.06266 1.52403 4.53863 4.22012 2.69947 1.52066 0.318993 1.20504 0.177693 1.02734 0.27875
internal_count=2080 2062 294 1768 1755 905 850 226 68 28 40 225
is_linear=0
shrinkage=0.05


Tree=114
num_leaves=12
num_cat=0
split_feature=24 26 2 21 14 26 0 3 8 2 27
split_gain=0.571081 0.702867 1.58689 0.731091 0.534022 0.561917 0.471859 0.469035 0.431852 0.161204 4.90595e-05
threshold=-3.0456655025482173 -0.13815788924694059 -0.23650398850440976 3.236412882804871 0.84883606433868419 0.7086608111858369 5.7447481155395517 -4.1688048839569083 -0.51477980613708485 -0.078884039074182496 -3.0440939664840694
decision_type=2 2 2 2 2 2 2 2 2 2 2
left_child=-1 3 6 9 8 -6 7 -3 -4 -2 -11
right_child=1 2 4 -5 5 -7 -8 -9 -10 10 -12
leaf_value=0.048539521531132043 0.050123485606944906 0.050127719903941437 -0.029332380695615275 0.049331956912721305 -0.050623243332183036 0.050203115811254195 0.050166289994157565 -0.050432112861336115 0.048317221635994882 -0.052045085378557947 -0.050242661289906877
leaf_weight=0.55205926345661271 0.041224312037229427 0.12683263793587629 0.1975468366290446 0.2293474928010254 0.36816763225942839 0.22121614031493664 0.15396254137158383 1.3522605235921217 1.9132810399169109 0.038910262286662944 1.2691379226162096
leaf_count=18 1 3 55 7 122 4 3 906 34 2 925
internal_value=-9.44911e-05 -0.00463599 0.00576978 -0.0331996 0.0293006 -0.0127796 -0.0331378 -0.0418091 0.0410502 -0.0472282 -0.0502963
internal_weight=6.46395 5.91189 4.33327 1.57862 2.70021 0.589384 1.63306 1.47909 2.11083 1.34927 1.30805
internal_count=2080 2062 1127 935 215 126 912 909 89 928 927
is_linear=0
shrinkage=0.05


Tree=115
num_leaves=12
num_cat=0
split_feature=24 26 2 21 14 20 26 0 3 2 27
split_gain=0.541419 0.668173 1.50444 0.695044 0.503346 0.545436 0.534273 0.448698 0.445995 0.153298 4.21041e-05
threshold=-3.0456655025482173 -0.13815788924694059 -0.23650398850440976 3.236412882804871 0.84883606433868419 -0.50013527274131764 0.7086608111858369 5.7447481155395517 -4.1688048839569083 -0.078884039074182496 -3.0440939664840694
decision_type=2 2 2 2 2 2 2 2 2 2 2
left_child=-1 3 7 9 5 -4 -6 8 -3 -2 -11
right_child=1 2 4 -5 6 -7 -8 -9 -10 10 -12
leaf_value=0.048377796338127513 0.050117453126085301 0.050121476330439022 -0.050450361871121431 0.049245772655111666 -0.050593758738483909 0.048153534540373952 0.050193180001312759 0.050158156572374074 -0.050412638842345286 -0.051941374577239068 -0.050230949748618796
leaf_weight=0.52684717881493259 0.039218381047248729 0.12066159024834577 0.15161612251540679 0.21853446832392354 0.350410833780188 1.8704407932236797 0.21046790853142738 0.146476849913597 1.2867943846504202 0.037084624171256908 1.2075157114886677
leaf_count=18 1 3 54 7 122 35 4 3 906 2 925
internal_value=-9.52005e-05 -0.00462382 0.00574801 -0.0331836 0.0291353 0.0407601 -0.0127738 -0.0331262 -0.0417938 -0.0472149 -0.0502819
internal_weight=6.16607 5.63922 4.13687 1.50235 2.58294 2.02206 0.560879 1.55393 1.40746 1.28382 1.2446
internal_count=2080 2062 1127 935 215 89 126 912 909 928 927
is_linear=0
shrinkage=0.05


Tree=116
num_leaves=13
num_cat=0
split_feature=9 17 20 29 6 27 2 5 23 21 24 27
split_gain=0.514179 0.706816 0.802721 0.85814 0.559976 0.493919 0.392317 0.303334 0.257545 0.148056 0.0172838 3.34503e-05
threshold=-2.8663491010665889 -0.26212555170059199 0.74625232815742504 -0.461219772696495 7.3752131462097177 -3.0440939664840694 -0.86033254861831654 0.58295127749443065 0.22826550900936129 8.3060102462768572 1.2616217732429507 -3.0440939664840694
decision_type=2 2 2 2 2 2 2 2 2 2 2 2
left_child=10 4 3 7 9 -4 -5 -3 -7 11 -1 -2
right_child=1 2 5 6 -6 8 -8 -9 -10 -11 -12 -13
leaf_value=0.031965501359182719 -0.051843109703777202 0.050090806528633694 0.050105827934111329 -0.050121022585279333 0.050103125855848619 0.038306968573771936 0.040368678399988145 -0.050179967430821398 -0.050464157466780492 0.05011334830276102 0.050103641172719475 -0.050281524192662741
leaf_weight=0.1966113585513084 0.035341158509254345 0.089701043441892003 0.16886018402874459 0.12726367608411271 0.16792746819555748 0.089857500512152799 2.0364959646249194 0.47389969666255638 0.90058587904786691 0.037854906171560176 0.3956180103123188 1.1565986365312708
leaf_count=15 2 3 5 115 5 8 84 374 579 1 12 877
internal_value=-9.69258e-05 -0.00504813 0.00591786 0.0207325 -0.0355414 -0.0289348 0.0350464 -0.0342212 -0.0424104 -0.0472361 0.044082 -0.0503278
internal_weight=5.87662 5.28439 3.88666 2.72736 1.39772 1.1593 2.16376 0.563601 0.990443 1.22979 0.592229 1.19194
internal_count=2080 2053 1168 576 885 592 199 377 587 880 27 879
is_linear=0
shrinkage=0.05


Tree=117
num_leaves=12
num_cat=0
split_feature=24 26 2 21 29 11 0 3 2 23 27
split_gain=0.490331 0.604771 1.35617 0.628607 0.402393 0.375646 0.345339 0.33063 0.138647 0.114313 3.09861e-05
threshold=-3.0456655025482173 -0.13815788924694059 -0.11305008083581923 3.236412882804871 -0.082544967532157884 0.82145199179649364 5.7447481155395517 -4.1688048839569083 -0.078884039074182496 0.096897080540657057 -3.0440939664840694
decision_type=2 2 2 2 2 2 2 2 2 2 2
left_child=-1 3 6 8 5 -4 7 -3 -2 -6 -10
right_child=1 2 4 -5 9 -7 -8 -9 10 -11 -12
leaf_value=0.048205199967330539 0.050106250814053059 0.050110785216766707 0.050122056295112939 0.0491466698260275 0.017426235402424373 -0.050333250282555447 0.050144473223018404 -0.039660933365195439 -0.051749989020981116 0.050312863756646987 -0.050210174360072315
leaf_weight=0.48046842147596169 0.035494294017553218 0.11017301306128491 0.14979289658367667 0.19812785380054254 0.32933927443809841 0.24572350643575191 0.13387229666113842 1.4854487358825279 0.033676516264676937 1.336794715374708 1.0948759895400142
leaf_count=18 1 3 4 7 33 100 3 962 2 22 925
internal_value=-0.000103532 -0.00460758 0.00565964 -0.0331829 0.0330497 -0.0122881 -0.0269908 -0.0334625 -0.0471959 0.0438123 -0.0502561
internal_weight=5.63379 5.15332 3.79114 1.36217 2.06165 0.395516 1.72949 1.59562 1.16405 1.66613 1.12855
internal_count=2080 2062 1127 935 159 104 968 965 928 55 927
is_linear=0
shrinkage=0.05


Tree=118
num_leaves=15
num_cat=0
split_feature=11 29 20 2 8 6 9 12 29 17 8 27 27 3
split_gain=0.475314 0.729925 0.956358 0.7951 0.580977 0.499742 0.468666 0.246746 0.116467 0.255547 0.102745 2.67243e-05 6.46176e-06 6.9719e-07
threshold=-0.12364761158823966 -0.50702375173568714 0.69131961464881908 0.20689167082309726 0.18325915187597278 -3.2493797540664668 2.792439460754395 3.5414165258407597 -0.1355602145195007 0.71738547086715709 0.79457256197929393 -3.0440939664840694 0.37243475019931799 1.7930169105529787
decision_type=2 2 2 2 2 2 2 2 2 2 2 2 2 2
left_child=5 4 8 7 -2 -1 10 -4 9 -3 11 -7 -10 -6
right_child=1 2 3 -5 13 6 -8 -9 12 -11 -12 -13 -14 -15
leaf_value=0.041999455116537722 0.05009580307230134 0.050115829186986698 -0.050646651331462747 0.050113405426441854 -0.050143764184968846 -0.051661729401817451 0.029086491721947823 0.05009942514362923 0.050388983146954051 -0.050386794245117709 0.050078115441444665 -0.050197452858636631 0.050180538354177823 -0.050340627470979664
leaf_weight=0.25232446193695057 0.18126086331903968 0.18133218213915836 0.71330374712124445 0.33423354290425777 0.66456488141557202 0.032087437808513308 0.23905661422759283 0.066436901688575745 0.77565149404108524 0.097128105466254056 0.026124335825443157 1.0783067184383981 0.71409063972532749 0.048238562303595245
leaf_count=9 6 5 414 11 596 2 9 2 9 32 1 932 16 36
internal_value=-9.91177e-05 0.00963689 0.0218803 -0.0144065 -0.029832 -0.0226838 -0.0345487 -0.0420627 0.0447411 0.0150601 -0.0479338 -0.0502398 0.0502891 -0.0501571
internal_weight=5.40414 3.77624 2.88218 1.11397 0.894064 1.6279 1.37558 0.779741 1.7682 0.27846 1.13652 1.11039 1.48974 0.712803
internal_count=2080 1127 489 427 638 953 944 416 62 37 935 934 25 632
is_linear=0
shrinkage=0.05


Tree=119
num_leaves=15
num_cat=0
split_feature=11 29 20 2 8 6 9 12 29 17 8 27 27 3
split_gain=0.449909 0.694151 0.909472 0.756032 0.552563 0.471312 0.446543 0.234583 0.11074 0.243033 0.0977119 2.29487e-05 5.55932e-06 6.01281e-07
threshold=-0.12364761158823966 -0.50702375173568714 0.69131961464881908 0.20689167082309726 0.18325915187597278 -3.2493797540664668 2.792439460754395 3.5414165258407597 -0.1355602145195007 0.71738547086715709 0.79457256197929393 -3.0440939664840694 0.37243475019931799 1.7930169105529787
decision_type=2 2 2 2 2 2 2 2 2 2 2 2 2 2
left_child=5 4 8 7 -2 -1 10 -4 9 -3 11 -7 -10 -6
right_child=1 2 3 -5 13 6 -8 -9 12 -11 -12 -13 -14 -15
leaf_value=0.041358513012208345 0.050091122898365842 0.050110169320687119 -0.050617040649886674 0.050107869468482336 -0.050136753750290843 -0.051578062680161955 0.028116848279985448 0.050094567919782299 0.050369930456984569 -0.050367930604585331 0.05007429719522475 -0.0501878787643429 0.050171720328556428 -0.050324174906818522
leaf_weight=0.24364520516246546 0.17243637144565616 0.17250750027596962 0.67890244285808854 0.31796702556312084 0.63223982875933871 0.030570777133106852 0.23504042532294978 0.063202710822224617 0.73809457197785378 0.092424842878244817 0.02485208399593819 1.0259078172384761 0.67938040383160114 0.045900562661699951
leaf_count=9 6 5 414 11 596 2 9 2 9 32 1 932 16 36
internal_value=-0.000100635 0.00963427 0.0218734 -0.0144002 -0.0298278 -0.0225222 -0.0343458 -0.0420398 0.0447291 0.0150572 -0.0479229 -0.0502281 0.0502749 -0.0501494
internal_weight=5.15307 3.59306 2.74248 1.06007 0.850577 1.56002 1.31637 0.742105 1.68241 0.264932 1.08133 1.05648 1.41747 0.67814
internal_count=2080 1127 489 427 638 953 944 416 62 37 935 934 25 632
is_linear=0
shrinkage=0.05


Tree=120
num_leaves=15
num_cat=0
split_feature=11 29 20 2 8 9 21 19 12 29 17 27 9 6
split_gain=0.425736 0.660138 0.864895 0.718896 0.525543 0.449294 0.461062 0.230651 0.223025 0.105296 0.231133 1.87018e-05 1.32345e-05 7.29321e-06
threshold=-0.12364761158823966 -0.50702375173568714 0.69131961464881908 0.20689167082309726 0.18325915187597278 -3.1457972526550289 -1.5409101843833921 0.78561508655548107 3.5414165258407597 -0.1355602145195007 0.71738547086715709 -3.0440939664840694 2.792439460754395 -3.2493797540664668
decision_type=2 2 2 2 2 2 2 2 2 2 2 2 2 2
left_child=5 4 9 8 -2 -1 7 12 -4 10 -3 -8 -7 -13
right_child=1 2 3 -5 -6 6 11 -9 -10 -11 -12 13 -14 -15
leaf_value=0.04485979590096191 0.050086672097577223 0.05010478666112668 -0.050588703871940754 0.050102603849073682 -0.050142164700114691 -0.050112166859182607 -0.051498734966392012 0.046917941428222511 0.050089946539205045 0.050261487288942322 -0.050349987211793103 -0.051114388036248674 -0.05137382124012177 -0.050191096544677044
leaf_weight=0.21320259943604458 0.16404075920581851 0.16411139443516742 0.64614460279699393 0.30249057523906231 0.6451583243906498 0.043190209195017704 0.029123486950993427 0.22114697739016265 0.060125682502985001 1.3486954364925623 0.087947771302424371 0.021893669851124176 0.040069842711091042 0.92703347734641295
leaf_count=9 6 5 414 11 632 47 2 9 2 25 32 2 3 881
internal_value=-0.000102219 0.00963178 0.0218668 -0.0143943 -0.0298238 -0.0223518 -0.0335254 0.0202126 -0.0420178 0.0447177 0.0150544 -0.0502507 -0.0507194 -0.0502124
internal_weight=4.91437 3.41871 2.60952 1.00876 0.809199 1.49566 1.28246 0.304407 0.70627 1.60075 0.252059 0.978051 0.0832601 0.948927
internal_count=2080 1127 489 427 638 953 944 59 416 62 37 885 50 883
is_linear=0
shrinkage=0.05


Tree=121
num_leaves=14
num_cat=0
split_feature=24 25 27 3 0 11 1 7 0 16 10 2 27
split_gain=0.404593 0.49808 0.496302 0.363083 0.396146 0.377752 0.119244 0.114713 0.0755564 0.034759 0.144576 0.000473999 1.60644e-05
threshold=-3.0456655025482173 -0.97355428338050831 0.37243475019931799 -2.0640577077865596 3.0203226804733281 0.22679913043975833 -0.45384714007377619 2.3068470954895024 2.3648204803466801 -0.70808944106101979 0.8864855468273164 0.34609851241111761 -3.0440939664840694
decision_type=2 2 2 2 2 2 2 2 2 2 2 2 2
left_child=-1 2 7 6 5 -5 8 12 -3 11 -11 -4 -2
right_child=1 3 9 4 -6 -7 -8 -9 -10 10 -12 -13 -14
leaf_value=0.048024522386078586 -0.051423506467982653 -0.050661216941742748 0.050157609307196406 -0.05020278811076552 0.04879324917211695 -0.011035176728154393 0.046220536576811598 0.050097945890527608 0.050079935697455648 -0.050341556840897653 0.047643574480988 0.047289829333028326 -0.050135400139107035
leaf_weight=0.39941499405540515 0.027742622420191765 0.061282082111574709 0.39236264862120152 0.99063551885774481 0.19063219922827546 1.626015971181914 0.29614887398201961 0.032732203602790833 0.026730652898550034 0.048386852315161377 0.16958709253231063 0.22770908148959279 0.18980877526337259
leaf_count=18 2 36 10 963 8 743 16 1 1 39 8 10 225
internal_value=-0.000102868 -0.00459441 0.024615 -0.0145552 -0.0207939 -0.0258636 0.0310343 -0.0371696 -0.0200648 0.0430671 0.0258924 0.0491045 -0.0502997
internal_weight=4.67919 4.27977 1.08833 3.19145 2.80728 2.61665 0.384162 0.250284 0.0880127 0.838046 0.217974 0.620072 0.217551
internal_count=2080 2062 295 1767 1714 1706 53 228 37 67 47 20 227
is_linear=0
shrinkage=0.05


Tree=122
num_leaves=13
num_cat=0
split_feature=27 25 27 0 2 26 3 0 8 6 29 27
split_gain=0.383602 0.518526 0.418254 0.350084 0.4001 1.21448 0.212719 0.0946076 0.0388843 0.0571661 0.00755517 7.85269e-07
threshold=-3.0440939664840694 -0.97355428338050831 0.37243475019931799 2.3648204803466801 -0.11305008083581923 -0.03715942241251468 -4.1688048839569083 -1.6268026828765867 -0.51477980613708485 -3.2493797540664668 -0.082544967532157884 -2.2046575546264644
decision_type=2 2 2 2 2 2 2 2 2 2 2 2
left_child=-1 2 7 4 6 -6 -3 -2 9 -4 -10 -9
right_child=1 3 8 -5 5 -7 -8 11 10 -11 -12 -13
leaf_value=0.044043779926331905 0.050080998607579932 0.050085187477973053 0.05009159149284146 0.047063225306937281 -0.048364980931757146 0.032699731083199485 -0.050406795939960593 -0.050316570662641717 0.03785296388193421 -0.018984203663753502 0.050134758249209682 -0.050070910182693343
leaf_weight=0.44397485442459572 0.027085855603218079 0.055718112736940384 0.061203541234135628 0.21103155950549979 0.8807161946897395 0.97186707647051684 0.95952063455479242 0.042562477116007358 0.16516871476778761 0.058658730296883732 0.5176592543721199 0.13801233971025773
leaf_count=18 1 2 2 13 829 76 848 19 24 26 16 206
internal_value=-9.79569e-05 -0.00489053 0.0261904 -0.01509 -0.0196636 -0.00583835 -0.0448916 -0.0370581 0.0425532 0.016287 0.0471639 -0.0501288
internal_weight=4.53318 4.0892 1.01035 3.07885 2.86782 1.85258 1.01524 0.207661 0.80269 0.119862 0.682828 0.180575
internal_count=2080 2062 294 1768 1755 905 850 226 68 28 40 225
is_linear=0
shrinkage=0.05


Tree=123
num_leaves=12
num_cat=0
split_feature=24 26 2 21 14 26 0 3 8 2 27
split_gain=0.367649 0.468401 1.01851 0.476347 0.399439 0.38103 0.310839 0.308718 0.294989 0.10788 1.63863e-05
threshold=-3.0456655025482173 -0.13815788924694059 -0.23650398850440976 3.236412882804871 0.84883606433868419 0.7086608111858369 5.7447481155395517 -4.1688048839569083 -0.51477980613708485 -0.078884039074182496 -3.0440939664840694
decision_type=2 2 2 2 2 2 2 2 2 2 2
left_child=-1 3 6 9 8 -6 7 -3 -4 -2 -11
right_child=1 2 4 -5 5 -7 -8 -9 -10 10 -12
leaf_value=0.047809959609848372 0.050082741981751472 0.050084106369572501 -0.028857951970588127 0.049005866166580092 -0.050467604987995213 0.050133535595770301 0.050111248895909122 -0.050304235438762057 0.047734115712227659 -0.051413038326672905 -0.050173775630966838
leaf_weight=0.36666446109302331 0.027666619047522545 0.083778357133269421 0.13902155484538536 0.15060315385926515 0.26910554833011691 0.14475032314658165 0.10185295902192593 0.89176364074228343 1.3131191702559586 0.027549857273697853 0.83937175472965486
leaf_count=18 1 3 55 7 122 4 3 906 34 2 925
internal_value=-0.000103257 -0.00450785 0.00570257 -0.0332617 0.0280517 -0.0152813 -0.0330051 -0.041683 0.0404015 -0.0471113 -0.0502132
internal_weight=4.35525 3.98858 2.94339 1.04519 1.866 0.413856 1.07739 0.975542 1.45214 0.894588 0.866922
internal_count=2080 2062 1127 935 215 126 912 909 89 928 927
is_linear=0
shrinkage=0.05


Tree=124
num_leaves=15
num_cat=0
split_feature=11 29 2 8 18 9 17 24 0 11 19 28 18 0
split_gain=0.351703 0.572803 0.868683 0.800357 0.36981 0.392657 0.254205 0.191198 0.177202 0.0113307 0.010683 0.0119269 0.0397131 0.000128252
threshold=-0.12364761158823966 -0.043535482138395303 -0.23650398850440976 0.23616368323564532 -2.0235728025436397 -10.311710357666014 0.60343372821807872 -7.889899253845214 5.7447481155395517 0.79982608556747448 1.3740627169609072 1.8954367041587832 -3.5163445472717281 -2.9353992938995357
decision_type=2 2 2 2 2 2 2 2 2 2 2 2 2 2
left_child=4 3 6 -2 10 -6 -3 -5 -7 -4 11 12 -1 -8
right_child=1 2 9 7 5 8 13 -9 -10 -11 -12 -13 -14 -15
leaf_value=0.050070611724374749 0.049782974460888751 0.050075610451532609 0.050238447550312863 0.050075859725459304 0.050074304295263508 -0.050252627517175991 -0.053392081564079152 -0.050228035821914999 0.05013868213445985 0.039963749347509979 0.050074458883069196 0.050086671171963131 -0.050079485266294271 -0.050149528023304836
leaf_weight=0.02362344041466713 0.31316098390379921 0.075804844498634449 0.95812830049544551 0.050610309466719405 0.12234840728342522 0.87939863849896927 0.033540881879161932 0.77563093521166615 0.046268586069345474 0.37269625393673778 0.12323511205613613 0.028976237401366234 0.017037428158800938 0.33580322039779287
leaf_count=1 13 3 21 2 5 916 3 728 1 17 5 1 24 340
internal_value=-0.000104383 0.00938473 0.0271367 -0.018285 -0.0223984 -0.034108 -0.0333264 -0.0440841 -0.0452347 0.047361 0.0412287 0.0255746 0.00810643 -0.050444
internal_weight=4.15626 2.91538 1.77597 1.1394 1.24089 1.04802 0.445149 0.826241 0.925667 1.33082 0.192872 0.0696371 0.0406609 0.369344
internal_count=2080 1127 384 743 953 922 346 730 917 38 31 26 25 343
is_linear=0
shrinkage=0.05


Tree=125
num_leaves=15
num_cat=0
split_feature=11 29 2 8 18 9 17 24 0 29 19 28 18 0
split_gain=0.334193 0.542944 0.822104 0.761024 0.351709 0.373427 0.241717 0.181835 0.16852 0.0144451 0.0101614 0.0113441 0.0377734 0.000109999
threshold=-0.12364761158823966 -0.043535482138395303 -0.23650398850440976 0.23616368323564532 -2.0235728025436397 -10.311710357666014 0.60343372821807872 -7.889899253845214 5.7447481155395517 0.22449965029954913 1.3740627169609072 1.8954367041587832 -3.5163445472717281 -2.9353992938995357
decision_type=2 2 2 2 2 2 2 2 2 2 2 2 2 2
left_child=4 3 6 -2 10 -6 -3 -5 -7 -4 11 12 -1 -8
right_child=1 2 9 7 5 8 13 -9 -10 -11 -12 -13 -14 -15
leaf_value=0.050067169481845399 0.049747424201130701 0.050071917186982597 0.038001464785742373 0.050072154764375834 0.050070676399694515 -0.050240462510817589 -0.053216724097289128 -0.050217137334638 0.050131897985349172 0.050220445315354995 0.050070823252486213 0.050082434518124025 -0.050075606050199756 -0.050142249297123347
leaf_weight=0.022472819313406944 0.2980955663369973 0.072112983092665783 0.3247294272296124 0.048145487904548867 0.11638962663710117 0.83670730190351628 0.03200754802674044 0.73795905630686298 0.044017843902111053 0.94798337761312723 0.1172331627458334 0.027565320953726768 0.016207727108849213 0.31947110308101412
leaf_count=1 13 3 15 2 5 916 3 728 1 23 5 1 24 340
internal_value=-0.000105838 0.00935761 0.0270216 -0.0182789 -0.0223939 -0.0341005 -0.0333139 -0.0440749 -0.0452239 0.0471028 0.0412256 0.0255726 0.00810585 -0.0504222
internal_weight=3.9611 2.7805 1.6963 1.0842 1.18059 0.997115 0.423592 0.786105 0.880725 1.27271 0.183479 0.0662459 0.0386805 0.351479
internal_count=2080 1127 384 743 953 922 346 730 917 38 31 26 25 343
is_linear=0
shrinkage=0.05


Tree=126
num_leaves=15
num_cat=0
split_feature=11 29 2 8 18 9 17 24 0 29 19 28 18 0
split_gain=0.317543 0.514544 0.777804 0.723613 0.334496 0.355144 0.229846 0.172932 0.160264 0.015887 0.00966525 0.0107899 0.0359286 9.43601e-05
threshold=-0.12364761158823966 -0.043535482138395303 -0.23650398850440976 0.23616368323564532 -2.0235728025436397 -10.311710357666014 0.60343372821807872 -7.889899253845214 5.7447481155395517 0.22449965029954913 1.3740627169609072 1.8954367041587832 -3.5163445472717281 -2.9353992938995357
decision_type=2 2 2 2 2 2 2 2 2 2 2 2 2 2
left_child=4 3 6 -2 10 -6 -3 -5 -7 -4 11 12 -1 -8
right_child=1 2 9 7 5 8 13 -9 -10 -11 -12 -13 -14 -15
leaf_value=0.050063886871138913 0.049708846750944842 0.050068404012183813 0.037175482993282043 0.05006863033486289 0.050067224390219572 -0.050228876469510901 -0.053050911640495857 -0.050206750304259133 0.050125450479040469 0.050209689302594757 0.050067364491998535 0.050078407536781833 -0.050071914897842823 -0.050135324809849419
leaf_weight=0.021378172561526299 0.28377190534956798 0.068600682541728131 0.31558285094797545 0.045800546184182389 0.11072067730128765 0.79607956419931747 0.030539279046933987 0.70210993615910389 0.041876319795846939 0.9019379923120141 0.11152314208447933 0.026223000138998032 0.015418374532600865 0.30393122849636722
leaf_count=1 13 3 15 2 5 916 3 728 1 23 5 1 24 340
internal_value=-0.000107312 0.00932911 0.0269006 -0.0182726 -0.0223897 -0.0340934 -0.0333021 -0.0440661 -0.0452137 0.0468312 0.0412227 0.0255707 0.0081053 -0.0504015
internal_weight=3.77549 2.65227 1.62059 1.03168 1.12322 0.948677 0.403071 0.74791 0.837956 1.21752 0.174543 0.0630195 0.0367965 0.334471
internal_count=2080 1127 384 743 953 922 346 730 917 38 31 26 25 343
is_linear=0
shrinkage=0.05


Tree=127
num_leaves=13
num_cat=0
split_feature=9 17 20 29 6 27 2 5 23 21 10 27
split_gain=0.30227 0.422036 0.489079 0.505264 0.338639 0.290355 0.221778 0.180596 0.157236 0.0866031 0.0123336 8.21449e-06
threshold=-2.8663491010665889 -0.26212555170059199 0.74625232815742504 -0.461219772696495 7.3752131462097177 -3.0440939664840694 -0.86033254861831654 0.58295127749443065 0.22826550900936129 8.3060102462768572 1.4025026559829714 -3.0440939664840694
decision_type=2 2 2 2 2 2 2 2 2 2 2 2
left_child=10 4 3 7 9 -4 -5 -3 -7 11 -1 -2
right_child=1 2 5 6 -6 8 -8 -9 -10 -11 -12 -13
leaf_value=0.030415906472268158 -0.05115443081529563 0.050053707384327899 0.050062092218390544 -0.050070468836596188 0.050062655949275149 0.037687680871895841 0.038831675722992669 -0.050108795879597892 -0.050296933522311488 0.050066333043235912 0.05006236698272995 -0.050188586473931478
leaf_weight=0.12022595608141307 0.0227359589189291 0.053431837819516548 0.099257530644536796 0.074213742045685538 0.10181741043925285 0.055935203388798094 1.2814857839839531 0.28526997816516086 0.55077972830622457 0.022194590419530869 0.2380699310451746 0.69364757434232238
leaf_count=15 2 3 5 115 5 8 84 374 579 1 12 877
internal_value=-0.000108871 -0.0049269 0.00574945 0.0203176 -0.0354212 -0.0292156 0.033965 -0.0343077 -0.0421853 -0.0472056 0.04347 -0.0502192
internal_weight=3.59907 3.24077 2.40037 1.6944 0.840396 0.705972 1.3557 0.338702 0.606715 0.738578 0.358296 0.716384
internal_count=2080 2053 1168 576 885 592 199 377 587 880 27 879
is_linear=0
shrinkage=0.05


Tree=128
num_leaves=15
num_cat=0
split_feature=24 25 27 27 20 23 0 0 7 23 16 10 22 2
split_gain=0.286954 0.365115 0.351799 0.263829 0.269368 0.349789 0.260787 0.2065 0.0813902 0.0668585 0.0248214 0.106015 0.00517299 0.000409803
threshold=-2.6327520608901973 -0.97355428338050831 0.37243475019931799 -0.21546556800603864 0.69131961464881908 0.05148476921021939 2.3648204803466801 -2.9353992938995357 2.3068470954895024 0.22826550900936129 -0.70808944106101979 0.8864855468273164 1.8559304475784304 0.34609851241111761
decision_type=2 2 2 2 2 2 2 2 2 2 2 2 2 2
left_child=12 2 8 4 5 -3 7 -5 -2 -6 13 -12 -1 -4
right_child=1 3 10 6 9 -7 -8 -9 -10 -11 11 -13 -14 -15
leaf_value=0.036756791428404413 -0.05023926636198859 -0.032065142658638711 0.050112959772657895 0.045084859639475547 0.050053095342130496 0.034585127427487962 0.047679629986903505 -0.04434638430296043 0.050069570704016887 -0.050476798183768795 -0.050250382590240818 0.047817337019416532 0.050056759306553955 0.046982090663723851
leaf_weight=0.11454130028141696 0.15422968156053762 0.28202764550224035 0.28225578181445599 0.069009138038382489 0.017775613814592361 0.65181618358474225 0.095494285807944945 0.99841033568372739 0.023274127393960953 0.23771692742593586 0.035458741476759315 0.12369221192784607 0.20212539285421371 0.16597584169358015
leaf_count=16 223 314 10 7 1 123 8 1101 1 210 38 7 11 10
internal_value=-0.000116055 -0.00469496 0.0248346 -0.0145482 0.00200988 0.0144563 -0.0314825 -0.0385646 -0.0370869 -0.0434825 0.0429307 0.0259679 0.045246 0.0489536
internal_weight=3.4538 3.13714 0.784886 2.35225 1.18934 0.933844 1.16291 1.06742 0.177504 0.255493 0.607383 0.159151 0.316667 0.448232
internal_count=2080 2053 289 1764 648 437 1116 1108 224 211 65 45 27 20
is_linear=0
shrinkage=0.05


Tree=129
num_leaves=15
num_cat=0
split_feature=11 29 2 8 18 9 17 24 0 2 19 28 18 0
split_gain=0.277079 0.46196 0.669971 0.636153 0.295753 0.307321 0.200105 0.151799 0.141535 0.0210321 0.00801248 0.00973435 0.0316695 6.01253e-05
threshold=-0.12364761158823966 -0.043535482138395303 -0.23650398850440976 0.23616368323564532 -2.0235728025436397 -10.311710357666014 0.60343372821807872 -7.889899253845214 5.7447481155395517 -0.031965758651494973 1.3740627169609072 1.8954367041587832 -3.5163445472717281 -2.9353992938995357
decision_type=2 2 2 2 2 2 2 2 2 2 2 2 2 2
left_child=4 3 6 -2 10 -6 -3 -5 -7 -4 11 12 -1 -8
right_child=1 2 9 7 5 8 13 -9 -10 -11 -12 -13 -14 -15
leaf_value=0.050056818849576037 0.049660832991754694 0.050059705237203281 0.033339220584993078 0.050060242348585027 0.050058199713548246 -0.05019929138348659 -0.052606497431043821 -0.050194594264270156 0.050110869897629355 0.050168121555381084 0.050058381293741752 0.050074075159899673 -0.05006307686006304 -0.050118094624205904
leaf_weight=0.019018575549125671 0.24856984207872379 0.059867713600396999 0.23818607348948717 0.040191866457462755 0.095818682573735714 0.69792644761037115 0.026741366076748707 0.62329713566577949 0.037031173706054688 0.84183757659047775 0.096682796254754066 0.024778218939900398 0.01350853155599907 0.26317955917329539
leaf_count=1 13 3 10 2 5 916 3 728 1 28 5 1 24 340
internal_value=-0.000114964 0.00924241 0.0269787 -0.0185623 -0.0223678 -0.0341647 -0.0331625 -0.0441215 -0.0451451 0.0464567 0.0412776 0.0264631 0.00847695 -0.0503476
internal_weight=3.32664 2.34187 1.42981 0.912059 0.984764 0.830776 0.349789 0.663489 0.734958 1.08002 0.153988 0.0573053 0.0325271 0.289921
internal_count=2080 1127 384 743 953 922 346 730 917 38 31 26 25 343
is_linear=0
shrinkage=0.05


Tree=130
num_leaves=15
num_cat=0
split_feature=11 29 2 8 18 9 17 24 0 2 19 28 18 0
split_gain=0.263256 0.437621 0.63346 0.604861 0.281288 0.292284 0.19029 0.14437 0.134607 0.0227853 0.00762142 0.00925881 0.0301232 5.16116e-05
threshold=-0.12364761158823966 -0.043535482138395303 -0.23650398850440976 0.23616368323564532 -2.0235728025436397 -10.311710357666014 0.60343372821807872 -7.889899253845214 5.7447481155395517 -0.031965758651494973 1.3740627169609072 1.8954367041587832 -3.5163445472717281 -2.9353992938995357
decision_type=2 2 2 2 2 2 2 2 2 2 2 2 2 2
left_child=4 3 6 -2 10 -6 -3 -5 -7 -4 11 12 -1 -8
right_child=1 2 9 7 5 8 13 -9 -10 -11 -12 -13 -14 -15
leaf_value=0.0500540457231217 0.049615386849049245 0.050056790710629788 0.03239495007665278 0.050057301101551134 0.050055357902684894 -0.050189666486622354 -0.052473553267759702 -0.05018528000092607 0.050105449336625807 0.05015992553840222 0.050055533473939554 0.050070459346894691 -0.050059997952114688 -0.050112343776117563
leaf_weight=0.01809200644493103 0.23665818804875094 0.056951163336634525 0.233006760943681 0.038233876228332964 0.091150593943893909 0.66401227895403314 0.025499992945697048 0.59300584220909469 0.035228855907917023 0.80090822093188696 0.091972623020410538 0.023571429774165154 0.012850483093643561 0.25037214328767743
leaf_count=1 13 3 10 2 5 916 3 728 1 28 5 1 24 340
internal_value=-0.000116423 0.00921104 0.0268433 -0.0185556 -0.0223642 -0.0341588 -0.0331528 -0.0441136 -0.0451366 0.0461563 0.0412751 0.0264614 0.00847647 -0.0503306
internal_weight=3.17151 2.23464 1.36674 0.867898 0.936878 0.790392 0.332823 0.63124 0.699241 1.03391 0.146487 0.0545139 0.0309425 0.275872
internal_count=2080 1127 384 743 953 922 346 730 917 38 31 26 25 343
is_linear=0
shrinkage=0.05


Tree=131
num_leaves=15
num_cat=0
split_feature=11 29 2 8 18 9 17 24 0 2 19 28 18 0
split_gain=0.250108 0.41446 0.598723 0.575094 0.267531 0.277985 0.180959 0.137306 0.128019 0.0245989 0.00724946 0.00880653 0.0286524 4.43095e-05
threshold=-0.12364761158823966 -0.043535482138395303 -0.23650398850440976 0.23616368323564532 -2.0235728025436397 -10.311710357666014 0.60343372821807872 -7.889899253845214 5.7447481155395517 -0.031965758651494973 1.3740627169609072 1.8954367041587832 -3.5163445472717281 -2.9353992938995357
decision_type=2 2 2 2 2 2 2 2 2 2 2 2 2 2
left_child=4 3 6 -2 10 -6 -3 -5 -7 -4 11 12 -1 -8
right_child=1 2 9 7 5 8 13 -9 -10 -11 -12 -13 -14 -15
leaf_value=0.050051407844401243 0.049565800826482459 0.050054019464884573 0.031438956849791706 0.05005450251177386 0.050052657345315658 -0.050180502022974575 -0.052347671936744194 -0.050176404032724442 0.050100301588372843 0.050152129657284994 0.050052820055087023 0.050067018655821839 -0.050057069979460647 -0.050106872673361273
leaf_weight=0.01721053384244442 0.2253358911257245 0.054176546633243561 0.22821192024275661 0.036371169611812082 0.086709689348936081 0.63174046386848237 0.02431320067262277 0.56418187398230613 0.033514082431793213 0.76196291670203142 0.087491687387228012 0.022423340007662773 0.01222445463645272 0.23818669919273816
leaf_count=1 13 3 10 2 5 916 3 728 1 28 5 1 24 340
internal_value=-0.000117942 0.00917782 0.0267001 -0.0185486 -0.0223609 -0.0341531 -0.0331435 -0.0441061 -0.0451286 0.0458392 0.0412728 0.0264598 0.008476 -0.0503144
internal_weight=3.02405 2.13274 1.30685 0.825889 0.891314 0.751964 0.316676 0.600553 0.665255 0.990175 0.13935 0.0518583 0.029435 0.2625
internal_count=2080 1127 384 743 953 922 346 730 917 38 31 26 25 343
is_linear=0
shrinkage=0.05


Tree=132
num_leaves=15
num_cat=0
split_feature=11 29 2 8 18 9 17 24 0 2 19 28 18 0
split_gain=0.237602 0.392423 0.565677 0.546778 0.25445 0.264387 0.172087 0.130588 0.121754 0.0264639 0.00689566 0.00837638 0.0272536 3.8045e-05
threshold=-0.12364761158823966 -0.043535482138395303 -0.23650398850440976 0.23616368323564532 -2.0235728025436397 -10.311710357666014 0.60343372821807872 -7.889899253845214 5.7447481155395517 -0.031965758651494973 1.3740627169609072 1.8954367041587832 -3.5163445472717281 -2.9353992938995357
decision_type=2 2 2 2 2 2 2 2 2 2 2 2 2 2
left_child=4 3 6 -2 10 -6 -3 -5 -7 -4 11 12 -1 -8
right_child=1 2 9 7 5 8 13 -9 -10 -11 -12 -13 -14 -15
leaf_value=0.050048898520435571 0.049511641122923944 0.050051381159838038 0.030474524363213591 0.050051840455967826 0.050050084382504856 -0.050171776636641408 -0.05222844163142331 -0.050167946191414618 0.05009539721439276 0.050144712560984878 0.050050240418383546 0.050063748428553705 -0.050054284442178736 -0.050101668293435944
leaf_weight=0.016371965408325195 0.21457481838297177 0.051536973565816879 0.22377775842323899 0.03459911979734942 0.082484939135611057 0.60103199214790981 0.023178895062301308 0.53675459607620679 0.031882621347904205 0.72490604780614309 0.08322884701192379 0.021331099793314934 0.011628891777945682 0.22659313966869377
leaf_count=1 13 3 10 2 5 916 3 728 1 28 5 1 24 340
internal_value=-0.000119517 0.00914267 0.0265489 -0.0185413 -0.0223577 -0.0341478 -0.0331347 -0.044099 -0.0451209 0.0455049 0.0412706 0.0264583 0.00847556 -0.050299
internal_weight=2.88388 2.03592 1.24999 0.785929 0.84796 0.7154 0.301309 0.571354 0.632915 0.948684 0.132561 0.049332 0.0280009 0.249772
internal_count=2080 1127 384 743 953 922 346 730 917 38 31 26 25 343
is_linear=0
shrinkage=0.05


Tree=133
num_leaves=15
num_cat=0
split_feature=11 29 8 2 18 9 17 24 0 17 2 19 28 18
split_gain=0.225708 0.372683 0.611893 0.548828 0.242009 0.251456 0.161867 0.124997 0.115797 0.0154772 0.051788 0.00655914 0.00796726 0.0259231
threshold=-0.12364761158823966 0.043042698875069625 0.4380458295345307 -0.23650398850440976 -2.0235728025436397 -10.311710357666014 0.60343372821807872 -7.889899253845214 5.7447481155395517 -0.36013802886009211 0.73725980520248424 1.3740627169609072 1.8954367041587832 -3.5163445472717281
decision_type=2 2 2 2 2 2 2 2 2 2 2 2 2 2
left_child=4 2 9 6 11 -6 -3 -4 -7 10 -2 12 13 -1
right_child=1 3 7 -5 5 8 -8 -9 -10 -11 -12 -13 -14 -15
leaf_value=0.050046511652935902 0.050051053012475304 0.050048872423691652 0.050049310404189584 0.050137448593005285 0.050047640976715768 -0.050163469573903142 -0.050296048735872061 -0.050253770804597489 0.050090735848384062 0.049479413715474208 -0.050052919468290082 0.050047789774959023 0.050060633264440907 -0.050051635993109446
leaf_weight=0.015574219636619091 0.045542726293206215 0.049025880172848701 0.032913323491811752 0.79021547455340602 0.078465837053954601 0.57181160635082084 0.22296216778340749 0.55182538615190424 0.030330440029501915 0.23340791225200508 0.018037104164250195 0.07917350996285677 0.020292000845074654 0.011062314675655216
leaf_count=1 3 3 2 31 5 916 321 716 1 12 39 5 1 24
internal_value=-0.000121146 0.00910551 -0.0149235 0.0290518 -0.0223546 -0.0341426 -0.0322089 -0.044608 -0.0451136 0.0435221 0.0216523 0.0412685 0.0264568 0.00847514
internal_weight=2.75064 1.94393 0.881726 1.0622 0.80671 0.680608 0.271988 0.584739 0.602142 0.296988 0.0635798 0.126102 0.0469285 0.0266365
internal_count=2080 1127 772 355 953 922 324 718 917 54 42 31 26 25
is_linear=0
shrinkage=0.05


Tree=134
num_leaves=15
num_cat=0
split_feature=11 29 8 2 18 9 17 24 0 17 2 19 28 18
split_gain=0.214657 0.354439 0.581733 0.521985 0.230179 0.23916 0.153936 0.118874 0.110132 0.0146542 0.0492597 0.00623906 0.00757816 0.0246576
threshold=-0.12364761158823966 0.043042698875069625 0.4380458295345307 -0.23650398850440976 -2.0235728025436397 -10.311710357666014 0.60343372821807872 -7.889899253845214 5.7447481155395517 -0.36013802886009211 0.73725980520248424 1.3740627169609072 1.8954367041587832 -3.5163445472717281
decision_type=2 2 2 2 2 2 2 2 2 2 2 2 2 2
left_child=4 2 9 6 11 -6 -3 -4 -7 10 -2 12 13 -1
right_child=1 3 7 -5 5 8 -8 -9 -10 -11 -12 -13 -14 -15
leaf_value=0.050044239251147274 0.05004855922653028 0.050046485224385401 0.05004690137551529 0.050130744996863444 0.050045315676168892 -0.050155560854543202 -0.050282230486838608 -0.050241734457306488 0.050086303339225459 0.049409186625581053 -0.050050337606329855 0.050045456567791725 0.050057673755090543 -0.050049116046536182
leaf_weight=0.014815310947597027 0.043323683552443981 0.046637027524411678 0.031309590674936771 0.75177418533712603 0.074642391875386238 0.544007630873239 0.21214499033521861 0.52503512892872095 0.028853695839643478 0.22233226092066605 0.017158287082565948 0.075315592810511589 0.019303459674119949 0.010523315548198298
leaf_count=1 3 3 2 31 5 916 321 716 1 12 39 5 1 24
internal_value=-0.000121187 0.00910245 -0.0149161 0.0290473 -0.0223517 -0.0341378 -0.0322012 -0.0445978 -0.0451066 0.0434729 0.0216512 0.0412665 0.0264554 0.00847474
internal_weight=2.61718 1.84972 0.839159 1.01056 0.767461 0.647504 0.258782 0.556345 0.572861 0.282814 0.060482 0.119958 0.0446421 0.0253386
internal_count=2080 1127 772 355 953 922 324 718 917 54 42 31 26 25
is_linear=0
shrinkage=0.05


Tree=135
num_leaves=15
num_cat=0
split_feature=11 29 8 2 18 9 17 24 0 17 2 19 28 18
split_gain=0.204148 0.337089 0.553045 0.496459 0.218928 0.227466 0.146395 0.113051 0.104746 0.0138688 0.046855 0.0059346 0.00720809 0.0234539
threshold=-0.12364761158823966 0.043042698875069625 0.4380458295345307 -0.23650398850440976 -2.0235728025436397 -10.311710357666014 0.60343372821807872 -7.889899253845214 5.7447481155395517 -0.36013802886009211 0.73725980520248424 1.3740627169609072 1.8954367041587832 -3.5163445472717281
decision_type=2 2 2 2 2 2 2 2 2 2 2 2 2 2
left_child=4 2 9 6 11 -6 -3 -4 -7 10 -2 12 13 -1
right_child=1 3 7 -5 5 8 -8 -9 -10 -11 -12 -13 -14 -15
leaf_value=0.050042077966255177 0.050046189121236498 0.05004421551763133 0.050044611904725728 0.050124368497882044 0.050043102709919213 -0.050148031844102631 -0.050269029333990002 -0.050230254126746116 0.05008208909241596 0.049332696732196479 -0.050047881152504206 0.050043234795695661 0.050054855798122258 -0.050046719234899617
leaf_weight=0.014093353413045406 0.041212664917111397 0.044364473782479763 0.029783931560814492 0.71519840322434902 0.071005100384354591 0.51755179822794195 0.20185021698125638 0.49954013276146714 0.027448736131191254 0.21180882077896945 0.016322248498909175 0.071645507588982582 0.018363026902079582 0.010010554746259004
leaf_count=1 3 3 2 31 5 916 321 716 1 12 39 5 1 24
internal_value=-0.000121244 0.00909929 -0.0149083 0.0290429 -0.022349 -0.0341331 -0.032194 -0.044588 -0.0451 0.0434194 0.0216502 0.0412645 0.0264541 0.00847436
internal_weight=2.4902 1.76008 0.798668 0.961413 0.730118 0.616006 0.246215 0.529324 0.545001 0.269344 0.0575349 0.114112 0.0424669 0.0241039
internal_count=2080 1127 772 355 953 922 324 718 917 54 42 31 26 25
is_linear=0
shrinkage=0.05


Tree=136
num_leaves=15
num_cat=0
split_feature=11 29 8 2 18 9 17 24 0 17 2 19 28 18
split_gain=0.194154 0.32059 0.525756 0.472185 0.208227 0.216345 0.139225 0.107515 0.0996229 0.0131191 0.0445678 0.00564501 0.00685611 0.0223091
threshold=-0.12364761158823966 0.043042698875069625 0.4380458295345307 -0.23650398850440976 -2.0235728025436397 -10.311710357666014 0.60343372821807872 -7.889899253845214 5.7447481155395517 -0.36013802886009211 0.73725980520248424 1.3740627169609072 1.8954367041587832 -3.5163445472717281
decision_type=2 2 2 2 2 2 2 2 2 2 2 2 2 2
left_child=4 2 9 6 11 -6 -3 -4 -7 10 -2 12 13 -1
right_child=1 3 7 -5 5 8 -8 -9 -10 -11 -12 -13 -14 -15
leaf_value=0.050040023835765661 0.05004393707658427 0.050042058132134019 0.050042434963186333 0.050118304592934496 0.050040999206433324 -0.050140864620760811 -0.050256420814371219 -0.050219305633564908 0.050078077195949977 0.049249308336147851 -0.050045545032876483 0.050041128084284459 0.050052173879660905 -0.050044439562333613
leaf_weight=0.013406548649072647 0.039204421453177929 0.042202566750347614 0.028332553803920857 0.68039801437407732 0.067544909194111824 0.49237909869407337 0.19205282279290259 0.47527825876022678 0.026112083345651627 0.20181150839198359 0.015526909497566521 0.068154113367199898 0.017468363046646118 0.009522757085505873
leaf_count=1 3 3 2 31 5 916 321 716 1 12 39 5 1 24
internal_value=-0.000121318 0.00909601 -0.0149001 0.0290388 -0.0223464 -0.0341287 -0.032187 -0.0445787 -0.0450937 0.0433611 0.0216492 0.0412627 0.0264528 0.008474
internal_weight=2.36939 1.67481 0.760154 0.914653 0.694588 0.586036 0.234255 0.503611 0.518491 0.256543 0.0547313 0.108552 0.0403977 0.0229293
internal_count=2080 1127 772 355 953 922 324 718 917 54 42 31 26 25
is_linear=0
shrinkage=0.05


Tree=137
num_leaves=15
num_cat=0
split_feature=11 29 8 2 18 9 17 24 0 17 2 19 28 18
split_gain=0.184648 0.3049 0.499795 0.4491 0.198051 0.205769 0.132408 0.102251 0.0947515 0.0124031 0.0423923 0.00536956 0.00652134 0.0212202
threshold=-0.12364761158823966 0.043042698875069625 0.4380458295345307 -0.23650398850440976 -2.0235728025436397 -10.311710357666014 0.60343372821807872 -7.889899253845214 5.7447481155395517 -0.36013802886009211 0.73725980520248424 1.3740627169609072 1.8954367041587832 -3.5163445472717281
decision_type=2 2 2 2 2 2 2 2 2 2 2 2 2 2
left_child=4 2 9 6 11 -6 -3 -4 -7 10 -2 12 13 -1
right_child=1 3 7 -5 5 8 -8 -9 -10 -11 -12 -13 -14 -15
leaf_value=0.050038072441259289 0.050041792694449375 0.050040004534828098 0.050040365488826725 0.050112534701603567 0.050038997637370013 -0.050134041732774137 -0.050244380441869324 -0.050208865146532736 0.050074264578958166 0.049158332797498226 -0.050043322567923987 0.050039118782201887 0.050049633938491489 -0.050042270983554508
leaf_weight=0.012753188610076904 0.037293955683708191 0.040145928971469402 0.026951846666634194 0.64728725049644709 0.064253210090100765 0.46842761918378562 0.18272897065617144 0.45219030606676813 0.024840425699949265 0.19231555372243725 0.014770292560569942 0.064832734875380993 0.016617244109511375 0.009058709314558655
leaf_count=1 3 3 2 31 5 916 321 716 1 12 39 5 1 24
internal_value=-0.00012141 0.0090926 -0.0148914 0.0290348 -0.0223439 -0.0341245 -0.0321804 -0.0445698 -0.0450877 0.0432974 0.0216483 0.041261 0.0264516 0.00847366
internal_weight=2.25447 1.59368 0.723522 0.870162 0.660783 0.557521 0.222875 0.479142 0.493268 0.24438 0.0520642 0.103262 0.0384291 0.0218119
internal_count=2080 1127 772 355 953 922 324 718 917 54 42 31 26 25
is_linear=0
shrinkage=0.05


Tree=138
num_leaves=15
num_cat=0
split_feature=11 29 8 2 18 9 17 24 0 17 2 19 28 18
split_gain=0.175608 0.289979 0.475097 0.427146 0.188374 0.195712 0.125926 0.0972456 0.0901188 0.0117193 0.0403231 0.00510755 0.00620293 0.0201845
threshold=-0.12364761158823966 0.043042698875069625 0.4380458295345307 -0.23650398850440976 -2.0235728025436397 -10.311710357666014 0.60343372821807872 -7.889899253845214 5.7447481155395517 -0.36013802886009211 0.73725980520248424 1.3740627169609072 1.8954367041587832 -3.5163445472717281
decision_type=2 2 2 2 2 2 2 2 2 2 2 2 2 2
left_child=4 2 9 6 11 -6 -3 -4 -7 10 -2 12 13 -1
right_child=1 3 7 -5 5 8 -8 -9 -10 -11 -12 -13 -14 -15
leaf_value=0.050036215314955501 0.050039753105987288 0.050038053339054825 0.050038394065541975 0.050107047261473359 0.05003709409510744 -0.050127547521122764 -0.050232884462326988 -0.050198909927207325 0.050070637584300498 0.049059029965451008 -0.050041208165326839 0.050037208748295398 0.050047209618716573 -0.050040207986506963
leaf_weight=0.012131647206842899 0.035476517863571644 0.038189440965652466 0.025638373568654171 0.61578440247103572 0.061121810227632523 0.44563840678893063 0.17385595079394989 0.43021987515385252 0.023630613461136818 0.1832973755081182 0.014050515572307631 0.061673099175095558 0.015807557851076126 0.0086172570881899446
leaf_count=1 3 3 2 31 5 916 321 716 1 12 39 5 1 24
internal_value=-0.000121522 0.00908903 -0.0148822 0.0290311 -0.0223415 -0.0341205 -0.0321741 -0.0445614 -0.0450819 0.043228 0.0216474 0.0412593 0.0264505 0.00847333
internal_weight=2.14513 1.51651 0.688683 0.82783 0.62862 0.530391 0.212045 0.455858 0.469269 0.232824 0.049527 0.0982296 0.0365565 0.0207489
internal_count=2080 1127 772 355 953 922 324 718 917 54 42 31 26 25
is_linear=0
shrinkage=0.05


Tree=139
num_leaves=15
num_cat=0
split_feature=11 29 8 2 18 9 17 24 0 17 2 19 28 18
split_gain=0.167009 0.275789 0.4516 0.406268 0.17917 0.186147 0.119762 0.092486 0.0857132 0.0140852 0.0353321 0.00485833 0.00590008 0.0191993
threshold=-0.12364761158823966 0.043042698875069625 0.4380458295345307 -0.23650398850440976 -2.0235728025436397 -10.311710357666014 0.60343372821807872 -7.889899253845214 5.7447481155395517 -0.48713460564613337 0.73725980520248424 1.3740627169609072 1.8954367041587832 -3.5163445472717281
decision_type=2 2 2 2 2 2 2 2 2 2 2 2 2 2
left_child=4 2 9 6 11 -6 -3 -4 -7 10 -2 12 13 -1
right_child=1 3 7 -5 5 8 -8 -9 -10 -11 -12 -13 -14 -15
leaf_value=0.050034447316865627 0.050042178191837539 0.050036195932820673 0.050036521458607652 0.050101826309370483 0.05003528404771565 -0.050121365875358495 -0.050221910313802201 -0.05018941930297724 0.050067186376090513 0.048996581309861953 -0.05003919738214279 0.050035393290407265 0.050044905397352304 -0.050038245789652491
leaf_weight=0.011540377512574196 0.025921598076820374 0.03632823470979929 0.024388864636421315 0.58581174444407225 0.058142914436757565 0.42395532887894694 0.16541212290758267 0.40931324052507978 0.022479644045233727 0.18256055394886039 0.013365787308430299 0.058667341247200966 0.015037288889288902 0.0081973018532153219
leaf_count=1 2 3 2 31 5 916 321 716 1 13 39 5 1 24
internal_value=-0.000121656 0.00908529 -0.0148725 0.0290275 -0.0223392 -0.0341167 -0.032168 -0.0445533 -0.0450765 0.0431521 0.0159939 0.0412578 0.0264494 0.00847302
internal_weight=2.04112 1.4431 0.65555 0.787552 0.59802 0.504578 0.20174 0.433702 0.446435 0.221848 0.0392874 0.0934423 0.034775 0.0197377
internal_count=2080 1127 772 355 953 922 324 718 917 54 41 31 26 25
is_linear=0
shrinkage=0.05


Tree=140
num_leaves=15
num_cat=0
split_feature=11 29 8 2 18 9 17 24 0 17 2 19 28 18
split_gain=0.158832 0.262293 0.429243 0.386413 0.170416 0.17705 0.1139 0.0879602 0.0815234 0.0133125 0.0336076 0.00462129 0.00561204 0.0182623
threshold=-0.12364761158823966 0.043042698875069625 0.4380458295345307 -0.23650398850440976 -2.0235728025436397 -10.311710357666014 0.60343372821807872 -7.889899253845214 5.7447481155395517 -0.48713460564613337 0.73725980520248424 1.3740627169609072 1.8954367041587832 -3.5163445472717281
decision_type=2 2 2 2 2 2 2 2 2 2 2 2 2 2
left_child=4 2 9 6 11 -6 -3 -4 -7 10 -2 12 13 -1
right_child=1 3 7 -5 5 8 -8 -9 -10 -11 -12 -13 -14 -15
leaf_value=0.050032763695784445 0.05004012391409627 0.05003442972233392 0.050034739621636487 0.050096859883124949 0.05003356250536637 -0.050115481993127299 -0.050211435431709764 -0.050180371945127082 0.050063906668563155 0.04888301243308911 -0.050037285551634905 0.050033665500943458 0.050042713357138113 -0.050036380356512755
leaf_weight=0.010977906174957752 0.024658375419676304 0.034557675011456013 0.023200211115181335 0.55729521671310067 0.055309105664491653 0.40332493728783458 0.15737687479122542 0.3894192271254725 0.021384665742516518 0.17405047506326787 0.012714403899735771 0.05580797977745533 0.014304522424936295 0.0077977981563890344
leaf_count=1 2 3 2 31 5 916 321 716 1 13 39 5 1 24
internal_value=-0.000121812 0.00908133 -0.0148621 0.0290241 -0.0223371 -0.0341131 -0.0321622 -0.0445456 -0.0450713 0.0430692 0.0159933 0.0412563 0.0264484 0.00847273
internal_weight=1.94218 1.37327 0.624043 0.74923 0.568907 0.480019 0.191935 0.412619 0.42471 0.211423 0.0373728 0.0888882 0.0330802 0.0187757
internal_count=2080 1127 772 355 953 922 324 718 917 54 41 31 26 25
is_linear=0
shrinkage=0.05


Tree=141
num_leaves=15
num_cat=0
split_feature=11 29 8 2 18 9 17 24 0 17 2 19 28 18
split_gain=0.151053 0.249459 0.40797 0.367529 0.162091 0.168399 0.108327 0.0836565 0.0775388 0.0125742 0.0319673 0.00439581 0.00533807 0.017371
threshold=-0.12364761158823966 0.043042698875069625 0.4380458295345307 -0.23650398850440976 -2.0235728025436397 -10.311710357666014 0.60343372821807872 -7.889899253845214 5.7447481155395517 -0.48713460564613337 0.73725980520248424 1.3740627169609072 1.8954367041587832 -3.5163445472717281
decision_type=2 2 2 2 2 2 2 2 2 2 2 2 2 2
left_child=4 2 9 6 11 -6 -3 -4 -7 10 -2 12 13 -1
right_child=1 3 7 -5 5 8 -8 -9 -10 -11 -12 -13 -14 -15
leaf_value=0.050031169439924528 0.050038163445713928 0.050032747366348419 0.050033044413622642 0.050092136739187915 0.050031925120240663 -0.050109881749340807 -0.050201439758970158 -0.050171748165371788 0.050060783535803788 0.048758945557785573 -0.050035466999830774 0.05003202392729092 0.050040623855942518 -0.050034604329844204
leaf_weight=0.010442832484841347 0.023456667549908161 0.03287335392087698 0.022069453261792549 0.53016433352604508 0.052613328211009502 0.38369634340051573 0.14973057003226131 0.37048909359145921 0.020342959091067314 0.16597281373105921 0.012094743549823761 0.053087892010807991 0.01360743585973978 0.0074177516798954448
leaf_count=1 2 3 2 31 5 916 321 716 1 13 39 5 1 24
internal_value=-0.000121992 0.00907713 -0.0148509 0.0290208 -0.022335 -0.0341096 -0.0321567 -0.0445383 -0.0450664 0.0429786 0.0159927 0.0412549 0.0264474 0.00847245
internal_weight=1.84806 1.30685 0.594083 0.712768 0.541209 0.456653 0.182604 0.392559 0.404039 0.201524 0.0355514 0.0845559 0.031468 0.0178606
internal_count=2080 1127 772 355 953 922 324 718 917 54 41 31 26 25
is_linear=0
shrinkage=0.05


Tree=142
num_leaves=15
num_cat=0
split_feature=11 29 8 2 18 9 17 24 0 17 2 19 28 18
split_gain=0.143655 0.237252 0.387727 0.349571 0.154173 0.160171 0.103027 0.079564 0.0737494 0.0118687 0.0304071 0.00418133 0.00507749 0.0165233
threshold=-0.12364761158823966 0.043042698875069625 0.4380458295345307 -0.23650398850440976 -2.0235728025436397 -10.311710357666014 0.60343372821807872 -7.889899253845214 5.7447481155395517 -0.48713460564613337 0.73725980520248424 1.3740627169609072 1.8954367041587832 -3.5163445472717281
decision_type=2 2 2 2 2 2 2 2 2 2 2 2 2 2
left_child=4 2 9 6 11 -6 -3 -4 -7 10 -2 12 13 -1
right_child=1 3 7 -5 5 8 -8 -9 -10 -11 -12 -13 -14 -15
leaf_value=0.050029649284352655 0.05003629963438444 0.050031150731147861 0.050031432589215885 0.050087643271857822 0.050030366828458329 -0.050104551649464826 -0.050191902743943209 -0.050163529207662844 0.050057818028268863 0.048623425578070929 -0.050033736333252837 0.050030460520392762 0.050038643543275932 -0.050032916618270688
leaf_weight=0.0099338237196207047 0.022313482128083706 0.031271074898540974 0.020993771962821373 0.50435201404616237 0.050048865377902985 0.36502110102446761 0.14245450592716224 0.35247641341993596 0.019351938739418983 0.1583074005320666 0.011505263915751129 0.050500302575528622 0.012944293208420277 0.0070562156470259643
leaf_count=1 2 3 2 31 5 916 321 716 1 13 39 5 1 24
internal_value=-0.000122199 0.00907267 -0.0148389 0.0290177 -0.0223331 -0.0341063 -0.0321515 -0.0445313 -0.0450617 0.0428795 0.0159921 0.0412535 0.0264465 0.00847218
internal_weight=1.75853 1.24367 0.565596 0.678078 0.514857 0.434422 0.173726 0.37347 0.384373 0.192126 0.0338187 0.0804346 0.0299343 0.01699
internal_count=2080 1127 772 355 953 922 324 718 917 54 41 31 26 25
is_linear=0
shrinkage=0.05


Tree=143
num_leaves=14
num_cat=0
split_feature=27 25 27 0 2 26 0 1 22 11 9 26 9
split_gain=0.13665 0.219947 0.171246 0.140002 0.135621 0.407568 0.0337652 0.0332591 0.0312894 0.0253472 0.0356669 0.00611678 4.10673e-08
threshold=-2.5007592439651485 -0.85159882903099049 0.37243475019931799 2.3648204803466801 -0.11305008083581923 0.1643348038196564 -1.7737817168235777 2.7020075321197514 1.1213568449020388 -0.12364761158823966 -2.4257373809814449 -0.053241426125168793 -2.8663491010665889
decision_type=2 2 2 2 2 2 2 2 2 2 2 2 2
left_child=8 2 6 4 7 -6 -2 -3 -1 10 -4 -11 -8
right_child=1 3 9 -5 5 -7 12 -9 -10 11 -12 -13 -14
leaf_value=0.0065289393031599946 0.050028377036249086 -0.05019740155007224 0.050028123969836739 0.0483982290075737 -0.040982394578762793 0.042159513256917656 -0.050154434390706173 0.050025314946581884 0.049234836987664177 0.031542940476884856 -0.050159958666548703 0.0497080869785749 -0.050031746739462014
leaf_weight=0.059534727653954289 0.0095094749704003334 0.34124958486063384 0.018338206224143505 0.074197980953613296 0.38133226448553614 0.24027877952903509 0.0075991760822944334 0.0084836436435580254 0.1534150600200519 0.057544957468053326 0.017229466611752287 0.2380686162650818 0.066588839952601009
leaf_count=19 1 808 2 10 847 27 6 1 17 28 32 22 260
internal_value=-0.000122435 -0.00557849 0.025225 -0.0178015 -0.0228583 -0.00884455 -0.0386743 -0.0477663 0.0372955 0.0413739 0.00149565 0.046172 -0.0500443
internal_weight=1.67337 1.46042 0.414879 1.04554 0.971344 0.621611 0.0836975 0.349733 0.21295 0.331181 0.0355677 0.295614 0.074188
internal_count=2080 2044 351 1693 1683 874 267 809 36 84 34 50 266
is_linear=0
shrinkage=0.05


Tree=144
num_leaves=15
num_cat=0
split_feature=11 29 8 2 18 9 17 24 0 17 2 19 28 18
split_gain=0.131828 0.220016 0.352064 0.317685 0.13995 0.1452 0.0933268 0.075047 0.0668491 0.00842894 0.0300761 0.00379906 0.00461023 0.0149797
threshold=-0.12364761158823966 0.043042698875069625 0.4380458295345307 -0.23650398850440976 -2.0235728025436397 -10.311710357666014 0.60343372821807872 -7.889899253845214 5.7447481155395517 -0.36013802886009211 0.73725980520248424 1.3740627169609072 1.8954367041587832 -3.5163445472717281
decision_type=2 2 2 2 2 2 2 2 2 2 2 2 2 2
left_child=4 2 9 6 11 -6 -3 -4 -7 10 -2 12 13 -1
right_child=1 3 7 -5 5 8 -8 -9 -10 -11 -12 -13 -14 -15
leaf_value=0.050026844020087814 0.050029475430164609 0.050028222079646523 0.050029703659988115 0.050080275154912125 0.050027498243775947 -0.050096855166467183 -0.050174120927094772 -0.050148517140547459 0.050052392558087688 0.048412180842460795 -0.050030801906896197 0.050027580417169516 0.0500349920132842 -0.050029849169554899
leaf_weight=0.008996116928756237 0.026337323244661093 0.028335265815258026 0.019840683788061031 0.46209955867379904 0.045325284358114004 0.33262705551169358 0.129164416808635 0.32377063146850571 0.017541214823722839 0.13823971943929769 0.010505572514375672 0.045727989636361599 0.011722704395651817 0.0064032158406917014
leaf_count=1 3 3 2 31 5 916 321 716 1 12 39 5 1 24
internal_value=-0.000121197 0.00906573 -0.0149596 0.0291784 -0.0224497 -0.0341803 -0.032147 -0.0443641 -0.04508 0.0427485 0.0214978 0.041234 0.0264081 0.00842215
internal_weight=1.60664 1.13829 0.518694 0.619599 0.468344 0.395494 0.1575 0.343611 0.350168 0.175083 0.0368429 0.07285 0.027122 0.0153993
internal_count=2080 1127 772 355 953 922 324 718 917 54 42 31 26 25
is_linear=0
shrinkage=0.05


Tree=145
num_leaves=15
num_cat=0
split_feature=11 29 8 2 18 9 17 24 0 17 2 19 28 18
split_gain=0.12537 0.20925 0.334552 0.302166 0.133115 0.138107 0.0887626 0.0713771 0.063583 0.0101933 0.0263326 0.00361371 0.00438521 0.0142487
threshold=-0.12364761158823966 0.043042698875069625 0.4380458295345307 -0.23650398850440976 -2.0235728025436397 -10.311710357666014 0.60343372821807872 -7.889899253845214 5.7447481155395517 -0.48713460564613337 0.73725980520248424 1.3740627169609072 1.8954367041587832 -3.5163445472717281
decision_type=2 2 2 2 2 2 2 2 2 2 2 2 2 2
left_child=4 2 9 6 11 -6 -3 -4 -7 10 -2 12 13 -1
right_child=1 3 7 -5 5 8 -8 -9 -10 -11 -12 -13 -14 -15
leaf_value=0.050025531520321104 0.050031265422712148 0.050026847072542568 0.050028252662041875 0.050076360001446885 0.050026155454389855 -0.050092154649314172 -0.050165842662123053 -0.050141389526576742 0.050049835218387899 0.048319765160242695 -0.050029299674391264 0.050026235027542748 0.050033285525665043 -0.050028392610966532
leaf_weight=0.0085575897246599197 0.019222696777433157 0.026954061351716518 0.018873575143515953 0.4395961994305253 0.043115871958434582 0.3164335837645923 0.12288475722016301 0.3080228279286531 0.01668655127286911 0.13777364074485354 0.0099935022590216249 0.043498948682099581 0.01115135196596384 0.0060911001346539715
leaf_count=1 2 3 2 31 5 916 321 716 1 13 39 5 1 24
internal_value=-0.000121462 0.00906071 -0.0149458 0.0291757 -0.022448 -0.0341774 -0.0321425 -0.044358 -0.0450759 0.0426311 0.0158052 0.0412329 0.0264073 0.00842192
internal_weight=1.52886 1.08332 0.493886 0.589435 0.445535 0.376236 0.149839 0.326896 0.33312 0.16699 0.0292162 0.069299 0.0258 0.0146487
internal_count=2080 1127 772 355 953 922 324 718 917 54 41 31 26 25
is_linear=0
shrinkage=0.05


Tree=146
num_leaves=15
num_cat=0
split_feature=11 29 8 2 18 9 17 24 0 17 2 19 28 18
split_gain=0.119227 0.199011 0.317884 0.287406 0.126614 0.131362 0.0844222 0.0678872 0.0604766 0.00743863 0.0272154 0.00343741 0.00417117 0.0135535
threshold=-0.12364761158823966 0.043042698875069625 0.4380458295345307 -0.23650398850440976 -2.0235728025436397 -10.311710357666014 0.60343372821807872 -7.889899253845214 5.7447481155395517 -0.36013802886009211 0.73725980520248424 1.3740627169609072 1.8954367041587832 -3.5163445472717281
decision_type=2 2 2 2 2 2 2 2 2 2 2 2 2 2
left_child=4 2 9 6 11 -6 -3 -4 -7 10 -2 12 13 -1
right_child=1 3 7 -5 5 8 -8 -9 -10 -11 -12 -13 -14 -15
leaf_value=0.050024282899375487 0.050026673010452362 0.050025536757728084 0.050026875874851086 0.050072636205645053 0.050024879332737193 -0.05008768082244193 -0.050157948174676906 -0.05013459851416905 0.050047406628593499 0.048061800779846398 -0.050027869344768952 0.05002495282421611 0.050031659152954037 -0.050027007307661103
leaf_weight=0.0081404289230704308 0.023841715883463621 0.025640151463449001 0.017953582108020671 0.41818715445697308 0.041014105547219515 0.3010271432431183 0.1169095309014665 0.29303906543646019 0.015873489901423454 0.12596400262555085 0.0095063782937359065 0.041378513444215059 0.010607830248773098 0.0057941901322919884
leaf_count=1 3 3 2 31 5 916 321 716 1 12 39 5 1 24
internal_value=-0.00012176 0.00905532 -0.0149308 0.0291731 -0.0224463 -0.0341746 -0.0321381 -0.0443523 -0.0450719 0.0425027 0.0215046 0.0412318 0.0264065 0.0084217
internal_weight=1.45488 1.03104 0.470305 0.560737 0.423836 0.357915 0.14255 0.310993 0.316901 0.159312 0.0333481 0.065921 0.0245424 0.0139346
internal_count=2080 1127 772 355 953 922 324 718 917 54 42 31 26 25
is_linear=0
shrinkage=0.05


Tree=147
num_leaves=15
num_cat=0
split_feature=11 29 8 2 18 9 17 24 0 17 2 19 28 18
split_gain=0.113384 0.189272 0.302021 0.273368 0.120431 0.124946 0.0802945 0.0645683 0.0575223 0.00697648 0.0258874 0.00326972 0.0039676 0.0128921
threshold=-0.12364761158823966 0.043042698875069625 0.4380458295345307 -0.23650398850440976 -2.0235728025436397 -10.311710357666014 0.60343372821807872 -7.889899253845214 5.7447481155395517 -0.36013802886009211 0.73725980520248424 1.3740627169609072 1.8954367041587832 -3.5163445472717281
decision_type=2 2 2 2 2 2 2 2 2 2 2 2 2 2
left_child=4 2 9 6 11 -6 -3 -4 -7 10 -2 12 13 -1
right_child=1 3 7 -5 5 8 -8 -9 -10 -11 -12 -13 -14 -15
leaf_value=0.050023103880681791 0.050025370662887959 0.050024288971014276 0.05002556194563005 0.050069093373755452 0.050023665748537463 -0.05008342348084191 -0.050150420448330214 -0.05012812891321157 0.050045088930132375 0.047862677446490906 -0.05002651114235012 0.050023736527945672 0.05003011103842947 -0.050025689724888259
leaf_weight=0.0077435937710106373 0.022679516579955816 0.024390258826315403 0.01707841269671917 0.3978193630464375 0.039014747366309166 0.28636960287985858 0.11122405747300945 0.2787824494735105 0.015100011602044106 0.12030684656929225 0.0090429861447773874 0.039361393079161644 0.010090784169733524 0.0055117456067819148
leaf_count=1 3 3 2 31 5 916 321 716 1 12 39 5 1 24
internal_value=-0.000122093 0.00904952 -0.0149146 0.0291707 -0.0224448 -0.034172 -0.032134 -0.0443468 -0.0450682 0.0423627 0.021504 0.0412307 0.0264058 0.00842149
internal_weight=1.38452 0.981324 0.44789 0.533434 0.403192 0.340484 0.135614 0.295861 0.30147 0.152029 0.0317225 0.0627075 0.0233461 0.0132553
internal_count=2080 1127 772 355 953 922 324 718 917 54 42 31 26 25
is_linear=0
shrinkage=0.05


Tree=148
num_leaves=15
num_cat=0
split_feature=11 29 8 2 18 9 17 24 0 17 2 19 28 18
split_gain=0.107825 0.18001 0.286921 0.260016 0.114551 0.118844 0.0763691 0.061412 0.0547125 0.00653389 0.0246242 0.0031102 0.00377396 0.0122631
threshold=-0.12364761158823966 0.043042698875069625 0.4380458295345307 -0.23650398850440976 -2.0235728025436397 -10.311710357666014 0.60343372821807872 -7.889899253845214 5.7447481155395517 -0.36013802886009211 0.73725980520248424 1.3740627169609072 1.8954367041587832 -3.5163445472717281
decision_type=2 2 2 2 2 2 2 2 2 2 2 2 2 2
left_child=4 2 9 6 11 -6 -3 -4 -7 10 -2 12 13 -1
right_child=1 3 7 -5 5 8 -8 -9 -10 -11 -12 -13 -14 -15
leaf_value=0.050021977332838252 0.050024132471585617 0.050023106175690037 0.050024313678524203 0.050065724853208621 0.050022510276299573 -0.050079372003947402 -0.050143244719533624 -0.05012196624702786 0.050042889284113747 0.047645798351672979 -0.050025217685932072 0.050022578177521308 0.050028641374284005 -0.050024436267532495
leaf_weight=0.0073660961352288723 0.021573944482952356 0.02320126723498106 0.016245883423835039 0.37844230327755213 0.037112811114639044 0.27242467502946965 0.1058143553964328 0.26521785366639961 0.014364191330969334 0.11494746478274465 0.0086021713505033404 0.037442560773342848 0.0095989257097244263 0.0052430626819841564
leaf_count=1 3 3 2 31 5 916 321 716 1 12 39 5 1 24
internal_value=-0.000122463 0.00904326 -0.0148971 0.0291684 -0.0224433 -0.0341695 -0.03213 -0.0443416 -0.0450646 0.0422099 0.0215035 0.0412297 0.0264051 0.00842129
internal_weight=1.3176 0.934045 0.426587 0.507458 0.383552 0.323902 0.129016 0.281464 0.286789 0.145124 0.0301761 0.0596506 0.0222081 0.0126092
internal_count=2080 1127 772 355 953 922 324 718 917 54 42 31 26 25
is_linear=0
shrinkage=0.05


Tree=149
num_leaves=15
num_cat=0
split_feature=11 29 8 2 18 9 17 24 0 24 22 19 28 18
split_gain=0.102538 0.171199 0.272547 0.247318 0.108958 0.11304 0.072636 0.0584103 0.0520402 0.00629831 0.0270929 0.00295847 0.00358979 0.0116647
threshold=-0.12364761158823966 0.043042698875069625 0.4380458295345307 -0.23650398850440976 -2.0235728025436397 -10.311710357666014 0.60343372821807872 -7.889899253845214 5.7447481155395517 0.46207317709922796 1.8559304475784304 1.3740627169609072 1.8954367041587832 -3.5163445472717281
decision_type=2 2 2 2 2 2 2 2 2 2 2 2 2 2
left_child=4 2 9 6 11 -6 -3 -4 -7 10 -2 12 13 -1
right_child=1 3 7 -5 5 8 -8 -9 -10 -11 -12 -13 -14 -15
leaf_value=0.050020903936585252 -0.050063538113499666 0.05002197575069417 0.050023129511490697 0.050062518566217906 0.050021411667984544 -0.050075516291315195 -0.050136403103654761 -0.050116095938091812 0.05004079589029517 0.048221759743722205 0.05001962923843585 0.050021477388606489 0.05002724295945913 -0.050023243809193298
leaf_weight=0.0070069939829409122 0.0091806325071956962 0.022070213686674833 0.015453919302672148 0.36000792868435383 0.035303553566336632 0.25915781735966448 0.10066711749823298 0.25231183257710654 0.013664198108017445 0.10372974818164948 0.025666926987469196 0.035617229528725147 0.0091310292482376099 0.0049874713586177677
leaf_count=1 33 3 2 31 5 916 321 716 1 17 4 5 1 24
internal_value=-0.000122875 0.0090365 -0.014878 0.0291661 -0.0224419 -0.0341671 -0.0321263 -0.0443366 -0.0450612 0.0420434 0.0236526 0.0412288 0.0264044 0.00842111
internal_weight=1.25396 0.889088 0.406343 0.482745 0.364868 0.308126 0.122737 0.267766 0.272822 0.138577 0.0348476 0.0567427 0.0211255 0.0119945
internal_count=2080 1127 772 355 953 922 324 718 917 54 37 31 26 25
is_linear=0
shrinkage=0.05


Tree=150
num_leaves=15
num_cat=0
split_feature=11 29 8 2 18 9 17 24 0 8 11 19 28 18
split_gain=0.0975153 0.162825 0.258987 0.235241 0.103638 0.10752 0.0690858 0.0555557 0.0494985 0.00616471 0.0312161 0.00281415 0.0034146 0.0110956
threshold=-0.12364761158823966 0.043042698875069625 0.4380458295345307 -0.23650398850440976 -2.0235728025436397 -10.311710357666014 0.60343372821807872 -7.889899253845214 5.7447481155395517 0.23616368323564532 1.0743560194969179 1.3740627169609072 1.8954367041587832 -3.5163445472717281
decision_type=2 2 2 2 2 2 2 2 2 2 2 2 2 2
left_child=4 2 9 6 11 -6 -3 -4 -7 -2 -11 12 13 -1
right_child=1 3 7 -5 5 8 -8 -9 -10 10 -12 -13 -14 -15
leaf_value=0.050019882883798696 0.049427168358493367 0.050020906130771758 0.050022000886810837 0.050059469190692034 0.050020367373984881 -0.050071847511673095 -0.050129882479294369 -0.050110504325420462 0.050038805431810829 -0.050054702598159057 0.050098335322257083 0.050020429208824768 0.050025915555170955 -0.050022110666138681
leaf_weight=0.006665391381829977 0.089132523105945438 0.020994274411350489 0.014700545929372311 0.34247046615928411 0.033582462929189205 0.24653614917770028 0.095769666964770295 0.24003254486888181 0.012998291291296482 0.010193558089667931 0.03286207839846611 0.033880848903208971 0.0086859287694096565 0.0047443342773476616
leaf_count=1 13 3 2 31 5 916 321 716 1 40 1 5 1 24
internal_value=-0.000123168 0.00903142 -0.0148638 0.029164 -0.0224405 -0.0341648 -0.0321227 -0.0443319 -0.045058 0.0419226 0.0263868 0.0412279 0.0264038 0.00842093
internal_weight=1.19325 0.846156 0.386921 0.459234 0.347093 0.293117 0.116764 0.254733 0.259534 0.132188 0.0430556 0.0539765 0.0200957 0.0114097
internal_count=2080 1127 772 355 953 922 324 718 917 54 41 31 26 25
is_linear=0
shrinkage=0.05


Tree=151
num_leaves=15
num_cat=0
split_feature=11 29 8 2 18 9 17 24 0 13 13 19 28 18
split_gain=0.0927493 0.154869 0.246266 0.223754 0.0985781 0.10227 0.0657095 0.0528408 0.0470812 0.00586341 0.0269869 0.00267686 0.00324797 0.0105542
threshold=-0.12364761158823966 0.043042698875069625 0.4380458295345307 -0.23650398850440976 -2.0235728025436397 -10.311710357666014 0.60343372821807872 -7.889899253845214 5.7447481155395517 -0.59833121299743641 0.98793414235115062 1.3740627169609072 1.8954367041587832 -3.5163445472717281
decision_type=2 2 2 2 2 2 2 2 2 2 2 2 2 2
left_child=4 2 9 6 11 -6 -3 -4 -7 -2 -11 12 13 -1
right_child=1 3 7 -5 5 8 -8 -9 -10 10 -12 -13 -14 -15
leaf_value=0.050018915270376919 0.04885528914658447 0.050019884859943076 0.0500209289573251 0.050056569491461859 0.050019374101508265 -0.050068356214189196 -0.050123666960978419 -0.050105179235989505 0.050036910755430812 -0.050056284062289569 0.04938575533822312 0.050019433204930554 0.050024656758194397 -0.050021031707852326
leaf_weight=0.0063404361717402935 0.088809364387998357 0.019970769062638283 0.013983884360641241 0.32578638102859259 0.031945244874805212 0.23452837908553192 0.091109936300199479 0.22834967465314548 0.012364814057946205 0.0090184208092978224 0.028021952821291052 0.032229085918515921 0.0082625141367316246 0.0045130452781450003
leaf_count=1 14 3 2 31 5 916 321 716 1 35 5 5 1 24
internal_value=-0.000123233 0.00902946 -0.0148588 0.029162 -0.0224392 -0.0341627 -0.0321192 -0.0443274 -0.0450549 0.0418854 0.0251741 0.041227 0.0264032 0.00842076
internal_weight=1.13523 0.80505 0.368183 0.436867 0.330184 0.278838 0.111081 0.242334 0.246893 0.12585 0.0370404 0.0513451 0.019116 0.0108535
internal_count=2080 1127 772 355 953 922 324 718 917 54 40 31 26 25
is_linear=0
shrinkage=0.05


Tree=152
num_leaves=15
num_cat=0
split_feature=11 29 8 2 18 9 17 24 0 17 15 19 28 18
split_gain=0.0882107 0.147298 0.234077 0.212828 0.0937656 0.0972768 0.0624984 0.0502588 0.0447821 0.00571014 0.020865 0.00254628 0.00308948 0.0100393
threshold=-0.12364761158823966 0.043042698875069625 0.4380458295345307 -0.23650398850440976 -2.0235728025436397 -10.311710357666014 0.60343372821807872 -7.889899253845214 5.7447481155395517 -0.36013802886009211 3.412197589874268 1.3740627169609072 1.8954367041587832 -3.5163445472717281
decision_type=2 2 2 2 2 2 2 2 2 2 2 2 2 2
left_child=4 2 9 6 11 -6 -3 -4 -7 10 -2 12 13 -1
right_child=1 3 7 -5 5 8 -8 -9 -10 -11 -12 -13 -14 -15
leaf_value=0.050017989281622557 -0.050022224893619405 0.05001891359440809 0.05001990818291055 0.050053810406053459 0.050018428578300814 -0.050065034004608759 -0.050117743456849377 -0.050100107762005533 0.050035108130901097 0.047409769624908775 0.050019826861873284 0.050018485758119506 0.050023449751051843 -0.050020006129244558
leaf_weight=0.0060313181020319462 0.0073838637326844028 0.018997142557054758 0.013302146922796965 0.30991424317471683 0.030387816950678825 0.2231047263921937 0.086676437553251162 0.21723436348838732 0.011762187816202641 0.094853479065932333 0.017718127928674221 0.030657821334898472 0.0078597310930490494 0.0042930272902594879
leaf_count=1 39 3 2 31 5 916 321 716 1 12 3 5 1 24
internal_value=-0.000123443 0.00902565 -0.0148483 0.0291601 -0.022438 -0.0341606 -0.032116 -0.0443231 -0.045052 0.0417979 0.020592 0.0412262 0.0264027 0.0084206
internal_weight=1.08018 0.76608 0.350492 0.415588 0.314097 0.265255 0.105674 0.230537 0.234867 0.119955 0.025102 0.0488419 0.0181841 0.0103243
internal_count=2080 1127 772 355 953 922 324 718 917 54 42 31 26 25
is_linear=0
shrinkage=0.05


Tree=153
num_leaves=15
num_cat=0
split_feature=11 29 8 2 18 9 17 24 0 23 2 19 28 18
split_gain=0.0838843 0.14009 0.222331 0.202437 0.0891883 0.0925274 0.0594446 0.0478032 0.0425954 0.00612847 0.0190466 0.00242207 0.00293872 0.00954949
threshold=-0.12364761158823966 0.043042698875069625 0.4380458295345307 -0.23650398850440976 -2.0235728025436397 -10.311710357666014 0.60343372821807872 -7.889899253845214 5.7447481155395517 -0.82105267047882069 0.73725980520248424 1.3740627169609072 1.8954367041587832 -3.5163445472717281
decision_type=2 2 2 2 2 2 2 2 2 2 2 2 2 2
left_child=4 2 9 6 11 -6 -3 -4 -7 10 -2 12 13 -1
right_child=1 3 7 -5 5 8 -8 -9 -10 -11 -12 -13 -14 -15
leaf_value=0.050017113499299728 0.050022426902223339 0.050017992840122406 0.05001893390799772 0.050051186124797586 0.050017529378481085 -0.050061872749238151 -0.050112098666319674 -0.050095278080022898 0.050033398526698081 0.047218664101688283 -0.050021140779378942 0.05001758337099621 0.050022303437481812 -0.050019029287310703
leaf_weight=0.005737265106290578 0.014744170941412449 0.01807096553966403 0.012653633486479521 0.29481461318209767 0.0289062918163836 0.21223684422875522 0.082458230623160489 0.20665913813718362 0.011188912205398083 0.092814689676743001 0.007023896832833997 0.029163134284317493 0.0074765742756426326 0.0040837315755197787
leaf_count=1 2 3 2 31 5 916 321 716 1 13 39 5 1 24
internal_value=-0.000123903 0.00901843 -0.0148278 0.0291583 -0.0224369 -0.0341587 -0.0321129 -0.044319 -0.0450492 0.0416187 0.0177414 0.0412254 0.0264021 0.00842044
internal_weight=1.02803 0.729239 0.333896 0.395344 0.298793 0.252332 0.100529 0.219313 0.223426 0.114583 0.0217681 0.0464607 0.0172976 0.009821
internal_count=2080 1127 772 355 953 922 324 718 917 54 41 31 26 25
is_linear=0
shrinkage=0.05


Tree=154
num_leaves=15
num_cat=0
split_feature=11 29 8 2 18 9 17 24 0 23 2 19 28 18
split_gain=0.0797686 0.133233 0.211148 0.192554 0.0848346 0.0880102 0.0565402 0.0454678 0.0405156 0.00572889 0.0181173 0.00230392 0.00279533 0.0090836
threshold=-0.12364761158823966 0.043042698875069625 0.4380458295345307 -0.23650398850440976 -2.0235728025436397 -10.311710357666014 0.60343372821807872 -7.889899253845214 5.7447481155395517 -0.82105267047882069 0.73725980520248424 1.3740627169609072 1.8954367041587832 -3.5163445472717281
decision_type=2 2 2 2 2 2 2 2 2 2 2 2 2 2
left_child=4 2 9 6 11 -6 -3 -4 -7 10 -2 12 13 -1
right_child=1 3 7 -5 5 8 -8 -9 -10 -11 -12 -13 -14 -15
leaf_value=0.050016279881529957 0.050021336823628838 0.050017113597715539 0.050018012532168692 0.050048689088720844 0.050016674202175884 -0.050058864226541683 -0.050106720798413384 -0.050090679178422304 0.050031767251437237 0.046946776626929448 -0.050020109453641354 0.050016724584010366 0.050021217051444182 -0.050018101600807732
leaf_weight=0.0054575442336499682 0.014025387819856405 0.017189928330481052 0.012036724947392941 0.28044997435063124 0.027496973983943462 0.20189775776816532 0.078444902654155158 0.19659784703253536 0.010643560439348221 0.088786733918823302 0.0066814716119552022 0.027741295285522938 0.0071120881475508204 0.0038846359093440705
leaf_count=1 2 3 2 31 5 916 321 716 1 13 39 5 1 24
internal_value=-0.00012441 0.0090106 -0.0148055 0.0291565 -0.0224358 -0.0341568 -0.0321099 -0.0443151 -0.0450466 0.0414235 0.017741 0.0412247 0.0264016 0.0084203
internal_weight=0.978447 0.694213 0.318128 0.376085 0.284234 0.240038 0.0956348 0.208635 0.212541 0.109494 0.0207069 0.0441956 0.0164543 0.00934218
internal_count=2080 1127 772 355 953 922 324 718 917 54 41 31 26 25
is_linear=0
shrinkage=0.05


Tree=155
num_leaves=15
num_cat=0
split_feature=11 29 8 2 18 9 17 24 0 16 5 19 28 18
split_gain=0.0758531 0.12671 0.2005 0.183153 0.0806937 0.0837137 0.053778 0.0432467 0.0385374 0.00695221 0.018814 0.00219153 0.00265893 0.00864044
threshold=-0.12364761158823966 0.043042698875069625 0.4380458295345307 -0.23650398850440976 -2.0235728025436397 -10.311710357666014 0.60343372821807872 -7.889899253845214 5.7447481155395517 -0.5476458966732024 0.071044020354747786 1.3740627169609072 1.8954367041587832 -3.5163445472717281
decision_type=2 2 2 2 2 2 2 2 2 2 2 2 2 2
left_child=4 2 9 6 11 -6 -3 -4 -7 -2 -11 12 13 -1
right_child=1 3 7 -5 5 8 -8 -9 -10 10 -12 -13 -14 -15
leaf_value=0.050015486292446391 0.047613003565974497 0.050016279232417964 0.05001713407066203 0.050046314939321601 0.05001586068828609 -0.050056001921511065 -0.050101595387944786 -0.050086299892474033 0.050030216918838855 0.050013747317333185 -0.050068509592173571 0.050015908932332022 0.05002018445389525 -0.050017219353449709
leaf_weight=0.0051914569921791545 0.083954305686347652 0.016351832076907158 0.011449882760643959 0.26678460324183106 0.026156345382332802 0.19206179374305066 0.074626539884775411 0.18702559559460497 0.010124773718416691 0.013527983101084828 0.0071923656796570859 0.02638875599950552 0.0067653637379407874 0.0036952435330022135
leaf_count=1 18 3 2 31 5 916 321 716 1 3 33 5 1 24
internal_value=-0.000124968 0.00900209 -0.0147813 0.0291549 -0.0224347 -0.0341551 -0.0321071 -0.0443114 -0.045044 0.0412114 0.0152736 0.041224 0.0264011 0.00842016
internal_weight=0.931297 0.660913 0.30315 0.357763 0.270384 0.228343 0.0909784 0.198475 0.202187 0.104675 0.0207203 0.0420408 0.0156521 0.0088867
internal_count=2080 1127 772 355 953 922 324 718 917 54 36 31 26 25
is_linear=0
shrinkage=0.05


Tree=156
num_leaves=15
num_cat=0
split_feature=11 29 8 2 18 9 17 24 0 10 4 19 28 18
split_gain=0.0721342 0.120511 0.19046 0.174212 0.076755 0.0796272 0.051151 0.0411343 0.0366559 0.00553504 0.0255858 0.00208463 0.00252919 0.00821891
threshold=-0.12364761158823966 0.043042698875069625 0.4380458295345307 -0.23650398850440976 -2.0235728025436397 -10.311710357666014 0.60343372821807872 -7.889899253845214 5.7447481155395517 -0.50002634525299061 1.1584733724594118 1.3740627169609072 1.8954367041587832 -3.5163445472717281
decision_type=2 2 2 2 2 2 2 2 2 2 2 2 2 2
left_child=4 2 9 6 11 -6 -3 -4 -7 -2 -11 12 13 -1
right_child=1 3 7 -5 5 8 -8 -9 -10 10 -12 -13 -14 -15
leaf_value=0.050014728897284845 0.049424740603042819 0.050015485035928654 0.050016297824351297 0.050044056756752456 0.050015085622156431 -0.05005327844881069 -0.050096713656863315 -0.050082129929861101 0.050028743451371142 -0.050059140749528754 0.050020608923709346 0.050015133628659093 0.050019196524502346 -0.050016378285121524
leaf_weight=0.0049383393488824376 0.066322803555522114 0.015554584562778473 0.010891642887145281 0.25378453033044934 0.0248810607008636 0.18270451934222365 0.070993703928252216 0.17791868812491884 0.0096312593668699265 0.0085693737710244022 0.025068165734410286 0.025102140847593546 0.006435536779463292 0.0035150819603586561
leaf_count=1 12 3 2 31 5 916 321 716 1 38 4 5 1 24
internal_value=-0.000125408 0.0089953 -0.0147621 0.0291533 -0.0224337 -0.0341534 -0.0321044 -0.0443079 -0.0450416 0.0410456 0.0245247 0.0412233 0.0264007 0.00842003
internal_weight=0.886311 0.629103 0.288771 0.340333 0.257208 0.217217 0.0865483 0.18881 0.192336 0.0999603 0.0336375 0.0399911 0.014889 0.00845342
internal_count=2080 1127 772 355 953 922 324 718 917 54 42 31 26 25
is_linear=0
shrinkage=0.05


Tree=157
num_leaves=15
num_cat=0
split_feature=11 29 8 2 18 9 17 24 0 24 22 19 28 18
split_gain=0.0686098 0.114625 0.181109 0.165708 0.0730087 0.0757403 0.0486524 0.0391251 0.0348664 0.00527987 0.0201945 0.00198294 0.00240579 0.00781795
threshold=-0.12364761158823966 0.043042698875069625 0.4380458295345307 -0.23650398850440976 -2.0235728025436397 -10.311710357666014 0.60343372821807872 -7.889899253845214 5.7447481155395517 0.46207317709922796 1.8559304475784304 1.3740627169609072 1.8954367041587832 -3.5163445472717281
decision_type=2 2 2 2 2 2 2 2 2 2 2 2 2 2
left_child=4 2 9 6 11 -6 -3 -4 -7 10 -2 12 13 -1
right_child=1 3 7 -5 5 8 -8 -9 -10 -11 -12 -13 -14 -15
leaf_value=0.0500140117915042 -0.050060865739318908 0.050014728750697381 0.050015499402334455 0.050041908228311408 0.050014349303852769 -0.050050687242385795 -0.050092062527399429 -0.050078160043550105 0.050027339554825884 0.047941413017086328 0.050013301910587719 0.050014393076125811 0.050018263513356288 -0.05001558051318189
leaf_weight=0.0046975594013929376 0.0070992831169860429 0.014796196017414331 0.010360612068325281 0.24141741683706641 0.023667936911806464 0.17380268588749459 0.06753741207649 0.16925457035540603 0.0091617880389094353 0.070679039985407144 0.017388900741934776 0.023878239095211029 0.0061217835173010835 0.0033437014208175233
leaf_count=1 33 3 2 31 5 916 321 716 1 17 4 5 1 24
internal_value=-0.000125485 0.00899347 -0.0147573 0.0291518 -0.0224328 -0.0341518 -0.0321018 -0.0443045 -0.0450394 0.0410092 0.0210012 0.0412227 0.0264002 0.0084199
internal_weight=0.843207 0.598533 0.274782 0.323751 0.244674 0.206632 0.0823336 0.179615 0.182964 0.0951672 0.0244882 0.0380413 0.014163 0.00804126
internal_count=2080 1127 772 355 953 922 324 718 917 54 37 31 26 25
is_linear=0
shrinkage=0.05


Tree=158
num_leaves=15
num_cat=0
split_feature=11 29 8 2 18 9 17 24 0 8 11 19 28 18
split_gain=0.0652491 0.10902 0.172085 0.157619 0.0694454 0.0720433 0.0462761 0.0372143 0.0331643 0.00515919 0.0233483 0.00188621 0.00228841 0.00743655
threshold=-0.12364761158823966 0.043042698875069625 0.4380458295345307 -0.23650398850440976 -2.0235728025436397 -10.311710357666014 0.60343372821807872 -7.889899253845214 5.7447481155395517 0.23616368323564532 1.0743560194969179 1.3740627169609072 1.8954367041587832 -3.5163445472717281
decision_type=2 2 2 2 2 2 2 2 2 2 2 2 2 2
left_child=4 2 9 6 11 -6 -3 -4 -7 -2 -11 12 13 -1
right_child=1 3 7 -5 5 8 -8 -9 -10 10 -12 -13 -14 -15
leaf_value=0.050013323168045389 0.049299162622125907 0.050014013073196244 0.050014746427588977 0.050039864299683684 0.050013649385894865 -0.050048221490397428 -0.050087632537652221 -0.050074380410542234 0.050026004868840929 -0.05005191031381389 0.050066880484447199 0.050013692667411416 0.050017372372824845 -0.050014819561825123
leaf_weight=0.0044685164466500282 0.060561976017197594 0.014074773993343115 0.0098554641008377075 0.22965249372646213 0.022513945121318102 0.16533416859601857 0.064249112925608642 0.16101177360542351 0.0087151890620589256 0.0078716036514379084 0.022377759218215942 0.022713994607329369 0.0058233216404914856 0.0031806743354536593
leaf_count=1 13 3 2 31 5 916 321 716 1 40 1 5 1 24
internal_value=-0.000125839 0.00898796 -0.0147417 0.0291504 -0.0224318 -0.0341503 -0.0320994 -0.0443013 -0.0450372 0.0408765 0.0240136 0.0412221 0.0263998 0.00841978
internal_weight=0.802405 0.569655 0.261679 0.307976 0.23275 0.196563 0.0783239 0.170867 0.174049 0.0908113 0.0302494 0.0361865 0.0134725 0.00764919
internal_count=2080 1127 772 355 953 922 324 718 917 54 41 31 26 25
is_linear=0
shrinkage=0.05


Tree=159
num_leaves=15
num_cat=0
split_feature=11 29 8 2 18 9 17 24 0 23 15 19 28 18
split_gain=0.0620608 0.103695 0.16363 0.149926 0.0660562 0.0685269 0.044016 0.0353969 0.0315454 0.00494846 0.0148308 0.0017942 0.00217676 0.00707377
threshold=-0.12364761158823966 0.043042698875069625 0.4380458295345307 -0.23650398850440976 -2.0235728025436397 -10.311710357666014 0.60343372821807872 -7.889899253845214 5.7447481155395517 -0.82105267047882069 3.412197589874268 1.3740627169609072 1.8954367041587832 -3.5163445472717281
decision_type=2 2 2 2 2 2 2 2 2 2 2 2 2 2
left_child=4 2 9 6 11 -6 -3 -4 -7 10 -2 12 13 -1
right_child=1 3 7 -5 5 8 -8 -9 -10 -11 -12 -13 -14 -15
leaf_value=0.050012675040434433 -0.050017976900361187 0.050013329682752954 0.050014024567599895 0.050037919198673633 0.050012982445315907 -0.05004587513279142 -0.050083412432914767 -0.050070782075763688 0.050024736864685115 0.046659075123703958 0.050016703850394077 0.050013025972534764 0.050016522659067281 -0.050014096115248347
leaf_weight=0.0042506381869316101 0.0055912302341312161 0.013388517312705517 0.0093749389052391052 0.21846048533916473 0.021416205214336514 0.15727791335666552 0.061120666359784082 0.15316986612742767 0.0082903485745191574 0.06989416346186772 0.010983727872371674 0.021606500493362546 0.005539406556636095 0.0030255936580942944
leaf_count=1 39 3 2 31 5 916 321 716 1 13 2 5 1 24
internal_value=-0.000125937 0.00898593 -0.0147363 0.029149 -0.022431 -0.0341488 -0.0320971 -0.0442983 -0.0450351 0.0408343 0.016272 0.0412215 0.0263994 0.00841967
internal_weight=0.76339 0.541984 0.249014 0.29297 0.221407 0.186984 0.0745092 0.162545 0.165568 0.0864691 0.016575 0.0344221 0.0128156 0.00727623
internal_count=2080 1127 772 355 953 922 324 718 917 54 41 31 26 25
is_linear=0
shrinkage=0.05


Tree=160
num_leaves=15
num_cat=0
split_feature=11 29 8 2 18 9 17 24 0 10 4 19 28 18
split_gain=0.0590136 0.0986192 0.155362 0.142608 0.0628324 0.0651823 0.0418664 0.0336683 0.0300056 0.00493732 0.0218491 0.00170668 0.00207056 0.00672869
threshold=-0.12364761158823966 0.043042698875069625 0.4380458295345307 -0.23650398850440976 -2.0235728025436397 -10.311710357666014 0.60343372821807872 -7.889899253845214 5.7447481155395517 -0.50002634525299061 1.1584733724594118 1.3740627169609072 1.8954367041587832 -3.5163445472717281
decision_type=2 2 2 2 2 2 2 2 2 2 2 2 2 2
left_child=4 2 9 6 11 -6 -3 -4 -7 -2 -11 12 13 -1
right_child=1 3 7 -5 5 8 -8 -9 -10 10 -12 -13 -14 -15
leaf_value=0.050012057913906331 0.049358477218689717 0.050012678367348511 0.050013341403266687 0.050036069762638018 0.050012350713540557 -0.050043643310540446 -0.050079393533192379 -0.050067356331972929 0.050023524540683498 -0.050054497200299877 0.050016956580730847 0.0500123886374918 0.050015716964892147 -0.050013409748773302
leaf_weight=0.0040433807298541069 0.054657699241943192 0.012735713273286819 0.0089178369380533695 0.20781352906487882 0.020371975610032678 0.14961388351366622 0.058144324175373185 0.14570940155681456 0.007886209525167942 0.0074157365670544087 0.020623947260901332 0.020552993984892964 0.0052693290635943413 0.0028780722423107363
leaf_count=1 12 3 2 31 5 916 321 716 1 38 4 5 1 24
internal_value=-0.000126554 0.0089768 -0.0147102 0.0291477 -0.0224302 -0.0341474 -0.0320949 -0.0442954 -0.0450332 0.040608 0.0235508 0.0412209 0.026399 0.00841956
internal_weight=0.726634 0.516018 0.237325 0.278694 0.210616 0.177872 0.07088 0.154627 0.1575 0.0826974 0.0280397 0.0327438 0.0121908 0.00692145
internal_count=2080 1127 772 355 953 922 324 718 917 54 42 31 26 25
is_linear=0
shrinkage=0.05


Tree=161
num_leaves=15
num_cat=0
split_feature=11 29 8 2 18 9 17 24 0 13 13 19 28 18
split_gain=0.0561304 0.0938031 0.147733 0.135648 0.0597661 0.062001 0.039822 0.0320243 0.028541 0.00469097 0.0187325 0.00162344 0.00196954 0.00640044
threshold=-0.12364761158823966 0.043042698875069625 0.4380458295345307 -0.23650398850440976 -2.0235728025436397 -10.311710357666014 0.60343372821807872 -7.889899253845214 5.7447481155395517 -0.59833121299743641 0.98793414235115062 1.3740627169609072 1.8954367041587832 -3.5163445472717281
decision_type=2 2 2 2 2 2 2 2 2 2 2 2 2 2
left_child=4 2 9 6 11 -6 -3 -4 -7 -2 -11 12 13 -1
right_child=1 3 7 -5 5 8 -8 -9 -10 10 -12 -13 -14 -15
leaf_value=0.050011468320997565 0.048602957416163453 0.050012060760475499 0.050012691345912443 0.050034311715345128 0.050011749274774968 -0.05004151936808289 -0.050075566571714816 -0.050064095229657483 0.050022380631246949 -0.05005445789703148 0.049321203869692999 0.050011783937905341 0.05001495250731508 -0.050012755254532297
leaf_weight=0.0038462269585579634 0.054932565661147237 0.012114731129258871 0.0084830159321427345 0.19768511643633246 0.019378650235012174 0.14232301629817812 0.055312712895101868 0.13861187098518712 0.0075017623603343955 0.0065375520644010967 0.017267515097046271 0.01955084316432476 0.0050124158151447773 0.002737741895543877
leaf_count=1 14 3 2 31 5 916 321 716 1 35 5 5 1 24
internal_value=-0.000126645 0.00897492 -0.0147052 0.0291465 -0.0224294 -0.0341461 -0.0320928 -0.0442926 -0.0450313 0.040569 0.0220298 0.0412204 0.0263987 0.00841946
internal_weight=0.691296 0.490945 0.225833 0.265113 0.200351 0.169203 0.0674274 0.147095 0.149825 0.0787376 0.0238051 0.0311472 0.0115964 0.00658397
internal_count=2080 1127 772 355 953 922 324 718 917 54 40 31 26 25
is_linear=0
shrinkage=0.05


Tree=162
num_leaves=15
num_cat=0
split_feature=11 29 8 2 18 9 17 24 0 8 11 19 28 18
split_gain=0.0533838 0.089219 0.140412 0.129028 0.0568495 0.0589751 0.0378775 0.0304607 0.027148 0.00455465 0.0198548 0.00154425 0.00187345 0.00608822
threshold=-0.12364761158823966 0.043042698875069625 0.4380458295345307 -0.23650398850440976 -2.0235728025436397 -10.311710357666014 0.60343372821807872 -7.889899253845214 5.7447481155395517 0.23616368323564532 1.0743560194969179 1.3740627169609072 1.8954367041587832 -3.5163445472717281
decision_type=2 2 2 2 2 2 2 2 2 2 2 2 2 2
left_child=4 2 9 6 11 -6 -3 -4 -7 -2 -11 12 13 -1
right_child=1 3 7 -5 5 8 -8 -9 -10 10 -12 -13 -14 -15
leaf_value=0.05001090752031432 0.049225958358431257 0.050011471797930064 0.050012072327198891 0.050032638319668032 0.050011175619181607 -0.050039498688579667 -0.050071920859721446 -0.050060990916009622 0.050021289371790456 -0.050047735246068106 0.050055047488816964 0.050011209896495573 0.050014224666312924 -0.050012133244326573
leaf_weight=0.0036586842034012079 0.049871178693138063 0.011524020927026868 0.0080693920608609915 0.18805002886801958 0.018433748511597514 0.13538716988114174 0.052618814210291021 0.13185966021410422 0.0071360487490892402 0.0067745545675279564 0.018427662551403046 0.018597545335069299 0.004768025130033493 0.0026042522367788479
leaf_count=1 13 3 2 31 5 916 321 716 1 40 1 5 1 24
internal_value=-0.000126914 0.00897075 -0.0146936 0.0291453 -0.0224286 -0.0341449 -0.0320908 -0.04429 -0.0450295 0.0404711 0.0231466 0.0412199 0.0263983 0.00841936
internal_weight=0.657781 0.467195 0.215002 0.252193 0.190585 0.160957 0.0641428 0.139929 0.142523 0.0750734 0.0252022 0.0296285 0.011031 0.00626294
internal_count=2080 1127 772 355 953 922 324 718 917 54 41 31 26 25
is_linear=0
shrinkage=0.05


Tree=163
num_leaves=15
num_cat=0
split_feature=11 29 8 2 18 9 17 24 0 24 5 19 28 18
split_gain=0.0507754 0.0848619 0.13351 0.122731 0.0540754 0.056097 0.036028 0.0289734 0.025823 0.00434636 0.0157549 0.00146892 0.00178205 0.00579122
threshold=-0.12364761158823966 0.043042698875069625 0.4380458295345307 -0.23650398850440976 -2.0235728025436397 -10.311710357666014 0.60343372821807872 -7.889899253845214 5.7447481155395517 0.46207317709922796 0.071044020354747786 1.3740627169609072 1.8954367041587832 -3.5163445472717281
decision_type=2 2 2 2 2 2 2 2 2 2 2 2 2 2
left_child=4 2 9 6 11 -6 -3 -4 -7 10 -2 12 13 -1
right_child=1 3 7 -5 5 8 -8 -9 -10 -11 -12 -13 -14 -15
leaf_value=0.050010379519090431 0.050009916075263484 0.050010910776246524 0.050011483907372048 0.050031046056537437 0.050010630463072261 -0.050037575933283687 -0.050068449782126281 -0.050058035927351863 0.050020250446984216 0.047739779479756023 -0.050050884765294006 0.050010661866450534 0.050013526674591295 -0.050011541577428792
leaf_weight=0.003480284009128809 0.012963374610990286 0.010962107451632619 0.007675931090489029 0.1788842692039907 0.017534910002723336 0.12878908358834451 0.050055946812790353 0.12543600639037322 0.0067881569266319266 0.052878568792948499 0.0056478764381608917 0.017690720967948437 0.0045355474576354027 0.0024772699543973431
leaf_count=1 4 3 2 31 5 916 321 716 1 17 33 5 1 24
internal_value=-0.000127028 0.00896865 -0.0146879 0.0291442 -0.0224279 -0.0341437 -0.0320888 -0.0442875 -0.0450278 0.0404257 0.0196449 0.0412194 0.026398 0.00841927
internal_weight=0.6258 0.444504 0.204602 0.239902 0.181296 0.153112 0.0610181 0.133112 0.135577 0.0714898 0.0186113 0.0281838 0.0104931 0.00595755
internal_count=2080 1127 772 355 953 922 324 718 917 54 37 31 26 25
is_linear=0
shrinkage=0.05


Tree=164
num_leaves=15
num_cat=0
split_feature=11 29 8 2 18 9 17 24 0 10 4 19 28 18
split_gain=0.048288 0.0807128 0.126851 0.116741 0.0514367 0.0533594 0.034269 0.0275589 0.0245627 0.00423243 0.0183566 0.00139727 0.00169511 0.00550872
threshold=-0.12364761158823966 0.043042698875069625 0.4380458295345307 -0.23650398850440976 -2.0235728025436397 -10.311710357666014 0.60343372821807872 -7.889899253845214 5.7447481155395517 -0.50002634525299061 1.1584733724594118 1.3740627169609072 1.8954367041587832 -3.5163445472717281
decision_type=2 2 2 2 2 2 2 2 2 2 2 2 2 2
left_child=4 2 9 6 11 -6 -3 -4 -7 -2 -11 12 13 -1
right_child=1 3 7 -5 5 8 -8 -9 -10 10 -12 -13 -14 -15
leaf_value=0.050009874224587497 0.049230962244769444 0.050010378209132067 0.05001092302720133 0.050029533157611362 0.050010112425828174 -0.050035746967926342 -0.050065144474901624 -0.050055223224816536 0.050019261872906888 -0.050044514789870903 0.050013932314077282 0.050010142348315724 0.050012865474720648 -0.050010978107286198
leaf_weight=0.0033105812035501003 0.045004173378401902 0.010427587432786822 0.0073016514070332042 0.17016499931924045 0.016679890919476748 0.12251233088318259 0.047617754120437894 0.11932495557994116 0.0064572189003229133 0.0062831210307194843 0.016948024276643991 0.01682810508646071 0.0043144016526639462 0.0023564779039588757
leaf_count=1 12 3 2 31 5 916 321 716 1 38 4 5 1 24
internal_value=-0.000127424 0.00896277 -0.0146713 0.0291432 -0.0224273 -0.0341426 -0.032087 -0.0442851 -0.0450262 0.0402841 0.022952 0.041219 0.0263977 0.00841918
internal_weight=0.595531 0.423072 0.194862 0.22821 0.172459 0.145649 0.0580453 0.126627 0.12897 0.0682353 0.0232311 0.0268096 0.00998146 0.00566706
internal_count=2080 1127 772 355 953 922 324 718 917 54 42 31 26 25
is_linear=0
shrinkage=0.05


Tree=165
num_leaves=15
num_cat=0
split_feature=11 29 8 2 18 9 17 24 0 8 11 19 28 18
split_gain=0.0459287 0.0767715 0.120616 0.111044 0.0489268 0.0507555 0.0325959 0.0262135 0.0233639 0.00405759 0.0174158 0.00132912 0.00161242 0.00524001
threshold=-0.12364761158823966 0.043042698875069625 0.4380458295345307 -0.23650398850440976 -2.0235728025436397 -10.311710357666014 0.60343372821807872 -7.889899253845214 5.7447481155395517 0.23616368323564532 1.0743560194969179 1.3740627169609072 1.8954367041587832 -3.5163445472717281
decision_type=2 2 2 2 2 2 2 2 2 2 2 2 2 2
left_child=4 2 9 6 11 -6 -3 -4 -7 -2 -11 12 13 -1
right_child=1 3 7 -5 5 8 -8 -9 -10 10 -12 -13 -14 -15
leaf_value=0.05000939336528866 0.049145264289455919 0.05000987270153158 0.050010391804198077 0.050028091555509857 0.050009619005496456 -0.050034006733777316 -0.050061997450782783 -0.050052545875757963 0.050018323483852462 -0.050040864034019299 0.050047523432209362 0.050009647009623896 0.050012237117542435 -0.050010442429191518
leaf_weight=0.0031491518020629883 0.043085889599751681 0.0099191258195787668 0.0069456177297979585 0.1618704991415143 0.015866555739194155 0.11654128534064512 0.045298184064449742 0.11351132747222437 0.0061424090526998034 0.0059793974287458687 0.015912864357233047 0.016007543308660388 0.0041040359064936638 0.0022415745188482106
leaf_count=1 13 3 2 31 5 916 321 716 1 40 1 5 1 24
internal_value=-0.000127541 0.00896069 -0.0146656 0.0291422 -0.0224266 -0.0341415 -0.0320853 -0.0442829 -0.0450247 0.040239 0.0227105 0.0412186 0.0263974 0.0084191
internal_weight=0.566575 0.402523 0.185435 0.217088 0.164053 0.13855 0.0552173 0.120457 0.122684 0.0649782 0.0218923 0.0255023 0.00949476 0.00539073
internal_count=2080 1127 772 355 953 922 324 718 917 54 41 31 26 25
is_linear=0
shrinkage=0.05


Tree=166
num_leaves=15
num_cat=0
split_feature=11 29 8 2 18 9 17 24 0 23 2 19 28 18
split_gain=0.0436845 0.0730225 0.114684 0.105625 0.0465394 0.0482787 0.0310046 0.0249338 0.0222237 0.00388957 0.011007 0.00126429 0.00153376 0.0049844
threshold=-0.12364761158823966 0.043042698875069625 0.4380458295345307 -0.23650398850440976 -2.0235728025436397 -10.311710357666014 0.60343372821807872 -7.889899253845214 5.7447481155395517 -0.82105267047882069 0.73725980520248424 1.3740627169609072 1.8954367041587832 -3.5163445472717281
decision_type=2 2 2 2 2 2 2 2 2 2 2 2 2 2
left_child=4 2 9 6 11 -6 -3 -4 -7 10 -2 12 13 -1
right_child=1 3 7 -5 5 8 -8 -9 -10 -11 -12 -13 -14 -15
leaf_value=0.050008930533258944 0.050011837231984102 0.050009390508491673 0.050009883144190449 0.050026721753616027 0.050009148703035945 -0.050032350945748129 -0.050059000898904686 -0.050049997976222199 0.050017425611200844 0.046350392294081728 -0.050014471059801349 0.050009176688989534 0.050011641755265679 -0.050009933550796783
leaf_weight=0.002995592774823308 0.0077870951499789953 0.0094354529865086079 0.0066069413442164651 0.15398009121417999 0.015092873014509678 0.11086107619485119 0.043091479914437514 0.10798067296491354 0.0058429422788321963 0.049843454034999013 0.0042521011273493059 0.0152269855607301 0.0039039251860231161 0.0021322727989172563
leaf_count=1 2 3 2 31 5 916 321 716 1 13 39 5 1 24
internal_value=-0.000127672 0.00895846 -0.0146596 0.0291412 -0.022426 -0.0341405 -0.0320836 -0.0442807 -0.0450232 0.0401897 0.0146837 0.0412182 0.0263971 0.00841901
internal_weight=0.539033 0.382977 0.17647 0.206507 0.156056 0.131797 0.0525269 0.114588 0.116704 0.0618827 0.0120392 0.0242588 0.00903179 0.00512787
internal_count=2080 1127 772 355 953 922 324 718 917 54 41 31 26 25
is_linear=0
shrinkage=0.05


Tree=167
num_leaves=13
num_cat=0
split_feature=24 26 2 21 29 11 23 11 15 2 11 27
split_gain=0.0415889 0.0528457 0.118599 0.0554512 0.0422068 0.0345025 0.0336723 0.0460381 0.0217802 0.0119684 0.0103103 2.71372e-08
threshold=-3.0456655025482173 -0.13815788924694059 -0.11305008083581923 3.236412882804871 -0.082544967532157884 0.82145199179649364 0.19984738528728488 -0.4804555475711822 3.412197589874268 -0.078884039074182496 0.10639176890254022 -3.0440939664840694
decision_type=2 2 2 2 2 2 2 2 2 2 2 2
left_child=-1 3 6 9 5 -4 7 -3 -8 -2 -6 -11
right_child=1 2 4 -5 10 -7 8 -9 -10 11 -12 -13
leaf_value=0.047386153697348159 0.05000919237123716 -0.050026966301165078 0.050010796248562778 0.048877248494185982 0.017951784156156992 -0.050035077059953893 -0.047058239118482274 0.050021302715772265 0.050009145339903464 -0.050164525805373478 0.050030158139063211 -0.050020168430592107
leaf_weight=0.042260640417225659 0.0030825005378574124 0.019607240221375832 0.01319400779902935 0.017662673024460673 0.031480737990932539 0.024845930864103138 0.10474431561669917 0.027803320437669754 0.0061165099032223216 0.0033694296143949023 0.12259702850133181 0.09633877596934326
leaf_count=18 1 190 4 7 33 100 771 5 2 2 22 925
internal_value=-0.000128351 -0.00439303 0.00542832 -0.0329626 0.0318313 -0.0153345 -0.0266209 0.00864507 -0.0417028 -0.0470252 0.043476 -0.050025
internal_weight=0.513103 0.470842 0.350389 0.120453 0.192118 0.0380399 0.158271 0.0474106 0.110861 0.102791 0.154078 0.0997082
internal_count=2080 2062 1127 935 159 104 968 195 773 928 55 927
is_linear=0
shrinkage=0.05


Tree=168
num_leaves=15
num_cat=0
split_feature=11 29 8 2 6 9 17 24 8 20 2 0 5 27
split_gain=0.040188 0.0664188 0.103635 0.0951661 0.0423238 0.0395383 0.0289034 0.0226163 0.00856679 0.00407405 0.00932534 1.81249e-07 1.63399e-07 2.36766e-08
threshold=-0.12364761158823966 0.043042698875069625 0.4380458295345307 -0.23650398850440976 -3.2493797540664668 2.792439460754395 0.60343372821807872 -7.889899253845214 0.79457256197929393 -0.8523026406764983 0.73725980520248424 -2.9353992938995357 0.20228038728237155 -3.0440939664840694
decision_type=2 2 2 2 2 2 2 2 2 2 2 2 2 2
left_child=4 2 9 6 -1 8 -3 -4 13 10 -2 -8 -9 -6
right_child=1 3 7 -5 5 -7 11 12 -10 -11 -12 -13 -14 -15
leaf_value=0.04065225371925512 0.050009950955041883 0.050008855695256149 0.050008965161637643 0.05002417476454557 -0.050156475659842659 0.026816969888052364 -0.05036803200304113 -0.050208514451457603 0.050006524680658672 0.046096510437897496 -0.050013093045635421 -0.050016746174624538 -0.050019808023286982 -0.050018262558829497
leaf_weight=0.022345447796396911 0.0059091191506013274 0.0088497619144618511 0.0059940149076282969 0.13991837378125638 0.0032056020572781554 0.02167701069265604 0.0041021791039383962 0.013272171607241035 0.0021892504300922147 0.046611012949142605 0.0038475388682854827 0.035009662926313467 0.084545569363399409 0.092796816268673865
leaf_count=9 2 3 2 31 2 9 3 18 1 13 39 318 698 932
internal_value=-0.00012817 0.0090223 -0.0146329 0.0291898 -0.0225233 -0.0343003 -0.0315903 -0.0442683 -0.0477927 0.0399465 0.0105659 -0.0500536 -0.0500454 -0.0500229
internal_weight=0.490274 0.348059 0.160179 0.18788 0.142214 0.119869 0.0479616 0.103812 0.0981917 0.0563677 0.00975666 0.0391118 0.0978177 0.0960024
internal_count=2080 1127 772 355 953 944 324 718 935 54 41 321 716 934
is_linear=0
shrinkage=0.05


Tree=169
num_leaves=15
num_cat=0
split_feature=11 29 8 2 18 9 17 24 0 20 2 19 28 18
split_gain=0.0380032 0.063167 0.0983723 0.0905225 0.0408353 0.0421724 0.0274925 0.0215124 0.0195672 0.00380172 0.00887044 0.00108863 0.00131763 0.00430929
threshold=-0.12364761158823966 0.043042698875069625 0.4380458295345307 -0.23650398850440976 -2.0235728025436397 -10.311710357666014 0.60343372821807872 -7.889899253845214 5.7447481155395517 -0.8523026406764983 0.73725980520248424 1.3740627169609072 1.8954367041587832 -3.5163445472717281
decision_type=2 2 2 2 2 2 2 2 2 2 2 2 2 2
left_child=4 2 9 6 11 -6 -3 -4 -7 10 -2 12 13 -1
right_child=1 3 7 -5 5 8 -8 -9 -10 -11 -12 -13 -14 -15
leaf_value=0.05000776075786733 0.050009467967329836 0.050008424604485714 0.050008528405195388 0.050022996169432482 0.050008021663108741 -0.050029476266983675 -0.050050975267202868 -0.050043200446084769 0.050015352428234197 0.04573369411610255 -0.050012454971467106 0.050008087267964178 0.050010114887534624 -0.050008564108235835
leaf_weight=0.0026025883853435516 0.005620980984531343 0.0084182247519493103 0.0057017318904399863 0.1330975336022675 0.013197773601859808 0.09681660517162527 0.037206229608273134 0.093051122126780683 0.0051472457125782958 0.044680794060695916 0.0036599377381207887 0.013408838771283627 0.0033917920663952827 0.001837232535763178
leaf_count=1 2 3 2 31 5 916 321 716 1 13 39 5 1 24
internal_value=-0.000130501 0.00901152 -0.0146022 0.029189 -0.0223442 -0.0340934 -0.0315889 -0.0442665 -0.0449791 0.0396851 0.0105657 0.0413572 0.0265458 0.00862023
internal_weight=0.467839 0.331437 0.152715 0.178722 0.136402 0.115162 0.0456245 0.0987529 0.101964 0.0539617 0.00928092 0.0212405 0.00783161 0.00443982
internal_count=2080 1127 772 355 953 922 324 718 917 54 41 31 26 25
is_linear=0
shrinkage=0.05


Tree=170
num_leaves=15
num_cat=0
split_feature=11 29 8 2 18 9 17 24 0 24 22 19 28 18
split_gain=0.0361343 0.0600736 0.0933608 0.0861056 0.0388429 0.0401147 0.0261506 0.0204624 0.0186123 0.00375304 0.0122099 0.00103553 0.00125335 0.00409909
threshold=-0.12364761158823966 0.043042698875069625 0.4380458295345307 -0.23650398850440976 -2.0235728025436397 -10.311710357666014 0.60343372821807872 -7.889899253845214 5.7447481155395517 0.46207317709922796 1.8559304475784304 1.3740627169609072 1.8954367041587832 -3.5163445472717281
decision_type=2 2 2 2 2 2 2 2 2 2 2 2 2 2
left_child=4 2 9 6 11 -6 -3 -4 -7 10 -2 12 13 -1
right_child=1 3 7 -5 5 8 -8 -9 -10 -11 -12 -13 -14 -15
leaf_value=0.050007378007517145 -0.050052253227513555 0.050008013275514046 0.050008111318097792 0.050021874308686536 0.050007633544602609 -0.050028041127826474 -0.050048507387651389 -0.05004110343043288 0.050014603381469118 0.047538338353917464 0.05000709510570063 0.05000769136367076 0.050009619480609037 -0.050008146840431547
leaf_weight=0.0024756770581006995 0.0045435270221787514 0.0080077273305505514 0.0054236992727965108 0.1266090563731268 0.012554206186905503 0.092097379438200733 0.035393361489695963 0.088516581432486419 0.0048962831497192374 0.037876247777603567 0.009267965448088944 0.012754980241879821 0.0032264033798128366 0.0017476438661105931
leaf_count=1 33 3 2 31 5 916 321 716 1 17 4 5 1 24
internal_value=-0.000131305 0.00899978 -0.0145687 0.0291882 -0.0223437 -0.0340925 -0.0315876 -0.0442647 -0.0449778 0.0394025 0.0170909 0.0413569 0.0265455 0.00862016
internal_weight=0.445391 0.315638 0.145628 0.17001 0.129753 0.109548 0.0434011 0.0939403 0.0969937 0.0516877 0.0138115 0.0202047 0.00744972 0.00422332
internal_count=2080 1127 772 355 953 922 324 718 917 54 37 31 26 25
is_linear=0
shrinkage=0.05


Tree=171
num_leaves=15
num_cat=0
split_feature=11 29 8 2 18 9 17 24 0 13 13 19 28 18
split_gain=0.0343638 0.0571369 0.0886999 0.0819043 0.0369478 0.0381573 0.0248742 0.0194637 0.0177041 0.0036741 0.0128331 0.000985023 0.00119221 0.00389915
threshold=-0.12364761158823966 0.043042698875069625 0.4380458295345307 -0.23650398850440976 -2.0235728025436397 -10.311710357666014 0.60343372821807872 -7.889899253845214 5.7447481155395517 -0.59833121299743641 0.98793414235115062 1.3740627169609072 1.8954367041587832 -3.5163445472717281
decision_type=2 2 2 2 2 2 2 2 2 2 2 2 2 2
left_child=4 2 9 6 11 -6 -3 -4 -7 -2 -11 12 13 -1
right_child=1 3 7 -5 5 8 -8 -9 -10 10 -12 -13 -14 -15
leaf_value=0.05000702460547625 0.048418015609681161 0.050007623224884723 0.050007714806235629 0.050020807091636303 0.05000726010612936 -0.050026675260996439 -0.050046158478829567 -0.050039107801674976 0.050013887194775924 -0.050047475966310678 0.049256562096738392 0.050007317095211556 0.050009152917738921 -0.050007749636004219
leaf_weight=0.0023549532052129498 0.034006232519459445 0.0076172437984496346 0.0051592220552265635 0.12043676257599145 0.011942017008550465 0.087608068784902571 0.033668747357296525 0.084202850230212789 0.0046575535088777533 0.0046830313112877784 0.010657294311386067 0.012133001117035747 0.0030690778512507677 0.001662423150264658
leaf_count=1 14 3 2 31 5 916 321 716 1 35 5 5 1 24
internal_value=-0.00013174 0.00899347 -0.014551 0.0291874 -0.0223432 -0.0340917 -0.0315863 -0.044263 -0.0449766 0.0392547 0.0189414 0.0413566 0.0265453 0.00862009
internal_weight=0.423858 0.300431 0.138709 0.161723 0.123427 0.104208 0.041286 0.0893621 0.0922656 0.0493466 0.0153403 0.0192195 0.00708645 0.00401738
internal_count=2080 1127 772 355 953 922 324 718 917 54 40 31 26 25
is_linear=0
shrinkage=0.05


Tree=172
num_leaves=15
num_cat=0
split_feature=11 29 8 2 18 9 17 24 0 8 11 19 28 18
split_gain=0.0326822 0.0543453 0.0843014 0.077908 0.0351451 0.0362956 0.0236602 0.0185137 0.0168402 0.00351991 0.0135699 0.000936978 0.00113405 0.00370896
threshold=-0.12364761158823966 0.043042698875069625 0.4380458295345307 -0.23650398850440976 -2.0235728025436397 -10.311710357666014 0.60343372821807872 -7.889899253845214 5.7447481155395517 0.23616368323564532 1.0743560194969179 1.3740627169609072 1.8954367041587832 -3.5163445472717281
decision_type=2 2 2 2 2 2 2 2 2 2 2 2 2 2
left_child=4 2 9 6 11 -6 -3 -4 -7 -2 -11 12 13 -1
right_child=1 3 7 -5 5 8 -8 -9 -10 10 -12 -13 -14 -15
leaf_value=0.050006677944488709 0.04906650327694511 0.050007252461154519 0.050007341725203686 0.050019792897157557 0.050006906207780713 -0.05002537616204903 -0.050043922427879611 -0.050037208902783549 0.050013211634930124 -0.05004163664782834 0.050034023243655967 0.050006959895042884 0.050008704962369699 -0.050007371280708181
leaf_weight=0.0022401157766580573 0.030842857522657141 0.0072457990609109393 0.0049076396971940986 0.11456525872927159 0.011359676369465888 0.083337482345086755 0.032028098237788072 0.08009919182950398 0.0044304602779448024 0.0048196920906775622 0.01139817014336586 0.011541348183527589 0.0029194226954132318 0.0015813574609637726
leaf_count=1 13 3 2 31 5 916 321 716 1 40 1 5 1 24
internal_value=-0.00013205 0.00898895 -0.0145385 0.0291867 -0.0223428 -0.0340909 -0.0315851 -0.0442614 -0.0449755 0.0391507 0.0202931 0.0413563 0.0265451 0.00862003
internal_weight=0.403317 0.285907 0.132068 0.153839 0.11741 0.0991276 0.0392739 0.0850068 0.0877679 0.0470607 0.0162179 0.0182822 0.0067409 0.00382147
internal_count=2080 1127 772 355 953 922 324 718 917 54 41 31 26 25
is_linear=0
shrinkage=0.05


Tree=173
num_leaves=15
num_cat=0
split_feature=11 29 8 2 18 9 17 24 0 19 8 19 28 18
split_gain=0.0310852 0.051692 0.080155 0.0741069 0.0334304 0.0345247 0.0225054 0.0176102 0.0160185 0.00336966 0.0125955 0.000891277 0.00107873 0.00352804
threshold=-0.12364761158823966 0.043042698875069625 0.4380458295345307 -0.23650398850440976 -2.0235728025436397 -10.311710357666014 0.60343372821807872 -7.889899253845214 5.7447481155395517 -1.0925839543342588 0.23616368323564532 1.3740627169609072 1.8954367041587832 -3.5163445472717281
decision_type=2 2 2 2 2 2 2 2 2 2 2 2 2 2
left_child=4 2 9 6 11 -6 -3 -4 -7 -2 -11 12 13 -1
right_child=1 3 7 -5 5 8 -8 -9 -10 10 -12 -13 -14 -15
leaf_value=0.050006353767711655 0.049759678847847461 0.050006896281240235 0.05000698243950305 0.050018827937103993 0.050006568052681145 -0.050024140081586344 -0.050041794000035916 -0.050035401040241317 0.050012568456642439 0.047541238286784568 -0.050040128847961989 0.050006620012206474 0.050008279257536738 -0.050007012250367848
leaf_weight=0.0021308776922523967 0.027932977944146842 0.0068924648221582166 0.0046683240216225377 0.10897989524528384 0.010805729543790221 0.079274974974396173 0.030467332595435437 0.076195391513465438 0.0042144372127950183 0.012376836908515543 0.0045126148179406292 0.010978542501106858 0.0027770637534558773 0.0015042442937556189
leaf_count=1 8 3 2 31 5 916 321 716 1 7 39 5 1 24
internal_value=-0.000132198 0.00898662 -0.0145321 0.029186 -0.0223423 -0.0340901 -0.0315839 -0.0442599 -0.0449744 0.0390995 0.0214689 0.041356 0.0265449 0.00861998
internal_weight=0.383712 0.272026 0.125686 0.14634 0.111686 0.0942951 0.0373598 0.0808637 0.0834894 0.0448224 0.0168895 0.0173907 0.00641219 0.00363512
internal_count=2080 1127 772 355 953 922 324 718 917 54 46 31 26 25
is_linear=0
shrinkage=0.05


Tree=174
num_leaves=15
num_cat=0
split_feature=11 29 8 2 18 9 17 24 0 20 2 19 28 18
split_gain=0.0295656 0.0491676 0.0762019 0.0704912 0.0317995 0.0328402 0.0214071 0.0167508 0.015237 0.00324009 0.00720591 0.000847805 0.00102611 0.00335596
threshold=-0.12364761158823966 0.043042698875069625 0.4380458295345307 -0.23650398850440976 -2.0235728025436397 -10.311710357666014 0.60343372821807872 -7.889899253845214 5.7447481155395517 -0.8523026406764983 0.73725980520248424 1.3740627169609072 1.8954367041587832 -3.5163445472717281
decision_type=2 2 2 2 2 2 2 2 2 2 2 2 2 2
left_child=4 2 9 6 11 -6 -3 -4 -7 10 -2 12 13 -1
right_child=1 3 7 -5 5 8 -8 -9 -10 -11 -12 -13 -14 -15
leaf_value=0.050006047726357597 0.050007410728495405 0.050006560877029829 0.050006643051228698 0.050017909792411677 0.050006247865722969 -0.050022964176526456 -0.050039767475227481 -0.050033681124116727 0.050011952409187849 0.045360219892758763 -0.050011150319362069 0.050006296664819573 0.050007875174021534 -0.050006669373178894
leaf_weight=0.0020269656088203183 0.0043993125436827532 0.0065563584212213746 0.0044406766537576905 0.1036667381413281 0.010278792004100978 0.075410416684462689 0.028982567302591633 0.072481726969272131 0.0040089446119964114 0.035261080192867666 0.0030487999320030212 0.010443178471177816 0.0026416454929858446 0.001430890984920552
leaf_count=1 2 3 2 31 5 916 321 716 1 13 39 5 1 24
internal_value=-0.000132398 0.00898357 -0.0145237 0.0291854 -0.0223419 -0.0340894 -0.0315828 -0.0442584 -0.0449734 0.0390308 0.00906595 0.0413557 0.0265447 0.00861992
internal_weight=0.365078 0.258837 0.119632 0.139206 0.106241 0.0896982 0.0355389 0.0769224 0.0794194 0.0427092 0.00744811 0.0165427 0.0060995 0.00345786
internal_count=2080 1127 772 355 953 922 324 718 917 54 41 31 26 25
is_linear=0
shrinkage=0.05


Tree=175
num_leaves=15
num_cat=0
split_feature=11 29 8 2 18 9 17 24 0 10 4 19 28 18
split_gain=0.0281108 0.0467594 0.07231 0.0670521 0.0302481 0.031238 0.0203624 0.0159333 0.0144935 0.00326262 0.0121619 0.000806453 0.00097606 0.00319226
threshold=-0.12364761158823966 0.043042698875069625 0.4380458295345307 -0.23650398850440976 -2.0235728025436397 -10.311710357666014 0.60343372821807872 -7.889899253845214 5.7447481155395517 -0.50002634525299061 1.1584733724594118 1.3740627169609072 1.8954367041587832 -3.5163445472717281
decision_type=2 2 2 2 2 2 2 2 2 2 2 2 2 2
left_child=4 2 9 6 11 -6 -3 -4 -7 -2 -11 12 13 -1
right_child=1 3 7 -5 5 8 -8 -9 -10 10 -12 -13 -14 -15
leaf_value=0.050005747949142657 0.049092224425111228 0.050006240161774018 0.050006319417466305 0.050017035677708169 0.050005943075959562 -0.050021845464430427 -0.050037839181465385 -0.050032044823743294 0.050011371458304234 -0.05004172859977684 0.050008180135866824 0.050005989567132314 0.050007491298121536 -0.050006344145261318
leaf_weight=0.0019281205022707573 0.026600968751154142 0.0062366399215534321 0.0042241287883371106 0.098612531321123242 0.0097775475587695837 0.07173417110243463 0.027570106391067384 0.068948949781770352 0.0038134693168103686 0.0043700757923943465 0.0099606027361005545 0.0099339183652773499 0.0025128298439085484 0.0013611142385343555
leaf_count=1 12 3 2 31 5 916 321 716 1 38 4 5 1 24
internal_value=-0.000133273 0.00897086 -0.0144875 0.0291848 -0.0223415 -0.0340887 -0.0315818 -0.044257 -0.0449724 0.0387311 0.0194984 0.0413554 0.0265445 0.00861987
internal_weight=0.347585 0.246524 0.114105 0.132419 0.101061 0.0853252 0.0338067 0.0731731 0.0755476 0.0409316 0.0143307 0.015736 0.00580206 0.00328923
internal_count=2080 1127 772 355 953 922 324 718 917 54 42 31 26 25
is_linear=0
shrinkage=0.05


Tree=176
num_leaves=15
num_cat=0
split_feature=11 29 8 2 18 9 17 24 0 24 5 19 28 18
split_gain=0.0267373 0.0444766 0.0687547 0.0637807 0.0287724 0.0297139 0.0193687 0.0151558 0.0137864 0.0031209 0.0095673 0.000767119 0.000928449 0.00303656
threshold=-0.12364761158823966 0.043042698875069625 0.4380458295345307 -0.23650398850440976 -2.0235728025436397 -10.311710357666014 0.60343372821807872 -7.889899253845214 5.7447481155395517 0.46207317709922796 0.071044020354747786 1.3740627169609072 1.8954367041587832 -3.5163445472717281
decision_type=2 2 2 2 2 2 2 2 2 2 2 2 2 2
left_child=4 2 9 6 11 -6 -3 -4 -7 10 -2 12 13 -1
right_child=1 3 7 -5 5 8 -8 -9 -10 -11 -12 -13 -14 -15
leaf_value=0.050005468190022752 0.050005306319758282 0.050005934080015593 0.050006008884270738 0.050016205436496465 0.050005653201768974 -0.050020781215053225 -0.050036003873667557 -0.050030487182080169 0.050010818290888819 0.047313307020436353 -0.050043459800685412 0.05000569788333762 0.050007130168511132 -0.050006035201124233
leaf_weight=0.0018340949900448331 0.0069272376131266356 0.0059325107140466562 0.0040181399090215555 0.093804659438319504 0.0093007435789331794 0.068237069426686503 0.026226434223644901 0.0655882600658515 0.0036275235470384351 0.02840844749880489 0.0036477559660852421 0.0094494890654459596 0.0023902945686131716 0.0012947397226525936
leaf_count=1 4 3 2 31 5 916 321 716 1 17 33 5 1 24
internal_value=-0.000133419 0.0089686 -0.0144814 0.0291842 -0.0223411 -0.034088 -0.0315808 -0.0442557 -0.0449715 0.0386818 0.0154943 0.0413552 0.0265444 0.00861982
internal_weight=0.330687 0.234553 0.10859 0.125964 0.096134 0.0811653 0.0321589 0.0696064 0.0718646 0.0389834 0.010575 0.0149686 0.00551913 0.00312883
internal_count=2080 1127 772 355 953 922 324 718 917 54 37 31 26 25
is_linear=0
shrinkage=0.05


Tree=177
num_leaves=15
num_cat=0
split_feature=11 29 8 2 18 9 17 24 0 19 8 19 28 18
split_gain=0.0254269 0.0423023 0.0653179 0.0606691 0.0273687 0.0282643 0.0184235 0.0144162 0.0131137 0.00304172 0.0107742 0.000729703 0.00088316 0.00288845
threshold=-0.12364761158823966 0.043042698875069625 0.4380458295345307 -0.23650398850440976 -2.0235728025436397 -10.311710357666014 0.60343372821807872 -7.889899253845214 5.7447481155395517 -1.0925839543342588 0.23616368323564532 1.3740627169609072 1.8954367041587832 -3.5163445472717281
decision_type=2 2 2 2 2 2 2 2 2 2 2 2 2 2
left_child=4 2 9 6 11 -6 -3 -4 -7 -2 -11 12 13 -1
right_child=1 3 7 -5 5 8 -8 -9 -10 10 -12 -13 -14 -15
leaf_value=0.050005201359998509 0.049731700311447795 0.050005648294784766 0.050005715390359057 0.050015415213724435 0.050005377860061595 -0.050019768597262863 -0.05003425709002754 -0.050029005458725531 0.050010289872787175 0.047316126021250654 -0.05003694336865077 0.050005420129305644 0.050006778888307901 -0.050005740384023716
leaf_weight=0.0017446541460230955 0.023054124903865159 0.0056432102574035517 0.0038221947615966192 0.089231125894002616 0.0088471885537728667 0.064910389039141592 0.024948204827524023 0.062391284220211674 0.0034506425727158776 0.010240537783829495 0.0039337155103567065 0.0089886807836592197 0.0022737339604645967 0.0012316015854594298
leaf_count=1 8 3 2 31 5 916 321 716 1 7 39 5 1 24
internal_value=-0.000133898 0.00896179 -0.0144623 0.0291837 -0.0223407 -0.0340874 -0.0315799 -0.0442545 -0.0449706 0.0385252 0.0202982 0.0413549 0.0265442 0.00861977
internal_weight=0.314711 0.223264 0.103442 0.119823 0.0914469 0.0772082 0.0305914 0.0662135 0.068361 0.0372284 0.0141743 0.0142387 0.00524999 0.00297626
internal_count=2080 1127 772 355 953 922 324 718 917 54 46 31 26 25
is_linear=0
shrinkage=0.05


Tree=178
num_leaves=15
num_cat=0
split_feature=11 29 8 2 18 9 17 24 0 13 13 19 28 18
split_gain=0.0241838 0.0402365 0.0620944 0.0577093 0.0260336 0.0268853 0.0175245 0.0137128 0.0124739 0.00292766 0.00961195 0.000694113 0.000840081 0.00274756
threshold=-0.12364761158823966 0.043042698875069625 0.4380458295345307 -0.23650398850440976 -2.0235728025436397 -10.311710357666014 0.60343372821807872 -7.889899253845214 5.7447481155395517 -0.59833121299743641 0.98793414235115062 1.3740627169609072 1.8954367041587832 -3.5163445472717281
decision_type=2 2 2 2 2 2 2 2 2 2 2 2 2 2
left_child=4 2 9 6 11 -6 -3 -4 -7 -2 -11 12 13 -1
right_child=1 3 7 -5 5 8 -8 -9 -10 10 -12 -13 -14 -15
leaf_value=0.050004948919474462 0.048201476579960142 0.05000537074607353 0.050005438451397072 0.050014662851115887 0.050005116146832923 -0.050018805581483174 -0.050032595021419803 -0.050027595419274477 0.05000978525912142 -0.050037685315027669 0.049184716949636137 0.05000515610765488 0.050006448211152681 -0.050005460343311617
leaf_weight=0.0016595745692029604 0.02428759880058351 0.0053680166602134696 0.0036358038196340195 0.084880517097190022 0.0084157488308846951 0.061745830978907179 0.023732235073111951 0.059350056122639216 0.0032823849469423285 0.003596959330025129 0.0075936356661259197 0.0085503417067229748 0.0021628565154969692 0.0011715420660038944
leaf_count=1 14 3 2 31 5 916 321 716 1 35 5 5 1 24
internal_value=-0.00013412 0.00895851 -0.0144532 0.0291831 -0.0223404 -0.0340868 -0.031579 -0.0442533 -0.0449697 0.0384519 0.017292 0.0413547 0.026544 0.00861972
internal_weight=0.299433 0.212445 0.0984641 0.113981 0.0869883 0.073444 0.0291003 0.0629859 0.0650282 0.0354782 0.0111906 0.0135443 0.00499397 0.00283112
internal_count=2080 1127 772 355 953 922 324 718 917 54 40 31 26 25
is_linear=0
shrinkage=0.05


Tree=179
num_leaves=15
num_cat=0
split_feature=11 29 8 2 18 9 17 24 0 19 8 19 28 18
split_gain=0.023 0.0382707 0.059011 0.0548939 0.0247635 0.0255737 0.0166694 0.0130437 0.0118654 0.00282486 0.00981258 0.000660258 0.000799104 0.00261355
threshold=-0.12364761158823966 0.043042698875069625 0.4380458295345307 -0.23650398850440976 -2.0235728025436397 -10.311710357666014 0.60343372821807872 -7.889899253845214 5.7447481155395517 -1.0925839543342588 0.23616368323564532 1.3740627169609072 1.8954367041587832 -3.5163445472717281
decision_type=2 2 2 2 2 2 2 2 2 2 2 2 2 2
left_child=4 2 9 6 11 -6 -3 -4 -7 -2 -11 12 13 -1
right_child=1 3 7 -5 5 8 -8 -9 -10 10 -12 -13 -14 -15
leaf_value=0.050004704859970689 0.049701308175570336 0.050005109173405074 0.050005173638154904 0.050013947870306309 0.050004866545826414 -0.050017889398673632 -0.050031012011779223 -0.050026253031865892 0.050009310003797484 0.047060639415229227 -0.050033216798415103 0.050004904446588574 0.050006133717507589 -0.05000519428612217
leaf_weight=0.0015786436852067718 0.020907722231640946 0.0051062415586784473 0.0034585014218464485 0.080741971032693982 0.0080053468700498343 0.058735500007969677 0.022575496361241676 0.056456996095221257 0.0031223301775753489 0.0093280096771195531 0.0036089720088057229 0.0081333763664588332 0.0020573853980749846 0.0011144110649183858
leaf_count=1 8 3 2 31 5 916 321 716 1 7 39 5 1 24
internal_value=-0.000134476 0.0089535 -0.0144393 0.0291826 -0.02234 -0.0340863 -0.0315781 -0.0442521 -0.0449689 0.0383385 0.0199748 0.0413545 0.0265439 0.00861968
internal_weight=0.284931 0.202184 0.0937602 0.108424 0.082747 0.0698632 0.0276817 0.0599155 0.0618578 0.0338447 0.012937 0.0128838 0.00475044 0.00269305
internal_count=2080 1127 772 355 953 922 324 718 917 54 46 31 26 25
is_linear=0
shrinkage=0.05


end of trees

feature_importances:
Column_2=179
Column_0=164
Column_29=160
Column_27=151
Column_8=145
Column_9=140
Column_18=136
Column_17=133
Column_11=124
Column_24=124
Column_19=117
Column_10=84
Column_6=73
Column_4=70
Column_28=58
Column_1=57
Column_21=57
Column_3=56
Column_13=52
Column_16=49
Column_25=45
Column_12=41
Column_26=41
Column_7=28
Column_14=27
Column_23=26
Column_15=25
Column_20=24
Column_22=14
Column_5=10

parameters:
[boosting: gbdt]
[objective: binary]
[metric: binary_logloss]
[tree_learner: serial]
[device_type: cpu]
[data_sample_strategy: bagging]
[data: ]
[valid: ]
[num_iterations: 180]
[learning_rate: 0.05]
[num_leaves: 15]
[num_threads: 1]
[seed: 20265208]
[deterministic: 1]
[force_col_wise: 1]
[force_row_wise: 0]
[histogram_pool_size: -1]
[max_depth: 5]
[min_data_in_leaf: 10]
[min_sum_hessian_in_leaf: 0.001]
[bagging_fraction: 1]
[pos_bagging_fraction: 1]
[neg_bagging_fraction: 1]
[bagging_freq: 0]
[bagging_seed: 5195]
[bagging_by_query: 0]
[feature_fraction: 1]
[feature_fraction_bynode: 1]
[feature_fraction_seed: 25649]
[extra_trees: 0]
[extra_seed: 2790]
[early_stopping_round: 0]
[early_stopping_min_delta: 0]
[first_metric_only: 0]
[max_delta_step: 0]
[lambda_l1: 0]
[lambda_l2: 0]
[linear_lambda: 0]
[min_gain_to_split: 0]
[drop_rate: 0.1]
[max_drop: 50]
[skip_drop: 0.5]
[xgboost_dart_mode: 0]
[uniform_drop: 0]
[drop_seed: 12771]
[top_rate: 0.2]
[other_rate: 0.1]
[min_data_per_group: 100]
[max_cat_threshold: 32]
[cat_l2: 10]
[cat_smooth: 10]
[max_cat_to_onehot: 4]
[top_k: 20]
[monotone_constraints: ]
[monotone_constraints_method: basic]
[monotone_penalty: 0]
[feature_contri: ]
[forcedsplits_filename: ]
[refit_decay_rate: 0.9]
[cegb_tradeoff: 1]
[cegb_penalty_split: 0]
[cegb_penalty_feature_lazy: ]
[cegb_penalty_feature_coupled: ]
[path_smooth: 0]
[interaction_constraints: ]
[verbosity: -1]
[saved_feature_importance_type: 0]
[use_quantized_grad: 0]
[num_grad_quant_bins: 4]
[quant_train_renew_leaf: 0]
[stochastic_rounding: 1]
[linear_tree: 0]
[max_bin: 255]
[max_bin_by_feature: ]
[min_data_in_bin: 3]
[bin_construct_sample_cnt: 200000]
[data_random_seed: 19088]
[is_enable_sparse: 1]
[enable_bundle: 1]
[use_missing: 1]
[zero_as_missing: 0]
[feature_pre_filter: 1]
[pre_partition: 0]
[two_round: 0]
[header: 0]
[label_column: ]
[weight_column: ]
[group_column: ]
[ignore_column: ]
[categorical_feature: ]
[forcedbins_filename: ]
[precise_float_parser: 0]
[parser_config_file: ]
[objective_seed: 31153]
[num_class: 1]
[is_unbalance: 0]
[scale_pos_weight: 1]
[sigmoid: 1]
[boost_from_average: 1]
[reg_sqrt: 0]
[alpha: 0.9]
[fair_c: 1]
[poisson_max_delta_step: 0.7]
[tweedie_variance_power: 1.5]
[lambdarank_truncation_level: 30]
[lambdarank_norm: 1]
[label_gain: ]
[lambdarank_position_bias_regularization: 0]
[eval_at: ]
[multi_error_top_k: 1]
[auc_mu_weights: ]
[num_machines: 1]
[local_listen_port: 12400]
[time_out: 120]
[machine_list_filename: ]
[machines: ]
[gpu_platform_id: -1]
[gpu_device_id: -1]
[gpu_device_id_list: ]
[gpu_use_dp: 0]
[num_gpu: 1]

end of parameters

pandas_categorical:null
