fold,part,segment,label,start_time,end_time,samples
1,train,normal_384,0,2022-07-12 00:47:59.731,2022-07-12 00:48:04.631,50
1,train,normal_494,0,2022-07-12 01:02:48.171,2022-07-12 01:02:51.971,39
1,train,normal_74,0,2022-07-12 00:09:06.833,2022-07-12 00:09:11.733,50
1,train,normal_24,0,2022-07-12 00:03:04.000,2022-07-12 00:03:08.900,50
1,train,normal_240,0,2022-07-12 00:30:15.875,2022-07-12 00:30:20.775,50
1,train,normal_18,0,2022-07-12 00:02:15.921,2022-07-12 00:02:19.421,36
1,train,normal_12,0,2022-07-12 00:01:27.857,2022-07-12 00:01:32.757,50
1,train,normal_534,0,2022-07-12 01:08:09.198,2022-07-12 01:08:12.898,38
1,train,normal_435,0,2022-07-12 00:54:48.044,2022-07-12 00:54:52.844,49
1,train,normal_350,0,2022-07-12 00:43:49.346,2022-07-12 00:43:53.346,41
1,train,normal_283,0,2022-07-12 00:35:49.315,2022-07-12 00:35:52.515,33
1,train,normal_297,0,2022-07-12 00:37:25.356,2022-07-12 00:37:27.256,20
1,train,normal_562,0,2022-07-12 01:11:47.790,2022-07-12 01:11:52.690,50
1,train,normal_122,0,2022-07-12 00:15:15.740,2022-07-12 00:15:19.840,42
1,train,anomaly_4,1,2022-07-17 10:51:31.734,2022-07-17 10:51:34.734,31
1,train,normal_97,0,2022-07-12 00:12:04.143,2022-07-12 00:12:07.843,38
1,train,normal_338,0,2022-07-12 00:42:29.388,2022-07-12 00:42:32.488,32
1,train,normal_96,0,2022-07-12 00:11:56.244,2022-07-12 00:12:01.144,50
1,train,normal_235,0,2022-07-12 00:29:42.284,2022-07-12 00:29:47.184,50
1,train,normal_200,0,2022-07-12 00:25:17.084,2022-07-12 00:25:21.884,49
1,train,normal_351,0,2022-07-12 00:43:57.268,2022-07-12 00:43:59.968,28
1,train,normal_211,0,2022-07-12 00:26:38.648,2022-07-12 00:26:43.548,50
1,train,normal_170,0,2022-07-12 00:21:25.804,2022-07-12 00:21:30.704,50
1,train,normal_575,0,2022-07-12 01:13:24.740,2022-07-12 01:13:29.640,50
1,train,normal_286,0,2022-07-12 00:36:07.998,2022-07-12 00:36:12.898,50
1,train,normal_495,0,2022-07-12 01:02:56.132,2022-07-12 01:02:58.732,27
1,train,normal_93,0,2022-07-12 00:11:32.266,2022-07-12 00:11:34.466,23
1,train,normal_252,0,2022-07-12 00:31:51.200,2022-07-12 00:31:56.100,50
1,train,normal_434,0,2022-07-12 00:54:41.336,2022-07-12 00:54:46.236,50
1,train,normal_228,0,2022-07-12 00:28:54.024,2022-07-12 00:28:58.924,50
1,train,normal_521,0,2022-07-12 01:06:33.408,2022-07-12 01:06:38.308,50
1,train,normal_253,0,2022-07-12 00:31:58.020,2022-07-12 00:32:02.920,50
1,train,normal_553,0,2022-07-12 01:10:42.242,2022-07-12 01:10:45.242,31
1,train,normal_523,0,2022-07-12 01:06:49.173,2022-07-12 01:06:51.573,25
1,train,normal_259,0,2022-07-12 00:32:45.771,2022-07-12 00:32:50.171,45
1,train,normal_161,0,2022-07-12 00:20:12.569,2022-07-12 00:20:16.269,38
1,train,normal_137,0,2022-07-12 00:17:09.540,2022-07-12 00:17:14.440,50
1,train,normal_282,0,2022-07-12 00:35:41.235,2022-07-12 00:35:45.935,48
1,train,normal_241,0,2022-07-12 00:30:22.688,2022-07-12 00:30:27.588,50
1,train,normal_445,0,2022-07-12 00:56:09.664,2022-07-12 00:56:14.564,50
1,train,normal_532,0,2022-07-12 01:07:54.616,2022-07-12 01:07:59.516,50
1,train,normal_481,0,2022-07-12 01:00:56.832,2022-07-12 01:01:01.732,50
1,train,normal_110,0,2022-07-12 00:13:47.957,2022-07-12 00:13:51.557,37
1,train,normal_302,0,2022-07-12 00:38:05.247,2022-07-12 00:38:07.147,20
1,train,normal_48,0,2022-07-12 00:06:02.560,2022-07-12 00:06:07.460,50
1,train,normal_593,0,2022-07-12 01:16:04.244,2022-07-12 01:16:09.144,50
1,train,normal_76,0,2022-07-12 00:09:20.084,2022-07-12 00:09:24.984,50
1,train,normal_357,0,2022-07-12 00:44:37.312,2022-07-12 00:44:40.412,32
1,train,normal_202,0,2022-07-12 00:25:33.044,2022-07-12 00:25:35.144,22
1,train,normal_516,0,2022-07-12 01:05:53.230,2022-07-12 01:05:58.130,50
1,train,normal_432,0,2022-07-12 00:54:23.963,2022-07-12 00:54:26.363,25
1,train,normal_38,0,2022-07-12 00:04:56.641,2022-07-12 00:04:58.941,24
1,train,normal_55,0,2022-07-12 00:06:49.646,2022-07-12 00:06:54.546,50
1,train,normal_219,0,2022-07-12 00:27:41.443,2022-07-12 00:27:45.143,38
1,train,normal_436,0,2022-07-12 00:54:56.093,2022-07-12 00:54:59.493,35
1,train,normal_501,0,2022-07-12 01:03:44.460,2022-07-12 01:03:48.060,37
1,train,normal_372,0,2022-07-12 00:46:31.584,2022-07-12 00:46:36.484,50
1,train,normal_274,0,2022-07-12 00:34:37.168,2022-07-12 00:34:41.568,45
1,train,normal_345,0,2022-07-12 00:43:17.444,2022-07-12 00:43:19.444,21
1,train,normal_176,0,2022-07-12 00:22:07.078,2022-07-12 00:22:11.978,50
1,train,normal_230,0,2022-07-12 00:29:09.592,2022-07-12 00:29:13.792,43
1,train,normal_236,0,2022-07-12 00:29:50.008,2022-07-12 00:29:54.008,41
1,train,normal_293,0,2022-07-12 00:36:55.156,2022-07-12 00:37:00.056,50
1,train,normal_378,0,2022-07-12 00:47:11.896,2022-07-12 00:47:16.796,50
1,train,normal_450,0,2022-07-12 00:56:49.884,2022-07-12 00:56:54.784,50
1,train,normal_290,0,2022-07-12 00:36:37.428,2022-07-12 00:36:39.728,24
1,train,normal_171,0,2022-07-12 00:21:33.358,2022-07-12 00:21:37.458,42
1,train,normal_584,0,2022-07-12 01:14:43.335,2022-07-12 01:14:46.935,37
1,train,normal_16,0,2022-07-12 00:02:01.294,2022-07-12 00:02:06.194,50
1,train,normal_82,0,2022-07-12 00:10:03.867,2022-07-12 00:10:06.867,31
1,train,anomaly_7,1,2022-07-17 10:51:56.684,2022-07-17 10:52:01.584,50
1,train,normal_456,0,2022-07-12 00:57:36.947,2022-07-12 00:57:41.847,50
1,train,normal_444,0,2022-07-12 00:56:02.752,2022-07-12 00:56:07.652,50
1,train,normal_414,0,2022-07-12 00:51:59.201,2022-07-12 00:52:01.901,28
1,train,normal_336,0,2022-07-12 00:42:13.314,2022-07-12 00:42:17.714,45
1,train,normal_222,0,2022-07-12 00:28:07.313,2022-07-12 00:28:12.213,50
1,train,normal_487,0,2022-07-12 01:01:44.306,2022-07-12 01:01:48.506,43
1,train,normal_306,0,2022-07-12 00:38:37.296,2022-07-12 00:38:40.996,38
1,train,normal_490,0,2022-07-12 01:02:08.325,2022-07-12 01:02:10.325,21
1,train,normal_599,0,2022-07-12 01:16:51.528,2022-07-12 01:16:55.828,44
1,train,normal_186,0,2022-07-12 00:23:25.144,2022-07-12 00:23:27.244,22
1,train,normal_539,0,2022-07-12 01:08:49.676,2022-07-12 01:08:53.076,35
1,train,anomaly_13,1,2022-07-17 10:52:45.655,2022-07-17 10:52:49.755,42
1,train,normal_533,0,2022-07-12 01:08:01.324,2022-07-12 01:08:06.224,50
1,train,normal_312,0,2022-07-12 00:39:25.531,2022-07-12 00:39:29.231,38
1,train,normal_362,0,2022-07-12 00:45:17.244,2022-07-12 00:45:22.144,50
1,train,normal_558,0,2022-07-12 01:11:14.704,2022-07-12 01:11:19.104,45
1,train,normal_324,0,2022-07-12 00:40:45.865,2022-07-12 00:40:50.765,50
1,train,normal_149,0,2022-07-12 00:18:36.700,2022-07-12 00:18:39.200,26
1,train,anomaly_18,1,2022-07-17 10:53:26.553,2022-07-17 10:53:30.053,36
1,train,normal_412,0,2022-07-12 00:51:43.448,2022-07-12 00:51:48.348,50
1,train,normal_484,0,2022-07-12 01:01:20.296,2022-07-12 01:01:24.596,44
1,train,normal_44,0,2022-07-12 00:05:36.499,2022-07-12 00:05:40.699,43
1,train,normal_546,0,2022-07-12 01:09:45.835,2022-07-12 01:09:47.935,22
1,train,normal_88,0,2022-07-12 00:10:51.896,2022-07-12 00:10:54.096,23
1,train,normal_61,0,2022-07-12 00:07:32.847,2022-07-12 00:07:37.747,50
1,train,normal_49,0,2022-07-12 00:06:09.177,2022-07-12 00:06:14.077,50
1,train,normal_6,0,2022-07-12 00:00:39.756,2022-07-12 00:00:44.656,50
1,train,normal_54,0,2022-07-12 00:06:43.040,2022-07-12 00:06:47.940,50
1,train,normal_250,0,2022-07-12 00:31:33.901,2022-07-12 00:31:36.101,23
1,train,normal_165,0,2022-07-12 00:20:45.131,2022-07-12 00:20:50.031,50
1,train,normal_318,0,2022-07-12 00:40:05.260,2022-07-12 00:40:09.360,42
1,train,normal_52,0,2022-07-12 00:06:29.384,2022-07-12 00:06:34.284,50
1,train,normal_385,0,2022-07-12 00:48:06.559,2022-07-12 00:48:11.459,50
1,train,normal_201,0,2022-07-12 00:25:25.093,2022-07-12 00:25:28.293,33
1,train,normal_505,0,2022-07-12 01:04:17.855,2022-07-12 01:04:22.755,50
1,train,anomaly_17,1,2022-07-17 10:53:18.444,2022-07-17 10:53:23.344,50
1,train,normal_273,0,2022-07-12 00:34:29.244,2022-07-12 00:34:33.444,43
1,train,normal_337,0,2022-07-12 00:42:21.316,2022-07-12 00:42:24.616,34
1,train,normal_7,0,2022-07-12 00:00:47.676,2022-07-12 00:00:52.576,50
1,train,normal_348,0,2022-07-12 00:43:35.064,2022-07-12 00:43:39.964,50
1,train,normal_402,0,2022-07-12 00:50:22.836,2022-07-12 00:50:27.336,46
1,train,normal_465,0,2022-07-12 00:58:48.559,2022-07-12 00:58:50.459,20
1,train,normal_179,0,2022-07-12 00:22:29.076,2022-07-12 00:22:32.176,32
1,train,normal_441,0,2022-07-12 00:55:36.468,2022-07-12 00:55:39.768,34
1,train,normal_354,0,2022-07-12 00:44:15.484,2022-07-12 00:44:20.384,50
1,train,anomaly_19,1,2022-07-17 10:53:34.639,2022-07-17 10:53:36.939,24
1,train,normal_455,0,2022-07-12 00:57:30.180,2022-07-12 00:57:35.080,50
1,train,normal_386,0,2022-07-12 00:48:14.176,2022-07-12 00:48:18.076,40
1,train,normal_9,0,2022-07-12 00:01:03.576,2022-07-12 00:01:06.076,26
1,train,normal_11,0,2022-07-12 00:01:21.222,2022-07-12 00:01:26.122,50
1,train,normal_439,0,2022-07-12 00:55:21.168,2022-07-12 00:55:26.068,50
1,train,normal_20,0,2022-07-12 00:02:31.936,2022-07-12 00:02:34.136,23
1,train,normal_368,0,2022-07-12 00:46:05.548,2022-07-12 00:46:09.148,37
1,train,normal_35,0,2022-07-12 00:04:32.537,2022-07-12 00:04:37.437,50
1,train,normal_429,0,2022-07-12 00:54:00.003,2022-07-12 00:54:04.903,50
1,train,normal_281,0,2022-07-12 00:35:34.214,2022-07-12 00:35:39.114,50
1,train,normal_313,0,2022-07-12 00:39:33.471,2022-07-12 00:39:35.771,24
1,train,normal_515,0,2022-07-12 01:05:45.204,2022-07-12 01:05:50.104,50
1,train,normal_196,0,2022-07-12 00:24:45.075,2022-07-12 00:24:47.875,29
1,train,normal_323,0,2022-07-12 00:40:39.236,2022-07-12 00:40:44.136,50
1,train,normal_335,0,2022-07-12 00:42:06.134,2022-07-12 00:42:11.034,50
1,train,normal_518,0,2022-07-12 01:06:09.221,2022-07-12 01:06:11.621,25
1,train,normal_21,0,2022-07-12 00:02:40.000,2022-07-12 00:02:42.100,22
1,train,normal_272,0,2022-07-12 00:34:21.987,2022-07-12 00:34:26.887,50
1,train,normal_478,0,2022-07-12 01:00:34.124,2022-07-12 01:00:39.024,50
1,train,normal_108,0,2022-07-12 00:13:33.336,2022-07-12 00:13:38.236,50
1,train,normal_128,0,2022-07-12 00:15:55.785,2022-07-12 00:16:00.485,48
1,train,normal_43,0,2022-07-12 00:05:29.007,2022-07-12 00:05:33.907,50
1,train,normal_73,0,2022-07-12 00:09:00.084,2022-07-12 00:09:04.984,50
1,train,normal_104,0,2022-07-12 00:13:00.089,2022-07-12 00:13:03.389,34
1,train,normal_69,0,2022-07-12 00:08:33.206,2022-07-12 00:08:38.106,50
1,train,normal_537,0,2022-07-12 01:08:34.704,2022-07-12 01:08:39.604,50
1,train,normal_140,0,2022-07-12 00:17:32.480,2022-07-12 00:17:35.880,35
1,train,normal_134,0,2022-07-12 00:16:44.325,2022-07-12 00:16:47.725,35
1,train,normal_109,0,2022-07-12 00:13:39.886,2022-07-12 00:13:44.786,50
1,train,normal_36,0,2022-07-12 00:04:40.416,2022-07-12 00:04:44.116,38
1,train,normal_98,0,2022-07-12 00:12:12.164,2022-07-12 00:12:14.564,25
1,train,normal_361,0,2022-07-12 00:45:10.440,2022-07-12 00:45:15.340,50
1,train,normal_111,0,2022-07-12 00:13:55.976,2022-07-12 00:13:58.176,23
1,train,normal_19,0,2022-07-12 00:02:23.876,2022-07-12 00:02:27.376,36
1,train,normal_452,0,2022-07-12 00:57:04.747,2022-07-12 00:57:08.347,37
1,train,normal_572,0,2022-07-12 01:12:59.519,2022-07-12 01:13:02.419,30
1,train,normal_457,0,2022-07-12 00:57:44.792,2022-07-12 00:57:48.592,39
1,train,normal_467,0,2022-07-12 00:59:05.768,2022-07-12 00:59:10.668,50
1,train,normal_70,0,2022-07-12 00:08:39.956,2022-07-12 00:08:44.856,50
1,train,normal_126,0,2022-07-12 00:15:41.948,2022-07-12 00:15:46.848,50
1,train,normal_29,0,2022-07-12 00:03:52.544,2022-07-12 00:03:57.444,50
1,train,normal_513,0,2022-07-12 01:05:20.820,2022-07-12 01:05:23.320,26
1,train,normal_587,0,2022-07-12 01:15:17.019,2022-07-12 01:15:21.919,50
1,train,normal_331,0,2022-07-12 00:41:33.240,2022-07-12 00:41:37.340,42
1,train,normal_193,0,2022-07-12 00:24:22.654,2022-07-12 00:24:27.554,50
1,train,normal_393,0,2022-07-12 00:49:02.714,2022-07-12 00:49:05.114,25
1,train,normal_424,0,2022-07-12 00:53:19.759,2022-07-12 00:53:24.559,49
1,train,normal_360,0,2022-07-12 00:45:02.356,2022-07-12 00:45:07.256,50
1,train,normal_517,0,2022-07-12 01:06:01.096,2022-07-12 01:06:04.996,40
1,train,normal_148,0,2022-07-12 00:18:28.872,2022-07-12 00:18:31.372,26
1,train,normal_2,0,2022-07-12 00:00:07.224,2022-07-12 00:00:10.824,37
1,train,normal_116,0,2022-07-12 00:14:35.936,2022-07-12 00:14:38.536,27
1,train,normal_205,0,2022-07-12 00:25:57.187,2022-07-12 00:26:01.887,48
1,train,normal_159,0,2022-07-12 00:19:57.844,2022-07-12 00:20:02.744,50
1,train,normal_289,0,2022-07-12 00:36:29.468,2022-07-12 00:36:32.968,36
1,train,normal_588,0,2022-07-12 01:15:23.633,2022-07-12 01:15:28.533,50
1,train,normal_418,0,2022-07-12 00:52:32.972,2022-07-12 00:52:37.872,50
1,train,normal_582,0,2022-07-12 01:14:28.769,2022-07-12 01:14:33.669,50
1,train,normal_301,0,2022-07-12 00:37:57.236,2022-07-12 00:38:00.736,36
1,train,normal_448,0,2022-07-12 00:56:32.839,2022-07-12 00:56:34.839,21
1,train,normal_489,0,2022-07-12 01:02:00.218,2022-07-12 01:02:02.418,23
1,train,normal_595,0,2022-07-12 01:16:19.392,2022-07-12 01:16:22.792,35
1,train,normal_37,0,2022-07-12 00:04:48.455,2022-07-12 00:04:52.055,37
1,train,normal_535,0,2022-07-12 01:08:17.218,2022-07-12 01:08:19.618,25
1,train,normal_578,0,2022-07-12 01:13:47.379,2022-07-12 01:13:50.779,35
1,train,normal_573,0,2022-07-12 01:13:07.457,2022-07-12 01:13:09.357,20
1,train,normal_57,0,2022-07-12 00:07:04.844,2022-07-12 00:07:09.744,50
1,train,normal_249,0,2022-07-12 00:31:25.907,2022-07-12 00:31:29.307,35
1,train,normal_570,0,2022-07-12 01:12:43.312,2022-07-12 01:12:47.612,44
1,train,normal_375,0,2022-07-12 00:46:53.743,2022-07-12 00:46:56.643,30
1,train,normal_255,0,2022-07-12 00:32:13.976,2022-07-12 00:32:16.576,27
1,train,normal_50,0,2022-07-12 00:06:16.934,2022-07-12 00:06:20.834,40
1,train,normal_396,0,2022-07-12 00:49:27.367,2022-07-12 00:49:32.267,50
1,train,normal_132,0,2022-07-12 00:16:29.364,2022-07-12 00:16:34.264,50
1,train,normal_506,0,2022-07-12 01:04:24.809,2022-07-12 01:04:29.709,50
1,train,normal_80,0,2022-07-12 00:09:48.366,2022-07-12 00:09:53.266,50
1,train,normal_28,0,2022-07-12 00:03:44.676,2022-07-12 00:03:49.576,50
1,train,normal_278,0,2022-07-12 00:35:09.147,2022-07-12 00:35:11.147,21
1,train,normal_540,0,2022-07-12 01:08:57.709,2022-07-12 01:08:59.909,23
1,train,normal_565,0,2022-07-12 01:12:11.247,2022-07-12 01:12:14.147,30
1,train,normal_341,0,2022-07-12 00:42:47.528,2022-07-12 00:42:52.428,50
1,train,normal_374,0,2022-07-12 00:46:45.658,2022-07-12 00:46:49.858,43
1,train,normal_247,0,2022-07-12 00:31:10.998,2022-07-12 00:31:15.898,50
1,train,normal_64,0,2022-07-12 00:07:52.879,2022-07-12 00:07:57.779,50
1,train,normal_120,0,2022-07-12 00:15:01.577,2022-07-12 00:15:06.477,50
1,train,normal_180,0,2022-07-12 00:22:37.072,2022-07-12 00:22:38.972,20
1,train,normal_568,0,2022-07-12 01:12:29.385,2022-07-12 01:12:34.285,50
1,train,normal_138,0,2022-07-12 00:17:16.447,2022-07-12 00:17:21.147,48
1,train,normal_483,0,2022-07-12 01:01:13.118,2022-07-12 01:01:18.018,50
1,train,normal_17,0,2022-07-12 00:02:07.924,2022-07-12 00:02:12.824,50
1,train,normal_53,0,2022-07-12 00:06:36.231,2022-07-12 00:06:41.131,50
1,train,normal_391,0,2022-07-12 00:48:46.796,2022-07-12 00:48:51.696,50
1,train,normal_594,0,2022-07-12 01:16:11.294,2022-07-12 01:16:15.794,46
1,train,normal_571,0,2022-07-12 01:12:51.468,2022-07-12 01:12:55.568,42
1,train,normal_364,0,2022-07-12 00:45:33.352,2022-07-12 00:45:35.352,21
1,train,normal_68,0,2022-07-12 00:08:26.424,2022-07-12 00:08:31.324,50
1,train,normal_373,0,2022-07-12 00:46:38.256,2022-07-12 00:46:43.156,50
1,train,normal_576,0,2022-07-12 01:13:32.840,2022-07-12 01:13:37.740,50
1,train,normal_195,0,2022-07-12 00:24:37.006,2022-07-12 00:24:41.106,42
1,train,normal_121,0,2022-07-12 00:15:08.384,2022-07-12 00:15:13.284,50
1,train,normal_431,0,2022-07-12 00:54:15.782,2022-07-12 00:54:18.482,28
1,train,normal_106,0,2022-07-12 00:13:15.873,2022-07-12 00:13:17.973,22
1,train,normal_440,0,2022-07-12 00:55:28.258,2022-07-12 00:55:33.058,49
1,train,normal_141,0,2022-07-12 00:17:40.504,2022-07-12 00:17:42.704,23
1,train,normal_512,0,2022-07-12 01:05:12.740,2022-07-12 01:05:16.440,38
1,train,normal_172,0,2022-07-12 00:21:41.500,2022-07-12 00:21:44.100,27
1,train,normal_464,0,2022-07-12 00:58:40.588,2022-07-12 00:58:43.888,34
1,train,normal_419,0,2022-07-12 00:52:39.609,2022-07-12 00:52:44.509,50
1,train,normal_75,0,2022-07-12 00:09:13.436,2022-07-12 00:09:18.336,50
1,train,normal_525,0,2022-07-12 01:07:07.819,2022-07-12 01:07:12.719,50
1,train,normal_407,0,2022-07-12 00:51:03.048,2022-07-12 00:51:07.948,50
1,train,normal_366,0,2022-07-12 00:45:50.892,2022-07-12 00:45:55.792,50
1,train,normal_399,0,2022-07-12 00:49:50.587,2022-07-12 00:49:52.687,22
1,train,normal_214,0,2022-07-12 00:27:01.423,2022-07-12 00:27:03.623,23
1,train,normal_470,0,2022-07-12 00:59:28.347,2022-07-12 00:59:31.947,37
1,train,normal_248,0,2022-07-12 00:31:17.932,2022-07-12 00:31:22.832,50
1,train,normal_510,0,2022-07-12 01:04:58.256,2022-07-12 01:05:03.156,50
1,train,normal_500,0,2022-07-12 01:03:36.502,2022-07-12 01:03:41.402,50
1,train,normal_184,0,2022-07-12 00:23:09.220,2022-07-12 00:23:12.320,32
1,train,normal_461,0,2022-07-12 00:58:17.587,2022-07-12 00:58:22.487,50
1,train,normal_563,0,2022-07-12 01:11:55.696,2022-07-12 01:12:00.596,50
1,train,normal_191,0,2022-07-12 00:24:04.940,2022-07-12 00:24:07.440,26
1,train,normal_476,0,2022-07-12 01:00:16.392,2022-07-12 01:00:18.992,27
1,train,normal_262,0,2022-07-12 00:33:09.576,2022-07-12 00:33:11.576,21
1,train,normal_60,0,2022-07-12 00:07:25.971,2022-07-12 00:07:30.871,50
1,train,normal_123,0,2022-07-12 00:15:23.669,2022-07-12 00:15:26.469,29
1,train,normal_162,0,2022-07-12 00:20:20.537,2022-07-12 00:20:23.037,26
1,train,normal_527,0,2022-07-12 01:07:21.267,2022-07-12 01:07:26.067,49
1,train,normal_342,0,2022-07-12 00:42:54.375,2022-07-12 00:42:59.275,50
1,train,normal_45,0,2022-07-12 00:05:44.604,2022-07-12 00:05:47.404,29
1,train,normal_284,0,2022-07-12 00:35:57.296,2022-07-12 00:35:59.396,22
1,train,normal_65,0,2022-07-12 00:07:59.767,2022-07-12 00:08:04.667,50
1,train,normal_72,0,2022-07-12 00:08:53.480,2022-07-12 00:08:58.380,50
1,train,normal_14,0,2022-07-12 00:01:43.757,2022-07-12 00:01:46.157,25
1,train,normal_528,0,2022-07-12 01:07:29.260,2022-07-12 01:07:32.760,36
1,train,normal_117,0,2022-07-12 00:14:43.837,2022-07-12 00:14:46.437,27
1,train,normal_30,0,2022-07-12 00:04:00.140,2022-07-12 00:04:04.240,42
1,train,normal_344,0,2022-07-12 00:43:09.436,2022-07-12 00:43:12.736,34
1,train,normal_156,0,2022-07-12 00:19:32.476,2022-07-12 00:19:35.776,34
1,train,normal_213,0,2022-07-12 00:26:53.334,2022-07-12 00:26:57.034,38
1,train,normal_277,0,2022-07-12 00:35:01.171,2022-07-12 00:35:04.271,32
1,train,normal_409,0,2022-07-12 00:51:18.948,2022-07-12 00:51:21.348,25
1,train,normal_316,0,2022-07-12 00:39:51.184,2022-07-12 00:39:56.084,50
1,train,normal_199,0,2022-07-12 00:25:10.148,2022-07-12 00:25:15.048,50
1,train,normal_217,0,2022-07-12 00:27:27.011,2022-07-12 00:27:31.911,50
1,train,normal_133,0,2022-07-12 00:16:36.267,2022-07-12 00:16:41.067,49
1,train,normal_139,0,2022-07-12 00:17:24.527,2022-07-12 00:17:29.227,48
1,train,normal_332,0,2022-07-12 00:41:41.292,2022-07-12 00:41:44.192,30
1,train,normal_85,0,2022-07-12 00:10:28.656,2022-07-12 00:10:33.556,50
1,train,normal_81,0,2022-07-12 00:09:55.827,2022-07-12 00:09:59.927,42
1,train,normal_220,0,2022-07-12 00:27:49.507,2022-07-12 00:27:51.807,24
1,train,normal_380,0,2022-07-12 00:47:25.788,2022-07-12 00:47:29.988,43
1,train,normal_92,0,2022-07-12 00:11:24.056,2022-07-12 00:11:27.556,36
1,train,normal_155,0,2022-07-12 00:19:24.471,2022-07-12 00:19:29.071,47
1,train,normal_271,0,2022-07-12 00:34:15.359,2022-07-12 00:34:20.259,50
1,train,anomaly_3,1,2022-07-17 10:51:23.615,2022-07-17 10:51:28.215,47
1,train,normal_499,0,2022-07-12 01:03:29.848,2022-07-12 01:03:34.748,50
1,train,anomaly_16,1,2022-07-17 10:53:11.764,2022-07-17 10:53:16.664,50
1,train,normal_127,0,2022-07-12 00:15:48.726,2022-07-12 00:15:53.626,50
1,train,normal_339,0,2022-07-12 00:42:37.291,2022-07-12 00:42:39.191,20
1,train,normal_129,0,2022-07-12 00:16:03.804,2022-07-12 00:16:07.304,36
1,train,normal_189,0,2022-07-12 00:23:48.975,2022-07-12 00:23:53.875,50
1,valid,normal_552,0,2022-07-12 01:10:34.272,2022-07-12 01:10:38.672,45
1,valid,normal_462,0,2022-07-12 00:58:24.593,2022-07-12 00:58:29.293,48
1,valid,normal_31,0,2022-07-12 00:04:08.213,2022-07-12 00:04:10.813,27
1,valid,normal_423,0,2022-07-12 00:53:13.056,2022-07-12 00:53:17.956,50
1,valid,normal_498,0,2022-07-12 01:03:22.041,2022-07-12 01:03:26.941,50
1,valid,normal_90,0,2022-07-12 00:11:09.294,2022-07-12 00:11:14.194,50
1,valid,normal_267,0,2022-07-12 00:33:49.428,2022-07-12 00:33:53.228,39
1,valid,normal_425,0,2022-07-12 00:53:27.876,2022-07-12 00:53:31.376,36
1,valid,normal_522,0,2022-07-12 01:06:41.133,2022-07-12 01:06:44.933,39
1,valid,normal_63,0,2022-07-12 00:07:46.324,2022-07-12 00:07:51.224,50
1,valid,normal_5,0,2022-07-12 00:00:32.752,2022-07-12 00:00:37.652,50
1,valid,normal_482,0,2022-07-12 01:01:04.524,2022-07-12 01:01:08.524,41
1,valid,normal_379,0,2022-07-12 00:47:18.491,2022-07-12 00:47:23.391,50
1,valid,normal_557,0,2022-07-12 01:11:07.348,2022-07-12 01:11:12.248,50
1,valid,normal_135,0,2022-07-12 00:16:52.351,2022-07-12 00:16:54.451,22
1,valid,normal_437,0,2022-07-12 00:55:04.088,2022-07-12 00:55:06.188,22
1,valid,normal_242,0,2022-07-12 00:30:29.999,2022-07-12 00:30:34.199,43
1,valid,normal_598,0,2022-07-12 01:16:44.524,2022-07-12 01:16:49.424,50
1,valid,normal_381,0,2022-07-12 00:47:33.787,2022-07-12 00:47:36.587,29
1,valid,normal_325,0,2022-07-12 00:40:53.176,2022-07-12 00:40:57.476,44
1,valid,anomaly_2,1,2022-07-17 10:51:16.724,2022-07-17 10:51:21.624,50
1,valid,normal_154,0,2022-07-12 00:19:17.374,2022-07-12 00:19:22.274,50
1,valid,normal_502,0,2022-07-12 01:03:52.400,2022-07-12 01:03:54.700,24
1,valid,normal_91,0,2022-07-12 00:11:16.040,2022-07-12 00:11:20.840,49
1,valid,normal_218,0,2022-07-12 00:27:33.464,2022-07-12 00:27:38.364,50
1,valid,normal_544,0,2022-07-12 01:09:29.681,2022-07-12 01:09:34.581,50
1,valid,normal_101,0,2022-07-12 00:12:38.192,2022-07-12 00:12:43.092,50
1,valid,normal_276,0,2022-07-12 00:34:53.056,2022-07-12 00:34:57.656,47
1,valid,normal_474,0,2022-07-12 01:00:00.660,2022-07-12 01:00:05.560,50
1,valid,anomaly_9,1,2022-07-17 10:52:12.567,2022-07-17 10:52:14.967,25
1,valid,normal_308,0,2022-07-12 00:38:53.456,2022-07-12 00:38:55.656,23
1,valid,normal_326,0,2022-07-12 00:41:01.166,2022-07-12 00:41:04.066,30
1,valid,normal_26,0,2022-07-12 00:03:20.215,2022-07-12 00:03:22.715,26
1,valid,normal_319,0,2022-07-12 00:40:13.200,2022-07-12 00:40:16.200,31
1,valid,normal_145,0,2022-07-12 00:18:06.304,2022-07-12 00:18:11.204,50
1,valid,normal_447,0,2022-07-12 00:56:24.832,2022-07-12 00:56:27.832,31
1,valid,normal_254,0,2022-07-12 00:32:05.948,2022-07-12 00:32:09.648,38
1,valid,normal_446,0,2022-07-12 00:56:16.827,2022-07-12 00:56:21.127,44
1,valid,normal_413,0,2022-07-12 00:51:51.236,2022-07-12 00:51:55.136,40
1,valid,normal_67,0,2022-07-12 00:08:13.092,2022-07-12 00:08:17.992,50
1,valid,normal_538,0,2022-07-12 01:08:41.601,2022-07-12 01:08:46.501,50
1,valid,normal_468,0,2022-07-12 00:59:12.485,2022-07-12 00:59:17.285,49
1,valid,normal_113,0,2022-07-12 00:14:13.584,2022-07-12 00:14:18.484,50
1,valid,normal_234,0,2022-07-12 00:29:35.745,2022-07-12 00:29:40.645,50
1,valid,normal_330,0,2022-07-12 00:41:25.865,2022-07-12 00:41:30.765,50
1,valid,normal_493,0,2022-07-12 01:02:40.198,2022-07-12 01:02:45.098,50
1,valid,normal_114,0,2022-07-12 00:14:20.310,2022-07-12 00:14:25.210,50
1,valid,normal_231,0,2022-07-12 00:29:17.574,2022-07-12 00:29:20.674,32
1,valid,normal_590,0,2022-07-12 01:15:39.216,2022-07-12 01:15:42.016,29
1,valid,normal_471,0,2022-07-12 00:59:36.371,2022-07-12 00:59:38.671,24
1,valid,normal_376,0,2022-07-12 00:47:01.644,2022-07-12 00:47:03.644,21
1,valid,normal_153,0,2022-07-12 00:19:09.428,2022-07-12 00:19:14.328,50
1,valid,normal_355,0,2022-07-12 00:44:22.158,2022-07-12 00:44:27.058,50
1,valid,normal_343,0,2022-07-12 00:43:01.514,2022-07-12 00:43:05.914,45
1,valid,normal_329,0,2022-07-12 00:41:19.199,2022-07-12 00:41:24.099,50
1,valid,normal_492,0,2022-07-12 01:02:33.380,2022-07-12 01:02:38.280,50
1,valid,normal_420,0,2022-07-12 00:52:47.696,2022-07-12 00:52:51.396,38
1,valid,normal_13,0,2022-07-12 00:01:35.646,2022-07-12 00:01:39.546,40
1,valid,normal_543,0,2022-07-12 01:09:23.128,2022-07-12 01:09:28.028,50
1,valid,normal_486,0,2022-07-12 01:01:36.160,2022-07-12 01:01:40.460,44
1,valid,normal_34,0,2022-07-12 00:04:25.827,2022-07-12 00:04:30.727,50
1,valid,normal_287,0,2022-07-12 00:36:14.644,2022-07-12 00:36:19.544,50
1,valid,normal_275,0,2022-07-12 00:34:45.928,2022-07-12 00:34:50.828,50
1,valid,normal_210,0,2022-07-12 00:26:31.913,2022-07-12 00:26:36.813,50
1,valid,normal_317,0,2022-07-12 00:39:57.839,2022-07-12 00:40:02.739,50
1,valid,normal_23,0,2022-07-12 00:02:57.334,2022-07-12 00:03:02.234,50
1,valid,anomaly_8,1,2022-07-17 10:52:04.407,2022-07-17 10:52:08.307,40
1,valid,normal_42,0,2022-07-12 00:05:22.496,2022-07-12 00:05:27.396,50
1,valid,normal_507,0,2022-07-12 01:04:32.499,2022-07-12 01:04:36.199,38
1,valid,normal_295,0,2022-07-12 00:37:09.360,2022-07-12 00:37:13.460,42
1,valid,normal_146,0,2022-07-12 00:18:13.063,2022-07-12 00:18:17.963,50
1,valid,normal_585,0,2022-07-12 01:14:51.439,2022-07-12 01:14:53.839,25
1,valid,normal_589,0,2022-07-12 01:15:31.236,2022-07-12 01:15:35.336,42
1,valid,normal_25,0,2022-07-12 00:03:12.129,2022-07-12 00:03:15.629,36
1,valid,normal_369,0,2022-07-12 00:46:13.485,2022-07-12 00:46:16.085,27
1,valid,normal_307,0,2022-07-12 00:38:45.418,2022-07-12 00:38:48.818,35
1,valid,normal_204,0,2022-07-12 00:25:50.128,2022-07-12 00:25:55.028,50
1,valid,normal_358,0,2022-07-12 00:44:45.286,2022-07-12 00:44:47.186,20
1,valid,normal_166,0,2022-07-12 00:20:52.436,2022-07-12 00:20:56.636,43
1,valid,normal_520,0,2022-07-12 01:06:26.758,2022-07-12 01:06:31.658,50
1,valid,normal_479,0,2022-07-12 01:00:40.804,2022-07-12 01:00:45.704,50
1,valid,normal_300,0,2022-07-12 00:37:49.246,2022-07-12 00:37:53.946,48
1,valid,normal_579,0,2022-07-12 01:13:55.330,2022-07-12 01:13:58.730,35
1,valid,normal_182,0,2022-07-12 00:22:53.936,2022-07-12 00:22:58.836,50
1,valid,normal_66,0,2022-07-12 00:08:06.337,2022-07-12 00:08:11.237,50
1,valid,normal_559,0,2022-07-12 01:11:22.827,2022-07-12 01:11:25.727,30
1,valid,normal_59,0,2022-07-12 00:07:19.348,2022-07-12 00:07:24.248,50
1,valid,normal_194,0,2022-07-12 00:24:29.596,2022-07-12 00:24:34.496,50
1,valid,normal_296,0,2022-07-12 00:37:17.426,2022-07-12 00:37:20.226,29
1,valid,normal_105,0,2022-07-12 00:13:07.971,2022-07-12 00:13:11.271,34
1,valid,normal_480,0,2022-07-12 01:00:50.060,2022-07-12 01:00:54.960,50
1,valid,normal_401,0,2022-07-12 00:50:15.827,2022-07-12 00:50:20.727,50
1,valid,normal_458,0,2022-07-12 00:57:52.787,2022-07-12 00:57:55.387,27
1,test,normal_1,0,2022-07-12 00:00:00.019,2022-07-12 00:00:04.019,41
1,test,normal_3,0,2022-07-12 00:00:15.267,2022-07-12 00:00:17.567,24
1,test,normal_8,0,2022-07-12 00:00:55.468,2022-07-12 00:00:59.468,41
1,test,normal_51,0,2022-07-12 00:06:25.547,2022-07-12 00:06:27.647,22
1,test,normal_56,0,2022-07-12 00:06:57.798,2022-07-12 00:07:02.698,50
1,test,normal_58,0,2022-07-12 00:07:12.647,2022-07-12 00:07:17.547,50
1,test,normal_62,0,2022-07-12 00:07:39.560,2022-07-12 00:07:44.460,50
1,test,normal_71,0,2022-07-12 00:08:46.662,2022-07-12 00:08:51.562,50
1,test,normal_77,0,2022-07-12 00:09:28.152,2022-07-12 00:09:33.052,50
1,test,normal_79,0,2022-07-12 00:09:41.691,2022-07-12 00:09:46.591,50
1,test,normal_86,0,2022-07-12 00:10:35.872,2022-07-12 00:10:40.372,46
1,test,normal_87,0,2022-07-12 00:10:43.851,2022-07-12 00:10:47.051,33
1,test,normal_95,0,2022-07-12 00:11:49.526,2022-07-12 00:11:54.426,50
1,test,normal_99,0,2022-07-12 00:12:20.177,2022-07-12 00:12:22.477,24
1,test,normal_102,0,2022-07-12 00:12:44.747,2022-07-12 00:12:49.647,50
1,test,normal_103,0,2022-07-12 00:12:52.064,2022-07-12 00:12:56.464,45
1,test,normal_115,0,2022-07-12 00:14:27.908,2022-07-12 00:14:31.808,40
1,test,normal_130,0,2022-07-12 00:16:11.955,2022-07-12 00:16:13.855,20
1,test,normal_147,0,2022-07-12 00:18:20.724,2022-07-12 00:18:24.624,40
1,test,normal_160,0,2022-07-12 00:20:04.636,2022-07-12 00:20:09.536,50
1,test,normal_167,0,2022-07-12 00:21:00.416,2022-07-12 00:21:03.516,32
1,test,normal_173,0,2022-07-12 00:21:49.428,2022-07-12 00:21:51.928,26
1,test,normal_177,0,2022-07-12 00:22:13.849,2022-07-12 00:22:18.749,50
1,test,normal_178,0,2022-07-12 00:22:21.169,2022-07-12 00:22:25.669,46
1,test,normal_183,0,2022-07-12 00:23:01.103,2022-07-12 00:23:05.703,47
1,test,normal_185,0,2022-07-12 00:23:17.204,2022-07-12 00:23:20.404,33
1,test,normal_188,0,2022-07-12 00:23:42.270,2022-07-12 00:23:47.170,50
1,test,normal_190,0,2022-07-12 00:23:56.987,2022-07-12 00:24:00.487,36
1,test,normal_206,0,2022-07-12 00:26:05.260,2022-07-12 00:26:08.460,33
1,test,normal_207,0,2022-07-12 00:26:13.208,2022-07-12 00:26:15.308,22
1,test,normal_212,0,2022-07-12 00:26:45.464,2022-07-12 00:26:50.364,50
1,test,normal_223,0,2022-07-12 00:28:14.008,2022-07-12 00:28:18.908,50
1,test,normal_224,0,2022-07-12 00:28:21.540,2022-07-12 00:28:25.440,40
1,test,normal_225,0,2022-07-12 00:28:29.532,2022-07-12 00:28:32.332,29
1,test,normal_229,0,2022-07-12 00:29:02.224,2022-07-12 00:29:07.124,50
1,test,normal_237,0,2022-07-12 00:29:58.044,2022-07-12 00:30:00.544,26
1,test,normal_243,0,2022-07-12 00:30:38.043,2022-07-12 00:30:40.843,29
1,test,normal_246,0,2022-07-12 00:31:02.945,2022-07-12 00:31:07.845,50
1,test,normal_258,0,2022-07-12 00:32:38.608,2022-07-12 00:32:43.508,50
1,test,normal_260,0,2022-07-12 00:32:53.644,2022-07-12 00:32:56.744,32
1,test,normal_265,0,2022-07-12 00:33:34.840,2022-07-12 00:33:39.740,50
1,test,normal_266,0,2022-07-12 00:33:41.534,2022-07-12 00:33:46.434,50
1,test,normal_268,0,2022-07-12 00:33:57.398,2022-07-12 00:33:59.898,26
1,test,normal_288,0,2022-07-12 00:36:21.560,2022-07-12 00:36:26.460,50
1,test,normal_294,0,2022-07-12 00:37:02.032,2022-07-12 00:37:06.932,50
1,test,normal_299,0,2022-07-12 00:37:42.318,2022-07-12 00:37:47.218,50
1,test,normal_304,0,2022-07-12 00:38:22.496,2022-07-12 00:38:27.396,50
1,test,normal_305,0,2022-07-12 00:38:29.302,2022-07-12 00:38:34.202,50
1,test,normal_310,0,2022-07-12 00:39:10.908,2022-07-12 00:39:15.808,50
1,test,normal_311,0,2022-07-12 00:39:17.687,2022-07-12 00:39:22.587,50
1,test,normal_349,0,2022-07-12 00:43:41.601,2022-07-12 00:43:46.501,50
1,test,normal_356,0,2022-07-12 00:44:29.332,2022-07-12 00:44:33.832,46
1,test,normal_363,0,2022-07-12 00:45:25.336,2022-07-12 00:45:28.636,34
1,test,normal_367,0,2022-07-12 00:45:57.561,2022-07-12 00:46:02.461,50
1,test,normal_387,0,2022-07-12 00:48:22.150,2022-07-12 00:48:24.850,28
1,test,normal_390,0,2022-07-12 00:48:40.145,2022-07-12 00:48:45.045,50
1,test,normal_392,0,2022-07-12 00:48:54.584,2022-07-12 00:48:58.384,39
1,test,normal_397,0,2022-07-12 00:49:34.708,2022-07-12 00:49:39.008,44
1,test,normal_398,0,2022-07-12 00:49:42.699,2022-07-12 00:49:45.799,32
1,test,normal_403,0,2022-07-12 00:50:30.952,2022-07-12 00:50:34.252,34
1,test,normal_404,0,2022-07-12 00:50:38.906,2022-07-12 00:50:40.906,21
1,test,normal_406,0,2022-07-12 00:50:56.424,2022-07-12 00:51:01.324,50
1,test,normal_408,0,2022-07-12 00:51:10.863,2022-07-12 00:51:14.563,38
1,test,normal_411,0,2022-07-12 00:51:36.856,2022-07-12 00:51:41.756,50
1,test,normal_421,0,2022-07-12 00:52:55.616,2022-07-12 00:52:57.816,23
1,test,normal_426,0,2022-07-12 00:53:35.908,2022-07-12 00:53:38.208,24
1,test,normal_428,0,2022-07-12 00:53:53.254,2022-07-12 00:53:58.154,50
1,test,normal_430,0,2022-07-12 00:54:07.775,2022-07-12 00:54:11.575,39
1,test,normal_451,0,2022-07-12 00:56:56.793,2022-07-12 00:57:01.493,48
1,test,normal_453,0,2022-07-12 00:57:12.712,2022-07-12 00:57:15.012,24
1,test,normal_463,0,2022-07-12 00:58:32.643,2022-07-12 00:58:35.943,34
1,test,normal_469,0,2022-07-12 00:59:20.419,2022-07-12 00:59:23.919,36
1,test,normal_473,0,2022-07-12 00:59:53.992,2022-07-12 00:59:58.892,50
1,test,normal_475,0,2022-07-12 01:00:08.365,2022-07-12 01:00:12.165,39
1,test,normal_485,0,2022-07-12 01:01:28.171,2022-07-12 01:01:32.471,44
1,test,normal_488,0,2022-07-12 01:01:52.260,2022-07-12 01:01:55.660,35
1,test,normal_508,0,2022-07-12 01:04:40.439,2022-07-12 01:04:43.039,27
1,test,normal_511,0,2022-07-12 01:05:04.844,2022-07-12 01:05:09.744,50
1,test,normal_526,0,2022-07-12 01:07:14.504,2022-07-12 01:07:19.404,50
1,test,normal_529,0,2022-07-12 01:07:37.255,2022-07-12 01:07:39.655,25
1,test,normal_545,0,2022-07-12 01:09:37.774,2022-07-12 01:09:41.274,36
1,test,normal_549,0,2022-07-12 01:10:11.168,2022-07-12 01:10:16.068,50
1,test,normal_550,0,2022-07-12 01:10:18.055,2022-07-12 01:10:22.855,49
1,test,normal_551,0,2022-07-12 01:10:26.247,2022-07-12 01:10:30.747,46
1,test,normal_556,0,2022-07-12 01:11:00.537,2022-07-12 01:11:05.437,50
1,test,normal_564,0,2022-07-12 01:12:03.184,2022-07-12 01:12:07.484,44
1,test,normal_569,0,2022-07-12 01:12:36.055,2022-07-12 01:12:40.955,50
1,test,normal_577,0,2022-07-12 01:13:39.456,2022-07-12 01:13:44.256,49
1,test,normal_580,0,2022-07-12 01:14:03.369,2022-07-12 01:14:05.669,24
1,test,normal_583,0,2022-07-12 01:14:35.252,2022-07-12 01:14:40.152,50
1,test,normal_596,0,2022-07-12 01:16:27.377,2022-07-12 01:16:29.477,22
1,test,anomaly_12,1,2022-07-17 10:52:38.172,2022-07-17 10:52:43.072,50
1,test,anomaly_14,1,2022-07-17 10:52:53.769,2022-07-17 10:52:56.469,28
2,train,normal_199,0,2022-07-12 00:25:10.148,2022-07-12 00:25:15.048,50
2,train,normal_70,0,2022-07-12 00:08:39.956,2022-07-12 00:08:44.856,50
2,train,normal_480,0,2022-07-12 01:00:50.060,2022-07-12 01:00:54.960,50
2,train,normal_87,0,2022-07-12 00:10:43.851,2022-07-12 00:10:47.051,33
2,train,normal_96,0,2022-07-12 00:11:56.244,2022-07-12 00:12:01.144,50
2,train,normal_579,0,2022-07-12 01:13:55.330,2022-07-12 01:13:58.730,35
2,train,normal_506,0,2022-07-12 01:04:24.809,2022-07-12 01:04:29.709,50
2,train,normal_62,0,2022-07-12 00:07:39.560,2022-07-12 00:07:44.460,50
2,train,normal_532,0,2022-07-12 01:07:54.616,2022-07-12 01:07:59.516,50
2,train,normal_475,0,2022-07-12 01:00:08.365,2022-07-12 01:00:12.165,39
2,train,normal_135,0,2022-07-12 00:16:52.351,2022-07-12 00:16:54.451,22
2,train,normal_14,0,2022-07-12 00:01:43.757,2022-07-12 00:01:46.157,25
2,train,normal_219,0,2022-07-12 00:27:41.443,2022-07-12 00:27:45.143,38
2,train,normal_526,0,2022-07-12 01:07:14.504,2022-07-12 01:07:19.404,50
2,train,normal_266,0,2022-07-12 00:33:41.534,2022-07-12 00:33:46.434,50
2,train,normal_212,0,2022-07-12 00:26:45.464,2022-07-12 00:26:50.364,50
2,train,normal_276,0,2022-07-12 00:34:53.056,2022-07-12 00:34:57.656,47
2,train,normal_17,0,2022-07-12 00:02:07.924,2022-07-12 00:02:12.824,50
2,train,normal_544,0,2022-07-12 01:09:29.681,2022-07-12 01:09:34.581,50
2,train,normal_243,0,2022-07-12 00:30:38.043,2022-07-12 00:30:40.843,29
2,train,normal_425,0,2022-07-12 00:53:27.876,2022-07-12 00:53:31.376,36
2,train,normal_173,0,2022-07-12 00:21:49.428,2022-07-12 00:21:51.928,26
2,train,normal_193,0,2022-07-12 00:24:22.654,2022-07-12 00:24:27.554,50
2,train,normal_537,0,2022-07-12 01:08:34.704,2022-07-12 01:08:39.604,50
2,train,normal_316,0,2022-07-12 00:39:51.184,2022-07-12 00:39:56.084,50
2,train,normal_356,0,2022-07-12 00:44:29.332,2022-07-12 00:44:33.832,46
2,train,normal_63,0,2022-07-12 00:07:46.324,2022-07-12 00:07:51.224,50
2,train,normal_476,0,2022-07-12 01:00:16.392,2022-07-12 01:00:18.992,27
2,train,normal_326,0,2022-07-12 00:41:01.166,2022-07-12 00:41:04.066,30
2,train,normal_189,0,2022-07-12 00:23:48.975,2022-07-12 00:23:53.875,50
2,train,normal_535,0,2022-07-12 01:08:17.218,2022-07-12 01:08:19.618,25
2,train,normal_73,0,2022-07-12 00:09:00.084,2022-07-12 00:09:04.984,50
2,train,normal_92,0,2022-07-12 00:11:24.056,2022-07-12 00:11:27.556,36
2,train,normal_30,0,2022-07-12 00:04:00.140,2022-07-12 00:04:04.240,42
2,train,normal_351,0,2022-07-12 00:43:57.268,2022-07-12 00:43:59.968,28
2,train,normal_596,0,2022-07-12 01:16:27.377,2022-07-12 01:16:29.477,22
2,train,normal_86,0,2022-07-12 00:10:35.872,2022-07-12 00:10:40.372,46
2,train,normal_139,0,2022-07-12 00:17:24.527,2022-07-12 00:17:29.227,48
2,train,normal_527,0,2022-07-12 01:07:21.267,2022-07-12 01:07:26.067,49
2,train,normal_457,0,2022-07-12 00:57:44.792,2022-07-12 00:57:48.592,39
2,train,normal_421,0,2022-07-12 00:52:55.616,2022-07-12 00:52:57.816,23
2,train,normal_407,0,2022-07-12 00:51:03.048,2022-07-12 00:51:07.948,50
2,train,normal_463,0,2022-07-12 00:58:32.643,2022-07-12 00:58:35.943,34
2,train,normal_106,0,2022-07-12 00:13:15.873,2022-07-12 00:13:17.973,22
2,train,normal_258,0,2022-07-12 00:32:38.608,2022-07-12 00:32:43.508,50
2,train,normal_74,0,2022-07-12 00:09:06.833,2022-07-12 00:09:11.733,50
2,train,normal_1,0,2022-07-12 00:00:00.019,2022-07-12 00:00:04.019,41
2,train,normal_51,0,2022-07-12 00:06:25.547,2022-07-12 00:06:27.647,22
2,train,normal_437,0,2022-07-12 00:55:04.088,2022-07-12 00:55:06.188,22
2,train,normal_110,0,2022-07-12 00:13:47.957,2022-07-12 00:13:51.557,37
2,train,normal_528,0,2022-07-12 01:07:29.260,2022-07-12 01:07:32.760,36
2,train,normal_50,0,2022-07-12 00:06:16.934,2022-07-12 00:06:20.834,40
2,train,normal_283,0,2022-07-12 00:35:49.315,2022-07-12 00:35:52.515,33
2,train,normal_16,0,2022-07-12 00:02:01.294,2022-07-12 00:02:06.194,50
2,train,normal_411,0,2022-07-12 00:51:36.856,2022-07-12 00:51:41.756,50
2,train,normal_310,0,2022-07-12 00:39:10.908,2022-07-12 00:39:15.808,50
2,train,normal_155,0,2022-07-12 00:19:24.471,2022-07-12 00:19:29.071,47
2,train,normal_450,0,2022-07-12 00:56:49.884,2022-07-12 00:56:54.784,50
2,train,normal_337,0,2022-07-12 00:42:21.316,2022-07-12 00:42:24.616,34
2,train,normal_375,0,2022-07-12 00:46:53.743,2022-07-12 00:46:56.643,30
2,train,normal_500,0,2022-07-12 01:03:36.502,2022-07-12 01:03:41.402,50
2,train,normal_240,0,2022-07-12 00:30:15.875,2022-07-12 00:30:20.775,50
2,train,normal_265,0,2022-07-12 00:33:34.840,2022-07-12 00:33:39.740,50
2,train,normal_522,0,2022-07-12 01:06:41.133,2022-07-12 01:06:44.933,39
2,train,normal_160,0,2022-07-12 00:20:04.636,2022-07-12 00:20:09.536,50
2,train,normal_311,0,2022-07-12 00:39:17.687,2022-07-12 00:39:22.587,50
2,train,normal_484,0,2022-07-12 01:01:20.296,2022-07-12 01:01:24.596,44
2,train,normal_104,0,2022-07-12 00:13:00.089,2022-07-12 00:13:03.389,34
2,train,normal_252,0,2022-07-12 00:31:51.200,2022-07-12 00:31:56.100,50
2,train,normal_446,0,2022-07-12 00:56:16.827,2022-07-12 00:56:21.127,44
2,train,normal_262,0,2022-07-12 00:33:09.576,2022-07-12 00:33:11.576,21
2,train,normal_24,0,2022-07-12 00:03:04.000,2022-07-12 00:03:08.900,50
2,train,normal_229,0,2022-07-12 00:29:02.224,2022-07-12 00:29:07.124,50
2,train,normal_578,0,2022-07-12 01:13:47.379,2022-07-12 01:13:50.779,35
2,train,normal_553,0,2022-07-12 01:10:42.242,2022-07-12 01:10:45.242,31
2,train,normal_412,0,2022-07-12 00:51:43.448,2022-07-12 00:51:48.348,50
2,train,normal_137,0,2022-07-12 00:17:09.540,2022-07-12 00:17:14.440,50
2,train,normal_523,0,2022-07-12 01:06:49.173,2022-07-12 01:06:51.573,25
2,train,normal_357,0,2022-07-12 00:44:37.312,2022-07-12 00:44:40.412,32
2,train,normal_342,0,2022-07-12 00:42:54.375,2022-07-12 00:42:59.275,50
2,train,normal_3,0,2022-07-12 00:00:15.267,2022-07-12 00:00:17.567,24
2,train,normal_237,0,2022-07-12 00:29:58.044,2022-07-12 00:30:00.544,26
2,train,normal_297,0,2022-07-12 00:37:25.356,2022-07-12 00:37:27.256,20
2,train,normal_295,0,2022-07-12 00:37:09.360,2022-07-12 00:37:13.460,42
2,train,normal_97,0,2022-07-12 00:12:04.143,2022-07-12 00:12:07.843,38
2,train,normal_304,0,2022-07-12 00:38:22.496,2022-07-12 00:38:27.396,50
2,train,normal_241,0,2022-07-12 00:30:22.688,2022-07-12 00:30:27.588,50
2,train,normal_77,0,2022-07-12 00:09:28.152,2022-07-12 00:09:33.052,50
2,train,normal_80,0,2022-07-12 00:09:48.366,2022-07-12 00:09:53.266,50
2,train,normal_441,0,2022-07-12 00:55:36.468,2022-07-12 00:55:39.768,34
2,train,normal_218,0,2022-07-12 00:27:33.464,2022-07-12 00:27:38.364,50
2,train,normal_520,0,2022-07-12 01:06:26.758,2022-07-12 01:06:31.658,50
2,train,normal_64,0,2022-07-12 00:07:52.879,2022-07-12 00:07:57.779,50
2,train,normal_573,0,2022-07-12 01:13:07.457,2022-07-12 01:13:09.357,20
2,train,normal_546,0,2022-07-12 01:09:45.835,2022-07-12 01:09:47.935,22
2,train,normal_404,0,2022-07-12 00:50:38.906,2022-07-12 00:50:40.906,21
2,train,normal_474,0,2022-07-12 01:00:00.660,2022-07-12 01:00:05.560,50
2,train,normal_117,0,2022-07-12 00:14:43.837,2022-07-12 00:14:46.437,27
2,train,normal_299,0,2022-07-12 00:37:42.318,2022-07-12 00:37:47.218,50
2,train,normal_85,0,2022-07-12 00:10:28.656,2022-07-12 00:10:33.556,50
2,train,normal_103,0,2022-07-12 00:12:52.064,2022-07-12 00:12:56.464,45
2,train,normal_348,0,2022-07-12 00:43:35.064,2022-07-12 00:43:39.964,50
2,train,normal_38,0,2022-07-12 00:04:56.641,2022-07-12 00:04:58.941,24
2,train,normal_95,0,2022-07-12 00:11:49.526,2022-07-12 00:11:54.426,50
2,train,normal_300,0,2022-07-12 00:37:49.246,2022-07-12 00:37:53.946,48
2,train,normal_105,0,2022-07-12 00:13:07.971,2022-07-12 00:13:11.271,34
2,train,normal_533,0,2022-07-12 01:08:01.324,2022-07-12 01:08:06.224,50
2,train,normal_99,0,2022-07-12 00:12:20.177,2022-07-12 00:12:22.477,24
2,train,normal_267,0,2022-07-12 00:33:49.428,2022-07-12 00:33:53.228,39
2,train,normal_361,0,2022-07-12 00:45:10.440,2022-07-12 00:45:15.340,50
2,train,normal_473,0,2022-07-12 00:59:53.992,2022-07-12 00:59:58.892,50
2,train,normal_349,0,2022-07-12 00:43:41.601,2022-07-12 00:43:46.501,50
2,train,normal_55,0,2022-07-12 00:06:49.646,2022-07-12 00:06:54.546,50
2,train,normal_274,0,2022-07-12 00:34:37.168,2022-07-12 00:34:41.568,45
2,train,normal_494,0,2022-07-12 01:02:48.171,2022-07-12 01:02:51.971,39
2,train,normal_556,0,2022-07-12 01:11:00.537,2022-07-12 01:11:05.437,50
2,train,normal_246,0,2022-07-12 00:31:02.945,2022-07-12 00:31:07.845,50
2,train,normal_190,0,2022-07-12 00:23:56.987,2022-07-12 00:24:00.487,36
2,train,normal_350,0,2022-07-12 00:43:49.346,2022-07-12 00:43:53.346,41
2,train,normal_129,0,2022-07-12 00:16:03.804,2022-07-12 00:16:07.304,36
2,train,normal_487,0,2022-07-12 01:01:44.306,2022-07-12 01:01:48.506,43
2,train,normal_293,0,2022-07-12 00:36:55.156,2022-07-12 00:37:00.056,50
2,train,normal_464,0,2022-07-12 00:58:40.588,2022-07-12 00:58:43.888,34
2,train,normal_230,0,2022-07-12 00:29:09.592,2022-07-12 00:29:13.792,43
2,train,normal_76,0,2022-07-12 00:09:20.084,2022-07-12 00:09:24.984,50
2,train,normal_398,0,2022-07-12 00:49:42.699,2022-07-12 00:49:45.799,32
2,train,normal_571,0,2022-07-12 01:12:51.468,2022-07-12 01:12:55.568,42
2,train,normal_134,0,2022-07-12 00:16:44.325,2022-07-12 00:16:47.725,35
2,train,normal_396,0,2022-07-12 00:49:27.367,2022-07-12 00:49:32.267,50
2,train,normal_551,0,2022-07-12 01:10:26.247,2022-07-12 01:10:30.747,46
2,train,normal_294,0,2022-07-12 00:37:02.032,2022-07-12 00:37:06.932,50
2,train,normal_56,0,2022-07-12 00:06:57.798,2022-07-12 00:07:02.698,50
2,train,normal_141,0,2022-07-12 00:17:40.504,2022-07-12 00:17:42.704,23
2,train,normal_486,0,2022-07-12 01:01:36.160,2022-07-12 01:01:40.460,44
2,train,normal_589,0,2022-07-12 01:15:31.236,2022-07-12 01:15:35.336,42
2,train,normal_569,0,2022-07-12 01:12:36.055,2022-07-12 01:12:40.955,50
2,train,normal_178,0,2022-07-12 00:22:21.169,2022-07-12 00:22:25.669,46
2,train,normal_508,0,2022-07-12 01:04:40.439,2022-07-12 01:04:43.039,27
2,train,normal_220,0,2022-07-12 00:27:49.507,2022-07-12 00:27:51.807,24
2,train,normal_481,0,2022-07-12 01:00:56.832,2022-07-12 01:01:01.732,50
2,train,normal_424,0,2022-07-12 00:53:19.759,2022-07-12 00:53:24.559,49
2,train,normal_288,0,2022-07-12 00:36:21.560,2022-07-12 00:36:26.460,50
2,train,normal_498,0,2022-07-12 01:03:22.041,2022-07-12 01:03:26.941,50
2,train,normal_19,0,2022-07-12 00:02:23.876,2022-07-12 00:02:27.376,36
2,train,normal_558,0,2022-07-12 01:11:14.704,2022-07-12 01:11:19.104,45
2,train,normal_543,0,2022-07-12 01:09:23.128,2022-07-12 01:09:28.028,50
2,train,normal_468,0,2022-07-12 00:59:12.485,2022-07-12 00:59:17.285,49
2,train,normal_306,0,2022-07-12 00:38:37.296,2022-07-12 00:38:40.996,38
2,train,normal_72,0,2022-07-12 00:08:53.480,2022-07-12 00:08:58.380,50
2,train,anomaly_4,1,2022-07-17 10:51:31.734,2022-07-17 10:51:34.734,31
2,train,normal_162,0,2022-07-12 00:20:20.537,2022-07-12 00:20:23.037,26
2,train,normal_408,0,2022-07-12 00:51:10.863,2022-07-12 00:51:14.563,38
2,train,anomaly_3,1,2022-07-17 10:51:23.615,2022-07-17 10:51:28.215,47
2,train,normal_177,0,2022-07-12 00:22:13.849,2022-07-12 00:22:18.749,50
2,train,normal_515,0,2022-07-12 01:05:45.204,2022-07-12 01:05:50.104,50
2,train,normal_401,0,2022-07-12 00:50:15.827,2022-07-12 00:50:20.727,50
2,train,normal_447,0,2022-07-12 00:56:24.832,2022-07-12 00:56:27.832,31
2,train,normal_529,0,2022-07-12 01:07:37.255,2022-07-12 01:07:39.655,25
2,train,normal_23,0,2022-07-12 00:02:57.334,2022-07-12 00:03:02.234,50
2,train,normal_428,0,2022-07-12 00:53:53.254,2022-07-12 00:53:58.154,50
2,train,normal_549,0,2022-07-12 01:10:11.168,2022-07-12 01:10:16.068,50
2,train,normal_391,0,2022-07-12 00:48:46.796,2022-07-12 00:48:51.696,50
2,train,normal_318,0,2022-07-12 00:40:05.260,2022-07-12 00:40:09.360,42
2,train,normal_599,0,2022-07-12 01:16:51.528,2022-07-12 01:16:55.828,44
2,train,normal_360,0,2022-07-12 00:45:02.356,2022-07-12 00:45:07.256,50
2,train,normal_140,0,2022-07-12 00:17:32.480,2022-07-12 00:17:35.880,35
2,train,normal_206,0,2022-07-12 00:26:05.260,2022-07-12 00:26:08.460,33
2,train,normal_213,0,2022-07-12 00:26:53.334,2022-07-12 00:26:57.034,38
2,train,normal_312,0,2022-07-12 00:39:25.531,2022-07-12 00:39:29.231,38
2,train,normal_495,0,2022-07-12 01:02:56.132,2022-07-12 01:02:58.732,27
2,train,normal_564,0,2022-07-12 01:12:03.184,2022-07-12 01:12:07.484,44
2,train,normal_253,0,2022-07-12 00:31:58.020,2022-07-12 00:32:02.920,50
2,train,normal_2,0,2022-07-12 00:00:07.224,2022-07-12 00:00:10.824,37
2,train,normal_538,0,2022-07-12 01:08:41.601,2022-07-12 01:08:46.501,50
2,train,normal_575,0,2022-07-12 01:13:24.740,2022-07-12 01:13:29.640,50
2,train,normal_362,0,2022-07-12 00:45:17.244,2022-07-12 00:45:22.144,50
2,train,normal_488,0,2022-07-12 01:01:52.260,2022-07-12 01:01:55.660,35
2,train,normal_534,0,2022-07-12 01:08:09.198,2022-07-12 01:08:12.898,38
2,train,normal_272,0,2022-07-12 00:34:21.987,2022-07-12 00:34:26.887,50
2,train,normal_259,0,2022-07-12 00:32:45.771,2022-07-12 00:32:50.171,45
2,train,normal_379,0,2022-07-12 00:47:18.491,2022-07-12 00:47:23.391,50
2,train,normal_147,0,2022-07-12 00:18:20.724,2022-07-12 00:18:24.624,40
2,train,normal_67,0,2022-07-12 00:08:13.092,2022-07-12 00:08:17.992,50
2,train,normal_431,0,2022-07-12 00:54:15.782,2022-07-12 00:54:18.482,28
2,train,normal_185,0,2022-07-12 00:23:17.204,2022-07-12 00:23:20.404,33
2,train,normal_224,0,2022-07-12 00:28:21.540,2022-07-12 00:28:25.440,40
2,train,normal_123,0,2022-07-12 00:15:23.669,2022-07-12 00:15:26.469,29
2,train,anomaly_13,1,2022-07-17 10:52:45.655,2022-07-17 10:52:49.755,42
2,train,normal_380,0,2022-07-12 00:47:25.788,2022-07-12 00:47:29.988,43
2,train,normal_563,0,2022-07-12 01:11:55.696,2022-07-12 01:12:00.596,50
2,train,normal_369,0,2022-07-12 00:46:13.485,2022-07-12 00:46:16.085,27
2,train,normal_98,0,2022-07-12 00:12:12.164,2022-07-12 00:12:14.564,25
2,train,normal_296,0,2022-07-12 00:37:17.426,2022-07-12 00:37:20.226,29
2,train,normal_521,0,2022-07-12 01:06:33.408,2022-07-12 01:06:38.308,50
2,train,normal_414,0,2022-07-12 00:51:59.201,2022-07-12 00:52:01.901,28
2,train,normal_577,0,2022-07-12 01:13:39.456,2022-07-12 01:13:44.256,49
2,train,anomaly_14,1,2022-07-17 10:52:53.769,2022-07-17 10:52:56.469,28
2,train,normal_399,0,2022-07-12 00:49:50.587,2022-07-12 00:49:52.687,22
2,train,normal_364,0,2022-07-12 00:45:33.352,2022-07-12 00:45:35.352,21
2,train,normal_583,0,2022-07-12 01:14:35.252,2022-07-12 01:14:40.152,50
2,train,normal_154,0,2022-07-12 00:19:17.374,2022-07-12 00:19:22.274,50
2,train,normal_171,0,2022-07-12 00:21:33.358,2022-07-12 00:21:37.458,42
2,train,normal_582,0,2022-07-12 01:14:28.769,2022-07-12 01:14:33.669,50
2,train,normal_194,0,2022-07-12 00:24:29.596,2022-07-12 00:24:34.496,50
2,train,normal_127,0,2022-07-12 00:15:48.726,2022-07-12 00:15:53.626,50
2,train,normal_12,0,2022-07-12 00:01:27.857,2022-07-12 00:01:32.757,50
2,train,normal_35,0,2022-07-12 00:04:32.537,2022-07-12 00:04:37.437,50
2,train,normal_60,0,2022-07-12 00:07:25.971,2022-07-12 00:07:30.871,50
2,train,normal_196,0,2022-07-12 00:24:45.075,2022-07-12 00:24:47.875,29
2,train,normal_384,0,2022-07-12 00:47:59.731,2022-07-12 00:48:04.631,50
2,train,normal_550,0,2022-07-12 01:10:18.055,2022-07-12 01:10:22.855,49
2,train,normal_418,0,2022-07-12 00:52:32.972,2022-07-12 00:52:37.872,50
2,train,normal_435,0,2022-07-12 00:54:48.044,2022-07-12 00:54:52.844,49
2,train,normal_505,0,2022-07-12 01:04:17.855,2022-07-12 01:04:22.755,50
2,train,normal_402,0,2022-07-12 00:50:22.836,2022-07-12 00:50:27.336,46
2,train,normal_81,0,2022-07-12 00:09:55.827,2022-07-12 00:09:59.927,42
2,train,normal_281,0,2022-07-12 00:35:34.214,2022-07-12 00:35:39.114,50
2,train,normal_397,0,2022-07-12 00:49:34.708,2022-07-12 00:49:39.008,44
2,train,normal_406,0,2022-07-12 00:50:56.424,2022-07-12 00:51:01.324,50
2,train,normal_31,0,2022-07-12 00:04:08.213,2022-07-12 00:04:10.813,27
2,train,normal_79,0,2022-07-12 00:09:41.691,2022-07-12 00:09:46.591,50
2,train,anomaly_8,1,2022-07-17 10:52:04.407,2022-07-17 10:52:08.307,40
2,train,normal_93,0,2022-07-12 00:11:32.266,2022-07-12 00:11:34.466,23
2,train,normal_248,0,2022-07-12 00:31:17.932,2022-07-12 00:31:22.832,50
2,train,normal_82,0,2022-07-12 00:10:03.867,2022-07-12 00:10:06.867,31
2,train,normal_273,0,2022-07-12 00:34:29.244,2022-07-12 00:34:33.444,43
2,train,normal_115,0,2022-07-12 00:14:27.908,2022-07-12 00:14:31.808,40
2,train,normal_172,0,2022-07-12 00:21:41.500,2022-07-12 00:21:44.100,27
2,train,normal_36,0,2022-07-12 00:04:40.416,2022-07-12 00:04:44.116,38
2,train,normal_451,0,2022-07-12 00:56:56.793,2022-07-12 00:57:01.493,48
2,train,normal_335,0,2022-07-12 00:42:06.134,2022-07-12 00:42:11.034,50
2,train,normal_331,0,2022-07-12 00:41:33.240,2022-07-12 00:41:37.340,42
2,train,normal_344,0,2022-07-12 00:43:09.436,2022-07-12 00:43:12.736,34
2,train,normal_284,0,2022-07-12 00:35:57.296,2022-07-12 00:35:59.396,22
2,train,normal_330,0,2022-07-12 00:41:25.865,2022-07-12 00:41:30.765,50
2,train,normal_59,0,2022-07-12 00:07:19.348,2022-07-12 00:07:24.248,50
2,train,normal_156,0,2022-07-12 00:19:32.476,2022-07-12 00:19:35.776,34
2,train,normal_68,0,2022-07-12 00:08:26.424,2022-07-12 00:08:31.324,50
2,train,normal_570,0,2022-07-12 01:12:43.312,2022-07-12 01:12:47.612,44
2,train,normal_501,0,2022-07-12 01:03:44.460,2022-07-12 01:03:48.060,37
2,train,normal_512,0,2022-07-12 01:05:12.740,2022-07-12 01:05:16.440,38
2,train,normal_8,0,2022-07-12 00:00:55.468,2022-07-12 00:00:59.468,41
2,train,normal_482,0,2022-07-12 01:01:04.524,2022-07-12 01:01:08.524,41
2,train,normal_525,0,2022-07-12 01:07:07.819,2022-07-12 01:07:12.719,50
2,train,normal_71,0,2022-07-12 00:08:46.662,2022-07-12 00:08:51.562,50
2,train,normal_336,0,2022-07-12 00:42:13.314,2022-07-12 00:42:17.714,45
2,train,normal_37,0,2022-07-12 00:04:48.455,2022-07-12 00:04:52.055,37
2,train,normal_485,0,2022-07-12 01:01:28.171,2022-07-12 01:01:32.471,44
2,train,normal_430,0,2022-07-12 00:54:07.775,2022-07-12 00:54:11.575,39
2,train,normal_436,0,2022-07-12 00:54:56.093,2022-07-12 00:54:59.493,35
2,train,normal_479,0,2022-07-12 01:00:40.804,2022-07-12 01:00:45.704,50
2,train,normal_372,0,2022-07-12 00:46:31.584,2022-07-12 00:46:36.484,50
2,train,normal_183,0,2022-07-12 00:23:01.103,2022-07-12 00:23:05.703,47
2,train,normal_587,0,2022-07-12 01:15:17.019,2022-07-12 01:15:21.919,50
2,train,normal_507,0,2022-07-12 01:04:32.499,2022-07-12 01:04:36.199,38
2,train,normal_465,0,2022-07-12 00:58:48.559,2022-07-12 00:58:50.459,20
2,train,normal_423,0,2022-07-12 00:53:13.056,2022-07-12 00:53:17.956,50
2,train,normal_540,0,2022-07-12 01:08:57.709,2022-07-12 01:08:59.909,23
2,train,normal_111,0,2022-07-12 00:13:55.976,2022-07-12 00:13:58.176,23
2,train,normal_448,0,2022-07-12 00:56:32.839,2022-07-12 00:56:34.839,21
2,train,normal_585,0,2022-07-12 01:14:51.439,2022-07-12 01:14:53.839,25
2,train,normal_374,0,2022-07-12 00:46:45.658,2022-07-12 00:46:49.858,43
2,train,anomaly_12,1,2022-07-17 10:52:38.172,2022-07-17 10:52:43.072,50
2,train,anomaly_2,1,2022-07-17 10:51:16.724,2022-07-17 10:51:21.624,50
2,train,normal_502,0,2022-07-12 01:03:52.400,2022-07-12 01:03:54.700,24
2,train,normal_153,0,2022-07-12 00:19:09.428,2022-07-12 00:19:14.328,50
2,train,normal_287,0,2022-07-12 00:36:14.644,2022-07-12 00:36:19.544,50
2,train,normal_66,0,2022-07-12 00:08:06.337,2022-07-12 00:08:11.237,50
2,train,normal_413,0,2022-07-12 00:51:51.236,2022-07-12 00:51:55.136,40
2,train,normal_133,0,2022-07-12 00:16:36.267,2022-07-12 00:16:41.067,49
2,train,normal_313,0,2022-07-12 00:39:33.471,2022-07-12 00:39:35.771,24
2,train,normal_580,0,2022-07-12 01:14:03.369,2022-07-12 01:14:05.669,24
2,train,anomaly_17,1,2022-07-17 10:53:18.444,2022-07-17 10:53:23.344,50
2,train,normal_445,0,2022-07-12 00:56:09.664,2022-07-12 00:56:14.564,50
2,train,normal_387,0,2022-07-12 00:48:22.150,2022-07-12 00:48:24.850,28
2,train,normal_493,0,2022-07-12 01:02:40.198,2022-07-12 01:02:45.098,50
2,train,normal_453,0,2022-07-12 00:57:12.712,2022-07-12 00:57:15.012,24
2,train,normal_572,0,2022-07-12 01:12:59.519,2022-07-12 01:13:02.419,30
2,train,normal_48,0,2022-07-12 00:06:02.560,2022-07-12 00:06:07.460,50
2,valid,normal_234,0,2022-07-12 00:29:35.745,2022-07-12 00:29:40.645,50
2,valid,normal_121,0,2022-07-12 00:15:08.384,2022-07-12 00:15:13.284,50
2,valid,normal_368,0,2022-07-12 00:46:05.548,2022-07-12 00:46:09.148,37
2,valid,normal_165,0,2022-07-12 00:20:45.131,2022-07-12 00:20:50.031,50
2,valid,normal_204,0,2022-07-12 00:25:50.128,2022-07-12 00:25:55.028,50
2,valid,normal_268,0,2022-07-12 00:33:57.398,2022-07-12 00:33:59.898,26
2,valid,normal_390,0,2022-07-12 00:48:40.145,2022-07-12 00:48:45.045,50
2,valid,normal_138,0,2022-07-12 00:17:16.447,2022-07-12 00:17:21.147,48
2,valid,normal_102,0,2022-07-12 00:12:44.747,2022-07-12 00:12:49.647,50
2,valid,anomaly_18,1,2022-07-17 10:53:26.553,2022-07-17 10:53:30.053,36
2,valid,normal_132,0,2022-07-12 00:16:29.364,2022-07-12 00:16:34.264,50
2,valid,normal_7,0,2022-07-12 00:00:47.676,2022-07-12 00:00:52.576,50
2,valid,normal_188,0,2022-07-12 00:23:42.270,2022-07-12 00:23:47.170,50
2,valid,normal_545,0,2022-07-12 01:09:37.774,2022-07-12 01:09:41.274,36
2,valid,anomaly_16,1,2022-07-17 10:53:11.764,2022-07-17 10:53:16.664,50
2,valid,normal_467,0,2022-07-12 00:59:05.768,2022-07-12 00:59:10.668,50
2,valid,normal_116,0,2022-07-12 00:14:35.936,2022-07-12 00:14:38.536,27
2,valid,normal_223,0,2022-07-12 00:28:14.008,2022-07-12 00:28:18.908,50
2,valid,normal_88,0,2022-07-12 00:10:51.896,2022-07-12 00:10:54.096,23
2,valid,normal_338,0,2022-07-12 00:42:29.388,2022-07-12 00:42:32.488,32
2,valid,normal_305,0,2022-07-12 00:38:29.302,2022-07-12 00:38:34.202,50
2,valid,normal_275,0,2022-07-12 00:34:45.928,2022-07-12 00:34:50.828,50
2,valid,normal_202,0,2022-07-12 00:25:33.044,2022-07-12 00:25:35.144,22
2,valid,normal_432,0,2022-07-12 00:54:23.963,2022-07-12 00:54:26.363,25
2,valid,normal_18,0,2022-07-12 00:02:15.921,2022-07-12 00:02:19.421,36
2,valid,normal_52,0,2022-07-12 00:06:29.384,2022-07-12 00:06:34.284,50
2,valid,normal_584,0,2022-07-12 01:14:43.335,2022-07-12 01:14:46.935,37
2,valid,normal_324,0,2022-07-12 00:40:45.865,2022-07-12 00:40:50.765,50
2,valid,normal_65,0,2022-07-12 00:07:59.767,2022-07-12 00:08:04.667,50
2,valid,normal_260,0,2022-07-12 00:32:53.644,2022-07-12 00:32:56.744,32
2,valid,normal_69,0,2022-07-12 00:08:33.206,2022-07-12 00:08:38.106,50
2,valid,normal_339,0,2022-07-12 00:42:37.291,2022-07-12 00:42:39.191,20
2,valid,normal_54,0,2022-07-12 00:06:43.040,2022-07-12 00:06:47.940,50
2,valid,normal_167,0,2022-07-12 00:21:00.416,2022-07-12 00:21:03.516,32
2,valid,normal_34,0,2022-07-12 00:04:25.827,2022-07-12 00:04:30.727,50
2,valid,normal_510,0,2022-07-12 01:04:58.256,2022-07-12 01:05:03.156,50
2,valid,normal_242,0,2022-07-12 00:30:29.999,2022-07-12 00:30:34.199,43
2,valid,normal_341,0,2022-07-12 00:42:47.528,2022-07-12 00:42:52.428,50
2,valid,normal_469,0,2022-07-12 00:59:20.419,2022-07-12 00:59:23.919,36
2,valid,normal_489,0,2022-07-12 01:02:00.218,2022-07-12 01:02:02.418,23
2,valid,normal_483,0,2022-07-12 01:01:13.118,2022-07-12 01:01:18.018,50
2,valid,normal_207,0,2022-07-12 00:26:13.208,2022-07-12 00:26:15.308,22
2,valid,normal_439,0,2022-07-12 00:55:21.168,2022-07-12 00:55:26.068,50
2,valid,normal_25,0,2022-07-12 00:03:12.129,2022-07-12 00:03:15.629,36
2,valid,normal_145,0,2022-07-12 00:18:06.304,2022-07-12 00:18:11.204,50
2,valid,normal_345,0,2022-07-12 00:43:17.444,2022-07-12 00:43:19.444,21
2,valid,normal_319,0,2022-07-12 00:40:13.200,2022-07-12 00:40:16.200,31
2,valid,normal_385,0,2022-07-12 00:48:06.559,2022-07-12 00:48:11.459,50
2,valid,normal_45,0,2022-07-12 00:05:44.604,2022-07-12 00:05:47.404,29
2,valid,normal_271,0,2022-07-12 00:34:15.359,2022-07-12 00:34:20.259,50
2,valid,normal_61,0,2022-07-12 00:07:32.847,2022-07-12 00:07:37.747,50
2,valid,normal_511,0,2022-07-12 01:05:04.844,2022-07-12 01:05:09.744,50
2,valid,normal_278,0,2022-07-12 00:35:09.147,2022-07-12 00:35:11.147,21
2,valid,normal_130,0,2022-07-12 00:16:11.955,2022-07-12 00:16:13.855,20
2,valid,normal_302,0,2022-07-12 00:38:05.247,2022-07-12 00:38:07.147,20
2,valid,normal_461,0,2022-07-12 00:58:17.587,2022-07-12 00:58:22.487,50
2,valid,normal_170,0,2022-07-12 00:21:25.804,2022-07-12 00:21:30.704,50
2,valid,normal_58,0,2022-07-12 00:07:12.647,2022-07-12 00:07:17.547,50
2,valid,normal_113,0,2022-07-12 00:14:13.584,2022-07-12 00:14:18.484,50
2,valid,normal_392,0,2022-07-12 00:48:54.584,2022-07-12 00:48:58.384,39
2,valid,normal_565,0,2022-07-12 01:12:11.247,2022-07-12 01:12:14.147,30
2,valid,normal_109,0,2022-07-12 00:13:39.886,2022-07-12 00:13:44.786,50
2,valid,normal_378,0,2022-07-12 00:47:11.896,2022-07-12 00:47:16.796,50
2,valid,normal_225,0,2022-07-12 00:28:29.532,2022-07-12 00:28:32.332,29
2,valid,normal_329,0,2022-07-12 00:41:19.199,2022-07-12 00:41:24.099,50
2,valid,normal_91,0,2022-07-12 00:11:16.040,2022-07-12 00:11:20.840,49
2,valid,normal_222,0,2022-07-12 00:28:07.313,2022-07-12 00:28:12.213,50
2,valid,normal_180,0,2022-07-12 00:22:37.072,2022-07-12 00:22:38.972,20
2,valid,normal_201,0,2022-07-12 00:25:25.093,2022-07-12 00:25:28.293,33
2,valid,normal_381,0,2022-07-12 00:47:33.787,2022-07-12 00:47:36.587,29
2,valid,normal_426,0,2022-07-12 00:53:35.908,2022-07-12 00:53:38.208,24
2,valid,normal_470,0,2022-07-12 00:59:28.347,2022-07-12 00:59:31.947,37
2,valid,normal_286,0,2022-07-12 00:36:07.998,2022-07-12 00:36:12.898,50
2,valid,normal_343,0,2022-07-12 00:43:01.514,2022-07-12 00:43:05.914,45
2,valid,normal_120,0,2022-07-12 00:15:01.577,2022-07-12 00:15:06.477,50
2,valid,normal_176,0,2022-07-12 00:22:07.078,2022-07-12 00:22:11.978,50
2,valid,normal_354,0,2022-07-12 00:44:15.484,2022-07-12 00:44:20.384,50
2,valid,normal_363,0,2022-07-12 00:45:25.336,2022-07-12 00:45:28.636,34
2,valid,anomaly_19,1,2022-07-17 10:53:34.639,2022-07-17 10:53:36.939,24
2,valid,normal_367,0,2022-07-12 00:45:57.561,2022-07-12 00:46:02.461,50
2,valid,normal_598,0,2022-07-12 01:16:44.524,2022-07-12 01:16:49.424,50
2,valid,normal_478,0,2022-07-12 01:00:34.124,2022-07-12 01:00:39.024,50
2,valid,normal_228,0,2022-07-12 00:28:54.024,2022-07-12 00:28:58.924,50
2,valid,normal_195,0,2022-07-12 00:24:37.006,2022-07-12 00:24:41.106,42
2,valid,normal_403,0,2022-07-12 00:50:30.952,2022-07-12 00:50:34.252,34
2,valid,normal_513,0,2022-07-12 01:05:20.820,2022-07-12 01:05:23.320,26
2,valid,normal_373,0,2022-07-12 00:46:38.256,2022-07-12 00:46:43.156,50
2,valid,normal_49,0,2022-07-12 00:06:09.177,2022-07-12 00:06:14.077,50
2,valid,normal_28,0,2022-07-12 00:03:44.676,2022-07-12 00:03:49.576,50
2,valid,normal_458,0,2022-07-12 00:57:52.787,2022-07-12 00:57:55.387,27
2,valid,normal_429,0,2022-07-12 00:54:00.003,2022-07-12 00:54:04.903,50
2,valid,normal_307,0,2022-07-12 00:38:45.418,2022-07-12 00:38:48.818,35
2,valid,normal_184,0,2022-07-12 00:23:09.220,2022-07-12 00:23:12.320,32
2,test,normal_5,0,2022-07-12 00:00:32.752,2022-07-12 00:00:37.652,50
2,test,normal_6,0,2022-07-12 00:00:39.756,2022-07-12 00:00:44.656,50
2,test,normal_9,0,2022-07-12 00:01:03.576,2022-07-12 00:01:06.076,26
2,test,normal_11,0,2022-07-12 00:01:21.222,2022-07-12 00:01:26.122,50
2,test,normal_13,0,2022-07-12 00:01:35.646,2022-07-12 00:01:39.546,40
2,test,normal_20,0,2022-07-12 00:02:31.936,2022-07-12 00:02:34.136,23
2,test,normal_21,0,2022-07-12 00:02:40.000,2022-07-12 00:02:42.100,22
2,test,normal_26,0,2022-07-12 00:03:20.215,2022-07-12 00:03:22.715,26
2,test,normal_29,0,2022-07-12 00:03:52.544,2022-07-12 00:03:57.444,50
2,test,normal_42,0,2022-07-12 00:05:22.496,2022-07-12 00:05:27.396,50
2,test,normal_43,0,2022-07-12 00:05:29.007,2022-07-12 00:05:33.907,50
2,test,normal_44,0,2022-07-12 00:05:36.499,2022-07-12 00:05:40.699,43
2,test,normal_53,0,2022-07-12 00:06:36.231,2022-07-12 00:06:41.131,50
2,test,normal_57,0,2022-07-12 00:07:04.844,2022-07-12 00:07:09.744,50
2,test,normal_75,0,2022-07-12 00:09:13.436,2022-07-12 00:09:18.336,50
2,test,normal_90,0,2022-07-12 00:11:09.294,2022-07-12 00:11:14.194,50
2,test,normal_101,0,2022-07-12 00:12:38.192,2022-07-12 00:12:43.092,50
2,test,normal_108,0,2022-07-12 00:13:33.336,2022-07-12 00:13:38.236,50
2,test,normal_114,0,2022-07-12 00:14:20.310,2022-07-12 00:14:25.210,50
2,test,normal_122,0,2022-07-12 00:15:15.740,2022-07-12 00:15:19.840,42
2,test,normal_126,0,2022-07-12 00:15:41.948,2022-07-12 00:15:46.848,50
2,test,normal_128,0,2022-07-12 00:15:55.785,2022-07-12 00:16:00.485,48
2,test,normal_146,0,2022-07-12 00:18:13.063,2022-07-12 00:18:17.963,50
2,test,normal_148,0,2022-07-12 00:18:28.872,2022-07-12 00:18:31.372,26
2,test,normal_149,0,2022-07-12 00:18:36.700,2022-07-12 00:18:39.200,26
2,test,normal_159,0,2022-07-12 00:19:57.844,2022-07-12 00:20:02.744,50
2,test,normal_161,0,2022-07-12 00:20:12.569,2022-07-12 00:20:16.269,38
2,test,normal_166,0,2022-07-12 00:20:52.436,2022-07-12 00:20:56.636,43
2,test,normal_179,0,2022-07-12 00:22:29.076,2022-07-12 00:22:32.176,32
2,test,normal_182,0,2022-07-12 00:22:53.936,2022-07-12 00:22:58.836,50
2,test,normal_186,0,2022-07-12 00:23:25.144,2022-07-12 00:23:27.244,22
2,test,normal_191,0,2022-07-12 00:24:04.940,2022-07-12 00:24:07.440,26
2,test,normal_200,0,2022-07-12 00:25:17.084,2022-07-12 00:25:21.884,49
2,test,normal_205,0,2022-07-12 00:25:57.187,2022-07-12 00:26:01.887,48
2,test,normal_210,0,2022-07-12 00:26:31.913,2022-07-12 00:26:36.813,50
2,test,normal_211,0,2022-07-12 00:26:38.648,2022-07-12 00:26:43.548,50
2,test,normal_214,0,2022-07-12 00:27:01.423,2022-07-12 00:27:03.623,23
2,test,normal_217,0,2022-07-12 00:27:27.011,2022-07-12 00:27:31.911,50
2,test,normal_231,0,2022-07-12 00:29:17.574,2022-07-12 00:29:20.674,32
2,test,normal_235,0,2022-07-12 00:29:42.284,2022-07-12 00:29:47.184,50
2,test,normal_236,0,2022-07-12 00:29:50.008,2022-07-12 00:29:54.008,41
2,test,normal_247,0,2022-07-12 00:31:10.998,2022-07-12 00:31:15.898,50
2,test,normal_249,0,2022-07-12 00:31:25.907,2022-07-12 00:31:29.307,35
2,test,normal_250,0,2022-07-12 00:31:33.901,2022-07-12 00:31:36.101,23
2,test,normal_254,0,2022-07-12 00:32:05.948,2022-07-12 00:32:09.648,38
2,test,normal_255,0,2022-07-12 00:32:13.976,2022-07-12 00:32:16.576,27
2,test,normal_277,0,2022-07-12 00:35:01.171,2022-07-12 00:35:04.271,32
2,test,normal_282,0,2022-07-12 00:35:41.235,2022-07-12 00:35:45.935,48
2,test,normal_289,0,2022-07-12 00:36:29.468,2022-07-12 00:36:32.968,36
2,test,normal_290,0,2022-07-12 00:36:37.428,2022-07-12 00:36:39.728,24
2,test,normal_301,0,2022-07-12 00:37:57.236,2022-07-12 00:38:00.736,36
2,test,normal_308,0,2022-07-12 00:38:53.456,2022-07-12 00:38:55.656,23
2,test,normal_317,0,2022-07-12 00:39:57.839,2022-07-12 00:40:02.739,50
2,test,normal_323,0,2022-07-12 00:40:39.236,2022-07-12 00:40:44.136,50
2,test,normal_325,0,2022-07-12 00:40:53.176,2022-07-12 00:40:57.476,44
2,test,normal_332,0,2022-07-12 00:41:41.292,2022-07-12 00:41:44.192,30
2,test,normal_355,0,2022-07-12 00:44:22.158,2022-07-12 00:44:27.058,50
2,test,normal_358,0,2022-07-12 00:44:45.286,2022-07-12 00:44:47.186,20
2,test,normal_366,0,2022-07-12 00:45:50.892,2022-07-12 00:45:55.792,50
2,test,normal_376,0,2022-07-12 00:47:01.644,2022-07-12 00:47:03.644,21
2,test,normal_386,0,2022-07-12 00:48:14.176,2022-07-12 00:48:18.076,40
2,test,normal_393,0,2022-07-12 00:49:02.714,2022-07-12 00:49:05.114,25
2,test,normal_409,0,2022-07-12 00:51:18.948,2022-07-12 00:51:21.348,25
2,test,normal_419,0,2022-07-12 00:52:39.609,2022-07-12 00:52:44.509,50
2,test,normal_420,0,2022-07-12 00:52:47.696,2022-07-12 00:52:51.396,38
2,test,normal_434,0,2022-07-12 00:54:41.336,2022-07-12 00:54:46.236,50
2,test,normal_440,0,2022-07-12 00:55:28.258,2022-07-12 00:55:33.058,49
2,test,normal_444,0,2022-07-12 00:56:02.752,2022-07-12 00:56:07.652,50
2,test,normal_452,0,2022-07-12 00:57:04.747,2022-07-12 00:57:08.347,37
2,test,normal_455,0,2022-07-12 00:57:30.180,2022-07-12 00:57:35.080,50
2,test,normal_456,0,2022-07-12 00:57:36.947,2022-07-12 00:57:41.847,50
2,test,normal_462,0,2022-07-12 00:58:24.593,2022-07-12 00:58:29.293,48
2,test,normal_471,0,2022-07-12 00:59:36.371,2022-07-12 00:59:38.671,24
2,test,normal_490,0,2022-07-12 01:02:08.325,2022-07-12 01:02:10.325,21
2,test,normal_492,0,2022-07-12 01:02:33.380,2022-07-12 01:02:38.280,50
2,test,normal_499,0,2022-07-12 01:03:29.848,2022-07-12 01:03:34.748,50
2,test,normal_516,0,2022-07-12 01:05:53.230,2022-07-12 01:05:58.130,50
2,test,normal_517,0,2022-07-12 01:06:01.096,2022-07-12 01:06:04.996,40
2,test,normal_518,0,2022-07-12 01:06:09.221,2022-07-12 01:06:11.621,25
2,test,normal_539,0,2022-07-12 01:08:49.676,2022-07-12 01:08:53.076,35
2,test,normal_552,0,2022-07-12 01:10:34.272,2022-07-12 01:10:38.672,45
2,test,normal_557,0,2022-07-12 01:11:07.348,2022-07-12 01:11:12.248,50
2,test,normal_559,0,2022-07-12 01:11:22.827,2022-07-12 01:11:25.727,30
2,test,normal_562,0,2022-07-12 01:11:47.790,2022-07-12 01:11:52.690,50
2,test,normal_568,0,2022-07-12 01:12:29.385,2022-07-12 01:12:34.285,50
2,test,normal_576,0,2022-07-12 01:13:32.840,2022-07-12 01:13:37.740,50
2,test,normal_588,0,2022-07-12 01:15:23.633,2022-07-12 01:15:28.533,50
2,test,normal_590,0,2022-07-12 01:15:39.216,2022-07-12 01:15:42.016,29
2,test,normal_593,0,2022-07-12 01:16:04.244,2022-07-12 01:16:09.144,50
2,test,normal_594,0,2022-07-12 01:16:11.294,2022-07-12 01:16:15.794,46
2,test,normal_595,0,2022-07-12 01:16:19.392,2022-07-12 01:16:22.792,35
2,test,anomaly_7,1,2022-07-17 10:51:56.684,2022-07-17 10:52:01.584,50
2,test,anomaly_9,1,2022-07-17 10:52:12.567,2022-07-17 10:52:14.967,25
3,train,normal_495,0,2022-07-12 01:02:56.132,2022-07-12 01:02:58.732,27
3,train,normal_145,0,2022-07-12 00:18:06.304,2022-07-12 00:18:11.204,50
3,train,normal_156,0,2022-07-12 00:19:32.476,2022-07-12 00:19:35.776,34
3,train,normal_484,0,2022-07-12 01:01:20.296,2022-07-12 01:01:24.596,44
3,train,normal_387,0,2022-07-12 00:48:22.150,2022-07-12 00:48:24.850,28
3,train,normal_213,0,2022-07-12 00:26:53.334,2022-07-12 00:26:57.034,38
3,train,normal_199,0,2022-07-12 00:25:10.148,2022-07-12 00:25:15.048,50
3,train,normal_206,0,2022-07-12 00:26:05.260,2022-07-12 00:26:08.460,33
3,train,normal_81,0,2022-07-12 00:09:55.827,2022-07-12 00:09:59.927,42
3,train,normal_453,0,2022-07-12 00:57:12.712,2022-07-12 00:57:15.012,24
3,train,normal_337,0,2022-07-12 00:42:21.316,2022-07-12 00:42:24.616,34
3,train,normal_295,0,2022-07-12 00:37:09.360,2022-07-12 00:37:13.460,42
3,train,normal_486,0,2022-07-12 01:01:36.160,2022-07-12 01:01:40.460,44
3,train,normal_304,0,2022-07-12 00:38:22.496,2022-07-12 00:38:27.396,50
3,train,normal_101,0,2022-07-12 00:12:38.192,2022-07-12 00:12:43.092,50
3,train,normal_277,0,2022-07-12 00:35:01.171,2022-07-12 00:35:04.271,32
3,train,normal_3,0,2022-07-12 00:00:15.267,2022-07-12 00:00:17.567,24
3,train,normal_502,0,2022-07-12 01:03:52.400,2022-07-12 01:03:54.700,24
3,train,normal_113,0,2022-07-12 00:14:13.584,2022-07-12 00:14:18.484,50
3,train,normal_506,0,2022-07-12 01:04:24.809,2022-07-12 01:04:29.709,50
3,train,normal_445,0,2022-07-12 00:56:09.664,2022-07-12 00:56:14.564,50
3,train,normal_72,0,2022-07-12 00:08:53.480,2022-07-12 00:08:58.380,50
3,train,normal_254,0,2022-07-12 00:32:05.948,2022-07-12 00:32:09.648,38
3,train,normal_205,0,2022-07-12 00:25:57.187,2022-07-12 00:26:01.887,48
3,train,normal_364,0,2022-07-12 00:45:33.352,2022-07-12 00:45:35.352,21
3,train,normal_42,0,2022-07-12 00:05:22.496,2022-07-12 00:05:27.396,50
3,train,normal_8,0,2022-07-12 00:00:55.468,2022-07-12 00:00:59.468,41
3,train,normal_537,0,2022-07-12 01:08:34.704,2022-07-12 01:08:39.604,50
3,train,normal_207,0,2022-07-12 00:26:13.208,2022-07-12 00:26:15.308,22
3,train,normal_194,0,2022-07-12 00:24:29.596,2022-07-12 00:24:34.496,50
3,train,normal_70,0,2022-07-12 00:08:39.956,2022-07-12 00:08:44.856,50
3,train,normal_329,0,2022-07-12 00:41:19.199,2022-07-12 00:41:24.099,50
3,train,normal_558,0,2022-07-12 01:11:14.704,2022-07-12 01:11:19.104,45
3,train,normal_593,0,2022-07-12 01:16:04.244,2022-07-12 01:16:09.144,50
3,train,normal_135,0,2022-07-12 00:16:52.351,2022-07-12 00:16:54.451,22
3,train,anomaly_7,1,2022-07-17 10:51:56.684,2022-07-17 10:52:01.584,50
3,train,normal_87,0,2022-07-12 00:10:43.851,2022-07-12 00:10:47.051,33
3,train,normal_323,0,2022-07-12 00:40:39.236,2022-07-12 00:40:44.136,50
3,train,normal_409,0,2022-07-12 00:51:18.948,2022-07-12 00:51:21.348,25
3,train,normal_50,0,2022-07-12 00:06:16.934,2022-07-12 00:06:20.834,40
3,train,normal_246,0,2022-07-12 00:31:02.945,2022-07-12 00:31:07.845,50
3,train,normal_278,0,2022-07-12 00:35:09.147,2022-07-12 00:35:11.147,21
3,train,normal_482,0,2022-07-12 01:01:04.524,2022-07-12 01:01:08.524,41
3,train,normal_413,0,2022-07-12 00:51:51.236,2022-07-12 00:51:55.136,40
3,train,normal_338,0,2022-07-12 00:42:29.388,2022-07-12 00:42:32.488,32
3,train,normal_599,0,2022-07-12 01:16:51.528,2022-07-12 01:16:55.828,44
3,train,normal_550,0,2022-07-12 01:10:18.055,2022-07-12 01:10:22.855,49
3,train,normal_462,0,2022-07-12 00:58:24.593,2022-07-12 00:58:29.293,48
3,train,normal_44,0,2022-07-12 00:05:36.499,2022-07-12 00:05:40.699,43
3,train,normal_448,0,2022-07-12 00:56:32.839,2022-07-12 00:56:34.839,21
3,train,normal_564,0,2022-07-12 01:12:03.184,2022-07-12 01:12:07.484,44
3,train,normal_446,0,2022-07-12 00:56:16.827,2022-07-12 00:56:21.127,44
3,train,normal_180,0,2022-07-12 00:22:37.072,2022-07-12 00:22:38.972,20
3,train,normal_393,0,2022-07-12 00:49:02.714,2022-07-12 00:49:05.114,25
3,train,normal_351,0,2022-07-12 00:43:57.268,2022-07-12 00:43:59.968,28
3,train,normal_354,0,2022-07-12 00:44:15.484,2022-07-12 00:44:20.384,50
3,train,normal_11,0,2022-07-12 00:01:21.222,2022-07-12 00:01:26.122,50
3,train,normal_6,0,2022-07-12 00:00:39.756,2022-07-12 00:00:44.656,50
3,train,normal_52,0,2022-07-12 00:06:29.384,2022-07-12 00:06:34.284,50
3,train,normal_77,0,2022-07-12 00:09:28.152,2022-07-12 00:09:33.052,50
3,train,normal_361,0,2022-07-12 00:45:10.440,2022-07-12 00:45:15.340,50
3,train,normal_262,0,2022-07-12 00:33:09.576,2022-07-12 00:33:11.576,21
3,train,anomaly_9,1,2022-07-17 10:52:12.567,2022-07-17 10:52:14.967,25
3,train,normal_265,0,2022-07-12 00:33:34.840,2022-07-12 00:33:39.740,50
3,train,normal_583,0,2022-07-12 01:14:35.252,2022-07-12 01:14:40.152,50
3,train,normal_275,0,2022-07-12 00:34:45.928,2022-07-12 00:34:50.828,50
3,train,normal_127,0,2022-07-12 00:15:48.726,2022-07-12 00:15:53.626,50
3,train,normal_464,0,2022-07-12 00:58:40.588,2022-07-12 00:58:43.888,34
3,train,normal_318,0,2022-07-12 00:40:05.260,2022-07-12 00:40:09.360,42
3,train,normal_115,0,2022-07-12 00:14:27.908,2022-07-12 00:14:31.808,40
3,train,anomaly_14,1,2022-07-17 10:52:53.769,2022-07-17 10:52:56.469,28
3,train,normal_470,0,2022-07-12 00:59:28.347,2022-07-12 00:59:31.947,37
3,train,normal_408,0,2022-07-12 00:51:10.863,2022-07-12 00:51:14.563,38
3,train,normal_268,0,2022-07-12 00:33:57.398,2022-07-12 00:33:59.898,26
3,train,normal_20,0,2022-07-12 00:02:31.936,2022-07-12 00:02:34.136,23
3,train,normal_549,0,2022-07-12 01:10:11.168,2022-07-12 01:10:16.068,50
3,train,normal_598,0,2022-07-12 01:16:44.524,2022-07-12 01:16:49.424,50
3,train,normal_534,0,2022-07-12 01:08:09.198,2022-07-12 01:08:12.898,38
3,train,normal_272,0,2022-07-12 00:34:21.987,2022-07-12 00:34:26.887,50
3,train,normal_516,0,2022-07-12 01:05:53.230,2022-07-12 01:05:58.130,50
3,train,normal_440,0,2022-07-12 00:55:28.258,2022-07-12 00:55:33.058,49
3,train,normal_9,0,2022-07-12 00:01:03.576,2022-07-12 00:01:06.076,26
3,train,normal_37,0,2022-07-12 00:04:48.455,2022-07-12 00:04:52.055,37
3,train,normal_202,0,2022-07-12 00:25:33.044,2022-07-12 00:25:35.144,22
3,train,normal_114,0,2022-07-12 00:14:20.310,2022-07-12 00:14:25.210,50
3,train,normal_539,0,2022-07-12 01:08:49.676,2022-07-12 01:08:53.076,35
3,train,normal_311,0,2022-07-12 00:39:17.687,2022-07-12 00:39:22.587,50
3,train,normal_455,0,2022-07-12 00:57:30.180,2022-07-12 00:57:35.080,50
3,train,normal_109,0,2022-07-12 00:13:39.886,2022-07-12 00:13:44.786,50
3,train,anomaly_18,1,2022-07-17 10:53:26.553,2022-07-17 10:53:30.053,36
3,train,normal_62,0,2022-07-12 00:07:39.560,2022-07-12 00:07:44.460,50
3,train,normal_182,0,2022-07-12 00:22:53.936,2022-07-12 00:22:58.836,50
3,train,normal_432,0,2022-07-12 00:54:23.963,2022-07-12 00:54:26.363,25
3,train,normal_99,0,2022-07-12 00:12:20.177,2022-07-12 00:12:22.477,24
3,train,normal_166,0,2022-07-12 00:20:52.436,2022-07-12 00:20:56.636,43
3,train,normal_210,0,2022-07-12 00:26:31.913,2022-07-12 00:26:36.813,50
3,train,normal_579,0,2022-07-12 01:13:55.330,2022-07-12 01:13:58.730,35
3,train,normal_288,0,2022-07-12 00:36:21.560,2022-07-12 00:36:26.460,50
3,train,normal_490,0,2022-07-12 01:02:08.325,2022-07-12 01:02:10.325,21
3,train,normal_294,0,2022-07-12 00:37:02.032,2022-07-12 00:37:06.932,50
3,train,normal_138,0,2022-07-12 00:17:16.447,2022-07-12 00:17:21.147,48
3,train,normal_31,0,2022-07-12 00:04:08.213,2022-07-12 00:04:10.813,27
3,train,normal_284,0,2022-07-12 00:35:57.296,2022-07-12 00:35:59.396,22
3,train,normal_57,0,2022-07-12 00:07:04.844,2022-07-12 00:07:09.744,50
3,train,normal_128,0,2022-07-12 00:15:55.785,2022-07-12 00:16:00.485,48
3,train,normal_98,0,2022-07-12 00:12:12.164,2022-07-12 00:12:14.564,25
3,train,normal_258,0,2022-07-12 00:32:38.608,2022-07-12 00:32:43.508,50
3,train,normal_186,0,2022-07-12 00:23:25.144,2022-07-12 00:23:27.244,22
3,train,normal_545,0,2022-07-12 01:09:37.774,2022-07-12 01:09:41.274,36
3,train,normal_302,0,2022-07-12 00:38:05.247,2022-07-12 00:38:07.147,20
3,train,normal_300,0,2022-07-12 00:37:49.246,2022-07-12 00:37:53.946,48
3,train,normal_532,0,2022-07-12 01:07:54.616,2022-07-12 01:07:59.516,50
3,train,normal_59,0,2022-07-12 00:07:19.348,2022-07-12 00:07:24.248,50
3,train,normal_61,0,2022-07-12 00:07:32.847,2022-07-12 00:07:37.747,50
3,train,normal_237,0,2022-07-12 00:29:58.044,2022-07-12 00:30:00.544,26
3,train,anomaly_19,1,2022-07-17 10:53:34.639,2022-07-17 10:53:36.939,24
3,train,normal_481,0,2022-07-12 01:00:56.832,2022-07-12 01:01:01.732,50
3,train,normal_576,0,2022-07-12 01:13:32.840,2022-07-12 01:13:37.740,50
3,train,normal_326,0,2022-07-12 00:41:01.166,2022-07-12 00:41:04.066,30
3,train,normal_467,0,2022-07-12 00:59:05.768,2022-07-12 00:59:10.668,50
3,train,normal_177,0,2022-07-12 00:22:13.849,2022-07-12 00:22:18.749,50
3,train,normal_461,0,2022-07-12 00:58:17.587,2022-07-12 00:58:22.487,50
3,train,normal_122,0,2022-07-12 00:15:15.740,2022-07-12 00:15:19.840,42
3,train,normal_423,0,2022-07-12 00:53:13.056,2022-07-12 00:53:17.956,50
3,train,normal_211,0,2022-07-12 00:26:38.648,2022-07-12 00:26:43.548,50
3,train,normal_193,0,2022-07-12 00:24:22.654,2022-07-12 00:24:27.554,50
3,train,normal_66,0,2022-07-12 00:08:06.337,2022-07-12 00:08:11.237,50
3,train,normal_324,0,2022-07-12 00:40:45.865,2022-07-12 00:40:50.765,50
3,train,normal_428,0,2022-07-12 00:53:53.254,2022-07-12 00:53:58.154,50
3,train,normal_366,0,2022-07-12 00:45:50.892,2022-07-12 00:45:55.792,50
3,train,normal_551,0,2022-07-12 01:10:26.247,2022-07-12 01:10:30.747,46
3,train,normal_13,0,2022-07-12 00:01:35.646,2022-07-12 00:01:39.546,40
3,train,normal_308,0,2022-07-12 00:38:53.456,2022-07-12 00:38:55.656,23
3,train,normal_243,0,2022-07-12 00:30:38.043,2022-07-12 00:30:40.843,29
3,train,normal_529,0,2022-07-12 01:07:37.255,2022-07-12 01:07:39.655,25
3,train,normal_344,0,2022-07-12 00:43:09.436,2022-07-12 00:43:12.736,34
3,train,normal_147,0,2022-07-12 00:18:20.724,2022-07-12 00:18:24.624,40
3,train,normal_73,0,2022-07-12 00:09:00.084,2022-07-12 00:09:04.984,50
3,train,normal_499,0,2022-07-12 01:03:29.848,2022-07-12 01:03:34.748,50
3,train,normal_16,0,2022-07-12 00:02:01.294,2022-07-12 00:02:06.194,50
3,train,normal_343,0,2022-07-12 00:43:01.514,2022-07-12 00:43:05.914,45
3,train,normal_161,0,2022-07-12 00:20:12.569,2022-07-12 00:20:16.269,38
3,train,normal_535,0,2022-07-12 01:08:17.218,2022-07-12 01:08:19.618,25
3,train,normal_43,0,2022-07-12 00:05:29.007,2022-07-12 00:05:33.907,50
3,train,normal_588,0,2022-07-12 01:15:23.633,2022-07-12 01:15:28.533,50
3,train,normal_573,0,2022-07-12 01:13:07.457,2022-07-12 01:13:09.357,20
3,train,normal_403,0,2022-07-12 00:50:30.952,2022-07-12 00:50:34.252,34
3,train,normal_104,0,2022-07-12 00:13:00.089,2022-07-12 00:13:03.389,34
3,train,normal_420,0,2022-07-12 00:52:47.696,2022-07-12 00:52:51.396,38
3,train,normal_230,0,2022-07-12 00:29:09.592,2022-07-12 00:29:13.792,43
3,train,normal_247,0,2022-07-12 00:31:10.998,2022-07-12 00:31:15.898,50
3,train,normal_105,0,2022-07-12 00:13:07.971,2022-07-12 00:13:11.271,34
3,train,normal_557,0,2022-07-12 01:11:07.348,2022-07-12 01:11:12.248,50
3,train,normal_56,0,2022-07-12 00:06:57.798,2022-07-12 00:07:02.698,50
3,train,normal_148,0,2022-07-12 00:18:28.872,2022-07-12 00:18:31.372,26
3,train,normal_58,0,2022-07-12 00:07:12.647,2022-07-12 00:07:17.547,50
3,train,normal_356,0,2022-07-12 00:44:29.332,2022-07-12 00:44:33.832,46
3,train,normal_585,0,2022-07-12 01:14:51.439,2022-07-12 01:14:53.839,25
3,train,normal_441,0,2022-07-12 00:55:36.468,2022-07-12 00:55:39.768,34
3,train,normal_185,0,2022-07-12 00:23:17.204,2022-07-12 00:23:20.404,33
3,train,normal_170,0,2022-07-12 00:21:25.804,2022-07-12 00:21:30.704,50
3,train,normal_220,0,2022-07-12 00:27:49.507,2022-07-12 00:27:51.807,24
3,train,normal_173,0,2022-07-12 00:21:49.428,2022-07-12 00:21:51.928,26
3,train,normal_299,0,2022-07-12 00:37:42.318,2022-07-12 00:37:47.218,50
3,train,normal_540,0,2022-07-12 01:08:57.709,2022-07-12 01:08:59.909,23
3,train,normal_511,0,2022-07-12 01:05:04.844,2022-07-12 01:05:09.744,50
3,train,normal_38,0,2022-07-12 00:04:56.641,2022-07-12 00:04:58.941,24
3,train,normal_469,0,2022-07-12 00:59:20.419,2022-07-12 00:59:23.919,36
3,train,normal_568,0,2022-07-12 01:12:29.385,2022-07-12 01:12:34.285,50
3,train,normal_165,0,2022-07-12 00:20:45.131,2022-07-12 00:20:50.031,50
3,train,normal_134,0,2022-07-12 00:16:44.325,2022-07-12 00:16:47.725,35
3,train,normal_355,0,2022-07-12 00:44:22.158,2022-07-12 00:44:27.058,50
3,train,normal_360,0,2022-07-12 00:45:02.356,2022-07-12 00:45:07.256,50
3,train,normal_479,0,2022-07-12 01:00:40.804,2022-07-12 01:00:45.704,50
3,train,normal_183,0,2022-07-12 00:23:01.103,2022-07-12 00:23:05.703,47
3,train,normal_132,0,2022-07-12 00:16:29.364,2022-07-12 00:16:34.264,50
3,train,normal_217,0,2022-07-12 00:27:27.011,2022-07-12 00:27:31.911,50
3,train,normal_544,0,2022-07-12 01:09:29.681,2022-07-12 01:09:34.581,50
3,train,normal_526,0,2022-07-12 01:07:14.504,2022-07-12 01:07:19.404,50
3,train,normal_569,0,2022-07-12 01:12:36.055,2022-07-12 01:12:40.955,50
3,train,normal_331,0,2022-07-12 00:41:33.240,2022-07-12 00:41:37.340,42
3,train,normal_452,0,2022-07-12 00:57:04.747,2022-07-12 00:57:08.347,37
3,train,normal_91,0,2022-07-12 00:11:16.040,2022-07-12 00:11:20.840,49
3,train,normal_162,0,2022-07-12 00:20:20.537,2022-07-12 00:20:23.037,26
3,train,normal_222,0,2022-07-12 00:28:07.313,2022-07-12 00:28:12.213,50
3,train,normal_407,0,2022-07-12 00:51:03.048,2022-07-12 00:51:07.948,50
3,train,normal_572,0,2022-07-12 01:12:59.519,2022-07-12 01:13:02.419,30
3,train,normal_69,0,2022-07-12 00:08:33.206,2022-07-12 00:08:38.106,50
3,train,normal_178,0,2022-07-12 00:22:21.169,2022-07-12 00:22:25.669,46
3,train,normal_372,0,2022-07-12 00:46:31.584,2022-07-12 00:46:36.484,50
3,train,normal_218,0,2022-07-12 00:27:33.464,2022-07-12 00:27:38.364,50
3,train,normal_339,0,2022-07-12 00:42:37.291,2022-07-12 00:42:39.191,20
3,train,anomaly_12,1,2022-07-17 10:52:38.172,2022-07-17 10:52:43.072,50
3,train,normal_397,0,2022-07-12 00:49:34.708,2022-07-12 00:49:39.008,44
3,train,normal_426,0,2022-07-12 00:53:35.908,2022-07-12 00:53:38.208,24
3,train,normal_596,0,2022-07-12 01:16:27.377,2022-07-12 01:16:29.477,22
3,train,normal_390,0,2022-07-12 00:48:40.145,2022-07-12 00:48:45.045,50
3,train,normal_225,0,2022-07-12 00:28:29.532,2022-07-12 00:28:32.332,29
3,train,anomaly_8,1,2022-07-17 10:52:04.407,2022-07-17 10:52:08.307,40
3,train,normal_34,0,2022-07-12 00:04:25.827,2022-07-12 00:04:30.727,50
3,train,normal_589,0,2022-07-12 01:15:31.236,2022-07-12 01:15:35.336,42
3,train,normal_171,0,2022-07-12 00:21:33.358,2022-07-12 00:21:37.458,42
3,train,normal_379,0,2022-07-12 00:47:18.491,2022-07-12 00:47:23.391,50
3,train,normal_488,0,2022-07-12 01:01:52.260,2022-07-12 01:01:55.660,35
3,train,normal_577,0,2022-07-12 01:13:39.456,2022-07-12 01:13:44.256,49
3,train,normal_155,0,2022-07-12 00:19:24.471,2022-07-12 00:19:29.071,47
3,train,normal_14,0,2022-07-12 00:01:43.757,2022-07-12 00:01:46.157,25
3,train,normal_505,0,2022-07-12 01:04:17.855,2022-07-12 01:04:22.755,50
3,train,normal_444,0,2022-07-12 00:56:02.752,2022-07-12 00:56:07.652,50
3,train,normal_255,0,2022-07-12 00:32:13.976,2022-07-12 00:32:16.576,27
3,train,normal_317,0,2022-07-12 00:39:57.839,2022-07-12 00:40:02.739,50
3,train,normal_404,0,2022-07-12 00:50:38.906,2022-07-12 00:50:40.906,21
3,train,normal_367,0,2022-07-12 00:45:57.561,2022-07-12 00:46:02.461,50
3,train,normal_301,0,2022-07-12 00:37:57.236,2022-07-12 00:38:00.736,36
3,train,normal_82,0,2022-07-12 00:10:03.867,2022-07-12 00:10:06.867,31
3,train,normal_102,0,2022-07-12 00:12:44.747,2022-07-12 00:12:49.647,50
3,train,normal_434,0,2022-07-12 00:54:41.336,2022-07-12 00:54:46.236,50
3,train,normal_406,0,2022-07-12 00:50:56.424,2022-07-12 00:51:01.324,50
3,train,normal_289,0,2022-07-12 00:36:29.468,2022-07-12 00:36:32.968,36
3,train,normal_139,0,2022-07-12 00:17:24.527,2022-07-12 00:17:29.227,48
3,train,normal_266,0,2022-07-12 00:33:41.534,2022-07-12 00:33:46.434,50
3,train,normal_313,0,2022-07-12 00:39:33.471,2022-07-12 00:39:35.771,24
3,train,normal_252,0,2022-07-12 00:31:51.200,2022-07-12 00:31:56.100,50
3,train,normal_402,0,2022-07-12 00:50:22.836,2022-07-12 00:50:27.336,46
3,train,normal_363,0,2022-07-12 00:45:25.336,2022-07-12 00:45:28.636,34
3,train,normal_430,0,2022-07-12 00:54:07.775,2022-07-12 00:54:11.575,39
3,train,normal_7,0,2022-07-12 00:00:47.676,2022-07-12 00:00:52.576,50
3,train,normal_35,0,2022-07-12 00:04:32.537,2022-07-12 00:04:37.437,50
3,train,normal_538,0,2022-07-12 01:08:41.601,2022-07-12 01:08:46.501,50
3,train,normal_231,0,2022-07-12 00:29:17.574,2022-07-12 00:29:20.674,32
3,train,normal_79,0,2022-07-12 00:09:41.691,2022-07-12 00:09:46.591,50
3,train,normal_51,0,2022-07-12 00:06:25.547,2022-07-12 00:06:27.647,22
3,train,normal_498,0,2022-07-12 01:03:22.041,2022-07-12 01:03:26.941,50
3,train,normal_12,0,2022-07-12 00:01:27.857,2022-07-12 00:01:32.757,50
3,train,normal_236,0,2022-07-12 00:29:50.008,2022-07-12 00:29:54.008,41
3,train,normal_594,0,2022-07-12 01:16:11.294,2022-07-12 01:16:15.794,46
3,train,normal_67,0,2022-07-12 00:08:13.092,2022-07-12 00:08:17.992,50
3,train,normal_380,0,2022-07-12 00:47:25.788,2022-07-12 00:47:29.988,43
3,train,normal_179,0,2022-07-12 00:22:29.076,2022-07-12 00:22:32.176,32
3,train,normal_214,0,2022-07-12 00:27:01.423,2022-07-12 00:27:03.623,23
3,train,normal_374,0,2022-07-12 00:46:45.658,2022-07-12 00:46:49.858,43
3,train,normal_305,0,2022-07-12 00:38:29.302,2022-07-12 00:38:34.202,50
3,train,normal_53,0,2022-07-12 00:06:36.231,2022-07-12 00:06:41.131,50
3,train,normal_525,0,2022-07-12 01:07:07.819,2022-07-12 01:07:12.719,50
3,train,normal_332,0,2022-07-12 00:41:41.292,2022-07-12 00:41:44.192,30
3,train,normal_74,0,2022-07-12 00:09:06.833,2022-07-12 00:09:11.733,50
3,train,normal_580,0,2022-07-12 01:14:03.369,2022-07-12 01:14:05.669,24
3,train,normal_176,0,2022-07-12 00:22:07.078,2022-07-12 00:22:11.978,50
3,train,normal_111,0,2022-07-12 00:13:55.976,2022-07-12 00:13:58.176,23
3,train,normal_282,0,2022-07-12 00:35:41.235,2022-07-12 00:35:45.935,48
3,train,normal_421,0,2022-07-12 00:52:55.616,2022-07-12 00:52:57.816,23
3,train,normal_184,0,2022-07-12 00:23:09.220,2022-07-12 00:23:12.320,32
3,train,normal_129,0,2022-07-12 00:16:03.804,2022-07-12 00:16:07.304,36
3,train,normal_456,0,2022-07-12 00:57:36.947,2022-07-12 00:57:41.847,50
3,train,normal_26,0,2022-07-12 00:03:20.215,2022-07-12 00:03:22.715,26
3,train,normal_141,0,2022-07-12 00:17:40.504,2022-07-12 00:17:42.704,23
3,train,normal_126,0,2022-07-12 00:15:41.948,2022-07-12 00:15:46.848,50
3,train,normal_249,0,2022-07-12 00:31:25.907,2022-07-12 00:31:29.307,35
3,train,normal_71,0,2022-07-12 00:08:46.662,2022-07-12 00:08:51.562,50
3,train,normal_64,0,2022-07-12 00:07:52.879,2022-07-12 00:07:57.779,50
3,train,normal_201,0,2022-07-12 00:25:25.093,2022-07-12 00:25:28.293,33
3,train,normal_543,0,2022-07-12 01:09:23.128,2022-07-12 01:09:28.028,50
3,train,normal_191,0,2022-07-12 00:24:04.940,2022-07-12 00:24:07.440,26
3,train,normal_234,0,2022-07-12 00:29:35.745,2022-07-12 00:29:40.645,50
3,train,anomaly_3,1,2022-07-17 10:51:23.615,2022-07-17 10:51:28.215,47
3,train,normal_108,0,2022-07-12 00:13:33.336,2022-07-12 00:13:38.236,50
3,train,normal_563,0,2022-07-12 01:11:55.696,2022-07-12 01:12:00.596,50
3,train,normal_485,0,2022-07-12 01:01:28.171,2022-07-12 01:01:32.471,44
3,train,normal_571,0,2022-07-12 01:12:51.468,2022-07-12 01:12:55.568,42
3,train,normal_419,0,2022-07-12 00:52:39.609,2022-07-12 00:52:44.509,50
3,train,normal_552,0,2022-07-12 01:10:34.272,2022-07-12 01:10:38.672,45
3,train,normal_500,0,2022-07-12 01:03:36.502,2022-07-12 01:03:41.402,50
3,train,normal_5,0,2022-07-12 00:00:32.752,2022-07-12 00:00:37.652,50
3,train,normal_21,0,2022-07-12 00:02:40.000,2022-07-12 00:02:42.100,22
3,train,normal_523,0,2022-07-12 01:06:49.173,2022-07-12 01:06:51.573,25
3,train,normal_2,0,2022-07-12 00:00:07.224,2022-07-12 00:00:10.824,37
3,train,normal_575,0,2022-07-12 01:13:24.740,2022-07-12 01:13:29.640,50
3,train,normal_188,0,2022-07-12 00:23:42.270,2022-07-12 00:23:47.170,50
3,train,normal_399,0,2022-07-12 00:49:50.587,2022-07-12 00:49:52.687,22
3,valid,normal_223,0,2022-07-12 00:28:14.008,2022-07-12 00:28:18.908,50
3,valid,normal_595,0,2022-07-12 01:16:19.392,2022-07-12 01:16:22.792,35
3,valid,normal_97,0,2022-07-12 00:12:04.143,2022-07-12 00:12:07.843,38
3,valid,normal_473,0,2022-07-12 00:59:53.992,2022-07-12 00:59:58.892,50
3,valid,normal_240,0,2022-07-12 00:30:15.875,2022-07-12 00:30:20.775,50
3,valid,normal_149,0,2022-07-12 00:18:36.700,2022-07-12 00:18:39.200,26
3,valid,normal_527,0,2022-07-12 01:07:21.267,2022-07-12 01:07:26.067,49
3,valid,normal_513,0,2022-07-12 01:05:20.820,2022-07-12 01:05:23.320,26
3,valid,normal_159,0,2022-07-12 00:19:57.844,2022-07-12 00:20:02.744,50
3,valid,normal_90,0,2022-07-12 00:11:09.294,2022-07-12 00:11:14.194,50
3,valid,normal_475,0,2022-07-12 01:00:08.365,2022-07-12 01:00:12.165,39
3,valid,normal_376,0,2022-07-12 00:47:01.644,2022-07-12 00:47:03.644,21
3,valid,normal_224,0,2022-07-12 00:28:21.540,2022-07-12 00:28:25.440,40
3,valid,normal_386,0,2022-07-12 00:48:14.176,2022-07-12 00:48:18.076,40
3,valid,normal_75,0,2022-07-12 00:09:13.436,2022-07-12 00:09:18.336,50
3,valid,normal_253,0,2022-07-12 00:31:58.020,2022-07-12 00:32:02.920,50
3,valid,normal_396,0,2022-07-12 00:49:27.367,2022-07-12 00:49:32.267,50
3,valid,normal_492,0,2022-07-12 01:02:33.380,2022-07-12 01:02:38.280,50
3,valid,normal_483,0,2022-07-12 01:01:13.118,2022-07-12 01:01:18.018,50
3,valid,normal_447,0,2022-07-12 00:56:24.832,2022-07-12 00:56:27.832,31
3,valid,normal_146,0,2022-07-12 00:18:13.063,2022-07-12 00:18:17.963,50
3,valid,normal_140,0,2022-07-12 00:17:32.480,2022-07-12 00:17:35.880,35
3,valid,normal_241,0,2022-07-12 00:30:22.688,2022-07-12 00:30:27.588,50
3,valid,normal_587,0,2022-07-12 01:15:17.019,2022-07-12 01:15:21.919,50
3,valid,normal_398,0,2022-07-12 00:49:42.699,2022-07-12 00:49:45.799,32
3,valid,normal_200,0,2022-07-12 00:25:17.084,2022-07-12 00:25:21.884,49
3,valid,normal_49,0,2022-07-12 00:06:09.177,2022-07-12 00:06:14.077,50
3,valid,normal_559,0,2022-07-12 01:11:22.827,2022-07-12 01:11:25.727,30
3,valid,normal_106,0,2022-07-12 00:13:15.873,2022-07-12 00:13:17.973,22
3,valid,normal_116,0,2022-07-12 00:14:35.936,2022-07-12 00:14:38.536,27
3,valid,normal_471,0,2022-07-12 00:59:36.371,2022-07-12 00:59:38.671,24
3,valid,normal_457,0,2022-07-12 00:57:44.792,2022-07-12 00:57:48.592,39
3,valid,normal_250,0,2022-07-12 00:31:33.901,2022-07-12 00:31:36.101,23
3,valid,normal_501,0,2022-07-12 01:03:44.460,2022-07-12 01:03:48.060,37
3,valid,normal_556,0,2022-07-12 01:11:00.537,2022-07-12 01:11:05.437,50
3,valid,normal_76,0,2022-07-12 00:09:20.084,2022-07-12 00:09:24.984,50
3,valid,normal_92,0,2022-07-12 00:11:24.056,2022-07-12 00:11:27.556,36
3,valid,normal_425,0,2022-07-12 00:53:27.876,2022-07-12 00:53:31.376,36
3,valid,normal_160,0,2022-07-12 00:20:04.636,2022-07-12 00:20:09.536,50
3,valid,normal_570,0,2022-07-12 01:12:43.312,2022-07-12 01:12:47.612,44
3,valid,normal_562,0,2022-07-12 01:11:47.790,2022-07-12 01:11:52.690,50
3,valid,normal_349,0,2022-07-12 00:43:41.601,2022-07-12 00:43:46.501,50
3,valid,normal_117,0,2022-07-12 00:14:43.837,2022-07-12 00:14:46.437,27
3,valid,normal_480,0,2022-07-12 01:00:50.060,2022-07-12 01:00:54.960,50
3,valid,normal_307,0,2022-07-12 00:38:45.418,2022-07-12 00:38:48.818,35
3,valid,normal_1,0,2022-07-12 00:00:00.019,2022-07-12 00:00:04.019,41
3,valid,normal_392,0,2022-07-12 00:48:54.584,2022-07-12 00:48:58.384,39
3,valid,normal_235,0,2022-07-12 00:29:42.284,2022-07-12 00:29:47.184,50
3,valid,normal_60,0,2022-07-12 00:07:25.971,2022-07-12 00:07:30.871,50
3,valid,normal_493,0,2022-07-12 01:02:40.198,2022-07-12 01:02:45.098,50
3,valid,normal_274,0,2022-07-12 00:34:37.168,2022-07-12 00:34:41.568,45
3,valid,normal_28,0,2022-07-12 00:03:44.676,2022-07-12 00:03:49.576,50
3,valid,normal_242,0,2022-07-12 00:30:29.999,2022-07-12 00:30:34.199,43
3,valid,normal_103,0,2022-07-12 00:12:52.064,2022-07-12 00:12:56.464,45
3,valid,normal_29,0,2022-07-12 00:03:52.544,2022-07-12 00:03:57.444,50
3,valid,normal_325,0,2022-07-12 00:40:53.176,2022-07-12 00:40:57.476,44
3,valid,normal_17,0,2022-07-12 00:02:07.924,2022-07-12 00:02:12.824,50
3,valid,normal_260,0,2022-07-12 00:32:53.644,2022-07-12 00:32:56.744,32
3,valid,normal_286,0,2022-07-12 00:36:07.998,2022-07-12 00:36:12.898,50
3,valid,normal_137,0,2022-07-12 00:17:09.540,2022-07-12 00:17:14.440,50
3,valid,normal_341,0,2022-07-12 00:42:47.528,2022-07-12 00:42:52.428,50
3,valid,normal_23,0,2022-07-12 00:02:57.334,2022-07-12 00:03:02.234,50
3,valid,normal_358,0,2022-07-12 00:44:45.286,2022-07-12 00:44:47.186,20
3,valid,normal_451,0,2022-07-12 00:56:56.793,2022-07-12 00:57:01.493,48
3,valid,normal_196,0,2022-07-12 00:24:45.075,2022-07-12 00:24:47.875,29
3,valid,normal_411,0,2022-07-12 00:51:36.856,2022-07-12 00:51:41.756,50
3,valid,anomaly_17,1,2022-07-17 10:53:18.444,2022-07-17 10:53:23.344,50
3,valid,normal_384,0,2022-07-12 00:47:59.731,2022-07-12 00:48:04.631,50
3,valid,normal_487,0,2022-07-12 01:01:44.306,2022-07-12 01:01:48.506,43
3,valid,normal_259,0,2022-07-12 00:32:45.771,2022-07-12 00:32:50.171,45
3,valid,normal_229,0,2022-07-12 00:29:02.224,2022-07-12 00:29:07.124,50
3,valid,normal_273,0,2022-07-12 00:34:29.244,2022-07-12 00:34:33.444,43
3,valid,normal_86,0,2022-07-12 00:10:35.872,2022-07-12 00:10:40.372,46
3,valid,normal_590,0,2022-07-12 01:15:39.216,2022-07-12 01:15:42.016,29
3,valid,normal_517,0,2022-07-12 01:06:01.096,2022-07-12 01:06:04.996,40
3,valid,normal_65,0,2022-07-12 00:07:59.767,2022-07-12 00:08:04.667,50
3,valid,normal_507,0,2022-07-12 01:04:32.499,2022-07-12 01:04:36.199,38
3,valid,normal_431,0,2022-07-12 00:54:15.782,2022-07-12 00:54:18.482,28
3,valid,normal_463,0,2022-07-12 00:58:32.643,2022-07-12 00:58:35.943,34
3,valid,anomaly_13,1,2022-07-17 10:52:45.655,2022-07-17 10:52:49.755,42
3,valid,normal_290,0,2022-07-12 00:36:37.428,2022-07-12 00:36:39.728,24
3,valid,normal_310,0,2022-07-12 00:39:10.908,2022-07-12 00:39:15.808,50
3,valid,normal_190,0,2022-07-12 00:23:56.987,2022-07-12 00:24:00.487,36
3,valid,normal_276,0,2022-07-12 00:34:53.056,2022-07-12 00:34:57.656,47
3,valid,normal_518,0,2022-07-12 01:06:09.221,2022-07-12 01:06:11.621,25
3,valid,normal_489,0,2022-07-12 01:02:00.218,2022-07-12 01:02:02.418,23
3,valid,normal_212,0,2022-07-12 00:26:45.464,2022-07-12 00:26:50.364,50
3,valid,normal_508,0,2022-07-12 01:04:40.439,2022-07-12 01:04:43.039,27
3,valid,normal_95,0,2022-07-12 00:11:49.526,2022-07-12 00:11:54.426,50
3,valid,normal_167,0,2022-07-12 00:21:00.416,2022-07-12 00:21:03.516,32
3,valid,normal_375,0,2022-07-12 00:46:53.743,2022-07-12 00:46:56.643,30
3,valid,normal_133,0,2022-07-12 00:16:36.267,2022-07-12 00:16:41.067,49
3,valid,normal_130,0,2022-07-12 00:16:11.955,2022-07-12 00:16:13.855,20
3,test,normal_18,0,2022-07-12 00:02:15.921,2022-07-12 00:02:19.421,36
3,test,normal_19,0,2022-07-12 00:02:23.876,2022-07-12 00:02:27.376,36
3,test,normal_24,0,2022-07-12 00:03:04.000,2022-07-12 00:03:08.900,50
3,test,normal_25,0,2022-07-12 00:03:12.129,2022-07-12 00:03:15.629,36
3,test,normal_30,0,2022-07-12 00:04:00.140,2022-07-12 00:04:04.240,42
3,test,normal_36,0,2022-07-12 00:04:40.416,2022-07-12 00:04:44.116,38
3,test,normal_45,0,2022-07-12 00:05:44.604,2022-07-12 00:05:47.404,29
3,test,normal_48,0,2022-07-12 00:06:02.560,2022-07-12 00:06:07.460,50
3,test,normal_54,0,2022-07-12 00:06:43.040,2022-07-12 00:06:47.940,50
3,test,normal_55,0,2022-07-12 00:06:49.646,2022-07-12 00:06:54.546,50
3,test,normal_63,0,2022-07-12 00:07:46.324,2022-07-12 00:07:51.224,50
3,test,normal_68,0,2022-07-12 00:08:26.424,2022-07-12 00:08:31.324,50
3,test,normal_80,0,2022-07-12 00:09:48.366,2022-07-12 00:09:53.266,50
3,test,normal_85,0,2022-07-12 00:10:28.656,2022-07-12 00:10:33.556,50
3,test,normal_88,0,2022-07-12 00:10:51.896,2022-07-12 00:10:54.096,23
3,test,normal_93,0,2022-07-12 00:11:32.266,2022-07-12 00:11:34.466,23
3,test,normal_96,0,2022-07-12 00:11:56.244,2022-07-12 00:12:01.144,50
3,test,normal_110,0,2022-07-12 00:13:47.957,2022-07-12 00:13:51.557,37
3,test,normal_120,0,2022-07-12 00:15:01.577,2022-07-12 00:15:06.477,50
3,test,normal_121,0,2022-07-12 00:15:08.384,2022-07-12 00:15:13.284,50
3,test,normal_123,0,2022-07-12 00:15:23.669,2022-07-12 00:15:26.469,29
3,test,normal_153,0,2022-07-12 00:19:09.428,2022-07-12 00:19:14.328,50
3,test,normal_154,0,2022-07-12 00:19:17.374,2022-07-12 00:19:22.274,50
3,test,normal_172,0,2022-07-12 00:21:41.500,2022-07-12 00:21:44.100,27
3,test,normal_189,0,2022-07-12 00:23:48.975,2022-07-12 00:23:53.875,50
3,test,normal_195,0,2022-07-12 00:24:37.006,2022-07-12 00:24:41.106,42
3,test,normal_204,0,2022-07-12 00:25:50.128,2022-07-12 00:25:55.028,50
3,test,normal_219,0,2022-07-12 00:27:41.443,2022-07-12 00:27:45.143,38
3,test,normal_228,0,2022-07-12 00:28:54.024,2022-07-12 00:28:58.924,50
3,test,normal_248,0,2022-07-12 00:31:17.932,2022-07-12 00:31:22.832,50
3,test,normal_267,0,2022-07-12 00:33:49.428,2022-07-12 00:33:53.228,39
3,test,normal_271,0,2022-07-12 00:34:15.359,2022-07-12 00:34:20.259,50
3,test,normal_281,0,2022-07-12 00:35:34.214,2022-07-12 00:35:39.114,50
3,test,normal_283,0,2022-07-12 00:35:49.315,2022-07-12 00:35:52.515,33
3,test,normal_287,0,2022-07-12 00:36:14.644,2022-07-12 00:36:19.544,50
3,test,normal_293,0,2022-07-12 00:36:55.156,2022-07-12 00:37:00.056,50
3,test,normal_296,0,2022-07-12 00:37:17.426,2022-07-12 00:37:20.226,29
3,test,normal_297,0,2022-07-12 00:37:25.356,2022-07-12 00:37:27.256,20
3,test,normal_306,0,2022-07-12 00:38:37.296,2022-07-12 00:38:40.996,38
3,test,normal_312,0,2022-07-12 00:39:25.531,2022-07-12 00:39:29.231,38
3,test,normal_316,0,2022-07-12 00:39:51.184,2022-07-12 00:39:56.084,50
3,test,normal_319,0,2022-07-12 00:40:13.200,2022-07-12 00:40:16.200,31
3,test,normal_330,0,2022-07-12 00:41:25.865,2022-07-12 00:41:30.765,50
3,test,normal_335,0,2022-07-12 00:42:06.134,2022-07-12 00:42:11.034,50
3,test,normal_336,0,2022-07-12 00:42:13.314,2022-07-12 00:42:17.714,45
3,test,normal_342,0,2022-07-12 00:42:54.375,2022-07-12 00:42:59.275,50
3,test,normal_345,0,2022-07-12 00:43:17.444,2022-07-12 00:43:19.444,21
3,test,normal_348,0,2022-07-12 00:43:35.064,2022-07-12 00:43:39.964,50
3,test,normal_350,0,2022-07-12 00:43:49.346,2022-07-12 00:43:53.346,41
3,test,normal_357,0,2022-07-12 00:44:37.312,2022-07-12 00:44:40.412,32
3,test,normal_362,0,2022-07-12 00:45:17.244,2022-07-12 00:45:22.144,50
3,test,normal_368,0,2022-07-12 00:46:05.548,2022-07-12 00:46:09.148,37
3,test,normal_369,0,2022-07-12 00:46:13.485,2022-07-12 00:46:16.085,27
3,test,normal_373,0,2022-07-12 00:46:38.256,2022-07-12 00:46:43.156,50
3,test,normal_378,0,2022-07-12 00:47:11.896,2022-07-12 00:47:16.796,50
3,test,normal_381,0,2022-07-12 00:47:33.787,2022-07-12 00:47:36.587,29
3,test,normal_385,0,2022-07-12 00:48:06.559,2022-07-12 00:48:11.459,50
3,test,normal_391,0,2022-07-12 00:48:46.796,2022-07-12 00:48:51.696,50
3,test,normal_401,0,2022-07-12 00:50:15.827,2022-07-12 00:50:20.727,50
3,test,normal_412,0,2022-07-12 00:51:43.448,2022-07-12 00:51:48.348,50
3,test,normal_414,0,2022-07-12 00:51:59.201,2022-07-12 00:52:01.901,28
3,test,normal_418,0,2022-07-12 00:52:32.972,2022-07-12 00:52:37.872,50
3,test,normal_424,0,2022-07-12 00:53:19.759,2022-07-12 00:53:24.559,49
3,test,normal_429,0,2022-07-12 00:54:00.003,2022-07-12 00:54:04.903,50
3,test,normal_435,0,2022-07-12 00:54:48.044,2022-07-12 00:54:52.844,49
3,test,normal_436,0,2022-07-12 00:54:56.093,2022-07-12 00:54:59.493,35
3,test,normal_437,0,2022-07-12 00:55:04.088,2022-07-12 00:55:06.188,22
3,test,normal_439,0,2022-07-12 00:55:21.168,2022-07-12 00:55:26.068,50
3,test,normal_450,0,2022-07-12 00:56:49.884,2022-07-12 00:56:54.784,50
3,test,normal_458,0,2022-07-12 00:57:52.787,2022-07-12 00:57:55.387,27
3,test,normal_465,0,2022-07-12 00:58:48.559,2022-07-12 00:58:50.459,20
3,test,normal_468,0,2022-07-12 00:59:12.485,2022-07-12 00:59:17.285,49
3,test,normal_474,0,2022-07-12 01:00:00.660,2022-07-12 01:00:05.560,50
3,test,normal_476,0,2022-07-12 01:00:16.392,2022-07-12 01:00:18.992,27
3,test,normal_478,0,2022-07-12 01:00:34.124,2022-07-12 01:00:39.024,50
3,test,normal_494,0,2022-07-12 01:02:48.171,2022-07-12 01:02:51.971,39
3,test,normal_510,0,2022-07-12 01:04:58.256,2022-07-12 01:05:03.156,50
3,test,normal_512,0,2022-07-12 01:05:12.740,2022-07-12 01:05:16.440,38
3,test,normal_515,0,2022-07-12 01:05:45.204,2022-07-12 01:05:50.104,50
3,test,normal_520,0,2022-07-12 01:06:26.758,2022-07-12 01:06:31.658,50
3,test,normal_521,0,2022-07-12 01:06:33.408,2022-07-12 01:06:38.308,50
3,test,normal_522,0,2022-07-12 01:06:41.133,2022-07-12 01:06:44.933,39
3,test,normal_528,0,2022-07-12 01:07:29.260,2022-07-12 01:07:32.760,36
3,test,normal_533,0,2022-07-12 01:08:01.324,2022-07-12 01:08:06.224,50
3,test,normal_546,0,2022-07-12 01:09:45.835,2022-07-12 01:09:47.935,22
3,test,normal_553,0,2022-07-12 01:10:42.242,2022-07-12 01:10:45.242,31
3,test,normal_565,0,2022-07-12 01:12:11.247,2022-07-12 01:12:14.147,30
3,test,normal_578,0,2022-07-12 01:13:47.379,2022-07-12 01:13:50.779,35
3,test,normal_582,0,2022-07-12 01:14:28.769,2022-07-12 01:14:33.669,50
3,test,normal_584,0,2022-07-12 01:14:43.335,2022-07-12 01:14:46.935,37
3,test,anomaly_2,1,2022-07-17 10:51:16.724,2022-07-17 10:51:21.624,50
3,test,anomaly_4,1,2022-07-17 10:51:31.734,2022-07-17 10:51:34.734,31
3,test,anomaly_16,1,2022-07-17 10:53:11.764,2022-07-17 10:53:16.664,50
4,train,normal_462,0,2022-07-12 00:58:24.593,2022-07-12 00:58:29.293,48
4,train,normal_439,0,2022-07-12 00:55:21.168,2022-07-12 00:55:26.068,50
4,train,normal_108,0,2022-07-12 00:13:33.336,2022-07-12 00:13:38.236,50
4,train,normal_116,0,2022-07-12 00:14:35.936,2022-07-12 00:14:38.536,27
4,train,normal_384,0,2022-07-12 00:47:59.731,2022-07-12 00:48:04.631,50
4,train,normal_21,0,2022-07-12 00:02:40.000,2022-07-12 00:02:42.100,22
4,train,normal_159,0,2022-07-12 00:19:57.844,2022-07-12 00:20:02.744,50
4,train,normal_141,0,2022-07-12 00:17:40.504,2022-07-12 00:17:42.704,23
4,train,normal_249,0,2022-07-12 00:31:25.907,2022-07-12 00:31:29.307,35
4,train,normal_594,0,2022-07-12 01:16:11.294,2022-07-12 01:16:15.794,46
4,train,normal_411,0,2022-07-12 00:51:36.856,2022-07-12 00:51:41.756,50
4,train,normal_559,0,2022-07-12 01:11:22.827,2022-07-12 01:11:25.727,30
4,train,normal_19,0,2022-07-12 00:02:23.876,2022-07-12 00:02:27.376,36
4,train,normal_379,0,2022-07-12 00:47:18.491,2022-07-12 00:47:23.391,50
4,train,normal_54,0,2022-07-12 00:06:43.040,2022-07-12 00:06:47.940,50
4,train,anomaly_2,1,2022-07-17 10:51:16.724,2022-07-17 10:51:21.624,50
4,train,normal_393,0,2022-07-12 00:49:02.714,2022-07-12 00:49:05.114,25
4,train,normal_484,0,2022-07-12 01:01:20.296,2022-07-12 01:01:24.596,44
4,train,normal_429,0,2022-07-12 00:54:00.003,2022-07-12 00:54:04.903,50
4,train,normal_290,0,2022-07-12 00:36:37.428,2022-07-12 00:36:39.728,24
4,train,normal_546,0,2022-07-12 01:09:45.835,2022-07-12 01:09:47.935,22
4,train,normal_172,0,2022-07-12 00:21:41.500,2022-07-12 00:21:44.100,27
4,train,normal_355,0,2022-07-12 00:44:22.158,2022-07-12 00:44:27.058,50
4,train,normal_65,0,2022-07-12 00:07:59.767,2022-07-12 00:08:04.667,50
4,train,normal_552,0,2022-07-12 01:10:34.272,2022-07-12 01:10:38.672,45
4,train,normal_378,0,2022-07-12 00:47:11.896,2022-07-12 00:47:16.796,50
4,train,normal_179,0,2022-07-12 00:22:29.076,2022-07-12 00:22:32.176,32
4,train,normal_533,0,2022-07-12 01:08:01.324,2022-07-12 01:08:06.224,50
4,train,normal_138,0,2022-07-12 00:17:16.447,2022-07-12 00:17:21.147,48
4,train,normal_372,0,2022-07-12 00:46:31.584,2022-07-12 00:46:36.484,50
4,train,normal_529,0,2022-07-12 01:07:37.255,2022-07-12 01:07:39.655,25
4,train,normal_386,0,2022-07-12 00:48:14.176,2022-07-12 00:48:18.076,40
4,train,normal_363,0,2022-07-12 00:45:25.336,2022-07-12 00:45:28.636,34
4,train,normal_331,0,2022-07-12 00:41:33.240,2022-07-12 00:41:37.340,42
4,train,normal_95,0,2022-07-12 00:11:49.526,2022-07-12 00:11:54.426,50
4,train,normal_67,0,2022-07-12 00:08:13.092,2022-07-12 00:08:17.992,50
4,train,normal_452,0,2022-07-12 00:57:04.747,2022-07-12 00:57:08.347,37
4,train,normal_436,0,2022-07-12 00:54:56.093,2022-07-12 00:54:59.493,35
4,train,normal_173,0,2022-07-12 00:21:49.428,2022-07-12 00:21:51.928,26
4,train,normal_1,0,2022-07-12 00:00:00.019,2022-07-12 00:00:04.019,41
4,train,normal_9,0,2022-07-12 00:01:03.576,2022-07-12 00:01:06.076,26
4,train,normal_458,0,2022-07-12 00:57:52.787,2022-07-12 00:57:55.387,27
4,train,normal_598,0,2022-07-12 01:16:44.524,2022-07-12 01:16:49.424,50
4,train,normal_3,0,2022-07-12 00:00:15.267,2022-07-12 00:00:17.567,24
4,train,normal_6,0,2022-07-12 00:00:39.756,2022-07-12 00:00:44.656,50
4,train,normal_115,0,2022-07-12 00:14:27.908,2022-07-12 00:14:31.808,40
4,train,normal_139,0,2022-07-12 00:17:24.527,2022-07-12 00:17:29.227,48
4,train,normal_511,0,2022-07-12 01:05:04.844,2022-07-12 01:05:09.744,50
4,train,normal_148,0,2022-07-12 00:18:28.872,2022-07-12 00:18:31.372,26
4,train,normal_595,0,2022-07-12 01:16:19.392,2022-07-12 01:16:22.792,35
4,train,normal_225,0,2022-07-12 00:28:29.532,2022-07-12 00:28:32.332,29
4,train,normal_128,0,2022-07-12 00:15:55.785,2022-07-12 00:16:00.485,48
4,train,normal_317,0,2022-07-12 00:39:57.839,2022-07-12 00:40:02.739,50
4,train,normal_223,0,2022-07-12 00:28:14.008,2022-07-12 00:28:18.908,50
4,train,normal_463,0,2022-07-12 00:58:32.643,2022-07-12 00:58:35.943,34
4,train,normal_575,0,2022-07-12 01:13:24.740,2022-07-12 01:13:29.640,50
4,train,normal_123,0,2022-07-12 00:15:23.669,2022-07-12 00:15:26.469,29
4,train,normal_277,0,2022-07-12 00:35:01.171,2022-07-12 00:35:04.271,32
4,train,normal_479,0,2022-07-12 01:00:40.804,2022-07-12 01:00:45.704,50
4,train,normal_103,0,2022-07-12 00:12:52.064,2022-07-12 00:12:56.464,45
4,train,normal_200,0,2022-07-12 00:25:17.084,2022-07-12 00:25:21.884,49
4,train,normal_523,0,2022-07-12 01:06:49.173,2022-07-12 01:06:51.573,25
4,train,normal_11,0,2022-07-12 00:01:21.222,2022-07-12 00:01:26.122,50
4,train,anomaly_7,1,2022-07-17 10:51:56.684,2022-07-17 10:52:01.584,50
4,train,normal_538,0,2022-07-12 01:08:41.601,2022-07-12 01:08:46.501,50
4,train,normal_376,0,2022-07-12 00:47:01.644,2022-07-12 00:47:03.644,21
4,train,normal_517,0,2022-07-12 01:06:01.096,2022-07-12 01:06:04.996,40
4,train,normal_368,0,2022-07-12 00:46:05.548,2022-07-12 00:46:09.148,37
4,train,normal_494,0,2022-07-12 01:02:48.171,2022-07-12 01:02:51.971,39
4,train,normal_434,0,2022-07-12 00:54:41.336,2022-07-12 00:54:46.236,50
4,train,normal_408,0,2022-07-12 00:51:10.863,2022-07-12 00:51:14.563,38
4,train,normal_358,0,2022-07-12 00:44:45.286,2022-07-12 00:44:47.186,20
4,train,normal_584,0,2022-07-12 01:14:43.335,2022-07-12 01:14:46.935,37
4,train,normal_515,0,2022-07-12 01:05:45.204,2022-07-12 01:05:50.104,50
4,train,normal_367,0,2022-07-12 00:45:57.561,2022-07-12 00:46:02.461,50
4,train,normal_319,0,2022-07-12 00:40:13.200,2022-07-12 00:40:16.200,31
4,train,normal_407,0,2022-07-12 00:51:03.048,2022-07-12 00:51:07.948,50
4,train,normal_122,0,2022-07-12 00:15:15.740,2022-07-12 00:15:19.840,42
4,train,normal_526,0,2022-07-12 01:07:14.504,2022-07-12 01:07:19.404,50
4,train,normal_373,0,2022-07-12 00:46:38.256,2022-07-12 00:46:43.156,50
4,train,normal_397,0,2022-07-12 00:49:34.708,2022-07-12 00:49:39.008,44
4,train,normal_74,0,2022-07-12 00:09:06.833,2022-07-12 00:09:11.733,50
4,train,normal_473,0,2022-07-12 00:59:53.992,2022-07-12 00:59:58.892,50
4,train,normal_217,0,2022-07-12 00:27:27.011,2022-07-12 00:27:31.911,50
4,train,normal_248,0,2022-07-12 00:31:17.932,2022-07-12 00:31:22.832,50
4,train,normal_424,0,2022-07-12 00:53:19.759,2022-07-12 00:53:24.559,49
4,train,normal_44,0,2022-07-12 00:05:36.499,2022-07-12 00:05:40.699,43
4,train,normal_390,0,2022-07-12 00:48:40.145,2022-07-12 00:48:45.045,50
4,train,normal_323,0,2022-07-12 00:40:39.236,2022-07-12 00:40:44.136,50
4,train,anomaly_13,1,2022-07-17 10:52:45.655,2022-07-17 10:52:49.755,42
4,train,normal_423,0,2022-07-12 00:53:13.056,2022-07-12 00:53:17.956,50
4,train,normal_113,0,2022-07-12 00:14:13.584,2022-07-12 00:14:18.484,50
4,train,normal_153,0,2022-07-12 00:19:09.428,2022-07-12 00:19:14.328,50
4,train,normal_345,0,2022-07-12 00:43:17.444,2022-07-12 00:43:19.444,21
4,train,normal_301,0,2022-07-12 00:37:57.236,2022-07-12 00:38:00.736,36
4,train,normal_37,0,2022-07-12 00:04:48.455,2022-07-12 00:04:52.055,37
4,train,normal_589,0,2022-07-12 01:15:31.236,2022-07-12 01:15:35.336,42
4,train,normal_80,0,2022-07-12 00:09:48.366,2022-07-12 00:09:53.266,50
4,train,normal_311,0,2022-07-12 00:39:17.687,2022-07-12 00:39:22.587,50
4,train,normal_493,0,2022-07-12 01:02:40.198,2022-07-12 01:02:45.098,50
4,train,normal_183,0,2022-07-12 00:23:01.103,2022-07-12 00:23:05.703,47
4,train,normal_195,0,2022-07-12 00:24:37.006,2022-07-12 00:24:41.106,42
4,train,normal_432,0,2022-07-12 00:54:23.963,2022-07-12 00:54:26.363,25
4,train,normal_162,0,2022-07-12 00:20:20.537,2022-07-12 00:20:23.037,26
4,train,normal_29,0,2022-07-12 00:03:52.544,2022-07-12 00:03:57.444,50
4,train,normal_430,0,2022-07-12 00:54:07.775,2022-07-12 00:54:11.575,39
4,train,normal_318,0,2022-07-12 00:40:05.260,2022-07-12 00:40:09.360,42
4,train,normal_441,0,2022-07-12 00:55:36.468,2022-07-12 00:55:39.768,34
4,train,normal_510,0,2022-07-12 01:04:58.256,2022-07-12 01:05:03.156,50
4,train,normal_550,0,2022-07-12 01:10:18.055,2022-07-12 01:10:22.855,49
4,train,normal_374,0,2022-07-12 00:46:45.658,2022-07-12 00:46:49.858,43
4,train,normal_2,0,2022-07-12 00:00:07.224,2022-07-12 00:00:10.824,37
4,train,normal_50,0,2022-07-12 00:06:16.934,2022-07-12 00:06:20.834,40
4,train,normal_207,0,2022-07-12 00:26:13.208,2022-07-12 00:26:15.308,22
4,train,normal_302,0,2022-07-12 00:38:05.247,2022-07-12 00:38:07.147,20
4,train,normal_456,0,2022-07-12 00:57:36.947,2022-07-12 00:57:41.847,50
4,train,normal_273,0,2022-07-12 00:34:29.244,2022-07-12 00:34:33.444,43
4,train,normal_254,0,2022-07-12 00:32:05.948,2022-07-12 00:32:09.648,38
4,train,normal_229,0,2022-07-12 00:29:02.224,2022-07-12 00:29:07.124,50
4,train,normal_369,0,2022-07-12 00:46:13.485,2022-07-12 00:46:16.085,27
4,train,normal_580,0,2022-07-12 01:14:03.369,2022-07-12 01:14:05.669,24
4,train,normal_403,0,2022-07-12 00:50:30.952,2022-07-12 00:50:34.252,34
4,train,normal_13,0,2022-07-12 00:01:35.646,2022-07-12 00:01:39.546,40
4,train,normal_409,0,2022-07-12 00:51:18.948,2022-07-12 00:51:21.348,25
4,train,normal_196,0,2022-07-12 00:24:45.075,2022-07-12 00:24:47.875,29
4,train,normal_435,0,2022-07-12 00:54:48.044,2022-07-12 00:54:52.844,49
4,train,normal_579,0,2022-07-12 01:13:55.330,2022-07-12 01:13:58.730,35
4,train,normal_300,0,2022-07-12 00:37:49.246,2022-07-12 00:37:53.946,48
4,train,normal_380,0,2022-07-12 00:47:25.788,2022-07-12 00:47:29.988,43
4,train,normal_469,0,2022-07-12 00:59:20.419,2022-07-12 00:59:23.919,36
4,train,normal_426,0,2022-07-12 00:53:35.908,2022-07-12 00:53:38.208,24
4,train,normal_186,0,2022-07-12 00:23:25.144,2022-07-12 00:23:27.244,22
4,train,normal_304,0,2022-07-12 00:38:22.496,2022-07-12 00:38:27.396,50
4,train,normal_62,0,2022-07-12 00:07:39.560,2022-07-12 00:07:44.460,50
4,train,normal_354,0,2022-07-12 00:44:15.484,2022-07-12 00:44:20.384,50
4,train,normal_593,0,2022-07-12 01:16:04.244,2022-07-12 01:16:09.144,50
4,train,normal_57,0,2022-07-12 00:07:04.844,2022-07-12 00:07:09.744,50
4,train,normal_588,0,2022-07-12 01:15:23.633,2022-07-12 01:15:28.533,50
4,train,normal_18,0,2022-07-12 00:02:15.921,2022-07-12 00:02:19.421,36
4,train,normal_235,0,2022-07-12 00:29:42.284,2022-07-12 00:29:47.184,50
4,train,normal_483,0,2022-07-12 01:01:13.118,2022-07-12 01:01:18.018,50
4,train,normal_101,0,2022-07-12 00:12:38.192,2022-07-12 00:12:43.092,50
4,train,anomaly_14,1,2022-07-17 10:52:53.769,2022-07-17 10:52:56.469,28
4,train,normal_51,0,2022-07-12 00:06:25.547,2022-07-12 00:06:27.647,22
4,train,normal_578,0,2022-07-12 01:13:47.379,2022-07-12 01:13:50.779,35
4,train,normal_306,0,2022-07-12 00:38:37.296,2022-07-12 00:38:40.996,38
4,train,normal_412,0,2022-07-12 00:51:43.448,2022-07-12 00:51:48.348,50
4,train,normal_161,0,2022-07-12 00:20:12.569,2022-07-12 00:20:16.269,38
4,train,normal_401,0,2022-07-12 00:50:15.827,2022-07-12 00:50:20.727,50
4,train,normal_49,0,2022-07-12 00:06:09.177,2022-07-12 00:06:14.077,50
4,train,normal_518,0,2022-07-12 01:06:09.221,2022-07-12 01:06:11.621,25
4,train,normal_545,0,2022-07-12 01:09:37.774,2022-07-12 01:09:41.274,36
4,train,normal_58,0,2022-07-12 00:07:12.647,2022-07-12 00:07:17.547,50
4,train,normal_287,0,2022-07-12 00:36:14.644,2022-07-12 00:36:19.544,50
4,train,normal_190,0,2022-07-12 00:23:56.987,2022-07-12 00:24:00.487,36
4,train,normal_564,0,2022-07-12 01:12:03.184,2022-07-12 01:12:07.484,44
4,train,normal_258,0,2022-07-12 00:32:38.608,2022-07-12 00:32:43.508,50
4,train,normal_121,0,2022-07-12 00:15:08.384,2022-07-12 00:15:13.284,50
4,train,normal_71,0,2022-07-12 00:08:46.662,2022-07-12 00:08:51.562,50
4,train,normal_60,0,2022-07-12 00:07:25.971,2022-07-12 00:07:30.871,50
4,train,normal_228,0,2022-07-12 00:28:54.024,2022-07-12 00:28:58.924,50
4,train,normal_265,0,2022-07-12 00:33:34.840,2022-07-12 00:33:39.740,50
4,train,normal_56,0,2022-07-12 00:06:57.798,2022-07-12 00:07:02.698,50
4,train,normal_199,0,2022-07-12 00:25:10.148,2022-07-12 00:25:15.048,50
4,train,normal_464,0,2022-07-12 00:58:40.588,2022-07-12 00:58:43.888,34
4,train,normal_349,0,2022-07-12 00:43:41.601,2022-07-12 00:43:46.501,50
4,train,normal_336,0,2022-07-12 00:42:13.314,2022-07-12 00:42:17.714,45
4,train,normal_145,0,2022-07-12 00:18:06.304,2022-07-12 00:18:11.204,50
4,train,normal_64,0,2022-07-12 00:07:52.879,2022-07-12 00:07:57.779,50
4,train,normal_12,0,2022-07-12 00:01:27.857,2022-07-12 00:01:32.757,50
4,train,normal_185,0,2022-07-12 00:23:17.204,2022-07-12 00:23:20.404,33
4,train,normal_385,0,2022-07-12 00:48:06.559,2022-07-12 00:48:11.459,50
4,train,normal_114,0,2022-07-12 00:14:20.310,2022-07-12 00:14:25.210,50
4,train,normal_224,0,2022-07-12 00:28:21.540,2022-07-12 00:28:25.440,40
4,train,normal_478,0,2022-07-12 01:00:34.124,2022-07-12 01:00:39.024,50
4,train,normal_283,0,2022-07-12 00:35:49.315,2022-07-12 00:35:52.515,33
4,train,normal_135,0,2022-07-12 00:16:52.351,2022-07-12 00:16:54.451,22
4,train,normal_154,0,2022-07-12 00:19:17.374,2022-07-12 00:19:22.274,50
4,train,normal_361,0,2022-07-12 00:45:10.440,2022-07-12 00:45:15.340,50
4,train,normal_549,0,2022-07-12 01:10:11.168,2022-07-12 01:10:16.068,50
4,train,normal_68,0,2022-07-12 00:08:26.424,2022-07-12 00:08:31.324,50
4,train,normal_402,0,2022-07-12 00:50:22.836,2022-07-12 00:50:27.336,46
4,train,normal_512,0,2022-07-12 01:05:12.740,2022-07-12 01:05:16.440,38
4,train,normal_281,0,2022-07-12 00:35:34.214,2022-07-12 00:35:39.114,50
4,train,normal_250,0,2022-07-12 00:31:33.901,2022-07-12 00:31:36.101,23
4,train,normal_93,0,2022-07-12 00:11:32.266,2022-07-12 00:11:34.466,23
4,train,normal_87,0,2022-07-12 00:10:43.851,2022-07-12 00:10:47.051,33
4,train,normal_576,0,2022-07-12 01:13:32.840,2022-07-12 01:13:37.740,50
4,train,normal_528,0,2022-07-12 01:07:29.260,2022-07-12 01:07:32.760,36
4,train,normal_255,0,2022-07-12 00:32:13.976,2022-07-12 00:32:16.576,27
4,train,normal_455,0,2022-07-12 00:57:30.180,2022-07-12 00:57:35.080,50
4,train,normal_160,0,2022-07-12 00:20:04.636,2022-07-12 00:20:09.536,50
4,train,normal_489,0,2022-07-12 01:02:00.218,2022-07-12 01:02:02.418,23
4,train,normal_313,0,2022-07-12 00:39:33.471,2022-07-12 00:39:35.771,24
4,train,normal_392,0,2022-07-12 00:48:54.584,2022-07-12 00:48:58.384,39
4,train,normal_43,0,2022-07-12 00:05:29.007,2022-07-12 00:05:33.907,50
4,train,normal_492,0,2022-07-12 01:02:33.380,2022-07-12 01:02:38.280,50
4,train,normal_297,0,2022-07-12 00:37:25.356,2022-07-12 00:37:27.256,20
4,train,normal_191,0,2022-07-12 00:24:04.940,2022-07-12 00:24:07.440,26
4,train,normal_259,0,2022-07-12 00:32:45.771,2022-07-12 00:32:50.171,45
4,train,normal_332,0,2022-07-12 00:41:41.292,2022-07-12 00:41:44.192,30
4,train,anomaly_16,1,2022-07-17 10:53:11.764,2022-07-17 10:53:16.664,50
4,train,normal_188,0,2022-07-12 00:23:42.270,2022-07-12 00:23:47.170,50
4,train,normal_474,0,2022-07-12 01:00:00.660,2022-07-12 01:00:05.560,50
4,train,anomaly_12,1,2022-07-17 10:52:38.172,2022-07-17 10:52:43.072,50
4,train,normal_90,0,2022-07-12 00:11:09.294,2022-07-12 00:11:14.194,50
4,train,normal_171,0,2022-07-12 00:21:33.358,2022-07-12 00:21:37.458,42
4,train,normal_243,0,2022-07-12 00:30:38.043,2022-07-12 00:30:40.843,29
4,train,normal_247,0,2022-07-12 00:31:10.998,2022-07-12 00:31:15.898,50
4,train,normal_539,0,2022-07-12 01:08:49.676,2022-07-12 01:08:53.076,35
4,train,normal_75,0,2022-07-12 00:09:13.436,2022-07-12 00:09:18.336,50
4,train,normal_507,0,2022-07-12 01:04:32.499,2022-07-12 01:04:36.199,38
4,train,normal_590,0,2022-07-12 01:15:39.216,2022-07-12 01:15:42.016,29
4,train,normal_553,0,2022-07-12 01:10:42.242,2022-07-12 01:10:45.242,31
4,train,normal_182,0,2022-07-12 00:22:53.936,2022-07-12 00:22:58.836,50
4,train,normal_406,0,2022-07-12 00:50:56.424,2022-07-12 00:51:01.324,50
4,train,normal_381,0,2022-07-12 00:47:33.787,2022-07-12 00:47:36.587,29
4,train,normal_20,0,2022-07-12 00:02:31.936,2022-07-12 00:02:34.136,23
4,train,normal_540,0,2022-07-12 01:08:57.709,2022-07-12 01:08:59.909,23
4,train,normal_102,0,2022-07-12 00:12:44.747,2022-07-12 00:12:49.647,50
4,train,normal_582,0,2022-07-12 01:14:28.769,2022-07-12 01:14:33.669,50
4,train,normal_428,0,2022-07-12 00:53:53.254,2022-07-12 00:53:58.154,50
4,train,normal_271,0,2022-07-12 00:34:15.359,2022-07-12 00:34:20.259,50
4,train,normal_480,0,2022-07-12 01:00:50.060,2022-07-12 01:00:54.960,50
4,train,normal_356,0,2022-07-12 00:44:29.332,2022-07-12 00:44:33.832,46
4,train,normal_420,0,2022-07-12 00:52:47.696,2022-07-12 00:52:51.396,38
4,train,normal_324,0,2022-07-12 00:40:45.865,2022-07-12 00:40:50.765,50
4,train,normal_77,0,2022-07-12 00:09:28.152,2022-07-12 00:09:33.052,50
4,train,normal_568,0,2022-07-12 01:12:29.385,2022-07-12 01:12:34.285,50
4,train,normal_551,0,2022-07-12 01:10:26.247,2022-07-12 01:10:30.747,46
4,train,normal_437,0,2022-07-12 00:55:04.088,2022-07-12 00:55:06.188,22
4,train,normal_476,0,2022-07-12 01:00:16.392,2022-07-12 01:00:18.992,27
4,train,normal_260,0,2022-07-12 00:32:53.644,2022-07-12 00:32:56.744,32
4,train,normal_237,0,2022-07-12 00:29:58.044,2022-07-12 00:30:00.544,26
4,train,normal_391,0,2022-07-12 00:48:46.796,2022-07-12 00:48:51.696,50
4,train,normal_14,0,2022-07-12 00:01:43.757,2022-07-12 00:01:46.157,25
4,train,normal_404,0,2022-07-12 00:50:38.906,2022-07-12 00:50:40.906,21
4,train,normal_26,0,2022-07-12 00:03:20.215,2022-07-12 00:03:22.715,26
4,train,normal_516,0,2022-07-12 01:05:53.230,2022-07-12 01:05:58.130,50
4,train,normal_508,0,2022-07-12 01:04:40.439,2022-07-12 01:04:43.039,27
4,train,normal_166,0,2022-07-12 00:20:52.436,2022-07-12 00:20:56.636,43
4,train,normal_419,0,2022-07-12 00:52:39.609,2022-07-12 00:52:44.509,50
4,train,normal_176,0,2022-07-12 00:22:07.078,2022-07-12 00:22:11.978,50
4,train,normal_289,0,2022-07-12 00:36:29.468,2022-07-12 00:36:32.968,36
4,train,normal_53,0,2022-07-12 00:06:36.231,2022-07-12 00:06:41.131,50
4,train,normal_461,0,2022-07-12 00:58:17.587,2022-07-12 00:58:22.487,50
4,train,normal_444,0,2022-07-12 00:56:02.752,2022-07-12 00:56:07.652,50
4,train,normal_471,0,2022-07-12 00:59:36.371,2022-07-12 00:59:38.671,24
4,train,normal_35,0,2022-07-12 00:04:32.537,2022-07-12 00:04:37.437,50
4,train,normal_91,0,2022-07-12 00:11:16.040,2022-07-12 00:11:20.840,49
4,train,normal_522,0,2022-07-12 01:06:41.133,2022-07-12 01:06:44.933,39
4,train,normal_312,0,2022-07-12 00:39:25.531,2022-07-12 00:39:29.231,38
4,train,normal_490,0,2022-07-12 01:02:08.325,2022-07-12 01:02:10.325,21
4,train,normal_488,0,2022-07-12 01:01:52.260,2022-07-12 01:01:55.660,35
4,train,normal_85,0,2022-07-12 00:10:28.656,2022-07-12 00:10:33.556,50
4,train,anomaly_9,1,2022-07-17 10:52:12.567,2022-07-17 10:52:14.967,25
4,train,normal_268,0,2022-07-12 00:33:57.398,2022-07-12 00:33:59.898,26
4,train,normal_5,0,2022-07-12 00:00:32.752,2022-07-12 00:00:37.652,50
4,train,normal_211,0,2022-07-12 00:26:38.648,2022-07-12 00:26:43.548,50
4,train,normal_495,0,2022-07-12 01:02:56.132,2022-07-12 01:02:58.732,27
4,train,normal_398,0,2022-07-12 00:49:42.699,2022-07-12 00:49:45.799,32
4,train,normal_241,0,2022-07-12 00:30:22.688,2022-07-12 00:30:27.588,50
4,train,normal_282,0,2022-07-12 00:35:41.235,2022-07-12 00:35:45.935,48
4,train,normal_55,0,2022-07-12 00:06:49.646,2022-07-12 00:06:54.546,50
4,train,normal_468,0,2022-07-12 00:59:12.485,2022-07-12 00:59:17.285,49
4,train,normal_562,0,2022-07-12 01:11:47.790,2022-07-12 01:11:52.690,50
4,train,normal_577,0,2022-07-12 01:13:39.456,2022-07-12 01:13:44.256,49
4,train,normal_288,0,2022-07-12 00:36:21.560,2022-07-12 00:36:26.460,50
4,train,normal_571,0,2022-07-12 01:12:51.468,2022-07-12 01:12:55.568,42
4,train,normal_534,0,2022-07-12 01:08:09.198,2022-07-12 01:08:12.898,38
4,train,normal_30,0,2022-07-12 00:04:00.140,2022-07-12 00:04:04.240,42
4,train,normal_236,0,2022-07-12 00:29:50.008,2022-07-12 00:29:54.008,41
4,train,normal_573,0,2022-07-12 01:13:07.457,2022-07-12 01:13:09.357,20
4,train,normal_210,0,2022-07-12 00:26:31.913,2022-07-12 00:26:36.813,50
4,train,normal_360,0,2022-07-12 00:45:02.356,2022-07-12 00:45:07.256,50
4,train,anomaly_3,1,2022-07-17 10:51:23.615,2022-07-17 10:51:28.215,47
4,train,normal_23,0,2022-07-12 00:02:57.334,2022-07-12 00:03:02.234,50
4,train,normal_219,0,2022-07-12 00:27:41.443,2022-07-12 00:27:45.143,38
4,train,normal_556,0,2022-07-12 01:11:00.537,2022-07-12 01:11:05.437,50
4,valid,normal_193,0,2022-07-12 00:24:22.654,2022-07-12 00:24:27.554,50
4,valid,normal_262,0,2022-07-12 00:33:09.576,2022-07-12 00:33:11.576,21
4,valid,normal_246,0,2022-07-12 00:31:02.945,2022-07-12 00:31:07.845,50
4,valid,normal_120,0,2022-07-12 00:15:01.577,2022-07-12 00:15:06.477,50
4,valid,normal_299,0,2022-07-12 00:37:42.318,2022-07-12 00:37:47.218,50
4,valid,normal_25,0,2022-07-12 00:03:12.129,2022-07-12 00:03:15.629,36
4,valid,normal_357,0,2022-07-12 00:44:37.312,2022-07-12 00:44:40.412,32
4,valid,normal_440,0,2022-07-12 00:55:28.258,2022-07-12 00:55:33.058,49
4,valid,normal_220,0,2022-07-12 00:27:49.507,2022-07-12 00:27:51.807,24
4,valid,normal_482,0,2022-07-12 01:01:04.524,2022-07-12 01:01:08.524,41
4,valid,normal_305,0,2022-07-12 00:38:29.302,2022-07-12 00:38:34.202,50
4,valid,normal_520,0,2022-07-12 01:06:26.758,2022-07-12 01:06:31.658,50
4,valid,normal_467,0,2022-07-12 00:59:05.768,2022-07-12 00:59:10.668,50
4,valid,normal_447,0,2022-07-12 00:56:24.832,2022-07-12 00:56:27.832,31
4,valid,normal_16,0,2022-07-12 00:02:01.294,2022-07-12 00:02:06.194,50
4,valid,normal_308,0,2022-07-12 00:38:53.456,2022-07-12 00:38:55.656,23
4,valid,normal_213,0,2022-07-12 00:26:53.334,2022-07-12 00:26:57.034,38
4,valid,normal_342,0,2022-07-12 00:42:54.375,2022-07-12 00:42:59.275,50
4,valid,normal_8,0,2022-07-12 00:00:55.468,2022-07-12 00:00:59.468,41
4,valid,normal_267,0,2022-07-12 00:33:49.428,2022-07-12 00:33:53.228,39
4,valid,normal_348,0,2022-07-12 00:43:35.064,2022-07-12 00:43:39.964,50
4,valid,normal_214,0,2022-07-12 00:27:01.423,2022-07-12 00:27:03.623,23
4,valid,normal_24,0,2022-07-12 00:03:04.000,2022-07-12 00:03:08.900,50
4,valid,normal_335,0,2022-07-12 00:42:06.134,2022-07-12 00:42:11.034,50
4,valid,normal_218,0,2022-07-12 00:27:33.464,2022-07-12 00:27:38.364,50
4,valid,normal_205,0,2022-07-12 00:25:57.187,2022-07-12 00:26:01.887,48
4,valid,normal_45,0,2022-07-12 00:05:44.604,2022-07-12 00:05:47.404,29
4,valid,normal_293,0,2022-07-12 00:36:55.156,2022-07-12 00:37:00.056,50
4,valid,normal_465,0,2022-07-12 00:58:48.559,2022-07-12 00:58:50.459,20
4,valid,normal_110,0,2022-07-12 00:13:47.957,2022-07-12 00:13:51.557,37
4,valid,normal_79,0,2022-07-12 00:09:41.691,2022-07-12 00:09:46.591,50
4,valid,normal_451,0,2022-07-12 00:56:56.793,2022-07-12 00:57:01.493,48
4,valid,normal_189,0,2022-07-12 00:23:48.975,2022-07-12 00:23:53.875,50
4,valid,normal_414,0,2022-07-12 00:51:59.201,2022-07-12 00:52:01.901,28
4,valid,normal_36,0,2022-07-12 00:04:40.416,2022-07-12 00:04:44.116,38
4,valid,normal_569,0,2022-07-12 01:12:36.055,2022-07-12 01:12:40.955,50
4,valid,normal_294,0,2022-07-12 00:37:02.032,2022-07-12 00:37:06.932,50
4,valid,normal_499,0,2022-07-12 01:03:29.848,2022-07-12 01:03:34.748,50
4,valid,normal_425,0,2022-07-12 00:53:27.876,2022-07-12 00:53:31.376,36
4,valid,normal_126,0,2022-07-12 00:15:41.948,2022-07-12 00:15:46.848,50
4,valid,normal_351,0,2022-07-12 00:43:57.268,2022-07-12 00:43:59.968,28
4,valid,normal_485,0,2022-07-12 01:01:28.171,2022-07-12 01:01:32.471,44
4,valid,normal_450,0,2022-07-12 00:56:49.884,2022-07-12 00:56:54.784,50
4,valid,normal_177,0,2022-07-12 00:22:13.849,2022-07-12 00:22:18.749,50
4,valid,normal_99,0,2022-07-12 00:12:20.177,2022-07-12 00:12:22.477,24
4,valid,normal_330,0,2022-07-12 00:41:25.865,2022-07-12 00:41:30.765,50
4,valid,normal_481,0,2022-07-12 01:00:56.832,2022-07-12 01:01:01.732,50
4,valid,normal_501,0,2022-07-12 01:03:44.460,2022-07-12 01:03:48.060,37
4,valid,normal_310,0,2022-07-12 00:39:10.908,2022-07-12 00:39:15.808,50
4,valid,anomaly_19,1,2022-07-17 10:53:34.639,2022-07-17 10:53:36.939,24
4,valid,normal_296,0,2022-07-12 00:37:17.426,2022-07-12 00:37:20.226,29
4,valid,normal_413,0,2022-07-12 00:51:51.236,2022-07-12 00:51:55.136,40
4,valid,normal_316,0,2022-07-12 00:39:51.184,2022-07-12 00:39:56.084,50
4,valid,normal_86,0,2022-07-12 00:10:35.872,2022-07-12 00:10:40.372,46
4,valid,normal_48,0,2022-07-12 00:06:02.560,2022-07-12 00:06:07.460,50
4,valid,normal_96,0,2022-07-12 00:11:56.244,2022-07-12 00:12:01.144,50
4,valid,normal_286,0,2022-07-12 00:36:07.998,2022-07-12 00:36:12.898,50
4,valid,normal_105,0,2022-07-12 00:13:07.971,2022-07-12 00:13:11.271,34
4,valid,normal_557,0,2022-07-12 01:11:07.348,2022-07-12 01:11:12.248,50
4,valid,normal_266,0,2022-07-12 00:33:41.534,2022-07-12 00:33:46.434,50
4,valid,normal_202,0,2022-07-12 00:25:33.044,2022-07-12 00:25:35.144,22
4,valid,normal_475,0,2022-07-12 01:00:08.365,2022-07-12 01:00:12.165,39
4,valid,normal_565,0,2022-07-12 01:12:11.247,2022-07-12 01:12:14.147,30
4,valid,normal_149,0,2022-07-12 00:18:36.700,2022-07-12 00:18:39.200,26
4,valid,normal_178,0,2022-07-12 00:22:21.169,2022-07-12 00:22:25.669,46
4,valid,normal_146,0,2022-07-12 00:18:13.063,2022-07-12 00:18:17.963,50
4,valid,normal_596,0,2022-07-12 01:16:27.377,2022-07-12 01:16:29.477,22
4,valid,normal_212,0,2022-07-12 00:26:45.464,2022-07-12 00:26:50.364,50
4,valid,normal_338,0,2022-07-12 00:42:29.388,2022-07-12 00:42:32.488,32
4,valid,normal_366,0,2022-07-12 00:45:50.892,2022-07-12 00:45:55.792,50
4,valid,normal_206,0,2022-07-12 00:26:05.260,2022-07-12 00:26:08.460,33
4,valid,normal_167,0,2022-07-12 00:21:00.416,2022-07-12 00:21:03.516,32
4,valid,normal_130,0,2022-07-12 00:16:11.955,2022-07-12 00:16:13.855,20
4,valid,normal_63,0,2022-07-12 00:07:46.324,2022-07-12 00:07:51.224,50
4,valid,normal_88,0,2022-07-12 00:10:51.896,2022-07-12 00:10:54.096,23
4,valid,normal_337,0,2022-07-12 00:42:21.316,2022-07-12 00:42:24.616,34
4,valid,normal_453,0,2022-07-12 00:57:12.712,2022-07-12 00:57:15.012,24
4,valid,normal_325,0,2022-07-12 00:40:53.176,2022-07-12 00:40:57.476,44
4,valid,normal_147,0,2022-07-12 00:18:20.724,2022-07-12 00:18:24.624,40
4,valid,normal_421,0,2022-07-12 00:52:55.616,2022-07-12 00:52:57.816,23
4,valid,normal_387,0,2022-07-12 00:48:22.150,2022-07-12 00:48:24.850,28
4,valid,normal_364,0,2022-07-12 00:45:33.352,2022-07-12 00:45:35.352,21
4,valid,normal_521,0,2022-07-12 01:06:33.408,2022-07-12 01:06:38.308,50
4,valid,normal_583,0,2022-07-12 01:14:35.252,2022-07-12 01:14:40.152,50
4,valid,normal_38,0,2022-07-12 00:04:56.641,2022-07-12 00:04:58.941,24
4,valid,normal_446,0,2022-07-12 00:56:16.827,2022-07-12 00:56:21.127,44
4,valid,normal_362,0,2022-07-12 00:45:17.244,2022-07-12 00:45:22.144,50
4,valid,normal_418,0,2022-07-12 00:52:32.972,2022-07-12 00:52:37.872,50
4,valid,anomaly_4,1,2022-07-17 10:51:31.734,2022-07-17 10:51:34.734,31
4,valid,normal_42,0,2022-07-12 00:05:22.496,2022-07-12 00:05:27.396,50
4,valid,normal_350,0,2022-07-12 00:43:49.346,2022-07-12 00:43:53.346,41
4,valid,normal_231,0,2022-07-12 00:29:17.574,2022-07-12 00:29:20.674,32
4,valid,normal_204,0,2022-07-12 00:25:50.128,2022-07-12 00:25:55.028,50
4,test,normal_7,0,2022-07-12 00:00:47.676,2022-07-12 00:00:52.576,50
4,test,normal_17,0,2022-07-12 00:02:07.924,2022-07-12 00:02:12.824,50
4,test,normal_28,0,2022-07-12 00:03:44.676,2022-07-12 00:03:49.576,50
4,test,normal_31,0,2022-07-12 00:04:08.213,2022-07-12 00:04:10.813,27
4,test,normal_34,0,2022-07-12 00:04:25.827,2022-07-12 00:04:30.727,50
4,test,normal_52,0,2022-07-12 00:06:29.384,2022-07-12 00:06:34.284,50
4,test,normal_59,0,2022-07-12 00:07:19.348,2022-07-12 00:07:24.248,50
4,test,normal_61,0,2022-07-12 00:07:32.847,2022-07-12 00:07:37.747,50
4,test,normal_66,0,2022-07-12 00:08:06.337,2022-07-12 00:08:11.237,50
4,test,normal_69,0,2022-07-12 00:08:33.206,2022-07-12 00:08:38.106,50
4,test,normal_70,0,2022-07-12 00:08:39.956,2022-07-12 00:08:44.856,50
4,test,normal_72,0,2022-07-12 00:08:53.480,2022-07-12 00:08:58.380,50
4,test,normal_73,0,2022-07-12 00:09:00.084,2022-07-12 00:09:04.984,50
4,test,normal_76,0,2022-07-12 00:09:20.084,2022-07-12 00:09:24.984,50
4,test,normal_81,0,2022-07-12 00:09:55.827,2022-07-12 00:09:59.927,42
4,test,normal_82,0,2022-07-12 00:10:03.867,2022-07-12 00:10:06.867,31
4,test,normal_92,0,2022-07-12 00:11:24.056,2022-07-12 00:11:27.556,36
4,test,normal_97,0,2022-07-12 00:12:04.143,2022-07-12 00:12:07.843,38
4,test,normal_98,0,2022-07-12 00:12:12.164,2022-07-12 00:12:14.564,25
4,test,normal_104,0,2022-07-12 00:13:00.089,2022-07-12 00:13:03.389,34
4,test,normal_106,0,2022-07-12 00:13:15.873,2022-07-12 00:13:17.973,22
4,test,normal_109,0,2022-07-12 00:13:39.886,2022-07-12 00:13:44.786,50
4,test,normal_111,0,2022-07-12 00:13:55.976,2022-07-12 00:13:58.176,23
4,test,normal_117,0,2022-07-12 00:14:43.837,2022-07-12 00:14:46.437,27
4,test,normal_127,0,2022-07-12 00:15:48.726,2022-07-12 00:15:53.626,50
4,test,normal_129,0,2022-07-12 00:16:03.804,2022-07-12 00:16:07.304,36
4,test,normal_132,0,2022-07-12 00:16:29.364,2022-07-12 00:16:34.264,50
4,test,normal_133,0,2022-07-12 00:16:36.267,2022-07-12 00:16:41.067,49
4,test,normal_134,0,2022-07-12 00:16:44.325,2022-07-12 00:16:47.725,35
4,test,normal_137,0,2022-07-12 00:17:09.540,2022-07-12 00:17:14.440,50
4,test,normal_140,0,2022-07-12 00:17:32.480,2022-07-12 00:17:35.880,35
4,test,normal_155,0,2022-07-12 00:19:24.471,2022-07-12 00:19:29.071,47
4,test,normal_156,0,2022-07-12 00:19:32.476,2022-07-12 00:19:35.776,34
4,test,normal_165,0,2022-07-12 00:20:45.131,2022-07-12 00:20:50.031,50
4,test,normal_170,0,2022-07-12 00:21:25.804,2022-07-12 00:21:30.704,50
4,test,normal_180,0,2022-07-12 00:22:37.072,2022-07-12 00:22:38.972,20
4,test,normal_184,0,2022-07-12 00:23:09.220,2022-07-12 00:23:12.320,32
4,test,normal_194,0,2022-07-12 00:24:29.596,2022-07-12 00:24:34.496,50
4,test,normal_201,0,2022-07-12 00:25:25.093,2022-07-12 00:25:28.293,33
4,test,normal_222,0,2022-07-12 00:28:07.313,2022-07-12 00:28:12.213,50
4,test,normal_230,0,2022-07-12 00:29:09.592,2022-07-12 00:29:13.792,43
4,test,normal_234,0,2022-07-12 00:29:35.745,2022-07-12 00:29:40.645,50
4,test,normal_240,0,2022-07-12 00:30:15.875,2022-07-12 00:30:20.775,50
4,test,normal_242,0,2022-07-12 00:30:29.999,2022-07-12 00:30:34.199,43
4,test,normal_252,0,2022-07-12 00:31:51.200,2022-07-12 00:31:56.100,50
4,test,normal_253,0,2022-07-12 00:31:58.020,2022-07-12 00:32:02.920,50
4,test,normal_272,0,2022-07-12 00:34:21.987,2022-07-12 00:34:26.887,50
4,test,normal_274,0,2022-07-12 00:34:37.168,2022-07-12 00:34:41.568,45
4,test,normal_275,0,2022-07-12 00:34:45.928,2022-07-12 00:34:50.828,50
4,test,normal_276,0,2022-07-12 00:34:53.056,2022-07-12 00:34:57.656,47
4,test,normal_278,0,2022-07-12 00:35:09.147,2022-07-12 00:35:11.147,21
4,test,normal_284,0,2022-07-12 00:35:57.296,2022-07-12 00:35:59.396,22
4,test,normal_295,0,2022-07-12 00:37:09.360,2022-07-12 00:37:13.460,42
4,test,normal_307,0,2022-07-12 00:38:45.418,2022-07-12 00:38:48.818,35
4,test,normal_326,0,2022-07-12 00:41:01.166,2022-07-12 00:41:04.066,30
4,test,normal_329,0,2022-07-12 00:41:19.199,2022-07-12 00:41:24.099,50
4,test,normal_339,0,2022-07-12 00:42:37.291,2022-07-12 00:42:39.191,20
4,test,normal_341,0,2022-07-12 00:42:47.528,2022-07-12 00:42:52.428,50
4,test,normal_343,0,2022-07-12 00:43:01.514,2022-07-12 00:43:05.914,45
4,test,normal_344,0,2022-07-12 00:43:09.436,2022-07-12 00:43:12.736,34
4,test,normal_375,0,2022-07-12 00:46:53.743,2022-07-12 00:46:56.643,30
4,test,normal_396,0,2022-07-12 00:49:27.367,2022-07-12 00:49:32.267,50
4,test,normal_399,0,2022-07-12 00:49:50.587,2022-07-12 00:49:52.687,22
4,test,normal_431,0,2022-07-12 00:54:15.782,2022-07-12 00:54:18.482,28
4,test,normal_445,0,2022-07-12 00:56:09.664,2022-07-12 00:56:14.564,50
4,test,normal_448,0,2022-07-12 00:56:32.839,2022-07-12 00:56:34.839,21
4,test,normal_457,0,2022-07-12 00:57:44.792,2022-07-12 00:57:48.592,39
4,test,normal_470,0,2022-07-12 00:59:28.347,2022-07-12 00:59:31.947,37
4,test,normal_486,0,2022-07-12 01:01:36.160,2022-07-12 01:01:40.460,44
4,test,normal_487,0,2022-07-12 01:01:44.306,2022-07-12 01:01:48.506,43
4,test,normal_498,0,2022-07-12 01:03:22.041,2022-07-12 01:03:26.941,50
4,test,normal_500,0,2022-07-12 01:03:36.502,2022-07-12 01:03:41.402,50
4,test,normal_502,0,2022-07-12 01:03:52.400,2022-07-12 01:03:54.700,24
4,test,normal_505,0,2022-07-12 01:04:17.855,2022-07-12 01:04:22.755,50
4,test,normal_506,0,2022-07-12 01:04:24.809,2022-07-12 01:04:29.709,50
4,test,normal_513,0,2022-07-12 01:05:20.820,2022-07-12 01:05:23.320,26
4,test,normal_525,0,2022-07-12 01:07:07.819,2022-07-12 01:07:12.719,50
4,test,normal_527,0,2022-07-12 01:07:21.267,2022-07-12 01:07:26.067,49
4,test,normal_532,0,2022-07-12 01:07:54.616,2022-07-12 01:07:59.516,50
4,test,normal_535,0,2022-07-12 01:08:17.218,2022-07-12 01:08:19.618,25
4,test,normal_537,0,2022-07-12 01:08:34.704,2022-07-12 01:08:39.604,50
4,test,normal_543,0,2022-07-12 01:09:23.128,2022-07-12 01:09:28.028,50
4,test,normal_544,0,2022-07-12 01:09:29.681,2022-07-12 01:09:34.581,50
4,test,normal_558,0,2022-07-12 01:11:14.704,2022-07-12 01:11:19.104,45
4,test,normal_563,0,2022-07-12 01:11:55.696,2022-07-12 01:12:00.596,50
4,test,normal_570,0,2022-07-12 01:12:43.312,2022-07-12 01:12:47.612,44
4,test,normal_572,0,2022-07-12 01:12:59.519,2022-07-12 01:13:02.419,30
4,test,normal_585,0,2022-07-12 01:14:51.439,2022-07-12 01:14:53.839,25
4,test,normal_587,0,2022-07-12 01:15:17.019,2022-07-12 01:15:21.919,50
4,test,normal_599,0,2022-07-12 01:16:51.528,2022-07-12 01:16:55.828,44
4,test,anomaly_8,1,2022-07-17 10:52:04.407,2022-07-17 10:52:08.307,40
4,test,anomaly_17,1,2022-07-17 10:53:18.444,2022-07-17 10:53:23.344,50
4,test,anomaly_18,1,2022-07-17 10:53:26.553,2022-07-17 10:53:30.053,36
5,train,normal_156,0,2022-07-12 00:19:32.476,2022-07-12 00:19:35.776,34
5,train,normal_528,0,2022-07-12 01:07:29.260,2022-07-12 01:07:32.760,36
5,train,normal_512,0,2022-07-12 01:05:12.740,2022-07-12 01:05:16.440,38
5,train,normal_102,0,2022-07-12 00:12:44.747,2022-07-12 00:12:49.647,50
5,train,normal_556,0,2022-07-12 01:11:00.537,2022-07-12 01:11:05.437,50
5,train,normal_490,0,2022-07-12 01:02:08.325,2022-07-12 01:02:10.325,21
5,train,normal_260,0,2022-07-12 00:32:53.644,2022-07-12 00:32:56.744,32
5,train,normal_110,0,2022-07-12 00:13:47.957,2022-07-12 00:13:51.557,37
5,train,normal_272,0,2022-07-12 00:34:21.987,2022-07-12 00:34:26.887,50
5,train,normal_596,0,2022-07-12 01:16:27.377,2022-07-12 01:16:29.477,22
5,train,normal_408,0,2022-07-12 00:51:10.863,2022-07-12 00:51:14.563,38
5,train,normal_254,0,2022-07-12 00:32:05.948,2022-07-12 00:32:09.648,38
5,train,normal_44,0,2022-07-12 00:05:36.499,2022-07-12 00:05:40.699,43
5,train,normal_115,0,2022-07-12 00:14:27.908,2022-07-12 00:14:31.808,40
5,train,normal_177,0,2022-07-12 00:22:13.849,2022-07-12 00:22:18.749,50
5,train,normal_587,0,2022-07-12 01:15:17.019,2022-07-12 01:15:21.919,50
5,train,normal_404,0,2022-07-12 00:50:38.906,2022-07-12 00:50:40.906,21
5,train,normal_366,0,2022-07-12 00:45:50.892,2022-07-12 00:45:55.792,50
5,train,normal_95,0,2022-07-12 00:11:49.526,2022-07-12 00:11:54.426,50
5,train,normal_387,0,2022-07-12 00:48:22.150,2022-07-12 00:48:24.850,28
5,train,normal_583,0,2022-07-12 01:14:35.252,2022-07-12 01:14:40.152,50
5,train,anomaly_7,1,2022-07-17 10:51:56.684,2022-07-17 10:52:01.584,50
5,train,normal_153,0,2022-07-12 00:19:09.428,2022-07-12 00:19:14.328,50
5,train,normal_11,0,2022-07-12 00:01:21.222,2022-07-12 00:01:26.122,50
5,train,normal_7,0,2022-07-12 00:00:47.676,2022-07-12 00:00:52.576,50
5,train,normal_419,0,2022-07-12 00:52:39.609,2022-07-12 00:52:44.509,50
5,train,anomaly_16,1,2022-07-17 10:53:11.764,2022-07-17 10:53:16.664,50
5,train,normal_283,0,2022-07-12 00:35:49.315,2022-07-12 00:35:52.515,33
5,train,normal_329,0,2022-07-12 00:41:19.199,2022-07-12 00:41:24.099,50
5,train,normal_551,0,2022-07-12 01:10:26.247,2022-07-12 01:10:30.747,46
5,train,normal_72,0,2022-07-12 00:08:53.480,2022-07-12 00:08:58.380,50
5,train,normal_111,0,2022-07-12 00:13:55.976,2022-07-12 00:13:58.176,23
5,train,normal_341,0,2022-07-12 00:42:47.528,2022-07-12 00:42:52.428,50
5,train,normal_20,0,2022-07-12 00:02:31.936,2022-07-12 00:02:34.136,23
5,train,normal_399,0,2022-07-12 00:49:50.587,2022-07-12 00:49:52.687,22
5,train,normal_335,0,2022-07-12 00:42:06.134,2022-07-12 00:42:11.034,50
5,train,normal_282,0,2022-07-12 00:35:41.235,2022-07-12 00:35:45.935,48
5,train,normal_56,0,2022-07-12 00:06:57.798,2022-07-12 00:07:02.698,50
5,train,normal_339,0,2022-07-12 00:42:37.291,2022-07-12 00:42:39.191,20
5,train,normal_350,0,2022-07-12 00:43:49.346,2022-07-12 00:43:53.346,41
5,train,normal_62,0,2022-07-12 00:07:39.560,2022-07-12 00:07:44.460,50
5,train,normal_255,0,2022-07-12 00:32:13.976,2022-07-12 00:32:16.576,27
5,train,normal_58,0,2022-07-12 00:07:12.647,2022-07-12 00:07:17.547,50
5,train,normal_137,0,2022-07-12 00:17:09.540,2022-07-12 00:17:14.440,50
5,train,normal_358,0,2022-07-12 00:44:45.286,2022-07-12 00:44:47.186,20
5,train,normal_93,0,2022-07-12 00:11:32.266,2022-07-12 00:11:34.466,23
5,train,normal_499,0,2022-07-12 01:03:29.848,2022-07-12 01:03:34.748,50
5,train,normal_546,0,2022-07-12 01:09:45.835,2022-07-12 01:09:47.935,22
5,train,normal_428,0,2022-07-12 00:53:53.254,2022-07-12 00:53:58.154,50
5,train,normal_1,0,2022-07-12 00:00:00.019,2022-07-12 00:00:04.019,41
5,train,normal_527,0,2022-07-12 01:07:21.267,2022-07-12 01:07:26.067,49
5,train,normal_301,0,2022-07-12 00:37:57.236,2022-07-12 00:38:00.736,36
5,train,normal_104,0,2022-07-12 00:13:00.089,2022-07-12 00:13:03.389,34
5,train,normal_274,0,2022-07-12 00:34:37.168,2022-07-12 00:34:41.568,45
5,train,normal_584,0,2022-07-12 01:14:43.335,2022-07-12 01:14:46.935,37
5,train,normal_369,0,2022-07-12 00:46:13.485,2022-07-12 00:46:16.085,27
5,train,normal_595,0,2022-07-12 01:16:19.392,2022-07-12 01:16:22.792,35
5,train,normal_440,0,2022-07-12 00:55:28.258,2022-07-12 00:55:33.058,49
5,train,normal_424,0,2022-07-12 00:53:19.759,2022-07-12 00:53:24.559,49
5,train,normal_311,0,2022-07-12 00:39:17.687,2022-07-12 00:39:22.587,50
5,train,normal_200,0,2022-07-12 00:25:17.084,2022-07-12 00:25:21.884,49
5,train,anomaly_2,1,2022-07-17 10:51:16.724,2022-07-17 10:51:21.624,50
5,train,normal_24,0,2022-07-12 00:03:04.000,2022-07-12 00:03:08.900,50
5,train,normal_189,0,2022-07-12 00:23:48.975,2022-07-12 00:23:53.875,50
5,train,normal_229,0,2022-07-12 00:29:02.224,2022-07-12 00:29:07.124,50
5,train,normal_487,0,2022-07-12 01:01:44.306,2022-07-12 01:01:48.506,43
5,train,normal_59,0,2022-07-12 00:07:19.348,2022-07-12 00:07:24.248,50
5,train,normal_473,0,2022-07-12 00:59:53.992,2022-07-12 00:59:58.892,50
5,train,normal_578,0,2022-07-12 01:13:47.379,2022-07-12 01:13:50.779,35
5,train,normal_498,0,2022-07-12 01:03:22.041,2022-07-12 01:03:26.941,50
5,train,normal_502,0,2022-07-12 01:03:52.400,2022-07-12 01:03:54.700,24
5,train,normal_101,0,2022-07-12 00:12:38.192,2022-07-12 00:12:43.092,50
5,train,normal_99,0,2022-07-12 00:12:20.177,2022-07-12 00:12:22.477,24
5,train,normal_373,0,2022-07-12 00:46:38.256,2022-07-12 00:46:43.156,50
5,train,normal_375,0,2022-07-12 00:46:53.743,2022-07-12 00:46:56.643,30
5,train,normal_529,0,2022-07-12 01:07:37.255,2022-07-12 01:07:39.655,25
5,train,normal_210,0,2022-07-12 00:26:31.913,2022-07-12 00:26:36.813,50
5,train,normal_452,0,2022-07-12 00:57:04.747,2022-07-12 00:57:08.347,37
5,train,normal_268,0,2022-07-12 00:33:57.398,2022-07-12 00:33:59.898,26
5,train,normal_81,0,2022-07-12 00:09:55.827,2022-07-12 00:09:59.927,42
5,train,normal_392,0,2022-07-12 00:48:54.584,2022-07-12 00:48:58.384,39
5,train,normal_82,0,2022-07-12 00:10:03.867,2022-07-12 00:10:06.867,31
5,train,anomaly_17,1,2022-07-17 10:53:18.444,2022-07-17 10:53:23.344,50
5,train,normal_127,0,2022-07-12 00:15:48.726,2022-07-12 00:15:53.626,50
5,train,normal_247,0,2022-07-12 00:31:10.998,2022-07-12 00:31:15.898,50
5,train,normal_128,0,2022-07-12 00:15:55.785,2022-07-12 00:16:00.485,48
5,train,normal_453,0,2022-07-12 00:57:12.712,2022-07-12 00:57:15.012,24
5,train,normal_73,0,2022-07-12 00:09:00.084,2022-07-12 00:09:04.984,50
5,train,normal_295,0,2022-07-12 00:37:09.360,2022-07-12 00:37:13.460,42
5,train,normal_250,0,2022-07-12 00:31:33.901,2022-07-12 00:31:36.101,23
5,train,normal_108,0,2022-07-12 00:13:33.336,2022-07-12 00:13:38.236,50
5,train,normal_343,0,2022-07-12 00:43:01.514,2022-07-12 00:43:05.914,45
5,train,normal_577,0,2022-07-12 01:13:39.456,2022-07-12 01:13:44.256,49
5,train,normal_237,0,2022-07-12 00:29:58.044,2022-07-12 00:30:00.544,26
5,train,normal_21,0,2022-07-12 00:02:40.000,2022-07-12 00:02:42.100,22
5,train,normal_569,0,2022-07-12 01:12:36.055,2022-07-12 01:12:40.955,50
5,train,normal_173,0,2022-07-12 00:21:49.428,2022-07-12 00:21:51.928,26
5,train,normal_288,0,2022-07-12 00:36:21.560,2022-07-12 00:36:26.460,50
5,train,normal_188,0,2022-07-12 00:23:42.270,2022-07-12 00:23:47.170,50
5,train,normal_25,0,2022-07-12 00:03:12.129,2022-07-12 00:03:15.629,36
5,train,normal_553,0,2022-07-12 01:10:42.242,2022-07-12 01:10:45.242,31
5,train,normal_299,0,2022-07-12 00:37:42.318,2022-07-12 00:37:47.218,50
5,train,normal_222,0,2022-07-12 00:28:07.313,2022-07-12 00:28:12.213,50
5,train,normal_559,0,2022-07-12 01:11:22.827,2022-07-12 01:11:25.727,30
5,train,normal_562,0,2022-07-12 01:11:47.790,2022-07-12 01:11:52.690,50
5,train,normal_235,0,2022-07-12 00:29:42.284,2022-07-12 00:29:47.184,50
5,train,normal_345,0,2022-07-12 00:43:17.444,2022-07-12 00:43:19.444,21
5,train,normal_53,0,2022-07-12 00:06:36.231,2022-07-12 00:06:41.131,50
5,train,normal_17,0,2022-07-12 00:02:07.924,2022-07-12 00:02:12.824,50
5,train,normal_248,0,2022-07-12 00:31:17.932,2022-07-12 00:31:22.832,50
5,train,normal_342,0,2022-07-12 00:42:54.375,2022-07-12 00:42:59.275,50
5,train,normal_278,0,2022-07-12 00:35:09.147,2022-07-12 00:35:11.147,21
5,train,normal_194,0,2022-07-12 00:24:29.596,2022-07-12 00:24:34.496,50
5,train,normal_289,0,2022-07-12 00:36:29.468,2022-07-12 00:36:32.968,36
5,train,normal_500,0,2022-07-12 01:03:36.502,2022-07-12 01:03:41.402,50
5,train,normal_276,0,2022-07-12 00:34:53.056,2022-07-12 00:34:57.656,47
5,train,normal_54,0,2022-07-12 00:06:43.040,2022-07-12 00:06:47.940,50
5,train,normal_518,0,2022-07-12 01:06:09.221,2022-07-12 01:06:11.621,25
5,train,normal_77,0,2022-07-12 00:09:28.152,2022-07-12 00:09:33.052,50
5,train,normal_130,0,2022-07-12 00:16:11.955,2022-07-12 00:16:13.855,20
5,train,normal_161,0,2022-07-12 00:20:12.569,2022-07-12 00:20:16.269,38
5,train,normal_265,0,2022-07-12 00:33:34.840,2022-07-12 00:33:39.740,50
5,train,normal_406,0,2022-07-12 00:50:56.424,2022-07-12 00:51:01.324,50
5,train,normal_396,0,2022-07-12 00:49:27.367,2022-07-12 00:49:32.267,50
5,train,normal_129,0,2022-07-12 00:16:03.804,2022-07-12 00:16:07.304,36
5,train,normal_106,0,2022-07-12 00:13:15.873,2022-07-12 00:13:17.973,22
5,train,normal_513,0,2022-07-12 01:05:20.820,2022-07-12 01:05:23.320,26
5,train,normal_31,0,2022-07-12 00:04:08.213,2022-07-12 00:04:10.813,27
5,train,normal_474,0,2022-07-12 01:00:00.660,2022-07-12 01:00:05.560,50
5,train,normal_140,0,2022-07-12 00:17:32.480,2022-07-12 00:17:35.880,35
5,train,normal_132,0,2022-07-12 00:16:29.364,2022-07-12 00:16:34.264,50
5,train,normal_96,0,2022-07-12 00:11:56.244,2022-07-12 00:12:01.144,50
5,train,normal_66,0,2022-07-12 00:08:06.337,2022-07-12 00:08:11.237,50
5,train,normal_414,0,2022-07-12 00:51:59.201,2022-07-12 00:52:01.901,28
5,train,normal_325,0,2022-07-12 00:40:53.176,2022-07-12 00:40:57.476,44
5,train,normal_191,0,2022-07-12 00:24:04.940,2022-07-12 00:24:07.440,26
5,train,normal_267,0,2022-07-12 00:33:49.428,2022-07-12 00:33:53.228,39
5,train,normal_436,0,2022-07-12 00:54:56.093,2022-07-12 00:54:59.493,35
5,train,normal_599,0,2022-07-12 01:16:51.528,2022-07-12 01:16:55.828,44
5,train,normal_444,0,2022-07-12 00:56:02.752,2022-07-12 00:56:07.652,50
5,train,normal_133,0,2022-07-12 00:16:36.267,2022-07-12 00:16:41.067,49
5,train,normal_69,0,2022-07-12 00:08:33.206,2022-07-12 00:08:38.106,50
5,train,normal_570,0,2022-07-12 01:12:43.312,2022-07-12 01:12:47.612,44
5,train,normal_411,0,2022-07-12 00:51:36.856,2022-07-12 00:51:41.756,50
5,train,normal_316,0,2022-07-12 00:39:51.184,2022-07-12 00:39:56.084,50
5,train,normal_391,0,2022-07-12 00:48:46.796,2022-07-12 00:48:51.696,50
5,train,normal_434,0,2022-07-12 00:54:41.336,2022-07-12 00:54:46.236,50
5,train,normal_469,0,2022-07-12 00:59:20.419,2022-07-12 00:59:23.919,36
5,train,normal_330,0,2022-07-12 00:41:25.865,2022-07-12 00:41:30.765,50
5,train,normal_97,0,2022-07-12 00:12:04.143,2022-07-12 00:12:07.843,38
5,train,normal_29,0,2022-07-12 00:03:52.544,2022-07-12 00:03:57.444,50
5,train,normal_368,0,2022-07-12 00:46:05.548,2022-07-12 00:46:09.148,37
5,train,normal_585,0,2022-07-12 01:14:51.439,2022-07-12 01:14:53.839,25
5,train,normal_167,0,2022-07-12 00:21:00.416,2022-07-12 00:21:03.516,32
5,train,normal_310,0,2022-07-12 00:39:10.908,2022-07-12 00:39:15.808,50
5,train,normal_476,0,2022-07-12 01:00:16.392,2022-07-12 01:00:18.992,27
5,train,normal_36,0,2022-07-12 00:04:40.416,2022-07-12 00:04:44.116,38
5,train,normal_114,0,2022-07-12 00:14:20.310,2022-07-12 00:14:25.210,50
5,train,normal_478,0,2022-07-12 01:00:34.124,2022-07-12 01:00:39.024,50
5,train,normal_179,0,2022-07-12 00:22:29.076,2022-07-12 00:22:32.176,32
5,train,normal_357,0,2022-07-12 00:44:37.312,2022-07-12 00:44:40.412,32
5,train,normal_381,0,2022-07-12 00:47:33.787,2022-07-12 00:47:36.587,29
5,train,normal_494,0,2022-07-12 01:02:48.171,2022-07-12 01:02:51.971,39
5,train,normal_430,0,2022-07-12 00:54:07.775,2022-07-12 00:54:11.575,39
5,train,normal_457,0,2022-07-12 00:57:44.792,2022-07-12 00:57:48.592,39
5,train,normal_307,0,2022-07-12 00:38:45.418,2022-07-12 00:38:48.818,35
5,train,normal_55,0,2022-07-12 00:06:49.646,2022-07-12 00:06:54.546,50
5,train,normal_51,0,2022-07-12 00:06:25.547,2022-07-12 00:06:27.647,22
5,train,normal_275,0,2022-07-12 00:34:45.928,2022-07-12 00:34:50.828,50
5,train,normal_390,0,2022-07-12 00:48:40.145,2022-07-12 00:48:45.045,50
5,train,normal_398,0,2022-07-12 00:49:42.699,2022-07-12 00:49:45.799,32
5,train,normal_348,0,2022-07-12 00:43:35.064,2022-07-12 00:43:39.964,50
5,train,normal_378,0,2022-07-12 00:47:11.896,2022-07-12 00:47:16.796,50
5,train,normal_349,0,2022-07-12 00:43:41.601,2022-07-12 00:43:46.501,50
5,train,anomaly_18,1,2022-07-17 10:53:26.553,2022-07-17 10:53:30.053,36
5,train,normal_184,0,2022-07-12 00:23:09.220,2022-07-12 00:23:12.320,32
5,train,normal_85,0,2022-07-12 00:10:28.656,2022-07-12 00:10:33.556,50
5,train,normal_508,0,2022-07-12 01:04:40.439,2022-07-12 01:04:43.039,27
5,train,normal_126,0,2022-07-12 00:15:41.948,2022-07-12 00:15:46.848,50
5,train,normal_223,0,2022-07-12 00:28:14.008,2022-07-12 00:28:18.908,50
5,train,normal_134,0,2022-07-12 00:16:44.325,2022-07-12 00:16:47.725,35
5,train,normal_117,0,2022-07-12 00:14:43.837,2022-07-12 00:14:46.437,27
5,train,normal_488,0,2022-07-12 01:01:52.260,2022-07-12 01:01:55.660,35
5,train,normal_92,0,2022-07-12 00:11:24.056,2022-07-12 00:11:27.556,36
5,train,normal_42,0,2022-07-12 00:05:22.496,2022-07-12 00:05:27.396,50
5,train,normal_492,0,2022-07-12 01:02:33.380,2022-07-12 01:02:38.280,50
5,train,normal_564,0,2022-07-12 01:12:03.184,2022-07-12 01:12:07.484,44
5,train,normal_86,0,2022-07-12 00:10:35.872,2022-07-12 00:10:40.372,46
5,train,normal_165,0,2022-07-12 00:20:45.131,2022-07-12 00:20:50.031,50
5,train,normal_355,0,2022-07-12 00:44:22.158,2022-07-12 00:44:27.058,50
5,train,normal_439,0,2022-07-12 00:55:21.168,2022-07-12 00:55:26.068,50
5,train,normal_568,0,2022-07-12 01:12:29.385,2022-07-12 01:12:34.285,50
5,train,normal_146,0,2022-07-12 00:18:13.063,2022-07-12 00:18:17.963,50
5,train,normal_526,0,2022-07-12 01:07:14.504,2022-07-12 01:07:19.404,50
5,train,normal_76,0,2022-07-12 00:09:20.084,2022-07-12 00:09:24.984,50
5,train,normal_186,0,2022-07-12 00:23:25.144,2022-07-12 00:23:27.244,22
5,train,normal_323,0,2022-07-12 00:40:39.236,2022-07-12 00:40:44.136,50
5,train,normal_212,0,2022-07-12 00:26:45.464,2022-07-12 00:26:50.364,50
5,train,normal_30,0,2022-07-12 00:04:00.140,2022-07-12 00:04:04.240,42
5,train,normal_147,0,2022-07-12 00:18:20.724,2022-07-12 00:18:24.624,40
5,train,normal_243,0,2022-07-12 00:30:38.043,2022-07-12 00:30:40.843,29
5,train,normal_271,0,2022-07-12 00:34:15.359,2022-07-12 00:34:20.259,50
5,train,anomaly_8,1,2022-07-17 10:52:04.407,2022-07-17 10:52:08.307,40
5,train,normal_563,0,2022-07-12 01:11:55.696,2022-07-12 01:12:00.596,50
5,train,normal_386,0,2022-07-12 00:48:14.176,2022-07-12 00:48:18.076,40
5,train,normal_6,0,2022-07-12 00:00:39.756,2022-07-12 00:00:44.656,50
5,train,normal_468,0,2022-07-12 00:59:12.485,2022-07-12 00:59:17.285,49
5,train,normal_412,0,2022-07-12 00:51:43.448,2022-07-12 00:51:48.348,50
5,train,normal_228,0,2022-07-12 00:28:54.024,2022-07-12 00:28:58.924,50
5,train,normal_549,0,2022-07-12 01:10:11.168,2022-07-12 01:10:16.068,50
5,train,normal_535,0,2022-07-12 01:08:17.218,2022-07-12 01:08:19.618,25
5,train,normal_485,0,2022-07-12 01:01:28.171,2022-07-12 01:01:32.471,44
5,train,normal_214,0,2022-07-12 00:27:01.423,2022-07-12 00:27:03.623,23
5,train,normal_426,0,2022-07-12 00:53:35.908,2022-07-12 00:53:38.208,24
5,train,normal_305,0,2022-07-12 00:38:29.302,2022-07-12 00:38:34.202,50
5,train,normal_266,0,2022-07-12 00:33:41.534,2022-07-12 00:33:46.434,50
5,train,normal_201,0,2022-07-12 00:25:25.093,2022-07-12 00:25:28.293,33
5,train,normal_435,0,2022-07-12 00:54:48.044,2022-07-12 00:54:52.844,49
5,train,normal_242,0,2022-07-12 00:30:29.999,2022-07-12 00:30:34.199,43
5,train,normal_195,0,2022-07-12 00:24:37.006,2022-07-12 00:24:41.106,42
5,train,normal_317,0,2022-07-12 00:39:57.839,2022-07-12 00:40:02.739,50
5,train,normal_511,0,2022-07-12 01:05:04.844,2022-07-12 01:05:09.744,50
5,train,normal_552,0,2022-07-12 01:10:34.272,2022-07-12 01:10:38.672,45
5,train,normal_75,0,2022-07-12 00:09:13.436,2022-07-12 00:09:18.336,50
5,train,normal_450,0,2022-07-12 00:56:49.884,2022-07-12 00:56:54.784,50
5,train,normal_284,0,2022-07-12 00:35:57.296,2022-07-12 00:35:59.396,22
5,train,normal_123,0,2022-07-12 00:15:23.669,2022-07-12 00:15:26.469,29
5,train,normal_550,0,2022-07-12 01:10:18.055,2022-07-12 01:10:22.855,49
5,train,normal_401,0,2022-07-12 00:50:15.827,2022-07-12 00:50:20.727,50
5,train,normal_88,0,2022-07-12 00:10:51.896,2022-07-12 00:10:54.096,23
5,train,normal_582,0,2022-07-12 01:14:28.769,2022-07-12 01:14:33.669,50
5,train,normal_28,0,2022-07-12 00:03:44.676,2022-07-12 00:03:49.576,50
5,train,normal_475,0,2022-07-12 01:00:08.365,2022-07-12 01:00:12.165,39
5,train,normal_246,0,2022-07-12 00:31:02.945,2022-07-12 00:31:07.845,50
5,train,normal_87,0,2022-07-12 00:10:43.851,2022-07-12 00:10:47.051,33
5,train,normal_580,0,2022-07-12 01:14:03.369,2022-07-12 01:14:05.669,24
5,train,normal_19,0,2022-07-12 00:02:23.876,2022-07-12 00:02:27.376,36
5,train,normal_149,0,2022-07-12 00:18:36.700,2022-07-12 00:18:39.200,26
5,train,normal_26,0,2022-07-12 00:03:20.215,2022-07-12 00:03:22.715,26
5,train,normal_57,0,2022-07-12 00:07:04.844,2022-07-12 00:07:09.744,50
5,train,normal_103,0,2022-07-12 00:12:52.064,2022-07-12 00:12:56.464,45
5,train,normal_206,0,2022-07-12 00:26:05.260,2022-07-12 00:26:08.460,33
5,train,normal_290,0,2022-07-12 00:36:37.428,2022-07-12 00:36:39.728,24
5,train,normal_211,0,2022-07-12 00:26:38.648,2022-07-12 00:26:43.548,50
5,train,normal_537,0,2022-07-12 01:08:34.704,2022-07-12 01:08:39.604,50
5,train,normal_363,0,2022-07-12 00:45:25.336,2022-07-12 00:45:28.636,34
5,train,normal_178,0,2022-07-12 00:22:21.169,2022-07-12 00:22:25.669,46
5,train,normal_431,0,2022-07-12 00:54:15.782,2022-07-12 00:54:18.482,28
5,train,normal_154,0,2022-07-12 00:19:17.374,2022-07-12 00:19:22.274,50
5,train,normal_393,0,2022-07-12 00:49:02.714,2022-07-12 00:49:05.114,25
5,train,normal_18,0,2022-07-12 00:02:15.921,2022-07-12 00:02:19.421,36
5,train,normal_281,0,2022-07-12 00:35:34.214,2022-07-12 00:35:39.114,50
5,train,normal_344,0,2022-07-12 00:43:09.436,2022-07-12 00:43:12.736,34
5,train,normal_572,0,2022-07-12 01:12:59.519,2022-07-12 01:13:02.419,30
5,train,normal_376,0,2022-07-12 00:47:01.644,2022-07-12 00:47:03.644,21
5,train,normal_231,0,2022-07-12 00:29:17.574,2022-07-12 00:29:20.674,32
5,train,normal_448,0,2022-07-12 00:56:32.839,2022-07-12 00:56:34.839,21
5,train,anomaly_12,1,2022-07-17 10:52:38.172,2022-07-17 10:52:43.072,50
5,train,normal_185,0,2022-07-12 00:23:17.204,2022-07-12 00:23:20.404,33
5,train,normal_225,0,2022-07-12 00:28:29.532,2022-07-12 00:28:32.332,29
5,train,normal_296,0,2022-07-12 00:37:17.426,2022-07-12 00:37:20.226,29
5,train,normal_8,0,2022-07-12 00:00:55.468,2022-07-12 00:00:59.468,41
5,train,normal_52,0,2022-07-12 00:06:29.384,2022-07-12 00:06:34.284,50
5,train,normal_249,0,2022-07-12 00:31:25.907,2022-07-12 00:31:29.307,35
5,train,normal_183,0,2022-07-12 00:23:01.103,2022-07-12 00:23:05.703,47
5,train,normal_465,0,2022-07-12 00:58:48.559,2022-07-12 00:58:50.459,20
5,train,normal_306,0,2022-07-12 00:38:37.296,2022-07-12 00:38:40.996,38
5,train,normal_304,0,2022-07-12 00:38:22.496,2022-07-12 00:38:27.396,50
5,train,normal_356,0,2022-07-12 00:44:29.332,2022-07-12 00:44:33.832,46
5,train,normal_80,0,2022-07-12 00:09:48.366,2022-07-12 00:09:53.266,50
5,train,normal_533,0,2022-07-12 01:08:01.324,2022-07-12 01:08:06.224,50
5,train,normal_182,0,2022-07-12 00:22:53.936,2022-07-12 00:22:58.836,50
5,train,normal_205,0,2022-07-12 00:25:57.187,2022-07-12 00:26:01.887,48
5,train,normal_336,0,2022-07-12 00:42:13.314,2022-07-12 00:42:17.714,45
5,train,normal_293,0,2022-07-12 00:36:55.156,2022-07-12 00:37:00.056,50
5,train,normal_190,0,2022-07-12 00:23:56.987,2022-07-12 00:24:00.487,36
5,train,normal_9,0,2022-07-12 00:01:03.576,2022-07-12 00:01:06.076,26
5,train,anomaly_9,1,2022-07-17 10:52:12.567,2022-07-17 10:52:14.967,25
5,train,normal_297,0,2022-07-12 00:37:25.356,2022-07-12 00:37:27.256,20
5,valid,normal_462,0,2022-07-12 00:58:24.593,2022-07-12 00:58:29.293,48
5,valid,normal_588,0,2022-07-12 01:15:23.633,2022-07-12 01:15:28.533,50
5,valid,normal_532,0,2022-07-12 01:07:54.616,2022-07-12 01:07:59.516,50
5,valid,normal_109,0,2022-07-12 00:13:39.886,2022-07-12 00:13:44.786,50
5,valid,normal_517,0,2022-07-12 01:06:01.096,2022-07-12 01:06:04.996,40
5,valid,normal_429,0,2022-07-12 00:54:00.003,2022-07-12 00:54:04.903,50
5,valid,normal_122,0,2022-07-12 00:15:15.740,2022-07-12 00:15:19.840,42
5,valid,normal_515,0,2022-07-12 01:05:45.204,2022-07-12 01:05:50.104,50
5,valid,normal_258,0,2022-07-12 00:32:38.608,2022-07-12 00:32:43.508,50
5,valid,normal_456,0,2022-07-12 00:57:36.947,2022-07-12 00:57:41.847,50
5,valid,normal_421,0,2022-07-12 00:52:55.616,2022-07-12 00:52:57.816,23
5,valid,normal_287,0,2022-07-12 00:36:14.644,2022-07-12 00:36:19.544,50
5,valid,normal_418,0,2022-07-12 00:52:32.972,2022-07-12 00:52:37.872,50
5,valid,normal_455,0,2022-07-12 00:57:30.180,2022-07-12 00:57:35.080,50
5,valid,normal_172,0,2022-07-12 00:21:41.500,2022-07-12 00:21:44.100,27
5,valid,normal_437,0,2022-07-12 00:55:04.088,2022-07-12 00:55:06.188,22
5,valid,normal_463,0,2022-07-12 00:58:32.643,2022-07-12 00:58:35.943,34
5,valid,normal_539,0,2022-07-12 01:08:49.676,2022-07-12 01:08:53.076,35
5,valid,normal_63,0,2022-07-12 00:07:46.324,2022-07-12 00:07:51.224,50
5,valid,normal_516,0,2022-07-12 01:05:53.230,2022-07-12 01:05:58.130,50
5,valid,normal_217,0,2022-07-12 00:27:27.011,2022-07-12 00:27:31.911,50
5,valid,normal_43,0,2022-07-12 00:05:29.007,2022-07-12 00:05:33.907,50
5,valid,normal_166,0,2022-07-12 00:20:52.436,2022-07-12 00:20:56.636,43
5,valid,normal_160,0,2022-07-12 00:20:04.636,2022-07-12 00:20:09.536,50
5,valid,normal_486,0,2022-07-12 01:01:36.160,2022-07-12 01:01:40.460,44
5,valid,normal_458,0,2022-07-12 00:57:52.787,2022-07-12 00:57:55.387,27
5,valid,normal_155,0,2022-07-12 00:19:24.471,2022-07-12 00:19:29.071,47
5,valid,normal_308,0,2022-07-12 00:38:53.456,2022-07-12 00:38:55.656,23
5,valid,normal_471,0,2022-07-12 00:59:36.371,2022-07-12 00:59:38.671,24
5,valid,normal_312,0,2022-07-12 00:39:25.531,2022-07-12 00:39:29.231,38
5,valid,normal_420,0,2022-07-12 00:52:47.696,2022-07-12 00:52:51.396,38
5,valid,normal_121,0,2022-07-12 00:15:08.384,2022-07-12 00:15:13.284,50
5,valid,normal_445,0,2022-07-12 00:56:09.664,2022-07-12 00:56:14.564,50
5,valid,normal_319,0,2022-07-12 00:40:13.200,2022-07-12 00:40:16.200,31
5,valid,normal_230,0,2022-07-12 00:29:09.592,2022-07-12 00:29:13.792,43
5,valid,normal_451,0,2022-07-12 00:56:56.793,2022-07-12 00:57:01.493,48
5,valid,normal_79,0,2022-07-12 00:09:41.691,2022-07-12 00:09:46.591,50
5,valid,normal_120,0,2022-07-12 00:15:01.577,2022-07-12 00:15:06.477,50
5,valid,normal_544,0,2022-07-12 01:09:29.681,2022-07-12 01:09:34.581,50
5,valid,normal_3,0,2022-07-12 00:00:15.267,2022-07-12 00:00:17.567,24
5,valid,normal_558,0,2022-07-12 01:11:14.704,2022-07-12 01:11:19.104,45
5,valid,normal_277,0,2022-07-12 00:35:01.171,2022-07-12 00:35:04.271,32
5,valid,normal_98,0,2022-07-12 00:12:12.164,2022-07-12 00:12:14.564,25
5,valid,normal_5,0,2022-07-12 00:00:32.752,2022-07-12 00:00:37.652,50
5,valid,normal_522,0,2022-07-12 01:06:41.133,2022-07-12 01:06:44.933,39
5,valid,normal_13,0,2022-07-12 00:01:35.646,2022-07-12 00:01:39.546,40
5,valid,normal_326,0,2022-07-12 00:41:01.166,2022-07-12 00:41:04.066,30
5,valid,normal_219,0,2022-07-12 00:27:41.443,2022-07-12 00:27:45.143,38
5,valid,normal_204,0,2022-07-12 00:25:50.128,2022-07-12 00:25:55.028,50
5,valid,normal_590,0,2022-07-12 01:15:39.216,2022-07-12 01:15:42.016,29
5,valid,normal_236,0,2022-07-12 00:29:50.008,2022-07-12 00:29:54.008,41
5,valid,normal_521,0,2022-07-12 01:06:33.408,2022-07-12 01:06:38.308,50
5,valid,normal_505,0,2022-07-12 01:04:17.855,2022-07-12 01:04:22.755,50
5,valid,normal_48,0,2022-07-12 00:06:02.560,2022-07-12 00:06:07.460,50
5,valid,normal_159,0,2022-07-12 00:19:57.844,2022-07-12 00:20:02.744,50
5,valid,normal_385,0,2022-07-12 00:48:06.559,2022-07-12 00:48:11.459,50
5,valid,normal_362,0,2022-07-12 00:45:17.244,2022-07-12 00:45:22.144,50
5,valid,normal_68,0,2022-07-12 00:08:26.424,2022-07-12 00:08:31.324,50
5,valid,normal_148,0,2022-07-12 00:18:28.872,2022-07-12 00:18:31.372,26
5,valid,normal_397,0,2022-07-12 00:49:34.708,2022-07-12 00:49:39.008,44
5,valid,normal_525,0,2022-07-12 01:07:07.819,2022-07-12 01:07:12.719,50
5,valid,normal_403,0,2022-07-12 00:50:30.952,2022-07-12 00:50:34.252,34
5,valid,normal_170,0,2022-07-12 00:21:25.804,2022-07-12 00:21:30.704,50
5,valid,normal_510,0,2022-07-12 01:04:58.256,2022-07-12 01:05:03.156,50
5,valid,normal_545,0,2022-07-12 01:09:37.774,2022-07-12 01:09:41.274,36
5,valid,normal_565,0,2022-07-12 01:12:11.247,2022-07-12 01:12:14.147,30
5,valid,normal_294,0,2022-07-12 00:37:02.032,2022-07-12 00:37:06.932,50
5,valid,normal_332,0,2022-07-12 00:41:41.292,2022-07-12 00:41:44.192,30
5,valid,normal_253,0,2022-07-12 00:31:58.020,2022-07-12 00:32:02.920,50
5,valid,normal_34,0,2022-07-12 00:04:25.827,2022-07-12 00:04:30.727,50
5,valid,normal_45,0,2022-07-12 00:05:44.604,2022-07-12 00:05:47.404,29
5,valid,normal_543,0,2022-07-12 01:09:23.128,2022-07-12 01:09:28.028,50
5,valid,normal_252,0,2022-07-12 00:31:51.200,2022-07-12 00:31:56.100,50
5,valid,normal_470,0,2022-07-12 00:59:28.347,2022-07-12 00:59:31.947,37
5,valid,anomaly_4,1,2022-07-17 10:51:31.734,2022-07-17 10:51:34.734,31
5,valid,normal_240,0,2022-07-12 00:30:15.875,2022-07-12 00:30:20.775,50
5,valid,normal_409,0,2022-07-12 00:51:18.948,2022-07-12 00:51:21.348,25
5,valid,normal_234,0,2022-07-12 00:29:35.745,2022-07-12 00:29:40.645,50
5,valid,normal_90,0,2022-07-12 00:11:09.294,2022-07-12 00:11:14.194,50
5,valid,normal_224,0,2022-07-12 00:28:21.540,2022-07-12 00:28:25.440,40
5,valid,normal_70,0,2022-07-12 00:08:39.956,2022-07-12 00:08:44.856,50
5,valid,normal_367,0,2022-07-12 00:45:57.561,2022-07-12 00:46:02.461,50
5,valid,normal_180,0,2022-07-12 00:22:37.072,2022-07-12 00:22:38.972,20
5,valid,normal_594,0,2022-07-12 01:16:11.294,2022-07-12 01:16:15.794,46
5,valid,normal_71,0,2022-07-12 00:08:46.662,2022-07-12 00:08:51.562,50
5,valid,normal_593,0,2022-07-12 01:16:04.244,2022-07-12 01:16:09.144,50
5,valid,anomaly_14,1,2022-07-17 10:52:53.769,2022-07-17 10:52:56.469,28
5,valid,normal_520,0,2022-07-12 01:06:26.758,2022-07-12 01:06:31.658,50
5,valid,normal_576,0,2022-07-12 01:13:32.840,2022-07-12 01:13:37.740,50
5,valid,normal_207,0,2022-07-12 00:26:13.208,2022-07-12 00:26:15.308,22
5,valid,normal_506,0,2022-07-12 01:04:24.809,2022-07-12 01:04:29.709,50
5,valid,normal_557,0,2022-07-12 01:11:07.348,2022-07-12 01:11:12.248,50
5,valid,normal_61,0,2022-07-12 00:07:32.847,2022-07-12 00:07:37.747,50
5,test,normal_2,0,2022-07-12 00:00:07.224,2022-07-12 00:00:10.824,37
5,test,normal_12,0,2022-07-12 00:01:27.857,2022-07-12 00:01:32.757,50
5,test,normal_14,0,2022-07-12 00:01:43.757,2022-07-12 00:01:46.157,25
5,test,normal_16,0,2022-07-12 00:02:01.294,2022-07-12 00:02:06.194,50
5,test,normal_23,0,2022-07-12 00:02:57.334,2022-07-12 00:03:02.234,50
5,test,normal_35,0,2022-07-12 00:04:32.537,2022-07-12 00:04:37.437,50
5,test,normal_37,0,2022-07-12 00:04:48.455,2022-07-12 00:04:52.055,37
5,test,normal_38,0,2022-07-12 00:04:56.641,2022-07-12 00:04:58.941,24
5,test,normal_49,0,2022-07-12 00:06:09.177,2022-07-12 00:06:14.077,50
5,test,normal_50,0,2022-07-12 00:06:16.934,2022-07-12 00:06:20.834,40
5,test,normal_60,0,2022-07-12 00:07:25.971,2022-07-12 00:07:30.871,50
5,test,normal_64,0,2022-07-12 00:07:52.879,2022-07-12 00:07:57.779,50
5,test,normal_65,0,2022-07-12 00:07:59.767,2022-07-12 00:08:04.667,50
5,test,normal_67,0,2022-07-12 00:08:13.092,2022-07-12 00:08:17.992,50
5,test,normal_74,0,2022-07-12 00:09:06.833,2022-07-12 00:09:11.733,50
5,test,normal_91,0,2022-07-12 00:11:16.040,2022-07-12 00:11:20.840,49
5,test,normal_105,0,2022-07-12 00:13:07.971,2022-07-12 00:13:11.271,34
5,test,normal_113,0,2022-07-12 00:14:13.584,2022-07-12 00:14:18.484,50
5,test,normal_116,0,2022-07-12 00:14:35.936,2022-07-12 00:14:38.536,27
5,test,normal_135,0,2022-07-12 00:16:52.351,2022-07-12 00:16:54.451,22
5,test,normal_138,0,2022-07-12 00:17:16.447,2022-07-12 00:17:21.147,48
5,test,normal_139,0,2022-07-12 00:17:24.527,2022-07-12 00:17:29.227,48
5,test,normal_141,0,2022-07-12 00:17:40.504,2022-07-12 00:17:42.704,23
5,test,normal_145,0,2022-07-12 00:18:06.304,2022-07-12 00:18:11.204,50
5,test,normal_162,0,2022-07-12 00:20:20.537,2022-07-12 00:20:23.037,26
5,test,normal_171,0,2022-07-12 00:21:33.358,2022-07-12 00:21:37.458,42
5,test,normal_176,0,2022-07-12 00:22:07.078,2022-07-12 00:22:11.978,50
5,test,normal_193,0,2022-07-12 00:24:22.654,2022-07-12 00:24:27.554,50
5,test,normal_196,0,2022-07-12 00:24:45.075,2022-07-12 00:24:47.875,29
5,test,normal_199,0,2022-07-12 00:25:10.148,2022-07-12 00:25:15.048,50
5,test,normal_202,0,2022-07-12 00:25:33.044,2022-07-12 00:25:35.144,22
5,test,normal_213,0,2022-07-12 00:26:53.334,2022-07-12 00:26:57.034,38
5,test,normal_218,0,2022-07-12 00:27:33.464,2022-07-12 00:27:38.364,50
5,test,normal_220,0,2022-07-12 00:27:49.507,2022-07-12 00:27:51.807,24
5,test,normal_241,0,2022-07-12 00:30:22.688,2022-07-12 00:30:27.588,50
5,test,normal_259,0,2022-07-12 00:32:45.771,2022-07-12 00:32:50.171,45
5,test,normal_262,0,2022-07-12 00:33:09.576,2022-07-12 00:33:11.576,21
5,test,normal_273,0,2022-07-12 00:34:29.244,2022-07-12 00:34:33.444,43
5,test,normal_286,0,2022-07-12 00:36:07.998,2022-07-12 00:36:12.898,50
5,test,normal_300,0,2022-07-12 00:37:49.246,2022-07-12 00:37:53.946,48
5,test,normal_302,0,2022-07-12 00:38:05.247,2022-07-12 00:38:07.147,20
5,test,normal_313,0,2022-07-12 00:39:33.471,2022-07-12 00:39:35.771,24
5,test,normal_318,0,2022-07-12 00:40:05.260,2022-07-12 00:40:09.360,42
5,test,normal_324,0,2022-07-12 00:40:45.865,2022-07-12 00:40:50.765,50
5,test,normal_331,0,2022-07-12 00:41:33.240,2022-07-12 00:41:37.340,42
5,test,normal_337,0,2022-07-12 00:42:21.316,2022-07-12 00:42:24.616,34
5,test,normal_338,0,2022-07-12 00:42:29.388,2022-07-12 00:42:32.488,32
5,test,normal_351,0,2022-07-12 00:43:57.268,2022-07-12 00:43:59.968,28
5,test,normal_354,0,2022-07-12 00:44:15.484,2022-07-12 00:44:20.384,50
5,test,normal_360,0,2022-07-12 00:45:02.356,2022-07-12 00:45:07.256,50
5,test,normal_361,0,2022-07-12 00:45:10.440,2022-07-12 00:45:15.340,50
5,test,normal_364,0,2022-07-12 00:45:33.352,2022-07-12 00:45:35.352,21
5,test,normal_372,0,2022-07-12 00:46:31.584,2022-07-12 00:46:36.484,50
5,test,normal_374,0,2022-07-12 00:46:45.658,2022-07-12 00:46:49.858,43
5,test,normal_379,0,2022-07-12 00:47:18.491,2022-07-12 00:47:23.391,50
5,test,normal_380,0,2022-07-12 00:47:25.788,2022-07-12 00:47:29.988,43
5,test,normal_384,0,2022-07-12 00:47:59.731,2022-07-12 00:48:04.631,50
5,test,normal_402,0,2022-07-12 00:50:22.836,2022-07-12 00:50:27.336,46
5,test,normal_407,0,2022-07-12 00:51:03.048,2022-07-12 00:51:07.948,50
5,test,normal_413,0,2022-07-12 00:51:51.236,2022-07-12 00:51:55.136,40
5,test,normal_423,0,2022-07-12 00:53:13.056,2022-07-12 00:53:17.956,50
5,test,normal_425,0,2022-07-12 00:53:27.876,2022-07-12 00:53:31.376,36
5,test,normal_432,0,2022-07-12 00:54:23.963,2022-07-12 00:54:26.363,25
5,test,normal_441,0,2022-07-12 00:55:36.468,2022-07-12 00:55:39.768,34
5,test,normal_446,0,2022-07-12 00:56:16.827,2022-07-12 00:56:21.127,44
5,test,normal_447,0,2022-07-12 00:56:24.832,2022-07-12 00:56:27.832,31
5,test,normal_461,0,2022-07-12 00:58:17.587,2022-07-12 00:58:22.487,50
5,test,normal_464,0,2022-07-12 00:58:40.588,2022-07-12 00:58:43.888,34
5,test,normal_467,0,2022-07-12 00:59:05.768,2022-07-12 00:59:10.668,50
5,test,normal_479,0,2022-07-12 01:00:40.804,2022-07-12 01:00:45.704,50
5,test,normal_480,0,2022-07-12 01:00:50.060,2022-07-12 01:00:54.960,50
5,test,normal_481,0,2022-07-12 01:00:56.832,2022-07-12 01:01:01.732,50
5,test,normal_482,0,2022-07-12 01:01:04.524,2022-07-12 01:01:08.524,41
5,test,normal_483,0,2022-07-12 01:01:13.118,2022-07-12 01:01:18.018,50
5,test,normal_484,0,2022-07-12 01:01:20.296,2022-07-12 01:01:24.596,44
5,test,normal_489,0,2022-07-12 01:02:00.218,2022-07-12 01:02:02.418,23
5,test,normal_493,0,2022-07-12 01:02:40.198,2022-07-12 01:02:45.098,50
5,test,normal_495,0,2022-07-12 01:02:56.132,2022-07-12 01:02:58.732,27
5,test,normal_501,0,2022-07-12 01:03:44.460,2022-07-12 01:03:48.060,37
5,test,normal_507,0,2022-07-12 01:04:32.499,2022-07-12 01:04:36.199,38
5,test,normal_523,0,2022-07-12 01:06:49.173,2022-07-12 01:06:51.573,25
5,test,normal_534,0,2022-07-12 01:08:09.198,2022-07-12 01:08:12.898,38
5,test,normal_538,0,2022-07-12 01:08:41.601,2022-07-12 01:08:46.501,50
5,test,normal_540,0,2022-07-12 01:08:57.709,2022-07-12 01:08:59.909,23
5,test,normal_571,0,2022-07-12 01:12:51.468,2022-07-12 01:12:55.568,42
5,test,normal_573,0,2022-07-12 01:13:07.457,2022-07-12 01:13:09.357,20
5,test,normal_575,0,2022-07-12 01:13:24.740,2022-07-12 01:13:29.640,50
5,test,normal_579,0,2022-07-12 01:13:55.330,2022-07-12 01:13:58.730,35
5,test,normal_589,0,2022-07-12 01:15:31.236,2022-07-12 01:15:35.336,42
5,test,normal_598,0,2022-07-12 01:16:44.524,2022-07-12 01:16:49.424,50
5,test,anomaly_3,1,2022-07-17 10:51:23.615,2022-07-17 10:51:28.215,47
5,test,anomaly_13,1,2022-07-17 10:52:45.655,2022-07-17 10:52:49.755,42
5,test,anomaly_19,1,2022-07-17 10:53:34.639,2022-07-17 10:53:36.939,24
