group,label,start,score,warning,run_count,run_alarm_trigger,fold,warning_threshold,markov_k,upper_k
normal_1,0,0,-1.5588849144274484,0,0,0,1,1.4096715600987624,5,10
normal_1,0,7,-1.8942722745139857,0,0,0,1,1.4096715600987624,5,10
normal_1,0,14,-1.2256822956301292,0,0,0,1,1.4096715600987624,5,10
normal_1,0,21,-1.4796423490772028,0,0,0,1,1.4096715600987624,5,10
normal_3,0,0,-1.1122160859727677,0,0,0,1,1.4096715600987624,5,10
normal_3,0,7,-1.4984119769283994,0,0,0,1,1.4096715600987624,5,10
normal_8,0,0,-2.316011653214436,0,0,0,1,1.4096715600987624,5,10
normal_8,0,7,-0.6584909742447276,0,0,0,1,1.4096715600987624,5,10
normal_8,0,14,-0.43164510562764136,0,0,0,1,1.4096715600987624,5,10
normal_8,0,21,-0.8334467329528561,0,0,0,1,1.4096715600987624,5,10
normal_51,0,0,-0.8778782448944149,0,0,0,1,1.4096715600987624,5,10
normal_51,0,7,-0.7475459326600737,0,0,0,1,1.4096715600987624,5,10
normal_56,0,0,-2.8396538826263527,0,0,0,1,1.4096715600987624,5,10
normal_56,0,7,-2.644785037610144,0,0,0,1,1.4096715600987624,5,10
normal_56,0,14,2.017968795952382,1,1,0,1,1.4096715600987624,5,10
normal_56,0,21,-1.8531921302673062,0,0,0,1,1.4096715600987624,5,10
normal_56,0,28,-1.891835319551154,0,0,0,1,1.4096715600987624,5,10
normal_56,0,35,-1.8001648818070413,0,0,0,1,1.4096715600987624,5,10
normal_58,0,0,-2.187956271890978,0,0,0,1,1.4096715600987624,5,10
normal_58,0,7,-1.7916193860270493,0,0,0,1,1.4096715600987624,5,10
normal_58,0,14,-1.2952025489043972,0,0,0,1,1.4096715600987624,5,10
normal_58,0,21,-1.022596283182696,0,0,0,1,1.4096715600987624,5,10
normal_58,0,28,-1.4818231443783159,0,0,0,1,1.4096715600987624,5,10
normal_58,0,35,-1.434384598838487,0,0,0,1,1.4096715600987624,5,10
normal_62,0,0,-0.034792974539186616,0,0,0,1,1.4096715600987624,5,10
normal_62,0,7,-0.8565790003379345,0,0,0,1,1.4096715600987624,5,10
normal_62,0,14,-0.9351864647054771,0,0,0,1,1.4096715600987624,5,10
normal_62,0,21,-0.549670099766554,0,0,0,1,1.4096715600987624,5,10
normal_62,0,28,-0.25060702236337296,0,0,0,1,1.4096715600987624,5,10
normal_62,0,35,-0.9366039675713687,0,0,0,1,1.4096715600987624,5,10
normal_71,0,0,-1.509591956915279,0,0,0,1,1.4096715600987624,5,10
normal_71,0,7,-1.6984670957579642,0,0,0,1,1.4096715600987624,5,10
normal_71,0,14,-1.4938756524507957,0,0,0,1,1.4096715600987624,5,10
normal_71,0,21,-1.5967948776499803,0,0,0,1,1.4096715600987624,5,10
normal_71,0,28,-1.6374999689407925,0,0,0,1,1.4096715600987624,5,10
normal_71,0,35,-1.4729057996912038,0,0,0,1,1.4096715600987624,5,10
normal_77,0,0,-1.5012755932859205,0,0,0,1,1.4096715600987624,5,10
normal_77,0,7,-1.6544492555147574,0,0,0,1,1.4096715600987624,5,10
normal_77,0,14,-1.115438149906482,0,0,0,1,1.4096715600987624,5,10
normal_77,0,21,-1.0439209098501117,0,0,0,1,1.4096715600987624,5,10
normal_77,0,28,-1.3771651016466393,0,0,0,1,1.4096715600987624,5,10
normal_77,0,35,-1.615110154608094,0,0,0,1,1.4096715600987624,5,10
normal_79,0,0,-2.174812018474653,0,0,0,1,1.4096715600987624,5,10
normal_79,0,7,-2.001804665341056,0,0,0,1,1.4096715600987624,5,10
normal_79,0,14,-2.0248031403738,0,0,0,1,1.4096715600987624,5,10
normal_79,0,21,-0.7924471472285743,0,0,0,1,1.4096715600987624,5,10
normal_79,0,28,-0.7903981239497315,0,0,0,1,1.4096715600987624,5,10
normal_79,0,35,-1.6054014787507942,0,0,0,1,1.4096715600987624,5,10
normal_86,0,0,-1.7783124661452057,0,0,0,1,1.4096715600987624,5,10
normal_86,0,7,-1.0938868997705518,0,0,0,1,1.4096715600987624,5,10
normal_86,0,14,-1.6767194936451455,0,0,0,1,1.4096715600987624,5,10
normal_86,0,21,-1.598382688958342,0,0,0,1,1.4096715600987624,5,10
normal_86,0,28,-1.9322939207176786,0,0,0,1,1.4096715600987624,5,10
normal_87,0,0,-0.5235917963025303,0,0,0,1,1.4096715600987624,5,10
normal_87,0,7,-1.2515879366655263,0,0,0,1,1.4096715600987624,5,10
normal_87,0,14,-1.717297361282113,0,0,0,1,1.4096715600987624,5,10
normal_95,0,0,-0.8480780220938104,0,0,0,1,1.4096715600987624,5,10
normal_95,0,7,-1.3116797241869467,0,0,0,1,1.4096715600987624,5,10
normal_95,0,14,-2.184734022654162,0,0,0,1,1.4096715600987624,5,10
normal_95,0,21,-1.7686633710464728,0,0,0,1,1.4096715600987624,5,10
normal_95,0,28,0.6010714151943937,0,0,0,1,1.4096715600987624,5,10
normal_95,0,35,-0.0696935011894424,0,0,0,1,1.4096715600987624,5,10
normal_99,0,0,-1.4323682928789365,0,0,0,1,1.4096715600987624,5,10
normal_99,0,7,0.12511559445966114,0,0,0,1,1.4096715600987624,5,10
normal_102,0,0,0.05357310010119276,0,0,0,1,1.4096715600987624,5,10
normal_102,0,7,-0.5370181846395194,0,0,0,1,1.4096715600987624,5,10
normal_102,0,14,-0.7239354544085526,0,0,0,1,1.4096715600987624,5,10
normal_102,0,21,-0.530724362237132,0,0,0,1,1.4096715600987624,5,10
normal_102,0,28,0.26890879674056967,0,0,0,1,1.4096715600987624,5,10
normal_102,0,35,-0.7998513744594757,0,0,0,1,1.4096715600987624,5,10
normal_103,0,0,-1.3092765206211983,0,0,0,1,1.4096715600987624,5,10
normal_103,0,7,-1.7190655561930441,0,0,0,1,1.4096715600987624,5,10
normal_103,0,14,-1.1621518531955708,0,0,0,1,1.4096715600987624,5,10
normal_103,0,21,-1.6575540032523337,0,0,0,1,1.4096715600987624,5,10
normal_103,0,28,-2.151833098639746,0,0,0,1,1.4096715600987624,5,10
normal_115,0,0,-2.362904397522639,0,0,0,1,1.4096715600987624,5,10
normal_115,0,7,-1.9412578133167608,0,0,0,1,1.4096715600987624,5,10
normal_115,0,14,-1.4538765967137364,0,0,0,1,1.4096715600987624,5,10
normal_115,0,21,-1.8796085388239998,0,0,0,1,1.4096715600987624,5,10
normal_130,0,0,0.4092013776892913,0,0,0,1,1.4096715600987624,5,10
normal_147,0,0,0.41100213719803236,0,0,0,1,1.4096715600987624,5,10
normal_147,0,7,-0.767126702361999,0,0,0,1,1.4096715600987624,5,10
normal_147,0,14,-1.470883591251983,0,0,0,1,1.4096715600987624,5,10
normal_147,0,21,-0.8917476355414147,0,0,0,1,1.4096715600987624,5,10
normal_160,0,0,-0.3449981788307035,0,0,0,1,1.4096715600987624,5,10
normal_160,0,7,-1.1061699231986681,0,0,0,1,1.4096715600987624,5,10
normal_160,0,14,-0.30504693915805836,0,0,0,1,1.4096715600987624,5,10
normal_160,0,21,-0.8424316828775393,0,0,0,1,1.4096715600987624,5,10
normal_160,0,28,-1.2748610120558599,0,0,0,1,1.4096715600987624,5,10
normal_160,0,35,-0.6062558045910627,0,0,0,1,1.4096715600987624,5,10
normal_167,0,0,-2.0645806097300694,0,0,0,1,1.4096715600987624,5,10
normal_167,0,7,-0.6390902736052526,0,0,0,1,1.4096715600987624,5,10
normal_167,0,14,-1.8488516378883366,0,0,0,1,1.4096715600987624,5,10
normal_173,0,0,-0.9890989584272463,0,0,0,1,1.4096715600987624,5,10
normal_173,0,7,0.3692091884889783,0,0,0,1,1.4096715600987624,5,10
normal_177,0,0,-1.4955986007551942,0,0,0,1,1.4096715600987624,5,10
normal_177,0,7,-0.31670501022729347,0,0,0,1,1.4096715600987624,5,10
normal_177,0,14,0.02711668065830608,0,0,0,1,1.4096715600987624,5,10
normal_177,0,21,-0.49576430081762357,0,0,0,1,1.4096715600987624,5,10
normal_177,0,28,-0.15437952460472948,0,0,0,1,1.4096715600987624,5,10
normal_177,0,35,-1.8426609631841995,0,0,0,1,1.4096715600987624,5,10
normal_178,0,0,-1.634942934481792,0,0,0,1,1.4096715600987624,5,10
normal_178,0,7,-1.6523852673806223,0,0,0,1,1.4096715600987624,5,10
normal_178,0,14,-1.480672166891389,0,0,0,1,1.4096715600987624,5,10
normal_178,0,21,-0.7644659430132759,0,0,0,1,1.4096715600987624,5,10
normal_178,0,28,-0.7943613560000498,0,0,0,1,1.4096715600987624,5,10
normal_183,0,0,-1.1368201726826799,0,0,0,1,1.4096715600987624,5,10
normal_183,0,7,-1.735995348028812,0,0,0,1,1.4096715600987624,5,10
normal_183,0,14,-1.677793685052615,0,0,0,1,1.4096715600987624,5,10
normal_183,0,21,-1.9030412793748601,0,0,0,1,1.4096715600987624,5,10
normal_183,0,28,-0.37793382437531653,0,0,0,1,1.4096715600987624,5,10
normal_185,0,0,-1.0666717152697434,0,0,0,1,1.4096715600987624,5,10
normal_185,0,7,-1.0062279043086804,0,0,0,1,1.4096715600987624,5,10
normal_185,0,14,-0.9926185138176034,0,0,0,1,1.4096715600987624,5,10
normal_188,0,0,-1.3235405643844969,0,0,0,1,1.4096715600987624,5,10
normal_188,0,7,-0.8720672800280522,0,0,0,1,1.4096715600987624,5,10
normal_188,0,14,-1.366270408399199,0,0,0,1,1.4096715600987624,5,10
normal_188,0,21,-1.889583659034482,0,0,0,1,1.4096715600987624,5,10
normal_188,0,28,-1.179716555753095,0,0,0,1,1.4096715600987624,5,10
normal_188,0,35,-0.987128756970387,0,0,0,1,1.4096715600987624,5,10
normal_190,0,0,-1.6593759046809016,0,0,0,1,1.4096715600987624,5,10
normal_190,0,7,-2.5244878462134697,0,0,0,1,1.4096715600987624,5,10
normal_190,0,14,-2.371421436683203,0,0,0,1,1.4096715600987624,5,10
normal_190,0,21,-2.1145014995261775,0,0,0,1,1.4096715600987624,5,10
normal_206,0,0,-1.0895592528126556,0,0,0,1,1.4096715600987624,5,10
normal_206,0,7,-1.1544608960851317,0,0,0,1,1.4096715600987624,5,10
normal_206,0,14,-0.8883290718325125,0,0,0,1,1.4096715600987624,5,10
normal_207,0,0,-1.5664757766212771,0,0,0,1,1.4096715600987624,5,10
normal_207,0,7,-1.543596534901127,0,0,0,1,1.4096715600987624,5,10
normal_212,0,0,-2.524865427407594,0,0,0,1,1.4096715600987624,5,10
normal_212,0,7,-1.0881656716611916,0,0,0,1,1.4096715600987624,5,10
normal_212,0,14,-1.177999923889792,0,0,0,1,1.4096715600987624,5,10
normal_212,0,21,-2.2224798171908775,0,0,0,1,1.4096715600987624,5,10
normal_212,0,28,-2.0581336932713787,0,0,0,1,1.4096715600987624,5,10
normal_212,0,35,-0.8647727942020058,0,0,0,1,1.4096715600987624,5,10
normal_223,0,0,-1.5895764347296435,0,0,0,1,1.4096715600987624,5,10
normal_223,0,7,-1.6939540470286474,0,0,0,1,1.4096715600987624,5,10
normal_223,0,14,-2.035045977728176,0,0,0,1,1.4096715600987624,5,10
normal_223,0,21,-1.2141070674446492,0,0,0,1,1.4096715600987624,5,10
normal_223,0,28,-1.197242715896702,0,0,0,1,1.4096715600987624,5,10
normal_223,0,35,-2.099639281372741,0,0,0,1,1.4096715600987624,5,10
normal_224,0,0,-0.960675754824345,0,0,0,1,1.4096715600987624,5,10
normal_224,0,7,-0.5803874418354824,0,0,0,1,1.4096715600987624,5,10
normal_224,0,14,-0.893560530298811,0,0,0,1,1.4096715600987624,5,10
normal_224,0,21,-1.3124260388479891,0,0,0,1,1.4096715600987624,5,10
normal_225,0,0,-1.4482558896285394,0,0,0,1,1.4096715600987624,5,10
normal_225,0,7,-1.9270360529837935,0,0,0,1,1.4096715600987624,5,10
normal_225,0,14,-1.2484392269614029,0,0,0,1,1.4096715600987624,5,10
normal_229,0,0,-1.6356429006034086,0,0,0,1,1.4096715600987624,5,10
normal_229,0,7,-0.6878991519547588,0,0,0,1,1.4096715600987624,5,10
normal_229,0,14,-1.3548727148231894,0,0,0,1,1.4096715600987624,5,10
normal_229,0,21,-1.2758899206904246,0,0,0,1,1.4096715600987624,5,10
normal_229,0,28,-1.4646050226854186,0,0,0,1,1.4096715600987624,5,10
normal_229,0,35,-1.5926249095138756,0,0,0,1,1.4096715600987624,5,10
normal_237,0,0,-0.7803928426739417,0,0,0,1,1.4096715600987624,5,10
normal_237,0,7,-0.8904301273732851,0,0,0,1,1.4096715600987624,5,10
normal_243,0,0,-0.8545629696171679,0,0,0,1,1.4096715600987624,5,10
normal_243,0,7,-1.1054618775978984,0,0,0,1,1.4096715600987624,5,10
normal_243,0,14,-0.4921048041511118,0,0,0,1,1.4096715600987624,5,10
normal_246,0,0,-1.6855686353146773,0,0,0,1,1.4096715600987624,5,10
normal_246,0,7,-1.9850869725753038,0,0,0,1,1.4096715600987624,5,10
normal_246,0,14,-1.5451990475534734,0,0,0,1,1.4096715600987624,5,10
normal_246,0,21,-1.2577179234648685,0,0,0,1,1.4096715600987624,5,10
normal_246,0,28,-1.074740428517745,0,0,0,1,1.4096715600987624,5,10
normal_246,0,35,-0.851853872201612,0,0,0,1,1.4096715600987624,5,10
normal_258,0,0,-0.5272833517784252,0,0,0,1,1.4096715600987624,5,10
normal_258,0,7,-1.621129251399827,0,0,0,1,1.4096715600987624,5,10
normal_258,0,14,-1.4828714106905743,0,0,0,1,1.4096715600987624,5,10
normal_258,0,21,-1.7653005902553653,0,0,0,1,1.4096715600987624,5,10
normal_258,0,28,-1.4027729520299426,0,0,0,1,1.4096715600987624,5,10
normal_258,0,35,-1.7484032587332816,0,0,0,1,1.4096715600987624,5,10
normal_260,0,0,-2.0824565186058717,0,0,0,1,1.4096715600987624,5,10
normal_260,0,7,-1.0777735367796826,0,0,0,1,1.4096715600987624,5,10
normal_260,0,14,-0.16071042404388702,0,0,0,1,1.4096715600987624,5,10
normal_265,0,0,-1.7153554797313184,0,0,0,1,1.4096715600987624,5,10
normal_265,0,7,-0.9432607998891531,0,0,0,1,1.4096715600987624,5,10
normal_265,0,14,-1.4217587005546646,0,0,0,1,1.4096715600987624,5,10
normal_265,0,21,0.40942681523604874,0,0,0,1,1.4096715600987624,5,10
normal_265,0,28,-0.520251317057816,0,0,0,1,1.4096715600987624,5,10
normal_265,0,35,0.19267290582000207,0,0,0,1,1.4096715600987624,5,10
normal_266,0,0,0.934106135732744,0,0,0,1,1.4096715600987624,5,10
normal_266,0,7,-0.8472428299340824,0,0,0,1,1.4096715600987624,5,10
normal_266,0,14,-2.7239367053069303,0,0,0,1,1.4096715600987624,5,10
normal_266,0,21,-1.928734234353822,0,0,0,1,1.4096715600987624,5,10
normal_266,0,28,-1.5496139368725954,0,0,0,1,1.4096715600987624,5,10
normal_266,0,35,-2.4940221804345795,0,0,0,1,1.4096715600987624,5,10
normal_268,0,0,-1.6545678327470235,0,0,0,1,1.4096715600987624,5,10
normal_268,0,7,-2.515302244022643,0,0,0,1,1.4096715600987624,5,10
normal_288,0,0,-1.715320265682661,0,0,0,1,1.4096715600987624,5,10
normal_288,0,7,-0.9548687883885179,0,0,0,1,1.4096715600987624,5,10
normal_288,0,14,-0.3835745422147516,0,0,0,1,1.4096715600987624,5,10
normal_288,0,21,-0.22523399414662615,0,0,0,1,1.4096715600987624,5,10
normal_288,0,28,-1.5901851149473378,0,0,0,1,1.4096715600987624,5,10
normal_288,0,35,-1.1484628777103438,0,0,0,1,1.4096715600987624,5,10
normal_294,0,0,-1.1115686630679678,0,0,0,1,1.4096715600987624,5,10
normal_294,0,7,-1.8498368752937884,0,0,0,1,1.4096715600987624,5,10
normal_294,0,14,-1.728197339621615,0,0,0,1,1.4096715600987624,5,10
normal_294,0,21,-1.5079591014902887,0,0,0,1,1.4096715600987624,5,10
normal_294,0,28,-1.055728609594139,0,0,0,1,1.4096715600987624,5,10
normal_294,0,35,-1.8274722386584958,0,0,0,1,1.4096715600987624,5,10
normal_299,0,0,-1.6385904094568282,0,0,0,1,1.4096715600987624,5,10
normal_299,0,7,-1.2452077836281203,0,0,0,1,1.4096715600987624,5,10
normal_299,0,14,-1.2870188403033422,0,0,0,1,1.4096715600987624,5,10
normal_299,0,21,-2.563867115801804,0,0,0,1,1.4096715600987624,5,10
normal_299,0,28,-2.104866321115618,0,0,0,1,1.4096715600987624,5,10
normal_299,0,35,-1.2257689390106883,0,0,0,1,1.4096715600987624,5,10
normal_304,0,0,-0.7205355051890621,0,0,0,1,1.4096715600987624,5,10
normal_304,0,7,0.8851852888393212,0,0,0,1,1.4096715600987624,5,10
normal_304,0,14,1.2879043884363062,0,0,0,1,1.4096715600987624,5,10
normal_304,0,21,-0.11154519585286282,0,0,0,1,1.4096715600987624,5,10
normal_304,0,28,-0.9976829609150717,0,0,0,1,1.4096715600987624,5,10
normal_304,0,35,-0.9260142695063709,0,0,0,1,1.4096715600987624,5,10
normal_305,0,0,-1.4750282484897719,0,0,0,1,1.4096715600987624,5,10
normal_305,0,7,-1.8364263812167874,0,0,0,1,1.4096715600987624,5,10
normal_305,0,14,-0.9279195616541425,0,0,0,1,1.4096715600987624,5,10
normal_305,0,21,-1.9965144737239475,0,0,0,1,1.4096715600987624,5,10
normal_305,0,28,-1.2994376968637766,0,0,0,1,1.4096715600987624,5,10
normal_305,0,35,-1.5045366086811196,0,0,0,1,1.4096715600987624,5,10
normal_310,0,0,-1.891123936689902,0,0,0,1,1.4096715600987624,5,10
normal_310,0,7,-1.5903020250283912,0,0,0,1,1.4096715600987624,5,10
normal_310,0,14,-1.1581318758371353,0,0,0,1,1.4096715600987624,5,10
normal_310,0,21,-1.2899500206563825,0,0,0,1,1.4096715600987624,5,10
normal_310,0,28,-0.8086390021050018,0,0,0,1,1.4096715600987624,5,10
normal_310,0,35,-1.4554897119689691,0,0,0,1,1.4096715600987624,5,10
normal_311,0,0,-1.8031538292069467,0,0,0,1,1.4096715600987624,5,10
normal_311,0,7,-1.975201160719033,0,0,0,1,1.4096715600987624,5,10
normal_311,0,14,0.18037217595538158,0,0,0,1,1.4096715600987624,5,10
normal_311,0,21,-1.373201426588139,0,0,0,1,1.4096715600987624,5,10
normal_311,0,28,-1.5165134026660576,0,0,0,1,1.4096715600987624,5,10
normal_311,0,35,-1.4656037974559881,0,0,0,1,1.4096715600987624,5,10
normal_349,0,0,-1.2836167611116895,0,0,0,1,1.4096715600987624,5,10
normal_349,0,7,-1.0371523159499434,0,0,0,1,1.4096715600987624,5,10
normal_349,0,14,0.08618467858460832,0,0,0,1,1.4096715600987624,5,10
normal_349,0,21,-0.008341070457006605,0,0,0,1,1.4096715600987624,5,10
normal_349,0,28,-0.9796075798352528,0,0,0,1,1.4096715600987624,5,10
normal_349,0,35,-1.2437883259316846,0,0,0,1,1.4096715600987624,5,10
normal_356,0,0,-2.035410560860856,0,0,0,1,1.4096715600987624,5,10
normal_356,0,7,-2.4912365209580107,0,0,0,1,1.4096715600987624,5,10
normal_356,0,14,-2.2076190522835732,0,0,0,1,1.4096715600987624,5,10
normal_356,0,21,-0.9744396258007306,0,0,0,1,1.4096715600987624,5,10
normal_356,0,28,-0.9367596091710562,0,0,0,1,1.4096715600987624,5,10
normal_363,0,0,-0.3646086459241773,0,0,0,1,1.4096715600987624,5,10
normal_363,0,7,-2.944358077100767,0,0,0,1,1.4096715600987624,5,10
normal_363,0,14,-2.2977341932919524,0,0,0,1,1.4096715600987624,5,10
normal_367,0,0,1.3200541918341218,0,0,0,1,1.4096715600987624,5,10
normal_367,0,7,0.2137323151295316,0,0,0,1,1.4096715600987624,5,10
normal_367,0,14,-2.177021582822629,0,0,0,1,1.4096715600987624,5,10
normal_367,0,21,-1.2642574040830832,0,0,0,1,1.4096715600987624,5,10
normal_367,0,28,0.2847210530574986,0,0,0,1,1.4096715600987624,5,10
normal_367,0,35,-0.4351845248475228,0,0,0,1,1.4096715600987624,5,10
normal_387,0,0,2.6743228916203723,1,1,0,1,1.4096715600987624,5,10
normal_387,0,7,-1.5811225846721113,0,0,0,1,1.4096715600987624,5,10
normal_390,0,0,-1.5395909345182401,0,0,0,1,1.4096715600987624,5,10
normal_390,0,7,0.13971412590904242,0,0,0,1,1.4096715600987624,5,10
normal_390,0,14,-0.47553158913894933,0,0,0,1,1.4096715600987624,5,10
normal_390,0,21,-0.0430013005209684,0,0,0,1,1.4096715600987624,5,10
normal_390,0,28,-1.223110369556787,0,0,0,1,1.4096715600987624,5,10
normal_390,0,35,0.33836971329707755,0,0,0,1,1.4096715600987624,5,10
normal_392,0,0,0.4816229867622184,0,0,0,1,1.4096715600987624,5,10
normal_392,0,7,-0.3657625449314392,0,0,0,1,1.4096715600987624,5,10
normal_392,0,14,-1.2608225281261873,0,0,0,1,1.4096715600987624,5,10
normal_392,0,21,-0.14082739621010765,0,0,0,1,1.4096715600987624,5,10
normal_397,0,0,-1.4960190437326286,0,0,0,1,1.4096715600987624,5,10
normal_397,0,7,-2.1680742444799934,0,0,0,1,1.4096715600987624,5,10
normal_397,0,14,-0.22884225947376668,0,0,0,1,1.4096715600987624,5,10
normal_397,0,21,0.6559006135544685,0,0,0,1,1.4096715600987624,5,10
normal_397,0,28,-0.30206648482876375,0,0,0,1,1.4096715600987624,5,10
normal_398,0,0,-0.45394713251096164,0,0,0,1,1.4096715600987624,5,10
normal_398,0,7,-0.8428095773539694,0,0,0,1,1.4096715600987624,5,10
normal_398,0,14,0.06554039044972448,0,0,0,1,1.4096715600987624,5,10
normal_403,0,0,-0.5746755342465941,0,0,0,1,1.4096715600987624,5,10
normal_403,0,7,-1.2580801954016865,0,0,0,1,1.4096715600987624,5,10
normal_403,0,14,-1.6488686263796728,0,0,0,1,1.4096715600987624,5,10
normal_404,0,0,1.1187744411576843,0,0,0,1,1.4096715600987624,5,10
normal_406,0,0,-0.37812393520057697,0,0,0,1,1.4096715600987624,5,10
normal_406,0,7,-1.23617617551138,0,0,0,1,1.4096715600987624,5,10
normal_406,0,14,-1.2929231646527546,0,0,0,1,1.4096715600987624,5,10
normal_406,0,21,0.6026421539752764,0,0,0,1,1.4096715600987624,5,10
normal_406,0,28,0.2621959574465609,0,0,0,1,1.4096715600987624,5,10
normal_406,0,35,-0.1601207274880201,0,0,0,1,1.4096715600987624,5,10
normal_408,0,0,-1.175890901793367,0,0,0,1,1.4096715600987624,5,10
normal_408,0,7,-1.6210969841649492,0,0,0,1,1.4096715600987624,5,10
normal_408,0,14,-1.3599149007405202,0,0,0,1,1.4096715600987624,5,10
normal_408,0,21,-0.7141215239191592,0,0,0,1,1.4096715600987624,5,10
normal_411,0,0,-0.9046523102985669,0,0,0,1,1.4096715600987624,5,10
normal_411,0,7,-2.1623667498346606,0,0,0,1,1.4096715600987624,5,10
normal_411,0,14,1.208109686343023,0,0,0,1,1.4096715600987624,5,10
normal_411,0,21,-1.587316005583343,0,0,0,1,1.4096715600987624,5,10
normal_411,0,28,-1.1578418601109446,0,0,0,1,1.4096715600987624,5,10
normal_411,0,35,-1.5227438400896824,0,0,0,1,1.4096715600987624,5,10
normal_421,0,0,0.629731398395363,0,0,0,1,1.4096715600987624,5,10
normal_421,0,7,-0.8581924110642585,0,0,0,1,1.4096715600987624,5,10
normal_426,0,0,-1.368714229424226,0,0,0,1,1.4096715600987624,5,10
normal_426,0,7,1.0525795625866015,0,0,0,1,1.4096715600987624,5,10
normal_428,0,0,-2.7643458138471857,0,0,0,1,1.4096715600987624,5,10
normal_428,0,7,-1.8007858999493385,0,0,0,1,1.4096715600987624,5,10
normal_428,0,14,-1.3046861047332756,0,0,0,1,1.4096715600987624,5,10
normal_428,0,21,-1.4279994297021084,0,0,0,1,1.4096715600987624,5,10
normal_428,0,28,-1.6568195803418027,0,0,0,1,1.4096715600987624,5,10
normal_428,0,35,-0.5578160363814719,0,0,0,1,1.4096715600987624,5,10
normal_430,0,0,-1.247371240924724,0,0,0,1,1.4096715600987624,5,10
normal_430,0,7,-1.470819142120738,0,0,0,1,1.4096715600987624,5,10
normal_430,0,14,-0.9971900524778454,0,0,0,1,1.4096715600987624,5,10
normal_430,0,21,-1.7179659357974666,0,0,0,1,1.4096715600987624,5,10
normal_451,0,0,-1.6956446945472639,0,0,0,1,1.4096715600987624,5,10
normal_451,0,7,-0.39131603766648126,0,0,0,1,1.4096715600987624,5,10
normal_451,0,14,-0.31658482433111557,0,0,0,1,1.4096715600987624,5,10
normal_451,0,21,-0.8028495730765002,0,0,0,1,1.4096715600987624,5,10
normal_451,0,28,-1.0786589471799264,0,0,0,1,1.4096715600987624,5,10
normal_453,0,0,1.796349789678327,1,1,0,1,1.4096715600987624,5,10
normal_453,0,7,-2.0676155222810015,0,0,0,1,1.4096715600987624,5,10
normal_463,0,0,-0.1809693502833305,0,0,0,1,1.4096715600987624,5,10
normal_463,0,7,-0.2305388655665288,0,0,0,1,1.4096715600987624,5,10
normal_463,0,14,-1.482296888587987,0,0,0,1,1.4096715600987624,5,10
normal_469,0,0,-1.9619144372332693,0,0,0,1,1.4096715600987624,5,10
normal_469,0,7,-2.1002480258702896,0,0,0,1,1.4096715600987624,5,10
normal_469,0,14,-2.037800522046548,0,0,0,1,1.4096715600987624,5,10
normal_469,0,21,-1.5276676781807952,0,0,0,1,1.4096715600987624,5,10
normal_473,0,0,-1.482018383128712,0,0,0,1,1.4096715600987624,5,10
normal_473,0,7,-0.9894275080355555,0,0,0,1,1.4096715600987624,5,10
normal_473,0,14,-0.13802603628844246,0,0,0,1,1.4096715600987624,5,10
normal_473,0,21,-0.6144088761972331,0,0,0,1,1.4096715600987624,5,10
normal_473,0,28,0.055112165764652055,0,0,0,1,1.4096715600987624,5,10
normal_473,0,35,0.09239811809883891,0,0,0,1,1.4096715600987624,5,10
normal_475,0,0,-1.0363350133124154,0,0,0,1,1.4096715600987624,5,10
normal_475,0,7,-0.891564310642615,0,0,0,1,1.4096715600987624,5,10
normal_475,0,14,-0.48584569960447954,0,0,0,1,1.4096715600987624,5,10
normal_475,0,21,-1.759702362511665,0,0,0,1,1.4096715600987624,5,10
normal_485,0,0,-0.23080612042804738,0,0,0,1,1.4096715600987624,5,10
normal_485,0,7,0.0815045114869033,0,0,0,1,1.4096715600987624,5,10
normal_485,0,14,-0.25310507914715297,0,0,0,1,1.4096715600987624,5,10
normal_485,0,21,-0.8894710539146726,0,0,0,1,1.4096715600987624,5,10
normal_485,0,28,-1.1009456376228899,0,0,0,1,1.4096715600987624,5,10
normal_488,0,0,-0.848039991190702,0,0,0,1,1.4096715600987624,5,10
normal_488,0,7,-1.1557822543639302,0,0,0,1,1.4096715600987624,5,10
normal_488,0,14,-0.7471005742613546,0,0,0,1,1.4096715600987624,5,10
normal_508,0,0,-0.9314057151508193,0,0,0,1,1.4096715600987624,5,10
normal_508,0,7,-1.412754682626975,0,0,0,1,1.4096715600987624,5,10
normal_511,0,0,-0.6842801866711476,0,0,0,1,1.4096715600987624,5,10
normal_511,0,7,-0.5750818823372041,0,0,0,1,1.4096715600987624,5,10
normal_511,0,14,-0.12013851374234008,0,0,0,1,1.4096715600987624,5,10
normal_511,0,21,-0.3725097676412288,0,0,0,1,1.4096715600987624,5,10
normal_511,0,28,-1.1542983368394344,0,0,0,1,1.4096715600987624,5,10
normal_511,0,35,-0.9306366300344822,0,0,0,1,1.4096715600987624,5,10
normal_526,0,0,-1.0664121249402303,0,0,0,1,1.4096715600987624,5,10
normal_526,0,7,-0.9324225544924114,0,0,0,1,1.4096715600987624,5,10
normal_526,0,14,-0.7850897447276366,0,0,0,1,1.4096715600987624,5,10
normal_526,0,21,-0.48599483303924496,0,0,0,1,1.4096715600987624,5,10
normal_526,0,28,-0.6241262001777939,0,0,0,1,1.4096715600987624,5,10
normal_526,0,35,-0.16365750161237225,0,0,0,1,1.4096715600987624,5,10
normal_529,0,0,-1.5632278512170688,0,0,0,1,1.4096715600987624,5,10
normal_529,0,7,-1.7586324495503272,0,0,0,1,1.4096715600987624,5,10
normal_545,0,0,-0.42710032469320813,0,0,0,1,1.4096715600987624,5,10
normal_545,0,7,-0.5065993938748186,0,0,0,1,1.4096715600987624,5,10
normal_545,0,14,-1.5075160142461614,0,0,0,1,1.4096715600987624,5,10
normal_545,0,21,-1.5767014441731417,0,0,0,1,1.4096715600987624,5,10
normal_549,0,0,-1.146183442029054,0,0,0,1,1.4096715600987624,5,10
normal_549,0,7,-0.6036160987384864,0,0,0,1,1.4096715600987624,5,10
normal_549,0,14,-0.15517111353723845,0,0,0,1,1.4096715600987624,5,10
normal_549,0,21,-0.6583903753273117,0,0,0,1,1.4096715600987624,5,10
normal_549,0,28,-0.7169542202477466,0,0,0,1,1.4096715600987624,5,10
normal_549,0,35,-0.4600404655362089,0,0,0,1,1.4096715600987624,5,10
normal_550,0,0,-0.9163571491036158,0,0,0,1,1.4096715600987624,5,10
normal_550,0,7,-1.6296404207378128,0,0,0,1,1.4096715600987624,5,10
normal_550,0,14,-1.8104456218374878,0,0,0,1,1.4096715600987624,5,10
normal_550,0,21,-0.8164588028204816,0,0,0,1,1.4096715600987624,5,10
normal_550,0,28,-0.9599442168710688,0,0,0,1,1.4096715600987624,5,10
normal_551,0,0,-0.14037483907544335,0,0,0,1,1.4096715600987624,5,10
normal_551,0,7,-0.7223767752675352,0,0,0,1,1.4096715600987624,5,10
normal_551,0,14,-1.2560838892918875,0,0,0,1,1.4096715600987624,5,10
normal_551,0,21,-0.9013925967167897,0,0,0,1,1.4096715600987624,5,10
normal_551,0,28,-0.4332544197068331,0,0,0,1,1.4096715600987624,5,10
normal_556,0,0,-1.5571371942215873,0,0,0,1,1.4096715600987624,5,10
normal_556,0,7,-0.7022883723352495,0,0,0,1,1.4096715600987624,5,10
normal_556,0,14,-0.2987513980997112,0,0,0,1,1.4096715600987624,5,10
normal_556,0,21,0.12831306146355637,0,0,0,1,1.4096715600987624,5,10
normal_556,0,28,-0.39581051555083935,0,0,0,1,1.4096715600987624,5,10
normal_556,0,35,-0.5498318860208729,0,0,0,1,1.4096715600987624,5,10
normal_564,0,0,0.8664763917344076,0,0,0,1,1.4096715600987624,5,10
normal_564,0,7,-1.4058722905410548,0,0,0,1,1.4096715600987624,5,10
normal_564,0,14,-1.3030222777462352,0,0,0,1,1.4096715600987624,5,10
normal_564,0,21,-0.35168967946190577,0,0,0,1,1.4096715600987624,5,10
normal_564,0,28,-1.2235843297047007,0,0,0,1,1.4096715600987624,5,10
normal_569,0,0,-1.200978752318088,0,0,0,1,1.4096715600987624,5,10
normal_569,0,7,-1.4654978956423017,0,0,0,1,1.4096715600987624,5,10
normal_569,0,14,-1.0649140177276006,0,0,0,1,1.4096715600987624,5,10
normal_569,0,21,-1.1385686748479404,0,0,0,1,1.4096715600987624,5,10
normal_569,0,28,-1.4510015909396836,0,0,0,1,1.4096715600987624,5,10
normal_569,0,35,-0.6728872592667532,0,0,0,1,1.4096715600987624,5,10
normal_577,0,0,-1.85304459709387,0,0,0,1,1.4096715600987624,5,10
normal_577,0,7,-2.232920669101577,0,0,0,1,1.4096715600987624,5,10
normal_577,0,14,-1.9128026458730796,0,0,0,1,1.4096715600987624,5,10
normal_577,0,21,-0.7037598468301396,0,0,0,1,1.4096715600987624,5,10
normal_577,0,28,-2.2068404399793433,0,0,0,1,1.4096715600987624,5,10
normal_580,0,0,-2.232864132070719,0,0,0,1,1.4096715600987624,5,10
normal_580,0,7,-2.620887790549282,0,0,0,1,1.4096715600987624,5,10
normal_583,0,0,-0.9375428181500176,0,0,0,1,1.4096715600987624,5,10
normal_583,0,7,-0.8653190646996571,0,0,0,1,1.4096715600987624,5,10
normal_583,0,14,-1.3613197119391733,0,0,0,1,1.4096715600987624,5,10
normal_583,0,21,-1.6319185743447617,0,0,0,1,1.4096715600987624,5,10
normal_583,0,28,-1.6694588661722198,0,0,0,1,1.4096715600987624,5,10
normal_583,0,35,0.38078673577603306,0,0,0,1,1.4096715600987624,5,10
normal_596,0,0,-0.638744087452765,0,0,0,1,1.4096715600987624,5,10
normal_596,0,7,-1.8345390955813885,0,0,0,1,1.4096715600987624,5,10
anomaly_12,1,0,2.9967210950191063,1,1,0,1,1.4096715600987624,5,10
anomaly_12,1,7,2.9967210950191063,1,2,0,1,1.4096715600987624,5,10
anomaly_12,1,14,2.5322229088979995,1,3,0,1,1.4096715600987624,5,10
anomaly_12,1,21,2.8010328338529114,1,4,0,1,1.4096715600987624,5,10
anomaly_12,1,28,2.996721095018106,1,5,1,1,1.4096715600987624,5,10
anomaly_12,1,35,2.9967210950191063,1,6,1,1,1.4096715600987624,5,10
anomaly_14,1,0,2.9967210950191063,1,1,0,1,1.4096715600987624,5,10
anomaly_14,1,7,2.9967210950191063,1,2,0,1,1.4096715600987624,5,10
normal_5,0,0,-1.984797914634691,0,0,0,2,1.251374067928277,5,11
normal_5,0,7,-1.5801924735002508,0,0,0,2,1.251374067928277,5,11
normal_5,0,14,-1.0764365456092122,0,0,0,2,1.251374067928277,5,11
normal_5,0,21,-1.3011273449291876,0,0,0,2,1.251374067928277,5,11
normal_5,0,28,-1.5621701246705593,0,0,0,2,1.251374067928277,5,11
normal_5,0,35,-1.4834517770852536,0,0,0,2,1.251374067928277,5,11
normal_6,0,0,-2.1218069001149296,0,0,0,2,1.251374067928277,5,11
normal_6,0,7,-1.4356605531520499,0,0,0,2,1.251374067928277,5,11
normal_6,0,14,-2.5527076789555103,0,0,0,2,1.251374067928277,5,11
normal_6,0,21,-3.258776990019424,0,0,0,2,1.251374067928277,5,11
normal_6,0,28,-1.229906204817194,0,0,0,2,1.251374067928277,5,11
normal_6,0,35,-1.2969527463781976,0,0,0,2,1.251374067928277,5,11
normal_9,0,0,-1.8620726847427926,0,0,0,2,1.251374067928277,5,11
normal_9,0,7,-1.1155507650390968,0,0,0,2,1.251374067928277,5,11
normal_11,0,0,-0.8851004452733169,0,0,0,2,1.251374067928277,5,11
normal_11,0,7,-1.7132987263547097,0,0,0,2,1.251374067928277,5,11
normal_11,0,14,-0.06069987644590924,0,0,0,2,1.251374067928277,5,11
normal_11,0,21,0.16937110152557722,0,0,0,2,1.251374067928277,5,11
normal_11,0,28,-2.126707378018084,0,0,0,2,1.251374067928277,5,11
normal_11,0,35,-2.4204102593654033,0,0,0,2,1.251374067928277,5,11
normal_13,0,0,-1.9451166499701182,0,0,0,2,1.251374067928277,5,11
normal_13,0,7,-1.823909665937319,0,0,0,2,1.251374067928277,5,11
normal_13,0,14,-2.5231800439861125,0,0,0,2,1.251374067928277,5,11
normal_13,0,21,-1.5555972169848218,0,0,0,2,1.251374067928277,5,11
normal_20,0,0,-0.2742696434442409,0,0,0,2,1.251374067928277,5,11
normal_20,0,7,1.3950388010247319,1,1,0,2,1.251374067928277,5,11
normal_21,0,0,-1.5620292982298682,0,0,0,2,1.251374067928277,5,11
normal_21,0,7,-0.834259381042957,0,0,0,2,1.251374067928277,5,11
normal_26,0,0,-0.581980785067584,0,0,0,2,1.251374067928277,5,11
normal_26,0,7,-1.1623327198881022,0,0,0,2,1.251374067928277,5,11
normal_29,0,0,-0.8740332544552332,0,0,0,2,1.251374067928277,5,11
normal_29,0,7,-0.5011787322956338,0,0,0,2,1.251374067928277,5,11
normal_29,0,14,-0.5767319803593893,0,0,0,2,1.251374067928277,5,11
normal_29,0,21,-0.7588789823653945,0,0,0,2,1.251374067928277,5,11
normal_29,0,28,-1.2584469969657803,0,0,0,2,1.251374067928277,5,11
normal_29,0,35,-0.9291357239428422,0,0,0,2,1.251374067928277,5,11
normal_42,0,0,-0.9748593947870985,0,0,0,2,1.251374067928277,5,11
normal_42,0,7,-1.4430859509248828,0,0,0,2,1.251374067928277,5,11
normal_42,0,14,-0.8426289281394173,0,0,0,2,1.251374067928277,5,11
normal_42,0,21,-0.897745809390861,0,0,0,2,1.251374067928277,5,11
normal_42,0,28,-0.33672798370794377,0,0,0,2,1.251374067928277,5,11
normal_42,0,35,-0.34890910627380034,0,0,0,2,1.251374067928277,5,11
normal_43,0,0,-1.3646588568019578,0,0,0,2,1.251374067928277,5,11
normal_43,0,7,-0.6153453511359945,0,0,0,2,1.251374067928277,5,11
normal_43,0,14,-1.684402305121953,0,0,0,2,1.251374067928277,5,11
normal_43,0,21,-1.9075622513158423,0,0,0,2,1.251374067928277,5,11
normal_43,0,28,-1.0119623223800467,0,0,0,2,1.251374067928277,5,11
normal_43,0,35,-1.0211289334369216,0,0,0,2,1.251374067928277,5,11
normal_44,0,0,-0.6172427147675372,0,0,0,2,1.251374067928277,5,11
normal_44,0,7,-2.680737607424125,0,0,0,2,1.251374067928277,5,11
normal_44,0,14,-2.1987841891234856,0,0,0,2,1.251374067928277,5,11
normal_44,0,21,0.16574754318868612,0,0,0,2,1.251374067928277,5,11
normal_44,0,28,1.9479514958488768,1,1,0,2,1.251374067928277,5,11
normal_53,0,0,0.12515886342161942,0,0,0,2,1.251374067928277,5,11
normal_53,0,7,0.7802235610450361,0,0,0,2,1.251374067928277,5,11
normal_53,0,14,0.9999503119206499,0,0,0,2,1.251374067928277,5,11
normal_53,0,21,1.0009352566458327,0,0,0,2,1.251374067928277,5,11
normal_53,0,28,1.10845906831417,0,0,0,2,1.251374067928277,5,11
normal_53,0,35,-2.8590553161224133,0,0,0,2,1.251374067928277,5,11
normal_57,0,0,-1.052495225143944,0,0,0,2,1.251374067928277,5,11
normal_57,0,7,-1.721755692089837,0,0,0,2,1.251374067928277,5,11
normal_57,0,14,-0.21850015271434886,0,0,0,2,1.251374067928277,5,11
normal_57,0,21,-1.1350499221622021,0,0,0,2,1.251374067928277,5,11
normal_57,0,28,-0.0836245160935234,0,0,0,2,1.251374067928277,5,11
normal_57,0,35,-1.121555476059294,0,0,0,2,1.251374067928277,5,11
normal_75,0,0,-0.7583493092764,0,0,0,2,1.251374067928277,5,11
normal_75,0,7,-0.8071515905504336,0,0,0,2,1.251374067928277,5,11
normal_75,0,14,-0.32209856410765925,0,0,0,2,1.251374067928277,5,11
normal_75,0,21,-0.3127326136137114,0,0,0,2,1.251374067928277,5,11
normal_75,0,28,-2.265971769189033,0,0,0,2,1.251374067928277,5,11
normal_75,0,35,-2.4627272846483264,0,0,0,2,1.251374067928277,5,11
normal_90,0,0,-0.5403408372239356,0,0,0,2,1.251374067928277,5,11
normal_90,0,7,-1.8901124694616014,0,0,0,2,1.251374067928277,5,11
normal_90,0,14,-0.5017363739326739,0,0,0,2,1.251374067928277,5,11
normal_90,0,21,-0.10361747594267179,0,0,0,2,1.251374067928277,5,11
normal_90,0,28,-1.232745804266214,0,0,0,2,1.251374067928277,5,11
normal_90,0,35,-0.10419133856366614,0,0,0,2,1.251374067928277,5,11
normal_101,0,0,-1.4890396247728637,0,0,0,2,1.251374067928277,5,11
normal_101,0,7,-1.6022457749053887,0,0,0,2,1.251374067928277,5,11
normal_101,0,14,-0.406016864583969,0,0,0,2,1.251374067928277,5,11
normal_101,0,21,-0.8750318015494947,0,0,0,2,1.251374067928277,5,11
normal_101,0,28,-1.641832883374187,0,0,0,2,1.251374067928277,5,11
normal_101,0,35,-1.5329205078625785,0,0,0,2,1.251374067928277,5,11
normal_108,0,0,-0.1721035080820119,0,0,0,2,1.251374067928277,5,11
normal_108,0,7,-2.0017757472245137,0,0,0,2,1.251374067928277,5,11
normal_108,0,14,-1.0498179583670622,0,0,0,2,1.251374067928277,5,11
normal_108,0,21,-1.171575324608308,0,0,0,2,1.251374067928277,5,11
normal_108,0,28,-1.7321603394947989,0,0,0,2,1.251374067928277,5,11
normal_108,0,35,-1.3994623724553792,0,0,0,2,1.251374067928277,5,11
normal_114,0,0,-0.4305551931954805,0,0,0,2,1.251374067928277,5,11
normal_114,0,7,-1.0614701775418753,0,0,0,2,1.251374067928277,5,11
normal_114,0,14,-2.0181919028959614,0,0,0,2,1.251374067928277,5,11
normal_114,0,21,-1.6230927155658703,0,0,0,2,1.251374067928277,5,11
normal_114,0,28,-0.8976669987333965,0,0,0,2,1.251374067928277,5,11
normal_114,0,35,-2.4115937545447155,0,0,0,2,1.251374067928277,5,11
normal_122,0,0,-2.474625048276738,0,0,0,2,1.251374067928277,5,11
normal_122,0,7,0.055625936269176,0,0,0,2,1.251374067928277,5,11
normal_122,0,14,-0.9551603275673255,0,0,0,2,1.251374067928277,5,11
normal_122,0,21,-2.0283275752739582,0,0,0,2,1.251374067928277,5,11
normal_126,0,0,-0.6519823669839928,0,0,0,2,1.251374067928277,5,11
normal_126,0,7,-0.48531858661764904,0,0,0,2,1.251374067928277,5,11
normal_126,0,14,0.48278239275637036,0,0,0,2,1.251374067928277,5,11
normal_126,0,21,-1.0657257785411183,0,0,0,2,1.251374067928277,5,11
normal_126,0,28,1.098343839637987,0,0,0,2,1.251374067928277,5,11
normal_126,0,35,-0.8058681411094644,0,0,0,2,1.251374067928277,5,11
normal_128,0,0,1.5409045941870965,1,1,0,2,1.251374067928277,5,11
normal_128,0,7,0.5055828017663986,0,0,0,2,1.251374067928277,5,11
normal_128,0,14,0.3396840760457933,0,0,0,2,1.251374067928277,5,11
normal_128,0,21,-1.1958756257159404,0,0,0,2,1.251374067928277,5,11
normal_128,0,28,-2.0707922134820587,0,0,0,2,1.251374067928277,5,11
normal_146,0,0,-1.58570651740406,0,0,0,2,1.251374067928277,5,11
normal_146,0,7,-1.9934692390656918,0,0,0,2,1.251374067928277,5,11
normal_146,0,14,-1.3674621401121305,0,0,0,2,1.251374067928277,5,11
normal_146,0,21,-2.3178504196081553,0,0,0,2,1.251374067928277,5,11
normal_146,0,28,-2.2374758566874577,0,0,0,2,1.251374067928277,5,11
normal_146,0,35,-1.1583612850018197,0,0,0,2,1.251374067928277,5,11
normal_148,0,0,-0.804207421105104,0,0,0,2,1.251374067928277,5,11
normal_148,0,7,-2.9321411789343514,0,0,0,2,1.251374067928277,5,11
normal_149,0,0,-1.3103307977267953,0,0,0,2,1.251374067928277,5,11
normal_149,0,7,-1.3632726780441677,0,0,0,2,1.251374067928277,5,11
normal_159,0,0,-1.7769568521959025,0,0,0,2,1.251374067928277,5,11
normal_159,0,7,-1.3783015106938636,0,0,0,2,1.251374067928277,5,11
normal_159,0,14,-2.1751620771945586,0,0,0,2,1.251374067928277,5,11
normal_159,0,21,-1.3062803987542475,0,0,0,2,1.251374067928277,5,11
normal_159,0,28,-1.0611301065791503,0,0,0,2,1.251374067928277,5,11
normal_159,0,35,-1.9007183815004387,0,0,0,2,1.251374067928277,5,11
normal_161,0,0,-0.16171107765521064,0,0,0,2,1.251374067928277,5,11
normal_161,0,7,-0.8139017033748313,0,0,0,2,1.251374067928277,5,11
normal_161,0,14,-0.5873746563052396,0,0,0,2,1.251374067928277,5,11
normal_161,0,21,-0.9533109435407097,0,0,0,2,1.251374067928277,5,11
normal_166,0,0,-0.743178923457553,0,0,0,2,1.251374067928277,5,11
normal_166,0,7,-1.3732527579389773,0,0,0,2,1.251374067928277,5,11
normal_166,0,14,-0.6527705447038721,0,0,0,2,1.251374067928277,5,11
normal_166,0,21,-1.0926668190371362,0,0,0,2,1.251374067928277,5,11
normal_166,0,28,-0.8863767891257441,0,0,0,2,1.251374067928277,5,11
normal_179,0,0,2.2391989462048967,1,1,0,2,1.251374067928277,5,11
normal_179,0,7,2.148358998651746,1,2,0,2,1.251374067928277,5,11
normal_179,0,14,1.8573332132126663,1,3,0,2,1.251374067928277,5,11
normal_182,0,0,-1.5457500839565128,0,0,0,2,1.251374067928277,5,11
normal_182,0,7,-1.1165018729834637,0,0,0,2,1.251374067928277,5,11
normal_182,0,14,-1.468926841795251,0,0,0,2,1.251374067928277,5,11
normal_182,0,21,-1.2216898330298411,0,0,0,2,1.251374067928277,5,11
normal_182,0,28,-1.1966044646778782,0,0,0,2,1.251374067928277,5,11
normal_182,0,35,-1.1815866284854613,0,0,0,2,1.251374067928277,5,11
normal_186,0,0,-0.6943101341740734,0,0,0,2,1.251374067928277,5,11
normal_186,0,7,-1.4057884511413903,0,0,0,2,1.251374067928277,5,11
normal_191,0,0,-1.8254455163894558,0,0,0,2,1.251374067928277,5,11
normal_191,0,7,-0.8027494462964042,0,0,0,2,1.251374067928277,5,11
normal_200,0,0,-2.505646668193525,0,0,0,2,1.251374067928277,5,11
normal_200,0,7,-2.644810463823598,0,0,0,2,1.251374067928277,5,11
normal_200,0,14,-2.352378244926352,0,0,0,2,1.251374067928277,5,11
normal_200,0,21,-1.999989438960597,0,0,0,2,1.251374067928277,5,11
normal_200,0,28,-0.5963984210654667,0,0,0,2,1.251374067928277,5,11
normal_205,0,0,-1.7453604338827802,0,0,0,2,1.251374067928277,5,11
normal_205,0,7,-1.3043505398101214,0,0,0,2,1.251374067928277,5,11
normal_205,0,14,-0.7323960080676164,0,0,0,2,1.251374067928277,5,11
normal_205,0,21,-1.7535311250754653,0,0,0,2,1.251374067928277,5,11
normal_205,0,28,-1.4518148180556922,0,0,0,2,1.251374067928277,5,11
normal_210,0,0,-0.3780521490678894,0,0,0,2,1.251374067928277,5,11
normal_210,0,7,-1.1951549636916585,0,0,0,2,1.251374067928277,5,11
normal_210,0,14,-1.8216485310576918,0,0,0,2,1.251374067928277,5,11
normal_210,0,21,-2.456434949965125,0,0,0,2,1.251374067928277,5,11
normal_210,0,28,-1.1953927365756414,0,0,0,2,1.251374067928277,5,11
normal_210,0,35,0.5033841813143329,0,0,0,2,1.251374067928277,5,11
normal_211,0,0,-1.5214821434727108,0,0,0,2,1.251374067928277,5,11
normal_211,0,7,-0.7381867424919042,0,0,0,2,1.251374067928277,5,11
normal_211,0,14,-1.2188988370242981,0,0,0,2,1.251374067928277,5,11
normal_211,0,21,-1.719454536578385,0,0,0,2,1.251374067928277,5,11
normal_211,0,28,-1.5832732178269149,0,0,0,2,1.251374067928277,5,11
normal_211,0,35,-1.4491773629041749,0,0,0,2,1.251374067928277,5,11
normal_214,0,0,-0.6595898240688447,0,0,0,2,1.251374067928277,5,11
normal_214,0,7,-1.0107746485535678,0,0,0,2,1.251374067928277,5,11
normal_217,0,0,-0.6441060137932677,0,0,0,2,1.251374067928277,5,11
normal_217,0,7,-0.5484514058004994,0,0,0,2,1.251374067928277,5,11
normal_217,0,14,-0.9517848778667757,0,0,0,2,1.251374067928277,5,11
normal_217,0,21,-1.4276932636335058,0,0,0,2,1.251374067928277,5,11
normal_217,0,28,-1.5623099451949392,0,0,0,2,1.251374067928277,5,11
normal_217,0,35,-1.081585626746655,0,0,0,2,1.251374067928277,5,11
normal_231,0,0,-1.7275188555557497,0,0,0,2,1.251374067928277,5,11
normal_231,0,7,-1.627461178922374,0,0,0,2,1.251374067928277,5,11
normal_231,0,14,-1.5525340959550071,0,0,0,2,1.251374067928277,5,11
normal_235,0,0,-1.2028087975215556,0,0,0,2,1.251374067928277,5,11
normal_235,0,7,-1.5825909860367338,0,0,0,2,1.251374067928277,5,11
normal_235,0,14,-1.510651765524348,0,0,0,2,1.251374067928277,5,11
normal_235,0,21,-0.3605846190460871,0,0,0,2,1.251374067928277,5,11
normal_235,0,28,-1.032044252720115,0,0,0,2,1.251374067928277,5,11
normal_235,0,35,-2.0807356981819574,0,0,0,2,1.251374067928277,5,11
normal_236,0,0,-1.4438603358553044,0,0,0,2,1.251374067928277,5,11
normal_236,0,7,-1.071664135144907,0,0,0,2,1.251374067928277,5,11
normal_236,0,14,-2.0194881439596477,0,0,0,2,1.251374067928277,5,11
normal_236,0,21,-1.8203141738958593,0,0,0,2,1.251374067928277,5,11
normal_247,0,0,-1.582224799406978,0,0,0,2,1.251374067928277,5,11
normal_247,0,7,-1.5797243790686872,0,0,0,2,1.251374067928277,5,11
normal_247,0,14,-1.4135615124447254,0,0,0,2,1.251374067928277,5,11
normal_247,0,21,-1.9423609839380873,0,0,0,2,1.251374067928277,5,11
normal_247,0,28,-1.4092442515035684,0,0,0,2,1.251374067928277,5,11
normal_247,0,35,-2.034025421078838,0,0,0,2,1.251374067928277,5,11
normal_249,0,0,-0.4181403067646894,0,0,0,2,1.251374067928277,5,11
normal_249,0,7,-1.4882436414164735,0,0,0,2,1.251374067928277,5,11
normal_249,0,14,-1.9828593139013133,0,0,0,2,1.251374067928277,5,11
normal_250,0,0,-2.2912137110658746,0,0,0,2,1.251374067928277,5,11
normal_250,0,7,-2.2507390065120383,0,0,0,2,1.251374067928277,5,11
normal_254,0,0,-1.5064450576758581,0,0,0,2,1.251374067928277,5,11
normal_254,0,7,-1.5455710517078414,0,0,0,2,1.251374067928277,5,11
normal_254,0,14,-1.0889615766604352,0,0,0,2,1.251374067928277,5,11
normal_254,0,21,0.39141113345468526,0,0,0,2,1.251374067928277,5,11
normal_255,0,0,0.024423067577735047,0,0,0,2,1.251374067928277,5,11
normal_255,0,7,0.6026389708926279,0,0,0,2,1.251374067928277,5,11
normal_277,0,0,-0.9173957715137808,0,0,0,2,1.251374067928277,5,11
normal_277,0,7,-0.7397037429786253,0,0,0,2,1.251374067928277,5,11
normal_277,0,14,-2.4821592556408936,0,0,0,2,1.251374067928277,5,11
normal_282,0,0,-1.3929784508972975,0,0,0,2,1.251374067928277,5,11
normal_282,0,7,-1.159829636358972,0,0,0,2,1.251374067928277,5,11
normal_282,0,14,-1.1875560617748038,0,0,0,2,1.251374067928277,5,11
normal_282,0,21,-0.7846472898813506,0,0,0,2,1.251374067928277,5,11
normal_282,0,28,-1.4532737594025518,0,0,0,2,1.251374067928277,5,11
normal_289,0,0,-1.1856493659000087,0,0,0,2,1.251374067928277,5,11
normal_289,0,7,-0.4926386431794505,0,0,0,2,1.251374067928277,5,11
normal_289,0,14,-1.4307967869737421,0,0,0,2,1.251374067928277,5,11
normal_289,0,21,-0.383764847819982,0,0,0,2,1.251374067928277,5,11
normal_290,0,0,-0.4917509876813635,0,0,0,2,1.251374067928277,5,11
normal_290,0,7,-1.1599115104682767,0,0,0,2,1.251374067928277,5,11
normal_301,0,0,-0.5066556579302892,0,0,0,2,1.251374067928277,5,11
normal_301,0,7,-1.4496180842363557,0,0,0,2,1.251374067928277,5,11
normal_301,0,14,-0.8572878216801643,0,0,0,2,1.251374067928277,5,11
normal_301,0,21,-0.7677919393003556,0,0,0,2,1.251374067928277,5,11
normal_308,0,0,-1.6513550960509678,0,0,0,2,1.251374067928277,5,11
normal_308,0,7,-1.7036326101662684,0,0,0,2,1.251374067928277,5,11
normal_317,0,0,-2.8196965565994336,0,0,0,2,1.251374067928277,5,11
normal_317,0,7,-0.8069939002417885,0,0,0,2,1.251374067928277,5,11
normal_317,0,14,-0.7008504218165439,0,0,0,2,1.251374067928277,5,11
normal_317,0,21,-2.1360690710701613,0,0,0,2,1.251374067928277,5,11
normal_317,0,28,-1.9066724909747146,0,0,0,2,1.251374067928277,5,11
normal_317,0,35,-0.7605697000721783,0,0,0,2,1.251374067928277,5,11
normal_323,0,0,-0.7674214141734961,0,0,0,2,1.251374067928277,5,11
normal_323,0,7,0.1699955339430681,0,0,0,2,1.251374067928277,5,11
normal_323,0,14,0.06355162996148156,0,0,0,2,1.251374067928277,5,11
normal_323,0,21,-0.4703174726396777,0,0,0,2,1.251374067928277,5,11
normal_323,0,28,-1.681673763817634,0,0,0,2,1.251374067928277,5,11
normal_323,0,35,-1.3647572993041486,0,0,0,2,1.251374067928277,5,11
normal_325,0,0,-1.0611807148626413,0,0,0,2,1.251374067928277,5,11
normal_325,0,7,-1.267130584470297,0,0,0,2,1.251374067928277,5,11
normal_325,0,14,-1.386667263721784,0,0,0,2,1.251374067928277,5,11
normal_325,0,21,-2.37521470563387,0,0,0,2,1.251374067928277,5,11
normal_325,0,28,-1.4246453291686025,0,0,0,2,1.251374067928277,5,11
normal_332,0,0,-0.079316996957703,0,0,0,2,1.251374067928277,5,11
normal_332,0,7,0.19581528399267256,0,0,0,2,1.251374067928277,5,11
normal_332,0,14,1.875013032349467,1,1,0,2,1.251374067928277,5,11
normal_355,0,0,1.459116820944794,1,1,0,2,1.251374067928277,5,11
normal_355,0,7,-0.9751235423207296,0,0,0,2,1.251374067928277,5,11
normal_355,0,14,-1.4142441060523794,0,0,0,2,1.251374067928277,5,11
normal_355,0,21,-0.018960623037887814,0,0,0,2,1.251374067928277,5,11
normal_355,0,28,1.3394207884162794,1,1,0,2,1.251374067928277,5,11
normal_355,0,35,0.5103719206531641,0,0,0,2,1.251374067928277,5,11
normal_358,0,0,-1.103355392012098,0,0,0,2,1.251374067928277,5,11
normal_366,0,0,-0.5495818220302189,0,0,0,2,1.251374067928277,5,11
normal_366,0,7,-0.9600088078436411,0,0,0,2,1.251374067928277,5,11
normal_366,0,14,-0.6808364453955007,0,0,0,2,1.251374067928277,5,11
normal_366,0,21,-0.7927563015945331,0,0,0,2,1.251374067928277,5,11
normal_366,0,28,-1.0760973847203923,0,0,0,2,1.251374067928277,5,11
normal_366,0,35,-2.2108762185268267,0,0,0,2,1.251374067928277,5,11
normal_376,0,0,-0.7620218198396613,0,0,0,2,1.251374067928277,5,11
normal_386,0,0,-0.4024043899905285,0,0,0,2,1.251374067928277,5,11
normal_386,0,7,0.566609637423293,0,0,0,2,1.251374067928277,5,11
normal_386,0,14,-1.6880280043755844,0,0,0,2,1.251374067928277,5,11
normal_386,0,21,-0.8327659625362864,0,0,0,2,1.251374067928277,5,11
normal_393,0,0,-1.8801967283610432,0,0,0,2,1.251374067928277,5,11
normal_393,0,7,-1.1058092108439954,0,0,0,2,1.251374067928277,5,11
normal_409,0,0,-1.2105920596401267,0,0,0,2,1.251374067928277,5,11
normal_409,0,7,-1.8114864420611445,0,0,0,2,1.251374067928277,5,11
normal_419,0,0,-1.3543020154654037,0,0,0,2,1.251374067928277,5,11
normal_419,0,7,-1.8265752464013385,0,0,0,2,1.251374067928277,5,11
normal_419,0,14,-1.3469470631832854,0,0,0,2,1.251374067928277,5,11
normal_419,0,21,-0.7088763730308778,0,0,0,2,1.251374067928277,5,11
normal_419,0,28,-1.5192220809929697,0,0,0,2,1.251374067928277,5,11
normal_419,0,35,-1.5324310375528043,0,0,0,2,1.251374067928277,5,11
normal_420,0,0,-2.2040288222131608,0,0,0,2,1.251374067928277,5,11
normal_420,0,7,-0.4090985648383447,0,0,0,2,1.251374067928277,5,11
normal_420,0,14,0.2560339528711997,0,0,0,2,1.251374067928277,5,11
normal_420,0,21,0.04774148643537268,0,0,0,2,1.251374067928277,5,11
normal_434,0,0,-1.2134258013538917,0,0,0,2,1.251374067928277,5,11
normal_434,0,7,-1.7278757047785485,0,0,0,2,1.251374067928277,5,11
normal_434,0,14,-0.7628251686584799,0,0,0,2,1.251374067928277,5,11
normal_434,0,21,-0.4723712403964404,0,0,0,2,1.251374067928277,5,11
normal_434,0,28,-1.3449989916727976,0,0,0,2,1.251374067928277,5,11
normal_434,0,35,-0.8878646981866547,0,0,0,2,1.251374067928277,5,11
normal_440,0,0,-1.3679217677953117,0,0,0,2,1.251374067928277,5,11
normal_440,0,7,-1.7570225100862311,0,0,0,2,1.251374067928277,5,11
normal_440,0,14,-1.3173816781419028,0,0,0,2,1.251374067928277,5,11
normal_440,0,21,-0.6105382044224617,0,0,0,2,1.251374067928277,5,11
normal_440,0,28,-0.24183551549565685,0,0,0,2,1.251374067928277,5,11
normal_444,0,0,-0.4488718529765423,0,0,0,2,1.251374067928277,5,11
normal_444,0,7,-1.7196374067526836,0,0,0,2,1.251374067928277,5,11
normal_444,0,14,-1.760210957161573,0,0,0,2,1.251374067928277,5,11
normal_444,0,21,-1.8149767489265178,0,0,0,2,1.251374067928277,5,11
normal_444,0,28,-1.5227258529404573,0,0,0,2,1.251374067928277,5,11
normal_444,0,35,-0.6837908685808398,0,0,0,2,1.251374067928277,5,11
normal_452,0,0,-1.6812876643850672,0,0,0,2,1.251374067928277,5,11
normal_452,0,7,-1.6215474396750356,0,0,0,2,1.251374067928277,5,11
normal_452,0,14,-1.2020169853940565,0,0,0,2,1.251374067928277,5,11
normal_452,0,21,-0.8438717544578789,0,0,0,2,1.251374067928277,5,11
normal_455,0,0,-1.7318611200287641,0,0,0,2,1.251374067928277,5,11
normal_455,0,7,-1.6054402013565525,0,0,0,2,1.251374067928277,5,11
normal_455,0,14,-1.1501154005631848,0,0,0,2,1.251374067928277,5,11
normal_455,0,21,-1.7202849196075185,0,0,0,2,1.251374067928277,5,11
normal_455,0,28,-1.4557957024131731,0,0,0,2,1.251374067928277,5,11
normal_455,0,35,-1.0257837133459118,0,0,0,2,1.251374067928277,5,11
normal_456,0,0,-0.048507875917129795,0,0,0,2,1.251374067928277,5,11
normal_456,0,7,0.3179464498557989,0,0,0,2,1.251374067928277,5,11
normal_456,0,14,-0.5339987636234342,0,0,0,2,1.251374067928277,5,11
normal_456,0,21,-0.8746396804742966,0,0,0,2,1.251374067928277,5,11
normal_456,0,28,-0.15836154063855812,0,0,0,2,1.251374067928277,5,11
normal_456,0,35,-0.3524258320213445,0,0,0,2,1.251374067928277,5,11
normal_462,0,0,-1.072456439333152,0,0,0,2,1.251374067928277,5,11
normal_462,0,7,-0.7775851547140196,0,0,0,2,1.251374067928277,5,11
normal_462,0,14,-1.48727800228375,0,0,0,2,1.251374067928277,5,11
normal_462,0,21,-1.291220523078362,0,0,0,2,1.251374067928277,5,11
normal_462,0,28,-1.829051239077093,0,0,0,2,1.251374067928277,5,11
normal_471,0,0,-1.2862981298131135,0,0,0,2,1.251374067928277,5,11
normal_471,0,7,-1.471191157948791,0,0,0,2,1.251374067928277,5,11
normal_490,0,0,-0.8718913565895265,0,0,0,2,1.251374067928277,5,11
normal_492,0,0,-0.8206367683229425,0,0,0,2,1.251374067928277,5,11
normal_492,0,7,-0.9965077023895885,0,0,0,2,1.251374067928277,5,11
normal_492,0,14,-0.792668447173404,0,0,0,2,1.251374067928277,5,11
normal_492,0,21,-1.4507857760084226,0,0,0,2,1.251374067928277,5,11
normal_492,0,28,-2.127219703227248,0,0,0,2,1.251374067928277,5,11
normal_492,0,35,-1.445761481147783,0,0,0,2,1.251374067928277,5,11
normal_499,0,0,-1.1375723135708373,0,0,0,2,1.251374067928277,5,11
normal_499,0,7,-1.3300365239607963,0,0,0,2,1.251374067928277,5,11
normal_499,0,14,-0.8792127725782599,0,0,0,2,1.251374067928277,5,11
normal_499,0,21,-0.21646180731870812,0,0,0,2,1.251374067928277,5,11
normal_499,0,28,-1.2908992006525004,0,0,0,2,1.251374067928277,5,11
normal_499,0,35,-1.0851533798491406,0,0,0,2,1.251374067928277,5,11
normal_516,0,0,-0.9125993689097553,0,0,0,2,1.251374067928277,5,11
normal_516,0,7,-0.7691171675371318,0,0,0,2,1.251374067928277,5,11
normal_516,0,14,-0.8729367831637544,0,0,0,2,1.251374067928277,5,11
normal_516,0,21,-1.2302218316578273,0,0,0,2,1.251374067928277,5,11
normal_516,0,28,-1.2392802228981248,0,0,0,2,1.251374067928277,5,11
normal_516,0,35,-0.6846562191135361,0,0,0,2,1.251374067928277,5,11
normal_517,0,0,-0.951539657029155,0,0,0,2,1.251374067928277,5,11
normal_517,0,7,-1.0580755621767803,0,0,0,2,1.251374067928277,5,11
normal_517,0,14,-1.253543296867397,0,0,0,2,1.251374067928277,5,11
normal_517,0,21,-1.7399645042552292,0,0,0,2,1.251374067928277,5,11
normal_518,0,0,-0.5234042866132986,0,0,0,2,1.251374067928277,5,11
normal_518,0,7,-0.2567204988742722,0,0,0,2,1.251374067928277,5,11
normal_539,0,0,-1.2964815848900084,0,0,0,2,1.251374067928277,5,11
normal_539,0,7,-1.0649902663560988,0,0,0,2,1.251374067928277,5,11
normal_539,0,14,-0.45485657177032346,0,0,0,2,1.251374067928277,5,11
normal_552,0,0,-0.7932013025537819,0,0,0,2,1.251374067928277,5,11
normal_552,0,7,-0.09277511674363526,0,0,0,2,1.251374067928277,5,11
normal_552,0,14,0.0029219306904826325,0,0,0,2,1.251374067928277,5,11
normal_552,0,21,-0.537919439231386,0,0,0,2,1.251374067928277,5,11
normal_552,0,28,-1.0868194379183382,0,0,0,2,1.251374067928277,5,11
normal_557,0,0,-0.828435968252593,0,0,0,2,1.251374067928277,5,11
normal_557,0,7,-0.24137067069140983,0,0,0,2,1.251374067928277,5,11
normal_557,0,14,-0.3853917579610542,0,0,0,2,1.251374067928277,5,11
normal_557,0,21,-0.8348754197404507,0,0,0,2,1.251374067928277,5,11
normal_557,0,28,-1.218634719748632,0,0,0,2,1.251374067928277,5,11
normal_557,0,35,-1.0312520038384427,0,0,0,2,1.251374067928277,5,11
normal_559,0,0,-0.652089617456161,0,0,0,2,1.251374067928277,5,11
normal_559,0,7,-1.5145400504333812,0,0,0,2,1.251374067928277,5,11
normal_559,0,14,-0.7175224588915152,0,0,0,2,1.251374067928277,5,11
normal_562,0,0,-0.697218730816632,0,0,0,2,1.251374067928277,5,11
normal_562,0,7,-1.281663729693185,0,0,0,2,1.251374067928277,5,11
normal_562,0,14,-0.9455966438638654,0,0,0,2,1.251374067928277,5,11
normal_562,0,21,-1.1854903470665636,0,0,0,2,1.251374067928277,5,11
normal_562,0,28,-0.5804718991005253,0,0,0,2,1.251374067928277,5,11
normal_562,0,35,-0.24540588137945463,0,0,0,2,1.251374067928277,5,11
normal_568,0,0,-1.079884180274596,0,0,0,2,1.251374067928277,5,11
normal_568,0,7,-1.8439214736177059,0,0,0,2,1.251374067928277,5,11
normal_568,0,14,0.40485433858335806,0,0,0,2,1.251374067928277,5,11
normal_568,0,21,0.6879326243360486,0,0,0,2,1.251374067928277,5,11
normal_568,0,28,-0.6530295591272228,0,0,0,2,1.251374067928277,5,11
normal_568,0,35,-1.7135337530929986,0,0,0,2,1.251374067928277,5,11
normal_576,0,0,-0.5932051769688176,0,0,0,2,1.251374067928277,5,11
normal_576,0,7,-0.9407158543095555,0,0,0,2,1.251374067928277,5,11
normal_576,0,14,-0.45313969986571134,0,0,0,2,1.251374067928277,5,11
normal_576,0,21,-0.9931851449350413,0,0,0,2,1.251374067928277,5,11
normal_576,0,28,-0.53711757884194,0,0,0,2,1.251374067928277,5,11
normal_576,0,35,-1.109054486157766,0,0,0,2,1.251374067928277,5,11
normal_588,0,0,-1.7816946195298247,0,0,0,2,1.251374067928277,5,11
normal_588,0,7,-1.799774783433274,0,0,0,2,1.251374067928277,5,11
normal_588,0,14,-2.349862461817782,0,0,0,2,1.251374067928277,5,11
normal_588,0,21,-2.322313793285912,0,0,0,2,1.251374067928277,5,11
normal_588,0,28,-1.9435984686171999,0,0,0,2,1.251374067928277,5,11
normal_588,0,35,-2.218430104516435,0,0,0,2,1.251374067928277,5,11
normal_590,0,0,-0.5996575921349585,0,0,0,2,1.251374067928277,5,11
normal_590,0,7,-0.9526792316683093,0,0,0,2,1.251374067928277,5,11
normal_590,0,14,-0.4819396228508177,0,0,0,2,1.251374067928277,5,11
normal_593,0,0,-1.2238844981715928,0,0,0,2,1.251374067928277,5,11
normal_593,0,7,-1.3047952757280283,0,0,0,2,1.251374067928277,5,11
normal_593,0,14,-0.6055107645516351,0,0,0,2,1.251374067928277,5,11
normal_593,0,21,-1.1985609094917944,0,0,0,2,1.251374067928277,5,11
normal_593,0,28,-0.4958806665058102,0,0,0,2,1.251374067928277,5,11
normal_593,0,35,-0.2565520963218688,0,0,0,2,1.251374067928277,5,11
normal_594,0,0,-0.6320896608326572,0,0,0,2,1.251374067928277,5,11
normal_594,0,7,0.24501296507644366,0,0,0,2,1.251374067928277,5,11
normal_594,0,14,-0.35385354898535537,0,0,0,2,1.251374067928277,5,11
normal_594,0,21,-1.200365389999841,0,0,0,2,1.251374067928277,5,11
normal_594,0,28,-1.4654005798144354,0,0,0,2,1.251374067928277,5,11
normal_595,0,0,0.21585782485258376,0,0,0,2,1.251374067928277,5,11
normal_595,0,7,-0.3060553237343404,0,0,0,2,1.251374067928277,5,11
normal_595,0,14,-0.7473056985740913,0,0,0,2,1.251374067928277,5,11
anomaly_7,1,0,3.0604056642414994,1,1,0,2,1.251374067928277,5,11
anomaly_7,1,7,3.0604056642414994,1,2,0,2,1.251374067928277,5,11
anomaly_7,1,14,3.0604056638993917,1,3,0,2,1.251374067928277,5,11
anomaly_7,1,21,3.0604056642414994,1,4,0,2,1.251374067928277,5,11
anomaly_7,1,28,3.0604056642414994,1,5,1,2,1.251374067928277,5,11
anomaly_7,1,35,3.0604056642414994,1,6,1,2,1.251374067928277,5,11
anomaly_9,1,0,2.452560969955093,1,1,0,2,1.251374067928277,5,11
anomaly_9,1,7,3.0604056642414994,1,2,0,2,1.251374067928277,5,11
normal_18,0,0,-1.0502560260403553,0,0,0,3,1.1952035022835845,8,18
normal_18,0,7,-1.4532377502869553,0,0,0,3,1.1952035022835845,8,18
normal_18,0,14,-2.239365120744196,0,0,0,3,1.1952035022835845,8,18
normal_18,0,21,-1.2200436768351461,0,0,0,3,1.1952035022835845,8,18
normal_19,0,0,-2.154927936362603,0,0,0,3,1.1952035022835845,8,18
normal_19,0,7,-1.0523533804209912,0,0,0,3,1.1952035022835845,8,18
normal_19,0,14,-1.0496690560474113,0,0,0,3,1.1952035022835845,8,18
normal_19,0,21,-0.8222953824982846,0,0,0,3,1.1952035022835845,8,18
normal_24,0,0,-0.5660884104822577,0,0,0,3,1.1952035022835845,8,18
normal_24,0,7,1.3944618449438002,1,1,0,3,1.1952035022835845,8,18
normal_24,0,14,-0.17870418872969385,0,0,0,3,1.1952035022835845,8,18
normal_24,0,21,-1.1663120177040862,0,0,0,3,1.1952035022835845,8,18
normal_24,0,28,-1.6669887456315355,0,0,0,3,1.1952035022835845,8,18
normal_24,0,35,1.2388452222727795,1,1,0,3,1.1952035022835845,8,18
normal_25,0,0,-2.087822139516948,0,0,0,3,1.1952035022835845,8,18
normal_25,0,7,-1.973391369486817,0,0,0,3,1.1952035022835845,8,18
normal_25,0,14,-1.0846121782418474,0,0,0,3,1.1952035022835845,8,18
normal_25,0,21,-0.9773341194337042,0,0,0,3,1.1952035022835845,8,18
normal_30,0,0,-1.3955914148447452,0,0,0,3,1.1952035022835845,8,18
normal_30,0,7,-1.586008773197721,0,0,0,3,1.1952035022835845,8,18
normal_30,0,14,-0.19128532295441314,0,0,0,3,1.1952035022835845,8,18
normal_30,0,21,-0.5268349110166901,0,0,0,3,1.1952035022835845,8,18
normal_36,0,0,-1.5487284174219869,0,0,0,3,1.1952035022835845,8,18
normal_36,0,7,-0.8567431077825813,0,0,0,3,1.1952035022835845,8,18
normal_36,0,14,-0.8822170543487937,0,0,0,3,1.1952035022835845,8,18
normal_36,0,21,-1.103704049095127,0,0,0,3,1.1952035022835845,8,18
normal_45,0,0,-1.0185273675416116,0,0,0,3,1.1952035022835845,8,18
normal_45,0,7,-1.427423091821987,0,0,0,3,1.1952035022835845,8,18
normal_45,0,14,-1.0479698899939511,0,0,0,3,1.1952035022835845,8,18
normal_48,0,0,-1.389868993739929,0,0,0,3,1.1952035022835845,8,18
normal_48,0,7,-1.8270896081730528,0,0,0,3,1.1952035022835845,8,18
normal_48,0,14,-2.2683092773641502,0,0,0,3,1.1952035022835845,8,18
normal_48,0,21,-0.8573655602109596,0,0,0,3,1.1952035022835845,8,18
normal_48,0,28,-1.8109231280366402,0,0,0,3,1.1952035022835845,8,18
normal_48,0,35,-1.1415818773179907,0,0,0,3,1.1952035022835845,8,18
normal_54,0,0,-2.1368270792688224,0,0,0,3,1.1952035022835845,8,18
normal_54,0,7,-2.1592884831751094,0,0,0,3,1.1952035022835845,8,18
normal_54,0,14,-0.10558582791679072,0,0,0,3,1.1952035022835845,8,18
normal_54,0,21,-0.8433607117789697,0,0,0,3,1.1952035022835845,8,18
normal_54,0,28,-1.3763407755277455,0,0,0,3,1.1952035022835845,8,18
normal_54,0,35,-0.8241494626555133,0,0,0,3,1.1952035022835845,8,18
normal_55,0,0,-1.2056181118585232,0,0,0,3,1.1952035022835845,8,18
normal_55,0,7,-1.6575358556063473,0,0,0,3,1.1952035022835845,8,18
normal_55,0,14,-1.00942267536271,0,0,0,3,1.1952035022835845,8,18
normal_55,0,21,-0.39862241960685507,0,0,0,3,1.1952035022835845,8,18
normal_55,0,28,-0.8863667442500347,0,0,0,3,1.1952035022835845,8,18
normal_55,0,35,-0.9626011219060575,0,0,0,3,1.1952035022835845,8,18
normal_63,0,0,-0.5906529237173546,0,0,0,3,1.1952035022835845,8,18
normal_63,0,7,-0.3539724548498353,0,0,0,3,1.1952035022835845,8,18
normal_63,0,14,-0.2280317474965683,0,0,0,3,1.1952035022835845,8,18
normal_63,0,21,-1.296752046482013,0,0,0,3,1.1952035022835845,8,18
normal_63,0,28,-0.7376910055460306,0,0,0,3,1.1952035022835845,8,18
normal_63,0,35,0.27946340614564047,0,0,0,3,1.1952035022835845,8,18
normal_68,0,0,1.0744031825080111,0,0,0,3,1.1952035022835845,8,18
normal_68,0,7,-0.07669557529511639,0,0,0,3,1.1952035022835845,8,18
normal_68,0,14,-1.5705169295479684,0,0,0,3,1.1952035022835845,8,18
normal_68,0,21,-1.5490377338934036,0,0,0,3,1.1952035022835845,8,18
normal_68,0,28,-0.3393754209038451,0,0,0,3,1.1952035022835845,8,18
normal_68,0,35,-1.9901939014350813,0,0,0,3,1.1952035022835845,8,18
normal_80,0,0,0.13759918236095325,0,0,0,3,1.1952035022835845,8,18
normal_80,0,7,-1.943219923093483,0,0,0,3,1.1952035022835845,8,18
normal_80,0,14,-0.6427675917766424,0,0,0,3,1.1952035022835845,8,18
normal_80,0,21,-0.7589142507496613,0,0,0,3,1.1952035022835845,8,18
normal_80,0,28,-0.7524332614252556,0,0,0,3,1.1952035022835845,8,18
normal_80,0,35,-1.0238484770241798,0,0,0,3,1.1952035022835845,8,18
normal_85,0,0,-0.7665774402276946,0,0,0,3,1.1952035022835845,8,18
normal_85,0,7,-1.9408830525703569,0,0,0,3,1.1952035022835845,8,18
normal_85,0,14,-1.5689671377017027,0,0,0,3,1.1952035022835845,8,18
normal_85,0,21,-1.2204898789815908,0,0,0,3,1.1952035022835845,8,18
normal_85,0,28,-0.7051261316982633,0,0,0,3,1.1952035022835845,8,18
normal_85,0,35,-1.7071669662891371,0,0,0,3,1.1952035022835845,8,18
normal_88,0,0,-1.0147250131941141,0,0,0,3,1.1952035022835845,8,18
normal_88,0,7,-0.6871841396029268,0,0,0,3,1.1952035022835845,8,18
normal_93,0,0,-1.304201587574386,0,0,0,3,1.1952035022835845,8,18
normal_93,0,7,-0.34274555255152217,0,0,0,3,1.1952035022835845,8,18
normal_96,0,0,-1.9245020381787303,0,0,0,3,1.1952035022835845,8,18
normal_96,0,7,-2.4130315347347033,0,0,0,3,1.1952035022835845,8,18
normal_96,0,14,-1.9864690409278452,0,0,0,3,1.1952035022835845,8,18
normal_96,0,21,-2.679049740538765,0,0,0,3,1.1952035022835845,8,18
normal_96,0,28,-2.6856894466704113,0,0,0,3,1.1952035022835845,8,18
normal_96,0,35,-1.6279498131541126,0,0,0,3,1.1952035022835845,8,18
normal_110,0,0,-0.8314468408481228,0,0,0,3,1.1952035022835845,8,18
normal_110,0,7,-1.3967614638323185,0,0,0,3,1.1952035022835845,8,18
normal_110,0,14,-1.9336388660439545,0,0,0,3,1.1952035022835845,8,18
normal_110,0,21,-1.364630281018369,0,0,0,3,1.1952035022835845,8,18
normal_120,0,0,-1.9075878491682876,0,0,0,3,1.1952035022835845,8,18
normal_120,0,7,-2.406212888463591,0,0,0,3,1.1952035022835845,8,18
normal_120,0,14,-1.2771713887007103,0,0,0,3,1.1952035022835845,8,18
normal_120,0,21,-1.636673435803187,0,0,0,3,1.1952035022835845,8,18
normal_120,0,28,-2.9434567255795874,0,0,0,3,1.1952035022835845,8,18
normal_120,0,35,-2.203087574776301,0,0,0,3,1.1952035022835845,8,18
normal_121,0,0,-1.8257533074286703,0,0,0,3,1.1952035022835845,8,18
normal_121,0,7,-1.4986217725291424,0,0,0,3,1.1952035022835845,8,18
normal_121,0,14,-1.3154321591883629,0,0,0,3,1.1952035022835845,8,18
normal_121,0,21,0.25500848338362125,0,0,0,3,1.1952035022835845,8,18
normal_121,0,28,1.958245674501051,1,1,0,3,1.1952035022835845,8,18
normal_121,0,35,-0.9090816242090072,0,0,0,3,1.1952035022835845,8,18
normal_123,0,0,0.1122083116817274,0,0,0,3,1.1952035022835845,8,18
normal_123,0,7,-0.40295944084119917,0,0,0,3,1.1952035022835845,8,18
normal_123,0,14,-0.11927435776438156,0,0,0,3,1.1952035022835845,8,18
normal_153,0,0,-0.6729889912761196,0,0,0,3,1.1952035022835845,8,18
normal_153,0,7,-1.1214856803495903,0,0,0,3,1.1952035022835845,8,18
normal_153,0,14,-1.6972911378582576,0,0,0,3,1.1952035022835845,8,18
normal_153,0,21,-1.8140905221700518,0,0,0,3,1.1952035022835845,8,18
normal_153,0,28,-1.5154576275467524,0,0,0,3,1.1952035022835845,8,18
normal_153,0,35,-1.762464382851482,0,0,0,3,1.1952035022835845,8,18
normal_154,0,0,-0.9523430564038322,0,0,0,3,1.1952035022835845,8,18
normal_154,0,7,-0.5798809105076415,0,0,0,3,1.1952035022835845,8,18
normal_154,0,14,-0.9801060137377315,0,0,0,3,1.1952035022835845,8,18
normal_154,0,21,-0.9101847165745833,0,0,0,3,1.1952035022835845,8,18
normal_154,0,28,-0.42687891977108894,0,0,0,3,1.1952035022835845,8,18
normal_154,0,35,-0.3207914074594629,0,0,0,3,1.1952035022835845,8,18
normal_172,0,0,-2.835705801752922,0,0,0,3,1.1952035022835845,8,18
normal_172,0,7,-2.021479284503133,0,0,0,3,1.1952035022835845,8,18
normal_189,0,0,-1.0612537275169287,0,0,0,3,1.1952035022835845,8,18
normal_189,0,7,-2.012300928459806,0,0,0,3,1.1952035022835845,8,18
normal_189,0,14,0.4317214851066269,0,0,0,3,1.1952035022835845,8,18
normal_189,0,21,-0.16960198542381777,0,0,0,3,1.1952035022835845,8,18
normal_189,0,28,-1.687844063704269,0,0,0,3,1.1952035022835845,8,18
normal_189,0,35,-1.6881937553356008,0,0,0,3,1.1952035022835845,8,18
normal_195,0,0,-1.9870203855509962,0,0,0,3,1.1952035022835845,8,18
normal_195,0,7,-0.4636404458209462,0,0,0,3,1.1952035022835845,8,18
normal_195,0,14,-1.482986799543006,0,0,0,3,1.1952035022835845,8,18
normal_195,0,21,-0.6017819449642907,0,0,0,3,1.1952035022835845,8,18
normal_204,0,0,-0.782282746706227,0,0,0,3,1.1952035022835845,8,18
normal_204,0,7,-0.9988577529715807,0,0,0,3,1.1952035022835845,8,18
normal_204,0,14,-1.5765791224811463,0,0,0,3,1.1952035022835845,8,18
normal_204,0,21,-1.4464378244162774,0,0,0,3,1.1952035022835845,8,18
normal_204,0,28,-1.419315458289074,0,0,0,3,1.1952035022835845,8,18
normal_204,0,35,-2.1784968689921835,0,0,0,3,1.1952035022835845,8,18
normal_219,0,0,0.21003950260122917,0,0,0,3,1.1952035022835845,8,18
normal_219,0,7,-0.9995591689408765,0,0,0,3,1.1952035022835845,8,18
normal_219,0,14,-1.3684557874898178,0,0,0,3,1.1952035022835845,8,18
normal_219,0,21,-1.4546105221966825,0,0,0,3,1.1952035022835845,8,18
normal_228,0,0,-1.2877841370098912,0,0,0,3,1.1952035022835845,8,18
normal_228,0,7,-1.000748287308046,0,0,0,3,1.1952035022835845,8,18
normal_228,0,14,-0.865156956190535,0,0,0,3,1.1952035022835845,8,18
normal_228,0,21,0.5612454660458348,0,0,0,3,1.1952035022835845,8,18
normal_228,0,28,-0.9713157747234544,0,0,0,3,1.1952035022835845,8,18
normal_228,0,35,-1.5697699549144173,0,0,0,3,1.1952035022835845,8,18
normal_248,0,0,-0.6049374246734147,0,0,0,3,1.1952035022835845,8,18
normal_248,0,7,-1.6795456980000618,0,0,0,3,1.1952035022835845,8,18
normal_248,0,14,-0.8780004467992133,0,0,0,3,1.1952035022835845,8,18
normal_248,0,21,-0.17730416105883595,0,0,0,3,1.1952035022835845,8,18
normal_248,0,28,-0.7911997463904963,0,0,0,3,1.1952035022835845,8,18
normal_248,0,35,-0.9737971966597185,0,0,0,3,1.1952035022835845,8,18
normal_267,0,0,-1.1282607832780633,0,0,0,3,1.1952035022835845,8,18
normal_267,0,7,-0.8306328277469963,0,0,0,3,1.1952035022835845,8,18
normal_267,0,14,-1.272911238946072,0,0,0,3,1.1952035022835845,8,18
normal_267,0,21,-1.034345128830156,0,0,0,3,1.1952035022835845,8,18
normal_271,0,0,-1.5475850450031845,0,0,0,3,1.1952035022835845,8,18
normal_271,0,7,-1.343926684838014,0,0,0,3,1.1952035022835845,8,18
normal_271,0,14,-1.626610268547426,0,0,0,3,1.1952035022835845,8,18
normal_271,0,21,-1.786172507832403,0,0,0,3,1.1952035022835845,8,18
normal_271,0,28,-1.3467344446765277,0,0,0,3,1.1952035022835845,8,18
normal_271,0,35,-1.2883984772656523,0,0,0,3,1.1952035022835845,8,18
normal_281,0,0,-0.35294667863205165,0,0,0,3,1.1952035022835845,8,18
normal_281,0,7,-1.9409422194766166,0,0,0,3,1.1952035022835845,8,18
normal_281,0,14,-2.1473764455375517,0,0,0,3,1.1952035022835845,8,18
normal_281,0,21,-0.6556659931622959,0,0,0,3,1.1952035022835845,8,18
normal_281,0,28,-0.11334763265990278,0,0,0,3,1.1952035022835845,8,18
normal_281,0,35,-1.3882423023357258,0,0,0,3,1.1952035022835845,8,18
normal_283,0,0,-0.8618453722388195,0,0,0,3,1.1952035022835845,8,18
normal_283,0,7,0.35646306199674216,0,0,0,3,1.1952035022835845,8,18
normal_283,0,14,0.4957210690307168,0,0,0,3,1.1952035022835845,8,18
normal_287,0,0,-1.6705522490421552,0,0,0,3,1.1952035022835845,8,18
normal_287,0,7,-1.9441910917917187,0,0,0,3,1.1952035022835845,8,18
normal_287,0,14,-1.4371167663409294,0,0,0,3,1.1952035022835845,8,18
normal_287,0,21,-0.5948360581901455,0,0,0,3,1.1952035022835845,8,18
normal_287,0,28,-0.5174311756167307,0,0,0,3,1.1952035022835845,8,18
normal_287,0,35,-2.3430334784305287,0,0,0,3,1.1952035022835845,8,18
normal_293,0,0,-0.9246425623503547,0,0,0,3,1.1952035022835845,8,18
normal_293,0,7,-1.2007406763337891,0,0,0,3,1.1952035022835845,8,18
normal_293,0,14,-1.5175037807686649,0,0,0,3,1.1952035022835845,8,18
normal_293,0,21,-1.0474451702133272,0,0,0,3,1.1952035022835845,8,18
normal_293,0,28,-0.3436071418941582,0,0,0,3,1.1952035022835845,8,18
normal_293,0,35,-1.7587614876673574,0,0,0,3,1.1952035022835845,8,18
normal_296,0,0,-1.9005664442252619,0,0,0,3,1.1952035022835845,8,18
normal_296,0,7,-1.4661798087185605,0,0,0,3,1.1952035022835845,8,18
normal_296,0,14,-1.1887395463641863,0,0,0,3,1.1952035022835845,8,18
normal_297,0,0,-1.4094428073651861,0,0,0,3,1.1952035022835845,8,18
normal_306,0,0,-0.8328347316305673,0,0,0,3,1.1952035022835845,8,18
normal_306,0,7,-1.1401540486926538,0,0,0,3,1.1952035022835845,8,18
normal_306,0,14,-0.6784652361243508,0,0,0,3,1.1952035022835845,8,18
normal_306,0,21,-1.3908323928399473,0,0,0,3,1.1952035022835845,8,18
normal_312,0,0,-1.2297921345480263,0,0,0,3,1.1952035022835845,8,18
normal_312,0,7,-0.8752059772223371,0,0,0,3,1.1952035022835845,8,18
normal_312,0,14,-1.07653393207582,0,0,0,3,1.1952035022835845,8,18
normal_312,0,21,-1.6249444869253407,0,0,0,3,1.1952035022835845,8,18
normal_316,0,0,-1.3719103379091524,0,0,0,3,1.1952035022835845,8,18
normal_316,0,7,-1.0768889473583259,0,0,0,3,1.1952035022835845,8,18
normal_316,0,14,-0.8988119925130342,0,0,0,3,1.1952035022835845,8,18
normal_316,0,21,-1.3756571483765563,0,0,0,3,1.1952035022835845,8,18
normal_316,0,28,-1.7007462072781832,0,0,0,3,1.1952035022835845,8,18
normal_316,0,35,-1.3329476352443916,0,0,0,3,1.1952035022835845,8,18
normal_319,0,0,-1.227296758487141,0,0,0,3,1.1952035022835845,8,18
normal_319,0,7,-0.9416042879447448,0,0,0,3,1.1952035022835845,8,18
normal_319,0,14,-0.30881310017276364,0,0,0,3,1.1952035022835845,8,18
normal_330,0,0,-1.9707460244491037,0,0,0,3,1.1952035022835845,8,18
normal_330,0,7,-1.6718684514272284,0,0,0,3,1.1952035022835845,8,18
normal_330,0,14,-1.5074638402993217,0,0,0,3,1.1952035022835845,8,18
normal_330,0,21,-2.9011104421305274,0,0,0,3,1.1952035022835845,8,18
normal_330,0,28,-2.0607856282321957,0,0,0,3,1.1952035022835845,8,18
normal_330,0,35,-1.1899623223585345,0,0,0,3,1.1952035022835845,8,18
normal_335,0,0,-1.1405523750061763,0,0,0,3,1.1952035022835845,8,18
normal_335,0,7,-1.6237839808643435,0,0,0,3,1.1952035022835845,8,18
normal_335,0,14,-0.8628153883889089,0,0,0,3,1.1952035022835845,8,18
normal_335,0,21,-1.557089149212485,0,0,0,3,1.1952035022835845,8,18
normal_335,0,28,-0.413455794353633,0,0,0,3,1.1952035022835845,8,18
normal_335,0,35,-1.3665993545040709,0,0,0,3,1.1952035022835845,8,18
normal_336,0,0,-1.1733132354448972,0,0,0,3,1.1952035022835845,8,18
normal_336,0,7,-1.3551707523039034,0,0,0,3,1.1952035022835845,8,18
normal_336,0,14,-1.67648319021002,0,0,0,3,1.1952035022835845,8,18
normal_336,0,21,-0.8784665722563356,0,0,0,3,1.1952035022835845,8,18
normal_336,0,28,-1.3329605386454033,0,0,0,3,1.1952035022835845,8,18
normal_342,0,0,-1.1751086347043072,0,0,0,3,1.1952035022835845,8,18
normal_342,0,7,-0.5248606786433534,0,0,0,3,1.1952035022835845,8,18
normal_342,0,14,-1.6095244302171952,0,0,0,3,1.1952035022835845,8,18
normal_342,0,21,-1.1068548973455612,0,0,0,3,1.1952035022835845,8,18
normal_342,0,28,-0.5358914349443666,0,0,0,3,1.1952035022835845,8,18
normal_342,0,35,0.7567591331641199,0,0,0,3,1.1952035022835845,8,18
normal_345,0,0,-1.7125335914179778,0,0,0,3,1.1952035022835845,8,18
normal_348,0,0,-1.6415828538023365,0,0,0,3,1.1952035022835845,8,18
normal_348,0,7,-1.988876722716411,0,0,0,3,1.1952035022835845,8,18
normal_348,0,14,-1.4702389304368206,0,0,0,3,1.1952035022835845,8,18
normal_348,0,21,-2.315101108563835,0,0,0,3,1.1952035022835845,8,18
normal_348,0,28,-1.7412095417113025,0,0,0,3,1.1952035022835845,8,18
normal_348,0,35,-2.2145290761026657,0,0,0,3,1.1952035022835845,8,18
normal_350,0,0,-1.0723221552550402,0,0,0,3,1.1952035022835845,8,18
normal_350,0,7,-0.9414328376785499,0,0,0,3,1.1952035022835845,8,18
normal_350,0,14,-1.0334914827554003,0,0,0,3,1.1952035022835845,8,18
normal_350,0,21,-1.4721192835658647,0,0,0,3,1.1952035022835845,8,18
normal_357,0,0,-0.8948889600985361,0,0,0,3,1.1952035022835845,8,18
normal_357,0,7,-0.19281973242369777,0,0,0,3,1.1952035022835845,8,18
normal_357,0,14,-0.6906262023811229,0,0,0,3,1.1952035022835845,8,18
normal_362,0,0,-2.114865038055252,0,0,0,3,1.1952035022835845,8,18
normal_362,0,7,-1.072264790048139,0,0,0,3,1.1952035022835845,8,18
normal_362,0,14,-0.5978819788194745,0,0,0,3,1.1952035022835845,8,18
normal_362,0,21,-2.3861325203155235,0,0,0,3,1.1952035022835845,8,18
normal_362,0,28,-1.9326752375344785,0,0,0,3,1.1952035022835845,8,18
normal_362,0,35,-0.01021510560233585,0,0,0,3,1.1952035022835845,8,18
normal_368,0,0,-1.3733312441059948,0,0,0,3,1.1952035022835845,8,18
normal_368,0,7,-0.9324909335949711,0,0,0,3,1.1952035022835845,8,18
normal_368,0,14,-1.867962694042784,0,0,0,3,1.1952035022835845,8,18
normal_368,0,21,-0.4578838573326607,0,0,0,3,1.1952035022835845,8,18
normal_369,0,0,-1.557895315168579,0,0,0,3,1.1952035022835845,8,18
normal_369,0,7,0.7890608841107678,0,0,0,3,1.1952035022835845,8,18
normal_373,0,0,-1.9834696753162295,0,0,0,3,1.1952035022835845,8,18
normal_373,0,7,-2.190240731463009,0,0,0,3,1.1952035022835845,8,18
normal_373,0,14,-2.873180374004608,0,0,0,3,1.1952035022835845,8,18
normal_373,0,21,-0.8256149355428546,0,0,0,3,1.1952035022835845,8,18
normal_373,0,28,-0.25607166177404794,0,0,0,3,1.1952035022835845,8,18
normal_373,0,35,-0.20348757186555666,0,0,0,3,1.1952035022835845,8,18
normal_378,0,0,-1.5762139687037116,0,0,0,3,1.1952035022835845,8,18
normal_378,0,7,-1.1010123255074364,0,0,0,3,1.1952035022835845,8,18
normal_378,0,14,-1.8970751299072766,0,0,0,3,1.1952035022835845,8,18
normal_378,0,21,-1.7507553702312726,0,0,0,3,1.1952035022835845,8,18
normal_378,0,28,-1.3474150096739552,0,0,0,3,1.1952035022835845,8,18
normal_378,0,35,-0.22057607278519686,0,0,0,3,1.1952035022835845,8,18
normal_381,0,0,-1.1421618745910052,0,0,0,3,1.1952035022835845,8,18
normal_381,0,7,-1.7963751239940646,0,0,0,3,1.1952035022835845,8,18
normal_381,0,14,-1.1771483728031087,0,0,0,3,1.1952035022835845,8,18
normal_385,0,0,-2.0480948939865082,0,0,0,3,1.1952035022835845,8,18
normal_385,0,7,-1.9911192710445547,0,0,0,3,1.1952035022835845,8,18
normal_385,0,14,-1.581565224152564,0,0,0,3,1.1952035022835845,8,18
normal_385,0,21,-1.2517288368428479,0,0,0,3,1.1952035022835845,8,18
normal_385,0,28,-2.1371460460312917,0,0,0,3,1.1952035022835845,8,18
normal_385,0,35,-1.690119563967373,0,0,0,3,1.1952035022835845,8,18
normal_391,0,0,-2.461117062149127,0,0,0,3,1.1952035022835845,8,18
normal_391,0,7,-0.3035243259994411,0,0,0,3,1.1952035022835845,8,18
normal_391,0,14,-0.6325758064031843,0,0,0,3,1.1952035022835845,8,18
normal_391,0,21,-1.0567332680171346,0,0,0,3,1.1952035022835845,8,18
normal_391,0,28,-2.5858373261619403,0,0,0,3,1.1952035022835845,8,18
normal_391,0,35,0.40265367032835364,0,0,0,3,1.1952035022835845,8,18
normal_401,0,0,-1.8606072713271842,0,0,0,3,1.1952035022835845,8,18
normal_401,0,7,-1.7687293620338296,0,0,0,3,1.1952035022835845,8,18
normal_401,0,14,-1.84903432304406,0,0,0,3,1.1952035022835845,8,18
normal_401,0,21,-2.27364240940178,0,0,0,3,1.1952035022835845,8,18
normal_401,0,28,-1.0418424588581217,0,0,0,3,1.1952035022835845,8,18
normal_401,0,35,-0.6202909386232922,0,0,0,3,1.1952035022835845,8,18
normal_412,0,0,-0.9876884846881189,0,0,0,3,1.1952035022835845,8,18
normal_412,0,7,-1.5510304398484185,0,0,0,3,1.1952035022835845,8,18
normal_412,0,14,-2.1065154656154754,0,0,0,3,1.1952035022835845,8,18
normal_412,0,21,-0.15232432593274003,0,0,0,3,1.1952035022835845,8,18
normal_412,0,28,-2.182241253093402,0,0,0,3,1.1952035022835845,8,18
normal_412,0,35,-1.6704483678552253,0,0,0,3,1.1952035022835845,8,18
normal_414,0,0,-1.1902530322226474,0,0,0,3,1.1952035022835845,8,18
normal_414,0,7,-0.6013294325984373,0,0,0,3,1.1952035022835845,8,18
normal_418,0,0,-0.5186785680301162,0,0,0,3,1.1952035022835845,8,18
normal_418,0,7,-1.3298910171817604,0,0,0,3,1.1952035022835845,8,18
normal_418,0,14,-1.3991070568389534,0,0,0,3,1.1952035022835845,8,18
normal_418,0,21,-1.6368156804328184,0,0,0,3,1.1952035022835845,8,18
normal_418,0,28,-1.9333640501843647,0,0,0,3,1.1952035022835845,8,18
normal_418,0,35,-2.11757968194243,0,0,0,3,1.1952035022835845,8,18
normal_424,0,0,-1.589347707582911,0,0,0,3,1.1952035022835845,8,18
normal_424,0,7,-1.0496984918682428,0,0,0,3,1.1952035022835845,8,18
normal_424,0,14,-1.3962979829701214,0,0,0,3,1.1952035022835845,8,18
normal_424,0,21,-1.5586508891190944,0,0,0,3,1.1952035022835845,8,18
normal_424,0,28,-1.689531262986765,0,0,0,3,1.1952035022835845,8,18
normal_429,0,0,-2.2302941226498922,0,0,0,3,1.1952035022835845,8,18
normal_429,0,7,-1.363083355871621,0,0,0,3,1.1952035022835845,8,18
normal_429,0,14,-1.6138988588769405,0,0,0,3,1.1952035022835845,8,18
normal_429,0,21,-1.8668216782295572,0,0,0,3,1.1952035022835845,8,18
normal_429,0,28,-2.0969637308047093,0,0,0,3,1.1952035022835845,8,18
normal_429,0,35,-2.4712326148541366,0,0,0,3,1.1952035022835845,8,18
normal_435,0,0,-1.2493661067248358,0,0,0,3,1.1952035022835845,8,18
normal_435,0,7,-1.532682626206348,0,0,0,3,1.1952035022835845,8,18
normal_435,0,14,-2.6903373367301406,0,0,0,3,1.1952035022835845,8,18
normal_435,0,21,-1.700365133472617,0,0,0,3,1.1952035022835845,8,18
normal_435,0,28,-1.261774859128089,0,0,0,3,1.1952035022835845,8,18
normal_436,0,0,-1.1698331828537687,0,0,0,3,1.1952035022835845,8,18
normal_436,0,7,-2.2270519756130844,0,0,0,3,1.1952035022835845,8,18
normal_436,0,14,-1.7187512901155855,0,0,0,3,1.1952035022835845,8,18
normal_437,0,0,-0.28993132346013795,0,0,0,3,1.1952035022835845,8,18
normal_437,0,7,-0.17468264005465395,0,0,0,3,1.1952035022835845,8,18
normal_439,0,0,-0.6750937225753941,0,0,0,3,1.1952035022835845,8,18
normal_439,0,7,-0.9844771763949836,0,0,0,3,1.1952035022835845,8,18
normal_439,0,14,-1.8395008023272017,0,0,0,3,1.1952035022835845,8,18
normal_439,0,21,-1.6462619903619768,0,0,0,3,1.1952035022835845,8,18
normal_439,0,28,-2.030096526347308,0,0,0,3,1.1952035022835845,8,18
normal_439,0,35,-2.7802864359785624,0,0,0,3,1.1952035022835845,8,18
normal_450,0,0,0.05208122403156912,0,0,0,3,1.1952035022835845,8,18
normal_450,0,7,-1.114863853180228,0,0,0,3,1.1952035022835845,8,18
normal_450,0,14,-1.4464697022781157,0,0,0,3,1.1952035022835845,8,18
normal_450,0,21,-1.73504588046645,0,0,0,3,1.1952035022835845,8,18
normal_450,0,28,-1.6193535776664718,0,0,0,3,1.1952035022835845,8,18
normal_450,0,35,-1.1570161490509316,0,0,0,3,1.1952035022835845,8,18
normal_458,0,0,-0.7022531375268062,0,0,0,3,1.1952035022835845,8,18
normal_458,0,7,-0.7964135587068326,0,0,0,3,1.1952035022835845,8,18
normal_465,0,0,-1.992369480116349,0,0,0,3,1.1952035022835845,8,18
normal_468,0,0,-0.40070863264306356,0,0,0,3,1.1952035022835845,8,18
normal_468,0,7,-1.8188574213799646,0,0,0,3,1.1952035022835845,8,18
normal_468,0,14,-0.9265823767194079,0,0,0,3,1.1952035022835845,8,18
normal_468,0,21,0.5404400837640773,0,0,0,3,1.1952035022835845,8,18
normal_468,0,28,-2.1075331956443395,0,0,0,3,1.1952035022835845,8,18
normal_474,0,0,-1.2235933177768952,0,0,0,3,1.1952035022835845,8,18
normal_474,0,7,-0.7560853386252258,0,0,0,3,1.1952035022835845,8,18
normal_474,0,14,-1.2774119508182795,0,0,0,3,1.1952035022835845,8,18
normal_474,0,21,-1.2478615284954953,0,0,0,3,1.1952035022835845,8,18
normal_474,0,28,-0.5663518740923497,0,0,0,3,1.1952035022835845,8,18
normal_474,0,35,-0.7150304134687233,0,0,0,3,1.1952035022835845,8,18
normal_476,0,0,-0.3083154559339434,0,0,0,3,1.1952035022835845,8,18
normal_476,0,7,0.36284062102141323,0,0,0,3,1.1952035022835845,8,18
normal_478,0,0,-1.5968245214094918,0,0,0,3,1.1952035022835845,8,18
normal_478,0,7,-0.7917592166452234,0,0,0,3,1.1952035022835845,8,18
normal_478,0,14,-1.1488889476944029,0,0,0,3,1.1952035022835845,8,18
normal_478,0,21,-1.5927797865345386,0,0,0,3,1.1952035022835845,8,18
normal_478,0,28,-1.3746858153286632,0,0,0,3,1.1952035022835845,8,18
normal_478,0,35,-1.0877754045251709,0,0,0,3,1.1952035022835845,8,18
normal_494,0,0,-0.6534657546466378,0,0,0,3,1.1952035022835845,8,18
normal_494,0,7,-0.5365457627664192,0,0,0,3,1.1952035022835845,8,18
normal_494,0,14,-0.9856158217714364,0,0,0,3,1.1952035022835845,8,18
normal_494,0,21,-0.4549978941288644,0,0,0,3,1.1952035022835845,8,18
normal_510,0,0,-1.7394828699295775,0,0,0,3,1.1952035022835845,8,18
normal_510,0,7,-0.6437037661508156,0,0,0,3,1.1952035022835845,8,18
normal_510,0,14,-0.23945355686824188,0,0,0,3,1.1952035022835845,8,18
normal_510,0,21,-0.9123033457544323,0,0,0,3,1.1952035022835845,8,18
normal_510,0,28,-0.9479560561526461,0,0,0,3,1.1952035022835845,8,18
normal_510,0,35,-0.8477751299006391,0,0,0,3,1.1952035022835845,8,18
normal_512,0,0,0.7345386317047957,0,0,0,3,1.1952035022835845,8,18
normal_512,0,7,1.342317610197853,1,1,0,3,1.1952035022835845,8,18
normal_512,0,14,-0.7153215321851891,0,0,0,3,1.1952035022835845,8,18
normal_512,0,21,-0.42477449041646187,0,0,0,3,1.1952035022835845,8,18
normal_515,0,0,-0.736885780658942,0,0,0,3,1.1952035022835845,8,18
normal_515,0,7,-1.474375301143319,0,0,0,3,1.1952035022835845,8,18
normal_515,0,14,-1.0875770903520459,0,0,0,3,1.1952035022835845,8,18
normal_515,0,21,-0.6704043348648594,0,0,0,3,1.1952035022835845,8,18
normal_515,0,28,-0.24645440189001144,0,0,0,3,1.1952035022835845,8,18
normal_515,0,35,-0.23252068936854897,0,0,0,3,1.1952035022835845,8,18
normal_520,0,0,-0.5625719826243198,0,0,0,3,1.1952035022835845,8,18
normal_520,0,7,-1.4551277423860989,0,0,0,3,1.1952035022835845,8,18
normal_520,0,14,-1.0852042030287161,0,0,0,3,1.1952035022835845,8,18
normal_520,0,21,-1.5640342804084226,0,0,0,3,1.1952035022835845,8,18
normal_520,0,28,-1.206542550045166,0,0,0,3,1.1952035022835845,8,18
normal_520,0,35,-1.606520631398911,0,0,0,3,1.1952035022835845,8,18
normal_521,0,0,-0.422622059581931,0,0,0,3,1.1952035022835845,8,18
normal_521,0,7,0.1294241452291489,0,0,0,3,1.1952035022835845,8,18
normal_521,0,14,0.5813952079240297,0,0,0,3,1.1952035022835845,8,18
normal_521,0,21,-0.3357667408993019,0,0,0,3,1.1952035022835845,8,18
normal_521,0,28,-0.395829415295351,0,0,0,3,1.1952035022835845,8,18
normal_521,0,35,-0.391854967853579,0,0,0,3,1.1952035022835845,8,18
normal_522,0,0,0.7449298038544132,0,0,0,3,1.1952035022835845,8,18
normal_522,0,7,-0.5920057638281429,0,0,0,3,1.1952035022835845,8,18
normal_522,0,14,-0.9465341241075271,0,0,0,3,1.1952035022835845,8,18
normal_522,0,21,-0.5736739662318566,0,0,0,3,1.1952035022835845,8,18
normal_528,0,0,-1.4329455064914138,0,0,0,3,1.1952035022835845,8,18
normal_528,0,7,-1.2841496376108394,0,0,0,3,1.1952035022835845,8,18
normal_528,0,14,-1.4784800788338068,0,0,0,3,1.1952035022835845,8,18
normal_528,0,21,-0.5446008082630982,0,0,0,3,1.1952035022835845,8,18
normal_533,0,0,0.42085173056194103,0,0,0,3,1.1952035022835845,8,18
normal_533,0,7,0.38410570094366747,0,0,0,3,1.1952035022835845,8,18
normal_533,0,14,1.40852454077721,1,1,0,3,1.1952035022835845,8,18
normal_533,0,21,0.7161305764187502,0,0,0,3,1.1952035022835845,8,18
normal_533,0,28,-0.21938441868846015,0,0,0,3,1.1952035022835845,8,18
normal_533,0,35,0.6107413547038405,0,0,0,3,1.1952035022835845,8,18
normal_546,0,0,-0.2667701077182354,0,0,0,3,1.1952035022835845,8,18
normal_546,0,7,-1.1542882057415338,0,0,0,3,1.1952035022835845,8,18
normal_553,0,0,0.010187154901109885,0,0,0,3,1.1952035022835845,8,18
normal_553,0,7,-0.47520567029179217,0,0,0,3,1.1952035022835845,8,18
normal_553,0,14,-0.9020179647984139,0,0,0,3,1.1952035022835845,8,18
normal_565,0,0,-1.108271823674785,0,0,0,3,1.1952035022835845,8,18
normal_565,0,7,-1.745053882973839,0,0,0,3,1.1952035022835845,8,18
normal_565,0,14,-1.778972408316045,0,0,0,3,1.1952035022835845,8,18
normal_578,0,0,-1.234872902259673,0,0,0,3,1.1952035022835845,8,18
normal_578,0,7,-0.5223103597746683,0,0,0,3,1.1952035022835845,8,18
normal_578,0,14,-1.483710375123628,0,0,0,3,1.1952035022835845,8,18
normal_582,0,0,0.007978983432841424,0,0,0,3,1.1952035022835845,8,18
normal_582,0,7,-1.2265660062112995,0,0,0,3,1.1952035022835845,8,18
normal_582,0,14,-1.5274031854578465,0,0,0,3,1.1952035022835845,8,18
normal_582,0,21,-0.9921097723448766,0,0,0,3,1.1952035022835845,8,18
normal_582,0,28,-1.617423992119035,0,0,0,3,1.1952035022835845,8,18
normal_582,0,35,-1.5751893027675758,0,0,0,3,1.1952035022835845,8,18
normal_584,0,0,-1.6871686094809246,0,0,0,3,1.1952035022835845,8,18
normal_584,0,7,-1.546245909415322,0,0,0,3,1.1952035022835845,8,18
normal_584,0,14,-0.5828851547683014,0,0,0,3,1.1952035022835845,8,18
normal_584,0,21,-1.0600007565642842,0,0,0,3,1.1952035022835845,8,18
anomaly_2,1,0,3.1049088333001627,1,1,0,3,1.1952035022835845,8,18
anomaly_2,1,7,3.1049088333001627,1,2,0,3,1.1952035022835845,8,18
anomaly_2,1,14,3.1049088333001627,1,3,0,3,1.1952035022835845,8,18
anomaly_2,1,21,3.1049088333001627,1,4,0,3,1.1952035022835845,8,18
anomaly_2,1,28,3.060052004686248,1,5,0,3,1.1952035022835845,8,18
anomaly_2,1,35,2.4063332261499464,1,6,0,3,1.1952035022835845,8,18
anomaly_4,1,0,2.7229897197688655,1,1,0,3,1.1952035022835845,8,18
anomaly_4,1,7,2.895036404900912,1,2,0,3,1.1952035022835845,8,18
anomaly_4,1,14,3.095613261261719,1,3,0,3,1.1952035022835845,8,18
anomaly_16,1,0,2.4873463597147927,1,1,0,3,1.1952035022835845,8,18
anomaly_16,1,7,3.1049088333001627,1,2,0,3,1.1952035022835845,8,18
anomaly_16,1,14,3.0005345415407856,1,3,0,3,1.1952035022835845,8,18
anomaly_16,1,21,3.1049088333001627,1,4,0,3,1.1952035022835845,8,18
anomaly_16,1,28,3.1049088333001627,1,5,0,3,1.1952035022835845,8,18
anomaly_16,1,35,3.1049088333001627,1,6,0,3,1.1952035022835845,8,18
normal_7,0,0,-0.38959512196810575,0,0,0,4,1.2238317312883928,5,10
normal_7,0,7,-1.6154079253396372,0,0,0,4,1.2238317312883928,5,10
normal_7,0,14,0.8708750566756289,0,0,0,4,1.2238317312883928,5,10
normal_7,0,21,-0.18409973604777985,0,0,0,4,1.2238317312883928,5,10
normal_7,0,28,-0.5597316881041206,0,0,0,4,1.2238317312883928,5,10
normal_7,0,35,-0.4909128952839019,0,0,0,4,1.2238317312883928,5,10
normal_17,0,0,-1.333785806203605,0,0,0,4,1.2238317312883928,5,10
normal_17,0,7,-1.808303968583334,0,0,0,4,1.2238317312883928,5,10
normal_17,0,14,-1.3701295866985195,0,0,0,4,1.2238317312883928,5,10
normal_17,0,21,-1.624487156500031,0,0,0,4,1.2238317312883928,5,10
normal_17,0,28,-0.9662550018133471,0,0,0,4,1.2238317312883928,5,10
normal_17,0,35,-1.461116622614579,0,0,0,4,1.2238317312883928,5,10
normal_28,0,0,-1.2456371408883502,0,0,0,4,1.2238317312883928,5,10
normal_28,0,7,-0.120304593182603,0,0,0,4,1.2238317312883928,5,10
normal_28,0,14,-0.10295059670677364,0,0,0,4,1.2238317312883928,5,10
normal_28,0,21,-0.38041477869827345,0,0,0,4,1.2238317312883928,5,10
normal_28,0,28,-1.0703536402624492,0,0,0,4,1.2238317312883928,5,10
normal_28,0,35,-0.40598280465371683,0,0,0,4,1.2238317312883928,5,10
normal_31,0,0,-0.6064847981715884,0,0,0,4,1.2238317312883928,5,10
normal_31,0,7,-2.0895224621655846,0,0,0,4,1.2238317312883928,5,10
normal_34,0,0,-1.7718817504651039,0,0,0,4,1.2238317312883928,5,10
normal_34,0,7,-0.7437161393337135,0,0,0,4,1.2238317312883928,5,10
normal_34,0,14,0.18605683731924216,0,0,0,4,1.2238317312883928,5,10
normal_34,0,21,-0.687504929155327,0,0,0,4,1.2238317312883928,5,10
normal_34,0,28,2.5862090284684642,1,1,0,4,1.2238317312883928,5,10
normal_34,0,35,-1.2146907077005684,0,0,0,4,1.2238317312883928,5,10
normal_52,0,0,-1.3479571275813536,0,0,0,4,1.2238317312883928,5,10
normal_52,0,7,-1.8100153958981418,0,0,0,4,1.2238317312883928,5,10
normal_52,0,14,-1.8602477241762854,0,0,0,4,1.2238317312883928,5,10
normal_52,0,21,-0.4430435389070202,0,0,0,4,1.2238317312883928,5,10
normal_52,0,28,-1.53619291021423,0,0,0,4,1.2238317312883928,5,10
normal_52,0,35,-1.0320502170557164,0,0,0,4,1.2238317312883928,5,10
normal_59,0,0,-0.4098312980131604,0,0,0,4,1.2238317312883928,5,10
normal_59,0,7,0.7750275283883421,0,0,0,4,1.2238317312883928,5,10
normal_59,0,14,0.11606380586417675,0,0,0,4,1.2238317312883928,5,10
normal_59,0,21,-0.471960385824846,0,0,0,4,1.2238317312883928,5,10
normal_59,0,28,-0.4171605484378538,0,0,0,4,1.2238317312883928,5,10
normal_59,0,35,-0.7304253652015515,0,0,0,4,1.2238317312883928,5,10
normal_61,0,0,-2.567415854436523,0,0,0,4,1.2238317312883928,5,10
normal_61,0,7,-1.2773889888569574,0,0,0,4,1.2238317312883928,5,10
normal_61,0,14,-1.5296798289995364,0,0,0,4,1.2238317312883928,5,10
normal_61,0,21,-0.7550178076555123,0,0,0,4,1.2238317312883928,5,10
normal_61,0,28,-1.587147354531826,0,0,0,4,1.2238317312883928,5,10
normal_61,0,35,-1.3234091773856145,0,0,0,4,1.2238317312883928,5,10
normal_66,0,0,-1.6049473149660152,0,0,0,4,1.2238317312883928,5,10
normal_66,0,7,-0.7304522869976156,0,0,0,4,1.2238317312883928,5,10
normal_66,0,14,-0.1661760031940962,0,0,0,4,1.2238317312883928,5,10
normal_66,0,21,-1.2424644879438818,0,0,0,4,1.2238317312883928,5,10
normal_66,0,28,-0.26335633157629834,0,0,0,4,1.2238317312883928,5,10
normal_66,0,35,-0.7085468503907344,0,0,0,4,1.2238317312883928,5,10
normal_69,0,0,-1.8964662347862964,0,0,0,4,1.2238317312883928,5,10
normal_69,0,7,-1.4920811660227562,0,0,0,4,1.2238317312883928,5,10
normal_69,0,14,-2.324762796077195,0,0,0,4,1.2238317312883928,5,10
normal_69,0,21,-2.620538126290035,0,0,0,4,1.2238317312883928,5,10
normal_69,0,28,-1.0977503181425652,0,0,0,4,1.2238317312883928,5,10
normal_69,0,35,-0.044138477602589266,0,0,0,4,1.2238317312883928,5,10
normal_70,0,0,-0.504666472149601,0,0,0,4,1.2238317312883928,5,10
normal_70,0,7,-1.2317588256719239,0,0,0,4,1.2238317312883928,5,10
normal_70,0,14,-1.4490222410174614,0,0,0,4,1.2238317312883928,5,10
normal_70,0,21,-1.1356419734286494,0,0,0,4,1.2238317312883928,5,10
normal_70,0,28,-1.1789703644654255,0,0,0,4,1.2238317312883928,5,10
normal_70,0,35,-1.611510396645147,0,0,0,4,1.2238317312883928,5,10
normal_72,0,0,-0.8527444631581718,0,0,0,4,1.2238317312883928,5,10
normal_72,0,7,-2.162576004465361,0,0,0,4,1.2238317312883928,5,10
normal_72,0,14,-0.9617409933111896,0,0,0,4,1.2238317312883928,5,10
normal_72,0,21,-1.4308681854665464,0,0,0,4,1.2238317312883928,5,10
normal_72,0,28,0.26935272191622683,0,0,0,4,1.2238317312883928,5,10
normal_72,0,35,0.7151896310619996,0,0,0,4,1.2238317312883928,5,10
normal_73,0,0,-1.579875928263105,0,0,0,4,1.2238317312883928,5,10
normal_73,0,7,-0.8228876180625244,0,0,0,4,1.2238317312883928,5,10
normal_73,0,14,-0.9284625241121045,0,0,0,4,1.2238317312883928,5,10
normal_73,0,21,-1.2752388138916437,0,0,0,4,1.2238317312883928,5,10
normal_73,0,28,-1.4222334885420738,0,0,0,4,1.2238317312883928,5,10
normal_73,0,35,1.356459723048545,1,1,0,4,1.2238317312883928,5,10
normal_76,0,0,-1.970070931818265,0,0,0,4,1.2238317312883928,5,10
normal_76,0,7,-1.401768487996149,0,0,0,4,1.2238317312883928,5,10
normal_76,0,14,-0.7365648240402956,0,0,0,4,1.2238317312883928,5,10
normal_76,0,21,-1.4611054828739158,0,0,0,4,1.2238317312883928,5,10
normal_76,0,28,-1.0584599207184953,0,0,0,4,1.2238317312883928,5,10
normal_76,0,35,-0.5739227054045251,0,0,0,4,1.2238317312883928,5,10
normal_81,0,0,-1.6810108687371184,0,0,0,4,1.2238317312883928,5,10
normal_81,0,7,-1.4186020986387247,0,0,0,4,1.2238317312883928,5,10
normal_81,0,14,-1.44535514573347,0,0,0,4,1.2238317312883928,5,10
normal_81,0,21,-1.4716920442698367,0,0,0,4,1.2238317312883928,5,10
normal_82,0,0,-2.123077896669556,0,0,0,4,1.2238317312883928,5,10
normal_82,0,7,-2.560068160740956,0,0,0,4,1.2238317312883928,5,10
normal_82,0,14,-1.3868468647824024,0,0,0,4,1.2238317312883928,5,10
normal_92,0,0,-0.4335809575816887,0,0,0,4,1.2238317312883928,5,10
normal_92,0,7,-0.7575132341331297,0,0,0,4,1.2238317312883928,5,10
normal_92,0,14,-0.32656201410507224,0,0,0,4,1.2238317312883928,5,10
normal_92,0,21,-1.5570849847295216,0,0,0,4,1.2238317312883928,5,10
normal_97,0,0,0.10291203819147565,0,0,0,4,1.2238317312883928,5,10
normal_97,0,7,-1.0752631722754753,0,0,0,4,1.2238317312883928,5,10
normal_97,0,14,-0.9743802854808852,0,0,0,4,1.2238317312883928,5,10
normal_97,0,21,-0.9161577059533008,0,0,0,4,1.2238317312883928,5,10
normal_98,0,0,-0.988123534363238,0,0,0,4,1.2238317312883928,5,10
normal_98,0,7,-1.8367687389964686,0,0,0,4,1.2238317312883928,5,10
normal_104,0,0,-1.8591129963898583,0,0,0,4,1.2238317312883928,5,10
normal_104,0,7,-1.231393604669134,0,0,0,4,1.2238317312883928,5,10
normal_104,0,14,-0.3942845970693316,0,0,0,4,1.2238317312883928,5,10
normal_106,0,0,-0.900507985916299,0,0,0,4,1.2238317312883928,5,10
normal_106,0,7,-1.8530790254185954,0,0,0,4,1.2238317312883928,5,10
normal_109,0,0,-0.034836826763497974,0,0,0,4,1.2238317312883928,5,10
normal_109,0,7,-1.7950198441890626,0,0,0,4,1.2238317312883928,5,10
normal_109,0,14,-1.514142561430753,0,0,0,4,1.2238317312883928,5,10
normal_109,0,21,-1.0881017750062476,0,0,0,4,1.2238317312883928,5,10
normal_109,0,28,-1.7955484902691214,0,0,0,4,1.2238317312883928,5,10
normal_109,0,35,-0.4844893801225094,0,0,0,4,1.2238317312883928,5,10
normal_111,0,0,-0.9357972882034886,0,0,0,4,1.2238317312883928,5,10
normal_111,0,7,-1.0699645863854697,0,0,0,4,1.2238317312883928,5,10
normal_117,0,0,-1.997924793142575,0,0,0,4,1.2238317312883928,5,10
normal_117,0,7,-3.3737841889216345,0,0,0,4,1.2238317312883928,5,10
normal_127,0,0,-1.5499229376885593,0,0,0,4,1.2238317312883928,5,10
normal_127,0,7,0.08481285434644459,0,0,0,4,1.2238317312883928,5,10
normal_127,0,14,-0.955762183113265,0,0,0,4,1.2238317312883928,5,10
normal_127,0,21,-1.1202008331481714,0,0,0,4,1.2238317312883928,5,10
normal_127,0,28,-1.117615966002706,0,0,0,4,1.2238317312883928,5,10
normal_127,0,35,-0.46168891659199396,0,0,0,4,1.2238317312883928,5,10
normal_129,0,0,-0.3166295241034667,0,0,0,4,1.2238317312883928,5,10
normal_129,0,7,-2.1541303158760394,0,0,0,4,1.2238317312883928,5,10
normal_129,0,14,-1.5382447167526738,0,0,0,4,1.2238317312883928,5,10
normal_129,0,21,-1.3009335507498747,0,0,0,4,1.2238317312883928,5,10
normal_132,0,0,-0.3263905120334356,0,0,0,4,1.2238317312883928,5,10
normal_132,0,7,-0.4497292925647862,0,0,0,4,1.2238317312883928,5,10
normal_132,0,14,-1.0671453933705415,0,0,0,4,1.2238317312883928,5,10
normal_132,0,21,-1.2691535393714783,0,0,0,4,1.2238317312883928,5,10
normal_132,0,28,-0.545730317267989,0,0,0,4,1.2238317312883928,5,10
normal_132,0,35,-1.2527726691097483,0,0,0,4,1.2238317312883928,5,10
normal_133,0,0,-2.333786972498859,0,0,0,4,1.2238317312883928,5,10
normal_133,0,7,-1.6955087297103262,0,0,0,4,1.2238317312883928,5,10
normal_133,0,14,-1.217090196096268,0,0,0,4,1.2238317312883928,5,10
normal_133,0,21,-2.7240720466299715,0,0,0,4,1.2238317312883928,5,10
normal_133,0,28,-2.429616767508275,0,0,0,4,1.2238317312883928,5,10
normal_134,0,0,-1.3924050270212964,0,0,0,4,1.2238317312883928,5,10
normal_134,0,7,-0.4638507035233981,0,0,0,4,1.2238317312883928,5,10
normal_134,0,14,-1.1776990139719556,0,0,0,4,1.2238317312883928,5,10
normal_137,0,0,-1.7209612220232362,0,0,0,4,1.2238317312883928,5,10
normal_137,0,7,-1.6125838028798025,0,0,0,4,1.2238317312883928,5,10
normal_137,0,14,-1.601364575392303,0,0,0,4,1.2238317312883928,5,10
normal_137,0,21,-2.122587512093924,0,0,0,4,1.2238317312883928,5,10
normal_137,0,28,-2.1141522374904147,0,0,0,4,1.2238317312883928,5,10
normal_137,0,35,-1.7271461999858735,0,0,0,4,1.2238317312883928,5,10
normal_140,0,0,-0.7917743653102978,0,0,0,4,1.2238317312883928,5,10
normal_140,0,7,-1.4246272020260022,0,0,0,4,1.2238317312883928,5,10
normal_140,0,14,-0.7429266807919976,0,0,0,4,1.2238317312883928,5,10
normal_155,0,0,-0.769929559059928,0,0,0,4,1.2238317312883928,5,10
normal_155,0,7,-1.5790990863309426,0,0,0,4,1.2238317312883928,5,10
normal_155,0,14,-1.8604672664402075,0,0,0,4,1.2238317312883928,5,10
normal_155,0,21,-1.8514667400854172,0,0,0,4,1.2238317312883928,5,10
normal_155,0,28,-1.6403599195344682,0,0,0,4,1.2238317312883928,5,10
normal_156,0,0,-1.1757393711405237,0,0,0,4,1.2238317312883928,5,10
normal_156,0,7,0.6992520081527696,0,0,0,4,1.2238317312883928,5,10
normal_156,0,14,-2.3919857097107187,0,0,0,4,1.2238317312883928,5,10
normal_165,0,0,-1.4274621293486645,0,0,0,4,1.2238317312883928,5,10
normal_165,0,7,-0.5606289524551924,0,0,0,4,1.2238317312883928,5,10
normal_165,0,14,-0.20424324178349806,0,0,0,4,1.2238317312883928,5,10
normal_165,0,21,-1.2960173181469212,0,0,0,4,1.2238317312883928,5,10
normal_165,0,28,0.9061384591572379,0,0,0,4,1.2238317312883928,5,10
normal_165,0,35,-0.3046705056125658,0,0,0,4,1.2238317312883928,5,10
normal_170,0,0,-1.1595895402166558,0,0,0,4,1.2238317312883928,5,10
normal_170,0,7,0.4319686955089588,0,0,0,4,1.2238317312883928,5,10
normal_170,0,14,-0.8193154458877099,0,0,0,4,1.2238317312883928,5,10
normal_170,0,21,-1.1260308970752018,0,0,0,4,1.2238317312883928,5,10
normal_170,0,28,-1.1573615733439473,0,0,0,4,1.2238317312883928,5,10
normal_170,0,35,-1.4686114605319647,0,0,0,4,1.2238317312883928,5,10
normal_180,0,0,-1.9803117635400662,0,0,0,4,1.2238317312883928,5,10
normal_184,0,0,-2.0240149120495072,0,0,0,4,1.2238317312883928,5,10
normal_184,0,7,-1.4124589968933163,0,0,0,4,1.2238317312883928,5,10
normal_184,0,14,-1.2380915739464564,0,0,0,4,1.2238317312883928,5,10
normal_194,0,0,-0.7818256960742089,0,0,0,4,1.2238317312883928,5,10
normal_194,0,7,-1.0310533454454323,0,0,0,4,1.2238317312883928,5,10
normal_194,0,14,-1.5292403135646184,0,0,0,4,1.2238317312883928,5,10
normal_194,0,21,-1.4916633966590558,0,0,0,4,1.2238317312883928,5,10
normal_194,0,28,0.21479805077037195,0,0,0,4,1.2238317312883928,5,10
normal_194,0,35,-0.6912405560648263,0,0,0,4,1.2238317312883928,5,10
normal_201,0,0,-0.9421368304144604,0,0,0,4,1.2238317312883928,5,10
normal_201,0,7,-0.6605563358106532,0,0,0,4,1.2238317312883928,5,10
normal_201,0,14,-1.265231692379733,0,0,0,4,1.2238317312883928,5,10
normal_222,0,0,-0.6399612070627101,0,0,0,4,1.2238317312883928,5,10
normal_222,0,7,-1.670108709401223,0,0,0,4,1.2238317312883928,5,10
normal_222,0,14,-0.8053662202064586,0,0,0,4,1.2238317312883928,5,10
normal_222,0,21,-0.9460484184856073,0,0,0,4,1.2238317312883928,5,10
normal_222,0,28,-0.22390383446035633,0,0,0,4,1.2238317312883928,5,10
normal_222,0,35,-1.7735474753238059,0,0,0,4,1.2238317312883928,5,10
normal_230,0,0,-2.0325874204320415,0,0,0,4,1.2238317312883928,5,10
normal_230,0,7,-2.932707038265966,0,0,0,4,1.2238317312883928,5,10
normal_230,0,14,-1.064579277753161,0,0,0,4,1.2238317312883928,5,10
normal_230,0,21,-1.973120172158537,0,0,0,4,1.2238317312883928,5,10
normal_230,0,28,-2.8041075237759463,0,0,0,4,1.2238317312883928,5,10
normal_234,0,0,-0.4007326173880119,0,0,0,4,1.2238317312883928,5,10
normal_234,0,7,-0.741535184110174,0,0,0,4,1.2238317312883928,5,10
normal_234,0,14,-0.26082870952456716,0,0,0,4,1.2238317312883928,5,10
normal_234,0,21,-0.6305901126964994,0,0,0,4,1.2238317312883928,5,10
normal_234,0,28,-0.7584731524646711,0,0,0,4,1.2238317312883928,5,10
normal_234,0,35,-0.9719525135192848,0,0,0,4,1.2238317312883928,5,10
normal_240,0,0,-2.322506634813304,0,0,0,4,1.2238317312883928,5,10
normal_240,0,7,-1.4279441614061952,0,0,0,4,1.2238317312883928,5,10
normal_240,0,14,-2.0412080719138164,0,0,0,4,1.2238317312883928,5,10
normal_240,0,21,-1.7553238568398193,0,0,0,4,1.2238317312883928,5,10
normal_240,0,28,-2.4545486511727175,0,0,0,4,1.2238317312883928,5,10
normal_240,0,35,-2.791647841763962,0,0,0,4,1.2238317312883928,5,10
normal_242,0,0,-0.35156372015935444,0,0,0,4,1.2238317312883928,5,10
normal_242,0,7,-0.5095511412601277,0,0,0,4,1.2238317312883928,5,10
normal_242,0,14,-1.4432220139008791,0,0,0,4,1.2238317312883928,5,10
normal_242,0,21,-0.7493435751027988,0,0,0,4,1.2238317312883928,5,10
normal_242,0,28,-0.5762973832427996,0,0,0,4,1.2238317312883928,5,10
normal_252,0,0,-1.5960230622105778,0,0,0,4,1.2238317312883928,5,10
normal_252,0,7,-2.1684550455811964,0,0,0,4,1.2238317312883928,5,10
normal_252,0,14,-1.1111368821068606,0,0,0,4,1.2238317312883928,5,10
normal_252,0,21,-1.6082431619673176,0,0,0,4,1.2238317312883928,5,10
normal_252,0,28,-1.6138689463297338,0,0,0,4,1.2238317312883928,5,10
normal_252,0,35,1.7415156543987103,1,1,0,4,1.2238317312883928,5,10
normal_253,0,0,-1.2600413736214318,0,0,0,4,1.2238317312883928,5,10
normal_253,0,7,-1.7101530763046027,0,0,0,4,1.2238317312883928,5,10
normal_253,0,14,-1.1309592598528955,0,0,0,4,1.2238317312883928,5,10
normal_253,0,21,-1.0495793364385326,0,0,0,4,1.2238317312883928,5,10
normal_253,0,28,-0.8098866032056629,0,0,0,4,1.2238317312883928,5,10
normal_253,0,35,-1.9175921513040146,0,0,0,4,1.2238317312883928,5,10
normal_272,0,0,-2.795188886907134,0,0,0,4,1.2238317312883928,5,10
normal_272,0,7,-2.48698099993734,0,0,0,4,1.2238317312883928,5,10
normal_272,0,14,-1.3339013627869,0,0,0,4,1.2238317312883928,5,10
normal_272,0,21,-1.0092089555727872,0,0,0,4,1.2238317312883928,5,10
normal_272,0,28,-1.7500056212854025,0,0,0,4,1.2238317312883928,5,10
normal_272,0,35,-1.3489786135406838,0,0,0,4,1.2238317312883928,5,10
normal_274,0,0,-2.0093777781560602,0,0,0,4,1.2238317312883928,5,10
normal_274,0,7,-1.917548670974531,0,0,0,4,1.2238317312883928,5,10
normal_274,0,14,-2.06850791954506,0,0,0,4,1.2238317312883928,5,10
normal_274,0,21,-1.7295752758427438,0,0,0,4,1.2238317312883928,5,10
normal_274,0,28,-1.6723282821351555,0,0,0,4,1.2238317312883928,5,10
normal_275,0,0,-1.4327397740256451,0,0,0,4,1.2238317312883928,5,10
normal_275,0,7,-1.2045355911460494,0,0,0,4,1.2238317312883928,5,10
normal_275,0,14,-1.3442185750531328,0,0,0,4,1.2238317312883928,5,10
normal_275,0,21,-1.7961931689349155,0,0,0,4,1.2238317312883928,5,10
normal_275,0,28,-1.7212681079455505,0,0,0,4,1.2238317312883928,5,10
normal_275,0,35,-0.4769030232893239,0,0,0,4,1.2238317312883928,5,10
normal_276,0,0,-1.9304862140868355,0,0,0,4,1.2238317312883928,5,10
normal_276,0,7,-1.58877090635497,0,0,0,4,1.2238317312883928,5,10
normal_276,0,14,-1.0216008326788755,0,0,0,4,1.2238317312883928,5,10
normal_276,0,21,-1.9333680943505422,0,0,0,4,1.2238317312883928,5,10
normal_276,0,28,-1.2443693509179337,0,0,0,4,1.2238317312883928,5,10
normal_278,0,0,-1.4739341250397695,0,0,0,4,1.2238317312883928,5,10
normal_284,0,0,-0.8462814543580577,0,0,0,4,1.2238317312883928,5,10
normal_284,0,7,-0.24671072282406303,0,0,0,4,1.2238317312883928,5,10
normal_295,0,0,-0.698565342980185,0,0,0,4,1.2238317312883928,5,10
normal_295,0,7,-1.820630033348734,0,0,0,4,1.2238317312883928,5,10
normal_295,0,14,-0.32963860791145594,0,0,0,4,1.2238317312883928,5,10
normal_295,0,21,-1.1537244666489856,0,0,0,4,1.2238317312883928,5,10
normal_307,0,0,-1.755111941443145,0,0,0,4,1.2238317312883928,5,10
normal_307,0,7,-1.043114926146031,0,0,0,4,1.2238317312883928,5,10
normal_307,0,14,-0.6712921645601795,0,0,0,4,1.2238317312883928,5,10
normal_326,0,0,-1.2090505197967643,0,0,0,4,1.2238317312883928,5,10
normal_326,0,7,-0.1758997044055346,0,0,0,4,1.2238317312883928,5,10
normal_326,0,14,-1.843138236199958,0,0,0,4,1.2238317312883928,5,10
normal_329,0,0,-1.3051274367074894,0,0,0,4,1.2238317312883928,5,10
normal_329,0,7,-2.2360688974136025,0,0,0,4,1.2238317312883928,5,10
normal_329,0,14,-0.8025650676804243,0,0,0,4,1.2238317312883928,5,10
normal_329,0,21,-0.7026839352747816,0,0,0,4,1.2238317312883928,5,10
normal_329,0,28,-0.49757919615943313,0,0,0,4,1.2238317312883928,5,10
normal_329,0,35,-1.4969196196067385,0,0,0,4,1.2238317312883928,5,10
normal_339,0,0,-0.3413605563139659,0,0,0,4,1.2238317312883928,5,10
normal_341,0,0,-2.196151291876453,0,0,0,4,1.2238317312883928,5,10
normal_341,0,7,-1.4323015967173838,0,0,0,4,1.2238317312883928,5,10
normal_341,0,14,-1.0586782870594558,0,0,0,4,1.2238317312883928,5,10
normal_341,0,21,-1.1912318898631744,0,0,0,4,1.2238317312883928,5,10
normal_341,0,28,-1.4898964616766577,0,0,0,4,1.2238317312883928,5,10
normal_341,0,35,-1.6218549309154424,0,0,0,4,1.2238317312883928,5,10
normal_343,0,0,-0.13040059198377518,0,0,0,4,1.2238317312883928,5,10
normal_343,0,7,-0.6794063500297902,0,0,0,4,1.2238317312883928,5,10
normal_343,0,14,-1.7918509107410738,0,0,0,4,1.2238317312883928,5,10
normal_343,0,21,1.1138300260222154,0,0,0,4,1.2238317312883928,5,10
normal_343,0,28,-0.46931497372299624,0,0,0,4,1.2238317312883928,5,10
normal_344,0,0,-1.6870110461779646,0,0,0,4,1.2238317312883928,5,10
normal_344,0,7,-0.8848900692806119,0,0,0,4,1.2238317312883928,5,10
normal_344,0,14,-2.300600602819898,0,0,0,4,1.2238317312883928,5,10
normal_375,0,0,-0.8718457527046404,0,0,0,4,1.2238317312883928,5,10
normal_375,0,7,-0.30644284357044826,0,0,0,4,1.2238317312883928,5,10
normal_375,0,14,-0.29089126237438867,0,0,0,4,1.2238317312883928,5,10
normal_396,0,0,-2.6573775887464706,0,0,0,4,1.2238317312883928,5,10
normal_396,0,7,-2.2470269335704627,0,0,0,4,1.2238317312883928,5,10
normal_396,0,14,-1.9467731271331576,0,0,0,4,1.2238317312883928,5,10
normal_396,0,21,-2.1149557825435803,0,0,0,4,1.2238317312883928,5,10
normal_396,0,28,0.14280890456064332,0,0,0,4,1.2238317312883928,5,10
normal_396,0,35,-0.7445045791336309,0,0,0,4,1.2238317312883928,5,10
normal_399,0,0,-2.0359674083899337,0,0,0,4,1.2238317312883928,5,10
normal_399,0,7,-1.7038798432574884,0,0,0,4,1.2238317312883928,5,10
normal_431,0,0,-0.3458030113411157,0,0,0,4,1.2238317312883928,5,10
normal_431,0,7,-0.6453678692117295,0,0,0,4,1.2238317312883928,5,10
normal_445,0,0,-1.724719460366897,0,0,0,4,1.2238317312883928,5,10
normal_445,0,7,-1.0686784784390007,0,0,0,4,1.2238317312883928,5,10
normal_445,0,14,-0.8885913358986008,0,0,0,4,1.2238317312883928,5,10
normal_445,0,21,-1.933615031085238,0,0,0,4,1.2238317312883928,5,10
normal_445,0,28,-1.7237617900268045,0,0,0,4,1.2238317312883928,5,10
normal_445,0,35,0.20456359248644151,0,0,0,4,1.2238317312883928,5,10
normal_448,0,0,-1.3947875403108236,0,0,0,4,1.2238317312883928,5,10
normal_457,0,0,-1.4279383045940213,0,0,0,4,1.2238317312883928,5,10
normal_457,0,7,-0.5581918292765669,0,0,0,4,1.2238317312883928,5,10
normal_457,0,14,-1.7801662470579807,0,0,0,4,1.2238317312883928,5,10
normal_457,0,21,-1.3993409798355758,0,0,0,4,1.2238317312883928,5,10
normal_470,0,0,-1.536087048657456,0,0,0,4,1.2238317312883928,5,10
normal_470,0,7,-1.115886479825952,0,0,0,4,1.2238317312883928,5,10
normal_470,0,14,0.1504704125750318,0,0,0,4,1.2238317312883928,5,10
normal_470,0,21,-0.6346764501346014,0,0,0,4,1.2238317312883928,5,10
normal_486,0,0,-2.0689385026455547,0,0,0,4,1.2238317312883928,5,10
normal_486,0,7,-1.7896936404277506,0,0,0,4,1.2238317312883928,5,10
normal_486,0,14,-1.487857676946514,0,0,0,4,1.2238317312883928,5,10
normal_486,0,21,-1.2339236292220264,0,0,0,4,1.2238317312883928,5,10
normal_486,0,28,-0.9649739734085188,0,0,0,4,1.2238317312883928,5,10
normal_487,0,0,-1.0749608270978692,0,0,0,4,1.2238317312883928,5,10
normal_487,0,7,-0.5661556221590334,0,0,0,4,1.2238317312883928,5,10
normal_487,0,14,-1.762083693790875,0,0,0,4,1.2238317312883928,5,10
normal_487,0,21,-1.8822886335137081,0,0,0,4,1.2238317312883928,5,10
normal_487,0,28,-1.6989854677056906,0,0,0,4,1.2238317312883928,5,10
normal_498,0,0,-0.7136216749946613,0,0,0,4,1.2238317312883928,5,10
normal_498,0,7,-0.9485719427677592,0,0,0,4,1.2238317312883928,5,10
normal_498,0,14,-1.364896965954892,0,0,0,4,1.2238317312883928,5,10
normal_498,0,21,-1.238074446681109,0,0,0,4,1.2238317312883928,5,10
normal_498,0,28,-1.1543421692622413,0,0,0,4,1.2238317312883928,5,10
normal_498,0,35,-0.906273460235993,0,0,0,4,1.2238317312883928,5,10
normal_500,0,0,-1.0745118697462361,0,0,0,4,1.2238317312883928,5,10
normal_500,0,7,-0.8412197379304605,0,0,0,4,1.2238317312883928,5,10
normal_500,0,14,-0.6248627333500258,0,0,0,4,1.2238317312883928,5,10
normal_500,0,21,-0.38484783949776835,0,0,0,4,1.2238317312883928,5,10
normal_500,0,28,-1.814320771858264,0,0,0,4,1.2238317312883928,5,10
normal_500,0,35,-1.61227573695695,0,0,0,4,1.2238317312883928,5,10
normal_502,0,0,-0.4390519539423079,0,0,0,4,1.2238317312883928,5,10
normal_502,0,7,-1.0562759751372672,0,0,0,4,1.2238317312883928,5,10
normal_505,0,0,-1.0340359274750375,0,0,0,4,1.2238317312883928,5,10
normal_505,0,7,-0.3050205114449538,0,0,0,4,1.2238317312883928,5,10
normal_505,0,14,-0.9394910684147373,0,0,0,4,1.2238317312883928,5,10
normal_505,0,21,-1.3074208139837404,0,0,0,4,1.2238317312883928,5,10
normal_505,0,28,-0.25557707415888586,0,0,0,4,1.2238317312883928,5,10
normal_505,0,35,-0.3162407978092667,0,0,0,4,1.2238317312883928,5,10
normal_506,0,0,-1.0091594822074814,0,0,0,4,1.2238317312883928,5,10
normal_506,0,7,-0.7740392480967277,0,0,0,4,1.2238317312883928,5,10
normal_506,0,14,-0.9960073673258236,0,0,0,4,1.2238317312883928,5,10
normal_506,0,21,-0.49793347456325243,0,0,0,4,1.2238317312883928,5,10
normal_506,0,28,-0.388074810950104,0,0,0,4,1.2238317312883928,5,10
normal_506,0,35,-0.7161832174279099,0,0,0,4,1.2238317312883928,5,10
normal_513,0,0,-1.1375802639015138,0,0,0,4,1.2238317312883928,5,10
normal_513,0,7,-1.5246975392821707,0,0,0,4,1.2238317312883928,5,10
normal_525,0,0,-1.2710565612051479,0,0,0,4,1.2238317312883928,5,10
normal_525,0,7,-0.7961958661822668,0,0,0,4,1.2238317312883928,5,10
normal_525,0,14,-0.4274075340738115,0,0,0,4,1.2238317312883928,5,10
normal_525,0,21,-0.3812237485709651,0,0,0,4,1.2238317312883928,5,10
normal_525,0,28,-1.226795158087259,0,0,0,4,1.2238317312883928,5,10
normal_525,0,35,-1.4173679511104336,0,0,0,4,1.2238317312883928,5,10
normal_527,0,0,-0.825501526947813,0,0,0,4,1.2238317312883928,5,10
normal_527,0,7,-1.2349790526077573,0,0,0,4,1.2238317312883928,5,10
normal_527,0,14,-1.2364535978611277,0,0,0,4,1.2238317312883928,5,10
normal_527,0,21,-1.2037707315268795,0,0,0,4,1.2238317312883928,5,10
normal_527,0,28,-1.1189511237357683,0,0,0,4,1.2238317312883928,5,10
normal_532,0,0,-1.1125179903675324,0,0,0,4,1.2238317312883928,5,10
normal_532,0,7,-1.2306066583441515,0,0,0,4,1.2238317312883928,5,10
normal_532,0,14,-0.795352759816943,0,0,0,4,1.2238317312883928,5,10
normal_532,0,21,-0.6732016252221507,0,0,0,4,1.2238317312883928,5,10
normal_532,0,28,-1.2665395814672387,0,0,0,4,1.2238317312883928,5,10
normal_532,0,35,-1.0014140888641574,0,0,0,4,1.2238317312883928,5,10
normal_535,0,0,-0.4321385367023538,0,0,0,4,1.2238317312883928,5,10
normal_535,0,7,-0.8735362816263033,0,0,0,4,1.2238317312883928,5,10
normal_537,0,0,-1.1289687002634414,0,0,0,4,1.2238317312883928,5,10
normal_537,0,7,-0.20197774471445085,0,0,0,4,1.2238317312883928,5,10
normal_537,0,14,-1.3597377532918777,0,0,0,4,1.2238317312883928,5,10
normal_537,0,21,-1.6334207655132174,0,0,0,4,1.2238317312883928,5,10
normal_537,0,28,-0.9375778587315482,0,0,0,4,1.2238317312883928,5,10
normal_537,0,35,-1.4163639261969738,0,0,0,4,1.2238317312883928,5,10
normal_543,0,0,-0.20341547168501384,0,0,0,4,1.2238317312883928,5,10
normal_543,0,7,-0.793136620649725,0,0,0,4,1.2238317312883928,5,10
normal_543,0,14,-1.0050176293404922,0,0,0,4,1.2238317312883928,5,10
normal_543,0,21,-1.2544905095400525,0,0,0,4,1.2238317312883928,5,10
normal_543,0,28,-0.6007889760454233,0,0,0,4,1.2238317312883928,5,10
normal_543,0,35,-0.18715079991594852,0,0,0,4,1.2238317312883928,5,10
normal_544,0,0,0.1314300912792543,0,0,0,4,1.2238317312883928,5,10
normal_544,0,7,-0.8966940410595052,0,0,0,4,1.2238317312883928,5,10
normal_544,0,14,-0.6524554926208324,0,0,0,4,1.2238317312883928,5,10
normal_544,0,21,-0.6343945894748151,0,0,0,4,1.2238317312883928,5,10
normal_544,0,28,-1.332564511066268,0,0,0,4,1.2238317312883928,5,10
normal_544,0,35,-0.880708592776382,0,0,0,4,1.2238317312883928,5,10
normal_558,0,0,-1.1457165991510045,0,0,0,4,1.2238317312883928,5,10
normal_558,0,7,-0.4537915280811453,0,0,0,4,1.2238317312883928,5,10
normal_558,0,14,-0.5350633087695487,0,0,0,4,1.2238317312883928,5,10
normal_558,0,21,-0.8107057165202471,0,0,0,4,1.2238317312883928,5,10
normal_558,0,28,-0.8875104098274336,0,0,0,4,1.2238317312883928,5,10
normal_563,0,0,-0.08814653317829713,0,0,0,4,1.2238317312883928,5,10
normal_563,0,7,-0.9274923884669981,0,0,0,4,1.2238317312883928,5,10
normal_563,0,14,-1.1861969976069018,0,0,0,4,1.2238317312883928,5,10
normal_563,0,21,-1.2859019282306203,0,0,0,4,1.2238317312883928,5,10
normal_563,0,28,-2.2856077574254376,0,0,0,4,1.2238317312883928,5,10
normal_563,0,35,-1.8359650252492736,0,0,0,4,1.2238317312883928,5,10
normal_570,0,0,0.6930289228719642,0,0,0,4,1.2238317312883928,5,10
normal_570,0,7,1.588703685814293,1,1,0,4,1.2238317312883928,5,10
normal_570,0,14,-1.256573798302063,0,0,0,4,1.2238317312883928,5,10
normal_570,0,21,-0.6968300003744763,0,0,0,4,1.2238317312883928,5,10
normal_570,0,28,-0.8720855492860582,0,0,0,4,1.2238317312883928,5,10
normal_572,0,0,0.36281655938159574,0,0,0,4,1.2238317312883928,5,10
normal_572,0,7,-1.985615208029862,0,0,0,4,1.2238317312883928,5,10
normal_572,0,14,-0.6414313985902984,0,0,0,4,1.2238317312883928,5,10
normal_585,0,0,-2.502155684785211,0,0,0,4,1.2238317312883928,5,10
normal_585,0,7,-1.377191679293488,0,0,0,4,1.2238317312883928,5,10
normal_587,0,0,-0.22425057750419564,0,0,0,4,1.2238317312883928,5,10
normal_587,0,7,-0.8156234855724986,0,0,0,4,1.2238317312883928,5,10
normal_587,0,14,-0.5921716789669254,0,0,0,4,1.2238317312883928,5,10
normal_587,0,21,-1.14803372409831,0,0,0,4,1.2238317312883928,5,10
normal_587,0,28,0.7949348594681922,0,0,0,4,1.2238317312883928,5,10
normal_587,0,35,-0.2088894342847576,0,0,0,4,1.2238317312883928,5,10
normal_599,0,0,-1.1518375534227845,0,0,0,4,1.2238317312883928,5,10
normal_599,0,7,0.3939481386467656,0,0,0,4,1.2238317312883928,5,10
normal_599,0,14,-0.6632678930093321,0,0,0,4,1.2238317312883928,5,10
normal_599,0,21,-1.0500947856367056,0,0,0,4,1.2238317312883928,5,10
normal_599,0,28,-1.189809667407932,0,0,0,4,1.2238317312883928,5,10
anomaly_8,1,0,3.077218966895911,1,1,0,4,1.2238317312883928,5,10
anomaly_8,1,7,3.077218966895911,1,2,0,4,1.2238317312883928,5,10
anomaly_8,1,14,3.077217782366044,1,3,0,4,1.2238317312883928,5,10
anomaly_8,1,21,3.077218966895911,1,4,0,4,1.2238317312883928,5,10
anomaly_17,1,0,3.077218966895911,1,1,0,4,1.2238317312883928,5,10
anomaly_17,1,7,3.077086825319519,1,2,0,4,1.2238317312883928,5,10
anomaly_17,1,14,3.077218966895911,1,3,0,4,1.2238317312883928,5,10
anomaly_17,1,21,3.071547183409461,1,4,0,4,1.2238317312883928,5,10
anomaly_17,1,28,3.077216284289647,1,5,1,4,1.2238317312883928,5,10
anomaly_17,1,35,3.077218966895911,1,6,1,4,1.2238317312883928,5,10
anomaly_18,1,0,3.077218966895911,1,1,0,4,1.2238317312883928,5,10
anomaly_18,1,7,3.077218966895911,1,2,0,4,1.2238317312883928,5,10
anomaly_18,1,14,3.077218966895911,1,3,0,4,1.2238317312883928,5,10
anomaly_18,1,21,3.077218966889289,1,4,0,4,1.2238317312883928,5,10
normal_2,0,0,-1.4161692236135512,0,0,0,5,1.358629685583698,6,13
normal_2,0,7,0.2957517180006879,0,0,0,5,1.358629685583698,6,13
normal_2,0,14,-1.958061405320651,0,0,0,5,1.358629685583698,6,13
normal_2,0,21,-0.9423358792816718,0,0,0,5,1.358629685583698,6,13
normal_12,0,0,-0.44693836430699463,0,0,0,5,1.358629685583698,6,13
normal_12,0,7,-1.282141311463183,0,0,0,5,1.358629685583698,6,13
normal_12,0,14,-1.846589841414358,0,0,0,5,1.358629685583698,6,13
normal_12,0,21,-1.5090418955135436,0,0,0,5,1.358629685583698,6,13
normal_12,0,28,-0.7559427441591859,0,0,0,5,1.358629685583698,6,13
normal_12,0,35,-1.1018397275853071,0,0,0,5,1.358629685583698,6,13
normal_14,0,0,-0.794138607959503,0,0,0,5,1.358629685583698,6,13
normal_14,0,7,-0.37937010218304756,0,0,0,5,1.358629685583698,6,13
normal_16,0,0,-1.9963535406170352,0,0,0,5,1.358629685583698,6,13
normal_16,0,7,-1.0341205000630453,0,0,0,5,1.358629685583698,6,13
normal_16,0,14,-0.23585455877610473,0,0,0,5,1.358629685583698,6,13
normal_16,0,21,-1.6221179449947702,0,0,0,5,1.358629685583698,6,13
normal_16,0,28,-2.431899034588129,0,0,0,5,1.358629685583698,6,13
normal_16,0,35,-0.30092237503349395,0,0,0,5,1.358629685583698,6,13
normal_23,0,0,-1.4182732290660751,0,0,0,5,1.358629685583698,6,13
normal_23,0,7,-1.4599467038168803,0,0,0,5,1.358629685583698,6,13
normal_23,0,14,-1.7834629015663253,0,0,0,5,1.358629685583698,6,13
normal_23,0,21,-2.1713336962711165,0,0,0,5,1.358629685583698,6,13
normal_23,0,28,-1.2846977600020755,0,0,0,5,1.358629685583698,6,13
normal_23,0,35,-1.6963229196982081,0,0,0,5,1.358629685583698,6,13
normal_35,0,0,-0.9342187251146812,0,0,0,5,1.358629685583698,6,13
normal_35,0,7,-0.9466193121350099,0,0,0,5,1.358629685583698,6,13
normal_35,0,14,-0.9674808765733753,0,0,0,5,1.358629685583698,6,13
normal_35,0,21,-0.7132666936910144,0,0,0,5,1.358629685583698,6,13
normal_35,0,28,0.04367153110164468,0,0,0,5,1.358629685583698,6,13
normal_35,0,35,-2.152200057621551,0,0,0,5,1.358629685583698,6,13
normal_37,0,0,-1.8814099814687997,0,0,0,5,1.358629685583698,6,13
normal_37,0,7,-2.4987233148383496,0,0,0,5,1.358629685583698,6,13
normal_37,0,14,-1.5015366610871577,0,0,0,5,1.358629685583698,6,13
normal_37,0,21,-0.48218103303587956,0,0,0,5,1.358629685583698,6,13
normal_38,0,0,-1.1117325850514175,0,0,0,5,1.358629685583698,6,13
normal_38,0,7,-1.2804661741072958,0,0,0,5,1.358629685583698,6,13
normal_49,0,0,0.815384182108529,0,0,0,5,1.358629685583698,6,13
normal_49,0,7,-0.7242806402496003,0,0,0,5,1.358629685583698,6,13
normal_49,0,14,-0.9322986634440622,0,0,0,5,1.358629685583698,6,13
normal_49,0,21,-0.05141145344633946,0,0,0,5,1.358629685583698,6,13
normal_49,0,28,-1.2153942378258793,0,0,0,5,1.358629685583698,6,13
normal_49,0,35,-1.2567930334676638,0,0,0,5,1.358629685583698,6,13
normal_50,0,0,-0.9578276079037136,0,0,0,5,1.358629685583698,6,13
normal_50,0,7,-1.4428948210583061,0,0,0,5,1.358629685583698,6,13
normal_50,0,14,-2.103526742896905,0,0,0,5,1.358629685583698,6,13
normal_50,0,21,-1.8059604275601058,0,0,0,5,1.358629685583698,6,13
normal_60,0,0,-2.365210292633163,0,0,0,5,1.358629685583698,6,13
normal_60,0,7,-3.1283384279684694,0,0,0,5,1.358629685583698,6,13
normal_60,0,14,-1.2490306397304844,0,0,0,5,1.358629685583698,6,13
normal_60,0,21,-0.998386861870943,0,0,0,5,1.358629685583698,6,13
normal_60,0,28,-1.0561923598975347,0,0,0,5,1.358629685583698,6,13
normal_60,0,35,-1.334025665370889,0,0,0,5,1.358629685583698,6,13
normal_64,0,0,-0.9749090137420571,0,0,0,5,1.358629685583698,6,13
normal_64,0,7,-1.244152634418366,0,0,0,5,1.358629685583698,6,13
normal_64,0,14,-1.9931182376730665,0,0,0,5,1.358629685583698,6,13
normal_64,0,21,-1.608489432068413,0,0,0,5,1.358629685583698,6,13
normal_64,0,28,-1.3557092876263188,0,0,0,5,1.358629685583698,6,13
normal_64,0,35,-1.1940699553035548,0,0,0,5,1.358629685583698,6,13
normal_65,0,0,-0.6051785362855813,0,0,0,5,1.358629685583698,6,13
normal_65,0,7,-0.3048690388717983,0,0,0,5,1.358629685583698,6,13
normal_65,0,14,-0.21329864857285674,0,0,0,5,1.358629685583698,6,13
normal_65,0,21,-0.9124337146880359,0,0,0,5,1.358629685583698,6,13
normal_65,0,28,-0.9705362930009627,0,0,0,5,1.358629685583698,6,13
normal_65,0,35,0.5744281497890262,0,0,0,5,1.358629685583698,6,13
normal_67,0,0,0.5677267846093459,0,0,0,5,1.358629685583698,6,13
normal_67,0,7,-0.8874465584163715,0,0,0,5,1.358629685583698,6,13
normal_67,0,14,-3.106031672783653,0,0,0,5,1.358629685583698,6,13
normal_67,0,21,-2.1509540605457445,0,0,0,5,1.358629685583698,6,13
normal_67,0,28,0.5651419058651954,0,0,0,5,1.358629685583698,6,13
normal_67,0,35,-0.32901938688234367,0,0,0,5,1.358629685583698,6,13
normal_74,0,0,-1.0616503814752813,0,0,0,5,1.358629685583698,6,13
normal_74,0,7,-1.4699776814236833,0,0,0,5,1.358629685583698,6,13
normal_74,0,14,-1.6899730677787663,0,0,0,5,1.358629685583698,6,13
normal_74,0,21,-1.5379896583475374,0,0,0,5,1.358629685583698,6,13
normal_74,0,28,-1.8639195411810312,0,0,0,5,1.358629685583698,6,13
normal_74,0,35,-0.5865550550018237,0,0,0,5,1.358629685583698,6,13
normal_91,0,0,-1.5819828095465405,0,0,0,5,1.358629685583698,6,13
normal_91,0,7,-2.6782278962234662,0,0,0,5,1.358629685583698,6,13
normal_91,0,14,-2.16409427828104,0,0,0,5,1.358629685583698,6,13
normal_91,0,21,-2.6456812019467244,0,0,0,5,1.358629685583698,6,13
normal_91,0,28,-1.1514676632598646,0,0,0,5,1.358629685583698,6,13
normal_105,0,0,-0.9274000474743453,0,0,0,5,1.358629685583698,6,13
normal_105,0,7,-0.7359057512395917,0,0,0,5,1.358629685583698,6,13
normal_105,0,14,-0.7707431077903917,0,0,0,5,1.358629685583698,6,13
normal_113,0,0,-1.3425912174274441,0,0,0,5,1.358629685583698,6,13
normal_113,0,7,-0.252286551651427,0,0,0,5,1.358629685583698,6,13
normal_113,0,14,-0.13634991178927258,0,0,0,5,1.358629685583698,6,13
normal_113,0,21,-1.1861846920692618,0,0,0,5,1.358629685583698,6,13
normal_113,0,28,-1.3153175354325826,0,0,0,5,1.358629685583698,6,13
normal_113,0,35,-1.5069243089933049,0,0,0,5,1.358629685583698,6,13
normal_116,0,0,-1.2744473493833133,0,0,0,5,1.358629685583698,6,13
normal_116,0,7,-1.363645634734231,0,0,0,5,1.358629685583698,6,13
normal_135,0,0,-1.5371576703596568,0,0,0,5,1.358629685583698,6,13
normal_135,0,7,-1.0737882664592342,0,0,0,5,1.358629685583698,6,13
normal_138,0,0,-1.1580405304111063,0,0,0,5,1.358629685583698,6,13
normal_138,0,7,0.6436400775126336,0,0,0,5,1.358629685583698,6,13
normal_138,0,14,-0.20693150461371124,0,0,0,5,1.358629685583698,6,13
normal_138,0,21,-1.3997703383379245,0,0,0,5,1.358629685583698,6,13
normal_138,0,28,-0.768557521447534,0,0,0,5,1.358629685583698,6,13
normal_139,0,0,-1.8416261471375095,0,0,0,5,1.358629685583698,6,13
normal_139,0,7,-1.1714079545323588,0,0,0,5,1.358629685583698,6,13
normal_139,0,14,-0.9404860774514563,0,0,0,5,1.358629685583698,6,13
normal_139,0,21,-1.5118921493202637,0,0,0,5,1.358629685583698,6,13
normal_139,0,28,-0.4816419014875368,0,0,0,5,1.358629685583698,6,13
normal_141,0,0,-1.6007191618625147,0,0,0,5,1.358629685583698,6,13
normal_141,0,7,-0.9878326801219983,0,0,0,5,1.358629685583698,6,13
normal_145,0,0,-1.7095918334450517,0,0,0,5,1.358629685583698,6,13
normal_145,0,7,-1.567732372752301,0,0,0,5,1.358629685583698,6,13
normal_145,0,14,-2.1293167402643873,0,0,0,5,1.358629685583698,6,13
normal_145,0,21,-2.2785447376966244,0,0,0,5,1.358629685583698,6,13
normal_145,0,28,-2.088825799476211,0,0,0,5,1.358629685583698,6,13
normal_145,0,35,-2.23589760462284,0,0,0,5,1.358629685583698,6,13
normal_162,0,0,-1.9315738990895261,0,0,0,5,1.358629685583698,6,13
normal_162,0,7,-2.078394308336509,0,0,0,5,1.358629685583698,6,13
normal_171,0,0,-2.1457576885592506,0,0,0,5,1.358629685583698,6,13
normal_171,0,7,-2.5533407755893074,0,0,0,5,1.358629685583698,6,13
normal_171,0,14,-1.2547044278887722,0,0,0,5,1.358629685583698,6,13
normal_171,0,21,-1.5898251725914263,0,0,0,5,1.358629685583698,6,13
normal_176,0,0,-3.200925486216018,0,0,0,5,1.358629685583698,6,13
normal_176,0,7,-1.0841727195198527,0,0,0,5,1.358629685583698,6,13
normal_176,0,14,-1.135336603014776,0,0,0,5,1.358629685583698,6,13
normal_176,0,21,-1.0224921366368132,0,0,0,5,1.358629685583698,6,13
normal_176,0,28,-1.6538415114859206,0,0,0,5,1.358629685583698,6,13
normal_176,0,35,-0.1914703495164014,0,0,0,5,1.358629685583698,6,13
normal_193,0,0,0.07898819267751644,0,0,0,5,1.358629685583698,6,13
normal_193,0,7,-1.8100938332242031,0,0,0,5,1.358629685583698,6,13
normal_193,0,14,-1.2279121903757564,0,0,0,5,1.358629685583698,6,13
normal_193,0,21,-0.8936064181669101,0,0,0,5,1.358629685583698,6,13
normal_193,0,28,-1.448240001698935,0,0,0,5,1.358629685583698,6,13
normal_193,0,35,-1.1719034713188514,0,0,0,5,1.358629685583698,6,13
normal_196,0,0,1.3153737086929969,0,0,0,5,1.358629685583698,6,13
normal_196,0,7,0.16478258604501628,0,0,0,5,1.358629685583698,6,13
normal_196,0,14,-1.5634488576478094,0,0,0,5,1.358629685583698,6,13
normal_199,0,0,-0.6213701552144943,0,0,0,5,1.358629685583698,6,13
normal_199,0,7,-1.7118629991895085,0,0,0,5,1.358629685583698,6,13
normal_199,0,14,-0.24027707920115438,0,0,0,5,1.358629685583698,6,13
normal_199,0,21,-0.26366287827972545,0,0,0,5,1.358629685583698,6,13
normal_199,0,28,-2.1865011348766124,0,0,0,5,1.358629685583698,6,13
normal_199,0,35,-1.660108725164323,0,0,0,5,1.358629685583698,6,13
normal_202,0,0,-0.1858211288206979,0,0,0,5,1.358629685583698,6,13
normal_202,0,7,-1.0544391047177881,0,0,0,5,1.358629685583698,6,13
normal_213,0,0,-1.4166891674037445,0,0,0,5,1.358629685583698,6,13
normal_213,0,7,-0.2675476172378781,0,0,0,5,1.358629685583698,6,13
normal_213,0,14,-0.5358030726628225,0,0,0,5,1.358629685583698,6,13
normal_213,0,21,-1.8107468437942695,0,0,0,5,1.358629685583698,6,13
normal_218,0,0,-0.7445948292879785,0,0,0,5,1.358629685583698,6,13
normal_218,0,7,-0.655636081335317,0,0,0,5,1.358629685583698,6,13
normal_218,0,14,-1.0073772428629861,0,0,0,5,1.358629685583698,6,13
normal_218,0,21,-0.2205649587292764,0,0,0,5,1.358629685583698,6,13
normal_218,0,28,-1.5904664430725748,0,0,0,5,1.358629685583698,6,13
normal_218,0,35,-1.7748995786594572,0,0,0,5,1.358629685583698,6,13
normal_220,0,0,-0.29980624994789284,0,0,0,5,1.358629685583698,6,13
normal_220,0,7,-1.929691141955559,0,0,0,5,1.358629685583698,6,13
normal_241,0,0,-1.2096384976209857,0,0,0,5,1.358629685583698,6,13
normal_241,0,7,-0.6750603648558977,0,0,0,5,1.358629685583698,6,13
normal_241,0,14,-1.0152154769597934,0,0,0,5,1.358629685583698,6,13
normal_241,0,21,-0.469254148415462,0,0,0,5,1.358629685583698,6,13
normal_241,0,28,-0.4722751209335261,0,0,0,5,1.358629685583698,6,13
normal_241,0,35,-1.2326950184467944,0,0,0,5,1.358629685583698,6,13
normal_259,0,0,-1.798326106170347,0,0,0,5,1.358629685583698,6,13
normal_259,0,7,-2.0301171396758684,0,0,0,5,1.358629685583698,6,13
normal_259,0,14,-0.7875954163360954,0,0,0,5,1.358629685583698,6,13
normal_259,0,21,-0.8899074225922097,0,0,0,5,1.358629685583698,6,13
normal_259,0,28,-1.476760982008455,0,0,0,5,1.358629685583698,6,13
normal_262,0,0,-0.49983614334845283,0,0,0,5,1.358629685583698,6,13
normal_273,0,0,-1.1598976505435385,0,0,0,5,1.358629685583698,6,13
normal_273,0,7,-0.663030225502133,0,0,0,5,1.358629685583698,6,13
normal_273,0,14,-1.5032553517743614,0,0,0,5,1.358629685583698,6,13
normal_273,0,21,-1.0527055966814394,0,0,0,5,1.358629685583698,6,13
normal_273,0,28,-1.0484428296149075,0,0,0,5,1.358629685583698,6,13
normal_286,0,0,-0.8609908065483278,0,0,0,5,1.358629685583698,6,13
normal_286,0,7,-0.9069076048370186,0,0,0,5,1.358629685583698,6,13
normal_286,0,14,-1.8138574876961848,0,0,0,5,1.358629685583698,6,13
normal_286,0,21,0.12776378629281382,0,0,0,5,1.358629685583698,6,13
normal_286,0,28,0.3224049654292429,0,0,0,5,1.358629685583698,6,13
normal_286,0,35,-1.2554432137921459,0,0,0,5,1.358629685583698,6,13
normal_300,0,0,-1.7148769113804394,0,0,0,5,1.358629685583698,6,13
normal_300,0,7,-0.7605886488835787,0,0,0,5,1.358629685583698,6,13
normal_300,0,14,-1.0416696662923361,0,0,0,5,1.358629685583698,6,13
normal_300,0,21,-1.7026908714173348,0,0,0,5,1.358629685583698,6,13
normal_300,0,28,-1.2325017795119142,0,0,0,5,1.358629685583698,6,13
normal_302,0,0,-0.7284420348081011,0,0,0,5,1.358629685583698,6,13
normal_313,0,0,-1.037652587676512,0,0,0,5,1.358629685583698,6,13
normal_313,0,7,-0.6298529114957541,0,0,0,5,1.358629685583698,6,13
normal_318,0,0,-1.0405629543195691,0,0,0,5,1.358629685583698,6,13
normal_318,0,7,-1.606697145437042,0,0,0,5,1.358629685583698,6,13
normal_318,0,14,-2.123667569329186,0,0,0,5,1.358629685583698,6,13
normal_318,0,21,-1.681297373471955,0,0,0,5,1.358629685583698,6,13
normal_324,0,0,-1.587888305766541,0,0,0,5,1.358629685583698,6,13
normal_324,0,7,-1.3908564773339864,0,0,0,5,1.358629685583698,6,13
normal_324,0,14,0.10017371247054285,0,0,0,5,1.358629685583698,6,13
normal_324,0,21,-0.6124782622619596,0,0,0,5,1.358629685583698,6,13
normal_324,0,28,-0.9527173023090065,0,0,0,5,1.358629685583698,6,13
normal_324,0,35,-0.24052114192775687,0,0,0,5,1.358629685583698,6,13
normal_331,0,0,-1.0094173614890658,0,0,0,5,1.358629685583698,6,13
normal_331,0,7,-1.2496354618990053,0,0,0,5,1.358629685583698,6,13
normal_331,0,14,-0.9183918223856806,0,0,0,5,1.358629685583698,6,13
normal_331,0,21,-1.0602670002297736,0,0,0,5,1.358629685583698,6,13
normal_337,0,0,-1.1820812883079648,0,0,0,5,1.358629685583698,6,13
normal_337,0,7,-1.5768356280235811,0,0,0,5,1.358629685583698,6,13
normal_337,0,14,-1.4691310945234934,0,0,0,5,1.358629685583698,6,13
normal_338,0,0,-1.2298963877121483,0,0,0,5,1.358629685583698,6,13
normal_338,0,7,-1.4971623093440676,0,0,0,5,1.358629685583698,6,13
normal_338,0,14,-0.24027917187726322,0,0,0,5,1.358629685583698,6,13
normal_351,0,0,-1.065010636014121,0,0,0,5,1.358629685583698,6,13
normal_351,0,7,-0.8497028185292543,0,0,0,5,1.358629685583698,6,13
normal_354,0,0,0.6146127136536461,0,0,0,5,1.358629685583698,6,13
normal_354,0,7,-0.8216346070094982,0,0,0,5,1.358629685583698,6,13
normal_354,0,14,-0.6042865367181145,0,0,0,5,1.358629685583698,6,13
normal_354,0,21,-0.32761889466202954,0,0,0,5,1.358629685583698,6,13
normal_354,0,28,0.6912277204772352,0,0,0,5,1.358629685583698,6,13
normal_354,0,35,-1.5430693059524345,0,0,0,5,1.358629685583698,6,13
normal_360,0,0,-0.21482455982237258,0,0,0,5,1.358629685583698,6,13
normal_360,0,7,-0.619244958782704,0,0,0,5,1.358629685583698,6,13
normal_360,0,14,-0.9063541855530142,0,0,0,5,1.358629685583698,6,13
normal_360,0,21,-0.8243069347746905,0,0,0,5,1.358629685583698,6,13
normal_360,0,28,-1.490462712079077,0,0,0,5,1.358629685583698,6,13
normal_360,0,35,-2.4937903486606934,0,0,0,5,1.358629685583698,6,13
normal_361,0,0,-0.8992036031574484,0,0,0,5,1.358629685583698,6,13
normal_361,0,7,-1.0406451554646368,0,0,0,5,1.358629685583698,6,13
normal_361,0,14,-0.6836022850585448,0,0,0,5,1.358629685583698,6,13
normal_361,0,21,-1.2724996113935698,0,0,0,5,1.358629685583698,6,13
normal_361,0,28,-1.3309241450987748,0,0,0,5,1.358629685583698,6,13
normal_361,0,35,-1.488261284500831,0,0,0,5,1.358629685583698,6,13
normal_364,0,0,-1.0791527918456558,0,0,0,5,1.358629685583698,6,13
normal_372,0,0,-1.0599335112162875,0,0,0,5,1.358629685583698,6,13
normal_372,0,7,-1.4683154640450105,0,0,0,5,1.358629685583698,6,13
normal_372,0,14,-2.027017048652731,0,0,0,5,1.358629685583698,6,13
normal_372,0,21,-1.5617302547029666,0,0,0,5,1.358629685583698,6,13
normal_372,0,28,-1.2285189665676772,0,0,0,5,1.358629685583698,6,13
normal_372,0,35,-0.9391801392772998,0,0,0,5,1.358629685583698,6,13
normal_374,0,0,-1.5355514413965996,0,0,0,5,1.358629685583698,6,13
normal_374,0,7,-1.723873483577044,0,0,0,5,1.358629685583698,6,13
normal_374,0,14,-1.3156940629764118,0,0,0,5,1.358629685583698,6,13
normal_374,0,21,-1.966045687650913,0,0,0,5,1.358629685583698,6,13
normal_374,0,28,0.7076586275806163,0,0,0,5,1.358629685583698,6,13
normal_379,0,0,-1.2454634706986565,0,0,0,5,1.358629685583698,6,13
normal_379,0,7,-0.12035461028635464,0,0,0,5,1.358629685583698,6,13
normal_379,0,14,-1.8874841113770242,0,0,0,5,1.358629685583698,6,13
normal_379,0,21,-1.9168523909681912,0,0,0,5,1.358629685583698,6,13
normal_379,0,28,-1.434044263582757,0,0,0,5,1.358629685583698,6,13
normal_379,0,35,0.04642657344140755,0,0,0,5,1.358629685583698,6,13
normal_380,0,0,-1.0317280610654032,0,0,0,5,1.358629685583698,6,13
normal_380,0,7,-0.6553964148289704,0,0,0,5,1.358629685583698,6,13
normal_380,0,14,1.0589836806244421,0,0,0,5,1.358629685583698,6,13
normal_380,0,21,-0.7917690474903654,0,0,0,5,1.358629685583698,6,13
normal_380,0,28,0.24146448012925648,0,0,0,5,1.358629685583698,6,13
normal_384,0,0,-0.43613901763838214,0,0,0,5,1.358629685583698,6,13
normal_384,0,7,-1.6526427922903468,0,0,0,5,1.358629685583698,6,13
normal_384,0,14,-0.570914441140268,0,0,0,5,1.358629685583698,6,13
normal_384,0,21,-1.156438077071543,0,0,0,5,1.358629685583698,6,13
normal_384,0,28,-1.9612302509161847,0,0,0,5,1.358629685583698,6,13
normal_384,0,35,-1.2979565733446194,0,0,0,5,1.358629685583698,6,13
normal_402,0,0,-2.5404782001153277,0,0,0,5,1.358629685583698,6,13
normal_402,0,7,-1.1138381794736643,0,0,0,5,1.358629685583698,6,13
normal_402,0,14,-0.8612383188536765,0,0,0,5,1.358629685583698,6,13
normal_402,0,21,-1.4889052127336249,0,0,0,5,1.358629685583698,6,13
normal_402,0,28,-1.5679561359265421,0,0,0,5,1.358629685583698,6,13
normal_407,0,0,-2.52111131062328,0,0,0,5,1.358629685583698,6,13
normal_407,0,7,-2.2786502777608475,0,0,0,5,1.358629685583698,6,13
normal_407,0,14,-0.236450639425978,0,0,0,5,1.358629685583698,6,13
normal_407,0,21,-2.1371218027858565,0,0,0,5,1.358629685583698,6,13
normal_407,0,28,-0.7507939360835634,0,0,0,5,1.358629685583698,6,13
normal_407,0,35,-1.9776491169676276,0,0,0,5,1.358629685583698,6,13
normal_413,0,0,-0.8139390121434751,0,0,0,5,1.358629685583698,6,13
normal_413,0,7,-1.0271456662266734,0,0,0,5,1.358629685583698,6,13
normal_413,0,14,-1.2420695210499342,0,0,0,5,1.358629685583698,6,13
normal_413,0,21,-1.6622341010898558,0,0,0,5,1.358629685583698,6,13
normal_423,0,0,-0.519168713955644,0,0,0,5,1.358629685583698,6,13
normal_423,0,7,-0.43858801580524576,0,0,0,5,1.358629685583698,6,13
normal_423,0,14,1.1574323282700665,0,0,0,5,1.358629685583698,6,13
normal_423,0,21,-0.9275716187035612,0,0,0,5,1.358629685583698,6,13
normal_423,0,28,-0.15602032873200855,0,0,0,5,1.358629685583698,6,13
normal_423,0,35,0.49807466925624944,0,0,0,5,1.358629685583698,6,13
normal_425,0,0,-1.337765026594226,0,0,0,5,1.358629685583698,6,13
normal_425,0,7,-1.184777725558583,0,0,0,5,1.358629685583698,6,13
normal_425,0,14,-0.6833368411147589,0,0,0,5,1.358629685583698,6,13
normal_425,0,21,-1.3767800379137776,0,0,0,5,1.358629685583698,6,13
normal_432,0,0,-1.22447117818874,0,0,0,5,1.358629685583698,6,13
normal_432,0,7,-0.9346164918894053,0,0,0,5,1.358629685583698,6,13
normal_441,0,0,-1.9855064022048121,0,0,0,5,1.358629685583698,6,13
normal_441,0,7,-0.11313028565514704,0,0,0,5,1.358629685583698,6,13
normal_441,0,14,1.160678982267792,0,0,0,5,1.358629685583698,6,13
normal_446,0,0,-1.7429663724544073,0,0,0,5,1.358629685583698,6,13
normal_446,0,7,-1.481801342324704,0,0,0,5,1.358629685583698,6,13
normal_446,0,14,-2.9284503459185474,0,0,0,5,1.358629685583698,6,13
normal_446,0,21,-0.5600175689739446,0,0,0,5,1.358629685583698,6,13
normal_446,0,28,-0.6112525978617844,0,0,0,5,1.358629685583698,6,13
normal_447,0,0,-0.5350661753617554,0,0,0,5,1.358629685583698,6,13
normal_447,0,7,-0.7541251476942441,0,0,0,5,1.358629685583698,6,13
normal_447,0,14,-0.9611925621004827,0,0,0,5,1.358629685583698,6,13
normal_461,0,0,-0.5723422397544704,0,0,0,5,1.358629685583698,6,13
normal_461,0,7,-0.48279764919871404,0,0,0,5,1.358629685583698,6,13
normal_461,0,14,-1.6504942560804046,0,0,0,5,1.358629685583698,6,13
normal_461,0,21,-0.5000987224732416,0,0,0,5,1.358629685583698,6,13
normal_461,0,28,0.7633676840242107,0,0,0,5,1.358629685583698,6,13
normal_461,0,35,0.4358750618963123,0,0,0,5,1.358629685583698,6,13
normal_464,0,0,-1.3108138792466915,0,0,0,5,1.358629685583698,6,13
normal_464,0,7,-0.9262371351955108,0,0,0,5,1.358629685583698,6,13
normal_464,0,14,-0.9911489446874548,0,0,0,5,1.358629685583698,6,13
normal_467,0,0,-0.7866111381667698,0,0,0,5,1.358629685583698,6,13
normal_467,0,7,-1.0624810648678502,0,0,0,5,1.358629685583698,6,13
normal_467,0,14,-0.8890376947574841,0,0,0,5,1.358629685583698,6,13
normal_467,0,21,-1.1873578194607526,0,0,0,5,1.358629685583698,6,13
normal_467,0,28,-1.1002355525801506,0,0,0,5,1.358629685583698,6,13
normal_467,0,35,-1.1049914466147759,0,0,0,5,1.358629685583698,6,13
normal_479,0,0,-0.7667200259358529,0,0,0,5,1.358629685583698,6,13
normal_479,0,7,-1.102762383773944,0,0,0,5,1.358629685583698,6,13
normal_479,0,14,-1.2629190245286401,0,0,0,5,1.358629685583698,6,13
normal_479,0,21,-0.4934617386029898,0,0,0,5,1.358629685583698,6,13
normal_479,0,28,-0.7583211522881732,0,0,0,5,1.358629685583698,6,13
normal_479,0,35,-1.0898292763253576,0,0,0,5,1.358629685583698,6,13
normal_480,0,0,-1.0710238634380098,0,0,0,5,1.358629685583698,6,13
normal_480,0,7,-1.9064732299291989,0,0,0,5,1.358629685583698,6,13
normal_480,0,14,-1.5695294446333956,0,0,0,5,1.358629685583698,6,13
normal_480,0,21,-1.4051397132900845,0,0,0,5,1.358629685583698,6,13
normal_480,0,28,-2.0256481129355177,0,0,0,5,1.358629685583698,6,13
normal_480,0,35,-1.4744496120866857,0,0,0,5,1.358629685583698,6,13
normal_481,0,0,-1.0158351701022599,0,0,0,5,1.358629685583698,6,13
normal_481,0,7,-0.7763658004887919,0,0,0,5,1.358629685583698,6,13
normal_481,0,14,-1.2636565648767717,0,0,0,5,1.358629685583698,6,13
normal_481,0,21,-1.6151043163389036,0,0,0,5,1.358629685583698,6,13
normal_481,0,28,-1.6558903910347298,0,0,0,5,1.358629685583698,6,13
normal_481,0,35,-1.2630480667374404,0,0,0,5,1.358629685583698,6,13
normal_482,0,0,-1.293817992456979,0,0,0,5,1.358629685583698,6,13
normal_482,0,7,-1.56801309512969,0,0,0,5,1.358629685583698,6,13
normal_482,0,14,-1.0233965269960419,0,0,0,5,1.358629685583698,6,13
normal_482,0,21,-1.122732481525126,0,0,0,5,1.358629685583698,6,13
normal_483,0,0,-1.0656300704004864,0,0,0,5,1.358629685583698,6,13
normal_483,0,7,-0.18822450908598487,0,0,0,5,1.358629685583698,6,13
normal_483,0,14,2.1921257752003687,1,1,0,5,1.358629685583698,6,13
normal_483,0,21,0.9588433389666875,0,0,0,5,1.358629685583698,6,13
normal_483,0,28,0.07615989624578878,0,0,0,5,1.358629685583698,6,13
normal_483,0,35,-0.7365074963925604,0,0,0,5,1.358629685583698,6,13
normal_484,0,0,-1.3262479464017258,0,0,0,5,1.358629685583698,6,13
normal_484,0,7,-1.9161170105089442,0,0,0,5,1.358629685583698,6,13
normal_484,0,14,-1.2303597995216413,0,0,0,5,1.358629685583698,6,13
normal_484,0,21,-1.7618901076924511,0,0,0,5,1.358629685583698,6,13
normal_484,0,28,-1.5297924707482564,0,0,0,5,1.358629685583698,6,13
normal_489,0,0,-1.3806024351606747,0,0,0,5,1.358629685583698,6,13
normal_489,0,7,-1.3060012513049988,0,0,0,5,1.358629685583698,6,13
normal_493,0,0,-0.5969374113292552,0,0,0,5,1.358629685583698,6,13
normal_493,0,7,0.10624961769701136,0,0,0,5,1.358629685583698,6,13
normal_493,0,14,-0.20269942754766612,0,0,0,5,1.358629685583698,6,13
normal_493,0,21,1.1523570864514485,0,0,0,5,1.358629685583698,6,13
normal_493,0,28,-0.36188402098102923,0,0,0,5,1.358629685583698,6,13
normal_493,0,35,-0.7812072495820228,0,0,0,5,1.358629685583698,6,13
normal_495,0,0,-0.8608451018967616,0,0,0,5,1.358629685583698,6,13
normal_495,0,7,-0.7241052923419136,0,0,0,5,1.358629685583698,6,13
normal_501,0,0,-0.7619208908058948,0,0,0,5,1.358629685583698,6,13
normal_501,0,7,-0.7257879238764788,0,0,0,5,1.358629685583698,6,13
normal_501,0,14,-0.5087359711962915,0,0,0,5,1.358629685583698,6,13
normal_501,0,21,-1.9331362728013555,0,0,0,5,1.358629685583698,6,13
normal_507,0,0,-1.152282621351762,0,0,0,5,1.358629685583698,6,13
normal_507,0,7,-0.7886432592557147,0,0,0,5,1.358629685583698,6,13
normal_507,0,14,-0.5288138361941437,0,0,0,5,1.358629685583698,6,13
normal_507,0,21,-1.1706621285599925,0,0,0,5,1.358629685583698,6,13
normal_523,0,0,-0.3728621403005792,0,0,0,5,1.358629685583698,6,13
normal_523,0,7,-1.1180841690995504,0,0,0,5,1.358629685583698,6,13
normal_534,0,0,-1.1958184484369476,0,0,0,5,1.358629685583698,6,13
normal_534,0,7,-1.3192293606531087,0,0,0,5,1.358629685583698,6,13
normal_534,0,14,0.4343535192347656,0,0,0,5,1.358629685583698,6,13
normal_534,0,21,-0.8304509625948451,0,0,0,5,1.358629685583698,6,13
normal_538,0,0,-0.5173404977232465,0,0,0,5,1.358629685583698,6,13
normal_538,0,7,-0.9092516010259941,0,0,0,5,1.358629685583698,6,13
normal_538,0,14,-0.8835022662204279,0,0,0,5,1.358629685583698,6,13
normal_538,0,21,-0.7314828518028063,0,0,0,5,1.358629685583698,6,13
normal_538,0,28,-1.4127454115437934,0,0,0,5,1.358629685583698,6,13
normal_538,0,35,-1.3989785401783803,0,0,0,5,1.358629685583698,6,13
normal_540,0,0,-0.20031044314635338,0,0,0,5,1.358629685583698,6,13
normal_540,0,7,-0.3629084360426966,0,0,0,5,1.358629685583698,6,13
normal_571,0,0,-1.6693659135676362,0,0,0,5,1.358629685583698,6,13
normal_571,0,7,-0.45397141445969513,0,0,0,5,1.358629685583698,6,13
normal_571,0,14,-1.0416379391643686,0,0,0,5,1.358629685583698,6,13
normal_571,0,21,-0.59952931390273,0,0,0,5,1.358629685583698,6,13
normal_573,0,0,-2.513193870047807,0,0,0,5,1.358629685583698,6,13
normal_575,0,0,-1.5199704616053418,0,0,0,5,1.358629685583698,6,13
normal_575,0,7,-1.1755682031504873,0,0,0,5,1.358629685583698,6,13
normal_575,0,14,-1.912865943411442,0,0,0,5,1.358629685583698,6,13
normal_575,0,21,-1.1827677368000615,0,0,0,5,1.358629685583698,6,13
normal_575,0,28,-1.7470395786550523,0,0,0,5,1.358629685583698,6,13
normal_575,0,35,-1.9636914254326867,0,0,0,5,1.358629685583698,6,13
normal_579,0,0,-1.3613416691979672,0,0,0,5,1.358629685583698,6,13
normal_579,0,7,-2.2264311007088673,0,0,0,5,1.358629685583698,6,13
normal_579,0,14,-1.6039390651729994,0,0,0,5,1.358629685583698,6,13
normal_589,0,0,-0.06484224486306189,0,0,0,5,1.358629685583698,6,13
normal_589,0,7,-0.892456411165981,0,0,0,5,1.358629685583698,6,13
normal_589,0,14,-0.2877994234191208,0,0,0,5,1.358629685583698,6,13
normal_589,0,21,-1.3885073664013041,0,0,0,5,1.358629685583698,6,13
normal_598,0,0,-0.21506751919542078,0,0,0,5,1.358629685583698,6,13
normal_598,0,7,-1.3578976915071483,0,0,0,5,1.358629685583698,6,13
normal_598,0,14,-2.5463897439587417,0,0,0,5,1.358629685583698,6,13
normal_598,0,21,-0.561969006918587,0,0,0,5,1.358629685583698,6,13
normal_598,0,28,-2.18336401221721,0,0,0,5,1.358629685583698,6,13
normal_598,0,35,-1.9155579701150134,0,0,0,5,1.358629685583698,6,13
anomaly_3,1,0,3.0793169411572197,1,1,0,5,1.358629685583698,6,13
anomaly_3,1,7,3.0793169411572197,1,2,0,5,1.358629685583698,6,13
anomaly_3,1,14,3.0793169411572197,1,3,0,5,1.358629685583698,6,13
anomaly_3,1,21,3.0793169411572197,1,4,0,5,1.358629685583698,6,13
anomaly_3,1,28,3.0793169411572197,1,5,0,5,1.358629685583698,6,13
anomaly_13,1,0,3.0793169411572197,1,1,0,5,1.358629685583698,6,13
anomaly_13,1,7,3.0793169411572197,1,2,0,5,1.358629685583698,6,13
anomaly_13,1,14,3.039729543471337,1,3,0,5,1.358629685583698,6,13
anomaly_13,1,21,3.0793169411572197,1,4,0,5,1.358629685583698,6,13
anomaly_19,1,0,3.0793169411572197,1,1,0,5,1.358629685583698,6,13
anomaly_19,1,7,3.0793169411572197,1,2,0,5,1.358629685583698,6,13
