group,label,start,score,warning,run_count,run_alarm_trigger,fold,warning_threshold,markov_k,upper_k
normal_1,0,0,0.87811667,0,0,0,1,2.061180353164673,8,18
normal_1,0,7,0.88397735,0,0,0,1,2.061180353164673,8,18
normal_1,0,14,0.82488734,0,0,0,1,2.061180353164673,8,18
normal_1,0,21,1.1092193,0,0,0,1,2.061180353164673,8,18
normal_3,0,0,0.21664277,0,0,0,1,2.061180353164673,8,18
normal_3,0,7,0.24741063,0,0,0,1,2.061180353164673,8,18
normal_8,0,0,0.9698791,0,0,0,1,2.061180353164673,8,18
normal_8,0,7,1.3550549,0,0,0,1,2.061180353164673,8,18
normal_8,0,14,1.3214803,0,0,0,1,2.061180353164673,8,18
normal_8,0,21,1.0905799,0,0,0,1,2.061180353164673,8,18
normal_51,0,0,1.1348006,0,0,0,1,2.061180353164673,8,18
normal_51,0,7,0.9000584,0,0,0,1,2.061180353164673,8,18
normal_56,0,0,0.80497617,0,0,0,1,2.061180353164673,8,18
normal_56,0,7,1.0056125,0,0,0,1,2.061180353164673,8,18
normal_56,0,14,1.0645373,0,0,0,1,2.061180353164673,8,18
normal_56,0,21,0.69503146,0,0,0,1,2.061180353164673,8,18
normal_56,0,28,0.64992535,0,0,0,1,2.061180353164673,8,18
normal_56,0,35,0.77373326,0,0,0,1,2.061180353164673,8,18
normal_58,0,0,0.44726884,0,0,0,1,2.061180353164673,8,18
normal_58,0,7,0.5428928,0,0,0,1,2.061180353164673,8,18
normal_58,0,14,0.38644817,0,0,0,1,2.061180353164673,8,18
normal_58,0,21,0.38263574,0,0,0,1,2.061180353164673,8,18
normal_58,0,28,0.3664825,0,0,0,1,2.061180353164673,8,18
normal_58,0,35,0.4286206,0,0,0,1,2.061180353164673,8,18
normal_62,0,0,0.24714464,0,0,0,1,2.061180353164673,8,18
normal_62,0,7,0.24146838,0,0,0,1,2.061180353164673,8,18
normal_62,0,14,0.2817226,0,0,0,1,2.061180353164673,8,18
normal_62,0,21,0.2275739,0,0,0,1,2.061180353164673,8,18
normal_62,0,28,0.2229945,0,0,0,1,2.061180353164673,8,18
normal_62,0,35,0.25796783,0,0,0,1,2.061180353164673,8,18
normal_71,0,0,0.4636346,0,0,0,1,2.061180353164673,8,18
normal_71,0,7,0.39431122,0,0,0,1,2.061180353164673,8,18
normal_71,0,14,0.45045924,0,0,0,1,2.061180353164673,8,18
normal_71,0,21,0.5324951,0,0,0,1,2.061180353164673,8,18
normal_71,0,28,0.40089646,0,0,0,1,2.061180353164673,8,18
normal_71,0,35,0.69304883,0,0,0,1,2.061180353164673,8,18
normal_77,0,0,1.0350966,0,0,0,1,2.061180353164673,8,18
normal_77,0,7,1.2233487,0,0,0,1,2.061180353164673,8,18
normal_77,0,14,1.3653616,0,0,0,1,2.061180353164673,8,18
normal_77,0,21,1.2010856,0,0,0,1,2.061180353164673,8,18
normal_77,0,28,1.1950122,0,0,0,1,2.061180353164673,8,18
normal_77,0,35,1.4358914,0,0,0,1,2.061180353164673,8,18
normal_79,0,0,0.47384304,0,0,0,1,2.061180353164673,8,18
normal_79,0,7,0.52240634,0,0,0,1,2.061180353164673,8,18
normal_79,0,14,0.4466919,0,0,0,1,2.061180353164673,8,18
normal_79,0,21,0.3535275,0,0,0,1,2.061180353164673,8,18
normal_79,0,28,0.3933303,0,0,0,1,2.061180353164673,8,18
normal_79,0,35,0.5395524,0,0,0,1,2.061180353164673,8,18
normal_86,0,0,0.62623423,0,0,0,1,2.061180353164673,8,18
normal_86,0,7,0.56973493,0,0,0,1,2.061180353164673,8,18
normal_86,0,14,0.6195464,0,0,0,1,2.061180353164673,8,18
normal_86,0,21,0.5450807,0,0,0,1,2.061180353164673,8,18
normal_86,0,28,0.45283017,0,0,0,1,2.061180353164673,8,18
normal_87,0,0,0.35196614,0,0,0,1,2.061180353164673,8,18
normal_87,0,7,0.32241207,0,0,0,1,2.061180353164673,8,18
normal_87,0,14,0.37833336,0,0,0,1,2.061180353164673,8,18
normal_95,0,0,0.68309367,0,0,0,1,2.061180353164673,8,18
normal_95,0,7,1.0252168,0,0,0,1,2.061180353164673,8,18
normal_95,0,14,0.95382524,0,0,0,1,2.061180353164673,8,18
normal_95,0,21,1.4009858,0,0,0,1,2.061180353164673,8,18
normal_95,0,28,1.3574462,0,0,0,1,2.061180353164673,8,18
normal_95,0,35,1.4378848,0,0,0,1,2.061180353164673,8,18
normal_99,0,0,0.2945096,0,0,0,1,2.061180353164673,8,18
normal_99,0,7,0.48538527,0,0,0,1,2.061180353164673,8,18
normal_102,0,0,1.4086505,0,0,0,1,2.061180353164673,8,18
normal_102,0,7,1.5994487,0,0,0,1,2.061180353164673,8,18
normal_102,0,14,1.2712048,0,0,0,1,2.061180353164673,8,18
normal_102,0,21,1.4317085,0,0,0,1,2.061180353164673,8,18
normal_102,0,28,1.0547699,0,0,0,1,2.061180353164673,8,18
normal_102,0,35,1.4456201,0,0,0,1,2.061180353164673,8,18
normal_103,0,0,0.52105933,0,0,0,1,2.061180353164673,8,18
normal_103,0,7,0.42628482,0,0,0,1,2.061180353164673,8,18
normal_103,0,14,0.5105725,0,0,0,1,2.061180353164673,8,18
normal_103,0,21,0.5092444,0,0,0,1,2.061180353164673,8,18
normal_103,0,28,0.46676904,0,0,0,1,2.061180353164673,8,18
normal_115,0,0,0.7724485,0,0,0,1,2.061180353164673,8,18
normal_115,0,7,0.9734334,0,0,0,1,2.061180353164673,8,18
normal_115,0,14,1.1025892,0,0,0,1,2.061180353164673,8,18
normal_115,0,21,0.78043807,0,0,0,1,2.061180353164673,8,18
normal_130,0,0,0.41113162,0,0,0,1,2.061180353164673,8,18
normal_147,0,0,0.5353683,0,0,0,1,2.061180353164673,8,18
normal_147,0,7,0.28770044,0,0,0,1,2.061180353164673,8,18
normal_147,0,14,0.25265712,0,0,0,1,2.061180353164673,8,18
normal_147,0,21,0.22147405,0,0,0,1,2.061180353164673,8,18
normal_160,0,0,0.2806473,0,0,0,1,2.061180353164673,8,18
normal_160,0,7,0.36038366,0,0,0,1,2.061180353164673,8,18
normal_160,0,14,0.24521421,0,0,0,1,2.061180353164673,8,18
normal_160,0,21,0.22914371,0,0,0,1,2.061180353164673,8,18
normal_160,0,28,0.21163298,0,0,0,1,2.061180353164673,8,18
normal_160,0,35,0.21504678,0,0,0,1,2.061180353164673,8,18
normal_167,0,0,1.0078763,0,0,0,1,2.061180353164673,8,18
normal_167,0,7,0.866054,0,0,0,1,2.061180353164673,8,18
normal_167,0,14,0.74306846,0,0,0,1,2.061180353164673,8,18
normal_173,0,0,0.9705146,0,0,0,1,2.061180353164673,8,18
normal_173,0,7,1.1228466,0,0,0,1,2.061180353164673,8,18
normal_177,0,0,1.2988147,0,0,0,1,2.061180353164673,8,18
normal_177,0,7,0.8287418,0,0,0,1,2.061180353164673,8,18
normal_177,0,14,0.89803594,0,0,0,1,2.061180353164673,8,18
normal_177,0,21,0.8897264,0,0,0,1,2.061180353164673,8,18
normal_177,0,28,1.0387765,0,0,0,1,2.061180353164673,8,18
normal_177,0,35,0.8873967,0,0,0,1,2.061180353164673,8,18
normal_178,0,0,0.3881067,0,0,0,1,2.061180353164673,8,18
normal_178,0,7,0.44238946,0,0,0,1,2.061180353164673,8,18
normal_178,0,14,0.35427526,0,0,0,1,2.061180353164673,8,18
normal_178,0,21,0.5000432,0,0,0,1,2.061180353164673,8,18
normal_178,0,28,0.54835,0,0,0,1,2.061180353164673,8,18
normal_183,0,0,0.39760068,0,0,0,1,2.061180353164673,8,18
normal_183,0,7,0.3930888,0,0,0,1,2.061180353164673,8,18
normal_183,0,14,0.51520675,0,0,0,1,2.061180353164673,8,18
normal_183,0,21,0.47232088,0,0,0,1,2.061180353164673,8,18
normal_183,0,28,0.31103683,0,0,0,1,2.061180353164673,8,18
normal_185,0,0,0.23754044,0,0,0,1,2.061180353164673,8,18
normal_185,0,7,0.2777454,0,0,0,1,2.061180353164673,8,18
normal_185,0,14,0.2557962,0,0,0,1,2.061180353164673,8,18
normal_188,0,0,0.46748284,0,0,0,1,2.061180353164673,8,18
normal_188,0,7,0.40802512,0,0,0,1,2.061180353164673,8,18
normal_188,0,14,0.20444925,0,0,0,1,2.061180353164673,8,18
normal_188,0,21,0.2727827,0,0,0,1,2.061180353164673,8,18
normal_188,0,28,0.30834484,0,0,0,1,2.061180353164673,8,18
normal_188,0,35,0.36504242,0,0,0,1,2.061180353164673,8,18
normal_190,0,0,0.828762,0,0,0,1,2.061180353164673,8,18
normal_190,0,7,0.8817988,0,0,0,1,2.061180353164673,8,18
normal_190,0,14,1.1313158,0,0,0,1,2.061180353164673,8,18
normal_190,0,21,0.89611614,0,0,0,1,2.061180353164673,8,18
normal_206,0,0,0.42646948,0,0,0,1,2.061180353164673,8,18
normal_206,0,7,0.4345632,0,0,0,1,2.061180353164673,8,18
normal_206,0,14,0.33237997,0,0,0,1,2.061180353164673,8,18
normal_207,0,0,0.4747192,0,0,0,1,2.061180353164673,8,18
normal_207,0,7,0.38095984,0,0,0,1,2.061180353164673,8,18
normal_212,0,0,1.1281519,0,0,0,1,2.061180353164673,8,18
normal_212,0,7,0.86110127,0,0,0,1,2.061180353164673,8,18
normal_212,0,14,0.6437039,0,0,0,1,2.061180353164673,8,18
normal_212,0,21,0.611433,0,0,0,1,2.061180353164673,8,18
normal_212,0,28,0.8898619,0,0,0,1,2.061180353164673,8,18
normal_212,0,35,0.9617269,0,0,0,1,2.061180353164673,8,18
normal_223,0,0,0.61213297,0,0,0,1,2.061180353164673,8,18
normal_223,0,7,0.77120787,0,0,0,1,2.061180353164673,8,18
normal_223,0,14,0.6645949,0,0,0,1,2.061180353164673,8,18
normal_223,0,21,0.4563141,0,0,0,1,2.061180353164673,8,18
normal_223,0,28,0.8295499,0,0,0,1,2.061180353164673,8,18
normal_223,0,35,0.79534596,0,0,0,1,2.061180353164673,8,18
normal_224,0,0,0.5875707,0,0,0,1,2.061180353164673,8,18
normal_224,0,7,0.469687,0,0,0,1,2.061180353164673,8,18
normal_224,0,14,0.28500172,0,0,0,1,2.061180353164673,8,18
normal_224,0,21,0.32772395,0,0,0,1,2.061180353164673,8,18
normal_225,0,0,0.87319267,0,0,0,1,2.061180353164673,8,18
normal_225,0,7,1.1201433,0,0,0,1,2.061180353164673,8,18
normal_225,0,14,1.2026583,0,0,0,1,2.061180353164673,8,18
normal_229,0,0,1.3844192,0,0,0,1,2.061180353164673,8,18
normal_229,0,7,1.4873437,0,0,0,1,2.061180353164673,8,18
normal_229,0,14,1.905059,0,0,0,1,2.061180353164673,8,18
normal_229,0,21,1.1056315,0,0,0,1,2.061180353164673,8,18
normal_229,0,28,1.2726704,0,0,0,1,2.061180353164673,8,18
normal_229,0,35,1.1108716,0,0,0,1,2.061180353164673,8,18
normal_237,0,0,0.5277619,0,0,0,1,2.061180353164673,8,18
normal_237,0,7,0.36485392,0,0,0,1,2.061180353164673,8,18
normal_243,0,0,0.7480005,0,0,0,1,2.061180353164673,8,18
normal_243,0,7,1.0024309,0,0,0,1,2.061180353164673,8,18
normal_243,0,14,1.1125569,0,0,0,1,2.061180353164673,8,18
normal_246,0,0,0.25931275,0,0,0,1,2.061180353164673,8,18
normal_246,0,7,0.26505083,0,0,0,1,2.061180353164673,8,18
normal_246,0,14,0.27208707,0,0,0,1,2.061180353164673,8,18
normal_246,0,21,0.274634,0,0,0,1,2.061180353164673,8,18
normal_246,0,28,0.28048047,0,0,0,1,2.061180353164673,8,18
normal_246,0,35,0.34779254,0,0,0,1,2.061180353164673,8,18
normal_258,0,0,0.2563267,0,0,0,1,2.061180353164673,8,18
normal_258,0,7,0.31595224,0,0,0,1,2.061180353164673,8,18
normal_258,0,14,0.38984442,0,0,0,1,2.061180353164673,8,18
normal_258,0,21,0.25313568,0,0,0,1,2.061180353164673,8,18
normal_258,0,28,0.2722537,0,0,0,1,2.061180353164673,8,18
normal_258,0,35,0.34039435,0,0,0,1,2.061180353164673,8,18
normal_260,0,0,1.3130785,0,0,0,1,2.061180353164673,8,18
normal_260,0,7,1.5645062,0,0,0,1,2.061180353164673,8,18
normal_260,0,14,1.989971,0,0,0,1,2.061180353164673,8,18
normal_265,0,0,1.0191274,0,0,0,1,2.061180353164673,8,18
normal_265,0,7,1.3380256,0,0,0,1,2.061180353164673,8,18
normal_265,0,14,1.3575729,0,0,0,1,2.061180353164673,8,18
normal_265,0,21,1.3074787,0,0,0,1,2.061180353164673,8,18
normal_265,0,28,1.4448042,0,0,0,1,2.061180353164673,8,18
normal_265,0,35,1.3182219,0,0,0,1,2.061180353164673,8,18
normal_266,0,0,0.6166607,0,0,0,1,2.061180353164673,8,18
normal_266,0,7,0.7958167,0,0,0,1,2.061180353164673,8,18
normal_266,0,14,0.8560612,0,0,0,1,2.061180353164673,8,18
normal_266,0,21,0.7427057,0,0,0,1,2.061180353164673,8,18
normal_266,0,28,0.6799549,0,0,0,1,2.061180353164673,8,18
normal_266,0,35,0.71986455,0,0,0,1,2.061180353164673,8,18
normal_268,0,0,0.9405889,0,0,0,1,2.061180353164673,8,18
normal_268,0,7,1.146239,0,0,0,1,2.061180353164673,8,18
normal_288,0,0,0.42066032,0,0,0,1,2.061180353164673,8,18
normal_288,0,7,0.33817643,0,0,0,1,2.061180353164673,8,18
normal_288,0,14,0.40784726,0,0,0,1,2.061180353164673,8,18
normal_288,0,21,0.31065482,0,0,0,1,2.061180353164673,8,18
normal_288,0,28,0.38621187,0,0,0,1,2.061180353164673,8,18
normal_288,0,35,0.4561401,0,0,0,1,2.061180353164673,8,18
normal_294,0,0,0.67568487,0,0,0,1,2.061180353164673,8,18
normal_294,0,7,0.69585395,0,0,0,1,2.061180353164673,8,18
normal_294,0,14,0.49543372,0,0,0,1,2.061180353164673,8,18
normal_294,0,21,0.6710604,0,0,0,1,2.061180353164673,8,18
normal_294,0,28,0.7305209,0,0,0,1,2.061180353164673,8,18
normal_294,0,35,0.81992394,0,0,0,1,2.061180353164673,8,18
normal_299,0,0,0.9517968,0,0,0,1,2.061180353164673,8,18
normal_299,0,7,0.9538215,0,0,0,1,2.061180353164673,8,18
normal_299,0,14,1.2223248,0,0,0,1,2.061180353164673,8,18
normal_299,0,21,1.201734,0,0,0,1,2.061180353164673,8,18
normal_299,0,28,0.87414086,0,0,0,1,2.061180353164673,8,18
normal_299,0,35,0.8650248,0,0,0,1,2.061180353164673,8,18
normal_304,0,0,2.436919,1,1,0,1,2.061180353164673,8,18
normal_304,0,7,1.7447128,0,0,0,1,2.061180353164673,8,18
normal_304,0,14,1.4926771,0,0,0,1,2.061180353164673,8,18
normal_304,0,21,2.5048628,1,1,0,1,2.061180353164673,8,18
normal_304,0,28,2.6213305,1,2,0,1,2.061180353164673,8,18
normal_304,0,35,1.3021793,0,0,0,1,2.061180353164673,8,18
normal_305,0,0,0.37302256,0,0,0,1,2.061180353164673,8,18
normal_305,0,7,0.3595248,0,0,0,1,2.061180353164673,8,18
normal_305,0,14,0.28202257,0,0,0,1,2.061180353164673,8,18
normal_305,0,21,0.29283738,0,0,0,1,2.061180353164673,8,18
normal_305,0,28,0.29067212,0,0,0,1,2.061180353164673,8,18
normal_305,0,35,0.47665766,0,0,0,1,2.061180353164673,8,18
normal_310,0,0,0.9158068,0,0,0,1,2.061180353164673,8,18
normal_310,0,7,0.44928277,0,0,0,1,2.061180353164673,8,18
normal_310,0,14,0.513795,0,0,0,1,2.061180353164673,8,18
normal_310,0,21,0.554784,0,0,0,1,2.061180353164673,8,18
normal_310,0,28,0.32520908,0,0,0,1,2.061180353164673,8,18
normal_310,0,35,0.38184047,0,0,0,1,2.061180353164673,8,18
normal_311,0,0,1.4942957,0,0,0,1,2.061180353164673,8,18
normal_311,0,7,1.5051148,0,0,0,1,2.061180353164673,8,18
normal_311,0,14,1.3576242,0,0,0,1,2.061180353164673,8,18
normal_311,0,21,1.5684619,0,0,0,1,2.061180353164673,8,18
normal_311,0,28,1.689289,0,0,0,1,2.061180353164673,8,18
normal_311,0,35,2.0473368,0,0,0,1,2.061180353164673,8,18
normal_349,0,0,1.3120694,0,0,0,1,2.061180353164673,8,18
normal_349,0,7,1.6624042,0,0,0,1,2.061180353164673,8,18
normal_349,0,14,2.1244338,1,1,0,1,2.061180353164673,8,18
normal_349,0,21,1.2784369,0,0,0,1,2.061180353164673,8,18
normal_349,0,28,1.5426573,0,0,0,1,2.061180353164673,8,18
normal_349,0,35,2.290424,1,1,0,1,2.061180353164673,8,18
normal_356,0,0,0.5197263,0,0,0,1,2.061180353164673,8,18
normal_356,0,7,0.6111607,0,0,0,1,2.061180353164673,8,18
normal_356,0,14,0.63800573,0,0,0,1,2.061180353164673,8,18
normal_356,0,21,0.57543755,0,0,0,1,2.061180353164673,8,18
normal_356,0,28,0.54406726,0,0,0,1,2.061180353164673,8,18
normal_363,0,0,1.0513909,0,0,0,1,2.061180353164673,8,18
normal_363,0,7,1.0029281,0,0,0,1,2.061180353164673,8,18
normal_363,0,14,0.86858207,0,0,0,1,2.061180353164673,8,18
normal_367,0,0,1.2327969,0,0,0,1,2.061180353164673,8,18
normal_367,0,7,1.782151,0,0,0,1,2.061180353164673,8,18
normal_367,0,14,1.0905886,0,0,0,1,2.061180353164673,8,18
normal_367,0,21,1.2175919,0,0,0,1,2.061180353164673,8,18
normal_367,0,28,1.2044876,0,0,0,1,2.061180353164673,8,18
normal_367,0,35,1.0717616,0,0,0,1,2.061180353164673,8,18
normal_387,0,0,2.614246,1,1,0,1,2.061180353164673,8,18
normal_387,0,7,2.1214263,1,2,0,1,2.061180353164673,8,18
normal_390,0,0,1.4230014,0,0,0,1,2.061180353164673,8,18
normal_390,0,7,1.2259859,0,0,0,1,2.061180353164673,8,18
normal_390,0,14,0.9003224,0,0,0,1,2.061180353164673,8,18
normal_390,0,21,1.0694643,0,0,0,1,2.061180353164673,8,18
normal_390,0,28,1.375961,0,0,0,1,2.061180353164673,8,18
normal_390,0,35,1.7847254,0,0,0,1,2.061180353164673,8,18
normal_392,0,0,0.25229403,0,0,0,1,2.061180353164673,8,18
normal_392,0,7,0.27002072,0,0,0,1,2.061180353164673,8,18
normal_392,0,14,0.22146887,0,0,0,1,2.061180353164673,8,18
normal_392,0,21,0.23036662,0,0,0,1,2.061180353164673,8,18
normal_397,0,0,0.66956335,0,0,0,1,2.061180353164673,8,18
normal_397,0,7,0.5355277,0,0,0,1,2.061180353164673,8,18
normal_397,0,14,0.5674723,0,0,0,1,2.061180353164673,8,18
normal_397,0,21,0.79706454,0,0,0,1,2.061180353164673,8,18
normal_397,0,28,0.73221004,0,0,0,1,2.061180353164673,8,18
normal_398,0,0,1.33771,0,0,0,1,2.061180353164673,8,18
normal_398,0,7,1.7533529,0,0,0,1,2.061180353164673,8,18
normal_398,0,14,1.4346362,0,0,0,1,2.061180353164673,8,18
normal_403,0,0,0.21212521,0,0,0,1,2.061180353164673,8,18
normal_403,0,7,0.25090104,0,0,0,1,2.061180353164673,8,18
normal_403,0,14,0.35044974,0,0,0,1,2.061180353164673,8,18
normal_404,0,0,2.358882,1,1,0,1,2.061180353164673,8,18
normal_406,0,0,1.5295795,0,0,0,1,2.061180353164673,8,18
normal_406,0,7,1.363872,0,0,0,1,2.061180353164673,8,18
normal_406,0,14,1.5617548,0,0,0,1,2.061180353164673,8,18
normal_406,0,21,1.8405284,0,0,0,1,2.061180353164673,8,18
normal_406,0,28,1.3591639,0,0,0,1,2.061180353164673,8,18
normal_406,0,35,1.3731158,0,0,0,1,2.061180353164673,8,18
normal_408,0,0,0.31336436,0,0,0,1,2.061180353164673,8,18
normal_408,0,7,0.3763242,0,0,0,1,2.061180353164673,8,18
normal_408,0,14,0.316329,0,0,0,1,2.061180353164673,8,18
normal_408,0,21,0.37593147,0,0,0,1,2.061180353164673,8,18
normal_411,0,0,1.121231,0,0,0,1,2.061180353164673,8,18
normal_411,0,7,1.0260355,0,0,0,1,2.061180353164673,8,18
normal_411,0,14,1.1395248,0,0,0,1,2.061180353164673,8,18
normal_411,0,21,0.9144153,0,0,0,1,2.061180353164673,8,18
normal_411,0,28,1.1402754,0,0,0,1,2.061180353164673,8,18
normal_411,0,35,1.706502,0,0,0,1,2.061180353164673,8,18
normal_421,0,0,1.1494031,0,0,0,1,2.061180353164673,8,18
normal_421,0,7,1.3524628,0,0,0,1,2.061180353164673,8,18
normal_426,0,0,1.6818397,0,0,0,1,2.061180353164673,8,18
normal_426,0,7,1.8062998,0,0,0,1,2.061180353164673,8,18
normal_428,0,0,1.4171859,0,0,0,1,2.061180353164673,8,18
normal_428,0,7,1.3044968,0,0,0,1,2.061180353164673,8,18
normal_428,0,14,1.1570792,0,0,0,1,2.061180353164673,8,18
normal_428,0,21,1.3937285,0,0,0,1,2.061180353164673,8,18
normal_428,0,28,1.4972885,0,0,0,1,2.061180353164673,8,18
normal_428,0,35,1.7928579,0,0,0,1,2.061180353164673,8,18
normal_430,0,0,0.7413035,0,0,0,1,2.061180353164673,8,18
normal_430,0,7,0.33962315,0,0,0,1,2.061180353164673,8,18
normal_430,0,14,0.3339465,0,0,0,1,2.061180353164673,8,18
normal_430,0,21,0.3889104,0,0,0,1,2.061180353164673,8,18
normal_451,0,0,1.6416528,0,0,0,1,2.061180353164673,8,18
normal_451,0,7,1.77405,0,0,0,1,2.061180353164673,8,18
normal_451,0,14,1.626846,0,0,0,1,2.061180353164673,8,18
normal_451,0,21,1.3311086,0,0,0,1,2.061180353164673,8,18
normal_451,0,28,1.6688526,0,0,0,1,2.061180353164673,8,18
normal_453,0,0,1.3212585,0,0,0,1,2.061180353164673,8,18
normal_453,0,7,1.3774724,0,0,0,1,2.061180353164673,8,18
normal_463,0,0,0.43588647,0,0,0,1,2.061180353164673,8,18
normal_463,0,7,0.44783494,0,0,0,1,2.061180353164673,8,18
normal_463,0,14,0.37960553,0,0,0,1,2.061180353164673,8,18
normal_469,0,0,0.7559384,0,0,0,1,2.061180353164673,8,18
normal_469,0,7,0.6446408,0,0,0,1,2.061180353164673,8,18
normal_469,0,14,0.69165355,0,0,0,1,2.061180353164673,8,18
normal_469,0,21,0.62128747,0,0,0,1,2.061180353164673,8,18
normal_473,0,0,0.19732562,0,0,0,1,2.061180353164673,8,18
normal_473,0,7,0.21143869,0,0,0,1,2.061180353164673,8,18
normal_473,0,14,0.21539854,0,0,0,1,2.061180353164673,8,18
normal_473,0,21,0.18704359,0,0,0,1,2.061180353164673,8,18
normal_473,0,28,0.28769892,0,0,0,1,2.061180353164673,8,18
normal_473,0,35,0.26607722,0,0,0,1,2.061180353164673,8,18
normal_475,0,0,0.22141711,0,0,0,1,2.061180353164673,8,18
normal_475,0,7,0.25432068,0,0,0,1,2.061180353164673,8,18
normal_475,0,14,0.23686136,0,0,0,1,2.061180353164673,8,18
normal_475,0,21,0.23348637,0,0,0,1,2.061180353164673,8,18
normal_485,0,0,0.15391766,0,0,0,1,2.061180353164673,8,18
normal_485,0,7,0.13901469,0,0,0,1,2.061180353164673,8,18
normal_485,0,14,0.17332537,0,0,0,1,2.061180353164673,8,18
normal_485,0,21,0.17300758,0,0,0,1,2.061180353164673,8,18
normal_485,0,28,0.16703402,0,0,0,1,2.061180353164673,8,18
normal_488,0,0,0.23466475,0,0,0,1,2.061180353164673,8,18
normal_488,0,7,0.2849479,0,0,0,1,2.061180353164673,8,18
normal_488,0,14,0.2702236,0,0,0,1,2.061180353164673,8,18
normal_508,0,0,0.26287955,0,0,0,1,2.061180353164673,8,18
normal_508,0,7,0.34135133,0,0,0,1,2.061180353164673,8,18
normal_511,0,0,0.33740836,0,0,0,1,2.061180353164673,8,18
normal_511,0,7,0.31809855,0,0,0,1,2.061180353164673,8,18
normal_511,0,14,0.2476741,0,0,0,1,2.061180353164673,8,18
normal_511,0,21,0.25895548,0,0,0,1,2.061180353164673,8,18
normal_511,0,28,0.19522415,0,0,0,1,2.061180353164673,8,18
normal_511,0,35,0.21344066,0,0,0,1,2.061180353164673,8,18
normal_526,0,0,0.25186756,0,0,0,1,2.061180353164673,8,18
normal_526,0,7,0.21782345,0,0,0,1,2.061180353164673,8,18
normal_526,0,14,0.21107388,0,0,0,1,2.061180353164673,8,18
normal_526,0,21,0.21003549,0,0,0,1,2.061180353164673,8,18
normal_526,0,28,0.18439537,0,0,0,1,2.061180353164673,8,18
normal_526,0,35,0.14233318,0,0,0,1,2.061180353164673,8,18
normal_529,0,0,0.20970932,0,0,0,1,2.061180353164673,8,18
normal_529,0,7,0.26682165,0,0,0,1,2.061180353164673,8,18
normal_545,0,0,0.18619843,0,0,0,1,2.061180353164673,8,18
normal_545,0,7,0.1954304,0,0,0,1,2.061180353164673,8,18
normal_545,0,14,0.21765123,0,0,0,1,2.061180353164673,8,18
normal_545,0,21,0.23296928,0,0,0,1,2.061180353164673,8,18
normal_549,0,0,0.2174895,0,0,0,1,2.061180353164673,8,18
normal_549,0,7,0.19600466,0,0,0,1,2.061180353164673,8,18
normal_549,0,14,0.16651973,0,0,0,1,2.061180353164673,8,18
normal_549,0,21,0.20446655,0,0,0,1,2.061180353164673,8,18
normal_549,0,28,0.20436725,0,0,0,1,2.061180353164673,8,18
normal_549,0,35,0.17892891,0,0,0,1,2.061180353164673,8,18
normal_550,0,0,0.29221818,0,0,0,1,2.061180353164673,8,18
normal_550,0,7,0.28712255,0,0,0,1,2.061180353164673,8,18
normal_550,0,14,0.2354351,0,0,0,1,2.061180353164673,8,18
normal_550,0,21,0.21024075,0,0,0,1,2.061180353164673,8,18
normal_550,0,28,0.2060026,0,0,0,1,2.061180353164673,8,18
normal_551,0,0,0.158333,0,0,0,1,2.061180353164673,8,18
normal_551,0,7,0.15959048,0,0,0,1,2.061180353164673,8,18
normal_551,0,14,0.21713273,0,0,0,1,2.061180353164673,8,18
normal_551,0,21,0.2681254,0,0,0,1,2.061180353164673,8,18
normal_551,0,28,0.26746577,0,0,0,1,2.061180353164673,8,18
normal_556,0,0,0.22857422,0,0,0,1,2.061180353164673,8,18
normal_556,0,7,0.19729885,0,0,0,1,2.061180353164673,8,18
normal_556,0,14,0.16734272,0,0,0,1,2.061180353164673,8,18
normal_556,0,21,0.20121454,0,0,0,1,2.061180353164673,8,18
normal_556,0,28,0.17884138,0,0,0,1,2.061180353164673,8,18
normal_556,0,35,0.19534433,0,0,0,1,2.061180353164673,8,18
normal_564,0,0,0.64729685,0,0,0,1,2.061180353164673,8,18
normal_564,0,7,0.6286493,0,0,0,1,2.061180353164673,8,18
normal_564,0,14,0.61085665,0,0,0,1,2.061180353164673,8,18
normal_564,0,21,0.56650734,0,0,0,1,2.061180353164673,8,18
normal_564,0,28,0.9817603,0,0,0,1,2.061180353164673,8,18
normal_569,0,0,0.22034605,0,0,0,1,2.061180353164673,8,18
normal_569,0,7,0.31064066,0,0,0,1,2.061180353164673,8,18
normal_569,0,14,0.31031817,0,0,0,1,2.061180353164673,8,18
normal_569,0,21,0.27232143,0,0,0,1,2.061180353164673,8,18
normal_569,0,28,0.21923582,0,0,0,1,2.061180353164673,8,18
normal_569,0,35,0.29228258,0,0,0,1,2.061180353164673,8,18
normal_577,0,0,0.7591785,0,0,0,1,2.061180353164673,8,18
normal_577,0,7,0.7573366,0,0,0,1,2.061180353164673,8,18
normal_577,0,14,0.76855093,0,0,0,1,2.061180353164673,8,18
normal_577,0,21,0.6684488,0,0,0,1,2.061180353164673,8,18
normal_577,0,28,0.57581586,0,0,0,1,2.061180353164673,8,18
normal_580,0,0,0.37768322,0,0,0,1,2.061180353164673,8,18
normal_580,0,7,0.4225038,0,0,0,1,2.061180353164673,8,18
normal_583,0,0,0.26413265,0,0,0,1,2.061180353164673,8,18
normal_583,0,7,0.28676367,0,0,0,1,2.061180353164673,8,18
normal_583,0,14,0.49621886,0,0,0,1,2.061180353164673,8,18
normal_583,0,21,0.5316832,0,0,0,1,2.061180353164673,8,18
normal_583,0,28,0.54339486,0,0,0,1,2.061180353164673,8,18
normal_583,0,35,0.5723085,0,0,0,1,2.061180353164673,8,18
normal_596,0,0,0.47024626,0,0,0,1,2.061180353164673,8,18
normal_596,0,7,0.3985161,0,0,0,1,2.061180353164673,8,18
anomaly_12,1,0,26.945654,1,1,0,1,2.061180353164673,8,18
anomaly_12,1,7,1.1507925,0,0,0,1,2.061180353164673,8,18
anomaly_12,1,14,0.76678425,0,0,0,1,2.061180353164673,8,18
anomaly_12,1,21,0.7465095,0,0,0,1,2.061180353164673,8,18
anomaly_12,1,28,2.650188,1,1,0,1,2.061180353164673,8,18
anomaly_12,1,35,44.726284,1,2,0,1,2.061180353164673,8,18
anomaly_14,1,0,147.62405,1,1,0,1,2.061180353164673,8,18
anomaly_14,1,7,112.734085,1,2,0,1,2.061180353164673,8,18
normal_5,0,0,0.22145085,0,0,0,2,2.067941904067993,20,146
normal_5,0,7,0.2690232,0,0,0,2,2.067941904067993,20,146
normal_5,0,14,0.34603083,0,0,0,2,2.067941904067993,20,146
normal_5,0,21,0.23206493,0,0,0,2,2.067941904067993,20,146
normal_5,0,28,0.21506391,0,0,0,2,2.067941904067993,20,146
normal_5,0,35,0.26188987,0,0,0,2,2.067941904067993,20,146
normal_6,0,0,0.98544186,0,0,0,2,2.067941904067993,20,146
normal_6,0,7,0.9222456,0,0,0,2,2.067941904067993,20,146
normal_6,0,14,0.8948221,0,0,0,2,2.067941904067993,20,146
normal_6,0,21,0.84538186,0,0,0,2,2.067941904067993,20,146
normal_6,0,28,0.9959823,0,0,0,2,2.067941904067993,20,146
normal_6,0,35,0.8354404,0,0,0,2,2.067941904067993,20,146
normal_9,0,0,0.61387235,0,0,0,2,2.067941904067993,20,146
normal_9,0,7,0.68168396,0,0,0,2,2.067941904067993,20,146
normal_11,0,0,0.925161,0,0,0,2,2.067941904067993,20,146
normal_11,0,7,1.0573575,0,0,0,2,2.067941904067993,20,146
normal_11,0,14,0.8554385,0,0,0,2,2.067941904067993,20,146
normal_11,0,21,0.86126286,0,0,0,2,2.067941904067993,20,146
normal_11,0,28,0.83376193,0,0,0,2,2.067941904067993,20,146
normal_11,0,35,1.1496468,0,0,0,2,2.067941904067993,20,146
normal_13,0,0,1.1188242,0,0,0,2,2.067941904067993,20,146
normal_13,0,7,1.1818159,0,0,0,2,2.067941904067993,20,146
normal_13,0,14,0.84687805,0,0,0,2,2.067941904067993,20,146
normal_13,0,21,0.97757053,0,0,0,2,2.067941904067993,20,146
normal_20,0,0,0.37293282,0,0,0,2,2.067941904067993,20,146
normal_20,0,7,0.61456096,0,0,0,2,2.067941904067993,20,146
normal_21,0,0,0.40918896,0,0,0,2,2.067941904067993,20,146
normal_21,0,7,0.51621395,0,0,0,2,2.067941904067993,20,146
normal_26,0,0,0.32607907,0,0,0,2,2.067941904067993,20,146
normal_26,0,7,0.3674953,0,0,0,2,2.067941904067993,20,146
normal_29,0,0,0.31266892,0,0,0,2,2.067941904067993,20,146
normal_29,0,7,0.34508333,0,0,0,2,2.067941904067993,20,146
normal_29,0,14,0.30232218,0,0,0,2,2.067941904067993,20,146
normal_29,0,21,0.30768478,0,0,0,2,2.067941904067993,20,146
normal_29,0,28,0.38952208,0,0,0,2,2.067941904067993,20,146
normal_29,0,35,0.35260996,0,0,0,2,2.067941904067993,20,146
normal_42,0,0,0.38303584,0,0,0,2,2.067941904067993,20,146
normal_42,0,7,0.40493333,0,0,0,2,2.067941904067993,20,146
normal_42,0,14,0.2900768,0,0,0,2,2.067941904067993,20,146
normal_42,0,21,0.3511636,0,0,0,2,2.067941904067993,20,146
normal_42,0,28,0.37292698,0,0,0,2,2.067941904067993,20,146
normal_42,0,35,0.40123627,0,0,0,2,2.067941904067993,20,146
normal_43,0,0,0.63343054,0,0,0,2,2.067941904067993,20,146
normal_43,0,7,0.6980881,0,0,0,2,2.067941904067993,20,146
normal_43,0,14,0.37622845,0,0,0,2,2.067941904067993,20,146
normal_43,0,21,0.34968433,0,0,0,2,2.067941904067993,20,146
normal_43,0,28,0.4388421,0,0,0,2,2.067941904067993,20,146
normal_43,0,35,0.3286818,0,0,0,2,2.067941904067993,20,146
normal_44,0,0,1.1791266,0,0,0,2,2.067941904067993,20,146
normal_44,0,7,1.0712206,0,0,0,2,2.067941904067993,20,146
normal_44,0,14,0.96069413,0,0,0,2,2.067941904067993,20,146
normal_44,0,21,1.2255629,0,0,0,2,2.067941904067993,20,146
normal_44,0,28,1.323954,0,0,0,2,2.067941904067993,20,146
normal_53,0,0,1.0828508,0,0,0,2,2.067941904067993,20,146
normal_53,0,7,1.2461966,0,0,0,2,2.067941904067993,20,146
normal_53,0,14,1.3653176,0,0,0,2,2.067941904067993,20,146
normal_53,0,21,1.8029814,0,0,0,2,2.067941904067993,20,146
normal_53,0,28,1.4922655,0,0,0,2,2.067941904067993,20,146
normal_53,0,35,0.8856581,0,0,0,2,2.067941904067993,20,146
normal_57,0,0,0.32917982,0,0,0,2,2.067941904067993,20,146
normal_57,0,7,0.3224817,0,0,0,2,2.067941904067993,20,146
normal_57,0,14,0.3636276,0,0,0,2,2.067941904067993,20,146
normal_57,0,21,0.37991104,0,0,0,2,2.067941904067993,20,146
normal_57,0,28,0.43265024,0,0,0,2,2.067941904067993,20,146
normal_57,0,35,0.21506828,0,0,0,2,2.067941904067993,20,146
normal_75,0,0,1.5149287,0,0,0,2,2.067941904067993,20,146
normal_75,0,7,1.0787437,0,0,0,2,2.067941904067993,20,146
normal_75,0,14,1.330623,0,0,0,2,2.067941904067993,20,146
normal_75,0,21,1.8104663,0,0,0,2,2.067941904067993,20,146
normal_75,0,28,1.2866118,0,0,0,2,2.067941904067993,20,146
normal_75,0,35,0.9630245,0,0,0,2,2.067941904067993,20,146
normal_90,0,0,1.6864825,0,0,0,2,2.067941904067993,20,146
normal_90,0,7,1.5439959,0,0,0,2,2.067941904067993,20,146
normal_90,0,14,1.617614,0,0,0,2,2.067941904067993,20,146
normal_90,0,21,1.412513,0,0,0,2,2.067941904067993,20,146
normal_90,0,28,1.8249203,0,0,0,2,2.067941904067993,20,146
normal_90,0,35,1.6099635,0,0,0,2,2.067941904067993,20,146
normal_101,0,0,0.4965973,0,0,0,2,2.067941904067993,20,146
normal_101,0,7,0.40584192,0,0,0,2,2.067941904067993,20,146
normal_101,0,14,0.5324228,0,0,0,2,2.067941904067993,20,146
normal_101,0,21,0.8787506,0,0,0,2,2.067941904067993,20,146
normal_101,0,28,0.5078228,0,0,0,2,2.067941904067993,20,146
normal_101,0,35,0.34823525,0,0,0,2,2.067941904067993,20,146
normal_108,0,0,0.7630786,0,0,0,2,2.067941904067993,20,146
normal_108,0,7,0.6086313,0,0,0,2,2.067941904067993,20,146
normal_108,0,14,0.75800323,0,0,0,2,2.067941904067993,20,146
normal_108,0,21,0.42531267,0,0,0,2,2.067941904067993,20,146
normal_108,0,28,0.4985338,0,0,0,2,2.067941904067993,20,146
normal_108,0,35,0.54858905,0,0,0,2,2.067941904067993,20,146
normal_114,0,0,0.95253366,0,0,0,2,2.067941904067993,20,146
normal_114,0,7,1.424777,0,0,0,2,2.067941904067993,20,146
normal_114,0,14,1.2618909,0,0,0,2,2.067941904067993,20,146
normal_114,0,21,1.2651541,0,0,0,2,2.067941904067993,20,146
normal_114,0,28,1.2848618,0,0,0,2,2.067941904067993,20,146
normal_114,0,35,1.3641849,0,0,0,2,2.067941904067993,20,146
normal_122,0,0,0.5376195,0,0,0,2,2.067941904067993,20,146
normal_122,0,7,0.6352175,0,0,0,2,2.067941904067993,20,146
normal_122,0,14,0.4621553,0,0,0,2,2.067941904067993,20,146
normal_122,0,21,0.46114874,0,0,0,2,2.067941904067993,20,146
normal_126,0,0,1.4586049,0,0,0,2,2.067941904067993,20,146
normal_126,0,7,1.5690019,0,0,0,2,2.067941904067993,20,146
normal_126,0,14,2.1392844,1,1,0,2,2.067941904067993,20,146
normal_126,0,21,1.2781726,0,0,0,2,2.067941904067993,20,146
normal_126,0,28,1.9029312,0,0,0,2,2.067941904067993,20,146
normal_126,0,35,1.9811852,0,0,0,2,2.067941904067993,20,146
normal_128,0,0,1.2415904,0,0,0,2,2.067941904067993,20,146
normal_128,0,7,1.5415658,0,0,0,2,2.067941904067993,20,146
normal_128,0,14,0.7425545,0,0,0,2,2.067941904067993,20,146
normal_128,0,21,0.7738895,0,0,0,2,2.067941904067993,20,146
normal_128,0,28,0.52429515,0,0,0,2,2.067941904067993,20,146
normal_146,0,0,1.0788592,0,0,0,2,2.067941904067993,20,146
normal_146,0,7,0.95894516,0,0,0,2,2.067941904067993,20,146
normal_146,0,14,1.1742101,0,0,0,2,2.067941904067993,20,146
normal_146,0,21,1.428278,0,0,0,2,2.067941904067993,20,146
normal_146,0,28,1.3445911,0,0,0,2,2.067941904067993,20,146
normal_146,0,35,1.3901994,0,0,0,2,2.067941904067993,20,146
normal_148,0,0,1.3606428,0,0,0,2,2.067941904067993,20,146
normal_148,0,7,0.99623007,0,0,0,2,2.067941904067993,20,146
normal_149,0,0,0.33054256,0,0,0,2,2.067941904067993,20,146
normal_149,0,7,0.24951218,0,0,0,2,2.067941904067993,20,146
normal_159,0,0,0.7691117,0,0,0,2,2.067941904067993,20,146
normal_159,0,7,0.56767815,0,0,0,2,2.067941904067993,20,146
normal_159,0,14,0.6899042,0,0,0,2,2.067941904067993,20,146
normal_159,0,21,0.77336764,0,0,0,2,2.067941904067993,20,146
normal_159,0,28,0.65873516,0,0,0,2,2.067941904067993,20,146
normal_159,0,35,0.59121346,0,0,0,2,2.067941904067993,20,146
normal_161,0,0,1.4895341,0,0,0,2,2.067941904067993,20,146
normal_161,0,7,2.2064323,1,1,0,2,2.067941904067993,20,146
normal_161,0,14,1.2393234,0,0,0,2,2.067941904067993,20,146
normal_161,0,21,1.3082715,0,0,0,2,2.067941904067993,20,146
normal_166,0,0,1.2932351,0,0,0,2,2.067941904067993,20,146
normal_166,0,7,1.3289285,0,0,0,2,2.067941904067993,20,146
normal_166,0,14,0.6930618,0,0,0,2,2.067941904067993,20,146
normal_166,0,21,1.0476705,0,0,0,2,2.067941904067993,20,146
normal_166,0,28,1.1123136,0,0,0,2,2.067941904067993,20,146
normal_179,0,0,3.0115952,1,1,0,2,2.067941904067993,20,146
normal_179,0,7,3.5089002,1,2,0,2,2.067941904067993,20,146
normal_179,0,14,2.2486334,1,3,0,2,2.067941904067993,20,146
normal_182,0,0,1.6461399,0,0,0,2,2.067941904067993,20,146
normal_182,0,7,1.4772315,0,0,0,2,2.067941904067993,20,146
normal_182,0,14,1.4356517,0,0,0,2,2.067941904067993,20,146
normal_182,0,21,1.3121386,0,0,0,2,2.067941904067993,20,146
normal_182,0,28,1.5726327,0,0,0,2,2.067941904067993,20,146
normal_182,0,35,1.4918957,0,0,0,2,2.067941904067993,20,146
normal_186,0,0,0.5403606,0,0,0,2,2.067941904067993,20,146
normal_186,0,7,0.55979884,0,0,0,2,2.067941904067993,20,146
normal_191,0,0,0.45653722,0,0,0,2,2.067941904067993,20,146
normal_191,0,7,0.34653473,0,0,0,2,2.067941904067993,20,146
normal_200,0,0,0.8625819,0,0,0,2,2.067941904067993,20,146
normal_200,0,7,1.006774,0,0,0,2,2.067941904067993,20,146
normal_200,0,14,0.79880947,0,0,0,2,2.067941904067993,20,146
normal_200,0,21,0.8699232,0,0,0,2,2.067941904067993,20,146
normal_200,0,28,0.98829615,0,0,0,2,2.067941904067993,20,146
normal_205,0,0,1.4491433,0,0,0,2,2.067941904067993,20,146
normal_205,0,7,1.6345223,0,0,0,2,2.067941904067993,20,146
normal_205,0,14,1.9212494,0,0,0,2,2.067941904067993,20,146
normal_205,0,21,1.9286187,0,0,0,2,2.067941904067993,20,146
normal_205,0,28,1.4981152,0,0,0,2,2.067941904067993,20,146
normal_210,0,0,0.9307702,0,0,0,2,2.067941904067993,20,146
normal_210,0,7,1.0680511,0,0,0,2,2.067941904067993,20,146
normal_210,0,14,1.3042125,0,0,0,2,2.067941904067993,20,146
normal_210,0,21,1.3961858,0,0,0,2,2.067941904067993,20,146
normal_210,0,28,0.96763253,0,0,0,2,2.067941904067993,20,146
normal_210,0,35,1.1067057,0,0,0,2,2.067941904067993,20,146
normal_211,0,0,0.3118387,0,0,0,2,2.067941904067993,20,146
normal_211,0,7,0.28211173,0,0,0,2,2.067941904067993,20,146
normal_211,0,14,0.28002226,0,0,0,2,2.067941904067993,20,146
normal_211,0,21,0.31465283,0,0,0,2,2.067941904067993,20,146
normal_211,0,28,0.41475227,0,0,0,2,2.067941904067993,20,146
normal_211,0,35,0.33062336,0,0,0,2,2.067941904067993,20,146
normal_214,0,0,0.3698056,0,0,0,2,2.067941904067993,20,146
normal_214,0,7,0.33523032,0,0,0,2,2.067941904067993,20,146
normal_217,0,0,1.3661189,0,0,0,2,2.067941904067993,20,146
normal_217,0,7,1.4110868,0,0,0,2,2.067941904067993,20,146
normal_217,0,14,1.1383896,0,0,0,2,2.067941904067993,20,146
normal_217,0,21,1.4261161,0,0,0,2,2.067941904067993,20,146
normal_217,0,28,1.3632985,0,0,0,2,2.067941904067993,20,146
normal_217,0,35,1.249247,0,0,0,2,2.067941904067993,20,146
normal_231,0,0,0.32728413,0,0,0,2,2.067941904067993,20,146
normal_231,0,7,0.2960273,0,0,0,2,2.067941904067993,20,146
normal_231,0,14,0.49127802,0,0,0,2,2.067941904067993,20,146
normal_235,0,0,0.49886882,0,0,0,2,2.067941904067993,20,146
normal_235,0,7,0.42173296,0,0,0,2,2.067941904067993,20,146
normal_235,0,14,0.39850488,0,0,0,2,2.067941904067993,20,146
normal_235,0,21,0.45460612,0,0,0,2,2.067941904067993,20,146
normal_235,0,28,0.54118943,0,0,0,2,2.067941904067993,20,146
normal_235,0,35,0.5667682,0,0,0,2,2.067941904067993,20,146
normal_236,0,0,1.4584974,0,0,0,2,2.067941904067993,20,146
normal_236,0,7,1.6433663,0,0,0,2,2.067941904067993,20,146
normal_236,0,14,1.4160835,0,0,0,2,2.067941904067993,20,146
normal_236,0,21,1.4206222,0,0,0,2,2.067941904067993,20,146
normal_247,0,0,1.135757,0,0,0,2,2.067941904067993,20,146
normal_247,0,7,0.77007055,0,0,0,2,2.067941904067993,20,146
normal_247,0,14,0.821627,0,0,0,2,2.067941904067993,20,146
normal_247,0,21,0.6503475,0,0,0,2,2.067941904067993,20,146
normal_247,0,28,0.6971985,0,0,0,2,2.067941904067993,20,146
normal_247,0,35,0.75991076,0,0,0,2,2.067941904067993,20,146
normal_249,0,0,1.064543,0,0,0,2,2.067941904067993,20,146
normal_249,0,7,1.3079389,0,0,0,2,2.067941904067993,20,146
normal_249,0,14,1.2781923,0,0,0,2,2.067941904067993,20,146
normal_250,0,0,0.6775318,0,0,0,2,2.067941904067993,20,146
normal_250,0,7,0.6642546,0,0,0,2,2.067941904067993,20,146
normal_254,0,0,1.0184116,0,0,0,2,2.067941904067993,20,146
normal_254,0,7,1.1709088,0,0,0,2,2.067941904067993,20,146
normal_254,0,14,0.9496596,0,0,0,2,2.067941904067993,20,146
normal_254,0,21,1.025603,0,0,0,2,2.067941904067993,20,146
normal_255,0,0,1.1716788,0,0,0,2,2.067941904067993,20,146
normal_255,0,7,1.0847113,0,0,0,2,2.067941904067993,20,146
normal_277,0,0,2.591702,1,1,0,2,2.067941904067993,20,146
normal_277,0,7,3.2844326,1,2,0,2,2.067941904067993,20,146
normal_277,0,14,1.7228601,0,0,0,2,2.067941904067993,20,146
normal_282,0,0,0.36756212,0,0,0,2,2.067941904067993,20,146
normal_282,0,7,0.24920595,0,0,0,2,2.067941904067993,20,146
normal_282,0,14,0.22759908,0,0,0,2,2.067941904067993,20,146
normal_282,0,21,0.21062215,0,0,0,2,2.067941904067993,20,146
normal_282,0,28,0.24187174,0,0,0,2,2.067941904067993,20,146
normal_289,0,0,0.33916688,0,0,0,2,2.067941904067993,20,146
normal_289,0,7,0.24813421,0,0,0,2,2.067941904067993,20,146
normal_289,0,14,0.27270254,0,0,0,2,2.067941904067993,20,146
normal_289,0,21,0.30947638,0,0,0,2,2.067941904067993,20,146
normal_290,0,0,1.5681027,0,0,0,2,2.067941904067993,20,146
normal_290,0,7,1.4994868,0,0,0,2,2.067941904067993,20,146
normal_301,0,0,1.3447239,0,0,0,2,2.067941904067993,20,146
normal_301,0,7,1.4302205,0,0,0,2,2.067941904067993,20,146
normal_301,0,14,1.4508243,0,0,0,2,2.067941904067993,20,146
normal_301,0,21,0.8961284,0,0,0,2,2.067941904067993,20,146
normal_308,0,0,0.5943086,0,0,0,2,2.067941904067993,20,146
normal_308,0,7,0.7328897,0,0,0,2,2.067941904067993,20,146
normal_317,0,0,1.1481258,0,0,0,2,2.067941904067993,20,146
normal_317,0,7,1.2928686,0,0,0,2,2.067941904067993,20,146
normal_317,0,14,1.0052946,0,0,0,2,2.067941904067993,20,146
normal_317,0,21,1.0490377,0,0,0,2,2.067941904067993,20,146
normal_317,0,28,0.9147486,0,0,0,2,2.067941904067993,20,146
normal_317,0,35,1.0540873,0,0,0,2,2.067941904067993,20,146
normal_323,0,0,2.062319,0,0,0,2,2.067941904067993,20,146
normal_323,0,7,1.5843284,0,0,0,2,2.067941904067993,20,146
normal_323,0,14,1.4514072,0,0,0,2,2.067941904067993,20,146
normal_323,0,21,1.4834666,0,0,0,2,2.067941904067993,20,146
normal_323,0,28,1.7493141,0,0,0,2,2.067941904067993,20,146
normal_323,0,35,1.2587756,0,0,0,2,2.067941904067993,20,146
normal_325,0,0,0.5115268,0,0,0,2,2.067941904067993,20,146
normal_325,0,7,0.4635531,0,0,0,2,2.067941904067993,20,146
normal_325,0,14,0.3452847,0,0,0,2,2.067941904067993,20,146
normal_325,0,21,0.4386514,0,0,0,2,2.067941904067993,20,146
normal_325,0,28,0.63337487,0,0,0,2,2.067941904067993,20,146
normal_332,0,0,1.4963937,0,0,0,2,2.067941904067993,20,146
normal_332,0,7,1.362339,0,0,0,2,2.067941904067993,20,146
normal_332,0,14,1.5232371,0,0,0,2,2.067941904067993,20,146
normal_355,0,0,1.5261956,0,0,0,2,2.067941904067993,20,146
normal_355,0,7,1.4323785,0,0,0,2,2.067941904067993,20,146
normal_355,0,14,1.9264301,0,0,0,2,2.067941904067993,20,146
normal_355,0,21,2.0927405,1,1,0,2,2.067941904067993,20,146
normal_355,0,28,1.5006785,0,0,0,2,2.067941904067993,20,146
normal_355,0,35,1.6696094,0,0,0,2,2.067941904067993,20,146
normal_358,0,0,1.4173266,0,0,0,2,2.067941904067993,20,146
normal_366,0,0,0.57949674,0,0,0,2,2.067941904067993,20,146
normal_366,0,7,0.4156636,0,0,0,2,2.067941904067993,20,146
normal_366,0,14,0.3404358,0,0,0,2,2.067941904067993,20,146
normal_366,0,21,0.46663105,0,0,0,2,2.067941904067993,20,146
normal_366,0,28,0.37433755,0,0,0,2,2.067941904067993,20,146
normal_366,0,35,0.25130913,0,0,0,2,2.067941904067993,20,146
normal_376,0,0,1.2042743,0,0,0,2,2.067941904067993,20,146
normal_386,0,0,0.24488029,0,0,0,2,2.067941904067993,20,146
normal_386,0,7,0.31296346,0,0,0,2,2.067941904067993,20,146
normal_386,0,14,0.41888475,0,0,0,2,2.067941904067993,20,146
normal_386,0,21,0.5617605,0,0,0,2,2.067941904067993,20,146
normal_393,0,0,1.0193481,0,0,0,2,2.067941904067993,20,146
normal_393,0,7,0.629559,0,0,0,2,2.067941904067993,20,146
normal_409,0,0,1.1037722,0,0,0,2,2.067941904067993,20,146
normal_409,0,7,1.4456252,0,0,0,2,2.067941904067993,20,146
normal_419,0,0,0.26378623,0,0,0,2,2.067941904067993,20,146
normal_419,0,7,0.25741565,0,0,0,2,2.067941904067993,20,146
normal_419,0,14,0.2924584,0,0,0,2,2.067941904067993,20,146
normal_419,0,21,0.34067023,0,0,0,2,2.067941904067993,20,146
normal_419,0,28,0.2331149,0,0,0,2,2.067941904067993,20,146
normal_419,0,35,0.30760616,0,0,0,2,2.067941904067993,20,146
normal_420,0,0,2.1097465,1,1,0,2,2.067941904067993,20,146
normal_420,0,7,1.5767722,0,0,0,2,2.067941904067993,20,146
normal_420,0,14,2.092925,1,1,0,2,2.067941904067993,20,146
normal_420,0,21,1.2554666,0,0,0,2,2.067941904067993,20,146
normal_434,0,0,0.36426002,0,0,0,2,2.067941904067993,20,146
normal_434,0,7,0.38352096,0,0,0,2,2.067941904067993,20,146
normal_434,0,14,0.36186188,0,0,0,2,2.067941904067993,20,146
normal_434,0,21,0.26062098,0,0,0,2,2.067941904067993,20,146
normal_434,0,28,0.28480455,0,0,0,2,2.067941904067993,20,146
normal_434,0,35,0.30125946,0,0,0,2,2.067941904067993,20,146
normal_440,0,0,0.36914274,0,0,0,2,2.067941904067993,20,146
normal_440,0,7,0.3317628,0,0,0,2,2.067941904067993,20,146
normal_440,0,14,0.5341338,0,0,0,2,2.067941904067993,20,146
normal_440,0,21,0.5088155,0,0,0,2,2.067941904067993,20,146
normal_440,0,28,0.28572446,0,0,0,2,2.067941904067993,20,146
normal_444,0,0,0.52504325,0,0,0,2,2.067941904067993,20,146
normal_444,0,7,0.34980842,0,0,0,2,2.067941904067993,20,146
normal_444,0,14,0.28612772,0,0,0,2,2.067941904067993,20,146
normal_444,0,21,0.35655493,0,0,0,2,2.067941904067993,20,146
normal_444,0,28,0.47365412,0,0,0,2,2.067941904067993,20,146
normal_444,0,35,0.6507689,0,0,0,2,2.067941904067993,20,146
normal_452,0,0,0.36871257,0,0,0,2,2.067941904067993,20,146
normal_452,0,7,0.31037477,0,0,0,2,2.067941904067993,20,146
normal_452,0,14,0.2962783,0,0,0,2,2.067941904067993,20,146
normal_452,0,21,0.30437168,0,0,0,2,2.067941904067993,20,146
normal_455,0,0,0.63187736,0,0,0,2,2.067941904067993,20,146
normal_455,0,7,0.51653874,0,0,0,2,2.067941904067993,20,146
normal_455,0,14,0.42122662,0,0,0,2,2.067941904067993,20,146
normal_455,0,21,0.5228235,0,0,0,2,2.067941904067993,20,146
normal_455,0,28,0.49915835,0,0,0,2,2.067941904067993,20,146
normal_455,0,35,0.5613809,0,0,0,2,2.067941904067993,20,146
normal_456,0,0,1.6605896,0,0,0,2,2.067941904067993,20,146
normal_456,0,7,2.2237182,1,1,0,2,2.067941904067993,20,146
normal_456,0,14,2.0695052,1,2,0,2,2.067941904067993,20,146
normal_456,0,21,1.4893638,0,0,0,2,2.067941904067993,20,146
normal_456,0,28,1.8661466,0,0,0,2,2.067941904067993,20,146
normal_456,0,35,2.3055859,1,1,0,2,2.067941904067993,20,146
normal_462,0,0,0.48769298,0,0,0,2,2.067941904067993,20,146
normal_462,0,7,0.41304597,0,0,0,2,2.067941904067993,20,146
normal_462,0,14,0.27833334,0,0,0,2,2.067941904067993,20,146
normal_462,0,21,0.3043022,0,0,0,2,2.067941904067993,20,146
normal_462,0,28,0.340128,0,0,0,2,2.067941904067993,20,146
normal_471,0,0,0.48218888,0,0,0,2,2.067941904067993,20,146
normal_471,0,7,0.62291664,0,0,0,2,2.067941904067993,20,146
normal_490,0,0,0.1759096,0,0,0,2,2.067941904067993,20,146
normal_492,0,0,0.2590918,0,0,0,2,2.067941904067993,20,146
normal_492,0,7,0.24205089,0,0,0,2,2.067941904067993,20,146
normal_492,0,14,0.18154693,0,0,0,2,2.067941904067993,20,146
normal_492,0,21,0.29643086,0,0,0,2,2.067941904067993,20,146
normal_492,0,28,0.35788184,0,0,0,2,2.067941904067993,20,146
normal_492,0,35,0.43382445,0,0,0,2,2.067941904067993,20,146
normal_499,0,0,0.18740618,0,0,0,2,2.067941904067993,20,146
normal_499,0,7,0.15464348,0,0,0,2,2.067941904067993,20,146
normal_499,0,14,0.24161784,0,0,0,2,2.067941904067993,20,146
normal_499,0,21,0.23067729,0,0,0,2,2.067941904067993,20,146
normal_499,0,28,0.16752231,0,0,0,2,2.067941904067993,20,146
normal_499,0,35,0.2429571,0,0,0,2,2.067941904067993,20,146
normal_516,0,0,0.20339729,0,0,0,2,2.067941904067993,20,146
normal_516,0,7,0.2200124,0,0,0,2,2.067941904067993,20,146
normal_516,0,14,0.256275,0,0,0,2,2.067941904067993,20,146
normal_516,0,21,0.25544807,0,0,0,2,2.067941904067993,20,146
normal_516,0,28,0.30044213,0,0,0,2,2.067941904067993,20,146
normal_516,0,35,0.23164614,0,0,0,2,2.067941904067993,20,146
normal_517,0,0,0.19252941,0,0,0,2,2.067941904067993,20,146
normal_517,0,7,0.20455907,0,0,0,2,2.067941904067993,20,146
normal_517,0,14,0.22907016,0,0,0,2,2.067941904067993,20,146
normal_517,0,21,0.2072244,0,0,0,2,2.067941904067993,20,146
normal_518,0,0,0.18919739,0,0,0,2,2.067941904067993,20,146
normal_518,0,7,0.16197005,0,0,0,2,2.067941904067993,20,146
normal_539,0,0,0.2741378,0,0,0,2,2.067941904067993,20,146
normal_539,0,7,0.24372707,0,0,0,2,2.067941904067993,20,146
normal_539,0,14,0.16401535,0,0,0,2,2.067941904067993,20,146
normal_552,0,0,0.17591597,0,0,0,2,2.067941904067993,20,146
normal_552,0,7,0.2212426,0,0,0,2,2.067941904067993,20,146
normal_552,0,14,0.19424003,0,0,0,2,2.067941904067993,20,146
normal_552,0,21,0.2985937,0,0,0,2,2.067941904067993,20,146
normal_552,0,28,0.29082572,0,0,0,2,2.067941904067993,20,146
normal_557,0,0,0.24559909,0,0,0,2,2.067941904067993,20,146
normal_557,0,7,0.20787364,0,0,0,2,2.067941904067993,20,146
normal_557,0,14,0.19021672,0,0,0,2,2.067941904067993,20,146
normal_557,0,21,0.2590179,0,0,0,2,2.067941904067993,20,146
normal_557,0,28,0.23579541,0,0,0,2,2.067941904067993,20,146
normal_557,0,35,0.21171114,0,0,0,2,2.067941904067993,20,146
normal_559,0,0,0.23860526,0,0,0,2,2.067941904067993,20,146
normal_559,0,7,0.24507165,0,0,0,2,2.067941904067993,20,146
normal_559,0,14,0.22944926,0,0,0,2,2.067941904067993,20,146
normal_562,0,0,0.29000592,0,0,0,2,2.067941904067993,20,146
normal_562,0,7,0.2459784,0,0,0,2,2.067941904067993,20,146
normal_562,0,14,0.35941002,0,0,0,2,2.067941904067993,20,146
normal_562,0,21,0.4066665,0,0,0,2,2.067941904067993,20,146
normal_562,0,28,0.45653746,0,0,0,2,2.067941904067993,20,146
normal_562,0,35,0.42399403,0,0,0,2,2.067941904067993,20,146
normal_568,0,0,1.1288574,0,0,0,2,2.067941904067993,20,146
normal_568,0,7,1.4199291,0,0,0,2,2.067941904067993,20,146
normal_568,0,14,1.7909385,0,0,0,2,2.067941904067993,20,146
normal_568,0,21,1.0617393,0,0,0,2,2.067941904067993,20,146
normal_568,0,28,0.9140924,0,0,0,2,2.067941904067993,20,146
normal_568,0,35,0.886412,0,0,0,2,2.067941904067993,20,146
normal_576,0,0,1.8199836,0,0,0,2,2.067941904067993,20,146
normal_576,0,7,1.4184352,0,0,0,2,2.067941904067993,20,146
normal_576,0,14,2.239081,1,1,0,2,2.067941904067993,20,146
normal_576,0,21,1.3095057,0,0,0,2,2.067941904067993,20,146
normal_576,0,28,1.6074632,0,0,0,2,2.067941904067993,20,146
normal_576,0,35,1.8614329,0,0,0,2,2.067941904067993,20,146
normal_588,0,0,0.71011597,0,0,0,2,2.067941904067993,20,146
normal_588,0,7,0.8126743,0,0,0,2,2.067941904067993,20,146
normal_588,0,14,1.0901617,0,0,0,2,2.067941904067993,20,146
normal_588,0,21,0.7632571,0,0,0,2,2.067941904067993,20,146
normal_588,0,28,0.7279772,0,0,0,2,2.067941904067993,20,146
normal_588,0,35,0.6686128,0,0,0,2,2.067941904067993,20,146
normal_590,0,0,1.4246889,0,0,0,2,2.067941904067993,20,146
normal_590,0,7,1.4502043,0,0,0,2,2.067941904067993,20,146
normal_590,0,14,1.320963,0,0,0,2,2.067941904067993,20,146
normal_593,0,0,0.59804916,0,0,0,2,2.067941904067993,20,146
normal_593,0,7,0.6349891,0,0,0,2,2.067941904067993,20,146
normal_593,0,14,0.62004286,0,0,0,2,2.067941904067993,20,146
normal_593,0,21,0.81414336,0,0,0,2,2.067941904067993,20,146
normal_593,0,28,0.818167,0,0,0,2,2.067941904067993,20,146
normal_593,0,35,1.3372939,0,0,0,2,2.067941904067993,20,146
normal_594,0,0,0.45882112,0,0,0,2,2.067941904067993,20,146
normal_594,0,7,0.7279868,0,0,0,2,2.067941904067993,20,146
normal_594,0,14,0.6380877,0,0,0,2,2.067941904067993,20,146
normal_594,0,21,0.64200413,0,0,0,2,2.067941904067993,20,146
normal_594,0,28,0.5803975,0,0,0,2,2.067941904067993,20,146
normal_595,0,0,1.2502669,0,0,0,2,2.067941904067993,20,146
normal_595,0,7,1.4314201,0,0,0,2,2.067941904067993,20,146
normal_595,0,14,1.3263696,0,0,0,2,2.067941904067993,20,146
anomaly_7,1,0,50.991455,1,1,0,2,2.067941904067993,20,146
anomaly_7,1,7,5.806935,1,2,0,2,2.067941904067993,20,146
anomaly_7,1,14,2.0601645,0,0,0,2,2.067941904067993,20,146
anomaly_7,1,21,76.91602,1,1,0,2,2.067941904067993,20,146
anomaly_7,1,28,119.671524,1,2,0,2,2.067941904067993,20,146
anomaly_7,1,35,69.15813,1,3,0,2,2.067941904067993,20,146
anomaly_9,1,0,0.81714207,0,0,0,2,2.067941904067993,20,146
anomaly_9,1,7,19.380533,1,1,0,2,2.067941904067993,20,146
normal_18,0,0,0.28867725,0,0,0,3,1.90915048122406,10,36
normal_18,0,7,0.25906527,0,0,0,3,1.90915048122406,10,36
normal_18,0,14,0.27869278,0,0,0,3,1.90915048122406,10,36
normal_18,0,21,0.3360957,0,0,0,3,1.90915048122406,10,36
normal_19,0,0,0.6712338,0,0,0,3,1.90915048122406,10,36
normal_19,0,7,0.61578214,0,0,0,3,1.90915048122406,10,36
normal_19,0,14,0.58754104,0,0,0,3,1.90915048122406,10,36
normal_19,0,21,0.46820146,0,0,0,3,1.90915048122406,10,36
normal_24,0,0,0.18926595,0,0,0,3,1.90915048122406,10,36
normal_24,0,7,0.35741064,0,0,0,3,1.90915048122406,10,36
normal_24,0,14,0.41573113,0,0,0,3,1.90915048122406,10,36
normal_24,0,21,0.47987103,0,0,0,3,1.90915048122406,10,36
normal_24,0,28,0.39369,0,0,0,3,1.90915048122406,10,36
normal_24,0,35,0.32297978,0,0,0,3,1.90915048122406,10,36
normal_25,0,0,0.9398848,0,0,0,3,1.90915048122406,10,36
normal_25,0,7,1.1336946,0,0,0,3,1.90915048122406,10,36
normal_25,0,14,1.3633817,0,0,0,3,1.90915048122406,10,36
normal_25,0,21,1.1108077,0,0,0,3,1.90915048122406,10,36
normal_30,0,0,0.5160173,0,0,0,3,1.90915048122406,10,36
normal_30,0,7,0.78028786,0,0,0,3,1.90915048122406,10,36
normal_30,0,14,0.54519206,0,0,0,3,1.90915048122406,10,36
normal_30,0,21,0.50646865,0,0,0,3,1.90915048122406,10,36
normal_36,0,0,0.20581049,0,0,0,3,1.90915048122406,10,36
normal_36,0,7,0.18402651,0,0,0,3,1.90915048122406,10,36
normal_36,0,14,0.2645476,0,0,0,3,1.90915048122406,10,36
normal_36,0,21,0.29499647,0,0,0,3,1.90915048122406,10,36
normal_45,0,0,0.7082314,0,0,0,3,1.90915048122406,10,36
normal_45,0,7,0.76437664,0,0,0,3,1.90915048122406,10,36
normal_45,0,14,0.58538336,0,0,0,3,1.90915048122406,10,36
normal_48,0,0,0.67616844,0,0,0,3,1.90915048122406,10,36
normal_48,0,7,1.0550159,0,0,0,3,1.90915048122406,10,36
normal_48,0,14,0.8714627,0,0,0,3,1.90915048122406,10,36
normal_48,0,21,0.99755156,0,0,0,3,1.90915048122406,10,36
normal_48,0,28,0.8227692,0,0,0,3,1.90915048122406,10,36
normal_48,0,35,1.2276778,0,0,0,3,1.90915048122406,10,36
normal_54,0,0,1.1045678,0,0,0,3,1.90915048122406,10,36
normal_54,0,7,0.84144676,0,0,0,3,1.90915048122406,10,36
normal_54,0,14,1.1330746,0,0,0,3,1.90915048122406,10,36
normal_54,0,21,1.2488221,0,0,0,3,1.90915048122406,10,36
normal_54,0,28,1.0241233,0,0,0,3,1.90915048122406,10,36
normal_54,0,35,1.1300335,0,0,0,3,1.90915048122406,10,36
normal_55,0,0,0.25976762,0,0,0,3,1.90915048122406,10,36
normal_55,0,7,0.24924117,0,0,0,3,1.90915048122406,10,36
normal_55,0,14,0.25019783,0,0,0,3,1.90915048122406,10,36
normal_55,0,21,0.18437058,0,0,0,3,1.90915048122406,10,36
normal_55,0,28,0.21173918,0,0,0,3,1.90915048122406,10,36
normal_55,0,35,0.22900768,0,0,0,3,1.90915048122406,10,36
normal_63,0,0,1.694248,0,0,0,3,1.90915048122406,10,36
normal_63,0,7,1.3483064,0,0,0,3,1.90915048122406,10,36
normal_63,0,14,1.163454,0,0,0,3,1.90915048122406,10,36
normal_63,0,21,1.3885615,0,0,0,3,1.90915048122406,10,36
normal_63,0,28,1.6259457,0,0,0,3,1.90915048122406,10,36
normal_63,0,35,1.1525377,0,0,0,3,1.90915048122406,10,36
normal_68,0,0,1.7155435,0,0,0,3,1.90915048122406,10,36
normal_68,0,7,1.6437459,0,0,0,3,1.90915048122406,10,36
normal_68,0,14,1.2560289,0,0,0,3,1.90915048122406,10,36
normal_68,0,21,0.6651034,0,0,0,3,1.90915048122406,10,36
normal_68,0,28,0.9598382,0,0,0,3,1.90915048122406,10,36
normal_68,0,35,0.7615828,0,0,0,3,1.90915048122406,10,36
normal_80,0,0,1.5007043,0,0,0,3,1.90915048122406,10,36
normal_80,0,7,0.98861915,0,0,0,3,1.90915048122406,10,36
normal_80,0,14,1.8619733,0,0,0,3,1.90915048122406,10,36
normal_80,0,21,1.8965763,0,0,0,3,1.90915048122406,10,36
normal_80,0,28,1.2560079,0,0,0,3,1.90915048122406,10,36
normal_80,0,35,1.442957,0,0,0,3,1.90915048122406,10,36
normal_85,0,0,1.0657245,0,0,0,3,1.90915048122406,10,36
normal_85,0,7,1.0997995,0,0,0,3,1.90915048122406,10,36
normal_85,0,14,1.0710361,0,0,0,3,1.90915048122406,10,36
normal_85,0,21,1.2192158,0,0,0,3,1.90915048122406,10,36
normal_85,0,28,1.2119603,0,0,0,3,1.90915048122406,10,36
normal_85,0,35,1.1592048,0,0,0,3,1.90915048122406,10,36
normal_88,0,0,1.5590684,0,0,0,3,1.90915048122406,10,36
normal_88,0,7,1.3268234,0,0,0,3,1.90915048122406,10,36
normal_93,0,0,1.1734271,0,0,0,3,1.90915048122406,10,36
normal_93,0,7,1.2318974,0,0,0,3,1.90915048122406,10,36
normal_96,0,0,0.7758684,0,0,0,3,1.90915048122406,10,36
normal_96,0,7,0.6841447,0,0,0,3,1.90915048122406,10,36
normal_96,0,14,0.88346386,0,0,0,3,1.90915048122406,10,36
normal_96,0,21,1.0358192,0,0,0,3,1.90915048122406,10,36
normal_96,0,28,1.0575583,0,0,0,3,1.90915048122406,10,36
normal_96,0,35,0.8171134,0,0,0,3,1.90915048122406,10,36
normal_110,0,0,0.6009374,0,0,0,3,1.90915048122406,10,36
normal_110,0,7,0.5088527,0,0,0,3,1.90915048122406,10,36
normal_110,0,14,0.5387448,0,0,0,3,1.90915048122406,10,36
normal_110,0,21,0.8176545,0,0,0,3,1.90915048122406,10,36
normal_120,0,0,1.1697096,0,0,0,3,1.90915048122406,10,36
normal_120,0,7,1.024974,0,0,0,3,1.90915048122406,10,36
normal_120,0,14,0.8386052,0,0,0,3,1.90915048122406,10,36
normal_120,0,21,0.8299774,0,0,0,3,1.90915048122406,10,36
normal_120,0,28,0.98360944,0,0,0,3,1.90915048122406,10,36
normal_120,0,35,1.1013402,0,0,0,3,1.90915048122406,10,36
normal_121,0,0,0.4518323,0,0,0,3,1.90915048122406,10,36
normal_121,0,7,0.29462016,0,0,0,3,1.90915048122406,10,36
normal_121,0,14,0.35838264,0,0,0,3,1.90915048122406,10,36
normal_121,0,21,0.23405115,0,0,0,3,1.90915048122406,10,36
normal_121,0,28,0.22458377,0,0,0,3,1.90915048122406,10,36
normal_121,0,35,0.31272033,0,0,0,3,1.90915048122406,10,36
normal_123,0,0,1.5761563,0,0,0,3,1.90915048122406,10,36
normal_123,0,7,2.4926808,1,1,0,3,1.90915048122406,10,36
normal_123,0,14,2.637814,1,2,0,3,1.90915048122406,10,36
normal_153,0,0,0.6269065,0,0,0,3,1.90915048122406,10,36
normal_153,0,7,0.33605012,0,0,0,3,1.90915048122406,10,36
normal_153,0,14,0.2795386,0,0,0,3,1.90915048122406,10,36
normal_153,0,21,0.33966845,0,0,0,3,1.90915048122406,10,36
normal_153,0,28,0.34259713,0,0,0,3,1.90915048122406,10,36
normal_153,0,35,0.24664752,0,0,0,3,1.90915048122406,10,36
normal_154,0,0,0.5236334,0,0,0,3,1.90915048122406,10,36
normal_154,0,7,0.48106885,0,0,0,3,1.90915048122406,10,36
normal_154,0,14,0.51954406,0,0,0,3,1.90915048122406,10,36
normal_154,0,21,0.38063294,0,0,0,3,1.90915048122406,10,36
normal_154,0,28,0.4523429,0,0,0,3,1.90915048122406,10,36
normal_154,0,35,0.51154304,0,0,0,3,1.90915048122406,10,36
normal_172,0,0,0.98773795,0,0,0,3,1.90915048122406,10,36
normal_172,0,7,1.048461,0,0,0,3,1.90915048122406,10,36
normal_189,0,0,1.4969174,0,0,0,3,1.90915048122406,10,36
normal_189,0,7,1.7810832,0,0,0,3,1.90915048122406,10,36
normal_189,0,14,1.9027666,0,0,0,3,1.90915048122406,10,36
normal_189,0,21,1.0498658,0,0,0,3,1.90915048122406,10,36
normal_189,0,28,1.3948243,0,0,0,3,1.90915048122406,10,36
normal_189,0,35,2.1208847,1,1,0,3,1.90915048122406,10,36
normal_195,0,0,0.71422577,0,0,0,3,1.90915048122406,10,36
normal_195,0,7,0.71993,0,0,0,3,1.90915048122406,10,36
normal_195,0,14,0.8112704,0,0,0,3,1.90915048122406,10,36
normal_195,0,21,0.7146977,0,0,0,3,1.90915048122406,10,36
normal_204,0,0,0.52619123,0,0,0,3,1.90915048122406,10,36
normal_204,0,7,0.51855886,0,0,0,3,1.90915048122406,10,36
normal_204,0,14,0.5593102,0,0,0,3,1.90915048122406,10,36
normal_204,0,21,0.78706366,0,0,0,3,1.90915048122406,10,36
normal_204,0,28,0.45488137,0,0,0,3,1.90915048122406,10,36
normal_204,0,35,0.66783077,0,0,0,3,1.90915048122406,10,36
normal_219,0,0,0.2908969,0,0,0,3,1.90915048122406,10,36
normal_219,0,7,0.24286412,0,0,0,3,1.90915048122406,10,36
normal_219,0,14,0.282399,0,0,0,3,1.90915048122406,10,36
normal_219,0,21,0.44146878,0,0,0,3,1.90915048122406,10,36
normal_228,0,0,1.5132134,0,0,0,3,1.90915048122406,10,36
normal_228,0,7,1.6785331,0,0,0,3,1.90915048122406,10,36
normal_228,0,14,1.0749625,0,0,0,3,1.90915048122406,10,36
normal_228,0,21,1.0664766,0,0,0,3,1.90915048122406,10,36
normal_228,0,28,1.3333611,0,0,0,3,1.90915048122406,10,36
normal_228,0,35,1.814319,0,0,0,3,1.90915048122406,10,36
normal_248,0,0,0.52204794,0,0,0,3,1.90915048122406,10,36
normal_248,0,7,0.50941503,0,0,0,3,1.90915048122406,10,36
normal_248,0,14,0.5646654,0,0,0,3,1.90915048122406,10,36
normal_248,0,21,0.4003023,0,0,0,3,1.90915048122406,10,36
normal_248,0,28,0.524921,0,0,0,3,1.90915048122406,10,36
normal_248,0,35,0.51275116,0,0,0,3,1.90915048122406,10,36
normal_267,0,0,0.281658,0,0,0,3,1.90915048122406,10,36
normal_267,0,7,0.28266212,0,0,0,3,1.90915048122406,10,36
normal_267,0,14,0.3654023,0,0,0,3,1.90915048122406,10,36
normal_267,0,21,0.5502176,0,0,0,3,1.90915048122406,10,36
normal_271,0,0,1.2826624,0,0,0,3,1.90915048122406,10,36
normal_271,0,7,1.2489129,0,0,0,3,1.90915048122406,10,36
normal_271,0,14,1.0169839,0,0,0,3,1.90915048122406,10,36
normal_271,0,21,1.5066403,0,0,0,3,1.90915048122406,10,36
normal_271,0,28,1.6475556,0,0,0,3,1.90915048122406,10,36
normal_271,0,35,1.3438548,0,0,0,3,1.90915048122406,10,36
normal_281,0,0,1.5107658,0,0,0,3,1.90915048122406,10,36
normal_281,0,7,2.0524714,1,1,0,3,1.90915048122406,10,36
normal_281,0,14,1.6217189,0,0,0,3,1.90915048122406,10,36
normal_281,0,21,1.2214338,0,0,0,3,1.90915048122406,10,36
normal_281,0,28,1.5581754,0,0,0,3,1.90915048122406,10,36
normal_281,0,35,2.0645123,1,1,0,3,1.90915048122406,10,36
normal_283,0,0,0.24016283,0,0,0,3,1.90915048122406,10,36
normal_283,0,7,0.3714994,0,0,0,3,1.90915048122406,10,36
normal_283,0,14,0.45332208,0,0,0,3,1.90915048122406,10,36
normal_287,0,0,1.3863723,0,0,0,3,1.90915048122406,10,36
normal_287,0,7,1.9893317,1,1,0,3,1.90915048122406,10,36
normal_287,0,14,1.7314767,0,0,0,3,1.90915048122406,10,36
normal_287,0,21,1.0482807,0,0,0,3,1.90915048122406,10,36
normal_287,0,28,1.8709424,0,0,0,3,1.90915048122406,10,36
normal_287,0,35,1.679283,0,0,0,3,1.90915048122406,10,36
normal_293,0,0,1.7535833,0,0,0,3,1.90915048122406,10,36
normal_293,0,7,1.3957477,0,0,0,3,1.90915048122406,10,36
normal_293,0,14,1.5642432,0,0,0,3,1.90915048122406,10,36
normal_293,0,21,1.5070726,0,0,0,3,1.90915048122406,10,36
normal_293,0,28,1.2702277,0,0,0,3,1.90915048122406,10,36
normal_293,0,35,1.2966738,0,0,0,3,1.90915048122406,10,36
normal_296,0,0,1.5193124,0,0,0,3,1.90915048122406,10,36
normal_296,0,7,1.1813916,0,0,0,3,1.90915048122406,10,36
normal_296,0,14,1.2187452,0,0,0,3,1.90915048122406,10,36
normal_297,0,0,0.43742558,0,0,0,3,1.90915048122406,10,36
normal_306,0,0,0.48622614,0,0,0,3,1.90915048122406,10,36
normal_306,0,7,0.5111425,0,0,0,3,1.90915048122406,10,36
normal_306,0,14,0.36536425,0,0,0,3,1.90915048122406,10,36
normal_306,0,21,0.438001,0,0,0,3,1.90915048122406,10,36
normal_312,0,0,0.64684147,0,0,0,3,1.90915048122406,10,36
normal_312,0,7,0.6229427,0,0,0,3,1.90915048122406,10,36
normal_312,0,14,0.45671594,0,0,0,3,1.90915048122406,10,36
normal_312,0,21,0.46395072,0,0,0,3,1.90915048122406,10,36
normal_316,0,0,0.41991305,0,0,0,3,1.90915048122406,10,36
normal_316,0,7,0.5212385,0,0,0,3,1.90915048122406,10,36
normal_316,0,14,0.4595339,0,0,0,3,1.90915048122406,10,36
normal_316,0,21,0.2953271,0,0,0,3,1.90915048122406,10,36
normal_316,0,28,0.22561847,0,0,0,3,1.90915048122406,10,36
normal_316,0,35,0.30244276,0,0,0,3,1.90915048122406,10,36
normal_319,0,0,0.27934626,0,0,0,3,1.90915048122406,10,36
normal_319,0,7,0.356209,0,0,0,3,1.90915048122406,10,36
normal_319,0,14,0.22997932,0,0,0,3,1.90915048122406,10,36
normal_330,0,0,1.1275666,0,0,0,3,1.90915048122406,10,36
normal_330,0,7,0.89462817,0,0,0,3,1.90915048122406,10,36
normal_330,0,14,0.7949068,0,0,0,3,1.90915048122406,10,36
normal_330,0,21,0.7734823,0,0,0,3,1.90915048122406,10,36
normal_330,0,28,0.7698594,0,0,0,3,1.90915048122406,10,36
normal_330,0,35,0.62726104,0,0,0,3,1.90915048122406,10,36
normal_335,0,0,1.2665178,0,0,0,3,1.90915048122406,10,36
normal_335,0,7,1.1674131,0,0,0,3,1.90915048122406,10,36
normal_335,0,14,1.4615119,0,0,0,3,1.90915048122406,10,36
normal_335,0,21,1.4877089,0,0,0,3,1.90915048122406,10,36
normal_335,0,28,1.2389976,0,0,0,3,1.90915048122406,10,36
normal_335,0,35,1.9420544,1,1,0,3,1.90915048122406,10,36
normal_336,0,0,0.37622896,0,0,0,3,1.90915048122406,10,36
normal_336,0,7,0.37196982,0,0,0,3,1.90915048122406,10,36
normal_336,0,14,0.42802513,0,0,0,3,1.90915048122406,10,36
normal_336,0,21,0.4213126,0,0,0,3,1.90915048122406,10,36
normal_336,0,28,0.3783806,0,0,0,3,1.90915048122406,10,36
normal_342,0,0,0.281384,0,0,0,3,1.90915048122406,10,36
normal_342,0,7,0.32930663,0,0,0,3,1.90915048122406,10,36
normal_342,0,14,0.36124402,0,0,0,3,1.90915048122406,10,36
normal_342,0,21,0.38690013,0,0,0,3,1.90915048122406,10,36
normal_342,0,28,0.320025,0,0,0,3,1.90915048122406,10,36
normal_342,0,35,0.43225488,0,0,0,3,1.90915048122406,10,36
normal_345,0,0,0.3262537,0,0,0,3,1.90915048122406,10,36
normal_348,0,0,0.5013243,0,0,0,3,1.90915048122406,10,36
normal_348,0,7,0.427018,0,0,0,3,1.90915048122406,10,36
normal_348,0,14,0.3800593,0,0,0,3,1.90915048122406,10,36
normal_348,0,21,0.37488544,0,0,0,3,1.90915048122406,10,36
normal_348,0,28,0.52855414,0,0,0,3,1.90915048122406,10,36
normal_348,0,35,0.5970391,0,0,0,3,1.90915048122406,10,36
normal_350,0,0,0.34605336,0,0,0,3,1.90915048122406,10,36
normal_350,0,7,0.38169476,0,0,0,3,1.90915048122406,10,36
normal_350,0,14,0.32224733,0,0,0,3,1.90915048122406,10,36
normal_350,0,21,0.29504353,0,0,0,3,1.90915048122406,10,36
normal_357,0,0,0.23190022,0,0,0,3,1.90915048122406,10,36
normal_357,0,7,0.20555733,0,0,0,3,1.90915048122406,10,36
normal_357,0,14,0.22030517,0,0,0,3,1.90915048122406,10,36
normal_362,0,0,1.7292548,0,0,0,3,1.90915048122406,10,36
normal_362,0,7,1.4019011,0,0,0,3,1.90915048122406,10,36
normal_362,0,14,1.367297,0,0,0,3,1.90915048122406,10,36
normal_362,0,21,1.5103574,0,0,0,3,1.90915048122406,10,36
normal_362,0,28,1.4938159,0,0,0,3,1.90915048122406,10,36
normal_362,0,35,1.3990551,0,0,0,3,1.90915048122406,10,36
normal_368,0,0,0.8240787,0,0,0,3,1.90915048122406,10,36
normal_368,0,7,1.0308179,0,0,0,3,1.90915048122406,10,36
normal_368,0,14,1.0888727,0,0,0,3,1.90915048122406,10,36
normal_368,0,21,1.2478434,0,0,0,3,1.90915048122406,10,36
normal_369,0,0,0.47363463,0,0,0,3,1.90915048122406,10,36
normal_369,0,7,0.55930525,0,0,0,3,1.90915048122406,10,36
normal_373,0,0,0.8121224,0,0,0,3,1.90915048122406,10,36
normal_373,0,7,1.014869,0,0,0,3,1.90915048122406,10,36
normal_373,0,14,1.106142,0,0,0,3,1.90915048122406,10,36
normal_373,0,21,1.3382728,0,0,0,3,1.90915048122406,10,36
normal_373,0,28,1.2512577,0,0,0,3,1.90915048122406,10,36
normal_373,0,35,1.3226255,0,0,0,3,1.90915048122406,10,36
normal_378,0,0,0.4224411,0,0,0,3,1.90915048122406,10,36
normal_378,0,7,0.47177073,0,0,0,3,1.90915048122406,10,36
normal_378,0,14,0.3340153,0,0,0,3,1.90915048122406,10,36
normal_378,0,21,0.30823758,0,0,0,3,1.90915048122406,10,36
normal_378,0,28,0.2981003,0,0,0,3,1.90915048122406,10,36
normal_378,0,35,0.26854527,0,0,0,3,1.90915048122406,10,36
normal_381,0,0,0.77667713,0,0,0,3,1.90915048122406,10,36
normal_381,0,7,0.9555941,0,0,0,3,1.90915048122406,10,36
normal_381,0,14,0.8421843,0,0,0,3,1.90915048122406,10,36
normal_385,0,0,0.49206433,0,0,0,3,1.90915048122406,10,36
normal_385,0,7,0.5187173,0,0,0,3,1.90915048122406,10,36
normal_385,0,14,0.53709286,0,0,0,3,1.90915048122406,10,36
normal_385,0,21,0.47876456,0,0,0,3,1.90915048122406,10,36
normal_385,0,28,0.39960623,0,0,0,3,1.90915048122406,10,36
normal_385,0,35,0.6059486,0,0,0,3,1.90915048122406,10,36
normal_391,0,0,1.1652917,0,0,0,3,1.90915048122406,10,36
normal_391,0,7,1.4826735,0,0,0,3,1.90915048122406,10,36
normal_391,0,14,0.80834883,0,0,0,3,1.90915048122406,10,36
normal_391,0,21,0.95631564,0,0,0,3,1.90915048122406,10,36
normal_391,0,28,0.95291555,0,0,0,3,1.90915048122406,10,36
normal_391,0,35,1.0664893,0,0,0,3,1.90915048122406,10,36
normal_401,0,0,1.9335144,1,1,0,3,1.90915048122406,10,36
normal_401,0,7,1.2878941,0,0,0,3,1.90915048122406,10,36
normal_401,0,14,1.2570372,0,0,0,3,1.90915048122406,10,36
normal_401,0,21,1.2869828,0,0,0,3,1.90915048122406,10,36
normal_401,0,28,1.3126034,0,0,0,3,1.90915048122406,10,36
normal_401,0,35,1.4912164,0,0,0,3,1.90915048122406,10,36
normal_412,0,0,1.0716268,0,0,0,3,1.90915048122406,10,36
normal_412,0,7,1.1723863,0,0,0,3,1.90915048122406,10,36
normal_412,0,14,1.35855,0,0,0,3,1.90915048122406,10,36
normal_412,0,21,1.416334,0,0,0,3,1.90915048122406,10,36
normal_412,0,28,0.89452887,0,0,0,3,1.90915048122406,10,36
normal_412,0,35,1.3077796,0,0,0,3,1.90915048122406,10,36
normal_414,0,0,1.2122821,0,0,0,3,1.90915048122406,10,36
normal_414,0,7,1.4708124,0,0,0,3,1.90915048122406,10,36
normal_418,0,0,0.62389404,0,0,0,3,1.90915048122406,10,36
normal_418,0,7,0.63781923,0,0,0,3,1.90915048122406,10,36
normal_418,0,14,0.5945497,0,0,0,3,1.90915048122406,10,36
normal_418,0,21,0.7023661,0,0,0,3,1.90915048122406,10,36
normal_418,0,28,0.6038807,0,0,0,3,1.90915048122406,10,36
normal_418,0,35,0.6474866,0,0,0,3,1.90915048122406,10,36
normal_424,0,0,0.5113046,0,0,0,3,1.90915048122406,10,36
normal_424,0,7,0.45321617,0,0,0,3,1.90915048122406,10,36
normal_424,0,14,0.48232076,0,0,0,3,1.90915048122406,10,36
normal_424,0,21,0.4665477,0,0,0,3,1.90915048122406,10,36
normal_424,0,28,0.4098788,0,0,0,3,1.90915048122406,10,36
normal_429,0,0,0.8830839,0,0,0,3,1.90915048122406,10,36
normal_429,0,7,1.0135562,0,0,0,3,1.90915048122406,10,36
normal_429,0,14,0.50325584,0,0,0,3,1.90915048122406,10,36
normal_429,0,21,0.6727655,0,0,0,3,1.90915048122406,10,36
normal_429,0,28,1.0193837,0,0,0,3,1.90915048122406,10,36
normal_429,0,35,0.7856135,0,0,0,3,1.90915048122406,10,36
normal_435,0,0,0.5241343,0,0,0,3,1.90915048122406,10,36
normal_435,0,7,0.593076,0,0,0,3,1.90915048122406,10,36
normal_435,0,14,0.48542315,0,0,0,3,1.90915048122406,10,36
normal_435,0,21,0.5291674,0,0,0,3,1.90915048122406,10,36
normal_435,0,28,0.8163643,0,0,0,3,1.90915048122406,10,36
normal_436,0,0,1.7470543,0,0,0,3,1.90915048122406,10,36
normal_436,0,7,1.6732857,0,0,0,3,1.90915048122406,10,36
normal_436,0,14,1.6952907,0,0,0,3,1.90915048122406,10,36
normal_437,0,0,0.45318252,0,0,0,3,1.90915048122406,10,36
normal_437,0,7,0.5496118,0,0,0,3,1.90915048122406,10,36
normal_439,0,0,1.0701343,0,0,0,3,1.90915048122406,10,36
normal_439,0,7,0.77584434,0,0,0,3,1.90915048122406,10,36
normal_439,0,14,0.64343417,0,0,0,3,1.90915048122406,10,36
normal_439,0,21,0.73916024,0,0,0,3,1.90915048122406,10,36
normal_439,0,28,0.70552415,0,0,0,3,1.90915048122406,10,36
normal_439,0,35,0.6712718,0,0,0,3,1.90915048122406,10,36
normal_450,0,0,1.2062566,0,0,0,3,1.90915048122406,10,36
normal_450,0,7,0.8664338,0,0,0,3,1.90915048122406,10,36
normal_450,0,14,0.7119972,0,0,0,3,1.90915048122406,10,36
normal_450,0,21,0.9538721,0,0,0,3,1.90915048122406,10,36
normal_450,0,28,0.89934194,0,0,0,3,1.90915048122406,10,36
normal_450,0,35,0.97458214,0,0,0,3,1.90915048122406,10,36
normal_458,0,0,0.5316829,0,0,0,3,1.90915048122406,10,36
normal_458,0,7,0.72521996,0,0,0,3,1.90915048122406,10,36
normal_465,0,0,0.42685482,0,0,0,3,1.90915048122406,10,36
normal_468,0,0,1.6987016,0,0,0,3,1.90915048122406,10,36
normal_468,0,7,1.4438267,0,0,0,3,1.90915048122406,10,36
normal_468,0,14,1.7336141,0,0,0,3,1.90915048122406,10,36
normal_468,0,21,1.4812124,0,0,0,3,1.90915048122406,10,36
normal_468,0,28,1.9452897,1,1,0,3,1.90915048122406,10,36
normal_474,0,0,0.26108623,0,0,0,3,1.90915048122406,10,36
normal_474,0,7,0.17905957,0,0,0,3,1.90915048122406,10,36
normal_474,0,14,0.18075688,0,0,0,3,1.90915048122406,10,36
normal_474,0,21,0.23764566,0,0,0,3,1.90915048122406,10,36
normal_474,0,28,0.2488406,0,0,0,3,1.90915048122406,10,36
normal_474,0,35,0.23451269,0,0,0,3,1.90915048122406,10,36
normal_476,0,0,0.20593838,0,0,0,3,1.90915048122406,10,36
normal_476,0,7,0.18138373,0,0,0,3,1.90915048122406,10,36
normal_478,0,0,0.21276623,0,0,0,3,1.90915048122406,10,36
normal_478,0,7,0.22090621,0,0,0,3,1.90915048122406,10,36
normal_478,0,14,0.25228277,0,0,0,3,1.90915048122406,10,36
normal_478,0,21,0.24922337,0,0,0,3,1.90915048122406,10,36
normal_478,0,28,0.23169467,0,0,0,3,1.90915048122406,10,36
normal_478,0,35,0.33929923,0,0,0,3,1.90915048122406,10,36
normal_494,0,0,0.16328703,0,0,0,3,1.90915048122406,10,36
normal_494,0,7,0.22419026,0,0,0,3,1.90915048122406,10,36
normal_494,0,14,0.19828047,0,0,0,3,1.90915048122406,10,36
normal_494,0,21,0.24724565,0,0,0,3,1.90915048122406,10,36
normal_510,0,0,0.25481227,0,0,0,3,1.90915048122406,10,36
normal_510,0,7,0.21143955,0,0,0,3,1.90915048122406,10,36
normal_510,0,14,0.16295686,0,0,0,3,1.90915048122406,10,36
normal_510,0,21,0.19318466,0,0,0,3,1.90915048122406,10,36
normal_510,0,28,0.24147165,0,0,0,3,1.90915048122406,10,36
normal_510,0,35,0.24764799,0,0,0,3,1.90915048122406,10,36
normal_512,0,0,0.16268761,0,0,0,3,1.90915048122406,10,36
normal_512,0,7,0.17177914,0,0,0,3,1.90915048122406,10,36
normal_512,0,14,0.19467315,0,0,0,3,1.90915048122406,10,36
normal_512,0,21,0.21997717,0,0,0,3,1.90915048122406,10,36
normal_515,0,0,0.18681708,0,0,0,3,1.90915048122406,10,36
normal_515,0,7,0.23197676,0,0,0,3,1.90915048122406,10,36
normal_515,0,14,0.21774705,0,0,0,3,1.90915048122406,10,36
normal_515,0,21,0.18605864,0,0,0,3,1.90915048122406,10,36
normal_515,0,28,0.15435915,0,0,0,3,1.90915048122406,10,36
normal_515,0,35,0.17689131,0,0,0,3,1.90915048122406,10,36
normal_520,0,0,0.20388821,0,0,0,3,1.90915048122406,10,36
normal_520,0,7,0.24944727,0,0,0,3,1.90915048122406,10,36
normal_520,0,14,0.29693943,0,0,0,3,1.90915048122406,10,36
normal_520,0,21,0.3876928,0,0,0,3,1.90915048122406,10,36
normal_520,0,28,0.2934031,0,0,0,3,1.90915048122406,10,36
normal_520,0,35,0.24108268,0,0,0,3,1.90915048122406,10,36
normal_521,0,0,0.20465395,0,0,0,3,1.90915048122406,10,36
normal_521,0,7,0.23946542,0,0,0,3,1.90915048122406,10,36
normal_521,0,14,0.16817965,0,0,0,3,1.90915048122406,10,36
normal_521,0,21,0.1954924,0,0,0,3,1.90915048122406,10,36
normal_521,0,28,0.17428699,0,0,0,3,1.90915048122406,10,36
normal_521,0,35,0.17486008,0,0,0,3,1.90915048122406,10,36
normal_522,0,0,0.21354932,0,0,0,3,1.90915048122406,10,36
normal_522,0,7,0.20237657,0,0,0,3,1.90915048122406,10,36
normal_522,0,14,0.21504566,0,0,0,3,1.90915048122406,10,36
normal_522,0,21,0.21300045,0,0,0,3,1.90915048122406,10,36
normal_528,0,0,0.23482166,0,0,0,3,1.90915048122406,10,36
normal_528,0,7,0.28618416,0,0,0,3,1.90915048122406,10,36
normal_528,0,14,0.20370388,0,0,0,3,1.90915048122406,10,36
normal_528,0,21,0.20721842,0,0,0,3,1.90915048122406,10,36
normal_533,0,0,0.19051144,0,0,0,3,1.90915048122406,10,36
normal_533,0,7,0.18437053,0,0,0,3,1.90915048122406,10,36
normal_533,0,14,0.18322715,0,0,0,3,1.90915048122406,10,36
normal_533,0,21,0.18421419,0,0,0,3,1.90915048122406,10,36
normal_533,0,28,0.20580418,0,0,0,3,1.90915048122406,10,36
normal_533,0,35,0.16579513,0,0,0,3,1.90915048122406,10,36
normal_546,0,0,0.1778161,0,0,0,3,1.90915048122406,10,36
normal_546,0,7,0.20919117,0,0,0,3,1.90915048122406,10,36
normal_553,0,0,0.14193772,0,0,0,3,1.90915048122406,10,36
normal_553,0,7,0.1774042,0,0,0,3,1.90915048122406,10,36
normal_553,0,14,0.16357887,0,0,0,3,1.90915048122406,10,36
normal_565,0,0,0.768787,0,0,0,3,1.90915048122406,10,36
normal_565,0,7,0.9747774,0,0,0,3,1.90915048122406,10,36
normal_565,0,14,1.0557382,0,0,0,3,1.90915048122406,10,36
normal_578,0,0,0.40299633,0,0,0,3,1.90915048122406,10,36
normal_578,0,7,0.557267,0,0,0,3,1.90915048122406,10,36
normal_578,0,14,0.2688633,0,0,0,3,1.90915048122406,10,36
normal_582,0,0,0.56799304,0,0,0,3,1.90915048122406,10,36
normal_582,0,7,0.3420655,0,0,0,3,1.90915048122406,10,36
normal_582,0,14,0.41845763,0,0,0,3,1.90915048122406,10,36
normal_582,0,21,0.40799606,0,0,0,3,1.90915048122406,10,36
normal_582,0,28,0.31654218,0,0,0,3,1.90915048122406,10,36
normal_582,0,35,0.3253224,0,0,0,3,1.90915048122406,10,36
normal_584,0,0,1.2365437,0,0,0,3,1.90915048122406,10,36
normal_584,0,7,1.2028542,0,0,0,3,1.90915048122406,10,36
normal_584,0,14,1.0724351,0,0,0,3,1.90915048122406,10,36
normal_584,0,21,1.1573594,0,0,0,3,1.90915048122406,10,36
anomaly_2,1,0,38.633293,1,1,0,3,1.90915048122406,10,36
anomaly_2,1,7,61.96343,1,2,0,3,1.90915048122406,10,36
anomaly_2,1,14,38.532738,1,3,0,3,1.90915048122406,10,36
anomaly_2,1,21,27.487413,1,4,0,3,1.90915048122406,10,36
anomaly_2,1,28,1.197543,0,0,0,3,1.90915048122406,10,36
anomaly_2,1,35,0.6317866,0,0,0,3,1.90915048122406,10,36
anomaly_4,1,0,0.45238155,0,0,0,3,1.90915048122406,10,36
anomaly_4,1,7,0.3456816,0,0,0,3,1.90915048122406,10,36
anomaly_4,1,14,0.45194775,0,0,0,3,1.90915048122406,10,36
anomaly_16,1,0,0.23873019,0,0,0,3,1.90915048122406,10,36
anomaly_16,1,7,0.7131239,0,0,0,3,1.90915048122406,10,36
anomaly_16,1,14,0.641608,0,0,0,3,1.90915048122406,10,36
anomaly_16,1,21,13.086223,1,1,0,3,1.90915048122406,10,36
anomaly_16,1,28,39.769363,1,2,0,3,1.90915048122406,10,36
anomaly_16,1,35,60.76681,1,3,0,3,1.90915048122406,10,36
normal_7,0,0,0.27604172,0,0,0,4,1.9517581462860107,10,35
normal_7,0,7,0.384814,0,0,0,4,1.9517581462860107,10,35
normal_7,0,14,0.5161457,0,0,0,4,1.9517581462860107,10,35
normal_7,0,21,0.69717133,0,0,0,4,1.9517581462860107,10,35
normal_7,0,28,0.33804062,0,0,0,4,1.9517581462860107,10,35
normal_7,0,35,0.4142459,0,0,0,4,1.9517581462860107,10,35
normal_17,0,0,0.70704496,0,0,0,4,1.9517581462860107,10,35
normal_17,0,7,0.8400461,0,0,0,4,1.9517581462860107,10,35
normal_17,0,14,0.98810136,0,0,0,4,1.9517581462860107,10,35
normal_17,0,21,0.81819355,0,0,0,4,1.9517581462860107,10,35
normal_17,0,28,0.75266165,0,0,0,4,1.9517581462860107,10,35
normal_17,0,35,0.8865683,0,0,0,4,1.9517581462860107,10,35
normal_28,0,0,0.6794132,0,0,0,4,1.9517581462860107,10,35
normal_28,0,7,0.42751342,0,0,0,4,1.9517581462860107,10,35
normal_28,0,14,0.24968784,0,0,0,4,1.9517581462860107,10,35
normal_28,0,21,0.35792378,0,0,0,4,1.9517581462860107,10,35
normal_28,0,28,0.3907978,0,0,0,4,1.9517581462860107,10,35
normal_28,0,35,0.44277453,0,0,0,4,1.9517581462860107,10,35
normal_31,0,0,1.1946213,0,0,0,4,1.9517581462860107,10,35
normal_31,0,7,1.103117,0,0,0,4,1.9517581462860107,10,35
normal_34,0,0,0.5970315,0,0,0,4,1.9517581462860107,10,35
normal_34,0,7,0.5450304,0,0,0,4,1.9517581462860107,10,35
normal_34,0,14,0.9110999,0,0,0,4,1.9517581462860107,10,35
normal_34,0,21,1.085338,0,0,0,4,1.9517581462860107,10,35
normal_34,0,28,1.5985392,0,0,0,4,1.9517581462860107,10,35
normal_34,0,35,1.031769,0,0,0,4,1.9517581462860107,10,35
normal_52,0,0,0.35897878,0,0,0,4,1.9517581462860107,10,35
normal_52,0,7,0.34690282,0,0,0,4,1.9517581462860107,10,35
normal_52,0,14,0.3355692,0,0,0,4,1.9517581462860107,10,35
normal_52,0,21,0.24066474,0,0,0,4,1.9517581462860107,10,35
normal_52,0,28,0.2499886,0,0,0,4,1.9517581462860107,10,35
normal_52,0,35,0.35471237,0,0,0,4,1.9517581462860107,10,35
normal_59,0,0,0.41185227,0,0,0,4,1.9517581462860107,10,35
normal_59,0,7,0.5674258,0,0,0,4,1.9517581462860107,10,35
normal_59,0,14,0.4570495,0,0,0,4,1.9517581462860107,10,35
normal_59,0,21,0.6338873,0,0,0,4,1.9517581462860107,10,35
normal_59,0,28,0.4315379,0,0,0,4,1.9517581462860107,10,35
normal_59,0,35,0.26832512,0,0,0,4,1.9517581462860107,10,35
normal_61,0,0,0.6368321,0,0,0,4,1.9517581462860107,10,35
normal_61,0,7,0.7942714,0,0,0,4,1.9517581462860107,10,35
normal_61,0,14,0.6564751,0,0,0,4,1.9517581462860107,10,35
normal_61,0,21,0.5505866,0,0,0,4,1.9517581462860107,10,35
normal_61,0,28,0.65257645,0,0,0,4,1.9517581462860107,10,35
normal_61,0,35,0.5894787,0,0,0,4,1.9517581462860107,10,35
normal_66,0,0,0.9378997,0,0,0,4,1.9517581462860107,10,35
normal_66,0,7,1.0344476,0,0,0,4,1.9517581462860107,10,35
normal_66,0,14,0.84885204,0,0,0,4,1.9517581462860107,10,35
normal_66,0,21,0.998382,0,0,0,4,1.9517581462860107,10,35
normal_66,0,28,0.96225816,0,0,0,4,1.9517581462860107,10,35
normal_66,0,35,0.83803624,0,0,0,4,1.9517581462860107,10,35
normal_69,0,0,0.9915542,0,0,0,4,1.9517581462860107,10,35
normal_69,0,7,1.0933373,0,0,0,4,1.9517581462860107,10,35
normal_69,0,14,1.1871603,0,0,0,4,1.9517581462860107,10,35
normal_69,0,21,1.1052555,0,0,0,4,1.9517581462860107,10,35
normal_69,0,28,1.237598,0,0,0,4,1.9517581462860107,10,35
normal_69,0,35,1.1881188,0,0,0,4,1.9517581462860107,10,35
normal_70,0,0,0.17567225,0,0,0,4,1.9517581462860107,10,35
normal_70,0,7,0.22423744,0,0,0,4,1.9517581462860107,10,35
normal_70,0,14,0.26703104,0,0,0,4,1.9517581462860107,10,35
normal_70,0,21,0.26497236,0,0,0,4,1.9517581462860107,10,35
normal_70,0,28,0.20965286,0,0,0,4,1.9517581462860107,10,35
normal_70,0,35,0.22629683,0,0,0,4,1.9517581462860107,10,35
normal_72,0,0,0.8988071,0,0,0,4,1.9517581462860107,10,35
normal_72,0,7,0.9658695,0,0,0,4,1.9517581462860107,10,35
normal_72,0,14,1.1887149,0,0,0,4,1.9517581462860107,10,35
normal_72,0,21,1.1876642,0,0,0,4,1.9517581462860107,10,35
normal_72,0,28,0.7271921,0,0,0,4,1.9517581462860107,10,35
normal_72,0,35,0.9802041,0,0,0,4,1.9517581462860107,10,35
normal_73,0,0,0.26235077,0,0,0,4,1.9517581462860107,10,35
normal_73,0,7,0.28055534,0,0,0,4,1.9517581462860107,10,35
normal_73,0,14,0.2186984,0,0,0,4,1.9517581462860107,10,35
normal_73,0,21,0.21483159,0,0,0,4,1.9517581462860107,10,35
normal_73,0,28,0.19268464,0,0,0,4,1.9517581462860107,10,35
normal_73,0,35,0.2024226,0,0,0,4,1.9517581462860107,10,35
normal_76,0,0,0.5827049,0,0,0,4,1.9517581462860107,10,35
normal_76,0,7,0.7010537,0,0,0,4,1.9517581462860107,10,35
normal_76,0,14,0.6417826,0,0,0,4,1.9517581462860107,10,35
normal_76,0,21,0.616654,0,0,0,4,1.9517581462860107,10,35
normal_76,0,28,0.76754344,0,0,0,4,1.9517581462860107,10,35
normal_76,0,35,0.59327763,0,0,0,4,1.9517581462860107,10,35
normal_81,0,0,0.28612956,0,0,0,4,1.9517581462860107,10,35
normal_81,0,7,0.40473497,0,0,0,4,1.9517581462860107,10,35
normal_81,0,14,0.46809626,0,0,0,4,1.9517581462860107,10,35
normal_81,0,21,0.43784213,0,0,0,4,1.9517581462860107,10,35
normal_82,0,0,0.9552205,0,0,0,4,1.9517581462860107,10,35
normal_82,0,7,0.5419423,0,0,0,4,1.9517581462860107,10,35
normal_82,0,14,0.68936485,0,0,0,4,1.9517581462860107,10,35
normal_92,0,0,0.35523477,0,0,0,4,1.9517581462860107,10,35
normal_92,0,7,0.2652435,0,0,0,4,1.9517581462860107,10,35
normal_92,0,14,0.30119863,0,0,0,4,1.9517581462860107,10,35
normal_92,0,21,0.28380492,0,0,0,4,1.9517581462860107,10,35
normal_97,0,0,0.23830183,0,0,0,4,1.9517581462860107,10,35
normal_97,0,7,0.30110267,0,0,0,4,1.9517581462860107,10,35
normal_97,0,14,0.20238118,0,0,0,4,1.9517581462860107,10,35
normal_97,0,21,0.17539026,0,0,0,4,1.9517581462860107,10,35
normal_98,0,0,1.1240426,0,0,0,4,1.9517581462860107,10,35
normal_98,0,7,0.8243463,0,0,0,4,1.9517581462860107,10,35
normal_104,0,0,0.41108182,0,0,0,4,1.9517581462860107,10,35
normal_104,0,7,0.4748289,0,0,0,4,1.9517581462860107,10,35
normal_104,0,14,0.41846025,0,0,0,4,1.9517581462860107,10,35
normal_106,0,0,0.40806988,0,0,0,4,1.9517581462860107,10,35
normal_106,0,7,0.43707308,0,0,0,4,1.9517581462860107,10,35
normal_109,0,0,1.6142119,0,0,0,4,1.9517581462860107,10,35
normal_109,0,7,1.6067152,0,0,0,4,1.9517581462860107,10,35
normal_109,0,14,1.4467787,0,0,0,4,1.9517581462860107,10,35
normal_109,0,21,1.5903352,0,0,0,4,1.9517581462860107,10,35
normal_109,0,28,1.7491474,0,0,0,4,1.9517581462860107,10,35
normal_109,0,35,1.9824356,1,1,0,4,1.9517581462860107,10,35
normal_111,0,0,0.47296333,0,0,0,4,1.9517581462860107,10,35
normal_111,0,7,0.3015953,0,0,0,4,1.9517581462860107,10,35
normal_117,0,0,0.7386706,0,0,0,4,1.9517581462860107,10,35
normal_117,0,7,0.7930213,0,0,0,4,1.9517581462860107,10,35
normal_127,0,0,0.30311403,0,0,0,4,1.9517581462860107,10,35
normal_127,0,7,0.28476048,0,0,0,4,1.9517581462860107,10,35
normal_127,0,14,0.39160836,0,0,0,4,1.9517581462860107,10,35
normal_127,0,21,0.33574915,0,0,0,4,1.9517581462860107,10,35
normal_127,0,28,0.24744685,0,0,0,4,1.9517581462860107,10,35
normal_127,0,35,0.1643527,0,0,0,4,1.9517581462860107,10,35
normal_129,0,0,1.368994,0,0,0,4,1.9517581462860107,10,35
normal_129,0,7,1.1448265,0,0,0,4,1.9517581462860107,10,35
normal_129,0,14,0.8735043,0,0,0,4,1.9517581462860107,10,35
normal_129,0,21,0.96725947,0,0,0,4,1.9517581462860107,10,35
normal_132,0,0,0.24927768,0,0,0,4,1.9517581462860107,10,35
normal_132,0,7,0.2194105,0,0,0,4,1.9517581462860107,10,35
normal_132,0,14,0.16877882,0,0,0,4,1.9517581462860107,10,35
normal_132,0,21,0.21596225,0,0,0,4,1.9517581462860107,10,35
normal_132,0,28,0.26734942,0,0,0,4,1.9517581462860107,10,35
normal_132,0,35,0.25546867,0,0,0,4,1.9517581462860107,10,35
normal_133,0,0,0.5755581,0,0,0,4,1.9517581462860107,10,35
normal_133,0,7,0.6008267,0,0,0,4,1.9517581462860107,10,35
normal_133,0,14,0.45653403,0,0,0,4,1.9517581462860107,10,35
normal_133,0,21,0.40016323,0,0,0,4,1.9517581462860107,10,35
normal_133,0,28,0.512529,0,0,0,4,1.9517581462860107,10,35
normal_134,0,0,1.2834765,0,0,0,4,1.9517581462860107,10,35
normal_134,0,7,1.5004224,0,0,0,4,1.9517581462860107,10,35
normal_134,0,14,1.2498534,0,0,0,4,1.9517581462860107,10,35
normal_137,0,0,0.60965455,0,0,0,4,1.9517581462860107,10,35
normal_137,0,7,0.6602723,0,0,0,4,1.9517581462860107,10,35
normal_137,0,14,0.8255059,0,0,0,4,1.9517581462860107,10,35
normal_137,0,21,0.7391477,0,0,0,4,1.9517581462860107,10,35
normal_137,0,28,0.5849571,0,0,0,4,1.9517581462860107,10,35
normal_137,0,35,0.62139946,0,0,0,4,1.9517581462860107,10,35
normal_140,0,0,0.27246585,0,0,0,4,1.9517581462860107,10,35
normal_140,0,7,0.3296292,0,0,0,4,1.9517581462860107,10,35
normal_140,0,14,0.3289444,0,0,0,4,1.9517581462860107,10,35
normal_155,0,0,0.29448235,0,0,0,4,1.9517581462860107,10,35
normal_155,0,7,0.23524585,0,0,0,4,1.9517581462860107,10,35
normal_155,0,14,0.2907999,0,0,0,4,1.9517581462860107,10,35
normal_155,0,21,0.33286422,0,0,0,4,1.9517581462860107,10,35
normal_155,0,28,0.4198264,0,0,0,4,1.9517581462860107,10,35
normal_156,0,0,1.1359416,0,0,0,4,1.9517581462860107,10,35
normal_156,0,7,1.4954706,0,0,0,4,1.9517581462860107,10,35
normal_156,0,14,1.5187411,0,0,0,4,1.9517581462860107,10,35
normal_165,0,0,0.28464958,0,0,0,4,1.9517581462860107,10,35
normal_165,0,7,0.61630607,0,0,0,4,1.9517581462860107,10,35
normal_165,0,14,0.7089002,0,0,0,4,1.9517581462860107,10,35
normal_165,0,21,0.38247925,0,0,0,4,1.9517581462860107,10,35
normal_165,0,28,0.41498166,0,0,0,4,1.9517581462860107,10,35
normal_165,0,35,0.4044596,0,0,0,4,1.9517581462860107,10,35
normal_170,0,0,0.47826272,0,0,0,4,1.9517581462860107,10,35
normal_170,0,7,0.51612663,0,0,0,4,1.9517581462860107,10,35
normal_170,0,14,0.24290437,0,0,0,4,1.9517581462860107,10,35
normal_170,0,21,0.43402812,0,0,0,4,1.9517581462860107,10,35
normal_170,0,28,0.5344459,0,0,0,4,1.9517581462860107,10,35
normal_170,0,35,0.56772053,0,0,0,4,1.9517581462860107,10,35
normal_180,0,0,1.1851667,0,0,0,4,1.9517581462860107,10,35
normal_184,0,0,0.21429867,0,0,0,4,1.9517581462860107,10,35
normal_184,0,7,0.31218523,0,0,0,4,1.9517581462860107,10,35
normal_184,0,14,0.2518734,0,0,0,4,1.9517581462860107,10,35
normal_194,0,0,1.320543,0,0,0,4,1.9517581462860107,10,35
normal_194,0,7,1.8454646,0,0,0,4,1.9517581462860107,10,35
normal_194,0,14,1.842793,0,0,0,4,1.9517581462860107,10,35
normal_194,0,21,1.9932863,1,1,0,4,1.9517581462860107,10,35
normal_194,0,28,0.89480966,0,0,0,4,1.9517581462860107,10,35
normal_194,0,35,1.588197,0,0,0,4,1.9517581462860107,10,35
normal_201,0,0,0.17056467,0,0,0,4,1.9517581462860107,10,35
normal_201,0,7,0.15138,0,0,0,4,1.9517581462860107,10,35
normal_201,0,14,0.22782001,0,0,0,4,1.9517581462860107,10,35
normal_222,0,0,1.7058685,0,0,0,4,1.9517581462860107,10,35
normal_222,0,7,1.3065996,0,0,0,4,1.9517581462860107,10,35
normal_222,0,14,1.0781431,0,0,0,4,1.9517581462860107,10,35
normal_222,0,21,1.3503361,0,0,0,4,1.9517581462860107,10,35
normal_222,0,28,1.5085602,0,0,0,4,1.9517581462860107,10,35
normal_222,0,35,1.7838601,0,0,0,4,1.9517581462860107,10,35
normal_230,0,0,0.81395096,0,0,0,4,1.9517581462860107,10,35
normal_230,0,7,1.1169102,0,0,0,4,1.9517581462860107,10,35
normal_230,0,14,1.2305108,0,0,0,4,1.9517581462860107,10,35
normal_230,0,21,0.5533531,0,0,0,4,1.9517581462860107,10,35
normal_230,0,28,0.6926644,0,0,0,4,1.9517581462860107,10,35
normal_234,0,0,0.41778532,0,0,0,4,1.9517581462860107,10,35
normal_234,0,7,0.44488317,0,0,0,4,1.9517581462860107,10,35
normal_234,0,14,0.38289896,0,0,0,4,1.9517581462860107,10,35
normal_234,0,21,0.37649888,0,0,0,4,1.9517581462860107,10,35
normal_234,0,28,0.26270622,0,0,0,4,1.9517581462860107,10,35
normal_234,0,35,0.33561242,0,0,0,4,1.9517581462860107,10,35
normal_240,0,0,0.5997943,0,0,0,4,1.9517581462860107,10,35
normal_240,0,7,0.63546073,0,0,0,4,1.9517581462860107,10,35
normal_240,0,14,0.70517343,0,0,0,4,1.9517581462860107,10,35
normal_240,0,21,0.42253682,0,0,0,4,1.9517581462860107,10,35
normal_240,0,28,0.60446423,0,0,0,4,1.9517581462860107,10,35
normal_240,0,35,0.41983512,0,0,0,4,1.9517581462860107,10,35
normal_242,0,0,1.5816224,0,0,0,4,1.9517581462860107,10,35
normal_242,0,7,1.1657963,0,0,0,4,1.9517581462860107,10,35
normal_242,0,14,1.5209012,0,0,0,4,1.9517581462860107,10,35
normal_242,0,21,1.4434879,0,0,0,4,1.9517581462860107,10,35
normal_242,0,28,1.8847033,0,0,0,4,1.9517581462860107,10,35
normal_252,0,0,1.2862467,0,0,0,4,1.9517581462860107,10,35
normal_252,0,7,1.3260397,0,0,0,4,1.9517581462860107,10,35
normal_252,0,14,1.1391602,0,0,0,4,1.9517581462860107,10,35
normal_252,0,21,1.1637692,0,0,0,4,1.9517581462860107,10,35
normal_252,0,28,1.6634601,0,0,0,4,1.9517581462860107,10,35
normal_252,0,35,1.2546433,0,0,0,4,1.9517581462860107,10,35
normal_253,0,0,0.31098905,0,0,0,4,1.9517581462860107,10,35
normal_253,0,7,0.27097017,0,0,0,4,1.9517581462860107,10,35
normal_253,0,14,0.2086788,0,0,0,4,1.9517581462860107,10,35
normal_253,0,21,0.24510738,0,0,0,4,1.9517581462860107,10,35
normal_253,0,28,0.26759076,0,0,0,4,1.9517581462860107,10,35
normal_253,0,35,0.25034842,0,0,0,4,1.9517581462860107,10,35
normal_272,0,0,0.9516366,0,0,0,4,1.9517581462860107,10,35
normal_272,0,7,1.0568397,0,0,0,4,1.9517581462860107,10,35
normal_272,0,14,1.4082842,0,0,0,4,1.9517581462860107,10,35
normal_272,0,21,1.3208555,0,0,0,4,1.9517581462860107,10,35
normal_272,0,28,1.2276005,0,0,0,4,1.9517581462860107,10,35
normal_272,0,35,0.92083454,0,0,0,4,1.9517581462860107,10,35
normal_274,0,0,0.6948798,0,0,0,4,1.9517581462860107,10,35
normal_274,0,7,0.83550906,0,0,0,4,1.9517581462860107,10,35
normal_274,0,14,1.0681279,0,0,0,4,1.9517581462860107,10,35
normal_274,0,21,0.79798967,0,0,0,4,1.9517581462860107,10,35
normal_274,0,28,0.758675,0,0,0,4,1.9517581462860107,10,35
normal_275,0,0,0.32168084,0,0,0,4,1.9517581462860107,10,35
normal_275,0,7,0.33896545,0,0,0,4,1.9517581462860107,10,35
normal_275,0,14,0.37057617,0,0,0,4,1.9517581462860107,10,35
normal_275,0,21,0.24573542,0,0,0,4,1.9517581462860107,10,35
normal_275,0,28,0.34016925,0,0,0,4,1.9517581462860107,10,35
normal_275,0,35,0.3262634,0,0,0,4,1.9517581462860107,10,35
normal_276,0,0,0.5702525,0,0,0,4,1.9517581462860107,10,35
normal_276,0,7,0.51595306,0,0,0,4,1.9517581462860107,10,35
normal_276,0,14,0.567755,0,0,0,4,1.9517581462860107,10,35
normal_276,0,21,0.48998088,0,0,0,4,1.9517581462860107,10,35
normal_276,0,28,0.47775328,0,0,0,4,1.9517581462860107,10,35
normal_278,0,0,0.31814894,0,0,0,4,1.9517581462860107,10,35
normal_284,0,0,1.6153026,0,0,0,4,1.9517581462860107,10,35
normal_284,0,7,1.6091334,0,0,0,4,1.9517581462860107,10,35
normal_295,0,0,0.3078053,0,0,0,4,1.9517581462860107,10,35
normal_295,0,7,0.31695223,0,0,0,4,1.9517581462860107,10,35
normal_295,0,14,0.28867304,0,0,0,4,1.9517581462860107,10,35
normal_295,0,21,0.28541145,0,0,0,4,1.9517581462860107,10,35
normal_307,0,0,0.2300666,0,0,0,4,1.9517581462860107,10,35
normal_307,0,7,0.29280493,0,0,0,4,1.9517581462860107,10,35
normal_307,0,14,0.31072834,0,0,0,4,1.9517581462860107,10,35
normal_326,0,0,1.533818,0,0,0,4,1.9517581462860107,10,35
normal_326,0,7,1.4148657,0,0,0,4,1.9517581462860107,10,35
normal_326,0,14,2.0065067,1,1,0,4,1.9517581462860107,10,35
normal_329,0,0,1.1352661,0,0,0,4,1.9517581462860107,10,35
normal_329,0,7,1.8347112,0,0,0,4,1.9517581462860107,10,35
normal_329,0,14,1.6223407,0,0,0,4,1.9517581462860107,10,35
normal_329,0,21,0.8199651,0,0,0,4,1.9517581462860107,10,35
normal_329,0,28,1.0998378,0,0,0,4,1.9517581462860107,10,35
normal_329,0,35,1.3916843,0,0,0,4,1.9517581462860107,10,35
normal_339,0,0,0.8917931,0,0,0,4,1.9517581462860107,10,35
normal_341,0,0,0.6825944,0,0,0,4,1.9517581462860107,10,35
normal_341,0,7,0.7342938,0,0,0,4,1.9517581462860107,10,35
normal_341,0,14,0.5817582,0,0,0,4,1.9517581462860107,10,35
normal_341,0,21,0.47320908,0,0,0,4,1.9517581462860107,10,35
normal_341,0,28,0.5545661,0,0,0,4,1.9517581462860107,10,35
normal_341,0,35,0.8147458,0,0,0,4,1.9517581462860107,10,35
normal_343,0,0,1.2474765,0,0,0,4,1.9517581462860107,10,35
normal_343,0,7,1.8959423,0,0,0,4,1.9517581462860107,10,35
normal_343,0,14,2.4880838,1,1,0,4,1.9517581462860107,10,35
normal_343,0,21,1.9061917,0,0,0,4,1.9517581462860107,10,35
normal_343,0,28,0.851368,0,0,0,4,1.9517581462860107,10,35
normal_344,0,0,0.7159549,0,0,0,4,1.9517581462860107,10,35
normal_344,0,7,0.90540236,0,0,0,4,1.9517581462860107,10,35
normal_344,0,14,0.59646624,0,0,0,4,1.9517581462860107,10,35
normal_375,0,0,0.4250719,0,0,0,4,1.9517581462860107,10,35
normal_375,0,7,0.4264145,0,0,0,4,1.9517581462860107,10,35
normal_375,0,14,0.50838614,0,0,0,4,1.9517581462860107,10,35
normal_396,0,0,0.706135,0,0,0,4,1.9517581462860107,10,35
normal_396,0,7,0.7511845,0,0,0,4,1.9517581462860107,10,35
normal_396,0,14,0.9606384,0,0,0,4,1.9517581462860107,10,35
normal_396,0,21,0.64851636,0,0,0,4,1.9517581462860107,10,35
normal_396,0,28,0.6634799,0,0,0,4,1.9517581462860107,10,35
normal_396,0,35,0.98619235,0,0,0,4,1.9517581462860107,10,35
normal_399,0,0,0.8901417,0,0,0,4,1.9517581462860107,10,35
normal_399,0,7,0.8856769,0,0,0,4,1.9517581462860107,10,35
normal_431,0,0,1.3536954,0,0,0,4,1.9517581462860107,10,35
normal_431,0,7,1.164581,0,0,0,4,1.9517581462860107,10,35
normal_445,0,0,1.3044161,0,0,0,4,1.9517581462860107,10,35
normal_445,0,7,1.6891769,0,0,0,4,1.9517581462860107,10,35
normal_445,0,14,1.5724213,0,0,0,4,1.9517581462860107,10,35
normal_445,0,21,1.8002801,0,0,0,4,1.9517581462860107,10,35
normal_445,0,28,1.593319,0,0,0,4,1.9517581462860107,10,35
normal_445,0,35,1.5254592,0,0,0,4,1.9517581462860107,10,35
normal_448,0,0,1.1273592,0,0,0,4,1.9517581462860107,10,35
normal_457,0,0,0.36452702,0,0,0,4,1.9517581462860107,10,35
normal_457,0,7,0.26064774,0,0,0,4,1.9517581462860107,10,35
normal_457,0,14,0.3186058,0,0,0,4,1.9517581462860107,10,35
normal_457,0,21,0.35592663,0,0,0,4,1.9517581462860107,10,35
normal_470,0,0,1.5036296,0,0,0,4,1.9517581462860107,10,35
normal_470,0,7,1.3605689,0,0,0,4,1.9517581462860107,10,35
normal_470,0,14,1.5438874,0,0,0,4,1.9517581462860107,10,35
normal_470,0,21,1.7934655,0,0,0,4,1.9517581462860107,10,35
normal_486,0,0,0.24728686,0,0,0,4,1.9517581462860107,10,35
normal_486,0,7,0.27675983,0,0,0,4,1.9517581462860107,10,35
normal_486,0,14,0.2519623,0,0,0,4,1.9517581462860107,10,35
normal_486,0,21,0.1910208,0,0,0,4,1.9517581462860107,10,35
normal_486,0,28,0.19380555,0,0,0,4,1.9517581462860107,10,35
normal_487,0,0,0.18120104,0,0,0,4,1.9517581462860107,10,35
normal_487,0,7,0.20986027,0,0,0,4,1.9517581462860107,10,35
normal_487,0,14,0.266056,0,0,0,4,1.9517581462860107,10,35
normal_487,0,21,0.31658947,0,0,0,4,1.9517581462860107,10,35
normal_487,0,28,0.31659713,0,0,0,4,1.9517581462860107,10,35
normal_498,0,0,0.23235932,0,0,0,4,1.9517581462860107,10,35
normal_498,0,7,0.17826945,0,0,0,4,1.9517581462860107,10,35
normal_498,0,14,0.18829033,0,0,0,4,1.9517581462860107,10,35
normal_498,0,21,0.2164253,0,0,0,4,1.9517581462860107,10,35
normal_498,0,28,0.23419426,0,0,0,4,1.9517581462860107,10,35
normal_498,0,35,0.19304425,0,0,0,4,1.9517581462860107,10,35
normal_500,0,0,0.22459407,0,0,0,4,1.9517581462860107,10,35
normal_500,0,7,0.1967404,0,0,0,4,1.9517581462860107,10,35
normal_500,0,14,0.19558796,0,0,0,4,1.9517581462860107,10,35
normal_500,0,21,0.23969433,0,0,0,4,1.9517581462860107,10,35
normal_500,0,28,0.26047397,0,0,0,4,1.9517581462860107,10,35
normal_500,0,35,0.2757785,0,0,0,4,1.9517581462860107,10,35
normal_502,0,0,0.23283125,0,0,0,4,1.9517581462860107,10,35
normal_502,0,7,0.2128376,0,0,0,4,1.9517581462860107,10,35
normal_505,0,0,0.16501702,0,0,0,4,1.9517581462860107,10,35
normal_505,0,7,0.20173715,0,0,0,4,1.9517581462860107,10,35
normal_505,0,14,0.2281967,0,0,0,4,1.9517581462860107,10,35
normal_505,0,21,0.2767698,0,0,0,4,1.9517581462860107,10,35
normal_505,0,28,0.14719158,0,0,0,4,1.9517581462860107,10,35
normal_505,0,35,0.2310746,0,0,0,4,1.9517581462860107,10,35
normal_506,0,0,0.20366357,0,0,0,4,1.9517581462860107,10,35
normal_506,0,7,0.18902062,0,0,0,4,1.9517581462860107,10,35
normal_506,0,14,0.16890827,0,0,0,4,1.9517581462860107,10,35
normal_506,0,21,0.21744283,0,0,0,4,1.9517581462860107,10,35
normal_506,0,28,0.21312727,0,0,0,4,1.9517581462860107,10,35
normal_506,0,35,0.20330048,0,0,0,4,1.9517581462860107,10,35
normal_513,0,0,0.33070895,0,0,0,4,1.9517581462860107,10,35
normal_513,0,7,0.25110024,0,0,0,4,1.9517581462860107,10,35
normal_525,0,0,0.22517425,0,0,0,4,1.9517581462860107,10,35
normal_525,0,7,0.28246057,0,0,0,4,1.9517581462860107,10,35
normal_525,0,14,0.14309716,0,0,0,4,1.9517581462860107,10,35
normal_525,0,21,0.20870169,0,0,0,4,1.9517581462860107,10,35
normal_525,0,28,0.22464108,0,0,0,4,1.9517581462860107,10,35
normal_525,0,35,0.24884714,0,0,0,4,1.9517581462860107,10,35
normal_527,0,0,0.24526078,0,0,0,4,1.9517581462860107,10,35
normal_527,0,7,0.23357426,0,0,0,4,1.9517581462860107,10,35
normal_527,0,14,0.27054423,0,0,0,4,1.9517581462860107,10,35
normal_527,0,21,0.2123831,0,0,0,4,1.9517581462860107,10,35
normal_527,0,28,0.20997933,0,0,0,4,1.9517581462860107,10,35
normal_532,0,0,0.22388658,0,0,0,4,1.9517581462860107,10,35
normal_532,0,7,0.18076393,0,0,0,4,1.9517581462860107,10,35
normal_532,0,14,0.20624863,0,0,0,4,1.9517581462860107,10,35
normal_532,0,21,0.15777238,0,0,0,4,1.9517581462860107,10,35
normal_532,0,28,0.24005148,0,0,0,4,1.9517581462860107,10,35
normal_532,0,35,0.17945866,0,0,0,4,1.9517581462860107,10,35
normal_535,0,0,0.20364249,0,0,0,4,1.9517581462860107,10,35
normal_535,0,7,0.23279531,0,0,0,4,1.9517581462860107,10,35
normal_537,0,0,0.16046122,0,0,0,4,1.9517581462860107,10,35
normal_537,0,7,0.1479608,0,0,0,4,1.9517581462860107,10,35
normal_537,0,14,0.18071055,0,0,0,4,1.9517581462860107,10,35
normal_537,0,21,0.2685398,0,0,0,4,1.9517581462860107,10,35
normal_537,0,28,0.24464987,0,0,0,4,1.9517581462860107,10,35
normal_537,0,35,0.2206988,0,0,0,4,1.9517581462860107,10,35
normal_543,0,0,0.17205618,0,0,0,4,1.9517581462860107,10,35
normal_543,0,7,0.21721321,0,0,0,4,1.9517581462860107,10,35
normal_543,0,14,0.18400091,0,0,0,4,1.9517581462860107,10,35
normal_543,0,21,0.17621034,0,0,0,4,1.9517581462860107,10,35
normal_543,0,28,0.18885617,0,0,0,4,1.9517581462860107,10,35
normal_543,0,35,0.16670069,0,0,0,4,1.9517581462860107,10,35
normal_544,0,0,0.20735148,0,0,0,4,1.9517581462860107,10,35
normal_544,0,7,0.25886354,0,0,0,4,1.9517581462860107,10,35
normal_544,0,14,0.24605796,0,0,0,4,1.9517581462860107,10,35
normal_544,0,21,0.1695264,0,0,0,4,1.9517581462860107,10,35
normal_544,0,28,0.1590764,0,0,0,4,1.9517581462860107,10,35
normal_544,0,35,0.17963712,0,0,0,4,1.9517581462860107,10,35
normal_558,0,0,0.16681209,0,0,0,4,1.9517581462860107,10,35
normal_558,0,7,0.18234985,0,0,0,4,1.9517581462860107,10,35
normal_558,0,14,0.17803629,0,0,0,4,1.9517581462860107,10,35
normal_558,0,21,0.16170037,0,0,0,4,1.9517581462860107,10,35
normal_558,0,28,0.16555393,0,0,0,4,1.9517581462860107,10,35
normal_563,0,0,0.42325675,0,0,0,4,1.9517581462860107,10,35
normal_563,0,7,0.37715718,0,0,0,4,1.9517581462860107,10,35
normal_563,0,14,0.412612,0,0,0,4,1.9517581462860107,10,35
normal_563,0,21,0.34678262,0,0,0,4,1.9517581462860107,10,35
normal_563,0,28,0.25558552,0,0,0,4,1.9517581462860107,10,35
normal_563,0,35,0.31075913,0,0,0,4,1.9517581462860107,10,35
normal_570,0,0,2.1363344,1,1,0,4,1.9517581462860107,10,35
normal_570,0,7,2.0585794,1,2,0,4,1.9517581462860107,10,35
normal_570,0,14,0.90269434,0,0,0,4,1.9517581462860107,10,35
normal_570,0,21,1.2912476,0,0,0,4,1.9517581462860107,10,35
normal_570,0,28,1.1174203,0,0,0,4,1.9517581462860107,10,35
normal_572,0,0,0.92151344,0,0,0,4,1.9517581462860107,10,35
normal_572,0,7,1.1642439,0,0,0,4,1.9517581462860107,10,35
normal_572,0,14,1.2235558,0,0,0,4,1.9517581462860107,10,35
normal_585,0,0,0.6165486,0,0,0,4,1.9517581462860107,10,35
normal_585,0,7,0.44414362,0,0,0,4,1.9517581462860107,10,35
normal_587,0,0,1.088189,0,0,0,4,1.9517581462860107,10,35
normal_587,0,7,1.2093877,0,0,0,4,1.9517581462860107,10,35
normal_587,0,14,1.3105608,0,0,0,4,1.9517581462860107,10,35
normal_587,0,21,1.3458817,0,0,0,4,1.9517581462860107,10,35
normal_587,0,28,1.3537201,0,0,0,4,1.9517581462860107,10,35
normal_587,0,35,1.3495924,0,0,0,4,1.9517581462860107,10,35
normal_599,0,0,0.36978272,0,0,0,4,1.9517581462860107,10,35
normal_599,0,7,0.39414927,0,0,0,4,1.9517581462860107,10,35
normal_599,0,14,0.30821487,0,0,0,4,1.9517581462860107,10,35
normal_599,0,21,0.2454146,0,0,0,4,1.9517581462860107,10,35
normal_599,0,28,0.289351,0,0,0,4,1.9517581462860107,10,35
anomaly_8,1,0,38.720398,1,1,0,4,1.9517581462860107,10,35
anomaly_8,1,7,13.743872,1,2,0,4,1.9517581462860107,10,35
anomaly_8,1,14,2.7305453,1,3,0,4,1.9517581462860107,10,35
anomaly_8,1,21,1.8399135,0,0,0,4,1.9517581462860107,10,35
anomaly_17,1,0,15.241317,1,1,0,4,1.9517581462860107,10,35
anomaly_17,1,7,1.0254022,0,0,0,4,1.9517581462860107,10,35
anomaly_17,1,14,1.3925146,0,0,0,4,1.9517581462860107,10,35
anomaly_17,1,21,1.0154229,0,0,0,4,1.9517581462860107,10,35
anomaly_17,1,28,1.093719,0,0,0,4,1.9517581462860107,10,35
anomaly_17,1,35,10.86298,1,1,0,4,1.9517581462860107,10,35
anomaly_18,1,0,41.559555,1,1,0,4,1.9517581462860107,10,35
anomaly_18,1,7,34.16386,1,2,0,4,1.9517581462860107,10,35
anomaly_18,1,14,3.5964699,1,3,0,4,1.9517581462860107,10,35
anomaly_18,1,21,1.1343865,0,0,0,4,1.9517581462860107,10,35
normal_2,0,0,0.7847982,0,0,0,5,2.122143507003784,9,23
normal_2,0,7,0.7410675,0,0,0,5,2.122143507003784,9,23
normal_2,0,14,0.7139415,0,0,0,5,2.122143507003784,9,23
normal_2,0,21,0.7705914,0,0,0,5,2.122143507003784,9,23
normal_12,0,0,0.38699204,0,0,0,5,2.122143507003784,9,23
normal_12,0,7,0.25479004,0,0,0,5,2.122143507003784,9,23
normal_12,0,14,0.3267806,0,0,0,5,2.122143507003784,9,23
normal_12,0,21,0.29531616,0,0,0,5,2.122143507003784,9,23
normal_12,0,28,0.3053381,0,0,0,5,2.122143507003784,9,23
normal_12,0,35,0.22216138,0,0,0,5,2.122143507003784,9,23
normal_14,0,0,1.4480274,0,0,0,5,2.122143507003784,9,23
normal_14,0,7,1.2348187,0,0,0,5,2.122143507003784,9,23
normal_16,0,0,1.3446777,0,0,0,5,2.122143507003784,9,23
normal_16,0,7,1.3622001,0,0,0,5,2.122143507003784,9,23
normal_16,0,14,1.3338426,0,0,0,5,2.122143507003784,9,23
normal_16,0,21,1.739542,0,0,0,5,2.122143507003784,9,23
normal_16,0,28,1.4741306,0,0,0,5,2.122143507003784,9,23
normal_16,0,35,1.3488343,0,0,0,5,2.122143507003784,9,23
normal_23,0,0,0.56671107,0,0,0,5,2.122143507003784,9,23
normal_23,0,7,0.5735028,0,0,0,5,2.122143507003784,9,23
normal_23,0,14,0.44968343,0,0,0,5,2.122143507003784,9,23
normal_23,0,21,0.5911272,0,0,0,5,2.122143507003784,9,23
normal_23,0,28,0.7701667,0,0,0,5,2.122143507003784,9,23
normal_23,0,35,0.6274785,0,0,0,5,2.122143507003784,9,23
normal_35,0,0,1.0817823,0,0,0,5,2.122143507003784,9,23
normal_35,0,7,1.1567289,0,0,0,5,2.122143507003784,9,23
normal_35,0,14,0.9503732,0,0,0,5,2.122143507003784,9,23
normal_35,0,21,0.8983843,0,0,0,5,2.122143507003784,9,23
normal_35,0,28,1.0418801,0,0,0,5,2.122143507003784,9,23
normal_35,0,35,0.96961796,0,0,0,5,2.122143507003784,9,23
normal_37,0,0,0.8763338,0,0,0,5,2.122143507003784,9,23
normal_37,0,7,1.4315422,0,0,0,5,2.122143507003784,9,23
normal_37,0,14,0.8736935,0,0,0,5,2.122143507003784,9,23
normal_37,0,21,0.7707427,0,0,0,5,2.122143507003784,9,23
normal_38,0,0,0.30890357,0,0,0,5,2.122143507003784,9,23
normal_38,0,7,0.3087895,0,0,0,5,2.122143507003784,9,23
normal_49,0,0,0.33512118,0,0,0,5,2.122143507003784,9,23
normal_49,0,7,0.40916032,0,0,0,5,2.122143507003784,9,23
normal_49,0,14,0.37819594,0,0,0,5,2.122143507003784,9,23
normal_49,0,21,0.20434886,0,0,0,5,2.122143507003784,9,23
normal_49,0,28,0.1866704,0,0,0,5,2.122143507003784,9,23
normal_49,0,35,0.18019526,0,0,0,5,2.122143507003784,9,23
normal_50,0,0,1.6439325,0,0,0,5,2.122143507003784,9,23
normal_50,0,7,0.94197786,0,0,0,5,2.122143507003784,9,23
normal_50,0,14,0.82760775,0,0,0,5,2.122143507003784,9,23
normal_50,0,21,0.9798538,0,0,0,5,2.122143507003784,9,23
normal_60,0,0,1.2840608,0,0,0,5,2.122143507003784,9,23
normal_60,0,7,1.1091453,0,0,0,5,2.122143507003784,9,23
normal_60,0,14,0.89967924,0,0,0,5,2.122143507003784,9,23
normal_60,0,21,0.8962135,0,0,0,5,2.122143507003784,9,23
normal_60,0,28,1.0567265,0,0,0,5,2.122143507003784,9,23
normal_60,0,35,1.255533,0,0,0,5,2.122143507003784,9,23
normal_64,0,0,1.1058074,0,0,0,5,2.122143507003784,9,23
normal_64,0,7,0.757877,0,0,0,5,2.122143507003784,9,23
normal_64,0,14,0.9095864,0,0,0,5,2.122143507003784,9,23
normal_64,0,21,1.0287038,0,0,0,5,2.122143507003784,9,23
normal_64,0,28,0.76528776,0,0,0,5,2.122143507003784,9,23
normal_64,0,35,0.78064734,0,0,0,5,2.122143507003784,9,23
normal_65,0,0,0.66536975,0,0,0,5,2.122143507003784,9,23
normal_65,0,7,0.76306194,0,0,0,5,2.122143507003784,9,23
normal_65,0,14,0.38004074,0,0,0,5,2.122143507003784,9,23
normal_65,0,21,0.6487441,0,0,0,5,2.122143507003784,9,23
normal_65,0,28,0.49542987,0,0,0,5,2.122143507003784,9,23
normal_65,0,35,0.41410825,0,0,0,5,2.122143507003784,9,23
normal_67,0,0,1.514691,0,0,0,5,2.122143507003784,9,23
normal_67,0,7,0.71256423,0,0,0,5,2.122143507003784,9,23
normal_67,0,14,0.6899598,0,0,0,5,2.122143507003784,9,23
normal_67,0,21,0.92465186,0,0,0,5,2.122143507003784,9,23
normal_67,0,28,1.1729176,0,0,0,5,2.122143507003784,9,23
normal_67,0,35,0.8210061,0,0,0,5,2.122143507003784,9,23
normal_74,0,0,0.7449591,0,0,0,5,2.122143507003784,9,23
normal_74,0,7,0.55676556,0,0,0,5,2.122143507003784,9,23
normal_74,0,14,0.41273686,0,0,0,5,2.122143507003784,9,23
normal_74,0,21,0.41948557,0,0,0,5,2.122143507003784,9,23
normal_74,0,28,0.70146453,0,0,0,5,2.122143507003784,9,23
normal_74,0,35,0.93124664,0,0,0,5,2.122143507003784,9,23
normal_91,0,0,0.755386,0,0,0,5,2.122143507003784,9,23
normal_91,0,7,0.93903726,0,0,0,5,2.122143507003784,9,23
normal_91,0,14,1.0148982,0,0,0,5,2.122143507003784,9,23
normal_91,0,21,0.7293368,0,0,0,5,2.122143507003784,9,23
normal_91,0,28,0.8594941,0,0,0,5,2.122143507003784,9,23
normal_105,0,0,0.16505519,0,0,0,5,2.122143507003784,9,23
normal_105,0,7,0.19910711,0,0,0,5,2.122143507003784,9,23
normal_105,0,14,0.28359452,0,0,0,5,2.122143507003784,9,23
normal_113,0,0,0.298574,0,0,0,5,2.122143507003784,9,23
normal_113,0,7,0.30865848,0,0,0,5,2.122143507003784,9,23
normal_113,0,14,0.200495,0,0,0,5,2.122143507003784,9,23
normal_113,0,21,0.22067226,0,0,0,5,2.122143507003784,9,23
normal_113,0,28,0.32721898,0,0,0,5,2.122143507003784,9,23
normal_113,0,35,0.35130218,0,0,0,5,2.122143507003784,9,23
normal_116,0,0,0.26562262,0,0,0,5,2.122143507003784,9,23
normal_116,0,7,0.2106422,0,0,0,5,2.122143507003784,9,23
normal_135,0,0,0.24823856,0,0,0,5,2.122143507003784,9,23
normal_135,0,7,0.24788418,0,0,0,5,2.122143507003784,9,23
normal_138,0,0,0.67607826,0,0,0,5,2.122143507003784,9,23
normal_138,0,7,0.7327897,0,0,0,5,2.122143507003784,9,23
normal_138,0,14,0.21924898,0,0,0,5,2.122143507003784,9,23
normal_138,0,21,0.27746123,0,0,0,5,2.122143507003784,9,23
normal_138,0,28,0.4133539,0,0,0,5,2.122143507003784,9,23
normal_139,0,0,0.337971,0,0,0,5,2.122143507003784,9,23
normal_139,0,7,0.30184075,0,0,0,5,2.122143507003784,9,23
normal_139,0,14,0.41660848,0,0,0,5,2.122143507003784,9,23
normal_139,0,21,0.4918264,0,0,0,5,2.122143507003784,9,23
normal_139,0,28,0.41965672,0,0,0,5,2.122143507003784,9,23
normal_141,0,0,1.3946514,0,0,0,5,2.122143507003784,9,23
normal_141,0,7,1.4647784,0,0,0,5,2.122143507003784,9,23
normal_145,0,0,0.9080262,0,0,0,5,2.122143507003784,9,23
normal_145,0,7,0.78900474,0,0,0,5,2.122143507003784,9,23
normal_145,0,14,0.91962594,0,0,0,5,2.122143507003784,9,23
normal_145,0,21,1.0284997,0,0,0,5,2.122143507003784,9,23
normal_145,0,28,0.9756534,0,0,0,5,2.122143507003784,9,23
normal_145,0,35,1.067503,0,0,0,5,2.122143507003784,9,23
normal_162,0,0,0.6718609,0,0,0,5,2.122143507003784,9,23
normal_162,0,7,0.80381674,0,0,0,5,2.122143507003784,9,23
normal_171,0,0,1.1222665,0,0,0,5,2.122143507003784,9,23
normal_171,0,7,1.0919565,0,0,0,5,2.122143507003784,9,23
normal_171,0,14,1.6311048,0,0,0,5,2.122143507003784,9,23
normal_171,0,21,1.667703,0,0,0,5,2.122143507003784,9,23
normal_176,0,0,0.7613836,0,0,0,5,2.122143507003784,9,23
normal_176,0,7,0.81911373,0,0,0,5,2.122143507003784,9,23
normal_176,0,14,0.735338,0,0,0,5,2.122143507003784,9,23
normal_176,0,21,0.8556737,0,0,0,5,2.122143507003784,9,23
normal_176,0,28,0.87715054,0,0,0,5,2.122143507003784,9,23
normal_176,0,35,0.8963775,0,0,0,5,2.122143507003784,9,23
normal_193,0,0,0.8191832,0,0,0,5,2.122143507003784,9,23
normal_193,0,7,0.45970166,0,0,0,5,2.122143507003784,9,23
normal_193,0,14,0.4792905,0,0,0,5,2.122143507003784,9,23
normal_193,0,21,0.4156756,0,0,0,5,2.122143507003784,9,23
normal_193,0,28,0.4880316,0,0,0,5,2.122143507003784,9,23
normal_193,0,35,0.38172558,0,0,0,5,2.122143507003784,9,23
normal_196,0,0,0.53296775,0,0,0,5,2.122143507003784,9,23
normal_196,0,7,0.5421536,0,0,0,5,2.122143507003784,9,23
normal_196,0,14,0.41797838,0,0,0,5,2.122143507003784,9,23
normal_199,0,0,1.1358811,0,0,0,5,2.122143507003784,9,23
normal_199,0,7,1.9877198,0,0,0,5,2.122143507003784,9,23
normal_199,0,14,1.64791,0,0,0,5,2.122143507003784,9,23
normal_199,0,21,1.4640383,0,0,0,5,2.122143507003784,9,23
normal_199,0,28,1.0762407,0,0,0,5,2.122143507003784,9,23
normal_199,0,35,1.5649871,0,0,0,5,2.122143507003784,9,23
normal_202,0,0,1.3849018,0,0,0,5,2.122143507003784,9,23
normal_202,0,7,1.1047459,0,0,0,5,2.122143507003784,9,23
normal_213,0,0,1.4620023,0,0,0,5,2.122143507003784,9,23
normal_213,0,7,1.5206118,0,0,0,5,2.122143507003784,9,23
normal_213,0,14,1.3501515,0,0,0,5,2.122143507003784,9,23
normal_213,0,21,1.8567485,0,0,0,5,2.122143507003784,9,23
normal_218,0,0,0.59147495,0,0,0,5,2.122143507003784,9,23
normal_218,0,7,0.7123672,0,0,0,5,2.122143507003784,9,23
normal_218,0,14,0.59261966,0,0,0,5,2.122143507003784,9,23
normal_218,0,21,0.49490997,0,0,0,5,2.122143507003784,9,23
normal_218,0,28,0.56977075,0,0,0,5,2.122143507003784,9,23
normal_218,0,35,0.5735255,0,0,0,5,2.122143507003784,9,23
normal_220,0,0,0.93392843,0,0,0,5,2.122143507003784,9,23
normal_220,0,7,1.378443,0,0,0,5,2.122143507003784,9,23
normal_241,0,0,0.27999556,0,0,0,5,2.122143507003784,9,23
normal_241,0,7,0.41439396,0,0,0,5,2.122143507003784,9,23
normal_241,0,14,0.39438984,0,0,0,5,2.122143507003784,9,23
normal_241,0,21,0.36178806,0,0,0,5,2.122143507003784,9,23
normal_241,0,28,0.33528396,0,0,0,5,2.122143507003784,9,23
normal_241,0,35,0.2821109,0,0,0,5,2.122143507003784,9,23
normal_259,0,0,1.1189361,0,0,0,5,2.122143507003784,9,23
normal_259,0,7,0.82568747,0,0,0,5,2.122143507003784,9,23
normal_259,0,14,0.69083756,0,0,0,5,2.122143507003784,9,23
normal_259,0,21,0.8157168,0,0,0,5,2.122143507003784,9,23
normal_259,0,28,0.7969186,0,0,0,5,2.122143507003784,9,23
normal_262,0,0,1.3239537,0,0,0,5,2.122143507003784,9,23
normal_273,0,0,0.21038838,0,0,0,5,2.122143507003784,9,23
normal_273,0,7,0.20358893,0,0,0,5,2.122143507003784,9,23
normal_273,0,14,0.29037604,0,0,0,5,2.122143507003784,9,23
normal_273,0,21,0.23810637,0,0,0,5,2.122143507003784,9,23
normal_273,0,28,0.22427951,0,0,0,5,2.122143507003784,9,23
normal_286,0,0,0.4322368,0,0,0,5,2.122143507003784,9,23
normal_286,0,7,0.86633015,0,0,0,5,2.122143507003784,9,23
normal_286,0,14,0.57412297,0,0,0,5,2.122143507003784,9,23
normal_286,0,21,0.6042742,0,0,0,5,2.122143507003784,9,23
normal_286,0,28,0.81709135,0,0,0,5,2.122143507003784,9,23
normal_286,0,35,0.5100526,0,0,0,5,2.122143507003784,9,23
normal_300,0,0,0.20644596,0,0,0,5,2.122143507003784,9,23
normal_300,0,7,0.16739583,0,0,0,5,2.122143507003784,9,23
normal_300,0,14,0.20151931,0,0,0,5,2.122143507003784,9,23
normal_300,0,21,0.25565004,0,0,0,5,2.122143507003784,9,23
normal_300,0,28,0.38230327,0,0,0,5,2.122143507003784,9,23
normal_302,0,0,1.829481,0,0,0,5,2.122143507003784,9,23
normal_313,0,0,0.21450049,0,0,0,5,2.122143507003784,9,23
normal_313,0,7,0.19193618,0,0,0,5,2.122143507003784,9,23
normal_318,0,0,1.6546037,0,0,0,5,2.122143507003784,9,23
normal_318,0,7,1.188221,0,0,0,5,2.122143507003784,9,23
normal_318,0,14,1.0184819,0,0,0,5,2.122143507003784,9,23
normal_318,0,21,1.1389014,0,0,0,5,2.122143507003784,9,23
normal_324,0,0,0.40984613,0,0,0,5,2.122143507003784,9,23
normal_324,0,7,0.23585913,0,0,0,5,2.122143507003784,9,23
normal_324,0,14,0.30538413,0,0,0,5,2.122143507003784,9,23
normal_324,0,21,0.40811217,0,0,0,5,2.122143507003784,9,23
normal_324,0,28,0.5079375,0,0,0,5,2.122143507003784,9,23
normal_324,0,35,0.6782028,0,0,0,5,2.122143507003784,9,23
normal_331,0,0,0.32149515,0,0,0,5,2.122143507003784,9,23
normal_331,0,7,0.4446908,0,0,0,5,2.122143507003784,9,23
normal_331,0,14,0.370246,0,0,0,5,2.122143507003784,9,23
normal_331,0,21,0.22413248,0,0,0,5,2.122143507003784,9,23
normal_337,0,0,0.47386953,0,0,0,5,2.122143507003784,9,23
normal_337,0,7,0.6127772,0,0,0,5,2.122143507003784,9,23
normal_337,0,14,0.6467078,0,0,0,5,2.122143507003784,9,23
normal_338,0,0,0.24020526,0,0,0,5,2.122143507003784,9,23
normal_338,0,7,0.27784386,0,0,0,5,2.122143507003784,9,23
normal_338,0,14,0.38366073,0,0,0,5,2.122143507003784,9,23
normal_351,0,0,0.3755222,0,0,0,5,2.122143507003784,9,23
normal_351,0,7,0.48177737,0,0,0,5,2.122143507003784,9,23
normal_354,0,0,0.34319136,0,0,0,5,2.122143507003784,9,23
normal_354,0,7,0.45527968,0,0,0,5,2.122143507003784,9,23
normal_354,0,14,0.671894,0,0,0,5,2.122143507003784,9,23
normal_354,0,21,0.70345676,0,0,0,5,2.122143507003784,9,23
normal_354,0,28,0.9709973,0,0,0,5,2.122143507003784,9,23
normal_354,0,35,0.51907295,0,0,0,5,2.122143507003784,9,23
normal_360,0,0,2.2649584,1,1,0,5,2.122143507003784,9,23
normal_360,0,7,1.1114249,0,0,0,5,2.122143507003784,9,23
normal_360,0,14,1.4012074,0,0,0,5,2.122143507003784,9,23
normal_360,0,21,1.3645188,0,0,0,5,2.122143507003784,9,23
normal_360,0,28,1.6253309,0,0,0,5,2.122143507003784,9,23
normal_360,0,35,1.188307,0,0,0,5,2.122143507003784,9,23
normal_361,0,0,0.38212192,0,0,0,5,2.122143507003784,9,23
normal_361,0,7,0.24372628,0,0,0,5,2.122143507003784,9,23
normal_361,0,14,0.2463944,0,0,0,5,2.122143507003784,9,23
normal_361,0,21,0.33352885,0,0,0,5,2.122143507003784,9,23
normal_361,0,28,0.32920143,0,0,0,5,2.122143507003784,9,23
normal_361,0,35,0.28077126,0,0,0,5,2.122143507003784,9,23
normal_364,0,0,0.25541827,0,0,0,5,2.122143507003784,9,23
normal_372,0,0,0.38419294,0,0,0,5,2.122143507003784,9,23
normal_372,0,7,0.28240478,0,0,0,5,2.122143507003784,9,23
normal_372,0,14,0.31131634,0,0,0,5,2.122143507003784,9,23
normal_372,0,21,0.27946803,0,0,0,5,2.122143507003784,9,23
normal_372,0,28,0.30918673,0,0,0,5,2.122143507003784,9,23
normal_372,0,35,0.2927394,0,0,0,5,2.122143507003784,9,23
normal_374,0,0,1.1996584,0,0,0,5,2.122143507003784,9,23
normal_374,0,7,1.0830358,0,0,0,5,2.122143507003784,9,23
normal_374,0,14,1.1457089,0,0,0,5,2.122143507003784,9,23
normal_374,0,21,1.519507,0,0,0,5,2.122143507003784,9,23
normal_374,0,28,1.7903104,0,0,0,5,2.122143507003784,9,23
normal_379,0,0,0.75294393,0,0,0,5,2.122143507003784,9,23
normal_379,0,7,1.086223,0,0,0,5,2.122143507003784,9,23
normal_379,0,14,0.36074147,0,0,0,5,2.122143507003784,9,23
normal_379,0,21,0.46992877,0,0,0,5,2.122143507003784,9,23
normal_379,0,28,0.55919564,0,0,0,5,2.122143507003784,9,23
normal_379,0,35,0.37958357,0,0,0,5,2.122143507003784,9,23
normal_380,0,0,1.8429043,0,0,0,5,2.122143507003784,9,23
normal_380,0,7,1.6647884,0,0,0,5,2.122143507003784,9,23
normal_380,0,14,1.5498825,0,0,0,5,2.122143507003784,9,23
normal_380,0,21,1.7466373,0,0,0,5,2.122143507003784,9,23
normal_380,0,28,2.0481267,0,0,0,5,2.122143507003784,9,23
normal_384,0,0,1.9122299,0,0,0,5,2.122143507003784,9,23
normal_384,0,7,1.786005,0,0,0,5,2.122143507003784,9,23
normal_384,0,14,1.0055734,0,0,0,5,2.122143507003784,9,23
normal_384,0,21,1.7815969,0,0,0,5,2.122143507003784,9,23
normal_384,0,28,1.4694107,0,0,0,5,2.122143507003784,9,23
normal_384,0,35,1.3486516,0,0,0,5,2.122143507003784,9,23
normal_402,0,0,0.93269205,0,0,0,5,2.122143507003784,9,23
normal_402,0,7,0.9558539,0,0,0,5,2.122143507003784,9,23
normal_402,0,14,1.0125453,0,0,0,5,2.122143507003784,9,23
normal_402,0,21,0.8616142,0,0,0,5,2.122143507003784,9,23
normal_402,0,28,0.77631485,0,0,0,5,2.122143507003784,9,23
normal_407,0,0,0.79204786,0,0,0,5,2.122143507003784,9,23
normal_407,0,7,1.1199822,0,0,0,5,2.122143507003784,9,23
normal_407,0,14,1.1867005,0,0,0,5,2.122143507003784,9,23
normal_407,0,21,0.8332271,0,0,0,5,2.122143507003784,9,23
normal_407,0,28,0.6760347,0,0,0,5,2.122143507003784,9,23
normal_407,0,35,1.1063328,0,0,0,5,2.122143507003784,9,23
normal_413,0,0,0.33797824,0,0,0,5,2.122143507003784,9,23
normal_413,0,7,0.20514625,0,0,0,5,2.122143507003784,9,23
normal_413,0,14,0.21515697,0,0,0,5,2.122143507003784,9,23
normal_413,0,21,0.32066122,0,0,0,5,2.122143507003784,9,23
normal_423,0,0,1.8510332,0,0,0,5,2.122143507003784,9,23
normal_423,0,7,2.2171385,1,1,0,5,2.122143507003784,9,23
normal_423,0,14,2.3058383,1,2,0,5,2.122143507003784,9,23
normal_423,0,21,1.562415,0,0,0,5,2.122143507003784,9,23
normal_423,0,28,1.9957316,0,0,0,5,2.122143507003784,9,23
normal_423,0,35,2.151239,1,1,0,5,2.122143507003784,9,23
normal_425,0,0,0.35919282,0,0,0,5,2.122143507003784,9,23
normal_425,0,7,0.3298547,0,0,0,5,2.122143507003784,9,23
normal_425,0,14,0.3768179,0,0,0,5,2.122143507003784,9,23
normal_425,0,21,0.5232261,0,0,0,5,2.122143507003784,9,23
normal_432,0,0,0.23276426,0,0,0,5,2.122143507003784,9,23
normal_432,0,7,0.2746386,0,0,0,5,2.122143507003784,9,23
normal_441,0,0,1.2575411,0,0,0,5,2.122143507003784,9,23
normal_441,0,7,1.518455,0,0,0,5,2.122143507003784,9,23
normal_441,0,14,2.1371996,1,1,0,5,2.122143507003784,9,23
normal_446,0,0,2.332938,1,1,0,5,2.122143507003784,9,23
normal_446,0,7,1.4855257,0,0,0,5,2.122143507003784,9,23
normal_446,0,14,0.6591474,0,0,0,5,2.122143507003784,9,23
normal_446,0,21,1.1218225,0,0,0,5,2.122143507003784,9,23
normal_446,0,28,1.6129464,0,0,0,5,2.122143507003784,9,23
normal_447,0,0,0.27428862,0,0,0,5,2.122143507003784,9,23
normal_447,0,7,0.2161279,0,0,0,5,2.122143507003784,9,23
normal_447,0,14,0.2710585,0,0,0,5,2.122143507003784,9,23
normal_461,0,0,1.8568107,0,0,0,5,2.122143507003784,9,23
normal_461,0,7,1.9579861,0,0,0,5,2.122143507003784,9,23
normal_461,0,14,1.1374246,0,0,0,5,2.122143507003784,9,23
normal_461,0,21,1.3516622,0,0,0,5,2.122143507003784,9,23
normal_461,0,28,2.038484,0,0,0,5,2.122143507003784,9,23
normal_461,0,35,2.608286,1,1,0,5,2.122143507003784,9,23
normal_464,0,0,0.21638353,0,0,0,5,2.122143507003784,9,23
normal_464,0,7,0.2984971,0,0,0,5,2.122143507003784,9,23
normal_464,0,14,0.3021209,0,0,0,5,2.122143507003784,9,23
normal_467,0,0,0.25589243,0,0,0,5,2.122143507003784,9,23
normal_467,0,7,0.21253379,0,0,0,5,2.122143507003784,9,23
normal_467,0,14,0.18551363,0,0,0,5,2.122143507003784,9,23
normal_467,0,21,0.23476721,0,0,0,5,2.122143507003784,9,23
normal_467,0,28,0.35501027,0,0,0,5,2.122143507003784,9,23
normal_467,0,35,0.45780104,0,0,0,5,2.122143507003784,9,23
normal_479,0,0,0.26538017,0,0,0,5,2.122143507003784,9,23
normal_479,0,7,0.26797268,0,0,0,5,2.122143507003784,9,23
normal_479,0,14,0.23974746,0,0,0,5,2.122143507003784,9,23
normal_479,0,21,0.20646164,0,0,0,5,2.122143507003784,9,23
normal_479,0,28,0.17042592,0,0,0,5,2.122143507003784,9,23
normal_479,0,35,0.22163892,0,0,0,5,2.122143507003784,9,23
normal_480,0,0,0.2353121,0,0,0,5,2.122143507003784,9,23
normal_480,0,7,0.30585942,0,0,0,5,2.122143507003784,9,23
normal_480,0,14,0.3837696,0,0,0,5,2.122143507003784,9,23
normal_480,0,21,0.15881203,0,0,0,5,2.122143507003784,9,23
normal_480,0,28,0.27317607,0,0,0,5,2.122143507003784,9,23
normal_480,0,35,0.24214363,0,0,0,5,2.122143507003784,9,23
normal_481,0,0,0.21060683,0,0,0,5,2.122143507003784,9,23
normal_481,0,7,0.1820307,0,0,0,5,2.122143507003784,9,23
normal_481,0,14,0.22432964,0,0,0,5,2.122143507003784,9,23
normal_481,0,21,0.24953236,0,0,0,5,2.122143507003784,9,23
normal_481,0,28,0.23611586,0,0,0,5,2.122143507003784,9,23
normal_481,0,35,0.2816163,0,0,0,5,2.122143507003784,9,23
normal_482,0,0,0.2109855,0,0,0,5,2.122143507003784,9,23
normal_482,0,7,0.20755292,0,0,0,5,2.122143507003784,9,23
normal_482,0,14,0.2098361,0,0,0,5,2.122143507003784,9,23
normal_482,0,21,0.21348739,0,0,0,5,2.122143507003784,9,23
normal_483,0,0,0.20229898,0,0,0,5,2.122143507003784,9,23
normal_483,0,7,0.20826781,0,0,0,5,2.122143507003784,9,23
normal_483,0,14,0.199155,0,0,0,5,2.122143507003784,9,23
normal_483,0,21,0.17080648,0,0,0,5,2.122143507003784,9,23
normal_483,0,28,0.19081925,0,0,0,5,2.122143507003784,9,23
normal_483,0,35,0.2678789,0,0,0,5,2.122143507003784,9,23
normal_484,0,0,0.20345707,0,0,0,5,2.122143507003784,9,23
normal_484,0,7,0.22419152,0,0,0,5,2.122143507003784,9,23
normal_484,0,14,0.31951365,0,0,0,5,2.122143507003784,9,23
normal_484,0,21,0.2581329,0,0,0,5,2.122143507003784,9,23
normal_484,0,28,0.2967407,0,0,0,5,2.122143507003784,9,23
normal_489,0,0,0.20102592,0,0,0,5,2.122143507003784,9,23
normal_489,0,7,0.19601224,0,0,0,5,2.122143507003784,9,23
normal_493,0,0,0.21121943,0,0,0,5,2.122143507003784,9,23
normal_493,0,7,0.20125775,0,0,0,5,2.122143507003784,9,23
normal_493,0,14,0.27557597,0,0,0,5,2.122143507003784,9,23
normal_493,0,21,0.28204593,0,0,0,5,2.122143507003784,9,23
normal_493,0,28,0.24174762,0,0,0,5,2.122143507003784,9,23
normal_493,0,35,0.23400854,0,0,0,5,2.122143507003784,9,23
normal_495,0,0,0.1905539,0,0,0,5,2.122143507003784,9,23
normal_495,0,7,0.20485517,0,0,0,5,2.122143507003784,9,23
normal_501,0,0,0.27689964,0,0,0,5,2.122143507003784,9,23
normal_501,0,7,0.20058295,0,0,0,5,2.122143507003784,9,23
normal_501,0,14,0.22147043,0,0,0,5,2.122143507003784,9,23
normal_501,0,21,0.26089033,0,0,0,5,2.122143507003784,9,23
normal_507,0,0,0.17594352,0,0,0,5,2.122143507003784,9,23
normal_507,0,7,0.20125686,0,0,0,5,2.122143507003784,9,23
normal_507,0,14,0.19088157,0,0,0,5,2.122143507003784,9,23
normal_507,0,21,0.18426038,0,0,0,5,2.122143507003784,9,23
normal_523,0,0,0.26970953,0,0,0,5,2.122143507003784,9,23
normal_523,0,7,0.2773384,0,0,0,5,2.122143507003784,9,23
normal_534,0,0,0.20224713,0,0,0,5,2.122143507003784,9,23
normal_534,0,7,0.22447751,0,0,0,5,2.122143507003784,9,23
normal_534,0,14,0.24080321,0,0,0,5,2.122143507003784,9,23
normal_534,0,21,0.28624868,0,0,0,5,2.122143507003784,9,23
normal_538,0,0,0.16620216,0,0,0,5,2.122143507003784,9,23
normal_538,0,7,0.2000372,0,0,0,5,2.122143507003784,9,23
normal_538,0,14,0.21368253,0,0,0,5,2.122143507003784,9,23
normal_538,0,21,0.21163583,0,0,0,5,2.122143507003784,9,23
normal_538,0,28,0.2307424,0,0,0,5,2.122143507003784,9,23
normal_538,0,35,0.2608134,0,0,0,5,2.122143507003784,9,23
normal_540,0,0,0.17480952,0,0,0,5,2.122143507003784,9,23
normal_540,0,7,0.19123755,0,0,0,5,2.122143507003784,9,23
normal_571,0,0,0.34332252,0,0,0,5,2.122143507003784,9,23
normal_571,0,7,0.20659488,0,0,0,5,2.122143507003784,9,23
normal_571,0,14,0.25513548,0,0,0,5,2.122143507003784,9,23
normal_571,0,21,0.27101147,0,0,0,5,2.122143507003784,9,23
normal_573,0,0,0.7901386,0,0,0,5,2.122143507003784,9,23
normal_575,0,0,0.8989668,0,0,0,5,2.122143507003784,9,23
normal_575,0,7,0.67574936,0,0,0,5,2.122143507003784,9,23
normal_575,0,14,0.5256188,0,0,0,5,2.122143507003784,9,23
normal_575,0,21,0.61919147,0,0,0,5,2.122143507003784,9,23
normal_575,0,28,0.5560405,0,0,0,5,2.122143507003784,9,23
normal_575,0,35,0.55597246,0,0,0,5,2.122143507003784,9,23
normal_579,0,0,0.9215259,0,0,0,5,2.122143507003784,9,23
normal_579,0,7,0.748874,0,0,0,5,2.122143507003784,9,23
normal_579,0,14,0.8749584,0,0,0,5,2.122143507003784,9,23
normal_589,0,0,0.2787274,0,0,0,5,2.122143507003784,9,23
normal_589,0,7,0.32077557,0,0,0,5,2.122143507003784,9,23
normal_589,0,14,0.29839966,0,0,0,5,2.122143507003784,9,23
normal_589,0,21,0.26264885,0,0,0,5,2.122143507003784,9,23
normal_598,0,0,0.9321315,0,0,0,5,2.122143507003784,9,23
normal_598,0,7,0.93022954,0,0,0,5,2.122143507003784,9,23
normal_598,0,14,0.7564035,0,0,0,5,2.122143507003784,9,23
normal_598,0,21,1.0374159,0,0,0,5,2.122143507003784,9,23
normal_598,0,28,1.0402215,0,0,0,5,2.122143507003784,9,23
normal_598,0,35,0.89311504,0,0,0,5,2.122143507003784,9,23
anomaly_3,1,0,12.668264,1,1,0,5,2.122143507003784,9,23
anomaly_3,1,7,44.57617,1,2,0,5,2.122143507003784,9,23
anomaly_3,1,14,69.16488,1,3,0,5,2.122143507003784,9,23
anomaly_3,1,21,66.64131,1,4,0,5,2.122143507003784,9,23
anomaly_3,1,28,77.15271,1,5,0,5,2.122143507003784,9,23
anomaly_13,1,0,106.00178,1,1,0,5,2.122143507003784,9,23
anomaly_13,1,7,74.45122,1,2,0,5,2.122143507003784,9,23
anomaly_13,1,14,2.322341,1,3,0,5,2.122143507003784,9,23
anomaly_13,1,21,1.9121623,0,0,0,5,2.122143507003784,9,23
anomaly_19,1,0,109.54388,1,1,0,5,2.122143507003784,9,23
anomaly_19,1,7,140.8551,1,2,0,5,2.122143507003784,9,23
