group,label,start,score,warning,run_count,run_alarm_trigger,fold,warning_threshold,markov_k,upper_k
normal_1,0,0,0.00062936643,0,0,0,1,0.06606504321098328,5,11
normal_1,0,7,0.0057621915,0,0,0,1,0.06606504321098328,5,11
normal_1,0,14,0.0072838487,0,0,0,1,0.06606504321098328,5,11
normal_1,0,21,0.00034564428,0,0,0,1,0.06606504321098328,5,11
normal_3,0,0,0.041143548,0,0,0,1,0.06606504321098328,5,11
normal_3,0,7,0.005088684,0,0,0,1,0.06606504321098328,5,11
normal_8,0,0,0.005429708,0,0,0,1,0.06606504321098328,5,11
normal_8,0,7,9.230267e-05,0,0,0,1,0.06606504321098328,5,11
normal_8,0,14,0.027089693,0,0,0,1,0.06606504321098328,5,11
normal_8,0,21,0.0019167073,0,0,0,1,0.06606504321098328,5,11
normal_51,0,0,0.0002614746,0,0,0,1,0.06606504321098328,5,11
normal_51,0,7,0.008060062,0,0,0,1,0.06606504321098328,5,11
normal_56,0,0,0.0017628303,0,0,0,1,0.06606504321098328,5,11
normal_56,0,7,0.00074844505,0,0,0,1,0.06606504321098328,5,11
normal_56,0,14,0.0051236707,0,0,0,1,0.06606504321098328,5,11
normal_56,0,21,0.0021466804,0,0,0,1,0.06606504321098328,5,11
normal_56,0,28,0.0402544,0,0,0,1,0.06606504321098328,5,11
normal_56,0,35,0.00048058253,0,0,0,1,0.06606504321098328,5,11
normal_58,0,0,0.033692412,0,0,0,1,0.06606504321098328,5,11
normal_58,0,7,0.001428024,0,0,0,1,0.06606504321098328,5,11
normal_58,0,14,0.009588047,0,0,0,1,0.06606504321098328,5,11
normal_58,0,21,0.004274219,0,0,0,1,0.06606504321098328,5,11
normal_58,0,28,0.005634161,0,0,0,1,0.06606504321098328,5,11
normal_58,0,35,0.01715954,0,0,0,1,0.06606504321098328,5,11
normal_62,0,0,0.008395636,0,0,0,1,0.06606504321098328,5,11
normal_62,0,7,0.027720584,0,0,0,1,0.06606504321098328,5,11
normal_62,0,14,0.0059615234,0,0,0,1,0.06606504321098328,5,11
normal_62,0,21,0.005644734,0,0,0,1,0.06606504321098328,5,11
normal_62,0,28,0.012517872,0,0,0,1,0.06606504321098328,5,11
normal_62,0,35,0.0024513612,0,0,0,1,0.06606504321098328,5,11
normal_71,0,0,0.0012745593,0,0,0,1,0.06606504321098328,5,11
normal_71,0,7,0.012311056,0,0,0,1,0.06606504321098328,5,11
normal_71,0,14,0.0052729663,0,0,0,1,0.06606504321098328,5,11
normal_71,0,21,0.0034562438,0,0,0,1,0.06606504321098328,5,11
normal_71,0,28,0.052458506,0,0,0,1,0.06606504321098328,5,11
normal_71,0,35,0.0013727243,0,0,0,1,0.06606504321098328,5,11
normal_77,0,0,0.017568346,0,0,0,1,0.06606504321098328,5,11
normal_77,0,7,8.330398e-05,0,0,0,1,0.06606504321098328,5,11
normal_77,0,14,0.0047001652,0,0,0,1,0.06606504321098328,5,11
normal_77,0,21,0.00066023634,0,0,0,1,0.06606504321098328,5,11
normal_77,0,28,0.0008473784,0,0,0,1,0.06606504321098328,5,11
normal_77,0,35,0.0053737783,0,0,0,1,0.06606504321098328,5,11
normal_79,0,0,0.020750327,0,0,0,1,0.06606504321098328,5,11
normal_79,0,7,0.0027722504,0,0,0,1,0.06606504321098328,5,11
normal_79,0,14,0.027887244,0,0,0,1,0.06606504321098328,5,11
normal_79,0,21,0.0033373067,0,0,0,1,0.06606504321098328,5,11
normal_79,0,28,0.034417495,0,0,0,1,0.06606504321098328,5,11
normal_79,0,35,0.0045067025,0,0,0,1,0.06606504321098328,5,11
normal_86,0,0,0.008063158,0,0,0,1,0.06606504321098328,5,11
normal_86,0,7,0.02664448,0,0,0,1,0.06606504321098328,5,11
normal_86,0,14,0.0015411216,0,0,0,1,0.06606504321098328,5,11
normal_86,0,21,0.06860114,1,1,0,1,0.06606504321098328,5,11
normal_86,0,28,0.0028621461,0,0,0,1,0.06606504321098328,5,11
normal_87,0,0,0.026320526,0,0,0,1,0.06606504321098328,5,11
normal_87,0,7,0.0034764279,0,0,0,1,0.06606504321098328,5,11
normal_87,0,14,0.013648449,0,0,0,1,0.06606504321098328,5,11
normal_95,0,0,0.002830615,0,0,0,1,0.06606504321098328,5,11
normal_95,0,7,0.0017749572,0,0,0,1,0.06606504321098328,5,11
normal_95,0,14,0.04047237,0,0,0,1,0.06606504321098328,5,11
normal_95,0,21,0.00021652401,0,0,0,1,0.06606504321098328,5,11
normal_95,0,28,0.0020447953,0,0,0,1,0.06606504321098328,5,11
normal_95,0,35,0.00025524868,0,0,0,1,0.06606504321098328,5,11
normal_99,0,0,0.009068473,0,0,0,1,0.06606504321098328,5,11
normal_99,0,7,0.041762527,0,0,0,1,0.06606504321098328,5,11
normal_102,0,0,9.908751e-05,0,0,0,1,0.06606504321098328,5,11
normal_102,0,7,0.0037738788,0,0,0,1,0.06606504321098328,5,11
normal_102,0,14,0.0012771197,0,0,0,1,0.06606504321098328,5,11
normal_102,0,21,0.00021952535,0,0,0,1,0.06606504321098328,5,11
normal_102,0,28,0.0060075866,0,0,0,1,0.06606504321098328,5,11
normal_102,0,35,9.4805626e-05,0,0,0,1,0.06606504321098328,5,11
normal_103,0,0,0.027059056,0,0,0,1,0.06606504321098328,5,11
normal_103,0,7,0.0035490016,0,0,0,1,0.06606504321098328,5,11
normal_103,0,14,0.0019714152,0,0,0,1,0.06606504321098328,5,11
normal_103,0,21,0.017528327,0,0,0,1,0.06606504321098328,5,11
normal_103,0,28,0.0015239256,0,0,0,1,0.06606504321098328,5,11
normal_115,0,0,0.0003447319,0,0,0,1,0.06606504321098328,5,11
normal_115,0,7,0.0184168,0,0,0,1,0.06606504321098328,5,11
normal_115,0,14,0.0016563975,0,0,0,1,0.06606504321098328,5,11
normal_115,0,21,0.0021731353,0,0,0,1,0.06606504321098328,5,11
normal_130,0,0,0.0071629994,0,0,0,1,0.06606504321098328,5,11
normal_147,0,0,0.014015206,0,0,0,1,0.06606504321098328,5,11
normal_147,0,7,0.004745006,0,0,0,1,0.06606504321098328,5,11
normal_147,0,14,0.046768963,0,0,0,1,0.06606504321098328,5,11
normal_147,0,21,0.005156667,0,0,0,1,0.06606504321098328,5,11
normal_160,0,0,0.004970889,0,0,0,1,0.06606504321098328,5,11
normal_160,0,7,0.026289934,0,0,0,1,0.06606504321098328,5,11
normal_160,0,14,0.0029961644,0,0,0,1,0.06606504321098328,5,11
normal_160,0,21,0.05597548,0,0,0,1,0.06606504321098328,5,11
normal_160,0,28,0.007735879,0,0,0,1,0.06606504321098328,5,11
normal_160,0,35,0.010099721,0,0,0,1,0.06606504321098328,5,11
normal_167,0,0,0.0015001462,0,0,0,1,0.06606504321098328,5,11
normal_167,0,7,0.005795821,0,0,0,1,0.06606504321098328,5,11
normal_167,0,14,0.0009618551,0,0,0,1,0.06606504321098328,5,11
normal_173,0,0,0.024379909,0,0,0,1,0.06606504321098328,5,11
normal_173,0,7,0.00010704362,0,0,0,1,0.06606504321098328,5,11
normal_177,0,0,0.00083356467,0,0,0,1,0.06606504321098328,5,11
normal_177,0,7,0.0011306907,0,0,0,1,0.06606504321098328,5,11
normal_177,0,14,0.005305718,0,0,0,1,0.06606504321098328,5,11
normal_177,0,21,0.00040516033,0,0,0,1,0.06606504321098328,5,11
normal_177,0,28,0.025184337,0,0,0,1,0.06606504321098328,5,11
normal_177,0,35,0.00023740837,0,0,0,1,0.06606504321098328,5,11
normal_178,0,0,0.0066239247,0,0,0,1,0.06606504321098328,5,11
normal_178,0,7,0.04710227,0,0,0,1,0.06606504321098328,5,11
normal_178,0,14,0.004544207,0,0,0,1,0.06606504321098328,5,11
normal_178,0,21,0.026939688,0,0,0,1,0.06606504321098328,5,11
normal_178,0,28,0.05890007,0,0,0,1,0.06606504321098328,5,11
normal_183,0,0,0.021605704,0,0,0,1,0.06606504321098328,5,11
normal_183,0,7,0.0015654736,0,0,0,1,0.06606504321098328,5,11
normal_183,0,14,0.040352575,0,0,0,1,0.06606504321098328,5,11
normal_183,0,21,0.004906474,0,0,0,1,0.06606504321098328,5,11
normal_183,0,28,0.008290665,0,0,0,1,0.06606504321098328,5,11
normal_185,0,0,0.057219204,0,0,0,1,0.06606504321098328,5,11
normal_185,0,7,0.006299736,0,0,0,1,0.06606504321098328,5,11
normal_185,0,14,0.036048237,0,0,0,1,0.06606504321098328,5,11
normal_188,0,0,0.011022347,0,0,0,1,0.06606504321098328,5,11
normal_188,0,7,0.02598084,0,0,0,1,0.06606504321098328,5,11
normal_188,0,14,0.008002578,0,0,0,1,0.06606504321098328,5,11
normal_188,0,21,0.006227929,0,0,0,1,0.06606504321098328,5,11
normal_188,0,28,0.040583488,0,0,0,1,0.06606504321098328,5,11
normal_188,0,35,0.004591531,0,0,0,1,0.06606504321098328,5,11
normal_190,0,0,0.0007763622,0,0,0,1,0.06606504321098328,5,11
normal_190,0,7,0.008161288,0,0,0,1,0.06606504321098328,5,11
normal_190,0,14,0.00017462358,0,0,0,1,0.06606504321098328,5,11
normal_190,0,21,0.01255697,0,0,0,1,0.06606504321098328,5,11
normal_206,0,0,0.030470187,0,0,0,1,0.06606504321098328,5,11
normal_206,0,7,0.002718086,0,0,0,1,0.06606504321098328,5,11
normal_206,0,14,0.00899163,0,0,0,1,0.06606504321098328,5,11
normal_207,0,0,0.009148876,0,0,0,1,0.06606504321098328,5,11
normal_207,0,7,0.021106336,0,0,0,1,0.06606504321098328,5,11
normal_212,0,0,0.0021255417,0,0,0,1,0.06606504321098328,5,11
normal_212,0,7,0.016660906,0,0,0,1,0.06606504321098328,5,11
normal_212,0,14,0.005816559,0,0,0,1,0.06606504321098328,5,11
normal_212,0,21,0.055461433,0,0,0,1,0.06606504321098328,5,11
normal_212,0,28,0.0008251152,0,0,0,1,0.06606504321098328,5,11
normal_212,0,35,0.0094739515,0,0,0,1,0.06606504321098328,5,11
normal_223,0,0,0.004256244,0,0,0,1,0.06606504321098328,5,11
normal_223,0,7,0.0064365715,0,0,0,1,0.06606504321098328,5,11
normal_223,0,14,0.0023080606,0,0,0,1,0.06606504321098328,5,11
normal_223,0,21,0.049392145,0,0,0,1,0.06606504321098328,5,11
normal_223,0,28,0.0014394904,0,0,0,1,0.06606504321098328,5,11
normal_223,0,35,0.008361225,0,0,0,1,0.06606504321098328,5,11
normal_224,0,0,0.0059120497,0,0,0,1,0.06606504321098328,5,11
normal_224,0,7,0.11835267,1,1,0,1,0.06606504321098328,5,11
normal_224,0,14,0.009930547,0,0,0,1,0.06606504321098328,5,11
normal_224,0,21,0.055056505,0,0,0,1,0.06606504321098328,5,11
normal_225,0,0,0.00634415,0,0,0,1,0.06606504321098328,5,11
normal_225,0,7,0.00010118347,0,0,0,1,0.06606504321098328,5,11
normal_225,0,14,0.007523551,0,0,0,1,0.06606504321098328,5,11
normal_229,0,0,0.00065666315,0,0,0,1,0.06606504321098328,5,11
normal_229,0,7,0.0009814448,0,0,0,1,0.06606504321098328,5,11
normal_229,0,14,4.6247285e-05,0,0,0,1,0.06606504321098328,5,11
normal_229,0,21,0.0010402274,0,0,0,1,0.06606504321098328,5,11
normal_229,0,28,4.6211837e-05,0,0,0,1,0.06606504321098328,5,11
normal_229,0,35,0.0048973053,0,0,0,1,0.06606504321098328,5,11
normal_237,0,0,0.0149435485,0,0,0,1,0.06606504321098328,5,11
normal_237,0,7,0.0013887705,0,0,0,1,0.06606504321098328,5,11
normal_243,0,0,0.0013150352,0,0,0,1,0.06606504321098328,5,11
normal_243,0,7,0.003946458,0,0,0,1,0.06606504321098328,5,11
normal_243,0,14,0.0032371308,0,0,0,1,0.06606504321098328,5,11
normal_246,0,0,0.020606428,0,0,0,1,0.06606504321098328,5,11
normal_246,0,7,0.0042028003,0,0,0,1,0.06606504321098328,5,11
normal_246,0,14,0.06839264,1,1,0,1,0.06606504321098328,5,11
normal_246,0,21,0.0044119414,0,0,0,1,0.06606504321098328,5,11
normal_246,0,28,0.019219099,0,0,0,1,0.06606504321098328,5,11
normal_246,0,35,0.014947451,0,0,0,1,0.06606504321098328,5,11
normal_258,0,0,0.0057880064,0,0,0,1,0.06606504321098328,5,11
normal_258,0,7,0.057081122,0,0,0,1,0.06606504321098328,5,11
normal_258,0,14,0.011188951,0,0,0,1,0.06606504321098328,5,11
normal_258,0,21,0.019013038,0,0,0,1,0.06606504321098328,5,11
normal_258,0,28,0.0111694485,0,0,0,1,0.06606504321098328,5,11
normal_258,0,35,0.0073012747,0,0,0,1,0.06606504321098328,5,11
normal_260,0,0,0.00034387584,0,0,0,1,0.06606504321098328,5,11
normal_260,0,7,0.00024062842,0,0,0,1,0.06606504321098328,5,11
normal_260,0,14,0.00014856356,0,0,0,1,0.06606504321098328,5,11
normal_265,0,0,0.00047909922,0,0,0,1,0.06606504321098328,5,11
normal_265,0,7,0.0011477639,0,0,0,1,0.06606504321098328,5,11
normal_265,0,14,0.00028000827,0,0,0,1,0.06606504321098328,5,11
normal_265,0,21,0.006389507,0,0,0,1,0.06606504321098328,5,11
normal_265,0,28,6.4214924e-05,0,0,0,1,0.06606504321098328,5,11
normal_265,0,35,0.00072138227,0,0,0,1,0.06606504321098328,5,11
normal_266,0,0,0.008848309,0,0,0,1,0.06606504321098328,5,11
normal_266,0,7,0.000493677,0,0,0,1,0.06606504321098328,5,11
normal_266,0,14,0.01390742,0,0,0,1,0.06606504321098328,5,11
normal_266,0,21,0.00039661583,0,0,0,1,0.06606504321098328,5,11
normal_266,0,28,0.0075290613,0,0,0,1,0.06606504321098328,5,11
normal_266,0,35,0.002329157,0,0,0,1,0.06606504321098328,5,11
normal_268,0,0,0.003425384,0,0,0,1,0.06606504321098328,5,11
normal_268,0,7,0.0011603092,0,0,0,1,0.06606504321098328,5,11
normal_288,0,0,0.04205336,0,0,0,1,0.06606504321098328,5,11
normal_288,0,7,0.0026778155,0,0,0,1,0.06606504321098328,5,11
normal_288,0,14,0.013771143,0,0,0,1,0.06606504321098328,5,11
normal_288,0,21,0.015098062,0,0,0,1,0.06606504321098328,5,11
normal_288,0,28,0.0032005082,0,0,0,1,0.06606504321098328,5,11
normal_288,0,35,0.02246588,0,0,0,1,0.06606504321098328,5,11
normal_294,0,0,0.014419567,0,0,0,1,0.06606504321098328,5,11
normal_294,0,7,0.0030076285,0,0,0,1,0.06606504321098328,5,11
normal_294,0,14,0.007874367,0,0,0,1,0.06606504321098328,5,11
normal_294,0,21,0.004821375,0,0,0,1,0.06606504321098328,5,11
normal_294,0,28,0.002300596,0,0,0,1,0.06606504321098328,5,11
normal_294,0,35,0.057348724,0,0,0,1,0.06606504321098328,5,11
normal_299,0,0,0.0010688931,0,0,0,1,0.06606504321098328,5,11
normal_299,0,7,0.024248412,0,0,0,1,0.06606504321098328,5,11
normal_299,0,14,0.00030361215,0,0,0,1,0.06606504321098328,5,11
normal_299,0,21,0.0014036414,0,0,0,1,0.06606504321098328,5,11
normal_299,0,28,0.0048132804,0,0,0,1,0.06606504321098328,5,11
normal_299,0,35,0.00036656944,0,0,0,1,0.06606504321098328,5,11
normal_304,0,0,0.014087893,0,0,0,1,0.06606504321098328,5,11
normal_304,0,7,0.002209319,0,0,0,1,0.06606504321098328,5,11
normal_304,0,14,0.00014250902,0,0,0,1,0.06606504321098328,5,11
normal_304,0,21,0.00035786917,0,0,0,1,0.06606504321098328,5,11
normal_304,0,28,5.6294644e-05,0,0,0,1,0.06606504321098328,5,11
normal_304,0,35,0.023124764,0,0,0,1,0.06606504321098328,5,11
normal_305,0,0,0.028795945,0,0,0,1,0.06606504321098328,5,11
normal_305,0,7,0.0026101586,0,0,0,1,0.06606504321098328,5,11
normal_305,0,14,0.04900829,0,0,0,1,0.06606504321098328,5,11
normal_305,0,21,0.011864911,0,0,0,1,0.06606504321098328,5,11
normal_305,0,28,0.008540107,0,0,0,1,0.06606504321098328,5,11
normal_305,0,35,0.011805202,0,0,0,1,0.06606504321098328,5,11
normal_310,0,0,0.0042344173,0,0,0,1,0.06606504321098328,5,11
normal_310,0,7,0.008454504,0,0,0,1,0.06606504321098328,5,11
normal_310,0,14,0.00871367,0,0,0,1,0.06606504321098328,5,11
normal_310,0,21,0.0017862916,0,0,0,1,0.06606504321098328,5,11
normal_310,0,28,0.029826446,0,0,0,1,0.06606504321098328,5,11
normal_310,0,35,0.003161588,0,0,0,1,0.06606504321098328,5,11
normal_311,0,0,0.00018032554,0,0,0,1,0.06606504321098328,5,11
normal_311,0,7,0.08217276,1,1,0,1,0.06606504321098328,5,11
normal_311,0,14,0.00019975331,0,0,0,1,0.06606504321098328,5,11
normal_311,0,21,0.00063829747,0,0,0,1,0.06606504321098328,5,11
normal_311,0,28,0.00043592052,0,0,0,1,0.06606504321098328,5,11
normal_311,0,35,0.0007202547,0,0,0,1,0.06606504321098328,5,11
normal_349,0,0,0.0006211658,0,0,0,1,0.06606504321098328,5,11
normal_349,0,7,0.00015937671,0,0,0,1,0.06606504321098328,5,11
normal_349,0,14,6.278409e-05,0,0,0,1,0.06606504321098328,5,11
normal_349,0,21,0.011049435,0,0,0,1,0.06606504321098328,5,11
normal_349,0,28,2.2786215e-05,0,0,0,1,0.06606504321098328,5,11
normal_349,0,35,0.0011905738,0,0,0,1,0.06606504321098328,5,11
normal_356,0,0,0.0017182914,0,0,0,1,0.06606504321098328,5,11
normal_356,0,7,0.0154174855,0,0,0,1,0.06606504321098328,5,11
normal_356,0,14,0.0014772958,0,0,0,1,0.06606504321098328,5,11
normal_356,0,21,0.015725777,0,0,0,1,0.06606504321098328,5,11
normal_356,0,28,0.005508214,0,0,0,1,0.06606504321098328,5,11
normal_363,0,0,0.00407123,0,0,0,1,0.06606504321098328,5,11
normal_363,0,7,0.00085479056,0,0,0,1,0.06606504321098328,5,11
normal_363,0,14,0.047505155,0,0,0,1,0.06606504321098328,5,11
normal_367,0,0,0.0020883807,0,0,0,1,0.06606504321098328,5,11
normal_367,0,7,0.00029158153,0,0,0,1,0.06606504321098328,5,11
normal_367,0,14,0.0018574232,0,0,0,1,0.06606504321098328,5,11
normal_367,0,21,0.0019468376,0,0,0,1,0.06606504321098328,5,11
normal_367,0,28,0.00020236394,0,0,0,1,0.06606504321098328,5,11
normal_367,0,35,0.10863707,1,1,0,1,0.06606504321098328,5,11
normal_387,0,0,0.0005692841,0,0,0,1,0.06606504321098328,5,11
normal_387,0,7,0.00016706549,0,0,0,1,0.06606504321098328,5,11
normal_390,0,0,0.00020820583,0,0,0,1,0.06606504321098328,5,11
normal_390,0,7,0.0012659366,0,0,0,1,0.06606504321098328,5,11
normal_390,0,14,0.00019015497,0,0,0,1,0.06606504321098328,5,11
normal_390,0,21,0.015637226,0,0,0,1,0.06606504321098328,5,11
normal_390,0,28,9.450523e-05,0,0,0,1,0.06606504321098328,5,11
normal_390,0,35,0.0009894355,0,0,0,1,0.06606504321098328,5,11
normal_392,0,0,0.0037373707,0,0,0,1,0.06606504321098328,5,11
normal_392,0,7,0.05021436,0,0,0,1,0.06606504321098328,5,11
normal_392,0,14,0.0059616226,0,0,0,1,0.06606504321098328,5,11
normal_392,0,21,0.02682887,0,0,0,1,0.06606504321098328,5,11
normal_397,0,0,0.0791175,1,1,0,1,0.06606504321098328,5,11
normal_397,0,7,0.021580147,0,0,0,1,0.06606504321098328,5,11
normal_397,0,14,0.0060326504,0,0,0,1,0.06606504321098328,5,11
normal_397,0,21,0.07056474,1,1,0,1,0.06606504321098328,5,11
normal_397,0,28,0.0071481173,0,0,0,1,0.06606504321098328,5,11
normal_398,0,0,6.914478e-05,0,0,0,1,0.06606504321098328,5,11
normal_398,0,7,0.0002190008,0,0,0,1,0.06606504321098328,5,11
normal_398,0,14,0.00069479196,0,0,0,1,0.06606504321098328,5,11
normal_403,0,0,0.0841429,1,1,0,1,0.06606504321098328,5,11
normal_403,0,7,0.013155386,0,0,0,1,0.06606504321098328,5,11
normal_403,0,14,0.025018947,0,0,0,1,0.06606504321098328,5,11
normal_404,0,0,0.001970675,0,0,0,1,0.06606504321098328,5,11
normal_406,0,0,0.0015663474,0,0,0,1,0.06606504321098328,5,11
normal_406,0,7,0.00039302933,0,0,0,1,0.06606504321098328,5,11
normal_406,0,14,0.00019454992,0,0,0,1,0.06606504321098328,5,11
normal_406,0,21,0.004087012,0,0,0,1,0.06606504321098328,5,11
normal_406,0,28,3.230252e-05,0,0,0,1,0.06606504321098328,5,11
normal_406,0,35,0.0032891738,0,0,0,1,0.06606504321098328,5,11
normal_408,0,0,0.06478768,0,0,0,1,0.06606504321098328,5,11
normal_408,0,7,0.0059074666,0,0,0,1,0.06606504321098328,5,11
normal_408,0,14,0.02469809,0,0,0,1,0.06606504321098328,5,11
normal_408,0,21,0.029734123,0,0,0,1,0.06606504321098328,5,11
normal_411,0,0,0.017585728,0,0,0,1,0.06606504321098328,5,11
normal_411,0,7,0.00023571067,0,0,0,1,0.06606504321098328,5,11
normal_411,0,14,0.009297939,0,0,0,1,0.06606504321098328,5,11
normal_411,0,21,0.00060463994,0,0,0,1,0.06606504321098328,5,11
normal_411,0,28,0.00074252306,0,0,0,1,0.06606504321098328,5,11
normal_411,0,35,0.00035277728,0,0,0,1,0.06606504321098328,5,11
normal_421,0,0,0.0063686897,0,0,0,1,0.06606504321098328,5,11
normal_421,0,7,0.0006506987,0,0,0,1,0.06606504321098328,5,11
normal_426,0,0,0.0008544115,0,0,0,1,0.06606504321098328,5,11
normal_426,0,7,0.0046611633,0,0,0,1,0.06606504321098328,5,11
normal_428,0,0,0.0001558022,0,0,0,1,0.06606504321098328,5,11
normal_428,0,7,0.0007238293,0,0,0,1,0.06606504321098328,5,11
normal_428,0,14,0.00723551,0,0,0,1,0.06606504321098328,5,11
normal_428,0,21,2.6921172e-05,0,0,0,1,0.06606504321098328,5,11
normal_428,0,28,0.0014337227,0,0,0,1,0.06606504321098328,5,11
normal_428,0,35,0.00019348972,0,0,0,1,0.06606504321098328,5,11
normal_430,0,0,0.0054451595,0,0,0,1,0.06606504321098328,5,11
normal_430,0,7,0.058419213,0,0,0,1,0.06606504321098328,5,11
normal_430,0,14,0.0059515205,0,0,0,1,0.06606504321098328,5,11
normal_430,0,21,0.047139477,0,0,0,1,0.06606504321098328,5,11
normal_451,0,0,0.00029054866,0,0,0,1,0.06606504321098328,5,11
normal_451,0,7,0.001510745,0,0,0,1,0.06606504321098328,5,11
normal_451,0,14,0.0004446189,0,0,0,1,0.06606504321098328,5,11
normal_451,0,21,0.0033979265,0,0,0,1,0.06606504321098328,5,11
normal_451,0,28,2.4670218e-05,0,0,0,1,0.06606504321098328,5,11
normal_453,0,0,0.00982325,0,0,0,1,0.06606504321098328,5,11
normal_453,0,7,0.0008339324,0,0,0,1,0.06606504321098328,5,11
normal_463,0,0,0.020543398,0,0,0,1,0.06606504321098328,5,11
normal_463,0,7,0.10277039,1,1,0,1,0.06606504321098328,5,11
normal_463,0,14,0.0018514601,0,0,0,1,0.06606504321098328,5,11
normal_469,0,0,0.004887265,0,0,0,1,0.06606504321098328,5,11
normal_469,0,7,0.0028631494,0,0,0,1,0.06606504321098328,5,11
normal_469,0,14,0.0030156563,0,0,0,1,0.06606504321098328,5,11
normal_469,0,21,0.0187949,0,0,0,1,0.06606504321098328,5,11
normal_473,0,0,0.050146986,0,0,0,1,0.06606504321098328,5,11
normal_473,0,7,0.005108254,0,0,0,1,0.06606504321098328,5,11
normal_473,0,14,0.033268176,0,0,0,1,0.06606504321098328,5,11
normal_473,0,21,0.013456686,0,0,0,1,0.06606504321098328,5,11
normal_473,0,28,0.0057612844,0,0,0,1,0.06606504321098328,5,11
normal_473,0,35,0.029699732,0,0,0,1,0.06606504321098328,5,11
normal_475,0,0,0.01762558,0,0,0,1,0.06606504321098328,5,11
normal_475,0,7,0.00411959,0,0,0,1,0.06606504321098328,5,11
normal_475,0,14,0.02604593,0,0,0,1,0.06606504321098328,5,11
normal_475,0,21,0.0024458615,0,0,0,1,0.06606504321098328,5,11
normal_485,0,0,0.039623175,0,0,0,1,0.06606504321098328,5,11
normal_485,0,7,0.0039862418,0,0,0,1,0.06606504321098328,5,11
normal_485,0,14,0.048144046,0,0,0,1,0.06606504321098328,5,11
normal_485,0,21,0.0064403843,0,0,0,1,0.06606504321098328,5,11
normal_485,0,28,0.010606357,0,0,0,1,0.06606504321098328,5,11
normal_488,0,0,0.05013242,0,0,0,1,0.06606504321098328,5,11
normal_488,0,7,0.0038861854,0,0,0,1,0.06606504321098328,5,11
normal_488,0,14,0.016955512,0,0,0,1,0.06606504321098328,5,11
normal_508,0,0,0.0334764,0,0,0,1,0.06606504321098328,5,11
normal_508,0,7,0.016667493,0,0,0,1,0.06606504321098328,5,11
normal_511,0,0,0.003287061,0,0,0,1,0.06606504321098328,5,11
normal_511,0,7,0.016233973,0,0,0,1,0.06606504321098328,5,11
normal_511,0,14,0.008778653,0,0,0,1,0.06606504321098328,5,11
normal_511,0,21,0.006090789,0,0,0,1,0.06606504321098328,5,11
normal_511,0,28,0.032208025,0,0,0,1,0.06606504321098328,5,11
normal_511,0,35,0.0033046077,0,0,0,1,0.06606504321098328,5,11
normal_526,0,0,0.029306987,0,0,0,1,0.06606504321098328,5,11
normal_526,0,7,0.0028741031,0,0,0,1,0.06606504321098328,5,11
normal_526,0,14,0.027350219,0,0,0,1,0.06606504321098328,5,11
normal_526,0,21,0.0031871551,0,0,0,1,0.06606504321098328,5,11
normal_526,0,28,0.022608155,0,0,0,1,0.06606504321098328,5,11
normal_526,0,35,0.010241987,0,0,0,1,0.06606504321098328,5,11
normal_529,0,0,0.041243337,0,0,0,1,0.06606504321098328,5,11
normal_529,0,7,0.0037691328,0,0,0,1,0.06606504321098328,5,11
normal_545,0,0,0.003714114,0,0,0,1,0.06606504321098328,5,11
normal_545,0,7,0.025468437,0,0,0,1,0.06606504321098328,5,11
normal_545,0,14,0.011296474,0,0,0,1,0.06606504321098328,5,11
normal_545,0,21,0.006640336,0,0,0,1,0.06606504321098328,5,11
normal_549,0,0,0.005700956,0,0,0,1,0.06606504321098328,5,11
normal_549,0,7,0.07534734,1,1,0,1,0.06606504321098328,5,11
normal_549,0,14,0.0074068974,0,0,0,1,0.06606504321098328,5,11
normal_549,0,21,0.015497471,0,0,0,1,0.06606504321098328,5,11
normal_549,0,28,0.018129176,0,0,0,1,0.06606504321098328,5,11
normal_549,0,35,0.0044019953,0,0,0,1,0.06606504321098328,5,11
normal_550,0,0,0.018700378,0,0,0,1,0.06606504321098328,5,11
normal_550,0,7,0.003796082,0,0,0,1,0.06606504321098328,5,11
normal_550,0,14,0.010326637,0,0,0,1,0.06606504321098328,5,11
normal_550,0,21,0.015818346,0,0,0,1,0.06606504321098328,5,11
normal_550,0,28,0.0052527236,0,0,0,1,0.06606504321098328,5,11
normal_551,0,0,0.026847146,0,0,0,1,0.06606504321098328,5,11
normal_551,0,7,0.0047276397,0,0,0,1,0.06606504321098328,5,11
normal_551,0,14,0.03545836,0,0,0,1,0.06606504321098328,5,11
normal_551,0,21,0.0040158434,0,0,0,1,0.06606504321098328,5,11
normal_551,0,28,0.026460467,0,0,0,1,0.06606504321098328,5,11
normal_556,0,0,0.027758388,0,0,0,1,0.06606504321098328,5,11
normal_556,0,7,0.003959947,0,0,0,1,0.06606504321098328,5,11
normal_556,0,14,0.04162498,0,0,0,1,0.06606504321098328,5,11
normal_556,0,21,0.00459093,0,0,0,1,0.06606504321098328,5,11
normal_556,0,28,0.019673454,0,0,0,1,0.06606504321098328,5,11
normal_556,0,35,0.018491434,0,0,0,1,0.06606504321098328,5,11
normal_564,0,0,0.043859605,0,0,0,1,0.06606504321098328,5,11
normal_564,0,7,0.00048470282,0,0,0,1,0.06606504321098328,5,11
normal_564,0,14,0.033748806,0,0,0,1,0.06606504321098328,5,11
normal_564,0,21,0.0015090427,0,0,0,1,0.06606504321098328,5,11
normal_564,0,28,0.007858606,0,0,0,1,0.06606504321098328,5,11
normal_569,0,0,0.022300197,0,0,0,1,0.06606504321098328,5,11
normal_569,0,7,0.0101796035,0,0,0,1,0.06606504321098328,5,11
normal_569,0,14,0.018008657,0,0,0,1,0.06606504321098328,5,11
normal_569,0,21,0.07291921,1,1,0,1,0.06606504321098328,5,11
normal_569,0,28,0.005231568,0,0,0,1,0.06606504321098328,5,11
normal_569,0,35,0.048683748,0,0,0,1,0.06606504321098328,5,11
normal_577,0,0,0.0016093947,0,0,0,1,0.06606504321098328,5,11
normal_577,0,7,0.01003377,0,0,0,1,0.06606504321098328,5,11
normal_577,0,14,0.007943899,0,0,0,1,0.06606504321098328,5,11
normal_577,0,21,0.0029283576,0,0,0,1,0.06606504321098328,5,11
normal_577,0,28,0.02598939,0,0,0,1,0.06606504321098328,5,11
normal_580,0,0,0.0043993336,0,0,0,1,0.06606504321098328,5,11
normal_580,0,7,0.015973296,0,0,0,1,0.06606504321098328,5,11
normal_583,0,0,0.06813026,1,1,0,1,0.06606504321098328,5,11
normal_583,0,7,0.02003351,0,0,0,1,0.06606504321098328,5,11
normal_583,0,14,0.008435355,0,0,0,1,0.06606504321098328,5,11
normal_583,0,21,0.014018124,0,0,0,1,0.06606504321098328,5,11
normal_583,0,28,0.0016785709,0,0,0,1,0.06606504321098328,5,11
normal_583,0,35,0.025605604,0,0,0,1,0.06606504321098328,5,11
normal_596,0,0,0.0014991238,0,0,0,1,0.06606504321098328,5,11
normal_596,0,7,0.06139855,0,0,0,1,0.06606504321098328,5,11
anomaly_12,1,0,0.044367157,0,0,0,1,0.06606504321098328,5,11
anomaly_12,1,7,0.9825881,1,1,0,1,0.06606504321098328,5,11
anomaly_12,1,14,0.9993513,1,2,0,1,0.06606504321098328,5,11
anomaly_12,1,21,0.9993051,1,3,0,1,0.06606504321098328,5,11
anomaly_12,1,28,0.98885226,1,4,0,1,0.06606504321098328,5,11
anomaly_12,1,35,0.999987,1,5,1,1,0.06606504321098328,5,11
anomaly_14,1,0,1.0,1,1,0,1,0.06606504321098328,5,11
anomaly_14,1,7,1.0,1,2,0,1,0.06606504321098328,5,11
normal_5,0,0,0.0062970887,0,0,0,2,0.08814745396375656,5,11
normal_5,0,7,0.0316076,0,0,0,2,0.08814745396375656,5,11
normal_5,0,14,0.0035705823,0,0,0,2,0.08814745396375656,5,11
normal_5,0,21,0.022234943,0,0,0,2,0.08814745396375656,5,11
normal_5,0,28,0.009986978,0,0,0,2,0.08814745396375656,5,11
normal_5,0,35,0.009795552,0,0,0,2,0.08814745396375656,5,11
normal_6,0,0,0.0020182233,0,0,0,2,0.08814745396375656,5,11
normal_6,0,7,0.0014840623,0,0,0,2,0.08814745396375656,5,11
normal_6,0,14,0.009830998,0,0,0,2,0.08814745396375656,5,11
normal_6,0,21,0.001089485,0,0,0,2,0.08814745396375656,5,11
normal_6,0,28,0.014960277,0,0,0,2,0.08814745396375656,5,11
normal_6,0,35,0.0004016765,0,0,0,2,0.08814745396375656,5,11
normal_9,0,0,0.0028955953,0,0,0,2,0.08814745396375656,5,11
normal_9,0,7,0.0019099377,0,0,0,2,0.08814745396375656,5,11
normal_11,0,0,0.00034583925,0,0,0,2,0.08814745396375656,5,11
normal_11,0,7,0.005441762,0,0,0,2,0.08814745396375656,5,11
normal_11,0,14,0.0034693452,0,0,0,2,0.08814745396375656,5,11
normal_11,0,21,0.000921993,0,0,0,2,0.08814745396375656,5,11
normal_11,0,28,0.009900275,0,0,0,2,0.08814745396375656,5,11
normal_11,0,35,0.00057499,0,0,0,2,0.08814745396375656,5,11
normal_13,0,0,0.007366255,0,0,0,2,0.08814745396375656,5,11
normal_13,0,7,0.0016628411,0,0,0,2,0.08814745396375656,5,11
normal_13,0,14,0.034859553,0,0,0,2,0.08814745396375656,5,11
normal_13,0,21,0.0011208752,0,0,0,2,0.08814745396375656,5,11
normal_20,0,0,0.0059263785,0,0,0,2,0.08814745396375656,5,11
normal_20,0,7,0.05459064,0,0,0,2,0.08814745396375656,5,11
normal_21,0,0,0.0064226077,0,0,0,2,0.08814745396375656,5,11
normal_21,0,7,0.01298532,0,0,0,2,0.08814745396375656,5,11
normal_26,0,0,0.008853638,0,0,0,2,0.08814745396375656,5,11
normal_26,0,7,0.010029088,0,0,0,2,0.08814745396375656,5,11
normal_29,0,0,0.003981841,0,0,0,2,0.08814745396375656,5,11
normal_29,0,7,0.017375022,0,0,0,2,0.08814745396375656,5,11
normal_29,0,14,0.0020578885,0,0,0,2,0.08814745396375656,5,11
normal_29,0,21,0.008082686,0,0,0,2,0.08814745396375656,5,11
normal_29,0,28,0.011398962,0,0,0,2,0.08814745396375656,5,11
normal_29,0,35,0.0027346315,0,0,0,2,0.08814745396375656,5,11
normal_42,0,0,0.03054244,0,0,0,2,0.08814745396375656,5,11
normal_42,0,7,0.0035289996,0,0,0,2,0.08814745396375656,5,11
normal_42,0,14,0.030672709,0,0,0,2,0.08814745396375656,5,11
normal_42,0,21,0.0049774805,0,0,0,2,0.08814745396375656,5,11
normal_42,0,28,0.005699278,0,0,0,2,0.08814745396375656,5,11
normal_42,0,35,0.011105714,0,0,0,2,0.08814745396375656,5,11
normal_43,0,0,0.016591543,0,0,0,2,0.08814745396375656,5,11
normal_43,0,7,0.03424501,0,0,0,2,0.08814745396375656,5,11
normal_43,0,14,0.005818349,0,0,0,2,0.08814745396375656,5,11
normal_43,0,21,0.03602593,0,0,0,2,0.08814745396375656,5,11
normal_43,0,28,0.0027645493,0,0,0,2,0.08814745396375656,5,11
normal_43,0,35,0.01509773,0,0,0,2,0.08814745396375656,5,11
normal_44,0,0,0.0027377086,0,0,0,2,0.08814745396375656,5,11
normal_44,0,7,0.00013977262,0,0,0,2,0.08814745396375656,5,11
normal_44,0,14,0.040276483,0,0,0,2,0.08814745396375656,5,11
normal_44,0,21,0.0014861376,0,0,0,2,0.08814745396375656,5,11
normal_44,0,28,0.0020415948,0,0,0,2,0.08814745396375656,5,11
normal_53,0,0,0.009861843,0,0,0,2,0.08814745396375656,5,11
normal_53,0,7,0.2596329,1,1,0,2,0.08814745396375656,5,11
normal_53,0,14,0.0282895,0,0,0,2,0.08814745396375656,5,11
normal_53,0,21,0.4831308,1,1,0,2,0.08814745396375656,5,11
normal_53,0,28,0.043237023,0,0,0,2,0.08814745396375656,5,11
normal_53,0,35,0.008782396,0,0,0,2,0.08814745396375656,5,11
normal_57,0,0,0.024744002,0,0,0,2,0.08814745396375656,5,11
normal_57,0,7,0.0075024534,0,0,0,2,0.08814745396375656,5,11
normal_57,0,14,0.009314843,0,0,0,2,0.08814745396375656,5,11
normal_57,0,21,0.03001838,0,0,0,2,0.08814745396375656,5,11
normal_57,0,28,0.0042219483,0,0,0,2,0.08814745396375656,5,11
normal_57,0,35,0.046938278,0,0,0,2,0.08814745396375656,5,11
normal_75,0,0,0.00037678028,0,0,0,2,0.08814745396375656,5,11
normal_75,0,7,0.003401484,0,0,0,2,0.08814745396375656,5,11
normal_75,0,14,0.00079971086,0,0,0,2,0.08814745396375656,5,11
normal_75,0,21,0.0002967584,0,0,0,2,0.08814745396375656,5,11
normal_75,0,28,0.009616607,0,0,0,2,0.08814745396375656,5,11
normal_75,0,35,0.00024731256,0,0,0,2,0.08814745396375656,5,11
normal_90,0,0,0.0009036999,0,0,0,2,0.08814745396375656,5,11
normal_90,0,7,0.00091409666,0,0,0,2,0.08814745396375656,5,11
normal_90,0,14,0.00058555836,0,0,0,2,0.08814745396375656,5,11
normal_90,0,21,0.002091582,0,0,0,2,0.08814745396375656,5,11
normal_90,0,28,9.309096e-05,0,0,0,2,0.08814745396375656,5,11
normal_90,0,35,0.029582912,0,0,0,2,0.08814745396375656,5,11
normal_101,0,0,0.055559512,0,0,0,2,0.08814745396375656,5,11
normal_101,0,7,0.01046314,0,0,0,2,0.08814745396375656,5,11
normal_101,0,14,0.056260306,0,0,0,2,0.08814745396375656,5,11
normal_101,0,21,0.07600633,0,0,0,2,0.08814745396375656,5,11
normal_101,0,28,0.0043449104,0,0,0,2,0.08814745396375656,5,11
normal_101,0,35,0.044310402,0,0,0,2,0.08814745396375656,5,11
normal_108,0,0,0.14550929,1,1,0,2,0.08814745396375656,5,11
normal_108,0,7,0.0075597777,0,0,0,2,0.08814745396375656,5,11
normal_108,0,14,0.0070780097,0,0,0,2,0.08814745396375656,5,11
normal_108,0,21,0.015391038,0,0,0,2,0.08814745396375656,5,11
normal_108,0,28,0.001886865,0,0,0,2,0.08814745396375656,5,11
normal_108,0,35,0.022789374,0,0,0,2,0.08814745396375656,5,11
normal_114,0,0,0.0011579407,0,0,0,2,0.08814745396375656,5,11
normal_114,0,7,0.00021904362,0,0,0,2,0.08814745396375656,5,11
normal_114,0,14,0.013667231,0,0,0,2,0.08814745396375656,5,11
normal_114,0,21,0.00019804537,0,0,0,2,0.08814745396375656,5,11
normal_114,0,28,0.0011343062,0,0,0,2,0.08814745396375656,5,11
normal_114,0,35,0.000273871,0,0,0,2,0.08814745396375656,5,11
normal_122,0,0,0.00304176,0,0,0,2,0.08814745396375656,5,11
normal_122,0,7,0.0037090816,0,0,0,2,0.08814745396375656,5,11
normal_122,0,14,0.017622376,0,0,0,2,0.08814745396375656,5,11
normal_122,0,21,0.0012762764,0,0,0,2,0.08814745396375656,5,11
normal_126,0,0,0.00019166144,0,0,0,2,0.08814745396375656,5,11
normal_126,0,7,0.0016628196,0,0,0,2,0.08814745396375656,5,11
normal_126,0,14,8.246153e-05,0,0,0,2,0.08814745396375656,5,11
normal_126,0,21,0.005567654,0,0,0,2,0.08814745396375656,5,11
normal_126,0,28,0.01205705,0,0,0,2,0.08814745396375656,5,11
normal_126,0,35,0.00047981038,0,0,0,2,0.08814745396375656,5,11
normal_128,0,0,0.016470985,0,0,0,2,0.08814745396375656,5,11
normal_128,0,7,0.0021204362,0,0,0,2,0.08814745396375656,5,11
normal_128,0,14,0.013806852,0,0,0,2,0.08814745396375656,5,11
normal_128,0,21,0.0034768886,0,0,0,2,0.08814745396375656,5,11
normal_128,0,28,0.0057295808,0,0,0,2,0.08814745396375656,5,11
normal_146,0,0,0.0053294566,0,0,0,2,0.08814745396375656,5,11
normal_146,0,7,0.002309672,0,0,0,2,0.08814745396375656,5,11
normal_146,0,14,0.00031867967,0,0,0,2,0.08814745396375656,5,11
normal_146,0,21,0.015542575,0,0,0,2,0.08814745396375656,5,11
normal_146,0,28,0.00061323046,0,0,0,2,0.08814745396375656,5,11
normal_146,0,35,0.0033076545,0,0,0,2,0.08814745396375656,5,11
normal_148,0,0,0.12029467,1,1,0,2,0.08814745396375656,5,11
normal_148,0,7,0.0041437834,0,0,0,2,0.08814745396375656,5,11
normal_149,0,0,0.0106271375,0,0,0,2,0.08814745396375656,5,11
normal_149,0,7,0.037203357,0,0,0,2,0.08814745396375656,5,11
normal_159,0,0,0.02304831,0,0,0,2,0.08814745396375656,5,11
normal_159,0,7,0.0019965873,0,0,0,2,0.08814745396375656,5,11
normal_159,0,14,0.0015101626,0,0,0,2,0.08814745396375656,5,11
normal_159,0,21,0.005587927,0,0,0,2,0.08814745396375656,5,11
normal_159,0,28,0.0016392362,0,0,0,2,0.08814745396375656,5,11
normal_159,0,35,0.011679402,0,0,0,2,0.08814745396375656,5,11
normal_161,0,0,0.0005446185,0,0,0,2,0.08814745396375656,5,11
normal_161,0,7,0.00011976063,0,0,0,2,0.08814745396375656,5,11
normal_161,0,14,0.0111038145,0,0,0,2,0.08814745396375656,5,11
normal_161,0,21,0.00014100068,0,0,0,2,0.08814745396375656,5,11
normal_166,0,0,0.0031051566,0,0,0,2,0.08814745396375656,5,11
normal_166,0,7,0.00041258606,0,0,0,2,0.08814745396375656,5,11
normal_166,0,14,0.015137402,0,0,0,2,0.08814745396375656,5,11
normal_166,0,21,0.0006977943,0,0,0,2,0.08814745396375656,5,11
normal_166,0,28,0.007868301,0,0,0,2,0.08814745396375656,5,11
normal_179,0,0,0.11920613,1,1,0,2,0.08814745396375656,5,11
normal_179,0,7,0.07377889,0,0,0,2,0.08814745396375656,5,11
normal_179,0,14,0.007793593,0,0,0,2,0.08814745396375656,5,11
normal_182,0,0,0.009985352,0,0,0,2,0.08814745396375656,5,11
normal_182,0,7,0.00012945518,0,0,0,2,0.08814745396375656,5,11
normal_182,0,14,0.0008103893,0,0,0,2,0.08814745396375656,5,11
normal_182,0,21,0.00033559446,0,0,0,2,0.08814745396375656,5,11
normal_182,0,28,0.00038875817,0,0,0,2,0.08814745396375656,5,11
normal_182,0,35,0.011393407,0,0,0,2,0.08814745396375656,5,11
normal_186,0,0,0.005576254,0,0,0,2,0.08814745396375656,5,11
normal_186,0,7,0.0012355832,0,0,0,2,0.08814745396375656,5,11
normal_191,0,0,0.02692807,0,0,0,2,0.08814745396375656,5,11
normal_191,0,7,0.0031473525,0,0,0,2,0.08814745396375656,5,11
normal_200,0,0,0.012012132,0,0,0,2,0.08814745396375656,5,11
normal_200,0,7,0.0037459936,0,0,0,2,0.08814745396375656,5,11
normal_200,0,14,0.0014635837,0,0,0,2,0.08814745396375656,5,11
normal_200,0,21,0.009885444,0,0,0,2,0.08814745396375656,5,11
normal_200,0,28,0.0010502447,0,0,0,2,0.08814745396375656,5,11
normal_205,0,0,0.00025869635,0,0,0,2,0.08814745396375656,5,11
normal_205,0,7,0.002428092,0,0,0,2,0.08814745396375656,5,11
normal_205,0,14,0.00013388915,0,0,0,2,0.08814745396375656,5,11
normal_205,0,21,0.0045370962,0,0,0,2,0.08814745396375656,5,11
normal_205,0,28,0.00018955451,0,0,0,2,0.08814745396375656,5,11
normal_210,0,0,0.0023911507,0,0,0,2,0.08814745396375656,5,11
normal_210,0,7,0.005865992,0,0,0,2,0.08814745396375656,5,11
normal_210,0,14,0.00012608804,0,0,0,2,0.08814745396375656,5,11
normal_210,0,21,0.010421677,0,0,0,2,0.08814745396375656,5,11
normal_210,0,28,0.00054240256,0,0,0,2,0.08814745396375656,5,11
normal_210,0,35,0.003384957,0,0,0,2,0.08814745396375656,5,11
normal_211,0,0,0.0057072034,0,0,0,2,0.08814745396375656,5,11
normal_211,0,7,0.026140574,0,0,0,2,0.08814745396375656,5,11
normal_211,0,14,0.0036058964,0,0,0,2,0.08814745396375656,5,11
normal_211,0,21,0.034803517,0,0,0,2,0.08814745396375656,5,11
normal_211,0,28,0.009928795,0,0,0,2,0.08814745396375656,5,11
normal_211,0,35,0.0070191296,0,0,0,2,0.08814745396375656,5,11
normal_214,0,0,0.004272758,0,0,0,2,0.08814745396375656,5,11
normal_214,0,7,0.023669181,0,0,0,2,0.08814745396375656,5,11
normal_217,0,0,0.00012848365,0,0,0,2,0.08814745396375656,5,11
normal_217,0,7,0.0034934662,0,0,0,2,0.08814745396375656,5,11
normal_217,0,14,0.0011283847,0,0,0,2,0.08814745396375656,5,11
normal_217,0,21,0.00026549114,0,0,0,2,0.08814745396375656,5,11
normal_217,0,28,0.0069907513,0,0,0,2,0.08814745396375656,5,11
normal_217,0,35,0.0001521238,0,0,0,2,0.08814745396375656,5,11
normal_231,0,0,0.0069884844,0,0,0,2,0.08814745396375656,5,11
normal_231,0,7,0.03362288,0,0,0,2,0.08814745396375656,5,11
normal_231,0,14,0.0072214464,0,0,0,2,0.08814745396375656,5,11
normal_235,0,0,0.005494413,0,0,0,2,0.08814745396375656,5,11
normal_235,0,7,0.03242301,0,0,0,2,0.08814745396375656,5,11
normal_235,0,14,0.0037249739,0,0,0,2,0.08814745396375656,5,11
normal_235,0,21,0.021579161,0,0,0,2,0.08814745396375656,5,11
normal_235,0,28,0.0029484832,0,0,0,2,0.08814745396375656,5,11
normal_235,0,35,0.016346544,0,0,0,2,0.08814745396375656,5,11
normal_236,0,0,0.0019148052,0,0,0,2,0.08814745396375656,5,11
normal_236,0,7,0.00027096234,0,0,0,2,0.08814745396375656,5,11
normal_236,0,14,0.00846452,0,0,0,2,0.08814745396375656,5,11
normal_236,0,21,0.00024124177,0,0,0,2,0.08814745396375656,5,11
normal_247,0,0,0.0023834035,0,0,0,2,0.08814745396375656,5,11
normal_247,0,7,0.0018474709,0,0,0,2,0.08814745396375656,5,11
normal_247,0,14,0.00972876,0,0,0,2,0.08814745396375656,5,11
normal_247,0,21,0.002477457,0,0,0,2,0.08814745396375656,5,11
normal_247,0,28,0.019345846,0,0,0,2,0.08814745396375656,5,11
normal_247,0,35,0.0013973142,0,0,0,2,0.08814745396375656,5,11
normal_249,0,0,0.001194197,0,0,0,2,0.08814745396375656,5,11
normal_249,0,7,0.0009072277,0,0,0,2,0.08814745396375656,5,11
normal_249,0,14,0.00031270317,0,0,0,2,0.08814745396375656,5,11
normal_250,0,0,0.013455939,0,0,0,2,0.08814745396375656,5,11
normal_250,0,7,0.0006815094,0,0,0,2,0.08814745396375656,5,11
normal_254,0,0,0.0003237561,0,0,0,2,0.08814745396375656,5,11
normal_254,0,7,0.012628778,0,0,0,2,0.08814745396375656,5,11
normal_254,0,14,0.00037828018,0,0,0,2,0.08814745396375656,5,11
normal_254,0,21,0.0013555811,0,0,0,2,0.08814745396375656,5,11
normal_255,0,0,0.016742945,0,0,0,2,0.08814745396375656,5,11
normal_255,0,7,0.00078578165,0,0,0,2,0.08814745396375656,5,11
normal_277,0,0,0.000996658,0,0,0,2,0.08814745396375656,5,11
normal_277,0,7,0.0031824214,0,0,0,2,0.08814745396375656,5,11
normal_277,0,14,0.00017779837,0,0,0,2,0.08814745396375656,5,11
normal_282,0,0,0.007403445,0,0,0,2,0.08814745396375656,5,11
normal_282,0,7,0.030167887,0,0,0,2,0.08814745396375656,5,11
normal_282,0,14,0.0047742254,0,0,0,2,0.08814745396375656,5,11
normal_282,0,21,0.024745757,0,0,0,2,0.08814745396375656,5,11
normal_282,0,28,0.01075215,0,0,0,2,0.08814745396375656,5,11
normal_289,0,0,0.0129995,0,0,0,2,0.08814745396375656,5,11
normal_289,0,7,0.0030848389,0,0,0,2,0.08814745396375656,5,11
normal_289,0,14,0.03701,0,0,0,2,0.08814745396375656,5,11
normal_289,0,21,0.006300856,0,0,0,2,0.08814745396375656,5,11
normal_290,0,0,0.00028415685,0,0,0,2,0.08814745396375656,5,11
normal_290,0,7,0.0014277793,0,0,0,2,0.08814745396375656,5,11
normal_301,0,0,0.0014900877,0,0,0,2,0.08814745396375656,5,11
normal_301,0,7,0.00035019647,0,0,0,2,0.08814745396375656,5,11
normal_301,0,14,0.064931296,0,0,0,2,0.08814745396375656,5,11
normal_301,0,21,0.0016045001,0,0,0,2,0.08814745396375656,5,11
normal_308,0,0,0.039924484,0,0,0,2,0.08814745396375656,5,11
normal_308,0,7,0.001663609,0,0,0,2,0.08814745396375656,5,11
normal_317,0,0,0.0006646921,0,0,0,2,0.08814745396375656,5,11
normal_317,0,7,0.005668642,0,0,0,2,0.08814745396375656,5,11
normal_317,0,14,0.00031202866,0,0,0,2,0.08814745396375656,5,11
normal_317,0,21,0.008116275,0,0,0,2,0.08814745396375656,5,11
normal_317,0,28,0.000383098,0,0,0,2,0.08814745396375656,5,11
normal_317,0,35,0.0019684348,0,0,0,2,0.08814745396375656,5,11
normal_323,0,0,0.0005340302,0,0,0,2,0.08814745396375656,5,11
normal_323,0,7,0.0003597275,0,0,0,2,0.08814745396375656,5,11
normal_323,0,14,0.0022680752,0,0,0,2,0.08814745396375656,5,11
normal_323,0,21,0.00011477709,0,0,0,2,0.08814745396375656,5,11
normal_323,0,28,0.010429277,0,0,0,2,0.08814745396375656,5,11
normal_323,0,35,0.00024027603,0,0,0,2,0.08814745396375656,5,11
normal_325,0,0,0.018875912,0,0,0,2,0.08814745396375656,5,11
normal_325,0,7,0.0022970964,0,0,0,2,0.08814745396375656,5,11
normal_325,0,14,0.016512867,0,0,0,2,0.08814745396375656,5,11
normal_325,0,21,0.0044941306,0,0,0,2,0.08814745396375656,5,11
normal_325,0,28,0.0053376327,0,0,0,2,0.08814745396375656,5,11
normal_332,0,0,0.0011372713,0,0,0,2,0.08814745396375656,5,11
normal_332,0,7,0.0010376361,0,0,0,2,0.08814745396375656,5,11
normal_332,0,14,0.004865152,0,0,0,2,0.08814745396375656,5,11
normal_355,0,0,0.009884288,0,0,0,2,0.08814745396375656,5,11
normal_355,0,7,9.205514e-05,0,0,0,2,0.08814745396375656,5,11
normal_355,0,14,0.00033317143,0,0,0,2,0.08814745396375656,5,11
normal_355,0,21,0.0035496391,0,0,0,2,0.08814745396375656,5,11
normal_355,0,28,0.00026973724,0,0,0,2,0.08814745396375656,5,11
normal_355,0,35,0.0023670753,0,0,0,2,0.08814745396375656,5,11
normal_358,0,0,0.01075284,0,0,0,2,0.08814745396375656,5,11
normal_366,0,0,0.04272302,0,0,0,2,0.08814745396375656,5,11
normal_366,0,7,0.010409625,0,0,0,2,0.08814745396375656,5,11
normal_366,0,14,0.06549067,0,0,0,2,0.08814745396375656,5,11
normal_366,0,21,0.0037816616,0,0,0,2,0.08814745396375656,5,11
normal_366,0,28,0.01721606,0,0,0,2,0.08814745396375656,5,11
normal_366,0,35,0.009282508,0,0,0,2,0.08814745396375656,5,11
normal_376,0,0,0.00015822984,0,0,0,2,0.08814745396375656,5,11
normal_386,0,0,0.028421907,0,0,0,2,0.08814745396375656,5,11
normal_386,0,7,0.033169392,0,0,0,2,0.08814745396375656,5,11
normal_386,0,14,0.005160103,0,0,0,2,0.08814745396375656,5,11
normal_386,0,21,0.026273087,0,0,0,2,0.08814745396375656,5,11
normal_393,0,0,0.0015447447,0,0,0,2,0.08814745396375656,5,11
normal_393,0,7,0.004220966,0,0,0,2,0.08814745396375656,5,11
normal_409,0,0,0.00014149956,0,0,0,2,0.08814745396375656,5,11
normal_409,0,7,0.0047041154,0,0,0,2,0.08814745396375656,5,11
normal_419,0,0,0.0055540293,0,0,0,2,0.08814745396375656,5,11
normal_419,0,7,0.0139476415,0,0,0,2,0.08814745396375656,5,11
normal_419,0,14,0.014600857,0,0,0,2,0.08814745396375656,5,11
normal_419,0,21,0.006095577,0,0,0,2,0.08814745396375656,5,11
normal_419,0,28,0.029490264,0,0,0,2,0.08814745396375656,5,11
normal_419,0,35,0.004638635,0,0,0,2,0.08814745396375656,5,11
normal_420,0,0,0.00018678023,0,0,0,2,0.08814745396375656,5,11
normal_420,0,7,0.010447043,0,0,0,2,0.08814745396375656,5,11
normal_420,0,14,0.0001724107,0,0,0,2,0.08814745396375656,5,11
normal_420,0,21,0.00302106,0,0,0,2,0.08814745396375656,5,11
normal_434,0,0,0.0035575728,0,0,0,2,0.08814745396375656,5,11
normal_434,0,7,0.01846727,0,0,0,2,0.08814745396375656,5,11
normal_434,0,14,0.027718466,0,0,0,2,0.08814745396375656,5,11
normal_434,0,21,0.0074779443,0,0,0,2,0.08814745396375656,5,11
normal_434,0,28,0.056981012,0,0,0,2,0.08814745396375656,5,11
normal_434,0,35,0.006388457,0,0,0,2,0.08814745396375656,5,11
normal_440,0,0,0.013726174,0,0,0,2,0.08814745396375656,5,11
normal_440,0,7,0.004280112,0,0,0,2,0.08814745396375656,5,11
normal_440,0,14,0.047337953,0,0,0,2,0.08814745396375656,5,11
normal_440,0,21,0.006106602,0,0,0,2,0.08814745396375656,5,11
normal_440,0,28,0.028553534,0,0,0,2,0.08814745396375656,5,11
normal_444,0,0,0.00391234,0,0,0,2,0.08814745396375656,5,11
normal_444,0,7,0.027043331,0,0,0,2,0.08814745396375656,5,11
normal_444,0,14,0.004925354,0,0,0,2,0.08814745396375656,5,11
normal_444,0,21,0.01605586,0,0,0,2,0.08814745396375656,5,11
normal_444,0,28,0.007620153,0,0,0,2,0.08814745396375656,5,11
normal_444,0,35,0.04202773,0,0,0,2,0.08814745396375656,5,11
normal_452,0,0,0.027053006,0,0,0,2,0.08814745396375656,5,11
normal_452,0,7,0.007853585,0,0,0,2,0.08814745396375656,5,11
normal_452,0,14,0.047310263,0,0,0,2,0.08814745396375656,5,11
normal_452,0,21,0.023094792,0,0,0,2,0.08814745396375656,5,11
normal_455,0,0,0.007507145,0,0,0,2,0.08814745396375656,5,11
normal_455,0,7,0.028946044,0,0,0,2,0.08814745396375656,5,11
normal_455,0,14,0.0020924232,0,0,0,2,0.08814745396375656,5,11
normal_455,0,21,0.014688519,0,0,0,2,0.08814745396375656,5,11
normal_455,0,28,0.0038384667,0,0,0,2,0.08814745396375656,5,11
normal_455,0,35,0.017564042,0,0,0,2,0.08814745396375656,5,11
normal_456,0,0,0.0001625892,0,0,0,2,0.08814745396375656,5,11
normal_456,0,7,0.0034703854,0,0,0,2,0.08814745396375656,5,11
normal_456,0,14,0.00027746928,0,0,0,2,0.08814745396375656,5,11
normal_456,0,21,0.0059831995,0,0,0,2,0.08814745396375656,5,11
normal_456,0,28,6.4011336e-05,0,0,0,2,0.08814745396375656,5,11
normal_456,0,35,0.009021362,0,0,0,2,0.08814745396375656,5,11
normal_462,0,0,0.024972603,0,0,0,2,0.08814745396375656,5,11
normal_462,0,7,0.004875746,0,0,0,2,0.08814745396375656,5,11
normal_462,0,14,0.024012426,0,0,0,2,0.08814745396375656,5,11
normal_462,0,21,0.008030965,0,0,0,2,0.08814745396375656,5,11
normal_462,0,28,0.005736667,0,0,0,2,0.08814745396375656,5,11
normal_471,0,0,0.001450539,0,0,0,2,0.08814745396375656,5,11
normal_471,0,7,0.010870088,0,0,0,2,0.08814745396375656,5,11
normal_490,0,0,0.025480956,0,0,0,2,0.08814745396375656,5,11
normal_492,0,0,0.012221803,0,0,0,2,0.08814745396375656,5,11
normal_492,0,7,0.005450148,0,0,0,2,0.08814745396375656,5,11
normal_492,0,14,0.032877058,0,0,0,2,0.08814745396375656,5,11
normal_492,0,21,0.005987256,0,0,0,2,0.08814745396375656,5,11
normal_492,0,28,0.027690977,0,0,0,2,0.08814745396375656,5,11
normal_492,0,35,0.003955161,0,0,0,2,0.08814745396375656,5,11
normal_499,0,0,0.020302746,0,0,0,2,0.08814745396375656,5,11
normal_499,0,7,0.009005211,0,0,0,2,0.08814745396375656,5,11
normal_499,0,14,0.0063467626,0,0,0,2,0.08814745396375656,5,11
normal_499,0,21,0.029310467,0,0,0,2,0.08814745396375656,5,11
normal_499,0,28,0.004881045,0,0,0,2,0.08814745396375656,5,11
normal_499,0,35,0.037251074,0,0,0,2,0.08814745396375656,5,11
normal_516,0,0,0.01281132,0,0,0,2,0.08814745396375656,5,11
normal_516,0,7,0.010818265,0,0,0,2,0.08814745396375656,5,11
normal_516,0,14,0.006804518,0,0,0,2,0.08814745396375656,5,11
normal_516,0,21,0.035279404,0,0,0,2,0.08814745396375656,5,11
normal_516,0,28,0.0041184025,0,0,0,2,0.08814745396375656,5,11
normal_516,0,35,0.033097833,0,0,0,2,0.08814745396375656,5,11
normal_517,0,0,0.005906081,0,0,0,2,0.08814745396375656,5,11
normal_517,0,7,0.010612909,0,0,0,2,0.08814745396375656,5,11
normal_517,0,14,0.019643523,0,0,0,2,0.08814745396375656,5,11
normal_517,0,21,0.003926725,0,0,0,2,0.08814745396375656,5,11
normal_518,0,0,0.01776177,0,0,0,2,0.08814745396375656,5,11
normal_518,0,7,0.012775788,0,0,0,2,0.08814745396375656,5,11
normal_539,0,0,0.0045376457,0,0,0,2,0.08814745396375656,5,11
normal_539,0,7,0.016278027,0,0,0,2,0.08814745396375656,5,11
normal_539,0,14,0.0038320103,0,0,0,2,0.08814745396375656,5,11
normal_552,0,0,0.0032936337,0,0,0,2,0.08814745396375656,5,11
normal_552,0,7,0.01622713,0,0,0,2,0.08814745396375656,5,11
normal_552,0,14,0.009404972,0,0,0,2,0.08814745396375656,5,11
normal_552,0,21,0.0064162575,0,0,0,2,0.08814745396375656,5,11
normal_552,0,28,0.028829958,0,0,0,2,0.08814745396375656,5,11
normal_557,0,0,0.0041130707,0,0,0,2,0.08814745396375656,5,11
normal_557,0,7,0.018308084,0,0,0,2,0.08814745396375656,5,11
normal_557,0,14,0.0078039356,0,0,0,2,0.08814745396375656,5,11
normal_557,0,21,0.005903279,0,0,0,2,0.08814745396375656,5,11
normal_557,0,28,0.025680255,0,0,0,2,0.08814745396375656,5,11
normal_557,0,35,0.0040668687,0,0,0,2,0.08814745396375656,5,11
normal_559,0,0,0.01679481,0,0,0,2,0.08814745396375656,5,11
normal_559,0,7,0.0030499294,0,0,0,2,0.08814745396375656,5,11
normal_559,0,14,0.01619247,0,0,0,2,0.08814745396375656,5,11
normal_562,0,0,0.0042783082,0,0,0,2,0.08814745396375656,5,11
normal_562,0,7,0.013120289,0,0,0,2,0.08814745396375656,5,11
normal_562,0,14,0.0025817978,0,0,0,2,0.08814745396375656,5,11
normal_562,0,21,0.005652051,0,0,0,2,0.08814745396375656,5,11
normal_562,0,28,0.008028238,0,0,0,2,0.08814745396375656,5,11
normal_562,0,35,0.0048840935,0,0,0,2,0.08814745396375656,5,11
normal_568,0,0,0.0010107461,0,0,0,2,0.08814745396375656,5,11
normal_568,0,7,0.0014543218,0,0,0,2,0.08814745396375656,5,11
normal_568,0,14,0.0019339611,0,0,0,2,0.08814745396375656,5,11
normal_568,0,21,0.00061548885,0,0,0,2,0.08814745396375656,5,11
normal_568,0,28,0.01976584,0,0,0,2,0.08814745396375656,5,11
normal_568,0,35,0.00040043888,0,0,0,2,0.08814745396375656,5,11
normal_576,0,0,0.003994323,0,0,0,2,0.08814745396375656,5,11
normal_576,0,7,0.00011245597,0,0,0,2,0.08814745396375656,5,11
normal_576,0,14,0.009068659,0,0,0,2,0.08814745396375656,5,11
normal_576,0,21,0.00014620177,0,0,0,2,0.08814745396375656,5,11
normal_576,0,28,0.0036460736,0,0,0,2,0.08814745396375656,5,11
normal_576,0,35,0.00043508524,0,0,0,2,0.08814745396375656,5,11
normal_588,0,0,0.0027967242,0,0,0,2,0.08814745396375656,5,11
normal_588,0,7,0.0068961265,0,0,0,2,0.08814745396375656,5,11
normal_588,0,14,0.00084689044,0,0,0,2,0.08814745396375656,5,11
normal_588,0,21,0.01139627,0,0,0,2,0.08814745396375656,5,11
normal_588,0,28,0.0016123396,0,0,0,2,0.08814745396375656,5,11
normal_588,0,35,0.010621633,0,0,0,2,0.08814745396375656,5,11
normal_590,0,0,0.00032638505,0,0,0,2,0.08814745396375656,5,11
normal_590,0,7,0.0011842727,0,0,0,2,0.08814745396375656,5,11
normal_590,0,14,0.0045868196,0,0,0,2,0.08814745396375656,5,11
normal_593,0,0,0.0011336122,0,0,0,2,0.08814745396375656,5,11
normal_593,0,7,0.006472076,0,0,0,2,0.08814745396375656,5,11
normal_593,0,14,0.0011386501,0,0,0,2,0.08814745396375656,5,11
normal_593,0,21,0.008204907,0,0,0,2,0.08814745396375656,5,11
normal_593,0,28,0.0024993634,0,0,0,2,0.08814745396375656,5,11
normal_593,0,35,0.0011582264,0,0,0,2,0.08814745396375656,5,11
normal_594,0,0,0.14400333,1,1,0,2,0.08814745396375656,5,11
normal_594,0,7,0.016976077,0,0,0,2,0.08814745396375656,5,11
normal_594,0,14,0.0912003,1,1,0,2,0.08814745396375656,5,11
normal_594,0,21,0.059684828,0,0,0,2,0.08814745396375656,5,11
normal_594,0,28,0.016749123,0,0,0,2,0.08814745396375656,5,11
normal_595,0,0,0.0028013627,0,0,0,2,0.08814745396375656,5,11
normal_595,0,7,0.0013307147,0,0,0,2,0.08814745396375656,5,11
normal_595,0,14,0.00028430103,0,0,0,2,0.08814745396375656,5,11
anomaly_7,1,0,0.9999994,1,1,0,2,0.08814745396375656,5,11
anomaly_7,1,7,0.99955887,1,2,0,2,0.08814745396375656,5,11
anomaly_7,1,14,0.8003086,1,3,0,2,0.08814745396375656,5,11
anomaly_7,1,21,0.99999976,1,4,0,2,0.08814745396375656,5,11
anomaly_7,1,28,1.0,1,5,1,2,0.08814745396375656,5,11
anomaly_7,1,35,0.99999714,1,6,1,2,0.08814745396375656,5,11
anomaly_9,1,0,0.99919564,1,1,0,2,0.08814745396375656,5,11
anomaly_9,1,7,0.99999833,1,2,0,2,0.08814745396375656,5,11
normal_18,0,0,0.04913461,0,0,0,3,0.13586707413196564,8,18
normal_18,0,7,0.035363648,0,0,0,3,0.13586707413196564,8,18
normal_18,0,14,0.03247214,0,0,0,3,0.13586707413196564,8,18
normal_18,0,21,0.024014339,0,0,0,3,0.13586707413196564,8,18
normal_19,0,0,0.013843506,0,0,0,3,0.13586707413196564,8,18
normal_19,0,7,0.12055309,0,0,0,3,0.13586707413196564,8,18
normal_19,0,14,0.044473156,0,0,0,3,0.13586707413196564,8,18
normal_19,0,21,0.030889839,0,0,0,3,0.13586707413196564,8,18
normal_24,0,0,0.030697593,0,0,0,3,0.13586707413196564,8,18
normal_24,0,7,0.034452874,0,0,0,3,0.13586707413196564,8,18
normal_24,0,14,0.024450412,0,0,0,3,0.13586707413196564,8,18
normal_24,0,21,0.03215807,0,0,0,3,0.13586707413196564,8,18
normal_24,0,28,0.06422649,0,0,0,3,0.13586707413196564,8,18
normal_24,0,35,0.025373092,0,0,0,3,0.13586707413196564,8,18
normal_25,0,0,0.008751579,0,0,0,3,0.13586707413196564,8,18
normal_25,0,7,0.003491058,0,0,0,3,0.13586707413196564,8,18
normal_25,0,14,0.01842267,0,0,0,3,0.13586707413196564,8,18
normal_25,0,21,0.011160073,0,0,0,3,0.13586707413196564,8,18
normal_30,0,0,0.042585548,0,0,0,3,0.13586707413196564,8,18
normal_30,0,7,0.025740242,0,0,0,3,0.13586707413196564,8,18
normal_30,0,14,0.023539169,0,0,0,3,0.13586707413196564,8,18
normal_30,0,21,0.07071958,0,0,0,3,0.13586707413196564,8,18
normal_36,0,0,0.03963245,0,0,0,3,0.13586707413196564,8,18
normal_36,0,7,0.018288799,0,0,0,3,0.13586707413196564,8,18
normal_36,0,14,0.044903636,0,0,0,3,0.13586707413196564,8,18
normal_36,0,21,0.056257103,0,0,0,3,0.13586707413196564,8,18
normal_45,0,0,0.019837555,0,0,0,3,0.13586707413196564,8,18
normal_45,0,7,0.012392256,0,0,0,3,0.13586707413196564,8,18
normal_45,0,14,0.017532408,0,0,0,3,0.13586707413196564,8,18
normal_48,0,0,0.035547968,0,0,0,3,0.13586707413196564,8,18
normal_48,0,7,0.011334276,0,0,0,3,0.13586707413196564,8,18
normal_48,0,14,0.011327657,0,0,0,3,0.13586707413196564,8,18
normal_48,0,21,0.031022364,0,0,0,3,0.13586707413196564,8,18
normal_48,0,28,0.0072729993,0,0,0,3,0.13586707413196564,8,18
normal_48,0,35,0.04564883,0,0,0,3,0.13586707413196564,8,18
normal_54,0,0,0.049469154,0,0,0,3,0.13586707413196564,8,18
normal_54,0,7,0.0073456457,0,0,0,3,0.13586707413196564,8,18
normal_54,0,14,0.020845503,0,0,0,3,0.13586707413196564,8,18
normal_54,0,21,0.00981243,0,0,0,3,0.13586707413196564,8,18
normal_54,0,28,0.011718964,0,0,0,3,0.13586707413196564,8,18
normal_54,0,35,0.01722132,0,0,0,3,0.13586707413196564,8,18
normal_55,0,0,0.06419745,0,0,0,3,0.13586707413196564,8,18
normal_55,0,7,0.0360242,0,0,0,3,0.13586707413196564,8,18
normal_55,0,14,0.042703792,0,0,0,3,0.13586707413196564,8,18
normal_55,0,21,0.020656077,0,0,0,3,0.13586707413196564,8,18
normal_55,0,28,0.025612831,0,0,0,3,0.13586707413196564,8,18
normal_55,0,35,0.029498493,0,0,0,3,0.13586707413196564,8,18
normal_63,0,0,0.007872505,0,0,0,3,0.13586707413196564,8,18
normal_63,0,7,0.032579366,0,0,0,3,0.13586707413196564,8,18
normal_63,0,14,0.008153564,0,0,0,3,0.13586707413196564,8,18
normal_63,0,21,0.0043650195,0,0,0,3,0.13586707413196564,8,18
normal_63,0,28,0.038170796,0,0,0,3,0.13586707413196564,8,18
normal_63,0,35,0.011721808,0,0,0,3,0.13586707413196564,8,18
normal_68,0,0,0.7950603,1,1,0,3,0.13586707413196564,8,18
normal_68,0,7,0.56187904,1,2,0,3,0.13586707413196564,8,18
normal_68,0,14,0.1445872,1,3,0,3,0.13586707413196564,8,18
normal_68,0,21,0.021470034,0,0,0,3,0.13586707413196564,8,18
normal_68,0,28,0.019812195,0,0,0,3,0.13586707413196564,8,18
normal_68,0,35,0.04378991,0,0,0,3,0.13586707413196564,8,18
normal_80,0,0,0.0116026765,0,0,0,3,0.13586707413196564,8,18
normal_80,0,7,0.050252147,0,0,0,3,0.13586707413196564,8,18
normal_80,0,14,0.003317713,0,0,0,3,0.13586707413196564,8,18
normal_80,0,21,0.0155375935,0,0,0,3,0.13586707413196564,8,18
normal_80,0,28,0.011669707,0,0,0,3,0.13586707413196564,8,18
normal_80,0,35,0.0034751445,0,0,0,3,0.13586707413196564,8,18
normal_85,0,0,0.004099172,0,0,0,3,0.13586707413196564,8,18
normal_85,0,7,0.023561796,0,0,0,3,0.13586707413196564,8,18
normal_85,0,14,0.0045104604,0,0,0,3,0.13586707413196564,8,18
normal_85,0,21,0.027828392,0,0,0,3,0.13586707413196564,8,18
normal_85,0,28,0.0047395956,0,0,0,3,0.13586707413196564,8,18
normal_85,0,35,0.0060071736,0,0,0,3,0.13586707413196564,8,18
normal_88,0,0,0.0093459645,0,0,0,3,0.13586707413196564,8,18
normal_88,0,7,0.03945626,0,0,0,3,0.13586707413196564,8,18
normal_93,0,0,0.003103207,0,0,0,3,0.13586707413196564,8,18
normal_93,0,7,0.017904788,0,0,0,3,0.13586707413196564,8,18
normal_96,0,0,0.009292828,0,0,0,3,0.13586707413196564,8,18
normal_96,0,7,0.009156207,0,0,0,3,0.13586707413196564,8,18
normal_96,0,14,0.026725613,0,0,0,3,0.13586707413196564,8,18
normal_96,0,21,0.012165523,0,0,0,3,0.13586707413196564,8,18
normal_96,0,28,0.053503215,0,0,0,3,0.13586707413196564,8,18
normal_96,0,35,0.0069301864,0,0,0,3,0.13586707413196564,8,18
normal_110,0,0,0.06636353,0,0,0,3,0.13586707413196564,8,18
normal_110,0,7,0.018118892,0,0,0,3,0.13586707413196564,8,18
normal_110,0,14,0.021825003,0,0,0,3,0.13586707413196564,8,18
normal_110,0,21,0.0306148,0,0,0,3,0.13586707413196564,8,18
normal_120,0,0,0.022079999,0,0,0,3,0.13586707413196564,8,18
normal_120,0,7,0.005630551,0,0,0,3,0.13586707413196564,8,18
normal_120,0,14,0.025772966,0,0,0,3,0.13586707413196564,8,18
normal_120,0,21,0.007311304,0,0,0,3,0.13586707413196564,8,18
normal_120,0,28,0.009955074,0,0,0,3,0.13586707413196564,8,18
normal_120,0,35,0.016914152,0,0,0,3,0.13586707413196564,8,18
normal_121,0,0,0.056028046,0,0,0,3,0.13586707413196564,8,18
normal_121,0,7,0.026898146,0,0,0,3,0.13586707413196564,8,18
normal_121,0,14,0.05528319,0,0,0,3,0.13586707413196564,8,18
normal_121,0,21,0.022399109,0,0,0,3,0.13586707413196564,8,18
normal_121,0,28,0.04068977,0,0,0,3,0.13586707413196564,8,18
normal_121,0,35,0.019299312,0,0,0,3,0.13586707413196564,8,18
normal_123,0,0,0.0038476158,0,0,0,3,0.13586707413196564,8,18
normal_123,0,7,0.032705717,0,0,0,3,0.13586707413196564,8,18
normal_123,0,14,0.019886974,0,0,0,3,0.13586707413196564,8,18
normal_153,0,0,0.032301165,0,0,0,3,0.13586707413196564,8,18
normal_153,0,7,0.063049905,0,0,0,3,0.13586707413196564,8,18
normal_153,0,14,0.021875864,0,0,0,3,0.13586707413196564,8,18
normal_153,0,21,0.046654835,0,0,0,3,0.13586707413196564,8,18
normal_153,0,28,0.02067192,0,0,0,3,0.13586707413196564,8,18
normal_153,0,35,0.03644544,0,0,0,3,0.13586707413196564,8,18
normal_154,0,0,0.0170833,0,0,0,3,0.13586707413196564,8,18
normal_154,0,7,0.06856054,0,0,0,3,0.13586707413196564,8,18
normal_154,0,14,0.023875324,0,0,0,3,0.13586707413196564,8,18
normal_154,0,21,0.034914125,0,0,0,3,0.13586707413196564,8,18
normal_154,0,28,0.019392874,0,0,0,3,0.13586707413196564,8,18
normal_154,0,35,0.019476417,0,0,0,3,0.13586707413196564,8,18
normal_172,0,0,0.035216108,0,0,0,3,0.13586707413196564,8,18
normal_172,0,7,0.013878304,0,0,0,3,0.13586707413196564,8,18
normal_189,0,0,0.0036521016,0,0,0,3,0.13586707413196564,8,18
normal_189,0,7,0.02264617,0,0,0,3,0.13586707413196564,8,18
normal_189,0,14,0.007401024,0,0,0,3,0.13586707413196564,8,18
normal_189,0,21,0.029479612,0,0,0,3,0.13586707413196564,8,18
normal_189,0,28,0.002940628,0,0,0,3,0.13586707413196564,8,18
normal_189,0,35,0.009336433,0,0,0,3,0.13586707413196564,8,18
normal_195,0,0,0.010114807,0,0,0,3,0.13586707413196564,8,18
normal_195,0,7,0.01947192,0,0,0,3,0.13586707413196564,8,18
normal_195,0,14,0.013963514,0,0,0,3,0.13586707413196564,8,18
normal_195,0,21,0.007973185,0,0,0,3,0.13586707413196564,8,18
normal_204,0,0,0.04466752,0,0,0,3,0.13586707413196564,8,18
normal_204,0,7,0.028949369,0,0,0,3,0.13586707413196564,8,18
normal_204,0,14,0.036774684,0,0,0,3,0.13586707413196564,8,18
normal_204,0,21,0.032421414,0,0,0,3,0.13586707413196564,8,18
normal_204,0,28,0.021080043,0,0,0,3,0.13586707413196564,8,18
normal_204,0,35,0.0629454,0,0,0,3,0.13586707413196564,8,18
normal_219,0,0,0.03600943,0,0,0,3,0.13586707413196564,8,18
normal_219,0,7,0.018362,0,0,0,3,0.13586707413196564,8,18
normal_219,0,14,0.034045182,0,0,0,3,0.13586707413196564,8,18
normal_219,0,21,0.023306893,0,0,0,3,0.13586707413196564,8,18
normal_228,0,0,0.0032293256,0,0,0,3,0.13586707413196564,8,18
normal_228,0,7,0.030384729,0,0,0,3,0.13586707413196564,8,18
normal_228,0,14,0.007358243,0,0,0,3,0.13586707413196564,8,18
normal_228,0,21,0.022503924,0,0,0,3,0.13586707413196564,8,18
normal_228,0,28,0.0033939483,0,0,0,3,0.13586707413196564,8,18
normal_228,0,35,0.005273891,0,0,0,3,0.13586707413196564,8,18
normal_248,0,0,0.025538731,0,0,0,3,0.13586707413196564,8,18
normal_248,0,7,0.02772473,0,0,0,3,0.13586707413196564,8,18
normal_248,0,14,0.039886992,0,0,0,3,0.13586707413196564,8,18
normal_248,0,21,0.037133202,0,0,0,3,0.13586707413196564,8,18
normal_248,0,28,0.05456083,0,0,0,3,0.13586707413196564,8,18
normal_248,0,35,0.01349154,0,0,0,3,0.13586707413196564,8,18
normal_267,0,0,0.059099663,0,0,0,3,0.13586707413196564,8,18
normal_267,0,7,0.028443318,0,0,0,3,0.13586707413196564,8,18
normal_267,0,14,0.043252807,0,0,0,3,0.13586707413196564,8,18
normal_267,0,21,0.06303344,0,0,0,3,0.13586707413196564,8,18
normal_271,0,0,0.0037580351,0,0,0,3,0.13586707413196564,8,18
normal_271,0,7,0.024619076,0,0,0,3,0.13586707413196564,8,18
normal_271,0,14,0.012809089,0,0,0,3,0.13586707413196564,8,18
normal_271,0,21,0.010251592,0,0,0,3,0.13586707413196564,8,18
normal_271,0,28,0.025873275,0,0,0,3,0.13586707413196564,8,18
normal_271,0,35,0.0074690664,0,0,0,3,0.13586707413196564,8,18
normal_281,0,0,0.0077026305,0,0,0,3,0.13586707413196564,8,18
normal_281,0,7,0.0028537293,0,0,0,3,0.13586707413196564,8,18
normal_281,0,14,0.0533464,0,0,0,3,0.13586707413196564,8,18
normal_281,0,21,0.0074762953,0,0,0,3,0.13586707413196564,8,18
normal_281,0,28,0.010754905,0,0,0,3,0.13586707413196564,8,18
normal_281,0,35,0.007017641,0,0,0,3,0.13586707413196564,8,18
normal_283,0,0,0.025909837,0,0,0,3,0.13586707413196564,8,18
normal_283,0,7,0.05679141,0,0,0,3,0.13586707413196564,8,18
normal_283,0,14,0.018968353,0,0,0,3,0.13586707413196564,8,18
normal_287,0,0,0.009009527,0,0,0,3,0.13586707413196564,8,18
normal_287,0,7,0.002996411,0,0,0,3,0.13586707413196564,8,18
normal_287,0,14,0.028627858,0,0,0,3,0.13586707413196564,8,18
normal_287,0,21,0.0045434455,0,0,0,3,0.13586707413196564,8,18
normal_287,0,28,0.012584571,0,0,0,3,0.13586707413196564,8,18
normal_287,0,35,0.0036092335,0,0,0,3,0.13586707413196564,8,18
normal_293,0,0,0.02907307,0,0,0,3,0.13586707413196564,8,18
normal_293,0,7,0.0070239776,0,0,0,3,0.13586707413196564,8,18
normal_293,0,14,0.060386956,0,0,0,3,0.13586707413196564,8,18
normal_293,0,21,0.0047237375,0,0,0,3,0.13586707413196564,8,18
normal_293,0,28,0.00931208,0,0,0,3,0.13586707413196564,8,18
normal_293,0,35,0.00647325,0,0,0,3,0.13586707413196564,8,18
normal_296,0,0,0.015811177,0,0,0,3,0.13586707413196564,8,18
normal_296,0,7,0.0071313414,0,0,0,3,0.13586707413196564,8,18
normal_296,0,14,0.029416058,0,0,0,3,0.13586707413196564,8,18
normal_297,0,0,0.018458636,0,0,0,3,0.13586707413196564,8,18
normal_306,0,0,0.018367136,0,0,0,3,0.13586707413196564,8,18
normal_306,0,7,0.047594357,0,0,0,3,0.13586707413196564,8,18
normal_306,0,14,0.034707442,0,0,0,3,0.13586707413196564,8,18
normal_306,0,21,0.02725116,0,0,0,3,0.13586707413196564,8,18
normal_312,0,0,0.02093711,0,0,0,3,0.13586707413196564,8,18
normal_312,0,7,0.06219506,0,0,0,3,0.13586707413196564,8,18
normal_312,0,14,0.017889945,0,0,0,3,0.13586707413196564,8,18
normal_312,0,21,0.02808866,0,0,0,3,0.13586707413196564,8,18
normal_316,0,0,0.06867575,0,0,0,3,0.13586707413196564,8,18
normal_316,0,7,0.04219244,0,0,0,3,0.13586707413196564,8,18
normal_316,0,14,0.11967107,0,0,0,3,0.13586707413196564,8,18
normal_316,0,21,0.03969038,0,0,0,3,0.13586707413196564,8,18
normal_316,0,28,0.02096947,0,0,0,3,0.13586707413196564,8,18
normal_316,0,35,0.026852243,0,0,0,3,0.13586707413196564,8,18
normal_319,0,0,0.022786545,0,0,0,3,0.13586707413196564,8,18
normal_319,0,7,0.020380499,0,0,0,3,0.13586707413196564,8,18
normal_319,0,14,0.037156116,0,0,0,3,0.13586707413196564,8,18
normal_330,0,0,0.0097258855,0,0,0,3,0.13586707413196564,8,18
normal_330,0,7,0.043983176,0,0,0,3,0.13586707413196564,8,18
normal_330,0,14,0.007059402,0,0,0,3,0.13586707413196564,8,18
normal_330,0,21,0.015591351,0,0,0,3,0.13586707413196564,8,18
normal_330,0,28,0.017982032,0,0,0,3,0.13586707413196564,8,18
normal_330,0,35,0.0073414184,0,0,0,3,0.13586707413196564,8,18
normal_335,0,0,0.00361528,0,0,0,3,0.13586707413196564,8,18
normal_335,0,7,0.024345418,0,0,0,3,0.13586707413196564,8,18
normal_335,0,14,0.0032214124,0,0,0,3,0.13586707413196564,8,18
normal_335,0,21,0.0114078745,0,0,0,3,0.13586707413196564,8,18
normal_335,0,28,0.007944572,0,0,0,3,0.13586707413196564,8,18
normal_335,0,35,0.0040139556,0,0,0,3,0.13586707413196564,8,18
normal_336,0,0,0.024719993,0,0,0,3,0.13586707413196564,8,18
normal_336,0,7,0.062702864,0,0,0,3,0.13586707413196564,8,18
normal_336,0,14,0.053213682,0,0,0,3,0.13586707413196564,8,18
normal_336,0,21,0.01805661,0,0,0,3,0.13586707413196564,8,18
normal_336,0,28,0.04942032,0,0,0,3,0.13586707413196564,8,18
normal_342,0,0,0.031593706,0,0,0,3,0.13586707413196564,8,18
normal_342,0,7,0.02121568,0,0,0,3,0.13586707413196564,8,18
normal_342,0,14,0.03892806,0,0,0,3,0.13586707413196564,8,18
normal_342,0,21,0.018551886,0,0,0,3,0.13586707413196564,8,18
normal_342,0,28,0.03673378,0,0,0,3,0.13586707413196564,8,18
normal_342,0,35,0.02292369,0,0,0,3,0.13586707413196564,8,18
normal_345,0,0,0.053584356,0,0,0,3,0.13586707413196564,8,18
normal_348,0,0,0.017760223,0,0,0,3,0.13586707413196564,8,18
normal_348,0,7,0.033474054,0,0,0,3,0.13586707413196564,8,18
normal_348,0,14,0.019907938,0,0,0,3,0.13586707413196564,8,18
normal_348,0,21,0.024848498,0,0,0,3,0.13586707413196564,8,18
normal_348,0,28,0.04660074,0,0,0,3,0.13586707413196564,8,18
normal_348,0,35,0.018972285,0,0,0,3,0.13586707413196564,8,18
normal_350,0,0,0.016010491,0,0,0,3,0.13586707413196564,8,18
normal_350,0,7,0.042641416,0,0,0,3,0.13586707413196564,8,18
normal_350,0,14,0.016949266,0,0,0,3,0.13586707413196564,8,18
normal_350,0,21,0.030668734,0,0,0,3,0.13586707413196564,8,18
normal_357,0,0,0.043130808,0,0,0,3,0.13586707413196564,8,18
normal_357,0,7,0.025974005,0,0,0,3,0.13586707413196564,8,18
normal_357,0,14,0.05851856,0,0,0,3,0.13586707413196564,8,18
normal_362,0,0,0.006454172,0,0,0,3,0.13586707413196564,8,18
normal_362,0,7,0.00248359,0,0,0,3,0.13586707413196564,8,18
normal_362,0,14,0.009111893,0,0,0,3,0.13586707413196564,8,18
normal_362,0,21,0.003801409,0,0,0,3,0.13586707413196564,8,18
normal_362,0,28,0.023492612,0,0,0,3,0.13586707413196564,8,18
normal_362,0,35,0.0021649657,0,0,0,3,0.13586707413196564,8,18
normal_368,0,0,0.016896361,0,0,0,3,0.13586707413196564,8,18
normal_368,0,7,0.011371804,0,0,0,3,0.13586707413196564,8,18
normal_368,0,14,0.00721242,0,0,0,3,0.13586707413196564,8,18
normal_368,0,21,0.02930927,0,0,0,3,0.13586707413196564,8,18
normal_369,0,0,0.0294169,0,0,0,3,0.13586707413196564,8,18
normal_369,0,7,0.056942847,0,0,0,3,0.13586707413196564,8,18
normal_373,0,0,0.008350248,0,0,0,3,0.13586707413196564,8,18
normal_373,0,7,0.013421996,0,0,0,3,0.13586707413196564,8,18
normal_373,0,14,0.006416416,0,0,0,3,0.13586707413196564,8,18
normal_373,0,21,0.02913545,0,0,0,3,0.13586707413196564,8,18
normal_373,0,28,0.004678322,0,0,0,3,0.13586707413196564,8,18
normal_373,0,35,0.045847856,0,0,0,3,0.13586707413196564,8,18
normal_378,0,0,0.1069348,0,0,0,3,0.13586707413196564,8,18
normal_378,0,7,0.04427261,0,0,0,3,0.13586707413196564,8,18
normal_378,0,14,0.03678314,0,0,0,3,0.13586707413196564,8,18
normal_378,0,21,0.030035041,0,0,0,3,0.13586707413196564,8,18
normal_378,0,28,0.023340974,0,0,0,3,0.13586707413196564,8,18
normal_378,0,35,0.04381757,0,0,0,3,0.13586707413196564,8,18
normal_381,0,0,0.026849091,0,0,0,3,0.13586707413196564,8,18
normal_381,0,7,0.048372198,0,0,0,3,0.13586707413196564,8,18
normal_381,0,14,0.028926741,0,0,0,3,0.13586707413196564,8,18
normal_385,0,0,0.04218849,0,0,0,3,0.13586707413196564,8,18
normal_385,0,7,0.019777037,0,0,0,3,0.13586707413196564,8,18
normal_385,0,14,0.06147652,0,0,0,3,0.13586707413196564,8,18
normal_385,0,21,0.01960439,0,0,0,3,0.13586707413196564,8,18
normal_385,0,28,0.023435973,0,0,0,3,0.13586707413196564,8,18
normal_385,0,35,0.037198164,0,0,0,3,0.13586707413196564,8,18
normal_391,0,0,0.010662431,0,0,0,3,0.13586707413196564,8,18
normal_391,0,7,0.074408695,0,0,0,3,0.13586707413196564,8,18
normal_391,0,14,0.011470705,0,0,0,3,0.13586707413196564,8,18
normal_391,0,21,0.021525646,0,0,0,3,0.13586707413196564,8,18
normal_391,0,28,0.005336648,0,0,0,3,0.13586707413196564,8,18
normal_391,0,35,0.012023608,0,0,0,3,0.13586707413196564,8,18
normal_401,0,0,0.0055661937,0,0,0,3,0.13586707413196564,8,18
normal_401,0,7,0.029825427,0,0,0,3,0.13586707413196564,8,18
normal_401,0,14,0.006246748,0,0,0,3,0.13586707413196564,8,18
normal_401,0,21,0.010753104,0,0,0,3,0.13586707413196564,8,18
normal_401,0,28,0.01798189,0,0,0,3,0.13586707413196564,8,18
normal_401,0,35,0.006383301,0,0,0,3,0.13586707413196564,8,18
normal_412,0,0,0.0085406955,0,0,0,3,0.13586707413196564,8,18
normal_412,0,7,0.02471042,0,0,0,3,0.13586707413196564,8,18
normal_412,0,14,0.0043192892,0,0,0,3,0.13586707413196564,8,18
normal_412,0,21,0.020052548,0,0,0,3,0.13586707413196564,8,18
normal_412,0,28,0.007853065,0,0,0,3,0.13586707413196564,8,18
normal_412,0,35,0.007829812,0,0,0,3,0.13586707413196564,8,18
normal_414,0,0,0.011307978,0,0,0,3,0.13586707413196564,8,18
normal_414,0,7,0.055487767,0,0,0,3,0.13586707413196564,8,18
normal_418,0,0,0.008689764,0,0,0,3,0.13586707413196564,8,18
normal_418,0,7,0.021979071,0,0,0,3,0.13586707413196564,8,18
normal_418,0,14,0.016868124,0,0,0,3,0.13586707413196564,8,18
normal_418,0,21,0.008182192,0,0,0,3,0.13586707413196564,8,18
normal_418,0,28,0.034406006,0,0,0,3,0.13586707413196564,8,18
normal_418,0,35,0.0075311605,0,0,0,3,0.13586707413196564,8,18
normal_424,0,0,0.07093969,0,0,0,3,0.13586707413196564,8,18
normal_424,0,7,0.017198158,0,0,0,3,0.13586707413196564,8,18
normal_424,0,14,0.044798844,0,0,0,3,0.13586707413196564,8,18
normal_424,0,21,0.02048803,0,0,0,3,0.13586707413196564,8,18
normal_424,0,28,0.021677075,0,0,0,3,0.13586707413196564,8,18
normal_429,0,0,0.014867008,0,0,0,3,0.13586707413196564,8,18
normal_429,0,7,0.016138375,0,0,0,3,0.13586707413196564,8,18
normal_429,0,14,0.042284966,0,0,0,3,0.13586707413196564,8,18
normal_429,0,21,0.0076486175,0,0,0,3,0.13586707413196564,8,18
normal_429,0,28,0.04950466,0,0,0,3,0.13586707413196564,8,18
normal_429,0,35,0.03434117,0,0,0,3,0.13586707413196564,8,18
normal_435,0,0,0.034970343,0,0,0,3,0.13586707413196564,8,18
normal_435,0,7,0.019520367,0,0,0,3,0.13586707413196564,8,18
normal_435,0,14,0.040404983,0,0,0,3,0.13586707413196564,8,18
normal_435,0,21,0.016153539,0,0,0,3,0.13586707413196564,8,18
normal_435,0,28,0.014464157,0,0,0,3,0.13586707413196564,8,18
normal_436,0,0,0.01361324,0,0,0,3,0.13586707413196564,8,18
normal_436,0,7,0.003916654,0,0,0,3,0.13586707413196564,8,18
normal_436,0,14,0.023076404,0,0,0,3,0.13586707413196564,8,18
normal_437,0,0,0.02057233,0,0,0,3,0.13586707413196564,8,18
normal_437,0,7,0.028953813,0,0,0,3,0.13586707413196564,8,18
normal_439,0,0,0.043050736,0,0,0,3,0.13586707413196564,8,18
normal_439,0,7,0.01270505,0,0,0,3,0.13586707413196564,8,18
normal_439,0,14,0.032667693,0,0,0,3,0.13586707413196564,8,18
normal_439,0,21,0.006708733,0,0,0,3,0.13586707413196564,8,18
normal_439,0,28,0.022804677,0,0,0,3,0.13586707413196564,8,18
normal_439,0,35,0.021532612,0,0,0,3,0.13586707413196564,8,18
normal_450,0,0,0.22138405,1,1,0,3,0.13586707413196564,8,18
normal_450,0,7,0.039347615,0,0,0,3,0.13586707413196564,8,18
normal_450,0,14,0.023130074,0,0,0,3,0.13586707413196564,8,18
normal_450,0,21,0.029894507,0,0,0,3,0.13586707413196564,8,18
normal_450,0,28,0.015313824,0,0,0,3,0.13586707413196564,8,18
normal_450,0,35,0.08552291,0,0,0,3,0.13586707413196564,8,18
normal_458,0,0,0.02764399,0,0,0,3,0.13586707413196564,8,18
normal_458,0,7,0.046953894,0,0,0,3,0.13586707413196564,8,18
normal_465,0,0,0.03308575,0,0,0,3,0.13586707413196564,8,18
normal_468,0,0,0.017475981,0,0,0,3,0.13586707413196564,8,18
normal_468,0,7,0.0042237686,0,0,0,3,0.13586707413196564,8,18
normal_468,0,14,0.0058524376,0,0,0,3,0.13586707413196564,8,18
normal_468,0,21,0.015768161,0,0,0,3,0.13586707413196564,8,18
normal_468,0,28,0.0068192314,0,0,0,3,0.13586707413196564,8,18
normal_474,0,0,0.01799019,0,0,0,3,0.13586707413196564,8,18
normal_474,0,7,0.031477552,0,0,0,3,0.13586707413196564,8,18
normal_474,0,14,0.018984908,0,0,0,3,0.13586707413196564,8,18
normal_474,0,21,0.017252542,0,0,0,3,0.13586707413196564,8,18
normal_474,0,28,0.0316232,0,0,0,3,0.13586707413196564,8,18
normal_474,0,35,0.021475475,0,0,0,3,0.13586707413196564,8,18
normal_476,0,0,0.017480444,0,0,0,3,0.13586707413196564,8,18
normal_476,0,7,0.021811718,0,0,0,3,0.13586707413196564,8,18
normal_478,0,0,0.041650504,0,0,0,3,0.13586707413196564,8,18
normal_478,0,7,0.023016738,0,0,0,3,0.13586707413196564,8,18
normal_478,0,14,0.056563873,0,0,0,3,0.13586707413196564,8,18
normal_478,0,21,0.022859838,0,0,0,3,0.13586707413196564,8,18
normal_478,0,28,0.027244708,0,0,0,3,0.13586707413196564,8,18
normal_478,0,35,0.033257395,0,0,0,3,0.13586707413196564,8,18
normal_494,0,0,0.018607445,0,0,0,3,0.13586707413196564,8,18
normal_494,0,7,0.04428092,0,0,0,3,0.13586707413196564,8,18
normal_494,0,14,0.021787034,0,0,0,3,0.13586707413196564,8,18
normal_494,0,21,0.042770877,0,0,0,3,0.13586707413196564,8,18
normal_510,0,0,0.019759648,0,0,0,3,0.13586707413196564,8,18
normal_510,0,7,0.04282852,0,0,0,3,0.13586707413196564,8,18
normal_510,0,14,0.018565787,0,0,0,3,0.13586707413196564,8,18
normal_510,0,21,0.03650615,0,0,0,3,0.13586707413196564,8,18
normal_510,0,28,0.03380212,0,0,0,3,0.13586707413196564,8,18
normal_510,0,35,0.019708011,0,0,0,3,0.13586707413196564,8,18
normal_512,0,0,0.022216177,0,0,0,3,0.13586707413196564,8,18
normal_512,0,7,0.019934336,0,0,0,3,0.13586707413196564,8,18
normal_512,0,14,0.03674151,0,0,0,3,0.13586707413196564,8,18
normal_512,0,21,0.01962698,0,0,0,3,0.13586707413196564,8,18
normal_515,0,0,0.018229192,0,0,0,3,0.13586707413196564,8,18
normal_515,0,7,0.01810952,0,0,0,3,0.13586707413196564,8,18
normal_515,0,14,0.030651808,0,0,0,3,0.13586707413196564,8,18
normal_515,0,21,0.019651338,0,0,0,3,0.13586707413196564,8,18
normal_515,0,28,0.040673163,0,0,0,3,0.13586707413196564,8,18
normal_515,0,35,0.01963695,0,0,0,3,0.13586707413196564,8,18
normal_520,0,0,0.024683049,0,0,0,3,0.13586707413196564,8,18
normal_520,0,7,0.029163573,0,0,0,3,0.13586707413196564,8,18
normal_520,0,14,0.081088655,0,0,0,3,0.13586707413196564,8,18
normal_520,0,21,0.030720843,0,0,0,3,0.13586707413196564,8,18
normal_520,0,28,0.04231976,0,0,0,3,0.13586707413196564,8,18
normal_520,0,35,0.018560778,0,0,0,3,0.13586707413196564,8,18
normal_521,0,0,0.019385038,0,0,0,3,0.13586707413196564,8,18
normal_521,0,7,0.023131033,0,0,0,3,0.13586707413196564,8,18
normal_521,0,14,0.02374514,0,0,0,3,0.13586707413196564,8,18
normal_521,0,21,0.020533059,0,0,0,3,0.13586707413196564,8,18
normal_521,0,28,0.051972106,0,0,0,3,0.13586707413196564,8,18
normal_521,0,35,0.021315122,0,0,0,3,0.13586707413196564,8,18
normal_522,0,0,0.0190543,0,0,0,3,0.13586707413196564,8,18
normal_522,0,7,0.027491605,0,0,0,3,0.13586707413196564,8,18
normal_522,0,14,0.026048627,0,0,0,3,0.13586707413196564,8,18
normal_522,0,21,0.018915188,0,0,0,3,0.13586707413196564,8,18
normal_528,0,0,0.023705253,0,0,0,3,0.13586707413196564,8,18
normal_528,0,7,0.019463936,0,0,0,3,0.13586707413196564,8,18
normal_528,0,14,0.04348377,0,0,0,3,0.13586707413196564,8,18
normal_528,0,21,0.018131323,0,0,0,3,0.13586707413196564,8,18
normal_533,0,0,0.018120665,0,0,0,3,0.13586707413196564,8,18
normal_533,0,7,0.039121762,0,0,0,3,0.13586707413196564,8,18
normal_533,0,14,0.019726504,0,0,0,3,0.13586707413196564,8,18
normal_533,0,21,0.023001693,0,0,0,3,0.13586707413196564,8,18
normal_533,0,28,0.02863521,0,0,0,3,0.13586707413196564,8,18
normal_533,0,35,0.01963524,0,0,0,3,0.13586707413196564,8,18
normal_546,0,0,0.03000896,0,0,0,3,0.13586707413196564,8,18
normal_546,0,7,0.01964168,0,0,0,3,0.13586707413196564,8,18
normal_553,0,0,0.02658569,0,0,0,3,0.13586707413196564,8,18
normal_553,0,7,0.038573638,0,0,0,3,0.13586707413196564,8,18
normal_553,0,14,0.017777542,0,0,0,3,0.13586707413196564,8,18
normal_565,0,0,0.007017365,0,0,0,3,0.13586707413196564,8,18
normal_565,0,7,0.019642686,0,0,0,3,0.13586707413196564,8,18
normal_565,0,14,0.0056045777,0,0,0,3,0.13586707413196564,8,18
normal_578,0,0,0.05609709,0,0,0,3,0.13586707413196564,8,18
normal_578,0,7,0.058178764,0,0,0,3,0.13586707413196564,8,18
normal_578,0,14,0.02140216,0,0,0,3,0.13586707413196564,8,18
normal_582,0,0,0.024200357,0,0,0,3,0.13586707413196564,8,18
normal_582,0,7,0.018733557,0,0,0,3,0.13586707413196564,8,18
normal_582,0,14,0.04582701,0,0,0,3,0.13586707413196564,8,18
normal_582,0,21,0.018096132,0,0,0,3,0.13586707413196564,8,18
normal_582,0,28,0.032814022,0,0,0,3,0.13586707413196564,8,18
normal_582,0,35,0.019908007,0,0,0,3,0.13586707413196564,8,18
normal_584,0,0,0.0057903314,0,0,0,3,0.13586707413196564,8,18
normal_584,0,7,0.04878349,0,0,0,3,0.13586707413196564,8,18
normal_584,0,14,0.0062784976,0,0,0,3,0.13586707413196564,8,18
normal_584,0,21,0.018534753,0,0,0,3,0.13586707413196564,8,18
anomaly_2,1,0,0.9999999,1,1,0,3,0.13586707413196564,8,18
anomaly_2,1,7,1.0,1,2,0,3,0.13586707413196564,8,18
anomaly_2,1,14,0.9999989,1,3,0,3,0.13586707413196564,8,18
anomaly_2,1,21,0.9876208,1,4,0,3,0.13586707413196564,8,18
anomaly_2,1,28,0.97241694,1,5,0,3,0.13586707413196564,8,18
anomaly_2,1,35,0.9997727,1,6,0,3,0.13586707413196564,8,18
anomaly_4,1,0,0.9065314,1,1,0,3,0.13586707413196564,8,18
anomaly_4,1,7,0.94642526,1,2,0,3,0.13586707413196564,8,18
anomaly_4,1,14,0.8968583,1,3,0,3,0.13586707413196564,8,18
anomaly_16,1,0,0.1456094,1,1,0,3,0.13586707413196564,8,18
anomaly_16,1,7,0.6549846,1,2,0,3,0.13586707413196564,8,18
anomaly_16,1,14,0.95268506,1,3,0,3,0.13586707413196564,8,18
anomaly_16,1,21,0.99994755,1,4,0,3,0.13586707413196564,8,18
anomaly_16,1,28,1.0,1,5,0,3,0.13586707413196564,8,18
anomaly_16,1,35,1.0,1,6,0,3,0.13586707413196564,8,18
normal_7,0,0,0.020688754,0,0,0,4,0.09769055247306824,5,11
normal_7,0,7,0.015323643,0,0,0,4,0.09769055247306824,5,11
normal_7,0,14,0.02085282,0,0,0,4,0.09769055247306824,5,11
normal_7,0,21,0.010570394,0,0,0,4,0.09769055247306824,5,11
normal_7,0,28,0.09429688,0,0,0,4,0.09769055247306824,5,11
normal_7,0,35,0.016092807,0,0,0,4,0.09769055247306824,5,11
normal_17,0,0,0.026059365,0,0,0,4,0.09769055247306824,5,11
normal_17,0,7,0.006162076,0,0,0,4,0.09769055247306824,5,11
normal_17,0,14,0.0067720786,0,0,0,4,0.09769055247306824,5,11
normal_17,0,21,0.008908697,0,0,0,4,0.09769055247306824,5,11
normal_17,0,28,0.002734621,0,0,0,4,0.09769055247306824,5,11
normal_17,0,35,0.030118892,0,0,0,4,0.09769055247306824,5,11
normal_28,0,0,0.008914922,0,0,0,4,0.09769055247306824,5,11
normal_28,0,7,0.008218173,0,0,0,4,0.09769055247306824,5,11
normal_28,0,14,0.022309326,0,0,0,4,0.09769055247306824,5,11
normal_28,0,21,0.0051147025,0,0,0,4,0.09769055247306824,5,11
normal_28,0,28,0.02594751,0,0,0,4,0.09769055247306824,5,11
normal_28,0,35,0.006817998,0,0,0,4,0.09769055247306824,5,11
normal_31,0,0,0.0002589451,0,0,0,4,0.09769055247306824,5,11
normal_31,0,7,0.0010243703,0,0,0,4,0.09769055247306824,5,11
normal_34,0,0,0.007028032,0,0,0,4,0.09769055247306824,5,11
normal_34,0,7,0.0010735675,0,0,0,4,0.09769055247306824,5,11
normal_34,0,14,0.010397181,0,0,0,4,0.09769055247306824,5,11
normal_34,0,21,0.0015107875,0,0,0,4,0.09769055247306824,5,11
normal_34,0,28,0.05536726,0,0,0,4,0.09769055247306824,5,11
normal_34,0,35,0.0034792803,0,0,0,4,0.09769055247306824,5,11
normal_52,0,0,0.025560278,0,0,0,4,0.09769055247306824,5,11
normal_52,0,7,0.009199138,0,0,0,4,0.09769055247306824,5,11
normal_52,0,14,0.0068053943,0,0,0,4,0.09769055247306824,5,11
normal_52,0,21,0.029571285,0,0,0,4,0.09769055247306824,5,11
normal_52,0,28,0.016047591,0,0,0,4,0.09769055247306824,5,11
normal_52,0,35,0.09172109,0,0,0,4,0.09769055247306824,5,11
normal_59,0,0,0.0266742,0,0,0,4,0.09769055247306824,5,11
normal_59,0,7,0.0063127703,0,0,0,4,0.09769055247306824,5,11
normal_59,0,14,0.043745592,0,0,0,4,0.09769055247306824,5,11
normal_59,0,21,0.017147167,0,0,0,4,0.09769055247306824,5,11
normal_59,0,28,0.008922104,0,0,0,4,0.09769055247306824,5,11
normal_59,0,35,0.01707391,0,0,0,4,0.09769055247306824,5,11
normal_61,0,0,0.0120161,0,0,0,4,0.09769055247306824,5,11
normal_61,0,7,0.01499786,0,0,0,4,0.09769055247306824,5,11
normal_61,0,14,0.0051165437,0,0,0,4,0.09769055247306824,5,11
normal_61,0,21,0.068386145,0,0,0,4,0.09769055247306824,5,11
normal_61,0,28,0.0060417834,0,0,0,4,0.09769055247306824,5,11
normal_61,0,35,0.033269603,0,0,0,4,0.09769055247306824,5,11
normal_66,0,0,0.020572793,0,0,0,4,0.09769055247306824,5,11
normal_66,0,7,0.0028925103,0,0,0,4,0.09769055247306824,5,11
normal_66,0,14,0.007839998,0,0,0,4,0.09769055247306824,5,11
normal_66,0,21,0.0037264023,0,0,0,4,0.09769055247306824,5,11
normal_66,0,28,0.0020384504,0,0,0,4,0.09769055247306824,5,11
normal_66,0,35,0.016931351,0,0,0,4,0.09769055247306824,5,11
normal_69,0,0,0.00051333616,0,0,0,4,0.09769055247306824,5,11
normal_69,0,7,0.0014008905,0,0,0,4,0.09769055247306824,5,11
normal_69,0,14,0.0005944066,0,0,0,4,0.09769055247306824,5,11
normal_69,0,21,0.013387873,0,0,0,4,0.09769055247306824,5,11
normal_69,0,28,0.00042956008,0,0,0,4,0.09769055247306824,5,11
normal_69,0,35,0.005801443,0,0,0,4,0.09769055247306824,5,11
normal_70,0,0,0.008435458,0,0,0,4,0.09769055247306824,5,11
normal_70,0,7,0.030294968,0,0,0,4,0.09769055247306824,5,11
normal_70,0,14,0.007898114,0,0,0,4,0.09769055247306824,5,11
normal_70,0,21,0.029321266,0,0,0,4,0.09769055247306824,5,11
normal_70,0,28,0.008248365,0,0,0,4,0.09769055247306824,5,11
normal_70,0,35,0.02291481,0,0,0,4,0.09769055247306824,5,11
normal_72,0,0,0.0079691615,0,0,0,4,0.09769055247306824,5,11
normal_72,0,7,0.0007700165,0,0,0,4,0.09769055247306824,5,11
normal_72,0,14,0.008378797,0,0,0,4,0.09769055247306824,5,11
normal_72,0,21,0.00049241795,0,0,0,4,0.09769055247306824,5,11
normal_72,0,28,0.0016306761,0,0,0,4,0.09769055247306824,5,11
normal_72,0,35,0.0010986316,0,0,0,4,0.09769055247306824,5,11
normal_73,0,0,0.03046913,0,0,0,4,0.09769055247306824,5,11
normal_73,0,7,0.0073034903,0,0,0,4,0.09769055247306824,5,11
normal_73,0,14,0.02931886,0,0,0,4,0.09769055247306824,5,11
normal_73,0,21,0.007814358,0,0,0,4,0.09769055247306824,5,11
normal_73,0,28,0.017380754,0,0,0,4,0.09769055247306824,5,11
normal_73,0,35,0.012867902,0,0,0,4,0.09769055247306824,5,11
normal_76,0,0,0.026069753,0,0,0,4,0.09769055247306824,5,11
normal_76,0,7,0.0045181536,0,0,0,4,0.09769055247306824,5,11
normal_76,0,14,0.023719108,0,0,0,4,0.09769055247306824,5,11
normal_76,0,21,0.005387308,0,0,0,4,0.09769055247306824,5,11
normal_76,0,28,0.005370841,0,0,0,4,0.09769055247306824,5,11
normal_76,0,35,0.024729423,0,0,0,4,0.09769055247306824,5,11
normal_81,0,0,0.010597263,0,0,0,4,0.09769055247306824,5,11
normal_81,0,7,0.008049448,0,0,0,4,0.09769055247306824,5,11
normal_81,0,14,0.033630732,0,0,0,4,0.09769055247306824,5,11
normal_81,0,21,0.009603804,0,0,0,4,0.09769055247306824,5,11
normal_82,0,0,0.0054355487,0,0,0,4,0.09769055247306824,5,11
normal_82,0,7,0.050370887,0,0,0,4,0.09769055247306824,5,11
normal_82,0,14,0.004975693,0,0,0,4,0.09769055247306824,5,11
normal_92,0,0,0.07652114,0,0,0,4,0.09769055247306824,5,11
normal_92,0,7,0.0069582546,0,0,0,4,0.09769055247306824,5,11
normal_92,0,14,0.04987919,0,0,0,4,0.09769055247306824,5,11
normal_92,0,21,0.05091563,0,0,0,4,0.09769055247306824,5,11
normal_97,0,0,0.007354768,0,0,0,4,0.09769055247306824,5,11
normal_97,0,7,0.015280373,0,0,0,4,0.09769055247306824,5,11
normal_97,0,14,0.008307945,0,0,0,4,0.09769055247306824,5,11
normal_97,0,21,0.040414043,0,0,0,4,0.09769055247306824,5,11
normal_98,0,0,0.035828687,0,0,0,4,0.09769055247306824,5,11
normal_98,0,7,0.0025188304,0,0,0,4,0.09769055247306824,5,11
normal_104,0,0,0.030539908,0,0,0,4,0.09769055247306824,5,11
normal_104,0,7,0.05098937,0,0,0,4,0.09769055247306824,5,11
normal_104,0,14,0.27552012,1,1,0,4,0.09769055247306824,5,11
normal_106,0,0,0.014342558,0,0,0,4,0.09769055247306824,5,11
normal_106,0,7,0.012107559,0,0,0,4,0.09769055247306824,5,11
normal_109,0,0,0.0014861263,0,0,0,4,0.09769055247306824,5,11
normal_109,0,7,0.0002378674,0,0,0,4,0.09769055247306824,5,11
normal_109,0,14,0.00036404096,0,0,0,4,0.09769055247306824,5,11
normal_109,0,21,0.004672366,0,0,0,4,0.09769055247306824,5,11
normal_109,0,28,0.000274523,0,0,0,4,0.09769055247306824,5,11
normal_109,0,35,0.00894256,0,0,0,4,0.09769055247306824,5,11
normal_111,0,0,0.023096116,0,0,0,4,0.09769055247306824,5,11
normal_111,0,7,0.020309001,0,0,0,4,0.09769055247306824,5,11
normal_117,0,0,0.022011828,0,0,0,4,0.09769055247306824,5,11
normal_117,0,7,0.00227832,0,0,0,4,0.09769055247306824,5,11
normal_127,0,0,0.011137053,0,0,0,4,0.09769055247306824,5,11
normal_127,0,7,0.01657913,0,0,0,4,0.09769055247306824,5,11
normal_127,0,14,0.012665158,0,0,0,4,0.09769055247306824,5,11
normal_127,0,21,0.06949637,0,0,0,4,0.09769055247306824,5,11
normal_127,0,28,0.010504921,0,0,0,4,0.09769055247306824,5,11
normal_127,0,35,0.018065585,0,0,0,4,0.09769055247306824,5,11
normal_129,0,0,0.0018386933,0,0,0,4,0.09769055247306824,5,11
normal_129,0,7,0.0005383524,0,0,0,4,0.09769055247306824,5,11
normal_129,0,14,0.01047807,0,0,0,4,0.09769055247306824,5,11
normal_129,0,21,0.0002557459,0,0,0,4,0.09769055247306824,5,11
normal_132,0,0,0.03879685,0,0,0,4,0.09769055247306824,5,11
normal_132,0,7,0.009886047,0,0,0,4,0.09769055247306824,5,11
normal_132,0,14,0.023953373,0,0,0,4,0.09769055247306824,5,11
normal_132,0,21,0.006339553,0,0,0,4,0.09769055247306824,5,11
normal_132,0,28,0.019929053,0,0,0,4,0.09769055247306824,5,11
normal_132,0,35,0.012356544,0,0,0,4,0.09769055247306824,5,11
normal_133,0,0,0.0041374993,0,0,0,4,0.09769055247306824,5,11
normal_133,0,7,0.0035730717,0,0,0,4,0.09769055247306824,5,11
normal_133,0,14,0.018021423,0,0,0,4,0.09769055247306824,5,11
normal_133,0,21,0.0028708158,0,0,0,4,0.09769055247306824,5,11
normal_133,0,28,0.03635367,0,0,0,4,0.09769055247306824,5,11
normal_134,0,0,0.00034583957,0,0,0,4,0.09769055247306824,5,11
normal_134,0,7,0.0007455997,0,0,0,4,0.09769055247306824,5,11
normal_134,0,14,0.00040472296,0,0,0,4,0.09769055247306824,5,11
normal_137,0,0,0.0026972943,0,0,0,4,0.09769055247306824,5,11
normal_137,0,7,0.0050482033,0,0,0,4,0.09769055247306824,5,11
normal_137,0,14,0.008529785,0,0,0,4,0.09769055247306824,5,11
normal_137,0,21,0.0014424709,0,0,0,4,0.09769055247306824,5,11
normal_137,0,28,0.02075363,0,0,0,4,0.09769055247306824,5,11
normal_137,0,35,0.0016825204,0,0,0,4,0.09769055247306824,5,11
normal_140,0,0,0.02199962,0,0,0,4,0.09769055247306824,5,11
normal_140,0,7,0.0053983186,0,0,0,4,0.09769055247306824,5,11
normal_140,0,14,0.036788225,0,0,0,4,0.09769055247306824,5,11
normal_155,0,0,0.00884996,0,0,0,4,0.09769055247306824,5,11
normal_155,0,7,0.019505741,0,0,0,4,0.09769055247306824,5,11
normal_155,0,14,0.005266427,0,0,0,4,0.09769055247306824,5,11
normal_155,0,21,0.027501697,0,0,0,4,0.09769055247306824,5,11
normal_155,0,28,0.026713999,0,0,0,4,0.09769055247306824,5,11
normal_156,0,0,0.0004244031,0,0,0,4,0.09769055247306824,5,11
normal_156,0,7,0.0022598591,0,0,0,4,0.09769055247306824,5,11
normal_156,0,14,0.00019750038,0,0,0,4,0.09769055247306824,5,11
normal_165,0,0,0.028486736,0,0,0,4,0.09769055247306824,5,11
normal_165,0,7,0.038992736,0,0,0,4,0.09769055247306824,5,11
normal_165,0,14,0.13921635,1,1,0,4,0.09769055247306824,5,11
normal_165,0,21,0.010041968,0,0,0,4,0.09769055247306824,5,11
normal_165,0,28,0.06773478,0,0,0,4,0.09769055247306824,5,11
normal_165,0,35,0.021031598,0,0,0,4,0.09769055247306824,5,11
normal_170,0,0,0.012368829,0,0,0,4,0.09769055247306824,5,11
normal_170,0,7,0.023951754,0,0,0,4,0.09769055247306824,5,11
normal_170,0,14,0.014842591,0,0,0,4,0.09769055247306824,5,11
normal_170,0,21,0.011852641,0,0,0,4,0.09769055247306824,5,11
normal_170,0,28,0.065954655,0,0,0,4,0.09769055247306824,5,11
normal_170,0,35,0.010014828,0,0,0,4,0.09769055247306824,5,11
normal_180,0,0,0.0003949399,0,0,0,4,0.09769055247306824,5,11
normal_184,0,0,0.030878592,0,0,0,4,0.09769055247306824,5,11
normal_184,0,7,0.0051694377,0,0,0,4,0.09769055247306824,5,11
normal_184,0,14,0.013610205,0,0,0,4,0.09769055247306824,5,11
normal_194,0,0,0.00057065993,0,0,0,4,0.09769055247306824,5,11
normal_194,0,7,0.00018384452,0,0,0,4,0.09769055247306824,5,11
normal_194,0,14,0.003067611,0,0,0,4,0.09769055247306824,5,11
normal_194,0,21,0.00032779423,0,0,0,4,0.09769055247306824,5,11
normal_194,0,28,0.009843231,0,0,0,4,0.09769055247306824,5,11
normal_194,0,35,0.00045024624,0,0,0,4,0.09769055247306824,5,11
normal_201,0,0,0.0069843093,0,0,0,4,0.09769055247306824,5,11
normal_201,0,7,0.014416117,0,0,0,4,0.09769055247306824,5,11
normal_201,0,14,0.019784624,0,0,0,4,0.09769055247306824,5,11
normal_222,0,0,0.00021248095,0,0,0,4,0.09769055247306824,5,11
normal_222,0,7,0.001125199,0,0,0,4,0.09769055247306824,5,11
normal_222,0,14,0.0003399019,0,0,0,4,0.09769055247306824,5,11
normal_222,0,21,0.00023092555,0,0,0,4,0.09769055247306824,5,11
normal_222,0,28,0.010872006,0,0,0,4,0.09769055247306824,5,11
normal_222,0,35,0.00017174766,0,0,0,4,0.09769055247306824,5,11
normal_230,0,0,0.0053563355,0,0,0,4,0.09769055247306824,5,11
normal_230,0,7,0.0015674484,0,0,0,4,0.09769055247306824,5,11
normal_230,0,14,0.0016739466,0,0,0,4,0.09769055247306824,5,11
normal_230,0,21,0.01600718,0,0,0,4,0.09769055247306824,5,11
normal_230,0,28,0.0013100985,0,0,0,4,0.09769055247306824,5,11
normal_234,0,0,0.018630452,0,0,0,4,0.09769055247306824,5,11
normal_234,0,7,0.027602272,0,0,0,4,0.09769055247306824,5,11
normal_234,0,14,0.009144482,0,0,0,4,0.09769055247306824,5,11
normal_234,0,21,0.052460324,0,0,0,4,0.09769055247306824,5,11
normal_234,0,28,0.011313962,0,0,0,4,0.09769055247306824,5,11
normal_234,0,35,0.04336655,0,0,0,4,0.09769055247306824,5,11
normal_240,0,0,0.008204236,0,0,0,4,0.09769055247306824,5,11
normal_240,0,7,0.031251784,0,0,0,4,0.09769055247306824,5,11
normal_240,0,14,0.007633496,0,0,0,4,0.09769055247306824,5,11
normal_240,0,21,0.049168292,0,0,0,4,0.09769055247306824,5,11
normal_240,0,28,0.0074144662,0,0,0,4,0.09769055247306824,5,11
normal_240,0,35,0.016829876,0,0,0,4,0.09769055247306824,5,11
normal_242,0,0,0.0067803427,0,0,0,4,0.09769055247306824,5,11
normal_242,0,7,0.00061040965,0,0,0,4,0.09769055247306824,5,11
normal_242,0,14,0.000707645,0,0,0,4,0.09769055247306824,5,11
normal_242,0,21,0.0010926838,0,0,0,4,0.09769055247306824,5,11
normal_242,0,28,0.0005567155,0,0,0,4,0.09769055247306824,5,11
normal_252,0,0,0.007927243,0,0,0,4,0.09769055247306824,5,11
normal_252,0,7,0.0005018595,0,0,0,4,0.09769055247306824,5,11
normal_252,0,14,0.0069102817,0,0,0,4,0.09769055247306824,5,11
normal_252,0,21,0.00039353283,0,0,0,4,0.09769055247306824,5,11
normal_252,0,28,0.0022371877,0,0,0,4,0.09769055247306824,5,11
normal_252,0,35,0.0031209846,0,0,0,4,0.09769055247306824,5,11
normal_253,0,0,0.022738686,0,0,0,4,0.09769055247306824,5,11
normal_253,0,7,0.008449277,0,0,0,4,0.09769055247306824,5,11
normal_253,0,14,0.038386554,0,0,0,4,0.09769055247306824,5,11
normal_253,0,21,0.010757751,0,0,0,4,0.09769055247306824,5,11
normal_253,0,28,0.030858725,0,0,0,4,0.09769055247306824,5,11
normal_253,0,35,0.01227944,0,0,0,4,0.09769055247306824,5,11
normal_272,0,0,0.0018549601,0,0,0,4,0.09769055247306824,5,11
normal_272,0,7,0.0015340648,0,0,0,4,0.09769055247306824,5,11
normal_272,0,14,0.0015019159,0,0,0,4,0.09769055247306824,5,11
normal_272,0,21,0.013557035,0,0,0,4,0.09769055247306824,5,11
normal_272,0,28,0.001301341,0,0,0,4,0.09769055247306824,5,11
normal_272,0,35,0.017676841,0,0,0,4,0.09769055247306824,5,11
normal_274,0,0,0.0032708694,0,0,0,4,0.09769055247306824,5,11
normal_274,0,7,0.0013461128,0,0,0,4,0.09769055247306824,5,11
normal_274,0,14,0.030869517,0,0,0,4,0.09769055247306824,5,11
normal_274,0,21,0.0019381737,0,0,0,4,0.09769055247306824,5,11
normal_274,0,28,0.015075948,0,0,0,4,0.09769055247306824,5,11
normal_275,0,0,0.024160657,0,0,0,4,0.09769055247306824,5,11
normal_275,0,7,0.0070173154,0,0,0,4,0.09769055247306824,5,11
normal_275,0,14,0.029250128,0,0,0,4,0.09769055247306824,5,11
normal_275,0,21,0.007340064,0,0,0,4,0.09769055247306824,5,11
normal_275,0,28,0.011978489,0,0,0,4,0.09769055247306824,5,11
normal_275,0,35,0.043644156,0,0,0,4,0.09769055247306824,5,11
normal_276,0,0,0.024868889,0,0,0,4,0.09769055247306824,5,11
normal_276,0,7,0.0041091875,0,0,0,4,0.09769055247306824,5,11
normal_276,0,14,0.023827612,0,0,0,4,0.09769055247306824,5,11
normal_276,0,21,0.005416689,0,0,0,4,0.09769055247306824,5,11
normal_276,0,28,0.005047059,0,0,0,4,0.09769055247306824,5,11
normal_278,0,0,0.053304877,0,0,0,4,0.09769055247306824,5,11
normal_284,0,0,0.005018592,0,0,0,4,0.09769055247306824,5,11
normal_284,0,7,0.000107461194,0,0,0,4,0.09769055247306824,5,11
normal_295,0,0,0.031379428,0,0,0,4,0.09769055247306824,5,11
normal_295,0,7,0.013458572,0,0,0,4,0.09769055247306824,5,11
normal_295,0,14,0.011257642,0,0,0,4,0.09769055247306824,5,11
normal_295,0,21,0.05203539,0,0,0,4,0.09769055247306824,5,11
normal_307,0,0,0.015957646,0,0,0,4,0.09769055247306824,5,11
normal_307,0,7,0.013432539,0,0,0,4,0.09769055247306824,5,11
normal_307,0,14,0.007769423,0,0,0,4,0.09769055247306824,5,11
normal_326,0,0,0.00055680913,0,0,0,4,0.09769055247306824,5,11
normal_326,0,7,0.0019863292,0,0,0,4,0.09769055247306824,5,11
normal_326,0,14,9.6288444e-05,0,0,0,4,0.09769055247306824,5,11
normal_329,0,0,0.0017216859,0,0,0,4,0.09769055247306824,5,11
normal_329,0,7,0.0008499766,0,0,0,4,0.09769055247306824,5,11
normal_329,0,14,0.00075319095,0,0,0,4,0.09769055247306824,5,11
normal_329,0,21,0.02457418,0,0,0,4,0.09769055247306824,5,11
normal_329,0,28,0.0008558028,0,0,0,4,0.09769055247306824,5,11
normal_329,0,35,0.02401169,0,0,0,4,0.09769055247306824,5,11
normal_339,0,0,0.011875711,0,0,0,4,0.09769055247306824,5,11
normal_341,0,0,0.004043727,0,0,0,4,0.09769055247306824,5,11
normal_341,0,7,0.022966262,0,0,0,4,0.09769055247306824,5,11
normal_341,0,14,0.005870284,0,0,0,4,0.09769055247306824,5,11
normal_341,0,21,0.05169389,0,0,0,4,0.09769055247306824,5,11
normal_341,0,28,0.0035381753,0,0,0,4,0.09769055247306824,5,11
normal_341,0,35,0.016946033,0,0,0,4,0.09769055247306824,5,11
normal_343,0,0,0.0057556573,0,0,0,4,0.09769055247306824,5,11
normal_343,0,7,0.00014895589,0,0,0,4,0.09769055247306824,5,11
normal_343,0,14,0.0007509141,0,0,0,4,0.09769055247306824,5,11
normal_343,0,21,0.0041254805,0,0,0,4,0.09769055247306824,5,11
normal_343,0,28,0.0004164625,0,0,0,4,0.09769055247306824,5,11
normal_344,0,0,0.0037825706,0,0,0,4,0.09769055247306824,5,11
normal_344,0,7,0.029610138,0,0,0,4,0.09769055247306824,5,11
normal_344,0,14,0.0058905156,0,0,0,4,0.09769055247306824,5,11
normal_375,0,0,0.008289638,0,0,0,4,0.09769055247306824,5,11
normal_375,0,7,0.046007104,0,0,0,4,0.09769055247306824,5,11
normal_375,0,14,0.010647221,0,0,0,4,0.09769055247306824,5,11
normal_396,0,0,0.0019187899,0,0,0,4,0.09769055247306824,5,11
normal_396,0,7,0.006995861,0,0,0,4,0.09769055247306824,5,11
normal_396,0,14,0.0018985955,0,0,0,4,0.09769055247306824,5,11
normal_396,0,21,0.034617286,0,0,0,4,0.09769055247306824,5,11
normal_396,0,28,0.0016336939,0,0,0,4,0.09769055247306824,5,11
normal_396,0,35,0.0049096276,0,0,0,4,0.09769055247306824,5,11
normal_399,0,0,0.002021396,0,0,0,4,0.09769055247306824,5,11
normal_399,0,7,0.017392125,0,0,0,4,0.09769055247306824,5,11
normal_431,0,0,0.0008679942,0,0,0,4,0.09769055247306824,5,11
normal_431,0,7,0.00044260285,0,0,0,4,0.09769055247306824,5,11
normal_445,0,0,0.00018530489,0,0,0,4,0.09769055247306824,5,11
normal_445,0,7,0.00074898585,0,0,0,4,0.09769055247306824,5,11
normal_445,0,14,0.0012718205,0,0,0,4,0.09769055247306824,5,11
normal_445,0,21,0.00015936379,0,0,0,4,0.09769055247306824,5,11
normal_445,0,28,0.005286256,0,0,0,4,0.09769055247306824,5,11
normal_445,0,35,0.00019232082,0,0,0,4,0.09769055247306824,5,11
normal_448,0,0,0.0006206926,0,0,0,4,0.09769055247306824,5,11
normal_457,0,0,0.03025544,0,0,0,4,0.09769055247306824,5,11
normal_457,0,7,0.005023971,0,0,0,4,0.09769055247306824,5,11
normal_457,0,14,0.016512705,0,0,0,4,0.09769055247306824,5,11
normal_457,0,21,0.0116675785,0,0,0,4,0.09769055247306824,5,11
normal_470,0,0,0.00021579258,0,0,0,4,0.09769055247306824,5,11
normal_470,0,7,0.018950915,0,0,0,4,0.09769055247306824,5,11
normal_470,0,14,0.00021748386,0,0,0,4,0.09769055247306824,5,11
normal_470,0,21,0.0008312509,0,0,0,4,0.09769055247306824,5,11
normal_486,0,0,0.0077741556,0,0,0,4,0.09769055247306824,5,11
normal_486,0,7,0.035868477,0,0,0,4,0.09769055247306824,5,11
normal_486,0,14,0.00673959,0,0,0,4,0.09769055247306824,5,11
normal_486,0,21,0.0099533675,0,0,0,4,0.09769055247306824,5,11
normal_486,0,28,0.011468737,0,0,0,4,0.09769055247306824,5,11
normal_487,0,0,0.011587063,0,0,0,4,0.09769055247306824,5,11
normal_487,0,7,0.008803466,0,0,0,4,0.09769055247306824,5,11
normal_487,0,14,0.04294271,0,0,0,4,0.09769055247306824,5,11
normal_487,0,21,0.006789778,0,0,0,4,0.09769055247306824,5,11
normal_487,0,28,0.017531596,0,0,0,4,0.09769055247306824,5,11
normal_498,0,0,0.0064136134,0,0,0,4,0.09769055247306824,5,11
normal_498,0,7,0.0054886495,0,0,0,4,0.09769055247306824,5,11
normal_498,0,14,0.015747476,0,0,0,4,0.09769055247306824,5,11
normal_498,0,21,0.0060447226,0,0,0,4,0.09769055247306824,5,11
normal_498,0,28,0.025719902,0,0,0,4,0.09769055247306824,5,11
normal_498,0,35,0.0052242973,0,0,0,4,0.09769055247306824,5,11
normal_500,0,0,0.02121222,0,0,0,4,0.09769055247306824,5,11
normal_500,0,7,0.00584843,0,0,0,4,0.09769055247306824,5,11
normal_500,0,14,0.008209092,0,0,0,4,0.09769055247306824,5,11
normal_500,0,21,0.019681387,0,0,0,4,0.09769055247306824,5,11
normal_500,0,28,0.0072680744,0,0,0,4,0.09769055247306824,5,11
normal_500,0,35,0.036480922,0,0,0,4,0.09769055247306824,5,11
normal_502,0,0,0.007368825,0,0,0,4,0.09769055247306824,5,11
normal_502,0,7,0.0217498,0,0,0,4,0.09769055247306824,5,11
normal_505,0,0,0.006159101,0,0,0,4,0.09769055247306824,5,11
normal_505,0,7,0.0070772828,0,0,0,4,0.09769055247306824,5,11
normal_505,0,14,0.01565943,0,0,0,4,0.09769055247306824,5,11
normal_505,0,21,0.0049213525,0,0,0,4,0.09769055247306824,5,11
normal_505,0,28,0.02518013,0,0,0,4,0.09769055247306824,5,11
normal_505,0,35,0.007674669,0,0,0,4,0.09769055247306824,5,11
normal_506,0,0,0.00560101,0,0,0,4,0.09769055247306824,5,11
normal_506,0,7,0.01961404,0,0,0,4,0.09769055247306824,5,11
normal_506,0,14,0.005644432,0,0,0,4,0.09769055247306824,5,11
normal_506,0,21,0.006749697,0,0,0,4,0.09769055247306824,5,11
normal_506,0,28,0.01557618,0,0,0,4,0.09769055247306824,5,11
normal_506,0,35,0.0061024423,0,0,0,4,0.09769055247306824,5,11
normal_513,0,0,0.0052606747,0,0,0,4,0.09769055247306824,5,11
normal_513,0,7,0.018166944,0,0,0,4,0.09769055247306824,5,11
normal_525,0,0,0.04663508,0,0,0,4,0.09769055247306824,5,11
normal_525,0,7,0.00884843,0,0,0,4,0.09769055247306824,5,11
normal_525,0,14,0.015077294,0,0,0,4,0.09769055247306824,5,11
normal_525,0,21,0.008875063,0,0,0,4,0.09769055247306824,5,11
normal_525,0,28,0.0055364063,0,0,0,4,0.09769055247306824,5,11
normal_525,0,35,0.028029779,0,0,0,4,0.09769055247306824,5,11
normal_527,0,0,0.024063181,0,0,0,4,0.09769055247306824,5,11
normal_527,0,7,0.00609428,0,0,0,4,0.09769055247306824,5,11
normal_527,0,14,0.006477956,0,0,0,4,0.09769055247306824,5,11
normal_527,0,21,0.017998679,0,0,0,4,0.09769055247306824,5,11
normal_527,0,28,0.0061172354,0,0,0,4,0.09769055247306824,5,11
normal_532,0,0,0.031186694,0,0,0,4,0.09769055247306824,5,11
normal_532,0,7,0.0068796095,0,0,0,4,0.09769055247306824,5,11
normal_532,0,14,0.015206376,0,0,0,4,0.09769055247306824,5,11
normal_532,0,21,0.009189568,0,0,0,4,0.09769055247306824,5,11
normal_532,0,28,0.00559866,0,0,0,4,0.09769055247306824,5,11
normal_532,0,35,0.025309728,0,0,0,4,0.09769055247306824,5,11
normal_535,0,0,0.006208299,0,0,0,4,0.09769055247306824,5,11
normal_535,0,7,0.0072633694,0,0,0,4,0.09769055247306824,5,11
normal_537,0,0,0.0056723147,0,0,0,4,0.09769055247306824,5,11
normal_537,0,7,0.022039117,0,0,0,4,0.09769055247306824,5,11
normal_537,0,14,0.005723217,0,0,0,4,0.09769055247306824,5,11
normal_537,0,21,0.007400499,0,0,0,4,0.09769055247306824,5,11
normal_537,0,28,0.016718416,0,0,0,4,0.09769055247306824,5,11
normal_537,0,35,0.0067474563,0,0,0,4,0.09769055247306824,5,11
normal_543,0,0,0.025703179,0,0,0,4,0.09769055247306824,5,11
normal_543,0,7,0.0058236634,0,0,0,4,0.09769055247306824,5,11
normal_543,0,14,0.016016457,0,0,0,4,0.09769055247306824,5,11
normal_543,0,21,0.0139373485,0,0,0,4,0.09769055247306824,5,11
normal_543,0,28,0.0053103985,0,0,0,4,0.09769055247306824,5,11
normal_543,0,35,0.022573926,0,0,0,4,0.09769055247306824,5,11
normal_544,0,0,0.013522961,0,0,0,4,0.09769055247306824,5,11
normal_544,0,7,0.015889682,0,0,0,4,0.09769055247306824,5,11
normal_544,0,14,0.005859352,0,0,0,4,0.09769055247306824,5,11
normal_544,0,21,0.028693706,0,0,0,4,0.09769055247306824,5,11
normal_544,0,28,0.007380043,0,0,0,4,0.09769055247306824,5,11
normal_544,0,35,0.02181173,0,0,0,4,0.09769055247306824,5,11
normal_558,0,0,0.02808758,0,0,0,4,0.09769055247306824,5,11
normal_558,0,7,0.006436407,0,0,0,4,0.09769055247306824,5,11
normal_558,0,14,0.025474852,0,0,0,4,0.09769055247306824,5,11
normal_558,0,21,0.006966137,0,0,0,4,0.09769055247306824,5,11
normal_558,0,28,0.007880128,0,0,0,4,0.09769055247306824,5,11
normal_563,0,0,0.0075945077,0,0,0,4,0.09769055247306824,5,11
normal_563,0,7,0.047319654,0,0,0,4,0.09769055247306824,5,11
normal_563,0,14,0.010135874,0,0,0,4,0.09769055247306824,5,11
normal_563,0,21,0.040103655,0,0,0,4,0.09769055247306824,5,11
normal_563,0,28,0.010461343,0,0,0,4,0.09769055247306824,5,11
normal_563,0,35,0.016329799,0,0,0,4,0.09769055247306824,5,11
normal_570,0,0,0.20773688,1,1,0,4,0.09769055247306824,5,11
normal_570,0,7,0.73694295,1,2,0,4,0.09769055247306824,5,11
normal_570,0,14,0.055033654,0,0,0,4,0.09769055247306824,5,11
normal_570,0,21,0.07220277,0,0,0,4,0.09769055247306824,5,11
normal_570,0,28,0.0054233926,0,0,0,4,0.09769055247306824,5,11
normal_572,0,0,0.006981472,0,0,0,4,0.09769055247306824,5,11
normal_572,0,7,0.00038865773,0,0,0,4,0.09769055247306824,5,11
normal_572,0,14,0.011893467,0,0,0,4,0.09769055247306824,5,11
normal_585,0,0,0.0060157445,0,0,0,4,0.09769055247306824,5,11
normal_585,0,7,0.0064537195,0,0,0,4,0.09769055247306824,5,11
normal_587,0,0,0.015810234,0,0,0,4,0.09769055247306824,5,11
normal_587,0,7,0.00034841054,0,0,0,4,0.09769055247306824,5,11
normal_587,0,14,0.006572364,0,0,0,4,0.09769055247306824,5,11
normal_587,0,21,0.00023028924,0,0,0,4,0.09769055247306824,5,11
normal_587,0,28,0.0005479742,0,0,0,4,0.09769055247306824,5,11
normal_587,0,35,0.00074133667,0,0,0,4,0.09769055247306824,5,11
normal_599,0,0,0.056412317,0,0,0,4,0.09769055247306824,5,11
normal_599,0,7,0.0146821365,0,0,0,4,0.09769055247306824,5,11
normal_599,0,14,0.014109726,0,0,0,4,0.09769055247306824,5,11
normal_599,0,21,0.02880036,0,0,0,4,0.09769055247306824,5,11
normal_599,0,28,0.0153741455,0,0,0,4,0.09769055247306824,5,11
anomaly_8,1,0,0.9999896,1,1,0,4,0.09769055247306824,5,11
anomaly_8,1,7,1.0,1,2,0,4,0.09769055247306824,5,11
anomaly_8,1,14,0.99999607,1,3,0,4,0.09769055247306824,5,11
anomaly_8,1,21,0.9924517,1,4,0,4,0.09769055247306824,5,11
anomaly_17,1,0,0.9994784,1,1,0,4,0.09769055247306824,5,11
anomaly_17,1,7,0.87945193,1,2,0,4,0.09769055247306824,5,11
anomaly_17,1,14,0.5565343,1,3,0,4,0.09769055247306824,5,11
anomaly_17,1,21,0.34972703,1,4,0,4,0.09769055247306824,5,11
anomaly_17,1,28,0.4828524,1,5,1,4,0.09769055247306824,5,11
anomaly_17,1,35,0.99999034,1,6,1,4,0.09769055247306824,5,11
anomaly_18,1,0,1.0,1,1,0,4,0.09769055247306824,5,11
anomaly_18,1,7,0.99999964,1,2,0,4,0.09769055247306824,5,11
anomaly_18,1,14,0.9836066,1,3,0,4,0.09769055247306824,5,11
anomaly_18,1,21,0.99708,1,4,0,4,0.09769055247306824,5,11
normal_2,0,0,0.000793728,0,0,0,5,0.2004738301038742,5,9
normal_2,0,7,0.022433806,0,0,0,5,0.2004738301038742,5,9
normal_2,0,14,0.00043985003,0,0,0,5,0.2004738301038742,5,9
normal_2,0,21,0.025382498,0,0,0,5,0.2004738301038742,5,9
normal_12,0,0,0.05069988,0,0,0,5,0.2004738301038742,5,9
normal_12,0,7,0.0067199552,0,0,0,5,0.2004738301038742,5,9
normal_12,0,14,0.034749046,0,0,0,5,0.2004738301038742,5,9
normal_12,0,21,0.015147137,0,0,0,5,0.2004738301038742,5,9
normal_12,0,28,0.00845251,0,0,0,5,0.2004738301038742,5,9
normal_12,0,35,0.047717385,0,0,0,5,0.2004738301038742,5,9
normal_14,0,0,0.0009461012,0,0,0,5,0.2004738301038742,5,9
normal_14,0,7,0.013492264,0,0,0,5,0.2004738301038742,5,9
normal_16,0,0,0.00033015021,0,0,0,5,0.2004738301038742,5,9
normal_16,0,7,0.0011477191,0,0,0,5,0.2004738301038742,5,9
normal_16,0,14,0.0023600806,0,0,0,5,0.2004738301038742,5,9
normal_16,0,21,0.00010742257,0,0,0,5,0.2004738301038742,5,9
normal_16,0,28,0.02113147,0,0,0,5,0.2004738301038742,5,9
normal_16,0,35,0.0001709885,0,0,0,5,0.2004738301038742,5,9
normal_23,0,0,0.0023393834,0,0,0,5,0.2004738301038742,5,9
normal_23,0,7,0.035983577,0,0,0,5,0.2004738301038742,5,9
normal_23,0,14,0.0025213498,0,0,0,5,0.2004738301038742,5,9
normal_23,0,21,0.010584821,0,0,0,5,0.2004738301038742,5,9
normal_23,0,28,0.014737233,0,0,0,5,0.2004738301038742,5,9
normal_23,0,35,0.00233754,0,0,0,5,0.2004738301038742,5,9
normal_35,0,0,0.00062812876,0,0,0,5,0.2004738301038742,5,9
normal_35,0,7,0.025474623,0,0,0,5,0.2004738301038742,5,9
normal_35,0,14,0.000703395,0,0,0,5,0.2004738301038742,5,9
normal_35,0,21,0.0033321704,0,0,0,5,0.2004738301038742,5,9
normal_35,0,28,0.019493343,0,0,0,5,0.2004738301038742,5,9
normal_35,0,35,0.0005956875,0,0,0,5,0.2004738301038742,5,9
normal_37,0,0,0.00065887923,0,0,0,5,0.2004738301038742,5,9
normal_37,0,7,0.016334703,0,0,0,5,0.2004738301038742,5,9
normal_37,0,14,0.0006188328,0,0,0,5,0.2004738301038742,5,9
normal_37,0,21,0.018018255,0,0,0,5,0.2004738301038742,5,9
normal_38,0,0,0.12062804,0,0,0,5,0.2004738301038742,5,9
normal_38,0,7,0.01794356,0,0,0,5,0.2004738301038742,5,9
normal_49,0,0,0.009743905,0,0,0,5,0.2004738301038742,5,9
normal_49,0,7,0.032676533,0,0,0,5,0.2004738301038742,5,9
normal_49,0,14,0.007859859,0,0,0,5,0.2004738301038742,5,9
normal_49,0,21,0.046032455,0,0,0,5,0.2004738301038742,5,9
normal_49,0,28,0.005056272,0,0,0,5,0.2004738301038742,5,9
normal_49,0,35,0.02982706,0,0,0,5,0.2004738301038742,5,9
normal_50,0,0,0.076891966,0,0,0,5,0.2004738301038742,5,9
normal_50,0,7,0.03360302,0,0,0,5,0.2004738301038742,5,9
normal_50,0,14,0.0034773133,0,0,0,5,0.2004738301038742,5,9
normal_50,0,21,0.0661081,0,0,0,5,0.2004738301038742,5,9
normal_60,0,0,0.00944321,0,0,0,5,0.2004738301038742,5,9
normal_60,0,7,0.00012473552,0,0,0,5,0.2004738301038742,5,9
normal_60,0,14,0.00682743,0,0,0,5,0.2004738301038742,5,9
normal_60,0,21,0.00041074402,0,0,0,5,0.2004738301038742,5,9
normal_60,0,28,0.000996265,0,0,0,5,0.2004738301038742,5,9
normal_60,0,35,0.0011458413,0,0,0,5,0.2004738301038742,5,9
normal_64,0,0,0.0009749649,0,0,0,5,0.2004738301038742,5,9
normal_64,0,7,0.012377902,0,0,0,5,0.2004738301038742,5,9
normal_64,0,14,0.0004476078,0,0,0,5,0.2004738301038742,5,9
normal_64,0,21,0.022538796,0,0,0,5,0.2004738301038742,5,9
normal_64,0,28,0.003942979,0,0,0,5,0.2004738301038742,5,9
normal_64,0,35,0.0007258474,0,0,0,5,0.2004738301038742,5,9
normal_65,0,0,0.04090156,0,0,0,5,0.2004738301038742,5,9
normal_65,0,7,0.16848332,0,0,0,5,0.2004738301038742,5,9
normal_65,0,14,0.010147353,0,0,0,5,0.2004738301038742,5,9
normal_65,0,21,0.028073851,0,0,0,5,0.2004738301038742,5,9
normal_65,0,28,0.012092374,0,0,0,5,0.2004738301038742,5,9
normal_65,0,35,0.027314674,0,0,0,5,0.2004738301038742,5,9
normal_67,0,0,0.009747494,0,0,0,5,0.2004738301038742,5,9
normal_67,0,7,0.00039965558,0,0,0,5,0.2004738301038742,5,9
normal_67,0,14,0.015608897,0,0,0,5,0.2004738301038742,5,9
normal_67,0,21,0.00055357214,0,0,0,5,0.2004738301038742,5,9
normal_67,0,28,0.022564905,0,0,0,5,0.2004738301038742,5,9
normal_67,0,35,0.0019069967,0,0,0,5,0.2004738301038742,5,9
normal_74,0,0,0.15907542,0,0,0,5,0.2004738301038742,5,9
normal_74,0,7,0.00400617,0,0,0,5,0.2004738301038742,5,9
normal_74,0,14,0.07454938,0,0,0,5,0.2004738301038742,5,9
normal_74,0,21,0.0039033454,0,0,0,5,0.2004738301038742,5,9
normal_74,0,28,0.010135061,0,0,0,5,0.2004738301038742,5,9
normal_74,0,35,0.023128437,0,0,0,5,0.2004738301038742,5,9
normal_91,0,0,0.00073947606,0,0,0,5,0.2004738301038742,5,9
normal_91,0,7,0.0117855705,0,0,0,5,0.2004738301038742,5,9
normal_91,0,14,0.0012373173,0,0,0,5,0.2004738301038742,5,9
normal_91,0,21,0.0029143083,0,0,0,5,0.2004738301038742,5,9
normal_91,0,28,0.004842688,0,0,0,5,0.2004738301038742,5,9
normal_105,0,0,0.045967,0,0,0,5,0.2004738301038742,5,9
normal_105,0,7,0.0068566855,0,0,0,5,0.2004738301038742,5,9
normal_105,0,14,0.02115272,0,0,0,5,0.2004738301038742,5,9
normal_113,0,0,0.006807799,0,0,0,5,0.2004738301038742,5,9
normal_113,0,7,0.052415848,0,0,0,5,0.2004738301038742,5,9
normal_113,0,14,0.006873204,0,0,0,5,0.2004738301038742,5,9
normal_113,0,21,0.012176283,0,0,0,5,0.2004738301038742,5,9
normal_113,0,28,0.030296404,0,0,0,5,0.2004738301038742,5,9
normal_113,0,35,0.012313155,0,0,0,5,0.2004738301038742,5,9
normal_116,0,0,0.05864698,0,0,0,5,0.2004738301038742,5,9
normal_116,0,7,0.005319671,0,0,0,5,0.2004738301038742,5,9
normal_135,0,0,0.0142192105,0,0,0,5,0.2004738301038742,5,9
normal_135,0,7,0.003808215,0,0,0,5,0.2004738301038742,5,9
normal_138,0,0,0.029478766,0,0,0,5,0.2004738301038742,5,9
normal_138,0,7,0.08182917,0,0,0,5,0.2004738301038742,5,9
normal_138,0,14,0.008955107,0,0,0,5,0.2004738301038742,5,9
normal_138,0,21,0.047657143,0,0,0,5,0.2004738301038742,5,9
normal_138,0,28,0.00454271,0,0,0,5,0.2004738301038742,5,9
normal_139,0,0,0.038585268,0,0,0,5,0.2004738301038742,5,9
normal_139,0,7,0.0033488984,0,0,0,5,0.2004738301038742,5,9
normal_139,0,14,0.031392433,0,0,0,5,0.2004738301038742,5,9
normal_139,0,21,0.02046389,0,0,0,5,0.2004738301038742,5,9
normal_139,0,28,0.0030505788,0,0,0,5,0.2004738301038742,5,9
normal_141,0,0,0.00073011743,0,0,0,5,0.2004738301038742,5,9
normal_141,0,7,0.004717234,0,0,0,5,0.2004738301038742,5,9
normal_145,0,0,0.013079707,0,0,0,5,0.2004738301038742,5,9
normal_145,0,7,0.0023629093,0,0,0,5,0.2004738301038742,5,9
normal_145,0,14,0.03344771,0,0,0,5,0.2004738301038742,5,9
normal_145,0,21,0.0012856335,0,0,0,5,0.2004738301038742,5,9
normal_145,0,28,0.03225766,0,0,0,5,0.2004738301038742,5,9
normal_145,0,35,0.0033214947,0,0,0,5,0.2004738301038742,5,9
normal_162,0,0,0.0014907994,0,0,0,5,0.2004738301038742,5,9
normal_162,0,7,0.0119504975,0,0,0,5,0.2004738301038742,5,9
normal_171,0,0,0.0018921692,0,0,0,5,0.2004738301038742,5,9
normal_171,0,7,0.00030937514,0,0,0,5,0.2004738301038742,5,9
normal_171,0,14,0.0022912312,0,0,0,5,0.2004738301038742,5,9
normal_171,0,21,0.00020911064,0,0,0,5,0.2004738301038742,5,9
normal_176,0,0,0.0036400743,0,0,0,5,0.2004738301038742,5,9
normal_176,0,7,0.0058407914,0,0,0,5,0.2004738301038742,5,9
normal_176,0,14,0.00068841944,0,0,0,5,0.2004738301038742,5,9
normal_176,0,21,0.014115438,0,0,0,5,0.2004738301038742,5,9
normal_176,0,28,0.0006935354,0,0,0,5,0.2004738301038742,5,9
normal_176,0,35,0.013460967,0,0,0,5,0.2004738301038742,5,9
normal_193,0,0,0.019849379,0,0,0,5,0.2004738301038742,5,9
normal_193,0,7,0.1653145,0,0,0,5,0.2004738301038742,5,9
normal_193,0,14,0.0129473,0,0,0,5,0.2004738301038742,5,9
normal_193,0,21,0.0724385,0,0,0,5,0.2004738301038742,5,9
normal_193,0,28,0.02527635,0,0,0,5,0.2004738301038742,5,9
normal_193,0,35,0.031436596,0,0,0,5,0.2004738301038742,5,9
normal_196,0,0,0.017230863,0,0,0,5,0.2004738301038742,5,9
normal_196,0,7,0.11365731,0,0,0,5,0.2004738301038742,5,9
normal_196,0,14,0.009255574,0,0,0,5,0.2004738301038742,5,9
normal_199,0,0,8.438099e-05,0,0,0,5,0.2004738301038742,5,9
normal_199,0,7,0.006893972,0,0,0,5,0.2004738301038742,5,9
normal_199,0,14,0.00038433992,0,0,0,5,0.2004738301038742,5,9
normal_199,0,21,0.004403327,0,0,0,5,0.2004738301038742,5,9
normal_199,0,28,0.00020453674,0,0,0,5,0.2004738301038742,5,9
normal_199,0,35,0.00040353523,0,0,0,5,0.2004738301038742,5,9
normal_202,0,0,0.00071106496,0,0,0,5,0.2004738301038742,5,9
normal_202,0,7,0.0007415183,0,0,0,5,0.2004738301038742,5,9
normal_213,0,0,0.0008653079,0,0,0,5,0.2004738301038742,5,9
normal_213,0,7,0.009075748,0,0,0,5,0.2004738301038742,5,9
normal_213,0,14,0.00014014871,0,0,0,5,0.2004738301038742,5,9
normal_213,0,21,0.024336858,0,0,0,5,0.2004738301038742,5,9
normal_218,0,0,0.001818356,0,0,0,5,0.2004738301038742,5,9
normal_218,0,7,0.014477629,0,0,0,5,0.2004738301038742,5,9
normal_218,0,14,0.001463857,0,0,0,5,0.2004738301038742,5,9
normal_218,0,21,0.018627021,0,0,0,5,0.2004738301038742,5,9
normal_218,0,28,0.0037751282,0,0,0,5,0.2004738301038742,5,9
normal_218,0,35,0.0034715298,0,0,0,5,0.2004738301038742,5,9
normal_220,0,0,0.00020977326,0,0,0,5,0.2004738301038742,5,9
normal_220,0,7,0.005530471,0,0,0,5,0.2004738301038742,5,9
normal_241,0,0,0.003440519,0,0,0,5,0.2004738301038742,5,9
normal_241,0,7,0.024771838,0,0,0,5,0.2004738301038742,5,9
normal_241,0,14,0.004123908,0,0,0,5,0.2004738301038742,5,9
normal_241,0,21,0.010904874,0,0,0,5,0.2004738301038742,5,9
normal_241,0,28,0.03143055,0,0,0,5,0.2004738301038742,5,9
normal_241,0,35,0.0053633186,0,0,0,5,0.2004738301038742,5,9
normal_259,0,0,0.0016139277,0,0,0,5,0.2004738301038742,5,9
normal_259,0,7,0.0535852,0,0,0,5,0.2004738301038742,5,9
normal_259,0,14,0.0007100242,0,0,0,5,0.2004738301038742,5,9
normal_259,0,21,0.025992827,0,0,0,5,0.2004738301038742,5,9
normal_259,0,28,0.0041457023,0,0,0,5,0.2004738301038742,5,9
normal_262,0,0,0.03685771,0,0,0,5,0.2004738301038742,5,9
normal_273,0,0,0.02897653,0,0,0,5,0.2004738301038742,5,9
normal_273,0,7,0.004204685,0,0,0,5,0.2004738301038742,5,9
normal_273,0,14,0.02553608,0,0,0,5,0.2004738301038742,5,9
normal_273,0,21,0.024112951,0,0,0,5,0.2004738301038742,5,9
normal_273,0,28,0.004145897,0,0,0,5,0.2004738301038742,5,9
normal_286,0,0,0.051919352,0,0,0,5,0.2004738301038742,5,9
normal_286,0,7,0.005953563,0,0,0,5,0.2004738301038742,5,9
normal_286,0,14,0.07396102,0,0,0,5,0.2004738301038742,5,9
normal_286,0,21,0.015358987,0,0,0,5,0.2004738301038742,5,9
normal_286,0,28,0.010329854,0,0,0,5,0.2004738301038742,5,9
normal_286,0,35,0.023360288,0,0,0,5,0.2004738301038742,5,9
normal_300,0,0,0.059833467,0,0,0,5,0.2004738301038742,5,9
normal_300,0,7,0.0075615128,0,0,0,5,0.2004738301038742,5,9
normal_300,0,14,0.021624582,0,0,0,5,0.2004738301038742,5,9
normal_300,0,21,0.009674565,0,0,0,5,0.2004738301038742,5,9
normal_300,0,28,0.007407473,0,0,0,5,0.2004738301038742,5,9
normal_302,0,0,0.007870769,0,0,0,5,0.2004738301038742,5,9
normal_313,0,0,0.005446053,0,0,0,5,0.2004738301038742,5,9
normal_313,0,7,0.02319699,0,0,0,5,0.2004738301038742,5,9
normal_318,0,0,0.014084185,0,0,0,5,0.2004738301038742,5,9
normal_318,0,7,0.00038752487,0,0,0,5,0.2004738301038742,5,9
normal_318,0,14,0.01282655,0,0,0,5,0.2004738301038742,5,9
normal_318,0,21,0.00042514797,0,0,0,5,0.2004738301038742,5,9
normal_324,0,0,0.021822536,0,0,0,5,0.2004738301038742,5,9
normal_324,0,7,0.0035780289,0,0,0,5,0.2004738301038742,5,9
normal_324,0,14,0.059883576,0,0,0,5,0.2004738301038742,5,9
normal_324,0,21,0.005756239,0,0,0,5,0.2004738301038742,5,9
normal_324,0,28,0.015019876,0,0,0,5,0.2004738301038742,5,9
normal_324,0,35,0.03142624,0,0,0,5,0.2004738301038742,5,9
normal_331,0,0,0.022544565,0,0,0,5,0.2004738301038742,5,9
normal_331,0,7,0.0031433722,0,0,0,5,0.2004738301038742,5,9
normal_331,0,14,0.020905472,0,0,0,5,0.2004738301038742,5,9
normal_331,0,21,0.0045199576,0,0,0,5,0.2004738301038742,5,9
normal_337,0,0,0.016005617,0,0,0,5,0.2004738301038742,5,9
normal_337,0,7,0.0017436483,0,0,0,5,0.2004738301038742,5,9
normal_337,0,14,0.018907925,0,0,0,5,0.2004738301038742,5,9
normal_338,0,0,0.0033198535,0,0,0,5,0.2004738301038742,5,9
normal_338,0,7,0.04550767,0,0,0,5,0.2004738301038742,5,9
normal_338,0,14,0.031920657,0,0,0,5,0.2004738301038742,5,9
normal_351,0,0,0.043917187,0,0,0,5,0.2004738301038742,5,9
normal_351,0,7,0.010036911,0,0,0,5,0.2004738301038742,5,9
normal_354,0,0,0.010213035,0,0,0,5,0.2004738301038742,5,9
normal_354,0,7,0.009927716,0,0,0,5,0.2004738301038742,5,9
normal_354,0,14,0.0076072235,0,0,0,5,0.2004738301038742,5,9
normal_354,0,21,0.047375157,0,0,0,5,0.2004738301038742,5,9
normal_354,0,28,0.0027783606,0,0,0,5,0.2004738301038742,5,9
normal_354,0,35,0.05113597,0,0,0,5,0.2004738301038742,5,9
normal_360,0,0,0.0006222522,0,0,0,5,0.2004738301038742,5,9
normal_360,0,7,0.003028146,0,0,0,5,0.2004738301038742,5,9
normal_360,0,14,0.0028222264,0,0,0,5,0.2004738301038742,5,9
normal_360,0,21,0.0020042106,0,0,0,5,0.2004738301038742,5,9
normal_360,0,28,0.01846147,0,0,0,5,0.2004738301038742,5,9
normal_360,0,35,0.0007331189,0,0,0,5,0.2004738301038742,5,9
normal_361,0,0,0.005754067,0,0,0,5,0.2004738301038742,5,9
normal_361,0,7,0.021294348,0,0,0,5,0.2004738301038742,5,9
normal_361,0,14,0.012544578,0,0,0,5,0.2004738301038742,5,9
normal_361,0,21,0.0058434,0,0,0,5,0.2004738301038742,5,9
normal_361,0,28,0.03361098,0,0,0,5,0.2004738301038742,5,9
normal_361,0,35,0.0043903682,0,0,0,5,0.2004738301038742,5,9
normal_364,0,0,0.006228189,0,0,0,5,0.2004738301038742,5,9
normal_372,0,0,0.022812434,0,0,0,5,0.2004738301038742,5,9
normal_372,0,7,0.0048553664,0,0,0,5,0.2004738301038742,5,9
normal_372,0,14,0.04408691,0,0,0,5,0.2004738301038742,5,9
normal_372,0,21,0.0062084724,0,0,0,5,0.2004738301038742,5,9
normal_372,0,28,0.043850616,0,0,0,5,0.2004738301038742,5,9
normal_372,0,35,0.0088952305,0,0,0,5,0.2004738301038742,5,9
normal_374,0,0,0.00068562693,0,0,0,5,0.2004738301038742,5,9
normal_374,0,7,0.005928843,0,0,0,5,0.2004738301038742,5,9
normal_374,0,14,0.0009850806,0,0,0,5,0.2004738301038742,5,9
normal_374,0,21,0.00052843255,0,0,0,5,0.2004738301038742,5,9
normal_374,0,28,0.023602838,0,0,0,5,0.2004738301038742,5,9
normal_379,0,0,0.007991513,0,0,0,5,0.2004738301038742,5,9
normal_379,0,7,0.030007312,0,0,0,5,0.2004738301038742,5,9
normal_379,0,14,0.0017721537,0,0,0,5,0.2004738301038742,5,9
normal_379,0,21,0.04188025,0,0,0,5,0.2004738301038742,5,9
normal_379,0,28,0.002515289,0,0,0,5,0.2004738301038742,5,9
normal_379,0,35,0.022650275,0,0,0,5,0.2004738301038742,5,9
normal_380,0,0,0.0079666665,0,0,0,5,0.2004738301038742,5,9
normal_380,0,7,0.00051724876,0,0,0,5,0.2004738301038742,5,9
normal_380,0,14,0.0036773593,0,0,0,5,0.2004738301038742,5,9
normal_380,0,21,0.00029625607,0,0,0,5,0.2004738301038742,5,9
normal_380,0,28,6.271032e-05,0,0,0,5,0.2004738301038742,5,9
normal_384,0,0,0.005064196,0,0,0,5,0.2004738301038742,5,9
normal_384,0,7,0.00022265695,0,0,0,5,0.2004738301038742,5,9
normal_384,0,14,0.0040468243,0,0,0,5,0.2004738301038742,5,9
normal_384,0,21,0.00014322586,0,0,0,5,0.2004738301038742,5,9
normal_384,0,28,0.0059505166,0,0,0,5,0.2004738301038742,5,9
normal_384,0,35,0.0013665896,0,0,0,5,0.2004738301038742,5,9
normal_402,0,0,0.0021016342,0,0,0,5,0.2004738301038742,5,9
normal_402,0,7,0.0047014235,0,0,0,5,0.2004738301038742,5,9
normal_402,0,14,0.0015488422,0,0,0,5,0.2004738301038742,5,9
normal_402,0,21,0.03538412,0,0,0,5,0.2004738301038742,5,9
normal_402,0,28,0.0005881248,0,0,0,5,0.2004738301038742,5,9
normal_407,0,0,0.0017414313,0,0,0,5,0.2004738301038742,5,9
normal_407,0,7,0.00088328775,0,0,0,5,0.2004738301038742,5,9
normal_407,0,14,0.0046255495,0,0,0,5,0.2004738301038742,5,9
normal_407,0,21,0.0016440471,0,0,0,5,0.2004738301038742,5,9
normal_407,0,28,0.026412701,0,0,0,5,0.2004738301038742,5,9
normal_407,0,35,0.00055772375,0,0,0,5,0.2004738301038742,5,9
normal_413,0,0,0.0070299827,0,0,0,5,0.2004738301038742,5,9
normal_413,0,7,0.051383495,0,0,0,5,0.2004738301038742,5,9
normal_413,0,14,0.010614606,0,0,0,5,0.2004738301038742,5,9
normal_413,0,21,0.020983184,0,0,0,5,0.2004738301038742,5,9
normal_423,0,0,0.0033255715,0,0,0,5,0.2004738301038742,5,9
normal_423,0,7,0.0008281663,0,0,0,5,0.2004738301038742,5,9
normal_423,0,14,0.00090895855,0,0,0,5,0.2004738301038742,5,9
normal_423,0,21,0.039515093,0,0,0,5,0.2004738301038742,5,9
normal_423,0,28,0.00010759747,0,0,0,5,0.2004738301038742,5,9
normal_423,0,35,0.013500148,0,0,0,5,0.2004738301038742,5,9
normal_425,0,0,0.025573507,0,0,0,5,0.2004738301038742,5,9
normal_425,0,7,0.0026512886,0,0,0,5,0.2004738301038742,5,9
normal_425,0,14,0.04091693,0,0,0,5,0.2004738301038742,5,9
normal_425,0,21,0.01531967,0,0,0,5,0.2004738301038742,5,9
normal_432,0,0,0.003203502,0,0,0,5,0.2004738301038742,5,9
normal_432,0,7,0.036004286,0,0,0,5,0.2004738301038742,5,9
normal_441,0,0,0.001036654,0,0,0,5,0.2004738301038742,5,9
normal_441,0,7,0.00039036025,0,0,0,5,0.2004738301038742,5,9
normal_441,0,14,0.0052539147,0,0,0,5,0.2004738301038742,5,9
normal_446,0,0,0.00044659432,0,0,0,5,0.2004738301038742,5,9
normal_446,0,7,0.008435076,0,0,0,5,0.2004738301038742,5,9
normal_446,0,14,0.0028382486,0,0,0,5,0.2004738301038742,5,9
normal_446,0,21,0.00054325425,0,0,0,5,0.2004738301038742,5,9
normal_446,0,28,0.007081781,0,0,0,5,0.2004738301038742,5,9
normal_447,0,0,0.027883248,0,0,0,5,0.2004738301038742,5,9
normal_447,0,7,0.004125598,0,0,0,5,0.2004738301038742,5,9
normal_447,0,14,0.04743461,0,0,0,5,0.2004738301038742,5,9
normal_461,0,0,0.00020031387,0,0,0,5,0.2004738301038742,5,9
normal_461,0,7,0.011974591,0,0,0,5,0.2004738301038742,5,9
normal_461,0,14,0.0008638407,0,0,0,5,0.2004738301038742,5,9
normal_461,0,21,0.000938631,0,0,0,5,0.2004738301038742,5,9
normal_461,0,28,0.006007171,0,0,0,5,0.2004738301038742,5,9
normal_461,0,35,0.00043395776,0,0,0,5,0.2004738301038742,5,9
normal_464,0,0,0.002731959,0,0,0,5,0.2004738301038742,5,9
normal_464,0,7,0.03396754,0,0,0,5,0.2004738301038742,5,9
normal_464,0,14,0.028874243,0,0,0,5,0.2004738301038742,5,9
normal_467,0,0,0.005262262,0,0,0,5,0.2004738301038742,5,9
normal_467,0,7,0.023293378,0,0,0,5,0.2004738301038742,5,9
normal_467,0,14,0.0054583405,0,0,0,5,0.2004738301038742,5,9
normal_467,0,21,0.046134707,0,0,0,5,0.2004738301038742,5,9
normal_467,0,28,0.0037870833,0,0,0,5,0.2004738301038742,5,9
normal_467,0,35,0.018224768,0,0,0,5,0.2004738301038742,5,9
normal_479,0,0,0.023961242,0,0,0,5,0.2004738301038742,5,9
normal_479,0,7,0.002867112,0,0,0,5,0.2004738301038742,5,9
normal_479,0,14,0.023122134,0,0,0,5,0.2004738301038742,5,9
normal_479,0,21,0.0033466886,0,0,0,5,0.2004738301038742,5,9
normal_479,0,28,0.016999949,0,0,0,5,0.2004738301038742,5,9
normal_479,0,35,0.010636813,0,0,0,5,0.2004738301038742,5,9
normal_480,0,0,0.008693006,0,0,0,5,0.2004738301038742,5,9
normal_480,0,7,0.006638175,0,0,0,5,0.2004738301038742,5,9
normal_480,0,14,0.016502254,0,0,0,5,0.2004738301038742,5,9
normal_480,0,21,0.0031243407,0,0,0,5,0.2004738301038742,5,9
normal_480,0,28,0.031332325,0,0,0,5,0.2004738301038742,5,9
normal_480,0,35,0.0038920823,0,0,0,5,0.2004738301038742,5,9
normal_481,0,0,0.025850844,0,0,0,5,0.2004738301038742,5,9
normal_481,0,7,0.005641689,0,0,0,5,0.2004738301038742,5,9
normal_481,0,14,0.005524466,0,0,0,5,0.2004738301038742,5,9
normal_481,0,21,0.0149909025,0,0,0,5,0.2004738301038742,5,9
normal_481,0,28,0.0036626589,0,0,0,5,0.2004738301038742,5,9
normal_481,0,35,0.031179735,0,0,0,5,0.2004738301038742,5,9
normal_482,0,0,0.02347762,0,0,0,5,0.2004738301038742,5,9
normal_482,0,7,0.0047362903,0,0,0,5,0.2004738301038742,5,9
normal_482,0,14,0.057106588,0,0,0,5,0.2004738301038742,5,9
normal_482,0,21,0.0063576004,0,0,0,5,0.2004738301038742,5,9
normal_483,0,0,0.0038743494,0,0,0,5,0.2004738301038742,5,9
normal_483,0,7,0.019718096,0,0,0,5,0.2004738301038742,5,9
normal_483,0,14,0.00550401,0,0,0,5,0.2004738301038742,5,9
normal_483,0,21,0.0095985215,0,0,0,5,0.2004738301038742,5,9
normal_483,0,28,0.025708623,0,0,0,5,0.2004738301038742,5,9
normal_483,0,35,0.003961798,0,0,0,5,0.2004738301038742,5,9
normal_484,0,0,0.028619034,0,0,0,5,0.2004738301038742,5,9
normal_484,0,7,0.0038388476,0,0,0,5,0.2004738301038742,5,9
normal_484,0,14,0.036561545,0,0,0,5,0.2004738301038742,5,9
normal_484,0,21,0.0069039166,0,0,0,5,0.2004738301038742,5,9
normal_484,0,28,0.00872519,0,0,0,5,0.2004738301038742,5,9
normal_489,0,0,0.006558064,0,0,0,5,0.2004738301038742,5,9
normal_489,0,7,0.006132219,0,0,0,5,0.2004738301038742,5,9
normal_493,0,0,0.003644901,0,0,0,5,0.2004738301038742,5,9
normal_493,0,7,0.01923926,0,0,0,5,0.2004738301038742,5,9
normal_493,0,14,0.0065767146,0,0,0,5,0.2004738301038742,5,9
normal_493,0,21,0.007433483,0,0,0,5,0.2004738301038742,5,9
normal_493,0,28,0.02998005,0,0,0,5,0.2004738301038742,5,9
normal_493,0,35,0.0049116104,0,0,0,5,0.2004738301038742,5,9
normal_495,0,0,0.025320483,0,0,0,5,0.2004738301038742,5,9
normal_495,0,7,0.0033525194,0,0,0,5,0.2004738301038742,5,9
normal_501,0,0,0.008773923,0,0,0,5,0.2004738301038742,5,9
normal_501,0,7,0.009505815,0,0,0,5,0.2004738301038742,5,9
normal_501,0,14,0.033367094,0,0,0,5,0.2004738301038742,5,9
normal_501,0,21,0.0040450604,0,0,0,5,0.2004738301038742,5,9
normal_507,0,0,0.008248258,0,0,0,5,0.2004738301038742,5,9
normal_507,0,7,0.015916696,0,0,0,5,0.2004738301038742,5,9
normal_507,0,14,0.0039551407,0,0,0,5,0.2004738301038742,5,9
normal_507,0,21,0.04029658,0,0,0,5,0.2004738301038742,5,9
normal_523,0,0,0.0046485155,0,0,0,5,0.2004738301038742,5,9
normal_523,0,7,0.017943047,0,0,0,5,0.2004738301038742,5,9
normal_534,0,0,0.004048193,0,0,0,5,0.2004738301038742,5,9
normal_534,0,7,0.01736144,0,0,0,5,0.2004738301038742,5,9
normal_534,0,14,0.014397438,0,0,0,5,0.2004738301038742,5,9
normal_534,0,21,0.007176284,0,0,0,5,0.2004738301038742,5,9
normal_538,0,0,0.0037100404,0,0,0,5,0.2004738301038742,5,9
normal_538,0,7,0.020827122,0,0,0,5,0.2004738301038742,5,9
normal_538,0,14,0.0142234815,0,0,0,5,0.2004738301038742,5,9
normal_538,0,21,0.0043032393,0,0,0,5,0.2004738301038742,5,9
normal_538,0,28,0.022085631,0,0,0,5,0.2004738301038742,5,9
normal_538,0,35,0.002633294,0,0,0,5,0.2004738301038742,5,9
normal_540,0,0,0.0036837712,0,0,0,5,0.2004738301038742,5,9
normal_540,0,7,0.0296436,0,0,0,5,0.2004738301038742,5,9
normal_571,0,0,0.030570175,0,0,0,5,0.2004738301038742,5,9
normal_571,0,7,0.0038511832,0,0,0,5,0.2004738301038742,5,9
normal_571,0,14,0.04809723,0,0,0,5,0.2004738301038742,5,9
normal_571,0,21,0.009336332,0,0,0,5,0.2004738301038742,5,9
normal_573,0,0,0.004862597,0,0,0,5,0.2004738301038742,5,9
normal_575,0,0,0.0009945097,0,0,0,5,0.2004738301038742,5,9
normal_575,0,7,0.03771096,0,0,0,5,0.2004738301038742,5,9
normal_575,0,14,0.0012560065,0,0,0,5,0.2004738301038742,5,9
normal_575,0,21,0.008037817,0,0,0,5,0.2004738301038742,5,9
normal_575,0,28,0.001603932,0,0,0,5,0.2004738301038742,5,9
normal_575,0,35,0.0028249435,0,0,0,5,0.2004738301038742,5,9
normal_579,0,0,0.0126303,0,0,0,5,0.2004738301038742,5,9
normal_579,0,7,0.0034566855,0,0,0,5,0.2004738301038742,5,9
normal_579,0,14,0.04034939,0,0,0,5,0.2004738301038742,5,9
normal_589,0,0,0.006924701,0,0,0,5,0.2004738301038742,5,9
normal_589,0,7,0.022441285,0,0,0,5,0.2004738301038742,5,9
normal_589,0,14,0.0029493705,0,0,0,5,0.2004738301038742,5,9
normal_589,0,21,0.022165753,0,0,0,5,0.2004738301038742,5,9
normal_598,0,0,0.008299813,0,0,0,5,0.2004738301038742,5,9
normal_598,0,7,0.00073175924,0,0,0,5,0.2004738301038742,5,9
normal_598,0,14,0.052170284,0,0,0,5,0.2004738301038742,5,9
normal_598,0,21,0.0005351013,0,0,0,5,0.2004738301038742,5,9
normal_598,0,28,0.0027293777,0,0,0,5,0.2004738301038742,5,9
normal_598,0,35,0.003157183,0,0,0,5,0.2004738301038742,5,9
anomaly_3,1,0,0.9999641,1,1,0,5,0.2004738301038742,5,9
anomaly_3,1,7,1.0,1,2,0,5,0.2004738301038742,5,9
anomaly_3,1,14,1.0,1,3,0,5,0.2004738301038742,5,9
anomaly_3,1,21,1.0,1,4,0,5,0.2004738301038742,5,9
anomaly_3,1,28,1.0,1,5,1,5,0.2004738301038742,5,9
anomaly_13,1,0,1.0,1,1,0,5,0.2004738301038742,5,9
anomaly_13,1,7,0.99999976,1,2,0,5,0.2004738301038742,5,9
anomaly_13,1,14,0.9998859,1,3,0,5,0.2004738301038742,5,9
anomaly_13,1,21,0.9992854,1,4,0,5,0.2004738301038742,5,9
anomaly_19,1,0,1.0,1,1,0,5,0.2004738301038742,5,9
anomaly_19,1,7,1.0,1,2,0,5,0.2004738301038742,5,9
