tree
version=v4
num_class=1
num_tree_per_iteration=1
label_index=0
max_feature_idx=29
objective=binary sigmoid:1
feature_names=Column_0 Column_1 Column_2 Column_3 Column_4 Column_5 Column_6 Column_7 Column_8 Column_9 Column_10 Column_11 Column_12 Column_13 Column_14 Column_15 Column_16 Column_17 Column_18 Column_19 Column_20 Column_21 Column_22 Column_23 Column_24 Column_25 Column_26 Column_27 Column_28 Column_29
feature_infos=[-10.226089477539062:16.240118026733398] [-5.5228829383850098:3.9272387027740479] [-2.372530460357666:3.7016253471374512] [-16.200141906738281:13.770666122436523] [-5.3093457221984863:2.9130029678344727] [-2.8045642375946045:3.759223461151123] [-15.528498649597168:21.627023696899414] [-6.13580322265625:3.2155072689056396] [-2.7361843585968018:3.4381883144378662] [-15.528059959411621:22.48345947265625] [-3.8468272686004639:3.1471834182739258] [-2.606602668762207:3.7562019824981689] [-14.162440299987793:16.648069381713867] [-5.3286824226379395:3.6930031776428223] [-2.1700799465179443:3.5908215045928955] [-9.9827175140380859:15.865522384643555] [-5.5859489440917969:4.0693840980529785] [-2.3728032112121582:3.4351861476898193] [-9.4387178421020508:13.956624984741211] [-5.6976637840270996:3.5298805236816406] [-2.8291869163513184:3.7445151805877686] [-14.183948516845703:21.638908386230469] [-6.1815018653869629:3.5076658725738525] [-3.2445025444030762:4.3329324722290039] [-15.333767890930176:22.222320556640625] [-3.8535399436950684:3.1583876609802246] [-2.6554200649261475:3.8176977634429932] [-14.069729804992676:16.561269760131836] [-5.3395705223083496:3.6081516742706299] [-2.1889133453369141:3.5938453674316406]
tree_sizes=1696 1710 1709 1714 1710 1720 1715 1717 1715 1719 1725 1724 1713 1707 1713 1716 1715 1716 1715 1714 1714 1713 1718 1716 1719 1715 1718 1728 1729 1718 1721 1723 1728 1719 1731 1727 1720 1715 1719 1723 1735 1736 1734 1724 1729 1725 1738 1724 1724 1729 1728 1728 1725 1729 1718 1731 1714 1411 1412 1412 1413 1718 1519 1517 1520 1518 1722 1521 1522 1519 1527 1723 1523 1525 1525 1725 1531 1729 1528 1746 1738 1747 1747 1747 1518 1513 1752 1746 1748 1751 1532 1750 1753 1529 1528 1742 1530 1525 1752 1531 1758 1745 1536 1530 1751 1742 1538 1757 1744 1750 1761 1760 1766 1750 1554 1756 1762 1769 1768 1769 1756 1764 1767 1772 1555 1773 1768 1775 1772 1769 1767 1773 1764 1770 1767 1773 1675 1772 1779 1792 1777 1783 1786 1783 1786 1799 1787 1800 1790 1785 1793 1808 1796 1799 1791 1575 1799 1796 1798 1806 1809 1806 1805 1807 1579 1804 1806 1810 1813 1801 1807 1811 1810 1810 1811 1810 1811 1813 1811 1817

Tree=0
num_leaves=15
num_cat=0
split_feature=3 9 26 2 15 25 27 18 9 27 4 8 2 3
split_gain=286.336 293.298 176.378 260.5 141.378 140.983 166.509 113.918 90.041 52.2961 15.0281 39.3243 11.3611 4.8834
threshold=-2.1149071455001827 1.0307637453079226 1.1682298183441164 0.3818670809268952 0.76430723071098339 -1.0317835211753843 0.36903989315032965 -3.3974932432174678 4.5831506252288827 0.1553868502378464 0.48043864965438848 0.98459237813949596 -0.95911878347396839 0.21555951237678531
decision_type=2 2 2 2 2 2 2 2 2 2 2 2 2 2
left_child=10 2 5 -4 8 6 -2 -7 9 -3 11 -1 -6 -14
right_child=1 4 3 -5 12 7 -8 -9 -10 -11 -12 -13 13 -15
leaf_value=-0.09999999837889266 -0.099999998378892757 0.023802141564216481 -0.099999998378892757 0.10000000162110725 -0.099999998378892757 0.10000000162110725 0.083455883998649671 -0.09089820741872004 0.10000000162110725 -0.099999998378892757 0.099580043617587044 0.086280916247514744 0.066680586217271187 0.098745396425478249
leaf_weight=3.6104710698127773 20.502317860722542 13.199505642056463 25.531188279390335 44.938493728637695 0.77367237210273643 8.1706352233886701 31.176131188869476 179.53906564414501 12.255952835083006 24.112788930535316 61.408709570765495 13.1585706025362 14.705915346741675 61.666600361466408
leaf_count=28 159 41 198 11 6 2 27 1331 3 187 16 10 22 18
internal_value=1.70216e-09 -0.0157806 -0.0419882 0.0275399 0.0483056 -0.0624555 0.0106737 -0.0825888 -0.017582 -0.0562041 0.0881244 0.0461736 0.0906399 0.0925712
internal_weight=514.75 436.572 309.858 70.4697 126.714 239.388 51.6784 187.71 49.5682 37.3123 78.1778 16.769 77.1462 76.3725
internal_count=2059 2005 1728 209 277 1519 186 1333 231 228 54 38 46 40
is_linear=0
shrinkage=1


Tree=1
num_leaves=15
num_cat=0
split_feature=3 9 26 2 15 25 27 18 9 27 4 8 2 3
split_gain=259.045 265.286 159.513 235.71 127.895 127.513 150.604 103.036 81.4407 47.3479 13.6145 35.5656 10.2768 4.44795
threshold=-2.1149071455001827 1.0307637453079226 1.1682298183441164 0.3818670809268952 0.76430723071098339 -1.0317835211753843 0.36903989315032965 -3.3974932432174678 4.5831506252288827 0.1553868502378464 0.48043864965438848 0.98459237813949596 -0.95911878347396839 0.21555951237678531
decision_type=2 2 2 2 2 2 2 2 2 2 2 2 2 2
left_child=10 2 5 -4 8 6 -2 -7 9 -3 11 -1 -6 -14
right_child=1 4 3 -5 12 7 -8 -9 -10 -11 -12 -13 13 -15
leaf_value=-0.095241868944326818 -0.095241868944326902 0.022615290024528015 -0.095241868944326902 0.095241868588998399 -0.095241868944326902 0.095241868588998399 0.079423646594200564 -0.086534930443331742 0.095241868588998399 -0.095241868944326902 0.094839871174287438 0.082122190681661961 0.063418232774578878 0.094041000233675398
leaf_weight=3.6014600992202785 20.451148420572281 13.19763635098934 25.467467844486237 44.826335430145264 0.77174144983291526 8.1502428054809553 31.121908485889435 179.16871632635593 12.225364208221434 24.052608519792557 61.256727606058121 13.134111911058424 14.689581230282782 61.51652093231678
leaf_count=28 159 41 198 11 6 2 27 1331 3 187 16 10 22 18
internal_value=5.60572e-08 -0.0150242 -0.039977 0.0262295 0.0459867 -0.0594582 0.0101605 -0.0786258 -0.0167351 -0.0534855 0.0839208 0.0439538 0.0862996 0.0881381
internal_weight=513.632 435.639 309.186 70.2938 126.453 238.892 51.5731 187.319 49.4756 37.2502 77.9923 16.7356 76.9778 76.2061
internal_count=2059 2005 1728 209 277 1519 186 1333 231 228 54 38 46 40
is_linear=0
shrinkage=0.05


Tree=2
num_leaves=15
num_cat=0
split_feature=3 9 26 2 15 25 27 18 17 27 4 21 2 3
split_gain=235.4 240.923 144.817 214.296 116.201 115.789 136.766 93.5689 74.1092 64.9769 12.4202 32.7484 9.33514 4.11943
threshold=-2.1149071455001827 1.0307637453079226 1.1682298183441164 0.3818670809268952 0.76430723071098339 -1.0317835211753843 0.36903989315032965 -3.3974932432174678 1.9584711194038393 -0.22281553596258161 0.48043864965438848 -0.68388876318931568 -0.95911878347396839 0.21555951237678531
decision_type=2 2 2 2 2 2 2 2 2 2 2 2 2 2
left_child=10 2 5 -4 8 6 -2 -7 9 -3 11 -1 -6 -14
right_child=1 4 3 -5 12 7 -8 -9 -10 -11 -12 -13 13 -15
leaf_value=-0.095148018174643564 -0.091131782484496479 0.056636064726750882 -0.091131782484496479 0.091131782483528656 -0.091131782484496479 0.091131782483528656 0.075830584703257459 -0.08269723404762841 0.089554474238042484 -0.092433230187137796 0.090741665899238599 0.077866786855926129 0.06043983155832261 0.089966606255123094
leaf_weight=3.4504239410161999 20.308169201016426 10.062888860702513 25.289418250322342 44.51294469833374 0.76634600758552451 8.0932626724243146 30.970269381999969 178.13335673511028 12.431829303503035 26.722025200724602 60.83204685151577 13.191574230790136 14.643863290548323 61.097146421670914
leaf_count=27 159 17 198 11 6 2 27 1331 5 209 16 11 22 18
internal_value=2.62215e-07 -0.014361 -0.0382156 0.0250976 0.0439469 -0.0568232 0.00970728 -0.0751428 -0.0159855 -0.0516538 0.0802706 0.0419952 0.082501 0.0842579
internal_weight=510.506 433.032 307.307 69.8024 125.724 237.505 51.2784 186.227 49.2167 36.7849 77.474 16.642 76.5074 75.741
internal_count=2059 2005 1728 209 277 1519 186 1333 231 226 54 38 46 40
is_linear=0
shrinkage=0.05


Tree=3
num_leaves=15
num_cat=0
split_feature=3 9 10 16 1 4 15 9 4 27 16 4 8 2
split_gain=214.678 219.563 133.491 224.248 180.801 117.281 105.974 68.1887 47.0962 39.0967 18.1992 11.4426 30.2851 8.51047
threshold=-2.1149071455001827 1.0307637453079226 0.27819429337978369 0.064209643751382842 -0.9786749780178069 -0.23420219868421552 0.76430723071098339 4.5831506252288827 1.52790242433548 0.1553868502378464 -0.99088582396507252 0.48043864965438848 0.98459237813949596 -0.95911878347396839
decision_type=2 2 2 2 2 2 2 2 2 2 2 2 2 2
left_child=11 2 4 8 -2 -5 7 9 -4 -3 -6 12 -1 -8
right_child=1 6 3 5 10 -7 13 -9 -10 -11 -12 -13 -14 -15
leaf_value=-0.089187956527328985 0.065743078270111471 0.019947797545911757 -0.088407538079274331 -0.088571358650947479 -0.020879624992573322 0.086828563377341614 -0.087549101477172486 0.088029135877173606 0.089382158474525714 -0.087581737570502222 -0.088716673362271598 0.087166081383239155 0.075608500889429914 0.080830016262363913
leaf_weight=3.551076456904414 23.15312685072422 13.163089796900747 49.549457430839539 11.274131730198858 10.614801630377768 61.615707382559776 0.75802445411682029 12.028372764587401 4.0276679992675772 23.625259101390839 144.17445941269398 60.177042171359062 12.971632868051527 75.023532688617706
leaf_count=28 29 41 391 89 53 27 6 3 1 187 1138 16 10 40
internal_value=5.13592e-07 -0.0137741 -0.0366587 0.00261645 -0.0645723 0.0596988 0.042136 -0.0153169 -0.0750422 -0.049107 -0.0840647 0.0770465 0.0401903 0.0791458
internal_weight=505.707 429.008 304.409 126.467 177.942 72.8898 124.598 48.8167 53.5771 36.7883 154.789 76.6998 16.5227 75.7816
internal_count=2059 2005 1728 508 1220 116 277 231 392 228 1191 54 38 46
is_linear=0
shrinkage=0.05


Tree=4
num_leaves=15
num_cat=0
split_feature=3 11 29 2 8 9 8 3 4 1 29 9 8 9
split_gain=196.467 201.446 220.713 273.654 249.444 116.39 77.7437 42.9938 10.5725 28.3118 7.3258 0.0900887 0.050427 0.0339507
threshold=-2.1149071455001827 -0.13893805444240567 -0.21361690759658811 -0.23474345356225965 0.23625841736793521 2.9910463094711308 -0.77973124384880055 3.6967191696166997 0.48043864965438848 -0.46229787170886988 0.15331120789051059 1.0307637453079226 0.39258944988250738 1.0726761221885683
decision_type=2 2 2 2 2 2 2 2 2 2 2 2 2 2
left_child=8 5 4 6 -3 7 -4 11 9 12 -5 -2 -1 -6
right_child=1 2 3 10 13 -7 -8 -9 -10 -11 -12 -13 -14 -15
leaf_value=-0.085371541606271653 -0.085595881519948791 0.085908041478592406 0.08517629688549111 0.056779189501710764 -0.085707519292826079 0.082051039279056562 -0.086249723727349958 0.079263919141454919 0.084021735800111588 0.072257892774238816 0.087234069312195212 -0.089926203122008497 -0.097984696390573001 -0.088751439425100762
leaf_weight=2.1244803369045289 99.835615120828152 27.81613826751709 7.9227771759033194 24.206353165209293 76.721193619072437 12.168580688536165 40.031249530613422 4.0708154365420333 59.328694857656956 12.956344760954378 107.16458415985107 13.653311215341089 1.263817027211189 10.402647756040095
leaf_count=17 798 7 2 39 613 5 320 2 16 11 27 109 10 83
internal_value=-1.07259e-06 -0.0132465 0.00963678 0.0443049 -0.0444511 -0.065153 -0.0579274 -0.0803901 0.0742123 0.0386055 0.0816225 -0.0861168 -0.0900762 -0.086071
internal_weight=499.667 423.993 294.265 179.325 114.94 129.728 47.954 117.56 75.6733 16.3446 131.371 113.489 3.3883 87.1238
internal_count=2059 2005 1091 388 703 914 322 909 54 38 66 907 27 696
is_linear=0
shrinkage=0.05


Tree=5
num_leaves=15
num_cat=0
split_feature=3 11 29 2 8 9 8 10 4 21 20 9 11 9
split_gain=180.295 184.844 203.156 258.499 256.212 106.793 71.1842 39.5875 9.85192 26.2517 0.7895 0.0743891 0.0690989 0.0290342
threshold=-2.1149071455001827 -0.13893805444240567 -0.068718336522579179 -0.23474345356225965 0.23625841736793521 2.9910463094711308 -0.77973124384880055 2.8628852367401127 0.48043864965438848 -0.68388876318931568 0.47658237814903265 1.0307637453079226 0.69938939809799205 1.0502716898918154
decision_type=2 2 2 2 2 2 2 2 2 2 2 2 2 2
left_child=8 5 4 6 -3 7 -4 11 9 12 -5 -2 -1 -6
right_child=1 2 3 10 13 -7 -8 -9 -10 -11 -12 -13 -14 -15
leaf_value=-0.081987412305714533 -0.082683255492053714 0.08293958310420145 0.082304348802490934 0.089559835894729323 -0.08293650204234454 0.079141586520997564 -0.083301232000701303 0.076823133255597545 0.081237420435998214 0.069692424536317119 0.080400540163487563 -0.086644451446466944 -0.096810375919437072 -0.085665011154826998
leaf_weight=2.0841309502720864 98.22512236982584 31.287432432174683 7.7925353050231925 31.755172491073608 78.385811507701874 11.989614292979239 38.789059996604919 4.0053718984127036 58.319327242672443 12.809190839529036 90.799502655863762 13.478487104177473 1.2624644413590429 11.134866699576376
leaf_count=17 798 8 2 8 636 5 315 2 16 11 32 109 10 90
internal_value=-1.93108e-06 -0.0127819 0.00929335 0.0446652 -0.0402286 -0.0629046 -0.0555974 -0.0776232 0.0716659 0.0371143 0.0827738 -0.0831612 -0.0875792 -0.0832759
internal_weight=492.118 417.643 289.944 169.136 120.808 127.699 46.5816 115.709 74.4751 16.1558 122.555 111.704 3.3466 89.5207
internal_count=2059 2005 1091 357 734 914 317 909 54 38 40 907 27 726
is_linear=0
shrinkage=0.05


Tree=6
num_leaves=15
num_cat=0
split_feature=3 11 29 2 8 9 8 0 1 21 20 19 9 9
split_gain=165.897 170.1 186.818 237.53 235.794 98.2707 65.5218 36.5315 9.31357 34.4564 0.659241 0.0839448 0.0608051 0.0234657
threshold=-2.1149071455001827 -0.13893805444240567 -0.068718336522579179 -0.23474345356225965 0.23625841736793521 2.9910463094711308 -0.77973124384880055 3.6228972673416142 0.19368845969438556 0.56127062439918529 0.47658237814903265 -0.66222879290580738 1.0307637453079226 1.0502716898918154
decision_type=2 2 2 2 2 2 2 2 2 2 2 2 2 2
left_child=8 5 4 6 -3 7 -4 12 9 11 -5 -1 -2 -6
right_child=1 2 3 10 13 -7 -8 -9 -10 -11 -12 -13 -14 -15
leaf_value=-0.08268639639674974 -0.080096670867664976 0.080319116041522851 0.079752195073078555 0.086252755942100037 -0.080323020767433251 0.07653297615392364 -0.080662101336540754 0.074563128377967039 0.07869903742136837 0.079962076829764528 0.077821743559879419 -0.097737523267730275 -0.083693249615732893 -0.082796977626425905
leaf_weight=2.7967342138290379 96.253565229475498 30.707381963729858 7.643559217453002 31.334512948989868 76.926160044968128 11.783554144203661 38.073263898491859 3.9327423125505439 57.453261196613312 11.480856418609617 89.159242764115334 1.3852443024516121 13.386022724211214 10.949195250868796
leaf_count=23 797 8 2 8 636 5 315 2 17 3 32 11 110 90
internal_value=-2.71001e-06 -0.0123716 0.00899117 0.0431966 -0.0389527 -0.0609053 -0.0538419 -0.0751651 0.0693815 0.0352038 0.0800142 -0.087672 -0.0805358 -0.0806313
internal_weight=483.265 410.149 284.793 166.211 118.583 125.356 45.7168 113.572 73.1161 15.6628 120.494 4.18198 109.64 87.8754
internal_count=2059 2005 1091 357 734 914 317 909 54 37 40 34 907 726
is_linear=0
shrinkage=0.05


Tree=7
num_leaves=15
num_cat=0
split_feature=3 11 29 2 8 0 8 6 1 21 29 9 19 9
split_gain=153.099 156.934 172.244 218.834 217.574 90.699 60.4673 37.0951 8.63395 31.741 0.695376 0.0702385 0.0652106 0.0191082
threshold=-2.1149071455001827 -0.13893805444240567 -0.068718336522579179 -0.23474345356225965 0.23625841736793521 3.6228972673416142 -0.77973124384880055 4.0422385931015024 0.19368845969438556 0.56127062439918529 0.15331120789051059 1.0307637453079226 -0.66222879290580738 1.0502716898918154
decision_type=2 2 2 2 2 2 2 2 2 2 2 2 2 2
left_child=8 5 4 6 -3 7 -4 11 9 12 -5 -2 -1 -6
right_child=1 2 3 10 13 -7 -8 -9 -10 -11 -12 -13 -14 -15
leaf_value=-0.08014519638878588 -0.077786099547698523 0.077980282464254369 0.077471689609811156 0.068014731197236306 -0.077989769941965797 0.075652444497851121 -0.078306288052994388 0.080051982861622253 0.076441704329145418 0.077660800080597558 0.079087909691203342 -0.08165693242686746 -0.093483719962143885 -0.080244340584368357
leaf_weight=2.7425068542361233 94.208679549396038 30.063213348388672 7.4792797565460196 16.474782824516296 75.307071425020695 11.33165270090103 37.277819715440273 3.8316407203674308 56.223439991474152 11.236185312271116 101.69879341125488 13.384442366659639 1.3760764747858063 10.737943544983862
leaf_count=23 797 8 2 13 636 4 315 1 17 3 27 112 11 90
internal_value=-3.29167e-06 -0.012005 0.00872106 0.041883 -0.0378139 -0.0591176 -0.0522745 -0.0728234 0.0673667 0.0341374 0.0775442 -0.0782676 -0.0846018 -0.0782711
internal_weight=473.374 401.795 279.039 162.931 116.108 122.756 44.7571 111.425 71.5782 15.3548 118.174 107.593 4.11858 86.045
internal_count=2059 2005 1091 357 734 914 317 910 54 37 40 909 34 726
is_linear=0
shrinkage=0.05


Tree=8
num_leaves=15
num_cat=0
split_feature=3 11 29 2 8 0 8 6 4 8 2 9 21 9
split_gain=141.609 145.136 159.191 202.11 201.232 83.8795 55.9327 34.3049 8.07018 20.9564 0.705503 0.0578427 0.0289931 0.0156612
threshold=-2.1149071455001827 -0.13893805444240567 -0.068718336522579179 -0.23474345356225965 0.23625841736793521 3.6228972673416142 -0.77973124384880055 4.0422385931015024 0.48043864965438848 0.98459237813949596 -0.024657559581100937 1.0307637453079226 -0.785641849040985 1.0502716898918154
decision_type=2 2 2 2 2 2 2 2 2 2 2 2 2 2
left_child=8 5 4 6 -3 7 -4 11 9 12 -5 -2 -1 -6
right_child=1 2 3 10 13 -7 -8 -9 -10 -11 -12 -13 -14 -15
leaf_value=-0.074892598513358041 -0.07571210862334013 0.075882281760942263 0.075423887239474491 0.065652455586952305 -0.075896212296686111 0.073584306483523029 -0.076192692122434791 0.077740036420469838 0.07455363352074533 0.064013634326436697 0.076909238578282968 -0.079262468383730522 -0.08461154648328495 -0.077959960438540546
leaf_weight=2.0581805258989312 92.005600273609161 29.367281198501587 7.3026957511901847 16.184487573802471 73.559354610741138 11.074150428175924 36.418056309223175 3.750363588333129 54.597659155726433 12.043342933058737 99.439542770385742 13.106356471776961 1.223523192107679 10.505820006132124
leaf_count=18 797 8 2 13 636 4 315 1 16 10 27 112 10 90
internal_value=-3.65799e-06 -0.0116762 0.00847917 0.0407066 -0.0367924 -0.0575166 -0.0508681 -0.070853 0.0655542 0.0334923 0.0753336 -0.0761548 -0.0785161 -0.0761541
internal_weight=462.636 392.714 272.777 159.345 113.432 119.936 43.7208 108.862 69.9227 15.325 115.624 105.112 3.2817 84.0652
internal_count=2059 2005 1091 357 734 914 317 910 54 38 40 909 28 726
is_linear=0
shrinkage=0.05


Tree=9
num_leaves=15
num_cat=0
split_feature=3 11 29 2 8 9 8 7 1 21 29 19 9 8
split_gain=131.162 134.506 147.434 187.051 186.51 77.7642 51.8463 29.0236 7.62222 27.8097 0.735887 0.0660109 0.0325038 0.0147116
threshold=-2.1149071455001827 -0.13893805444240567 -0.068718336522579179 -0.23474345356225965 0.23625841736793521 2.9910463094711308 -0.77973124384880055 2.8365942239761357 0.19368845969438556 0.56127062439918529 0.15331120789051059 -0.66222879290580738 1.0307637453079226 0.042349826544523246
decision_type=2 2 2 2 2 2 2 2 2 2 2 2 2 2
left_child=8 5 4 6 -3 7 -4 12 9 11 -5 13 -2 -1
right_child=1 2 3 10 -6 -7 -8 -9 -10 -11 -12 -13 -14 -15
leaf_value=-0.073086229661215626 -0.073859300514513254 0.073991826655941326 0.073576956951897698 0.063355425178665853 -0.074246595032909007 0.070247729228261807 -0.074287802288501181 0.068884580966030298 0.07262069188908353 0.073848377715081404 0.074966316209847839 -0.090076770127724623 -0.076575632224010481 -0.080616377861526853
leaf_weight=1.4476754441857318 89.688859939575195 28.630377769470215 7.116424322128295 15.879882231354712 81.966826230287552 11.033958971500395 35.507352165877819 3.6717423051595679 53.541519805788994 10.711160421371458 97.02820348739624 1.3472193703055397 12.554705791175364 1.1751331761479376
leaf_count=13 797 8 2 13 726 5 315 2 17 3 27 11 110 10
internal_value=-4.3246e-06 -0.0113796 0.00826073 0.0396431 -0.035872 -0.0560731 -0.0496004 -0.0692328 0.0638692 0.031953 0.0733333 -0.0810809 -0.0741928 -0.0764601
internal_weight=451.301 383.078 266.129 155.532 110.597 116.949 42.6238 105.915 68.2227 14.6812 112.908 3.97003 102.244 2.62281
internal_count=2059 2005 1091 357 734 914 317 909 54 37 40 34 907 23
is_linear=0
shrinkage=0.05


Tree=10
num_leaves=15
num_cat=0
split_feature=3 11 29 2 8 0 8 6 4 21 2 11 9 9
split_gain=121.775 124.868 136.802 173.435 173.194 72.3726 48.1489 29.6356 7.15311 18.2244 0.751524 0.0724231 0.0441789 0.0112475
threshold=-2.1149071455001827 -0.13893805444240567 -0.068718336522579179 -0.23474345356225965 0.23625841736793521 3.6228972673416142 -0.77973124384880055 4.0422385931015024 0.48043864965438848 -0.68388876318931568 -0.024657559581100937 0.69938939809799205 1.0307637453079226 1.0502716898918154
decision_type=2 2 2 2 2 2 2 2 2 2 2 2 2 2
left_child=8 5 4 6 -3 7 -4 12 9 11 -5 -1 -2 -6
right_child=1 2 3 10 13 -7 -8 -9 -10 -11 -12 -13 -14 -15
leaf_value=-0.071420987157160512 -0.072154056762267313 0.072281492945527839 0.071904616142080754 0.061329771141059114 -0.072296457616530696 0.070139922275337843 -0.072564016045182686 0.073924167301148633 0.071113360340536322 0.060000903478112988 0.073190834032857505 -0.087242456743214902 -0.075333489335507334 -0.074089400111663609
leaf_weight=1.8388892784714692 87.258718773722649 27.861912250518799 6.9227476119995108 15.552369505167006 69.775782272219658 10.526293121278284 34.557370997965336 3.5770065784454337 51.74224865436554 11.636546716094015 94.510358333587646 1.1922792419791219 12.489737272262571 10.000790335237978
leaf_count=17 797 8 2 13 636 4 315 1 16 11 27 10 112 90
internal_value=-4.85232e-06 -0.0111104 0.00806261 0.0386773 -0.0350395 -0.0547574 -0.0484532 -0.0674813 0.0623764 0.0315557 0.0715148 -0.0776442 -0.0725522 -0.0725212
internal_weight=439.443 373.033 259.181 151.543 107.638 113.852 41.4801 103.325 66.41 14.6677 110.063 3.03117 99.7485 79.7766
internal_count=2059 2005 1091 357 734 914 317 910 54 38 40 27 909 726
is_linear=0
shrinkage=0.05


Tree=11
num_leaves=15
num_cat=0
split_feature=3 11 29 8 2 0 8 6 1 21 2 19 9 24
split_gain=113.132 116.135 127.15 161.103 161.078 67.3083 44.7914 27.5636 6.80211 24.5496 1.01413 0.0635036 0.0370301 0.0109395
threshold=-2.1149071455001827 -0.13893805444240567 -0.068718336522579179 0.23625841736793521 -0.23474345356225965 3.6228972673416142 -0.77973124384880055 4.0422385931015024 0.19368845969438556 0.56127062439918529 -0.081808049231767641 -0.69224712252616871 1.0307637453079226 0.35741047561168676
decision_type=2 2 2 2 2 2 2 2 2 2 2 2 2 2
left_child=8 5 3 -3 6 7 -4 12 9 11 -6 13 -2 -1
right_child=1 2 4 -5 10 -7 -8 -9 -10 -11 -12 -13 -14 -15
leaf_value=-0.076611778697110763 -0.070615913276186659 0.070728471070096541 0.070384953233632974 -0.070954084422562888 0.056033326734430788 0.068562860711634796 -0.070998387543581606 0.07221937929280535 0.069462409214694459 0.070717254584852271 0.071566967089846265 -0.086337279540879178 -0.073566525187275439 -0.069821550722296774
leaf_weight=1.1235001608729343 84.764623112976551 27.070076465606689 6.7236509323120108 77.518858589231968 11.809064261615275 10.237329363822935 33.578264683485031 3.4808094501495352 50.655550211668015 10.144101381301878 95.310790300369263 1.4371979236602799 12.158627830445765 1.2565712854266164
leaf_count=10 797 8 2 726 12 4 315 1 17 3 28 12 112 12
internal_value=-5.61251e-06 -0.0108659 0.00788217 -0.0342833 0.0377966 -0.0535687 -0.0474111 -0.0660214 0.0609457 0.0300451 0.0698545 -0.0780382 -0.0709861 -0.0730268
internal_weight=427.269 362.652 252.011 104.589 147.422 110.641 40.3019 100.404 64.6169 13.9614 107.12 3.81727 96.9233 2.38007
internal_count=2059 2005 1091 734 357 914 317 910 54 37 40 34 909 22
is_linear=0
shrinkage=0.05


Tree=12
num_leaves=15
num_cat=0
split_feature=3 11 29 8 2 0 8 6 17 4 8 5 11 21
split_gain=105.358 108.179 118.426 156.393 130.035 62.6947 40.5402 25.6766 10.2356 6.4123 15.9705 0.245878 0.14557 0.0370206
threshold=-2.1149071455001827 -0.13893805444240567 0.12378700450062753 0.42352980375289923 -0.23474345356225965 3.6228972673416142 -0.77973124384880055 4.0422385931015024 -0.36599758267402643 0.48043864965438848 0.98459237813949596 0.19888968765735629 0.62081488966941845 -0.785641849040985
decision_type=2 2 2 2 2 2 2 2 2 2 2 2 2 2
left_child=9 5 3 8 6 7 -4 -2 -3 10 13 -5 -6 -1
right_child=1 2 4 11 12 -7 -8 -9 -10 -11 -12 -13 -14 -15
leaf_value=-0.068470547532952841 -0.069559030523313095 -0.0019446584517011142 0.06899956179904071 -0.082220904130469841 0.072770301868281914 0.067112232197307026 -0.069515455885254693 0.070671281929837459 0.066498268702433722 0.068260833841032251 0.057643369102459041 -0.069560732367226513 0.06871220280812039 -0.079921959132568721
leaf_weight=1.8268431723117804 94.039181105792522 6.6395535618066779 6.5208590030670157 4.0482563972473136 34.49303126335144 9.9431470483541471 27.81368301063776 3.3817174434661856 30.815165691077709 48.737570241093636 11.004007905721663 72.848887652158737 61.499965906143188 1.1500937417149559
leaf_count=18 909 34 2 37 10 4 269 1 17 16 10 703 19 10
internal_value=-6.0574e-06 -0.0106427 0.00771741 -0.0294182 0.0403009 -0.0524848 -0.0432085 -0.0646913 0.0543655 0.059698 0.0298482 -0.0702272 0.0701704 -0.0728946
internal_weight=414.762 352.043 244.679 114.352 130.328 107.364 34.3345 97.4209 37.4547 62.7185 13.9809 76.8971 95.993 2.97694
internal_count=2059 2005 1091 791 300 914 271 910 51 54 38 740 29 28
is_linear=0
shrinkage=0.05


Tree=13
num_leaves=15
num_cat=0
split_feature=3 9 10 16 1 4 15 17 27 4 19 4 21 12
split_gain=98.1483 100.946 61.615 102.916 83.981 54.37 47.9498 31.1817 27.9211 22.345 9.48673 6.10249 15.0728 4.48994
threshold=-2.1149071455001827 1.0307637453079226 0.27819429337978369 0.064209643751382842 -0.9786749780178069 -0.23420219868421552 0.76430723071098339 1.9584711194038393 -0.22281553596258161 1.52790242433548 -0.86752399802207936 0.48043864965438848 -0.68388876318931568 0.82157525420188915
decision_type=2 2 2 2 2 2 2 2 2 2 2 2 2 2
left_child=11 2 4 9 -2 -5 7 8 -3 -4 -6 12 -1 -8
right_child=1 6 3 5 10 -7 13 -9 -10 -11 -12 -13 -14 -15
leaf_value=-0.074149713937822451 0.049548600245402342 0.039241152013325377 -0.067954799977525404 -0.068666284368439398 -0.014199288530517171 0.065435228501941764 0.027024822559652828 0.06572035879635782 -0.068131720142749194 0.068719944909198458 -0.068142251881818772 0.067004729621123596 0.055792993628892708 0.06548909061767455
leaf_weight=2.8099747449159613 18.677735142409801 8.5311097279191035 38.996322751045227 8.9198330566287023 8.780193127691744 49.52267948538065 8.8955219238996488 9.8788691163063032 20.856575906276703 3.2388794422149649 113.65743058174849 47.207473434507847 10.843559145927427 51.57421038299799
leaf_count=27 29 17 391 89 55 27 23 5 209 1 1136 16 11 23
internal_value=-6.80664e-06 -0.010431 -0.0278894 0.00199274 -0.0492086 0.0449679 0.0318938 -0.0111286 -0.0369619 -0.0574737 -0.0642739 0.05849 0.02905 0.0598307
internal_weight=402.39 341.529 241.793 100.678 141.115 58.4425 99.7363 39.2666 29.3877 42.2352 122.438 60.861 13.6535 60.4697
internal_count=2059 2005 1728 508 1220 116 277 231 226 392 1191 54 38 46
is_linear=0
shrinkage=0.05


Tree=14
num_leaves=15
num_cat=0
split_feature=3 11 29 8 2 0 8 6 8 1 21 11 19 9
split_gain=91.491 95.4853 103.379 137.921 113.758 54.8863 36.3093 22.502 11.6446 5.8661 20.8535 0.116887 0.0729493 0.0393756
threshold=-2.1149071455001827 -0.13893805444240567 0.12378700450062753 0.23625841736793521 -0.23474345356225965 3.6228972673416142 -0.77973124384880055 4.0422385931015024 0.42352980375289923 0.19368845969438556 0.56127062439918529 0.62081488966941845 -0.66222879290580738 1.0307637453079226
decision_type=2 2 2 2 2 2 2 2 2 2 2 2 2 2
left_child=9 5 3 -3 6 7 -4 13 -5 10 12 -6 -1 -2
right_child=1 2 4 8 11 -7 -8 -9 -10 -11 -12 -13 -14 -15
leaf_value=-0.069942351864039784 -0.066852943492001188 0.067267682864395842 0.067153169514893626 -0.0029024231525469992 0.070100057857958378 0.064638702670040085 -0.067275488965670011 0.068039880976494757 -0.067810690074200528 0.065667956866856073 0.067004312398423305 0.066359886977061133 -0.084887951917830648 -0.070023520729970437
leaf_weight=2.3045733422040917 77.199797786772251 28.037652730941772 6.215688705444335 7.6395676136016837 32.76042914390564 9.3474161326885206 26.180673360824585 3.183922052383422 72.330430790781975 46.172399595379829 9.2678318023681623 57.647193670272827 1.2644130960106865 11.214996330440043
leaf_count=23 797 9 2 42 10 4 269 1 740 17 3 19 11 112
internal_value=-9.88956e-06 -0.0102134 0.00752619 -0.0281547 0.038908 -0.0507747 -0.0414835 -0.0625523 -0.06161 0.0573556 0.0274573 0.0677152 -0.0752372 -0.0672551
internal_weight=390.767 331.758 230.812 108.008 122.804 100.946 32.3964 91.5987 79.97 59.0092 12.8368 90.4076 3.56899 88.4148
internal_count=2059 2005 1091 791 300 914 271 910 782 54 37 29 34 909
is_linear=0
shrinkage=0.05


Tree=15
num_leaves=15
num_cat=0
split_feature=3 11 29 8 2 0 8 6 4 8 29 21 9 9
split_gain=85.504 89.2822 96.6951 124.762 122.935 51.3147 35.0179 21.0409 5.52675 13.2585 0.719037 0.0438019 0.0334694 0.00803997
threshold=-2.1149071455001827 -0.13893805444240567 -0.068718336522579179 0.23625841736793521 -0.23474345356225965 3.6228972673416142 -0.77973124384880055 4.0422385931015024 0.48043864965438848 0.98459237813949596 0.15331120789051059 -0.785641849040985 1.0307637453079226 1.0502716898918154
decision_type=2 2 2 2 2 2 2 2 2 2 2 2 2 2
left_child=8 5 3 -3 6 7 -4 12 9 11 -6 -1 -2 -5
right_child=1 2 4 13 10 -7 -8 -9 -10 -11 -12 -13 -14 -15
leaf_value=-0.064922420130421293 -0.06576687776930587 0.066145913903470563 0.066039119168096419 -0.065923617827040717 0.054219294391903684 0.0634821357578889 -0.066300696154372257 0.066853275655176306 0.064799928100453791 0.053856541935972724 0.06654519845257155 -0.077834308163704902 -0.068737456204549768 -0.067553007982565624
leaf_weight=1.6415160596370673 74.616425931453705 24.096981763839722 6.0097386837005606 59.836099609732628 13.847145557403563 9.0493961721658689 29.70973639190197 3.0810220241546622 44.145186260342598 10.199434667825697 81.298162221908569 1.0949673503637329 10.862524785101412 8.6675174683332425
leaf_count=18 797 8 2 636 13 4 315 1 16 10 27 10 112 90
internal_value=-9.81615e-06 -0.0100345 0.00739119 -0.0317083 0.0350582 -0.0499286 -0.0440348 -0.0615174 0.0563779 0.0276369 0.0647513 -0.0700889 -0.0661444 -0.0661298
internal_weight=378.156 321.075 223.465 92.6006 130.865 97.6094 35.7195 88.56 57.0811 12.9359 95.1453 2.73648 85.479 68.5036
internal_count=2059 2005 1091 734 357 914 317 910 54 38 40 28 909 726
is_linear=0
shrinkage=0.05


Tree=16
num_leaves=15
num_cat=0
split_feature=3 11 29 8 2 0 8 6 14 1 21 5 11 19
split_gain=79.9062 83.5678 90.5369 120.823 99.5256 48.0274 31.7827 19.6964 8.79521 5.30075 18.66 0.222488 0.0830612 0.07022
threshold=-2.1149071455001827 -0.13893805444240567 0.12378700450062753 0.42352980375289923 -0.23474345356225965 3.6228972673416142 -0.77973124384880055 4.0422385931015024 0.11995030939579011 0.19368845969438556 0.56127062439918529 0.19888968765735629 0.62081488966941845 -0.66222879290580738
decision_type=2 2 2 2 2 2 2 2 2 2 2 2 2 2
left_child=9 5 3 8 6 7 -4 -2 -3 10 13 -5 -6 -1
right_child=1 2 4 11 12 -7 -8 -9 -10 -11 -12 -13 -14 -15
leaf_value=-0.067976596003443177 -0.065121629042757825 -0.0043088800236679046 0.06501414131323785 -0.077674408478307116 0.067592223238684634 0.062403078353850887 -0.065137481816819415 0.065763420618550769 0.062210318559861678 0.063588138976605105 0.064970692879646075 -0.065048366526640977 0.06433522585118194 -0.082964133549630753
leaf_weight=2.1671438589692094 82.554454557597637 6.0613241493701926 5.8044643402099636 3.6906171292066565 30.791626930236816 8.7531054466962797 24.444232001900673 2.9780874252319327 27.581210479140282 43.168557725846767 8.674090623855589 63.897320285439491 53.737382173538208 1.2223129943013207
leaf_count=23 909 34 2 37 10 4 269 1 17 17 3 703 19 11
internal_value=-1.06987e-05 -0.00987373 0.00726942 -0.027199 0.0376695 -0.0491486 -0.0401625 -0.0605644 0.0502257 0.0553998 0.0260983 -0.0657378 0.0655217 -0.0733814
internal_weight=365.526 310.294 216.008 101.23 114.778 94.2856 30.2487 85.5325 33.6425 55.2321 12.0635 67.5879 84.529 3.38946
internal_count=2059 2005 1091 791 300 914 271 910 51 54 37 740 29 34
is_linear=0
shrinkage=0.05


Tree=17
num_leaves=15
num_cat=0
split_feature=3 11 29 8 2 0 8 6 8 4 29 11 11 9
split_gain=74.8212 78.3027 84.7281 113.848 93.2247 44.9959 29.783 18.4568 9.76932 5.02392 12.1295 0.101788 0.0688984 0.0251775
threshold=-2.1149071455001827 -0.13893805444240567 0.12378700450062753 0.23625841736793521 -0.23474345356225965 3.6228972673416142 -0.77973124384880055 4.0422385931015024 0.42352980375289923 0.48043864965438848 0.36781422793865209 0.59206062555313121 0.62081488966941845 1.0307637453079226
decision_type=2 2 2 2 2 2 2 2 2 2 2 2 2 2
left_child=9 5 3 -3 6 7 -4 13 -5 10 11 -1 -6 -2
right_child=1 2 4 8 12 -7 -8 -9 -10 -11 -12 -13 -14 -15
leaf_value=-0.066770007107862989 -0.063838839657550814 0.064326953130536366 0.064069069541419749 -0.0040184237835375605 0.066460370147405842 0.061393039443791368 -0.064192798095752013 0.064760112433331629 -0.064761000807011498 0.062919294599406927 0.050084316174737832 -0.088134402022521111 0.063442289953811626 -0.066502597649727491
leaf_weight=1.0190972238779061 69.483225457370281 25.43476676940918 5.600744009017947 7.3668861314654341 29.775974273681641 8.4597052782773954 23.585528880357742 2.8756122589111319 65.236502677202225 41.122981771826744 9.9562281444668752 1.2308871299028394 51.817685604095459 10.169060505926607
leaf_count=11 797 9 2 42 10 4 269 1 740 16 16 11 19 112
internal_value=-1.1127e-05 -0.0097179 0.0071494 -0.0267064 0.0371111 -0.0484286 -0.0395798 -0.0596861 -0.0585976 0.0545583 0.02639 -0.0784577 0.0645437 -0.0641789
internal_weight=353.135 299.806 208.818 98.0382 110.78 90.9876 29.1863 82.5279 72.6034 53.3292 12.2062 2.24998 81.5937 79.6523
internal_count=2059 2005 1091 791 300 914 271 910 782 54 38 22 29 909
is_linear=0
shrinkage=0.05


Tree=18
num_leaves=15
num_cat=0
split_feature=27 25 19 25 24 12 2 27 28 3 11 22 4 28
split_gain=70.1697 77.8838 64.2993 91.9024 63.4834 42.1486 16.1621 15.0318 14.4817 11.5088 4.57565 1.95735 4.34164 7.76823
threshold=-2.2661914825439449 -0.98474743962287892 0.29478789865970617 0.3390354067087174 0.098474670201540007 -2.3477107286453243 1.9789373278617861 0.36903989315032965 0.081205792725086226 -1.0669898986816404 0.59206062555313121 1.5611844062805178 1.9518447518348696 0.63161012530326854
decision_type=2 2 2 2 2 2 2 2 2 2 2 2 2 2
left_child=11 4 5 6 -2 -3 -4 9 -5 -6 -7 12 13 -1
right_child=1 2 3 8 7 10 -8 -9 -10 -11 -12 -13 -14 -15
leaf_value=-0.062988358057814692 -0.063286689586186246 0.062843029957984575 -0.063988002757437185 -0.016039991060813986 0.064589799762636166 -0.063533261324839538 0.060105439481366221 0.060115126987262901 0.061395269731537729 -0.06259373724018269 -0.04288060843983748 0.062750122296898733 0.06279524097294667 0.062463608470394262
leaf_weight=2.3405454084277135 14.486221745610235 7.9684276580810538 32.633103065192699 6.9979824423789969 2.8574409484863272 73.87586422264576 2.8532790243625632 61.153201848268509 44.006571926176548 4.7116582915186882 42.103620827198029 34.379544258117676 7.9528250694274902 2.610029935836792
leaf_count=28 172 3 383 52 1 871 2 37 24 57 412 13 3 1
internal_value=-1.14727e-05 -0.00911378 -0.0253058 0.00778022 0.0318367 -0.0483933 -0.0540103 0.0518882 0.0507709 -0.0145802 -0.0560358 0.0565177 0.0399123 0.00315211
internal_weight=340.93 293.647 210.439 86.4909 83.2085 123.948 35.4864 68.7223 51.0046 7.5691 115.979 47.2829 12.9034 4.95058
internal_count=2059 2014 1747 461 267 1286 385 95 76 58 1283 45 32 29
is_linear=0
shrinkage=0.05


Tree=19
num_leaves=15
num_cat=0
split_feature=3 11 29 8 2 9 8 10 1 21 29 7 0 8
split_gain=65.8712 69.1273 75.9153 97.868 96.0076 39.6704 27.1853 15.0235 4.69565 15.9012 0.621156 0.0523637 0.0157306 0.00998449
threshold=-2.1149071455001827 -0.13893805444240567 -0.068718336522579179 0.23625841736793521 -0.23474345356225965 2.9910463094711308 -0.77973124384880055 2.8628852367401127 0.19368845969438556 0.56127062439918529 0.15331120789051059 1.5947055220603945 1.9124959111213686 0.42352980375289923
decision_type=2 2 2 2 2 2 2 2 2 2 2 2 2 2
left_child=8 5 3 -3 6 7 -4 12 9 11 -6 -1 -2 -5
right_child=1 2 4 13 10 -7 -8 -9 -10 -11 -12 -13 -14 -15
leaf_value=-0.065753759511477092 -0.062396089464221129 0.062639963483919994 0.062408937674668034 -0.065514456846893512 0.050889537382096374 0.05817475009798339 -0.062808734898649382 0.05823761581007314 0.061082580702061157 0.06244554329186032 0.06293620681526936 -0.079381670008572408 -0.066476227373442623 -0.062586885576423071
leaf_weight=2.1183142885565744 71.411988563835621 21.030619382858276 5.2062077522277859 3.0697459280490866 12.609100729227064 8.0794909372925741 25.889013186097145 2.6681856215000144 38.893991708755493 7.8000774383544922 70.695517778396606 1.0563907176256178 2.4431147202849379 56.819405905902386
leaf_count=24 879 8 2 33 13 5 315 2 17 3 27 10 28 693
internal_value=-9.7482e-06 -0.00944153 0.0069114 -0.0301522 0.033128 -0.047195 -0.0418438 -0.0583201 0.0529325 0.0240492 0.0611128 -0.0702885 -0.0625311 -0.0627369
internal_weight=329.791 279.922 195.32 80.9198 114.4 84.6028 31.0952 76.5233 49.8688 10.9748 83.3046 3.17471 73.8551 59.8892
internal_count=2059 2005 1091 734 357 914 317 909 54 37 40 34 907 726
is_linear=0
shrinkage=0.05


Tree=20
num_leaves=15
num_cat=0
split_feature=27 25 19 25 24 12 13 13 27 3 11 22 4 28
split_gain=61.9259 68.5171 56.1567 80.8666 55.8668 36.9049 14.315 13.477 13.156 10.1576 4.50143 1.72449 3.83725 6.8525
threshold=-2.2661914825439449 -0.98474743962287892 0.29478789865970617 0.3390354067087174 0.098474670201540007 -2.3477107286453243 0.87300080060958873 -0.27748751640319819 0.36903989315032965 -1.0669898986816404 0.59206062555313121 1.5611844062805178 1.9518447518348696 0.63161012530326854
decision_type=2 2 2 2 2 2 2 2 2 2 2 2 2 2
left_child=11 4 5 6 -2 -3 -4 -5 9 -6 -7 12 13 -1
right_child=1 2 3 7 8 10 -8 -9 -10 -11 -12 -13 -14 -15
leaf_value=-0.06146477719017434 -0.061729716143178098 0.061336071328627707 -0.062490063447230508 -0.014353361444560314 0.062866795436008205 -0.061971814453005702 0.058617997594288235 0.060277665162906863 0.058405146342690374 -0.061110503301942759 -0.040860282556047525 0.061259910759779379 0.061315989131407213 0.06099469825366724
leaf_weight=2.1680661439895612 13.42716535925865 7.3832097053527823 30.284332931041718 7.1096038892865172 2.6600122451782218 68.512039788067341 2.6537774652242652 40.555056259036064 56.98438560962677 4.3603394627571106 39.985743887722492 31.854556322097778 7.3766212463378906 2.4146544933319092
leaf_count=28 172 3 383 54 1 871 2 22 37 57 412 13 3 1
internal_value=-1.0565e-05 -0.00883882 -0.0245373 0.00751347 0.0309961 -0.0468307 -0.0527326 0.0491458 0.0504485 -0.0141355 -0.0541914 0.0551819 0.0389926 0.00305963
internal_weight=317.73 273.916 196.484 80.6028 77.4319 115.881 32.9381 47.6647 64.0047 7.02035 108.498 43.8139 11.9593 4.58272
internal_count=2059 2014 1747 461 267 1286 385 76 95 58 1283 45 32 29
is_linear=0
shrinkage=0.05


Tree=21
num_leaves=15
num_cat=0
split_feature=27 25 24 19 25 12 13 13 27 3 11 22 4 28
split_gain=58.1964 64.0789 52.3848 52.3386 75.7003 34.4517 13.4511 12.8473 12.2938 9.54883 4.66 1.62205 3.60866 6.44582
threshold=-2.2661914825439449 -0.98474743962287892 0.098474670201540007 0.29478789865970617 0.3390354067087174 -2.3477107286453243 0.87300080060958873 -0.27748751640319819 0.36903989315032965 -1.0669898986816404 0.59206062555313121 1.5611844062805178 1.9518447518348696 0.63161012530326854
decision_type=2 2 2 2 2 2 2 2 2 2 2 2 2 2
left_child=11 2 -2 5 6 -3 -5 -6 9 -4 -7 12 13 -1
right_child=1 3 8 4 7 10 -8 -9 -10 -11 -12 -13 -14 -15
leaf_value=-0.060785998034561251 -0.061034725461072817 0.06066176528619114 0.062082805799069912 -0.06176874692406821 -0.013664424907483548 -0.061266811907441932 0.057661704064156008 0.059469218710555327 0.057506567628230101 -0.060452917635551245 -0.039513155644295063 0.060590981732775565 0.060643021807931123 0.060344122528435545
leaf_weight=2.0847718864679319 12.914050437510012 7.0992081165313712 2.5614209175109854 29.135192655026916 7.0950374454259864 65.901511006057262 2.5651547610759726 39.088281534612179 55.03073462843895 4.1916526928544044 39.299281299114227 30.627007246017456 7.0927455425262451 2.32102370262146
leaf_count=28 172 3 1 383 54 871 2 22 37 57 412 13 3 1
internal_value=-8.69664e-06 -0.00869012 0.0305503 -0.0241025 0.00739394 -0.0459462 -0.0521046 0.0482339 0.0496935 -0.0139755 -0.0531404 0.0545793 0.0385667 0.00302674
internal_weight=307.007 264.882 74.6979 190.184 77.8837 112.3 31.7003 46.1833 61.7838 6.75307 105.201 42.1255 11.4985 4.4058
internal_count=2059 2014 267 1747 461 1286 385 76 95 58 1283 45 32 29
is_linear=0
shrinkage=0.05


Tree=22
num_leaves=15
num_cat=0
split_feature=27 25 24 19 25 12 28 2 27 3 27 22 4 28
split_gain=54.726 59.95 49.1443 48.7886 70.8966 32.1714 12.6939 12.6907 11.4907 8.98294 4.91501 1.52672 3.39601 6.06728
threshold=-2.2661914825439449 -0.98474743962287892 0.098474670201540007 0.29478789865970617 0.3390354067087174 -2.3477107286453243 0.081205792725086226 1.9789373278617861 0.36903989315032965 -1.0669898986816404 -0.21637398004531858 1.5611844062805178 1.9518447518348696 0.63161012530326854
decision_type=2 2 2 2 2 2 2 2 2 2 2 2 2 2
left_child=11 2 -2 5 7 -3 -6 -5 9 -4 -7 12 13 -1
right_child=1 3 8 4 6 10 -8 -9 -10 -11 -12 -13 -14 -15
leaf_value=-0.060154146516476541 -0.060387878075458416 0.060034329716188321 0.061355483547871494 -0.061101306237884512 -0.017266547680054187 -0.03878716338593461 0.058328676012636374 0.057058622647807006 0.056642865478389481 -0.059840679588201509 -0.061156690377920625 0.05996844864649175 0.060016817672986771 0.059738375667758692
leaf_weight=2.0033969208598119 12.412462055683134 6.8217585086822501 2.4646465778350821 28.016854465007786 6.4966604411602011 41.198283120989799 38.240600608289242 2.4729910865426055 53.124820746481419 4.0269802361726761 60.786517441272736 29.428053855895996 6.8154335021972656 2.2296442985534668
leaf_count=28 172 3 1 383 52 462 24 2 37 57 821 13 3 1
internal_value=-6.87618e-06 -0.00854681 0.0301243 -0.0236823 0.00727913 -0.0450885 0.0473509 -0.0515175 0.0489694 -0.0138267 -0.0521202 0.0540184 0.0381703 0.00299612
internal_weight=296.539 256.063 72.0289 184.034 75.2271 108.807 44.7373 30.4898 59.6164 6.49163 101.985 40.4765 11.0485 4.23304
internal_count=2059 2014 267 1747 461 1286 76 385 95 58 1283 45 32 29
is_linear=0
shrinkage=0.05


Tree=23
num_leaves=15
num_cat=0
split_feature=27 25 24 19 25 12 13 13 27 3 11 22 4 28
split_gain=51.4917 56.0992 46.1246 45.4735 66.4174 30.0444 12.1729 11.9413 10.742 8.45614 5.15242 1.43789 3.19791 5.71449
threshold=-2.2661914825439449 -0.98474743962287892 0.098474670201540007 0.29478789865970617 0.3390354067087174 -2.3477107286453243 -0.27748751640319819 0.87300080060958873 0.36903989315032965 -1.0669898986816404 0.59206062555313121 1.5611844062805178 1.9518447518348696 0.63161012530326854
decision_type=2 2 2 2 2 2 2 2 2 2 2 2 2 2
left_child=11 2 -2 5 7 -3 -6 -5 9 -4 -7 12 13 -1
right_child=1 3 8 4 6 10 -8 -9 -10 -11 -12 -13 -14 -15
leaf_value=-0.059565207769392219 -0.05978504154006993 0.059449740597111583 0.06067970263292756 -0.06047497516722531 -0.014083977352291072 -0.060076205791416461 0.058077895696219399 0.056181589333762195 0.055809626367788995 -0.059269939222584757 -0.03657629367772821 0.059388343506077482 0.05943336049346342 0.059173659242557519
leaf_weight=1.924053430557249 11.923129349946974 6.5512449741363517 2.3698897361755362 26.919573277235035 6.9627925902605048 61.175138961523771 36.373751409351826 2.3882963731884947 51.269258238375187 3.8665315583348274 37.69856234639883 28.259315967559814 6.5450677871704102 2.1406295299530029
leaf_count=28 172 3 1 383 54 871 22 2 37 57 412 13 3 1
internal_value=-5.06053e-06 -0.00840726 0.0297157 -0.0232713 0.00716731 -0.0442454 0.0464838 -0.0509686 0.0482727 -0.0136881 -0.0511162 0.0534958 0.0378009 0.00296757
internal_weight=286.367 247.498 69.4288 178.069 72.6444 105.425 43.3365 29.3079 57.5057 6.23642 98.8737 38.8691 10.6098 4.06468
internal_count=2059 2014 267 1747 461 1286 76 385 95 58 1283 45 32 29
is_linear=0
shrinkage=0.05


Tree=24
num_leaves=15
num_cat=0
split_feature=27 25 24 19 25 12 28 2 27 3 27 22 4 28
split_gain=48.4756 52.5152 43.3075 42.3963 62.2555 28.0692 11.9791 11.2832 10.0431 7.96511 5.34367 1.35502 3.01315 5.38531
threshold=-2.2661914825439449 -0.98474743962287892 0.098474670201540007 0.29478789865970617 0.3390354067087174 -2.3477107286453243 0.081205792725086226 1.9789373278617861 0.36903989315032965 -1.0669898986816404 -0.21637398004531858 1.5611844062805178 1.9518447518348696 0.63161012530326854
decision_type=2 2 2 2 2 2 2 2 2 2 2 2 2 2
left_child=11 2 -2 5 7 -3 -6 -5 9 -4 -7 12 13 -1
right_child=1 3 8 4 6 10 -8 -9 -10 -11 -12 -13 -14 -15
leaf_value=-0.05901560428547005 -0.059222532344240408 0.058904407754183298 0.060050931023890725 -0.05989474852495949 -0.017512065975331541 -0.036018878523527982 0.056953276636465038 0.055659473382339487 0.055002897237800441 -0.058737249699975153 -0.060014169031600811 0.05884712333938396 0.058889067099310625 0.058646568803663472
leaf_weight=1.8468278199434265 11.446620315313337 6.2879645824432364 2.2773127555847159 25.856046177446846 6.3668092265725127 39.407065220177174 35.594054371118546 2.3004694357514373 49.466020181775093 3.7104669064283371 56.422807097434998 27.122040748596191 6.2819428443908691 2.0540659427642822
leaf_count=28 172 3 1 383 52 462 24 2 37 57 821 13 3 1
internal_value=-3.33153e-06 -0.00827307 0.0293225 -0.0228761 0.00706107 -0.043432 0.0456545 -0.0504536 0.0475997 -0.0135589 -0.0501468 0.0530082 0.0374562 0.00294093
internal_weight=276.441 239.136 66.9004 172.235 70.1174 102.118 41.9609 28.1565 55.4538 5.98778 95.8299 37.3049 10.1828 3.90089
internal_count=2059 2014 267 1747 461 1286 76 385 95 58 1283 45 32 29
is_linear=0
shrinkage=0.05


Tree=25
num_leaves=15
num_cat=0
split_feature=27 26 2 21 26 2 29 8 4 22 4 28 23 3
split_gain=45.6583 49.2002 117.333 27.4685 26.7954 21.6326 16.508 23.4501 13.7315 1.27762 2.84063 5.0778 1.20649 0.0468873
threshold=-2.2661914825439449 -0.13420197367668149 -0.12264206260442732 3.574245929718018 -0.073231842368841157 -0.081808049231767641 -0.068718336522579179 0.6091810166835786 -1.1180053353309629 1.5611844062805178 1.9518447518348696 0.63161012530326854 0.18754756450653079 -2.0197926759719844
decision_type=2 2 2 2 2 2 2 2 2 2 2 2 2 2
left_child=9 3 4 5 -3 -2 7 -4 -6 10 11 -1 -8 -7
right_child=1 2 6 -5 8 13 12 -9 -10 -11 -12 -13 -14 -15
leaf_value=-0.05850213188531659 0.058682053460063811 0.05802440051215272 0.059239724099988705 0.058579929150773979 -0.0045123235131251703 -0.067887973053000386 0.045659308633766493 -0.059890924288174475 -0.060042630623247863 0.058341615170621731 0.058380741207879075 0.058154060403056131 0.061225041536844972 -0.059461680999374038
leaf_weight=1.7717844881117326 4.1198556423187247 6.4842794612050048 8.6013193130493182 6.1205090284347525 14.083749305456875 1.6981694661080826 16.24229534715414 7.9478484094142905 53.128399439156055 26.017149329185486 6.0262775421142578 1.9700154066085815 53.298980236053467 59.318293139338493
leaf_count=28 2 4 4 3 120 21 34 116 796 13 3 1 24 890
internal_value=-1.614e-06 -0.0081415 0.0072666 -0.0426928 -0.0390422 -0.0522088 0.0469086 0.00202643 -0.0484067 0.0525528 0.0371342 0.00291604 0.0575895 -0.0596962
internal_weight=266.829 231.044 159.787 71.2568 73.6964 65.1363 86.0904 16.5492 67.2121 35.7852 9.76808 3.7418 69.5413 61.0165
internal_count=2059 2014 1098 916 920 913 178 120 916 45 32 29 58 911
is_linear=0
shrinkage=0.05


Tree=26
num_leaves=15
num_cat=0
split_feature=27 25 24 19 25 12 13 13 27 3 11 19 22 4
split_gain=43.044 46.7413 38.6838 37.0521 55.047 25.1327 10.9154 10.0077 8.88295 7.07282 5.46781 1.31952 1.20524 2.67936
threshold=-2.2661914825439449 -0.98474743962287892 0.098474670201540007 0.29478789865970617 0.3390354067087174 -2.3477107286453243 -0.27748751640319819 0.87300080060958873 0.36903989315032965 -1.0669898986816404 0.59206062555313121 -0.28551268577575678 1.5611844062805178 1.9518447518348696
decision_type=2 2 2 2 2 2 2 2 2 2 2 2 2 2
left_child=12 2 -2 5 7 -3 -6 -5 9 -4 -7 -10 13 -1
right_child=1 3 8 4 6 10 -8 -9 11 -11 -12 -13 -14 -15
leaf_value=0.0028927515695710902 -0.058268371116600826 0.058102206063049923 0.058903012694936599 -0.058855241604453594 -0.014319539676118662 -0.058578017828894227 0.056299554869813188 0.054316375314045352 0.058637703040353553 -0.057777672191794562 -0.033257812478314462 0.039009479838253841 0.057868961035620829 0.057905504589275819
leaf_weight=3.587488476186989 10.594099909067152 5.8700467348098746 2.0966103076934806 23.837730746716264 6.5830244943499556 54.61192137748003 32.417493872344494 2.1277973726391783 34.72738778591156 3.4130290374159813 34.977404646575451 11.364343635737894 24.945283174514771 5.7782249450683594
leaf_count=29 172 3 1 383 54 871 22 2 17 57 412 20 13 3
internal_value=-2.59748e-06 -0.00803695 0.0287585 -0.0223022 0.00682546 -0.0421254 0.0443795 -0.0495812 0.0466257 -0.0133766 -0.0486925 0.0537982 0.0521269 0.0368332
internal_weight=256.932 222.621 62.1955 160.425 64.966 95.4594 39.0005 25.9655 51.6014 5.50964 89.5893 46.0917 34.311 9.36571
internal_count=2059 2014 267 1747 461 1286 76 385 95 58 1283 37 45 32
is_linear=0
shrinkage=0.05


Tree=27
num_leaves=15
num_cat=0
split_feature=27 26 2 21 26 2 29 8 4 22 28 11 3 25
split_gain=40.4211 44.5581 105.074 24.6318 23.8533 19.286 15.0995 21.0711 12.7084 2.37724 6.23825 1.24896 0.0291322 0.000183827
threshold=-2.2661914825439449 -0.13420197367668149 -0.12264206260442732 3.574245929718018 -0.073231842368841157 -0.081808049231767641 -0.068718336522579179 0.6091810166835786 -1.1180053353309629 1.5202608704566958 0.63161012530326854 0.3218525648117066 -1.9607907533645628 -1.0941652059555051
decision_type=2 2 2 2 2 2 2 2 2 2 2 2 2 2
left_child=9 3 4 5 -3 -2 7 -4 -6 10 13 -8 -7 -1
right_child=1 2 6 -5 8 12 11 -9 -10 -11 -12 -13 -14 -15
leaf_value=-0.057644501030064244 0.057729856909550639 0.056980247391165084 0.058212461431069208 0.057690819001293282 -0.0043959277536304029 -0.064760526093371781 0.043230761887015072 -0.059062199388246354 -0.059094863380592645 0.057436502604495392 0.057527908079015339 0.060226346283830945 -0.058562271184356557 -0.058718984403008649
leaf_weight=1.0679216794669617 3.7900503873825064 6.0128326639533034 7.9171133041381818 5.6527907848358145 13.546129055321215 1.963917065411805 13.702153801918028 7.4197537265717983 49.13767184317112 27.613190770149231 3.7160426378250122 51.208495855331421 54.595085740089417 0.63460882380604733
leaf_count=18 2 4 4 3 120 27 33 116 796 15 2 25 884 10
internal_value=-5.71593e-07 -0.00791408 0.00724019 -0.0421122 -0.0381492 -0.0514606 0.0460962 0.00147668 -0.0472743 0.0514946 0.0212146 0.0566387 -0.0587775 -0.058045
internal_weight=247.978 214.946 148.944 66.0018 68.6966 60.3491 80.2475 15.3369 62.6838 33.0318 5.41857 64.9106 56.559 1.70253
internal_count=2059 2014 1098 916 920 913 178 120 916 45 30 58 911 28
is_linear=0
shrinkage=0.05


Tree=28
num_leaves=15
num_cat=0
split_feature=27 26 2 21 12 2 29 8 23 22 28 11 3 25
split_gain=38.1391 42.0312 98.5405 23.2365 22.5238 18.1916 14.1115 19.8739 10.5486 2.24556 5.88859 1.3084 0.0253794 0.000156196
threshold=-2.2661914825439449 -0.13420197367668149 -0.12264206260442732 3.574245929718018 -2.9531502723693843 -0.081808049231767641 -0.068718336522579179 0.6091810166835786 0.067392729222774519 1.5202608704566958 0.63161012530326854 0.3218525648117066 -1.9607907533645628 -1.0941652059555051
decision_type=2 2 2 2 2 2 2 2 2 2 2 2 2 2
left_child=9 3 4 5 -3 -2 7 -4 -6 10 13 -8 -7 -1
right_child=1 2 6 -5 8 12 11 -9 -10 -11 -12 -13 -14 -15
leaf_value=-0.057216297308095278 0.057296254300117824 0.054056695343163069 0.057748103766269737 0.057259941814640308 -0.010137252299789656 -0.063985191503225056 0.04204251971412417 -0.058558020652069588 -0.058699754370210071 0.057021474968497167 0.057107099671264962 0.059671548971407751 -0.058087800779724155 -0.05822783954754529
leaf_weight=1.0232481583952928 3.6317986249923697 6.0989924594759932 7.5900113582611066 5.4165366888046256 14.824418265372513 1.8901973888277996 13.392922900617121 7.1171135492622852 45.515492621809244 26.452810525894165 3.5601958036422729 49.152425765991211 52.345882333815098 0.60862116515636433
leaf_count=18 2 7 4 3 150 27 33 116 763 15 2 25 884 10
internal_value=-1.57015e-06 -0.00781773 0.00713531 -0.0417696 -0.0375132 -0.0510389 0.0455341 0.00146491 -0.0467688 0.0511206 0.0210566 0.0558966 -0.0582933 -0.0575936
internal_weight=238.621 206.976 143.691 63.2844 66.4389 57.8679 77.2525 14.7071 60.3399 31.6449 5.19207 62.5453 54.2361 1.63187
internal_count=2059 2014 1098 916 920 913 178 120 913 45 30 58 911 28
is_linear=0
shrinkage=0.05


Tree=29
num_leaves=15
num_cat=0
split_feature=27 11 29 2 8 9 17 3 22 28 17 3 0 1
split_gain=35.9984 39.7186 60.4831 55.8339 45.9461 24.0757 22.2479 9.02449 2.12201 5.56091 0.451713 0.0322075 0.0257619 0.000132881
threshold=-2.2661914825439449 -0.18975859135389325 -0.068718336522579179 -0.23474345356225965 0.14241985231637957 -3.436668753623962 0.54920393228530895 3.6967191696166997 1.5202608704566958 0.63161012530326854 0.12603192776441577 -1.9607907533645628 1.9124959111213686 1.2287006974220278
decision_type=2 2 2 2 2 2 2 2 2 2 2 2 2 2
left_child=8 5 4 6 -3 -2 -4 12 9 13 -5 -6 -7 -1
right_child=1 2 3 10 11 7 -8 -9 -10 -11 -12 -13 -14 -15
leaf_value=-0.057768020938239753 0.057315338424302677 0.057216717785494545 0.057225194504527732 0.064351736836537055 -0.065527122188566947 -0.05744841569850101 -0.05784768304548317 0.053869054713914344 0.056632357477162824 0.05671263570484178 0.054292147342404042 -0.057778311415381547 -0.063508494114850253 -0.056814941423652177
leaf_weight=0.58343732357025391 5.4074808359146109 10.794339299201964 5.3932980298995998 14.421731591224669 1.3850764334201802 47.760831732302904 18.989216700196266 1.8822764419019211 25.331200003623962 3.4095209836959839 49.332789428532124 42.134389370679855 1.8205761536955822 0.98003756999969482
leaf_count=10 3 6 3 6 19 852 330 2 15 2 36 730 27 18
internal_value=-2.32904e-06 -0.00772157 0.00638115 0.031957 -0.0351218 -0.043046 -0.0323941 -0.0535914 0.05077 0.0209085 0.0565677 -0.0580249 -0.0576709 -0.0571706
internal_weight=229.626 199.322 142.451 88.137 54.3138 56.8712 24.3825 51.4637 30.3042 4.973 63.7545 43.5195 49.5814 1.56347
internal_count=2059 2014 1130 375 755 884 333 881 45 30 42 749 879 28
is_linear=0
shrinkage=0.05


Tree=30
num_leaves=15
num_cat=0
split_feature=27 11 29 2 8 9 17 3 22 28 5 3 0 25
split_gain=34.0077 37.4937 57.0027 52.5097 43.3715 22.7285 21.0039 8.51951 2.00598 5.25358 0.469282 0.0242731 0.0223014 0.000113509
threshold=-2.2661914825439449 -0.18975859135389325 -0.068718336522579179 -0.23474345356225965 0.14241985231637957 -3.436668753623962 0.54920393228530895 3.6967191696166997 1.5202608704566958 0.63161012530326854 0.18225488811731341 -1.9004762172698972 1.9124959111213686 -1.0941652059555051
decision_type=2 2 2 2 2 2 2 2 2 2 2 2 2 2
left_child=8 5 4 6 -3 -2 -4 12 9 13 -5 -6 -7 -1
right_child=1 2 3 10 11 7 -8 -9 -10 -11 -12 -13 -14 -15
leaf_value=-0.056437920378019035 0.056908948824856802 0.056815516217267742 0.056823649412265753 0.047324094411862853 -0.063837074246677519 -0.057041283013864408 -0.057418687277916748 0.05320217462005862 0.056267240096135443 0.056342565956556734 0.058159780843869628 -0.057353350121008395 -0.062790918449887601 -0.057337916272415683
leaf_weight=0.93823027610779053 5.1795551776885977 10.338561296463011 5.1655974388122585 12.568886041641234 1.4972543455660332 45.747555743902922 18.194635670632124 1.8123546577990044 24.2481769323349 3.2639991044998169 48.741163671016693 40.207163892686367 1.7510739229619492 0.55911907181143761
leaf_count=18 3 6 3 14 22 852 330 2 15 2 28 727 27 10
internal_value=-3.63109e-06 -0.00765711 0.00632124 0.0316333 -0.0348597 -0.0427279 -0.0321565 -0.0531936 0.050441 0.0207697 0.0559384 -0.0575861 -0.0572532 -0.056774
internal_weight=220.213 191.204 136.713 84.6703 52.043 54.4905 23.3602 49.311 29.0095 4.76135 61.31 41.7044 47.4986 1.49735
internal_count=2059 2014 1130 375 755 884 333 881 45 30 42 749 879 28
is_linear=0
shrinkage=0.05


Tree=31
num_leaves=15
num_cat=0
split_feature=27 11 29 2 8 9 17 3 22 28 5 3 0 1
split_gain=32.1391 35.4076 53.7511 49.4162 40.9585 21.4649 19.8377 8.04605 1.89694 4.96512 0.492312 0.0210747 0.0193056 9.67021e-05
threshold=-2.2661914825439449 -0.18975859135389325 -0.068718336522579179 -0.23474345356225965 0.14241985231637957 -3.436668753623962 0.54920393228530895 3.6967191696166997 1.5202608704566958 0.63161012530326854 0.18225488811731341 -1.9004762172698972 1.9124959111213686 1.2287006974220278
decision_type=2 2 2 2 2 2 2 2 2 2 2 2 2 2
left_child=8 5 4 6 -3 -2 -4 12 9 13 -5 -6 -7 -1
right_child=1 2 3 10 11 7 -8 -9 -10 -11 -12 -13 -14 -15
leaf_value=-0.056933543392225838 0.056527737658722134 0.05643919577875546 0.056446999360400554 0.046402075651145624 -0.063112838336557148 -0.056658931700401149 -0.057015863747478635 0.052540523452950606 0.055924384489076488 0.055995115134907007 0.057685805665520062 -0.056952309606444276 -0.06211545859902539 -0.056084627659716738
leaf_weight=0.53553473204374558 4.9593294858932486 9.8982541561126691 4.9456244707107571 12.187453903257845 1.4401607513427723 43.802640795707703 17.426451340317726 1.745128646492957 23.203405261039734 3.1235892772674561 46.735329665243626 38.508728869259357 1.6833262406289566 0.8979492075741291
leaf_count=10 3 6 3 14 22 852 330 2 15 2 28 727 27 18
internal_value=-4.66758e-06 -0.00759645 0.00626546 0.0313313 -0.0346139 -0.0424281 -0.0319335 -0.0528186 0.0501321 0.0206393 0.0553519 -0.0571744 -0.0568609 -0.0564018
internal_weight=211.093 183.332 131.142 81.2949 49.8471 52.1904 22.3721 47.2311 27.7605 4.55707 58.9228 39.9489 45.486 1.43348
internal_count=2059 2014 1130 375 755 884 333 881 45 30 42 749 879 28
is_linear=0
shrinkage=0.05


Tree=32
num_leaves=15
num_cat=0
split_feature=27 25 24 12 2 20 8 27 3 22 28 19 27 3
split_gain=30.3836 33.475 27.6744 26.3669 28.3151 28.3579 6.38885 6.23733 5.01068 1.79441 4.69415 0.957992 0.00171309 0.000426406
threshold=-2.2661914825439449 -0.98474743962287892 0.098474670201540007 -2.225916743278503 1.1781162023544314 0.68702754378318798 -0.095159824937582002 0.36903989315032965 -1.0669898986816404 1.5202608704566958 0.63161012530326854 -0.73820728063583363 0.36903989315032965 0.9122024178504945
decision_type=2 2 2 2 2 2 2 2 2 2 2 2 2 2
left_child=9 2 12 -3 6 -6 -5 8 -4 10 -1 -9 -2 -14
right_child=1 3 7 4 5 -7 -8 11 -10 -11 -12 -13 13 -15
leaf_value=-0.056052202169426572 -0.055667174586232548 0.051844791564337626 0.056280505074371101 -0.056311622747071001 -0.05668455006496044 0.056023457131575631 -0.029517727546825353 0.056351887145781411 -0.055533711655770472 0.055602201932030838 0.055668664809438932 0.038517270887942656 -0.056628162912542905 -0.058534629832844555
leaf_weight=1.3718604966998125 7.0493018403649312 11.284492656588553 1.6200729608535755 39.728062249720097 8.3492937386035937 16.831675887107849 50.564507536590099 25.857390642166138 2.6260114274919033 22.196415424346924 2.9882324934005737 10.623065412044523 0.51514516025781609 0.68104213103652
leaf_count=28 151 16 1 806 163 11 751 16 57 15 2 21 10 11
internal_value=-5.74345e-06 -0.00753876 0.0275704 -0.0211029 -0.0282316 0.0186527 -0.0413068 0.0444828 -0.0128715 0.0498418 0.0205168 0.0511585 -0.0559641 -0.0577136
internal_weight=202.287 175.73 48.972 126.758 115.474 25.181 90.2926 40.7265 4.24608 26.5565 4.36009 36.4805 8.24549 1.19619
internal_count=2059 2014 267 1747 1731 174 1557 95 58 45 30 37 172 21
is_linear=0
shrinkage=0.05


Tree=33
num_leaves=15
num_cat=0
split_feature=3 9 10 16 1 4 10 23 4 19 2 15 0 4
split_gain=28.7124 33.1604 20.7777 33.7049 25.931 18.2947 13.5801 16.0301 7.03727 4.10987 3.80044 3.74519 4.28458 2.53425
threshold=-2.1149071455001827 1.0307637453079226 0.27819429337978369 0.064209643751382842 -0.9786749780178069 -0.23420219868421552 -0.49124005436897272 0.94111195206642162 1.52790242433548 -0.86752399802207936 1.6749994754791262 -0.18471291661262509 3.6228972673416142 0.48043864965438848
decision_type=2 2 2 2 2 2 2 2 2 2 2 2 2 2
left_child=13 2 4 8 -2 -5 11 -8 -4 -6 -9 12 -3 -1
right_child=1 6 3 5 9 -7 7 10 -10 -11 -12 -13 -14 -15
leaf_value=0.019961825237173884 0.038523620171073282 -0.056382235011540029 -0.056068555622360343 -0.057035795970621278 -0.0077137211509633223 0.053491244611473837 -0.057935454085816879 -0.0085208267569551795 0.055797330261494665 -0.056310152395830905 0.055321031609513904 0.053214595148038515 0.05626122193322719 0.054667807907264956
leaf_weight=6.9437705464661148 9.0398293994367105 1.7672676257789162 18.508928477764133 4.4138708934187916 4.7297971472144118 24.666563961654902 8.489593159407379 3.4725741595029813 1.5214470624923695 54.28243250772357 7.0917456150054932 27.121271628886461 1.6162053346633911 21.691020525991917
leaf_count=38 29 36 391 89 55 27 164 38 1 1136 5 33 1 16
internal_value=-1.22065e-06 -0.00794528 -0.022448 0.00233799 -0.0403351 0.0367153 0.0263409 -0.0067763 -0.0475716 -0.0524152 0.0343357 0.0470266 -0.00257511 0.0462518
internal_weight=195.356 166.722 117.163 49.1108 68.0521 29.0804 49.5587 19.0539 20.0304 59.0122 10.5643 30.5047 3.38347 28.6348
internal_count=2059 2005 1728 508 1220 116 277 207 392 1191 43 70 37 54
is_linear=0
shrinkage=0.05


Tree=34
num_leaves=15
num_cat=0
split_feature=27 26 2 21 26 2 29 8 4 22 28 23 3 25
split_gain=27.1801 30.9603 71.4076 16.8923 16.7344 13.0126 10.4378 14.4131 9.99884 1.61349 4.20997 0.913409 0.0144211 8.24225e-05
threshold=-2.2661914825439449 -0.13420197367668149 -0.12264206260442732 3.574245929718018 -0.073231842368841157 -0.081808049231767641 -0.068718336522579179 0.6091810166835786 -1.1180053353309629 1.5202608704566958 0.63161012530326854 0.24694473296403888 -1.8549364805221555 -1.0317835211753843
decision_type=2 2 2 2 2 2 2 2 2 2 2 2 2 2
left_child=9 3 4 5 -3 -2 7 -4 -6 10 13 -8 -7 -1
right_child=1 2 6 -5 8 12 11 -9 -10 -11 -12 -13 -14 -15
leaf_value=-0.05514100278524578 0.055217227725938046 0.054514647005141283 0.05554701262065305 0.055284181632156641 -0.0023906205291518343 -0.060646771203298012 0.042359499622647935 -0.056392329288705002 -0.056779066420415095 0.055024749721808867 0.055079652863656903 0.057652830221859235 -0.055947325410150552 -0.055994365332468835
leaf_weight=0.82848621532321265 2.7962177991867057 4.6906337812542906 5.8732190132141096 4.2239583730697623 10.934910234063862 1.7005014568567265 13.321820873767136 5.634264562278986 37.191816348582506 20.32707405090332 2.7352422475814819 36.551728010177612 40.807919397950172 0.42971957474946976
leaf_count=19 2 4 4 3 120 30 35 116 796 15 2 23 881 9
internal_value=-4.92617e-06 -0.00733129 0.00698764 -0.0403465 -0.0356351 -0.0492626 0.0436638 0.000739559 -0.0444214 0.0493165 0.0202609 0.0535678 -0.0561353 -0.0554325
internal_weight=188.048 163.727 114.198 49.5286 52.8174 45.3046 61.381 11.5075 48.1267 24.3205 3.99345 49.8735 42.5084 1.25821
internal_count=2059 2014 1098 916 920 913 178 120 916 45 30 58 911 28
is_linear=0
shrinkage=0.05


Tree=35
num_leaves=15
num_cat=0
split_feature=27 26 2 21 26 2 26 25 4 22 28 26 3 25
split_gain=25.707 29.2773 67.0813 15.9757 15.6845 12.3055 10.0208 12.268 9.81734 1.52756 3.98392 0.696194 0.0139952 7.03006e-05
threshold=-2.2661914825439449 -0.13420197367668149 -0.12264206260442732 3.574245929718018 -0.073231842368841157 -0.081808049231767641 0.14040994644165042 -1.2006334662437437 -1.1180053353309629 1.5202608704566958 0.63161012530326854 0.31349839270114904 -1.9607907533645628 -1.0317835211753843
decision_type=2 2 2 2 2 2 2 2 2 2 2 2 2 2
left_child=9 3 4 5 -3 -2 7 -4 -6 10 13 -8 -7 -1
right_child=1 2 6 -5 8 12 11 -9 -10 -11 -12 -13 -14 -15
leaf_value=-0.054865195011558177 0.054936957883576956 0.054076260207116256 0.049684487554497822 0.05500017180976137 -0.0022713627505253457 -0.060548558361200412 0.041608484109017699 -0.05629936995363484 -0.056442337277654575 0.054755766549256568 0.05480745156679924 0.056221153689408443 -0.05563036730073271 -0.055671089403067746
leaf_weight=0.79194184765219977 2.673070788383483 4.4971291199326506 5.8341524489223939 4.0381760597228995 10.933627925813196 1.501946311444043 10.405775707215069 5.1325448453426361 35.583669912070036 19.428291797637939 2.6144379377365112 37.616890907287598 39.161599207669497 0.41107542812824249
leaf_count=19 2 4 11 3 120 27 36 105 796 15 2 26 884 9
internal_value=-6.24426e-06 -0.00725572 0.00689676 -0.0401176 -0.0350895 -0.0489809 0.0432068 8.2781e-05 -0.0437098 0.0490742 0.0201589 0.0530548 -0.055812 -0.0551406
internal_weight=180.624 157.379 110.004 47.3748 51.0144 43.3366 58.9894 10.9667 46.5173 23.2457 3.81746 48.0227 40.6635 1.20302
internal_count=2059 2014 1098 916 920 913 178 116 916 45 30 62 911 28
is_linear=0
shrinkage=0.05


Tree=36
num_leaves=15
num_cat=0
split_feature=27 26 2 26 21 2 2 14 0 22 28 26 3 25
split_gain=24.3193 27.6939 63.1083 17.2773 15.1135 11.6404 10.8812 17.5256 7.39651 1.44658 3.77106 0.413647 0.0121989 5.99959e-05
threshold=-2.2661914825439449 -0.13420197367668149 -0.23474345356225965 -0.021943949162960049 3.574245929718018 -0.081808049231767641 0.20441126823425296 0.82929816842079174 3.6228972673416142 1.5202608704566958 0.63161012530326854 0.29754005372524267 -1.9607907533645628 -1.0317835211753843
decision_type=2 2 2 2 2 2 2 2 2 2 2 2 2 2
left_child=9 4 3 -3 5 -2 7 -4 -5 10 13 -8 -7 -1
right_child=1 2 6 8 -6 12 11 -9 -10 -11 -12 -13 -14 -15
leaf_value=-0.05460545755195554 0.054673054194437576 0.055331727908569377 0.03864452664312245 -0.055481740075896985 0.054732761292951376 -0.060021645399823256 0.043725030718946213 -0.060146536404707324 0.055946341640611144 0.054502389720528711 0.054551071554557989 0.055837989411160464 -0.055333417243160515 -0.0553668522751301
leaf_weight=0.756810963153842 2.5546665191650382 4.2473316192626944 15.248260259628298 36.712847378104925 3.8595242500305167 1.4409198015928257 8.9689319282770139 6.3625083230435839 1.5522519350051869 18.56450366973877 2.498322606086731 32.908634543418884 37.446518212556839 0.39312129840254784
leaf_count=19 2 3 59 861 3 27 28 122 1 15 2 24 884 9
internal_value=-7.79258e-06 -0.00718003 0.00680429 -0.040342 -0.0399018 -0.0487152 0.0383739 0.00955908 -0.0509616 0.048846 0.0200628 0.0532438 -0.0555071 -0.0548658
internal_weight=173.515 151.302 106.001 42.5124 45.3016 41.4421 63.4883 21.6108 38.2651 22.2128 3.64825 41.8776 38.8874 1.14993
internal_count=2059 2014 1098 865 916 913 233 181 862 45 30 52 911 28
is_linear=0
shrinkage=0.05


Tree=37
num_leaves=15
num_cat=0
split_feature=27 11 29 2 8 9 17 3 22 28 5 3 0 25
split_gain=23.0179 26.4181 40.2756 36.6431 29.9605 15.4836 14.9164 6.28146 1.37021 3.57051 0.427891 0.0135577 0.012332 5.12294e-05
threshold=-2.2661914825439449 -0.18975859135389325 -0.068718336522579179 -0.23474345356225965 0.14241985231637957 -3.436668753623962 0.54920393228530895 3.6967191696166997 1.5202608704566958 0.63161012530326854 0.18225488811731341 -1.9004762172698972 1.9124959111213686 -1.0317835211753843
decision_type=2 2 2 2 2 2 2 2 2 2 2 2 2 2
left_child=8 5 4 6 -3 -2 -4 12 9 13 -5 -6 -7 -1
right_child=1 2 3 10 11 7 -8 -9 -10 -11 -12 -13 -14 -15
leaf_value=-0.054360717201628828 0.054709877790272032 0.054694038064220109 0.054897773612394729 0.044314856299147276 -0.060622786462744077 -0.05500356733050156 -0.055358737188996157 0.051168188024816465 0.054263595373400308 0.054309471339290795 0.055809540259476167 -0.055216013623648141 -0.059831237348680413 -0.055080362516994365
leaf_weight=0.7230599597096472 3.8171931505203238 7.684119224548339 3.9420510530471828 10.3631584495306 1.2055901400744939 34.263229817152023 13.828308839350937 1.4444895833730687 17.734847545623779 2.3867825269699097 37.01002786308527 30.288958631455898 1.375933427363633 0.37584433704614639
leaf_count=19 3 6 3 14 22 852 330 2 15 2 28 727 27 9
internal_value=-1.08111e-05 -0.00711852 0.00623453 0.0303276 -0.0338257 -0.041177 -0.0309002 -0.0510471 0.0486309 0.0199723 0.053295 -0.055423 -0.05519 -0.0546068
internal_weight=166.444 145.223 104.322 65.1435 39.1787 40.9008 17.7704 37.0837 21.2205 3.48569 47.3732 31.4945 35.6392 1.0989
internal_count=2059 2014 1130 375 755 884 333 881 45 30 42 749 879 28
is_linear=0
shrinkage=0.05


Tree=38
num_leaves=15
num_cat=0
split_feature=27 11 29 2 8 9 17 3 22 28 5 3 0 25
split_gain=21.7967 24.9973 38.044 34.5286 28.3533 14.6521 14.1163 5.9442 1.29817 3.38146 0.4539 0.0117648 0.0106913 4.3766e-05
threshold=-2.2661914825439449 -0.18975859135389325 -0.068718336522579179 -0.23474345356225965 0.14241985231637957 -3.436668753623962 0.54920393228530895 3.6967191696166997 1.5202608704566958 0.63161012530326854 0.18225488811731341 -1.9004762172698972 1.9124959111213686 -1.0317835211753843
decision_type=2 2 2 2 2 2 2 2 2 2 2 2 2 2
left_child=8 5 4 6 -3 -2 -4 12 9 13 -5 -6 -7 -1
right_child=1 2 3 10 11 7 -8 -9 -10 -11 -12 -13 -14 -15
leaf_value=-0.054129994371287106 0.054459606600824717 0.054444245168243532 0.05463667654734692 0.043425122217395744 -0.060084438495611639 -0.054741937143952812 -0.055078509731544434 0.050579981125614293 0.054038429161862023 0.054081680035734027 0.055462385724856782 -0.054942349789152856 -0.059332348403083671 -0.054810438785722698
leaf_weight=0.69065339118242552 3.6472907066345206 7.3420475721359244 3.767260909080508 10.054614871740339 1.1568075120449091 32.744020208716393 13.219124894589184 1.3896189667284478 16.938424348831177 2.2796986103057861 35.419816911220551 28.951626427471638 1.3195547051727761 0.35923027619719505
leaf_count=19 3 6 3 14 22 852 330 2 15 2 28 727 27 9
internal_value=-1.20433e-05 -0.00707465 0.00618936 0.0300802 -0.0336563 -0.0409674 -0.0307457 -0.0507846 0.0484281 0.019887 0.0528009 -0.0551399 -0.0549198 -0.0543628
internal_weight=159.28 139.012 99.9113 62.4608 37.4505 39.1005 16.9864 35.4532 20.268 3.32958 45.4744 30.1084 34.0636 1.04988
internal_count=2059 2014 1130 375 755 884 333 881 45 30 42 749 879 28
is_linear=0
shrinkage=0.05


Tree=39
num_leaves=15
num_cat=0
split_feature=27 11 29 2 8 9 17 3 22 28 5 0 3 25
split_gain=20.645 23.6586 35.9427 32.5387 26.8395 13.8686 13.3627 5.62656 1.23017 3.20316 0.480713 0.00926671 0.00888604 3.7407e-05
threshold=-2.2661914825439449 -0.18975859135389325 -0.068718336522579179 -0.23474345356225965 0.14241985231637957 -3.436668753623962 0.54920393228530895 3.6967191696166997 1.5202608704566958 0.63161012530326854 0.18225488811731341 1.9124959111213686 -1.8031390905380247 -1.0317835211753843
decision_type=2 2 2 2 2 2 2 2 2 2 2 2 2 2
left_child=8 5 4 6 -3 -2 -4 11 9 13 -5 -7 -6 -1
right_child=1 2 3 10 12 7 -8 -9 -10 -11 -12 -13 -14 -15
leaf_value=-0.053912382558855304 0.054223666132855786 0.054208791313201499 0.054390622260367408 0.042536709114348294 -0.058958716610164254 -0.054495000253503623 -0.054814047771695157 0.049985159784712366 0.053826012208337506 0.053866810940576798 0.055130676200583754 -0.058860082580822287 -0.054683798911754823 -0.054555985718339299
leaf_weight=0.65955457091331771 3.4841245412826529 7.0135387182235709 3.5993306636810329 9.7589570954442006 1.2718173302710081 31.28464438021183 12.633553612977265 1.3371815867722023 16.174304366111755 2.1769475936889648 33.889971978962421 1.2650153301656235 27.504123240709305 0.34326384589076042
leaf_count=19 3 6 3 14 26 852 330 2 15 2 28 27 723 9
internal_value=-1.3325e-05 -0.00703242 0.00614547 0.0298382 -0.0334964 -0.0407684 -0.0306 -0.0505351 0.0482368 0.0198065 0.0523149 -0.0546646 -0.0548727 -0.0541327
internal_weight=152.396 133.042 95.6713 59.8818 35.7895 37.371 16.2329 33.8868 19.3541 3.17977 43.6489 32.5497 28.7759 1.00282
internal_count=2059 2014 1130 375 755 884 333 881 45 30 42 879 749 28
is_linear=0
shrinkage=0.05


Tree=40
num_leaves=15
num_cat=0
split_feature=27 25 24 12 2 20 8 19 24 22 28 27 5 3
split_gain=19.5582 22.4303 18.3454 17.2493 17.4843 18.288 4.89034 3.96113 7.81241 1.16597 3.03493 0.000444144 0.000162584 9.44181e-05
threshold=-2.2661914825439449 -0.98474743962287892 0.098474670201540007 -2.225916743278503 1.1781162023544314 0.68702754378318798 -0.095159824937582002 -0.30119554698467249 1.416005074977875 1.5202608704566958 0.63161012530326854 0.36903989315032965 -0.2016501501202583 0.9122024178504945
decision_type=2 2 2 2 2 2 2 2 2 2 2 2 2 2
left_child=9 2 11 -3 6 -6 -5 -4 -9 10 -1 12 -2 -13
right_child=1 3 7 4 5 -7 -8 8 -10 -11 -12 13 -14 -15
leaf_value=-0.053915565721286633 -0.054131891377637055 0.049748551261777865 0.054367790698350786 -0.054259192970099082 -0.054370917370367269 0.053868038911419905 -0.026789260602110385 -0.056975854812423156 0.046259898292662464 0.053625537423848658 0.053664039351849838 -0.054451294149403057 -0.053559649045160251 -0.055507881348171917
leaf_weight=0.95765464007854761 2.2673030365258446 8.0743061192333681 21.108888387680057 28.296615250408649 5.866135640069845 11.657863199710844 37.90527275018394 2.6658457051962596 5.863011758774519 15.441537261009215 2.0784033536911011 0.37417545169591893 2.7427931651473045 0.48615466803312302
leaf_count=28 65 16 18 806 163 11 751 65 12 15 2 10 86 11
internal_value=-1.46583e-05 -0.00699169 0.0267539 -0.0200444 -0.0267751 0.0176352 -0.0385307 0.0427488 0.0139917 0.0480562 0.0197305 -0.0539988 -0.0538186 -0.0550483
internal_weight=145.786 127.308 35.5082 91.8002 83.7259 17.524 66.2019 29.6377 8.52886 18.4776 3.03606 5.87043 5.0101 0.86033
internal_count=2059 2014 267 1747 1731 174 1557 95 77 45 30 172 151 21
is_linear=0
shrinkage=0.05


Tree=41
num_leaves=15
num_cat=0
split_feature=27 26 2 21 26 2 4 26 25 22 28 26 3 25
split_gain=18.5048 21.6173 48.6419 11.5689 11.5444 8.8733 7.86057 7.73948 9.13286 1.10532 2.87613 0.593531 0.00654199 2.75899e-05
threshold=-2.2661914825439449 -0.13420197367668149 -0.12264206260442732 3.574245929718018 -0.073231842368841157 -0.081808049231767641 -1.1180053353309629 0.14040994644165042 -1.2006334662437437 1.5202608704566958 0.63161012530326854 0.31349839270114904 -1.9607907533645628 -1.0317835211753843
decision_type=2 2 2 2 2 2 2 2 2 2 2 2 2 2
left_child=9 3 4 5 -3 -2 -6 8 -4 10 13 -9 -7 -1
right_child=1 2 7 -5 6 12 -8 11 -10 -11 -12 -13 -14 -15
leaf_value=-0.053512467209923226 0.053565856694322928 0.052467346463840749 0.047770433051636398 0.053621388766172617 -0.0013056454665502984 -0.057930713223596421 -0.055228023423410058 0.039762647820688113 -0.054866220587537012 0.053436253432578275 0.053472604506331595 0.05473644464603046 -0.054137348212789031 -0.054091179348787627
leaf_weight=0.60101976618170838 2.0308265686035147 3.5479239448904982 4.5622618719935399 3.0756299495697013 8.9544387534260732 1.1810727789998079 27.560723833739758 8.5573340356349927 4.1289928406476974 14.739158868789671 1.9839373230934141 29.199760735034943 30.172304419800639 0.3133150041103383
leaf_count=19 2 4 11 3 120 27 796 36 105 15 2 26 884 9
internal_value=-9.22744e-06 -0.00687868 0.00673075 -0.039171 -0.0336386 -0.0477198 -0.0420049 0.0415505 -0.000989616 0.0478858 0.0196588 0.0513428 -0.0542802 -0.0537108
internal_weight=140.609 122.971 86.5114 36.4598 40.0631 33.3842 36.5152 46.4483 8.69125 17.6374 2.89827 37.7571 31.3534 0.914335
internal_count=2059 2014 1098 916 920 913 916 178 116 45 30 62 911 28
is_linear=0
shrinkage=0.05


Tree=42
num_leaves=15
num_cat=0
split_feature=27 26 2 21 26 2 4 29 8 26 22 28 3 25
split_gain=17.5287 20.4769 45.7127 10.9603 10.8267 8.40592 7.72083 7.61391 9.84827 1.42904 1.04802 2.72618 0.00569944 2.36095e-05
threshold=-2.2661914825439449 -0.13420197367668149 -0.12264206260442732 3.574245929718018 -0.073231842368841157 -0.081808049231767641 -1.1180053353309629 -0.068718336522579179 0.6091810166835786 0.15247093886137011 1.5202608704566958 0.63161012530326854 -1.9607907533645628 -1.0317835211753843
decision_type=2 2 2 2 2 2 2 2 2 2 2 2 2 2
left_child=10 3 4 5 -3 -2 -6 8 -4 -9 11 13 -7 -1
right_child=1 2 7 -5 6 12 -8 9 -10 -11 -12 -13 -14 -15
leaf_value=-0.053329447005536629 0.053379874963061083 0.052098423017744602 0.053609849769542542 0.053432422009715444 -0.0012404259094550569 -0.057542631337510308 -0.054988281289260289 0.027379527448005682 -0.054715781786026818 0.055232335775852487 0.053257470264624629 0.053291798991025791 -0.053924015493304313 -0.053877331421667646
leaf_weight=0.57362011633813481 1.9383424520492578 3.3981882818043223 4.1039357185363752 2.9357148408889762 8.9540006481111032 1.130856435745957 26.327985117211938 5.4143091030418864 4.292941115796566 30.815339386463165 14.066197872161863 1.8934203982353208 28.811458276584744 0.29918749257922372
leaf_count=19 2 4 4 3 120 27 796 31 116 27 15 2 884 9
internal_value=-1.09706e-05 -0.00681327 0.00664493 -0.0390153 -0.0331384 -0.0475283 -0.0413479 0.0411272 -0.00177212 0.0510699 0.0477248 0.0195911 -0.0540607 -0.0535173
internal_weight=134.955 118.123 83.3067 34.8164 38.6802 31.8807 35.282 44.6265 8.39688 36.2296 16.8324 2.76623 29.9423 0.872808
internal_count=2059 2014 1098 916 920 913 916 178 120 58 45 30 911 28
is_linear=0
shrinkage=0.05


Tree=43
num_leaves=15
num_cat=0
split_feature=27 26 2 21 12 2 23 29 8 14 22 28 3 25
split_gain=16.6073 19.4019 43 10.3859 10.268 7.96481 7.23496 7.14002 9.32968 1.85982 0.993856 2.58451 0.00496427 2.02102e-05
threshold=-2.2661914825439449 -0.13420197367668149 -0.12264206260442732 3.574245929718018 -2.9531502723693843 -0.081808049231767641 0.067392729222774519 -0.068718336522579179 0.6091810166835786 -0.30579572916030878 1.5202608704566958 0.63161012530326854 -1.9607907533645628 -1.0317835211753843
decision_type=2 2 2 2 2 2 2 2 2 2 2 2 2 2
left_child=10 3 4 5 -3 -2 -6 8 -4 -9 11 13 -7 -1
right_child=1 2 7 -5 6 12 -8 9 -10 -11 -12 -13 -14 -15
leaf_value=-0.053156540748139129 0.05320418681247957 0.049892588331210852 0.053421427840946389 0.053253923499331529 -0.0028131333173028452 -0.057174350757335707 -0.054936880680112148 0.01986208190851348 -0.054473878936509457 0.054923392798058225 0.053088538155215609 0.053120973409114196 -0.053722328300022007 -0.053675376370963035
leaf_weight=0.54737433232367139 1.8497429490089441 3.4233632180839768 3.9172052741050702 2.8016618490219107 9.0956052187830192 1.082457654178145 24.835199844092131 4.3181965649127951 4.1012472417205572 30.477140724658966 13.421681821346281 1.8067227005958555 27.50659629330039 0.28563966602087221
leaf_count=19 2 7 4 3 150 27 763 30 116 28 15 2 884 9
internal_value=-1.18682e-05 -0.006751 0.00656588 -0.0388681 -0.0326377 -0.0473472 -0.0409644 0.0407702 -0.00176445 0.0505722 0.0475726 0.0195271 -0.053853 -0.0533344
internal_weight=129.47 113.408 80.168 33.2405 37.3542 30.4388 33.9308 42.8138 8.01845 34.7953 16.0614 2.63974 28.5891 0.833014
internal_count=2059 2014 1098 916 920 913 913 178 120 58 45 30 911 28
is_linear=0
shrinkage=0.05


Tree=44
num_leaves=15
num_cat=0
split_feature=27 11 29 2 8 17 9 3 22 28 23 0 3 25
split_gain=15.7362 18.6376 28.6056 25.319 20.6328 10.6795 10.6157 4.91685 0.942641 2.45064 0.451604 0.00532194 0.00492472 1.73063e-05
threshold=-2.2661914825439449 -0.18975859135389325 -0.068718336522579179 -0.23474345356225965 0.14241985231637957 0.54920393228530895 -3.436668753623962 3.6967191696166997 1.5202608704566958 0.63161012530326854 0.57686790823936474 1.9124959111213686 -1.8031390905380247 -1.0317835211753843
decision_type=2 2 2 2 2 2 2 2 2 2 2 2 2 2
left_child=8 6 4 5 -3 -4 -2 11 9 13 -5 -8 -6 -1
right_child=1 2 3 10 12 -7 7 -9 -10 -11 -12 -13 -14 -15
leaf_value=-0.052993130116028957 0.053253484144426627 0.053222127623269458 0.053580442730843586 0.055749137001714216 -0.057204177338968321 -0.053849842288222219 -0.053595510765597654 0.049616149819377738 0.052928862044515773 0.052959517877712504 0.044444775280574639 -0.057214979576882402 -0.053702963132745953 -0.053484587028188119
leaf_weight=0.52224354818463248 2.7798067331314114 5.5694625377655056 2.9830133914947501 20.884182929992676 1.0516250245273138 10.304582219570873 25.409102402627475 1.2029760777950276 12.804641306400297 1.7237148284912107 15.313159570097922 1.0578774884343136 22.340410556644201 0.27265359647572063
leaf_count=19 3 6 3 17 26 330 852 2 15 2 25 27 723 9
internal_value=-1.24255e-05 -0.00668809 0.00619928 0.0292977 -0.0332678 -0.0297322 -0.0398893 -0.0492467 0.0474288 0.0194667 0.0509669 -0.0537402 -0.0538604 -0.0531617
internal_weight=124.219 108.896 78.4464 49.4849 28.9615 13.2876 30.4498 27.67 15.3233 2.51861 36.1973 26.467 23.392 0.794897
internal_count=2059 2014 1130 375 755 333 884 881 45 30 42 879 749 28
is_linear=0
shrinkage=0.05


Tree=45
num_leaves=15
num_cat=0
split_feature=27 11 29 2 8 17 9 3 22 28 5 0 3 25
split_gain=14.9211 17.6579 27.0438 23.8591 19.5551 10.1211 10.059 4.65913 0.894198 2.32408 0.482423 0.00460982 0.00427665 1.48237e-05
threshold=-2.2661914825439449 -0.18975859135389325 -0.068718336522579179 -0.23474345356225965 0.14241985231637957 0.54920393228530895 -3.436668753623962 3.6967191696166997 1.5202608704566958 0.63161012530326854 0.18225488811731341 1.9124959111213686 -1.8031390905380247 -1.0317835211753843
decision_type=2 2 2 2 2 2 2 2 2 2 2 2 2 2
left_child=8 6 4 5 -3 -4 -2 11 9 13 -5 -8 -6 -1
right_child=1 2 3 10 12 -7 7 -9 -10 -11 -12 -13 -14 -15
leaf_value=-0.052838646084724918 0.053085007411215905 0.053055150084761873 0.053394300293916667 0.0399330125186593 -0.056848770659235173 -0.053653300490543954 -0.053411944380831126 0.049046872341950008 0.052777883822476848 0.052806866349764739 0.053781583326158525 -0.056855435910748535 -0.053513401337165326 -0.053304271578153796
leaf_weight=0.49818915314972323 2.6524138450622585 5.3140890598297146 2.8471720814704886 8.2452788650989515 1.0064323786646152 9.8370208851993066 24.250853698700674 1.1572551503777493 12.214114010334013 1.6442682743072508 26.500611774623394 1.0124867595732201 21.324230851605535 0.26021127961576007
leaf_count=19 3 6 3 14 26 330 852 2 15 2 28 27 723 9
internal_value=-1.42021e-05 -0.00665358 0.00615827 0.0290688 -0.0331494 -0.0296247 -0.0397375 -0.0490561 0.0472929 0.0194095 0.0504953 -0.05355 -0.0536637 -0.0529984
internal_weight=118.765 104.148 75.0748 47.4301 27.6448 12.6842 29.073 26.4206 14.6168 2.40267 34.7459 25.2633 22.3307 0.7584
internal_count=2059 2014 1130 375 755 333 884 881 45 30 42 879 749 28
is_linear=0
shrinkage=0.05


Tree=46
num_leaves=15
num_cat=0
split_feature=27 25 24 12 2 20 27 19 24 22 28 27 14 2
split_gain=14.1503 16.7948 13.724 12.6283 12.3814 13.2521 4.10728 3.04133 5.67904 0.848366 2.20441 0.000173103 0.000171664 9.3862e-05
threshold=-2.2661914825439449 -0.98474743962287892 0.098474670201540007 -2.225916743278503 1.1781162023544314 0.68702754378318798 -0.21637398004531858 -0.30119554698467249 1.416005074977875 1.5202608704566958 0.63161012530326854 -0.18371953070163724 -0.75988733768463124 0.41734027862548834
decision_type=2 2 2 2 2 2 2 2 2 2 2 2 2 2
left_child=9 2 11 -3 6 -6 -5 -4 -9 10 -1 13 -13 -2
right_child=1 3 7 4 5 -7 -8 8 -10 -11 -12 12 -14 -15
leaf_value=-0.052843988282105993 -0.053058586793526333 0.048450290768115439 0.053400974411120711 -0.021585911173636708 -0.053171759377215203 0.052815122996258783 -0.049696706907283367 -0.055252482510792345 0.044610510467256288 0.052635085429623245 0.052662498113429247 -0.054354128923941848 -0.053106802112800527 -0.052515695205488482
leaf_weight=0.72346758656203691 2.0138251651078494 6.2628887929022303 16.593807339668277 24.020656934007999 4.4339221883565179 8.808385491371153 28.307131569832567 2.0736948382109395 4.5416450444608927 11.649148821830748 1.5682558417320249 0.42317749559879303 0.7922640163451431 1.3167375884950159
leaf_count=28 75 16 18 580 163 11 977 65 12 15 2 12 29 56
internal_value=-1.58087e-05 -0.00662033 0.0264123 -0.0193836 -0.0258627 0.0173275 -0.0367927 0.0419728 0.0133067 0.0471643 0.0193555 -0.0530303 -0.0535411 -0.052844
internal_weight=113.529 99.5881 27.7552 71.833 65.5701 13.2423 52.3278 23.2091 6.61534 13.9409 2.29172 4.546 1.21544 3.33056
internal_count=2059 2014 267 1747 1731 174 1557 95 77 45 30 172 41 131
is_linear=0
shrinkage=0.05


Tree=47
num_leaves=15
num_cat=0
split_feature=27 11 29 2 8 17 9 3 22 28 29 0 3 25
split_gain=13.4 16.0509 24.701 21.7332 17.6352 9.16072 9.04887 4.49816 0.804991 2.0912 0.644941 0.00393869 0.00343118 1.09513e-05
threshold=-2.2661914825439449 -0.18975859135389325 -0.068718336522579179 -0.23474345356225965 0.14241985231637957 0.54920393228530895 -3.436668753623962 3.6967191696166997 1.5202608704566958 0.63161012530326854 0.29625937342643743 1.9124959111213686 -1.8031390905380247 -1.0317835211753843
decision_type=2 2 2 2 2 2 2 2 2 2 2 2 2 2
left_child=8 6 4 5 -3 -4 -2 11 9 13 -5 -8 -6 -1
right_child=1 2 3 10 12 -7 7 -9 -10 -11 -12 -13 -14 -15
leaf_value=-0.052553958011916327 0.052787549050872642 0.052751217351993222 0.053066180431676838 0.037213789103648962 -0.05630906868319531 -0.053341655300140747 -0.05311578835761064 0.048836606774997793 0.052499984211927878 0.052525913367000625 0.053863212038666987 -0.056425606837469215 -0.053202241063729609 -0.052973447558036194
leaf_weight=0.45309511572122496 2.4234234094619778 4.8400694131851223 2.6026714444160453 7.604906551539897 0.93088964745402591 9.0762100238352996 22.328871222212918 1.1315411031246174 11.108808338642119 1.4955521225929258 24.733616411685944 0.93654203414916892 19.60318610817194 0.23694679886102699
leaf_count=19 3 6 3 15 26 330 852 2 15 2 27 27 723 9
internal_value=-9.93455e-06 -0.00651158 0.00618493 0.0288343 -0.0331058 -0.0296284 -0.0393609 -0.0485142 0.0470426 0.0193043 0.0499478 -0.053249 -0.0533431 -0.052698
internal_weight=109.506 96.2119 69.3915 44.0174 25.3741 11.6789 26.8204 24.397 13.2944 2.18559 32.3385 23.2654 20.5341 0.690042
internal_count=2059 2014 1130 375 755 333 884 881 45 30 42 879 749 28
is_linear=0
shrinkage=0.05


Tree=48
num_leaves=15
num_cat=0
split_feature=27 11 29 2 8 17 9 3 22 28 29 0 3 25
split_gain=12.7113 15.2136 23.3628 20.4881 16.7223 8.686 8.57793 4.26433 0.76393 1.98409 0.685255 0.00341553 0.00297956 9.38788e-06
threshold=-2.2661914825439449 -0.18975859135389325 -0.068718336522579179 -0.23474345356225965 0.14241985231637957 0.54920393228530895 -3.436668753623962 3.6967191696166997 1.5202608704566958 0.63161012530326854 0.29625937342643743 1.9124959111213686 -1.8031390905380247 -1.0317835211753843
decision_type=2 2 2 2 2 2 2 2 2 2 2 2 2 2
left_child=8 6 4 5 -3 -4 -2 11 9 13 -5 -8 -6 -1
right_child=1 2 3 10 12 -7 7 -9 -10 -11 -12 -13 -14 -15
leaf_value=-0.05242320339109733 0.052644403473774505 0.052609868969362872 0.052908196816861798 0.03625022974029659 -0.056000208905009875 -0.053172296448085167 -0.052957809904172509 0.048253436366110292 0.052372130134223371 0.052396666549076334 0.053668463526898136 -0.05610953424706791 -0.053039554344083667 -0.052820895480076437
leaf_weight=0.43204524926841181 2.3113415241241482 4.6160736680030849 2.4829434156417838 7.4214241132140186 0.89024991542101162 8.6603619363158924 21.30163914710284 1.0890377946197976 10.592170655727385 1.4260337352752683 23.610560655593872 0.89575782977044482 18.70287805609405 0.22602527588605903
leaf_count=19 3 6 3 15 26 330 852 2 15 2 27 27 723 9
internal_value=-1.14821e-05 -0.00648024 0.0061468 0.0286198 -0.0330038 -0.0295355 -0.0392268 -0.0483457 0.0469275 0.0192559 0.0495028 -0.053085 -0.0531741 -0.0525598
internal_weight=104.659 91.9823 66.3845 42.1753 24.2092 11.1433 25.5978 23.2864 12.6763 2.0841 31.032 22.1974 19.5931 0.658071
internal_count=2059 2014 1130 375 755 333 884 881 45 30 42 879 749 28
is_linear=0
shrinkage=0.05


Tree=49
num_leaves=15
num_cat=0
split_feature=27 11 29 2 8 17 9 3 2 22 28 0 3 25
split_gain=12.0594 14.4218 22.0984 19.3128 15.8592 8.23721 8.13254 4.04338 0.730719 0.725052 1.88271 0.00296103 0.00243903 8.04943e-06
threshold=-2.2661914825439449 -0.18975859135389325 -0.068718336522579179 -0.23474345356225965 0.14241985231637957 0.54920393228530895 -3.436668753623962 3.6967191696166997 -0.024657559581100937 1.5202608704566958 0.63161012530326854 1.9124959111213686 -1.5466123223304746 -1.0317835211753843
decision_type=2 2 2 2 2 2 2 2 2 2 2 2 2 2
left_child=9 6 4 5 -3 -4 -2 11 -5 10 13 -8 -6 -1
right_child=1 2 3 8 12 -7 7 -9 -10 -11 -12 -13 -14 -15
leaf_value=-0.052299443824296965 0.052508957689957031 0.052476130331791188 0.052758767708067748 0.034405791537417303 -0.055130690875242631 -0.053011888570696178 -0.05280817615739284 0.04765569315163623 0.053243845253879776 0.052251102574329959 0.052274328646404557 -0.055809298175976296 -0.052859857731972562 -0.052676539027112917
leaf_weight=0.41192211024463055 2.2041440010070827 4.4018529653549221 2.3683692812919608 6.6187671869993236 1.2685477007180477 8.2622886244207603 20.318710966035731 1.0485928989946831 23.162313222885132 10.098332822322844 1.3595796823501585 0.85653921030461688 17.423876253888011 0.21557619795203231
leaf_count=19 3 6 3 13 42 330 852 2 29 15 2 27 707 9
internal_value=-1.30696e-05 -0.00644948 0.00610903 0.0284058 -0.0329072 -0.0294476 -0.0390981 -0.0481836 0.0490571 0.0468185 0.0192101 -0.0529296 -0.053014 -0.052429
internal_weight=100.019 87.934 63.506 40.4117 23.0943 10.6307 24.428 22.2238 29.7811 12.0854 1.98708 21.1753 18.6924 0.627498
internal_count=2059 2014 1130 375 755 333 884 881 42 45 30 879 749 28
is_linear=0
shrinkage=0.05


Tree=50
num_leaves=15
num_cat=0
split_feature=27 11 29 2 8 20 9 3 22 28 5 0 3 25
split_gain=11.4423 13.6729 20.9049 18.3308 15.0428 14.9092 7.7112 3.83459 0.68823 1.78673 0.0237625 0.00256629 0.00212249 6.90333e-06
threshold=-2.2661914825439449 -0.18975859135389325 -0.068718336522579179 -0.12264206260442732 0.14241985231637957 0.74278661608695995 -3.436668753623962 3.6967191696166997 1.5202608704566958 0.63161012530326854 0.57668879628181469 1.9124959111213686 -1.5466123223304746 -1.0317835211753843
decision_type=2 2 2 2 2 2 2 2 2 2 2 2 2 2
left_child=8 6 4 5 -3 -4 -2 11 9 13 -5 -8 -6 -1
right_child=1 2 3 10 12 -7 7 -9 -10 -11 -12 -13 -14 -15
leaf_value=-0.052182273969477388 0.052380764658773143 0.052349559460263956 0.053617311454108696 0.055508833783788819 -0.054882291445943865 -0.056245573091062255 -0.052666409842122119 0.047042130685701705 0.052136507934444014 0.052158497733332226 0.05236138668052838 -0.055524059057365099 -0.052714953540599657 -0.052539901535300651
leaf_weight=0.39269002154469368 2.1016482114791897 4.1970400214195278 4.7127041816711417 9.9458289742469805 1.212003400549295 8.9581184443086368 19.378467720001943 1.0101361237466324 9.6264114975929242 1.2960717082023618 15.102798879146574 0.8188451211899509 16.618512207642198 0.20558224804699443
leaf_count=19 3 6 5 9 42 339 852 2 15 2 22 27 707 9
internal_value=-1.45922e-05 -0.00641941 0.00607214 0.0281955 -0.0328156 -0.0183729 -0.0389743 -0.0480275 0.0467153 0.0191668 0.0536111 -0.0527823 -0.0528623 -0.0523052
internal_weight=95.5769 84.0561 60.747 38.7195 22.0276 13.6708 23.3091 21.2074 11.5208 1.89434 25.0486 20.1973 17.8305 0.598272
internal_count=2059 2014 1130 375 755 344 884 881 45 30 31 879 749 28
is_linear=0
shrinkage=0.05


Tree=51
num_leaves=15
num_cat=0
split_feature=27 11 29 2 8 20 9 0 22 28 5 18 3 25
split_gain=10.8596 12.9654 19.821 17.3767 14.2706 14.1255 7.31248 3.64152 0.653349 1.69585 0.0204113 0.00208644 0.00184632 5.92163e-06
threshold=-2.2661914825439449 -0.18975859135389325 -0.068718336522579179 -0.12264206260442732 0.14241985231637957 0.74278661608695995 -3.436668753623962 3.6228972673416142 1.5202608704566958 0.63161012530326854 0.57668879628181469 2.5299812555313115 -1.5466123223304746 -1.0317835211753843
decision_type=2 2 2 2 2 2 2 2 2 2 2 2 2 2
left_child=8 6 4 5 -3 -4 -2 11 9 13 -5 -8 -6 -1
right_child=1 2 3 10 12 -7 7 -9 -10 -11 -12 -13 -14 -15
leaf_value=-0.05207131888489594 0.052259406337209824 0.052229741003696012 0.053430557971832507 0.055226367546438442 -0.054646043927947488 -0.056015192550314674 -0.0525800571178364 0.046509652564420211 0.052027975829741419 0.052048802217993996 0.052241252483202751 -0.056926394071458636 -0.052577681478913951 -0.052410539568296804
leaf_weight=0.37431416288018104 2.0036749243736294 4.0012754797935512 4.4981356263160697 9.5079299211502093 1.1577516067773128 8.5553896278142911 18.982590075582273 0.97276261448860069 9.1755449175834638 1.235394239425659 14.398429095745085 0.28019718267023463 15.848247595131395 0.19602637179195903
leaf_count=19 3 6 5 9 42 339 870 2 15 2 22 9 707 9
internal_value=-1.46973e-05 -0.00639926 0.00605242 0.028095 -0.0327289 -0.0183011 -0.0388549 -0.0478768 0.0466176 0.0191257 0.0534285 -0.0526433 -0.0527185 -0.0521879
internal_weight=91.1877 80.2064 57.9672 36.9599 21.0073 13.0535 22.2392 20.2355 10.9813 1.80573 23.9064 19.2628 17.006 0.570341
internal_count=2059 2014 1130 375 755 344 884 881 45 30 31 879 749 28
is_linear=0
shrinkage=0.05


Tree=52
num_leaves=15
num_cat=0
split_feature=27 11 29 2 8 20 9 3 22 28 5 0 3 25
split_gain=10.3077 12.2958 18.7962 16.4752 13.5398 13.3847 6.93512 3.47233 0.620299 1.60977 0.0175348 0.00204915 0.00160548 5.0806e-06
threshold=-2.2661914825439449 -0.18975859135389325 -0.068718336522579179 -0.12264206260442732 0.14241985231637957 0.74278661608695995 -3.436668753623962 3.6967191696166997 1.5202608704566958 0.63161012530326854 0.57668879628181469 1.9124959111213686 -1.5466123223304746 -1.0317835211753843
decision_type=2 2 2 2 2 2 2 2 2 2 2 2 2 2
left_child=8 6 4 5 -3 -4 -2 11 9 13 -5 -8 -6 -1
right_child=1 2 3 10 12 -7 7 -9 -10 -11 -12 -13 -14 -15
leaf_value=-0.051966222917046237 0.052144487446412882 0.052116284144910124 0.053253953965154067 0.054959070900095032 -0.054421326148193373 -0.055791968640620804 -0.052404591148741853 0.046287018182389172 0.051925169429044654 0.051944894815631942 0.052127468640278556 -0.055067876235298019 -0.052447610139910034 -0.052288036481284134
leaf_weight=0.35676054842769978 1.910048902034762 3.8142076134681728 4.2925897836685172 9.0870975852012652 1.1057200003415371 8.1698792092502099 17.618716021999724 0.93451953306794067 8.7448928952217084 1.1774346828460691 13.72535055875778 0.7531055249273767 15.111762491986154 0.1868918873369696
leaf_count=19 3 6 5 9 42 339 852 2 15 2 22 27 707 9
internal_value=-1.47964e-05 -0.00638001 0.00603367 0.0279992 -0.0326467 -0.018232 -0.0387398 -0.0477313 0.046525 0.0190868 0.0532554 -0.0525138 -0.0525822 -0.0520769
internal_weight=86.989 76.523 55.3066 35.2749 20.0317 12.4625 21.2164 19.3063 10.466 1.72109 22.8124 18.3718 16.2175 0.543652
internal_count=2059 2014 1130 375 755 344 884 881 45 30 31 879 749 28
is_linear=0
shrinkage=0.05


Tree=53
num_leaves=15
num_cat=0
split_feature=27 11 29 2 8 20 9 0 22 28 5 18 3 25
split_gain=9.78489 11.6622 17.8268 15.623 12.848 12.6845 6.57796 3.29933 0.588978 1.52822 0.0150654 0.00157089 0.0014804 4.35959e-06
threshold=-2.2661914825439449 -0.18975859135389325 -0.068718336522579179 -0.12264206260442732 0.14241985231637957 0.74278661608695995 -3.436668753623962 3.6228972673416142 1.5202608704566958 0.63161012530326854 0.57668879628181469 2.5299812555313115 -1.8031390905380247 -1.0317835211753843
decision_type=2 2 2 2 2 2 2 2 2 2 2 2 2 2
left_child=8 6 4 5 -3 -4 -2 11 9 13 -5 -8 -6 -1
right_child=1 2 3 10 12 -7 7 -9 -10 -11 -12 -13 -14 -15
leaf_value=-0.051866656792343924 0.052035642190873199 0.052008828520448351 0.053086900964361965 0.054706054464996615 -0.054681366010418814 -0.055575641612565091 -0.052331068609947851 0.045760920411302468 0.051827759729715907 0.051846451160735302 0.052019678745288456 -0.056270033041017423 -0.052345516253066993 -0.052171993641375848
leaf_weight=0.33999613858759281 1.8205992579460168 3.635493457317355 4.0957621335983259 8.6828821301460284 0.71100318338721891 7.8009179960936308 17.26074786763639 0.90022436901926894 8.3336388468742353 1.1220834851264951 13.082327246665953 0.25688490644097228 14.752598524093626 0.17816248722374461
leaf_count=19 3 6 5 9 26 339 870 2 15 2 22 9 723 9
internal_value=-1.48856e-05 -0.00636163 0.00601584 0.027908 -0.0325687 -0.0181655 -0.0386293 -0.0475915 0.0464373 0.0190499 0.0530914 -0.0523888 -0.0524529 -0.0519716
internal_weight=82.9733 72.9994 52.761 33.6619 19.0991 11.8967 20.2385 18.4179 9.97388 1.64024 21.7652 17.5176 15.4636 0.518159
internal_count=2059 2014 1130 375 755 344 884 881 45 30 31 879 749 28
is_linear=0
shrinkage=0.05


Tree=54
num_leaves=15
num_cat=0
split_feature=27 11 29 2 8 20 9 3 22 28 5 0 3 25
split_gain=9.28953 11.0621 16.9098 14.8172 12.1931 12.0225 6.23977 3.14759 0.55929 1.45095 0.012945 0.00164987 0.00128359 3.74177e-06
threshold=-2.2661914825439449 -0.18975859135389325 -0.068718336522579179 -0.12264206260442732 0.14241985231637957 0.74278661608695995 -3.436668753623962 3.6967191696166997 1.5202608704566958 0.63161012530326854 0.57668879628181469 1.9124959111213686 -1.8031390905380247 -1.0317835211753843
decision_type=2 2 2 2 2 2 2 2 2 2 2 2 2 2
left_child=8 6 4 5 -3 -4 -2 11 9 13 -5 -8 -6 -1
right_child=1 2 3 10 12 -7 7 -9 -10 -11 -12 -13 -14 -15
leaf_value=-0.051772304914376559 0.051932524467862631 0.051907032656862452 0.052928832536426024 0.054466494804709366 -0.05445344288102464 -0.055365981832772374 -0.052169285528158742 0.045535046540290197 0.05173544913354431 0.051753157615277483 0.051917544135730055 -0.054662202587380526 -0.05222777682042487 -0.052062057140203635
leaf_weight=0.32398884743452039 1.7351594567298914 3.4647989869117763 3.9073505997657758 8.2948216795921343 0.67908650171011586 7.4478550525382161 16.011249597184367 0.8651740662753572 7.9409898519515991 1.0692343115806577 12.46815764904022 0.69240406062453885 14.06394249293953 0.16982223652303063
leaf_count=19 3 6 5 9 26 339 852 2 15 2 22 27 723 9
internal_value=-1.49718e-05 -0.00634406 0.00599889 0.027821 -0.0324948 -0.0181015 -0.0385224 -0.0474561 0.0463542 0.019015 0.0529359 -0.0522726 -0.0523303 -0.051872
internal_weight=79.134 69.63 50.326 32.1182 18.2078 11.3552 19.304 17.5688 9.50404 1.56305 20.763 16.7037 14.743 0.493811
internal_count=2059 2014 1130 375 755 344 884 881 45 30 31 879 749 28
is_linear=0
shrinkage=0.05


Tree=55
num_leaves=15
num_cat=0
split_feature=27 26 2 23 17 21 2 26 25 0 29 22 28 3
split_gain=8.82009 10.4959 23.5033 6.02457 7.37595 5.54219 4.21636 3.89272 4.60012 3.0885 1.02976 0.531144 1.37772 0.000999741
threshold=-2.2661914825439449 -0.13420197367668149 -0.12264206260442732 0.067392729222774519 -0.059210069477558129 3.574245929718018 -0.081808049231767641 0.14040994644165042 -1.2006334662437437 3.6228972673416142 -0.068718336522579179 1.5202608704566958 0.63161012530326854 -1.9607907533645628
decision_type=2 2 2 2 2 2 2 2 2 2 2 2 2 2
left_child=11 5 3 4 -3 6 -2 8 -4 -5 -9 12 -1 -8
right_child=1 2 7 9 -6 -7 13 10 -10 -11 -12 -13 -14 -15
leaf_value=-0.051777471652681206 0.051702040950539041 -0.052265505429185483 0.045672552720914528 -0.053604442212764482 0.052849833208671176 0.051739734731127335 -0.054038632415918213 0.018219453265718052 -0.052582258527633131 0.052423792578605626 0.052869836486899274 0.05164795208497365 0.051664739733225155 -0.052022290409743703
leaf_weight=0.47056312114000132 1.0404752492904723 2.918580487370491 2.4866730179637697 14.651942187920209 3.8975530862808254 1.5859616994857777 0.63976659160108162 2.4336932022124556 2.2866874933242798 0.72060042619705278 18.024447619915009 7.5661769807338715 1.0187838375568388 15.722082598134868
leaf_count=28 2 147 11 767 5 3 27 34 105 1 28 15 2 884
internal_value=-1.50497e-05 -0.00632726 0.00625124 -0.0312857 0.0078408 -0.0377401 -0.0458948 0.0392614 -0.0013966 -0.0486343 0.0487478 0.0462754 0.0189819 -0.0521011
internal_weight=75.464 66.4085 47.4202 22.1887 6.81613 18.9883 17.4023 25.2315 4.77336 15.3725 20.4581 9.05552 1.48935 16.3618
internal_count=2059 2014 1098 920 152 916 913 178 116 768 62 45 30 911
is_linear=0
shrinkage=0.05


Tree=56
num_leaves=15
num_cat=0
split_feature=9 3 29 2 11 10 16 15 1 0 23 19 12 16
split_gain=8.38184 11.1141 6.79442 18.1967 7.18768 4.66171 4.42555 3.31814 2.7176 2.04699 1.78865 1.02282 2.76443 0.279993
threshold=1.0307637453079226 -2.3703261613845821 0.12378700450062753 -0.23474345356225965 -0.13893805444240567 -0.49124005436897272 0.39335298538208013 2.3276606798172002 0.38729429244995123 3.6228972673416142 1.1923606991767886 0.90033072233200084 6.2933125495910653 1.7443463802337649
decision_type=2 2 2 2 2 2 2 2 2 2 2 2 2 2
left_child=1 -1 7 9 -5 11 8 10 -7 -4 -3 -2 -13 -8
right_child=5 2 3 4 -6 6 13 -9 -10 -11 -12 12 -14 -15
leaf_value=0.048892160328772936 0.051440693138392606 -0.052925447040222742 -0.051901116995126055 -0.052440165006171928 0.052635347008403069 -0.053670959838948921 0.022752701434715805 0.034947160637263296 0.030259590452459986 0.051623757309652518 0.030093555911886505 -0.052775708147100031 0.051602746116975962 0.051815397085221537
leaf_weight=6.6473098294809452 10.485688469372692 16.270402424968786 11.690260263159871 1.90586421545595 11.143740892410275 3.8345604166388494 1.3584128255024555 1.2453175596892823 1.2885586842894552 0.49782639741897661 0.6757468581199636 0.93688620254397315 1.964360386133194 2.1253666877746582
leaf_count=18 23 899 702 94 18 187 21 14 19 1 9 46 4 4
internal_value=-1.60186e-05 -0.0113165 -0.020532 -0.00374151 0.0372893 0.0257133 -0.00299516 -0.0438262 -0.0325609 -0.0476726 -0.049615 0.0441709 0.0178963 0.0404831
internal_weight=72.0703 50.0765 43.4292 25.2377 13.0496 21.9938 8.6069 18.1915 5.12312 12.1881 16.9461 13.3869 2.90125 3.48378
internal_count=2059 1755 1737 815 112 304 231 922 206 703 908 73 50 25
is_linear=0
shrinkage=0.05


Tree=57
num_leaves=12
num_cat=0
split_feature=27 11 29 2 8 20 9 0 5 3 18
split_gain=7.9578 9.95994 14.8463 13.2893 10.6639 10.3465 5.3545 2.69885 0.00771475 0.00102682 0.000900471
threshold=-3.0680543184280391 -0.18975859135389325 -0.068718336522579179 -0.12264206260442732 0.14241985231637957 0.74278661608695995 -3.436668753623962 3.6228972673416142 0.57668879628181469 -1.8031390905380247 2.5299812555313115
decision_type=2 2 2 2 2 2 2 2 2 2 2
left_child=-1 6 4 5 -3 -4 -2 10 -5 -6 -8
right_child=1 2 3 8 9 -7 7 -9 -10 -11 -12
leaf_value=0.050811927458788521 0.051657181220695791 0.051674394161464354 0.052505238371649089 0.053692877088327956 -0.05404993208962168 -0.054715719454774325 -0.05190353563655388 0.044715103627744134 0.051641515707939345 -0.051930596208211714 -0.055137326610335262
leaf_weight=6.9259394826367489 1.5036504864692712 3.0677997171878806 3.3939836919307727 7.7181315422058132 0.59933928307145379 6.6749645955860615 14.439372092485423 0.75945468619465906 11.28429129719734 12.315950294956567 0.21852901577949602
leaf_count=18 3 6 5 10 26 349 881 2 23 727 9
internal_value=-1.84171e-05 -0.00569886 0.00658494 0.0278667 -0.0321241 -0.0185743 -0.0384061 -0.04719 0.0524747 -0.0520289 -0.0519517
internal_weight=68.9014 61.9755 45.0545 29.0714 15.9831 10.0689 16.921 15.4174 19.0024 12.9153 14.6579
internal_count=2059 2041 1146 387 759 354 895 892 33 753 890
is_linear=0
shrinkage=0.05


Tree=58
num_leaves=12
num_cat=0
split_feature=27 11 29 2 8 20 9 3 5 0 3
split_gain=7.54851 9.45106 14.0893 12.6115 10.1243 9.81122 5.08109 2.57696 0.00663602 0.00101766 0.000891231
threshold=-3.0680543184280391 -0.18975859135389325 -0.068718336522579179 -0.12264206260442732 0.14241985231637957 0.74278661608695995 -3.436668753623962 3.6967191696166997 0.57668879628181469 1.9124959111213686 -1.8031390905380247
decision_type=2 2 2 2 2 2 2 2 2 2 2
left_child=-1 6 4 5 -3 -4 -2 9 -5 -8 -6
right_child=1 2 3 8 10 -7 7 -9 -10 -11 -12
leaf_value=0.050670603984821941 0.051573818346429635 0.051590079391962231 0.052378106386069892 0.053507190567884055 -0.05385527165281441 -0.054532981937508551 -0.05176873462934313 0.044504478449055404 0.051559052640871433 -0.053902635429489122 -0.05183431159688217
leaf_weight=6.6060734167695037 1.4325702190399194 2.9228302240371695 3.2360954284667987 7.366548120975497 0.5721178045496299 6.3701637862250209 13.38842933159321 0.73005082830786783 10.750684291124342 0.58305381517857391 11.736506703309717
leaf_count=18 3 6 5 10 26 349 863 2 23 27 727
internal_value=-1.86338e-05 -0.00568562 0.00656964 0.027795 -0.0320637 -0.0185175 -0.0383137 -0.0470726 0.0523512 -0.0518578 -0.0519282
internal_weight=65.6951 59.0891 42.9549 27.7235 15.2315 9.60626 16.1341 14.7015 18.1172 13.9715 12.3086
internal_count=2059 2041 1146 387 759 354 895 892 33 890 753
is_linear=0
shrinkage=0.05


Tree=59
num_leaves=12
num_cat=0
split_feature=27 11 29 2 8 20 9 0 5 3 21
split_gain=7.15993 8.96888 13.3724 11.9696 9.61297 9.30462 4.822 2.45161 0.00570833 0.0007733 0.000719415
threshold=-3.0680543184280391 -0.18975859135389325 -0.068718336522579179 -0.12264206260442732 0.14241985231637957 0.74278661608695995 -3.436668753623962 3.6228972673416142 0.57668879628181469 -1.8031390905380247 2.1572405099868779
decision_type=2 2 2 2 2 2 2 2 2 2 2
left_child=-1 6 4 5 -3 -4 -2 10 -5 -6 -8
right_child=1 2 3 8 9 -7 7 -9 -10 -11 -12
leaf_value=0.050526620717960817 0.051494768550828678 0.051510136503887319 0.052257662150447505 0.053331109551008317 -0.053669939433285942 -0.054356037174066285 -0.051706615856086338 0.043985547820263649 0.051480848364952737 -0.051742942889923142 -0.05401963861748682
leaf_weight=6.3013515695929518 1.3647420108318318 2.7844881415367082 3.0851847827434558 7.0298284292221132 0.54604711662977479 6.0787160219624639 12.969024677760894 0.7038282938301571 10.241509914398192 11.183326780796053 0.34511629492044527
leaf_count=18 3 6 5 10 26 349 874 2 23 727 16
internal_value=-1.88635e-05 -0.00567295 0.00655508 0.0277266 -0.0320063 -0.0184627 -0.0382242 -0.046959 0.0522339 -0.0518327 -0.0517666
internal_weight=62.6332 56.3318 40.9491 26.4352 14.5139 9.1639 15.3827 14.018 17.2713 11.7294 13.3141
internal_count=2059 2041 1146 387 759 354 895 892 33 753 890
is_linear=0
shrinkage=0.05


Tree=60
num_leaves=12
num_cat=0
split_feature=27 11 29 2 8 20 9 3 5 0 3
split_gain=6.79095 8.51177 12.6932 11.3617 9.12826 8.82509 4.57637 2.34243 0.0049105 0.000837373 0.000615126
threshold=-3.0680543184280391 -0.18975859135389325 -0.068718336522579179 -0.12264206260442732 0.14241985231637957 0.74278661608695995 -3.436668753623962 3.6967191696166997 0.57668879628181469 1.9124959111213686 -1.5466123223304746
decision_type=2 2 2 2 2 2 2 2 2 2 2
left_child=-1 6 4 5 -3 -4 -2 9 -5 -8 -6
right_child=1 2 3 8 10 -7 7 -9 -10 -11 -12
leaf_value=0.050379190646240447 0.051419798204984803 0.051434326089994598 0.05214353709133606 0.05316411259494537 -0.053105339048737057 -0.054184749997957776 -0.05159698236260727 0.043782972472798304 0.051406669987007464 -0.053616623582274384 -0.051640970579041545
leaf_weight=6.0111347939819089 1.3000277280807484 2.6524924635887102 2.9409795105457324 6.7074540257453981 0.77021810691803239 5.8000720720738173 12.152874959632749 0.67684024572372514 9.7557283639907819 0.53585831169039089 10.406184794381263
leaf_count=18 3 6 5 10 42 349 863 2 23 27 711
internal_value=-1.91139e-05 -0.00566079 0.00654121 0.0276613 -0.0319519 -0.01841 -0.038137 -0.0468479 0.0521227 -0.0516823 -0.0517419
internal_weight=59.7099 53.6987 39.0331 25.2042 13.8289 8.74105 14.6656 13.3656 16.4632 12.6887 11.1764
internal_count=2059 2041 1146 387 759 354 895 892 33 890 753
is_linear=0
shrinkage=0.05


Tree=61
num_leaves=15
num_cat=0
split_feature=9 3 29 2 11 10 16 15 1 0 23 19 12 10
split_gain=6.44809 8.55457 5.23618 13.9891 5.53912 3.60198 3.38268 2.54506 2.09353 1.57981 1.38944 0.789847 2.15532 0.237837
threshold=1.0307637453079226 -2.3703261613845821 0.12378700450062753 -0.23474345356225965 -0.13893805444240567 -0.49124005436897272 0.39335298538208013 2.3276606798172002 0.38729429244995123 3.6228972673416142 1.1923606991767886 0.90033072233200084 6.2933125495910653 1.3300926089286806
decision_type=2 2 2 2 2 2 2 2 2 2 2 2 2 2
left_child=1 -1 7 9 -5 11 8 10 -7 -4 -3 -2 -13 -8
right_child=5 2 3 4 -6 6 13 -9 -10 -11 -12 12 -14 -15
leaf_value=0.048249521991175319 0.050715973386952412 -0.05234068326660371 -0.051468688150880473 -0.051887325524719953 0.052038065537883198 -0.052996001879780402 0.021522981438551858 0.033249343408359548 0.029126620159630318 0.051254797389749342 0.029040825379844155 -0.052268379490425246 0.051243272010001256 0.051409450278493501
leaf_weight=5.2448216043412677 8.3094899123534578 12.857260511256751 9.1414894107729197 1.5016964580863703 8.7696852684020978 3.0316466167569152 1.1035112300887706 1.0109506892040361 1.0430653830990193 0.39026564359664995 0.54678405728191215 0.74552280455827635 1.5452059805393219 1.6778295040130613
leaf_count=18 23 899 702 94 18 187 21 14 19 1 9 46 4 4
internal_value=-1.93822e-05 -0.0112121 -0.0203262 -0.00363877 0.036844 0.0252838 -0.00295754 -0.0432512 -0.0319738 -0.0472628 -0.0490209 0.0435499 0.0175552 0.0395518
internal_weight=56.9192 39.463 34.2181 19.8031 10.2714 17.4563 6.85605 14.415 4.07471 9.53176 13.404 10.6002 2.29073 2.78134
internal_count=2059 1755 1737 815 112 304 231 922 206 703 908 73 50 25
is_linear=0
shrinkage=0.05


Tree=62
num_leaves=13
num_cat=0
split_feature=27 11 29 8 2 9 17 20 0 5 5 21
split_gain=6.14251 7.69212 11.4628 10.8172 8.88398 4.13505 3.99045 2.24058 2.11976 0.0446129 0.00196647 0.00053551
threshold=-3.0680543184280391 -0.18975859135389325 0.12378700450062753 0.42352980375289923 -0.23474345356225965 -3.436668753623962 0.54920393228530895 -0.66932365298271168 3.6228972673416142 0.19888968765735629 0.44277986884117132 2.1572405099868779
decision_type=2 2 2 2 2 2 2 2 2 2 2 2
left_child=-1 5 3 7 6 -2 -4 -3 11 -5 -6 -7
right_child=1 2 4 9 10 8 -8 -9 -10 -11 -12 -13
leaf_value=0.050148399167577212 0.051284152880756252 -0.051507703715665355 0.051397261935924123 -0.061605772685768889 0.052467955342415384 -0.05147022950968299 -0.05140286313363901 0.049093760538508988 0.043135645823716054 -0.051605323186112467 0.051267657047676302 -0.053594242306526665
leaf_weight=5.4857290908694258 1.1818231046199787 0.63464523013681162 1.2626180052757288 1.2600770806893695 5.4151733219623557 11.242261063307518 3.7409700863063335 4.3269959120079866 0.62331650033593256 9.7011888269335014 9.2259074747562391 0.30479724798351604
leaf_count=18 3 44 3 38 9 874 293 16 2 719 24 16
internal_value=-2.18728e-05 -0.00564783 0.00650004 -0.0250282 0.0320551 -0.0380073 -0.025462 0.0362258 -0.0466781 -0.0527549 0.0517116 -0.0515263
internal_weight=54.4055 48.9198 35.5676 15.9229 19.6447 13.3522 5.00359 4.96164 12.1704 10.9613 14.6411 11.5471
internal_count=2059 2041 1146 817 329 895 296 60 892 757 33 890
is_linear=0
shrinkage=0.05


Tree=63
num_leaves=13
num_cat=0
split_feature=27 11 29 8 2 9 17 24 3 5 5 0
split_gain=5.82479 7.30103 10.8779 10.2554 8.43625 3.92511 3.79054 2.09763 2.02693 0.0384438 0.00169004 0.000603127
threshold=-3.0680543184280391 -0.18975859135389325 0.12378700450062753 0.42352980375289923 -0.23474345356225965 -3.436668753623962 0.54920393228530895 0.44580437242984777 3.6967191696166997 0.19888968765735629 0.44277986884117132 1.9124959111213686
decision_type=2 2 2 2 2 2 2 2 2 2 2 2
left_child=-1 5 3 7 6 -2 -4 -3 11 -5 -6 -7
right_child=1 2 4 9 10 8 -8 -9 -10 -11 -12 -13
leaf_value=0.04999207721593682 0.05121999925809112 -0.051504203051127732 0.051327361818591322 -0.061003799103964418 0.052344229376006392 -0.051375895747462708 -0.051332985013665414 0.048557735085303137 0.042944560876399168 -0.051526521923990043 0.051204397835051575 -0.053203692799195706
leaf_weight=5.2340979408472768 1.1255574524402607 0.59928504843264718 1.2026337385177637 1.2101503331214178 5.1629403829574576 10.530956333503122 3.5632427120581269 4.1558199133723974 0.59964232519269067 9.2418129751458746 8.7865231037139875 0.47153743822127658
leaf_count=18 3 42 3 38 9 863 293 18 2 719 24 27
internal_value=-2.26435e-05 -0.00563425 0.00648197 -0.0249286 0.0320045 -0.0379269 -0.0254274 0.0359469 -0.0465753 -0.0526238 0.0516263 -0.0514542
internal_weight=51.8842 46.6501 33.9224 15.2071 18.7153 12.7277 4.76588 4.7551 11.6021 10.452 13.9495 11.0025
internal_count=2059 2041 1146 817 329 895 296 60 892 757 33 890
is_linear=0
shrinkage=0.05


Tree=64
num_leaves=13
num_cat=0
split_feature=27 26 2 23 17 21 2 29 8 0 14 3
split_gain=5.52282 6.94317 15.4039 3.80363 4.70524 3.55148 2.64749 2.51988 3.26762 1.93022 0.70998 0.000584017
threshold=-3.0680543184280391 -0.13420197367668149 -0.12264206260442732 0.067392729222774519 -0.059210069477558129 3.574245929718018 -0.081808049231767641 -0.068718336522579179 0.6091810166835786 3.6228972673416142 -0.30579572916030878 -2.0197926759719844
decision_type=2 2 2 2 2 2 2 2 2 2 2 2
left_child=-1 5 3 4 -3 6 -2 8 -4 -5 -9 -8
right_child=1 2 7 9 -6 -7 11 10 -10 -11 -12 -13
leaf_value=0.04982938760464152 0.051069617063923267 -0.051436132151925801 0.051195245195950916 -0.052435869063914266 0.051803786154591185 0.051117530561475 -0.053296854764350456 0.017418409103714443 -0.051610612737282929 0.051520051208804665 0.051787000370669051 -0.051291734358373801
leaf_weight=4.9946792759001246 0.67015287280082603 1.9349004384130237 1.4898465871810942 9.772004541009661 2.568894654512401 1.0410659909248359 0.37632482219487151 1.7084059156477458 1.6062117479741571 0.46790912747383195 12.477739483118057 10.372149824164806
leaf_count=18 2 150 4 779 5 3 21 30 118 1 30 898
internal_value=-2.35199e-05 -0.00562082 0.00670007 -0.0308431 0.00745031 -0.0372899 -0.0453503 0.0387287 -0.00213966 -0.0476856 0.0476481 -0.0513619
internal_weight=49.4803 44.4856 32.0259 14.7437 4.5038 12.4597 11.4186 17.2822 3.09606 10.2399 14.1861 10.7485
internal_count=2059 2041 1117 935 155 924 921 182 122 780 60 919
is_linear=0
shrinkage=0.05


Tree=65
num_leaves=13
num_cat=0
split_feature=27 11 29 8 2 9 17 20 0 5 5 21
split_gain=5.23535 6.62546 9.83576 9.23855 7.60621 3.54157 3.41938 1.93744 1.83312 0.0291477 0.00123965 0.000398993
threshold=-3.0680543184280391 -0.18975859135389325 0.12378700450062753 0.42352980375289923 -0.23474345356225965 -3.436668753623962 0.54920393228530895 -0.66932365298271168 3.6228972673416142 0.19888968765735629 0.44277986884117132 2.1572405099868779
decision_type=2 2 2 2 2 2 2 2 2 2 2 2
left_child=-1 5 3 7 6 -2 -4 -3 11 -5 -6 -7
right_child=1 2 4 9 10 8 -8 -9 -10 -11 -12 -13
leaf_value=0.049659398013920573 0.051101030837518983 -0.051323844339781245 0.051197840067237869 -0.059964924165991376 0.052116441353669378 -0.051274174396922903 -0.051202295533768621 0.048403755834337481 0.04227809611836357 -0.051380103952513238 0.051092863336117712 -0.053226408065800881
leaf_weight=4.7669451609253874 1.0205507278442372 0.55881819967180479 1.0906444191932703 1.1209086840972293 4.693482577800749 9.7440431835129804 3.2284909635782242 3.7899136077612665 0.55186805501580316 8.3853535139933211 7.9997009038925171 0.26894690841436464
leaf_count=18 3 44 3 38 9 874 293 16 2 719 24 16
internal_value=-2.43237e-05 -0.00560323 0.00649806 -0.0247774 0.0319691 -0.037845 -0.0253448 0.0355886 -0.0464371 -0.0523924 0.0514713 -0.0513266
internal_weight=47.2197 42.4527 30.8673 13.855 17.0123 11.5854 4.31914 4.34873 10.5649 9.50626 12.6932 10.013
internal_count=2059 2041 1146 817 329 895 296 60 892 757 33 890
is_linear=0
shrinkage=0.05


Tree=66
num_leaves=15
num_cat=0
split_feature=9 3 29 2 11 10 13 15 0 19 23 0 1 19
split_gain=4.97414 6.59579 4.03522 10.7722 4.36761 2.83063 2.6429 1.95816 1.22199 1.10984 1.09029 1.06296 0.962271 0.610665
threshold=1.0307637453079226 -2.3703261613845821 0.12378700450062753 -0.23474345356225965 -0.13893805444240567 -0.49124005436897272 0.85359182953834545 2.3276606798172002 3.6228972673416142 0.29478789865970617 1.1923606991767886 1.9124959111213686 2.1511427164077763 0.90033072233200084
decision_type=2 2 2 2 2 2 2 2 2 2 2 2 2 2
left_child=1 -1 7 8 -5 13 11 10 -4 12 -3 -7 -8 -2
right_child=5 2 3 4 -6 6 9 -9 -10 -11 -12 -13 -14 -15
leaf_value=0.047657681559679262 0.050136503183230777 -0.05184986878286179 -0.051138814506435697 -0.05152061482531798 0.051583265971937499 -0.052462272941660198 -0.051683960719966837 0.031408353589595837 0.050971463248776563 0.051066977473350698 0.028093901687133507 0.045820602552207677 0.051147657658256754 0.017328820274010392
leaf_weight=4.1382025824859765 6.6002117237076146 10.149351334199308 7.1549019981175652 1.2063646186143158 6.9140972793102247 2.2335661766119297 0.62277450226247344 0.82668174896389324 0.30551066994667042 1.9518503248691557 0.44520223792642433 0.31375067587941874 0.35844087600708008 1.8066180907189844
leaf_count=18 23 899 702 94 18 172 49 14 1 6 9 3 1 50
internal_value=-2.52642e-05 -0.011123 -0.0201315 -0.00358271 0.0362663 0.0248601 -0.00309844 -0.0427073 -0.0469573 0.0292598 -0.0484905 -0.0403569 -0.0141193 0.0430862
internal_weight=45.0275 31.1403 27.0021 15.5809 8.12046 13.8872 5.48038 11.4212 7.46041 2.93307 10.5946 2.54732 0.981215 8.40683
internal_count=2059 1755 1737 815 112 304 231 922 703 56 908 175 50 73
is_linear=0
shrinkage=0.05


Tree=67
num_leaves=13
num_cat=0
split_feature=27 11 29 8 2 9 17 24 3 5 5 0
split_gain=4.77314 5.98378 8.87633 8.36783 6.88252 3.20302 3.09346 1.72353 1.65829 0.0219677 0.000917813 0.000375552
threshold=-3.0680543184280391 -0.18975859135389325 0.12378700450062753 0.42352980375289923 -0.23474345356225965 -3.436668753623962 0.54920393228530895 0.44580437242984777 3.6967191696166997 0.19888968765735629 0.44277986884117132 1.9124959111213686
decision_type=2 2 2 2 2 2 2 2 2 2 2 2
left_child=-1 5 3 7 6 -2 -4 -3 11 -5 -6 -7
right_child=1 2 4 9 10 8 -8 -9 -10 -11 -12 -13
leaf_value=0.049418894072973174 0.050996655022073456 -0.051265029978746046 0.05108314897406814 -0.059010023953000472 0.05191152093185062 -0.051139401122033759 -0.051093096795582986 0.047744822923707742 0.041488075205780656 -0.051263070984416841 0.050987456438200331 -0.052708474677646222
leaf_weight=4.3835883960127822 0.92740628123283286 0.50286873802542986 0.99070701003074768 1.0397405885159949 4.2671999335288966 8.7132777012884564 2.9363153679296374 3.4904719488695264 0.50945293903350908 7.6328193978406489 7.2570120990276337 0.39880406670272428
leaf_count=18 3 42 3 38 9 863 293 18 2 719 24 27
internal_value=-2.78122e-05 -0.0056336 0.00641431 -0.0246145 0.0318497 -0.0377461 -0.0253161 0.0352768 -0.0462999 -0.0521918 0.0513296 -0.0512081
internal_weight=43.0497 38.6661 28.1171 12.6659 15.4512 10.5489 3.92702 3.99334 9.62153 8.67256 11.5242 9.11208
internal_count=2059 2041 1146 817 329 895 296 60 892 757 33 890
is_linear=0
shrinkage=0.05


Tree=68
num_leaves=13
num_cat=0
split_feature=27 11 29 8 2 9 17 24 9 5 5 21
split_gain=4.52349 5.68057 8.42575 7.93567 6.53813 3.04099 2.9394 1.6258 1.59092 0.0189181 0.000789093 0.000340809
threshold=-3.0680543184280391 -0.18975859135389325 0.12378700450062753 0.42352980375289923 -0.23474345356225965 -3.436668753623962 0.54920393228530895 0.44580437242984777 2.9910463094711308 0.19888968765735629 0.44277986884117132 2.1572405099868779
decision_type=2 2 2 2 2 2 2 2 2 2 2 2
left_child=-1 5 3 7 6 -2 -4 -3 11 -5 -6 -7
right_child=1 2 4 9 10 8 -8 -9 -10 -11 -12 -13
leaf_value=0.049230618378169035 0.050947130524424615 -0.05120193719051036 0.051029268245526442 -0.058547150502557987 0.051816290623913554 -0.051113074809550019 -0.051038919979231961 0.047283869818660097 0.041230737788833752 -0.051201374063647664 0.050938428151032548 -0.053023599581360464
leaf_weight=4.185349114239215 0.88301205635070701 0.47891810536384882 0.94335961341858032 0.99665308417752196 4.0663577914237941 8.4384493646211869 2.7959995684213936 3.3518009129911661 0.49230920895934183 7.2690906501375139 6.9095599353313446 0.24006476718932468
leaf_count=18 3 42 3 38 9 873 293 18 3 719 24 16
internal_value=-2.88875e-05 -0.00562132 0.00639741 -0.0245174 0.0318105 -0.0376731 -0.0252893 0.0349711 -0.0462059 -0.0520871 0.0512637 -0.0511659
internal_weight=41.0509 36.8656 26.8117 12.0965 14.7153 10.0538 3.73936 3.83072 9.17082 8.26574 10.9759 8.67851
internal_count=2059 2041 1146 817 329 895 296 60 892 757 33 889
is_linear=0
shrinkage=0.05


Tree=69
num_leaves=13
num_cat=0
split_feature=27 26 2 23 17 21 2 26 25 0 29 3
split_gain=4.286 5.3967 11.9285 2.96562 3.65458 2.79256 2.0514 1.95594 2.26967 1.49213 0.564298 0.000420123
threshold=-3.0680543184280391 -0.13420197367668149 -0.12264206260442732 0.067392729222774519 -0.059210069477558129 3.574245929718018 -0.081808049231767641 0.14040994644165042 -1.2006334662437437 3.6228972673416142 -0.068718336522579179 -2.1149071455001827
decision_type=2 2 2 2 2 2 2 2 2 2 2 2
left_child=-1 5 3 4 -3 6 -2 8 -4 -5 -9 -8
right_child=1 2 7 9 -6 -7 11 10 -10 -11 -12 -13
leaf_value=0.049031703370292189 0.050829024302298458 -0.051116248852770843 0.043646490976199187 -0.051941456771356892 0.051403625054418714 0.050881016224331027 -0.052969317090798107 0.016573671948853699 -0.051328254957021119 0.0511779523727455 0.0513976670866544 -0.051017167898154796
leaf_weight=3.9969778247177592 0.52434372901916404 1.5195385888218882 1.3239093217998736 7.7364683370105904 2.0313648581504813 0.82669815421104509 0.28520638542249521 1.3194789672270424 1.1985343387350473 0.36746636033058155 9.8281234800815547 8.1884093219414336
leaf_count=18 2 150 12 779 5 3 18 35 105 1 30 901
internal_value=-3.00714e-05 -0.00560906 0.00659374 -0.0305702 0.00753228 -0.037064 -0.0451441 0.0382791 -0.00148058 -0.0472656 0.0472757 -0.0510829
internal_weight=39.1465 35.1495 25.3249 11.6548 3.5509 9.82466 8.99796 13.67 2.52244 8.10393 11.1476 8.47362
internal_count=2059 2041 1117 935 155 924 921 182 117 780 65 919
is_linear=0
shrinkage=0.05


Tree=70
num_leaves=13
num_cat=0
split_feature=27 26 2 23 17 21 2 29 8 0 14 3
split_gain=4.05959 5.12739 11.2889 2.81592 3.47191 2.65365 1.94931 1.87027 2.50006 1.41703 0.569568 0.000363734
threshold=-3.0680543184280391 -0.13420197367668149 -0.12264206260442732 0.067392729222774519 -0.059210069477558129 3.574245929718018 -0.081808049231767641 -0.068718336522579179 0.6091810166835786 3.6228972673416142 -0.30579572916030878 -2.1149071455001827
decision_type=2 2 2 2 2 2 2 2 2 2 2 2
left_child=-1 5 3 4 -3 6 -2 8 -4 -5 -9 -8
right_child=1 2 7 9 -6 -7 11 10 -10 -11 -12 -13
leaf_value=0.048821049365147362 0.050787940019276168 -0.051060953136010313 0.050919147555209238 -0.051857079978810332 0.051333520446322112 0.050837324879428963 -0.052827124573089884 0.01646901647339535 -0.051253388463982343 0.051119182191807992 0.051328886703204783 -0.050967104637564244
leaf_weight=3.8180410824716082 0.49916449189185996 1.4469556473195555 1.1582033932209026 7.3708288636989892 1.9348662793636302 0.78703840076923448 0.27200851868837883 1.339527276344598 1.2394225336611269 0.34993654489517201 9.3551062941551191 7.7965138736180943
leaf_count=18 2 150 4 779 5 3 18 30 118 1 30 901
internal_value=-3.14322e-05 -0.00559099 0.00656327 -0.0305245 0.00752274 -0.0370265 -0.0450978 0.0380147 -0.00189766 -0.0471898 0.0469626 -0.0510298
internal_weight=37.3676 33.5496 24.1948 11.1026 3.38182 9.35473 8.56769 13.0923 2.39763 7.72077 10.6946 8.06852
internal_count=2059 2041 1117 935 155 924 921 182 122 780 60 919
is_linear=0
shrinkage=0.05


Tree=71
num_leaves=15
num_cat=0
split_feature=9 3 29 5 10 13 1 10 2 3 19 0 1 19
split_gain=3.85641 5.10055 3.12609 8.36102 2.18992 2.06436 1.50953 1.60269 1.07089 1.06405 0.864598 0.820554 0.749313 0.520316
threshold=1.0307637453079226 -2.3703261613845821 0.12378700450062753 -0.2845026403665542 -0.49124005436897272 0.85359182953834545 -0.9786749780178069 -0.85153493285179127 -0.081808049231767641 1.6033134460449221 0.29478789865970617 1.9124959111213686 2.1511427164077763 0.90033072233200084
decision_type=2 2 2 2 2 2 2 2 2 2 2 2 2 2
left_child=1 -1 6 9 13 11 7 -3 -5 -4 12 -6 -7 -2
right_child=4 2 3 8 5 10 -8 -9 -10 -11 -12 -13 -14 -15
leaf_value=0.047110400382142176 0.049652891400087676 0.050863859891329549 -0.050934232709910626 -0.003765596426396053 -0.051999876552994963 -0.051336062470833999 -0.051500107308603639 -0.051104424574561449 0.050544302514202881 0.0076798525989849355 0.050828817696287547 0.045193777039078314 0.050894784168863477 0.016205027396509735
leaf_weight=3.2659845529124167 5.2582492548972368 0.8165867030620575 5.5392610328271985 1.1261713397689161 1.7778696524910613 0.491152185481042 7.5192301510833213 0.72971124015748567 4.6781797078438085 0.90009798854589451 1.5312701761722562 0.24737064680084575 0.28224444389343262 1.4927962874062357
leaf_count=18 23 3 674 75 172 49 837 82 20 46 6 3 1 50
internal_value=-3.23789e-05 -0.011074 -0.0199917 -0.00351289 0.0244557 -0.00329933 -0.0422477 0.00274415 0.040007 -0.0427411 0.0290643 -0.0401283 -0.0140278 0.0422569
internal_weight=35.6562 24.5752 21.3092 12.2437 11.081 4.32991 9.06553 1.5463 5.80435 6.43936 2.30467 2.02524 0.773397 6.75105
internal_count=2059 1755 1737 815 304 231 922 85 95 720 56 175 50 73
is_linear=0
shrinkage=0.05


Tree=72
num_leaves=13
num_cat=0
split_feature=27 11 29 8 2 9 17 24 0 5 5 21
split_gain=3.69937 4.66662 6.88516 6.53788 5.41602 2.51794 2.40912 1.31783 1.31214 0.0108469 0.000451583 0.000220476
threshold=-3.0680543184280391 -0.18975859135389325 0.12378700450062753 0.42352980375289923 -0.23474345356225965 -3.436668753623962 0.54920393228530895 0.44580437242984777 3.6228972673416142 0.19888968765735629 0.44277986884117132 2.1572405099868779
decision_type=2 2 2 2 2 2 2 2 2 2 2 2
left_child=-1 5 3 7 6 -2 -4 -3 11 -5 -6 -7
right_child=1 2 4 9 10 8 -8 -9 -10 -11 -12 -13
leaf_value=0.048588722865401869 0.050783930990956121 -0.050981367342444031 0.050840877416509923 -0.057031411396112598 0.05149952351084966 -0.050918539767403563 -0.050863320309200759 0.046595645017006061 0.041169715464186511 -0.051005888635545241 0.050771349657146525 -0.052586639327834944
leaf_weight=3.5098798498511306 0.73665831983089436 0.39440489001572343 0.77642114460468237 0.85265322355553497 3.3959159255027753 7.0017389864660817 2.3284487552009523 2.8207665272057056 0.40832434967160214 6.0213862978853285 5.7078301757574081 0.20385503536090244
leaf_count=18 3 42 3 38 9 874 293 18 2 719 24 16
internal_value=-3.45229e-05 -0.0056029 0.00633683 -0.0242265 0.0315944 -0.0374845 -0.0254306 0.0346259 -0.0460246 -0.0517533 0.051043 -0.0509657
internal_weight=34.1583 30.6484 22.2978 10.0892 12.2086 8.35058 3.10487 3.21517 7.61392 6.87404 9.10375 7.20559
internal_count=2059 2041 1146 817 329 895 296 60 892 757 33 890
is_linear=0
shrinkage=0.05


Tree=73
num_leaves=13
num_cat=0
split_feature=27 11 29 8 2 9 17 9 24 5 5 21
split_gain=3.50266 4.43104 6.53696 6.20163 5.14648 2.39107 2.28967 1.24867 1.24218 0.00933793 0.000388317 0.000187395
threshold=-3.0680543184280391 -0.18975859135389325 0.12378700450062753 0.42352980375289923 -0.23474345356225965 -3.436668753623962 0.54920393228530895 2.9910463094711308 0.44580437242984777 0.19888968765735629 0.44277986884117132 2.1572405099868779
decision_type=2 2 2 2 2 2 2 2 2 2 2 2
left_child=-1 5 3 8 6 -2 -4 11 -3 -5 -6 -7
right_child=1 2 4 9 10 7 -8 -9 -10 -11 -12 -13
leaf_value=0.048353803477386381 0.050745128852404398 -0.050932664791883832 0.050799235210168991 -0.056673480484711519 0.051425137691511059 -0.050885817618942911 -0.050820688485714971 0.040279918097731411 0.046098718302136653 -0.050956958214100678 0.050733202169932039 -0.052460817931586516
leaf_weight=3.3545193225145331 0.70125336945056904 0.37551922863349529 0.73914483189582769 0.81606164760887612 3.2348497807979566 6.6645047008059946 2.216700108256191 0.39694893453270186 2.7113993838429451 5.7330810273997486 5.4334356635808945 0.19436624459922303
leaf_count=18 3 42 3 38 9 873 293 3 18 719 24 16
internal_value=-3.58894e-05 -0.00559165 0.00632066 -0.0241306 0.0315638 -0.0374197 -0.0254094 -0.0459405 0.034295 -0.0516693 0.0509914 -0.0509304
internal_weight=32.5718 29.2173 21.2602 9.63606 11.6241 7.95707 2.95584 7.25582 3.08692 6.54914 8.66829 6.85887
internal_count=2059 2041 1146 817 329 895 296 892 60 757 33 889
is_linear=0
shrinkage=0.05


Tree=74
num_leaves=13
num_cat=0
split_feature=27 11 29 8 2 0 17 12 3 5 5 21
split_gain=3.31537 4.20705 6.20633 5.88266 4.89061 2.2775 2.17623 1.20039 1.01208 0.00803857 0.000333933 0.000163609
threshold=-3.0680543184280391 -0.18975859135389325 0.12378700450062753 0.42352980375289923 -0.23474345356225965 2.4682402610778813 0.54920393228530895 0.36278702318668371 -4.1167383193969718 0.19888968765735629 0.44277986884117132 2.1572405099868779
decision_type=2 2 2 2 2 2 2 2 2 2 2 2
left_child=-1 5 3 7 6 8 -4 -3 -2 -5 -6 -10
right_child=1 2 4 9 10 -7 -8 -9 11 -11 -12 -13
leaf_value=0.048103604845960352 0.050803369236150447 -0.051137158800513477 0.050759679698160712 -0.056334386424210625 0.051354503083147846 0.040157987891346759 -0.050780187534987135 0.045839547197030352 -0.050833687689458243 -0.050910411118414524 0.050696965225944225 -0.052341094276673585
leaf_weight=3.2071026377379921 0.25432363152503956 0.36370780691504334 0.70363037288188879 0.78081622580066312 3.0812098830938321 0.84242481598630536 2.1102297040633857 2.6018680115230381 6.300588808488107 5.4583356934599578 5.1720448881387711 0.18529912503436197
leaf_count=18 1 37 3 38 9 11 293 23 867 719 24 16
internal_value=-3.73908e-05 -0.00558024 0.0063041 -0.0240315 0.0315348 -0.0373525 -0.0253893 0.033946 -0.0470401 -0.0515892 0.0509424 -0.0508768
internal_weight=31.0616 27.8545 20.2718 9.20473 11.0671 7.58264 2.81386 2.96558 6.74021 6.23915 8.25325 6.48589
internal_count=2059 2041 1146 817 329 895 296 60 884 757 33 883
is_linear=0
shrinkage=0.05


Tree=75
num_leaves=15
num_cat=0
split_feature=9 3 29 2 11 10 13 1 10 0 19 0 1 12
split_gain=3.14667 4.15486 2.56694 6.80817 2.84503 1.77509 1.69498 1.24169 1.32325 0.813057 0.707371 0.667841 0.617963 0.458091
threshold=1.0307637453079226 -2.3703261613845821 0.12378700450062753 -0.23474345356225965 -0.13893805444240567 -0.49124005436897272 0.85359182953834545 -0.9786749780178069 -0.85153493285179127 3.6228972673416142 -1.0000000180025095e-35 1.9124959111213686 2.1511427164077763 0.44028601050376898
decision_type=2 2 2 2 2 2 2 2 2 2 2 2 2 2
left_child=1 -1 7 9 -5 13 11 8 -3 -4 12 -7 -8 -2
right_child=5 2 3 4 -6 6 10 -9 -10 -11 -12 -13 -14 -15
leaf_value=0.04662428969910358 0.010156958080475658 0.050713580295024756 -0.050729207669072712 -0.051017735469805453 0.051017819194407336 -0.051676602463864567 -0.051120311364490967 -0.051247773383066048 -0.050982743152546355 0.050648653658420265 0.050678357418945635 0.044597211048842664 0.050740369595312522 0.047997031754220411
leaf_weight=2.7103158878162565 0.96369381435215462 0.678331658244133 4.6300956569612026 0.80501453857868899 4.513275742530821 1.4778703413903698 0.40650722756981861 6.2288834061473581 0.60530155804008756 0.2066015452146529 1.2614315003156658 0.20513832569122303 0.23496155440807343 4.7032413817942142
leaf_count=18 44 3 702 94 18 172 49 837 82 1 6 3 1 29
internal_value=-3.92515e-05 -0.0110188 -0.0198616 -0.00346918 0.035573 0.0241413 -0.00338943 -0.04202 0.00275834 -0.0463988 0.0289393 -0.039942 -0.0138101 0.0415621
internal_weight=29.6307 20.3778 17.6675 10.155 5.31829 9.25284 3.58591 7.51252 1.28363 4.8367 1.9029 1.68301 0.641469 5.66694
internal_count=2059 1755 1737 815 112 304 231 922 85 703 56 175 50 73
is_linear=0
shrinkage=0.05


Tree=76
num_leaves=13
num_cat=0
split_feature=27 26 2 23 17 21 2 26 25 0 29 3
split_gain=2.98935 3.81136 8.33795 2.12914 2.59793 1.98472 1.47777 1.38998 1.63128 1.08403 0.430808 0.000244865
threshold=-3.0680543184280391 -0.13420197367668149 -0.12264206260442732 0.067392729222774519 -0.059210069477558129 3.574245929718018 -0.081808049231767641 0.14040994644165042 -1.2006334662437437 3.6228972673416142 -0.068718336522579179 -2.0197926759719844
decision_type=2 2 2 2 2 2 2 2 2 2 2 2
left_child=-1 5 3 4 -3 6 -2 8 -4 -5 -9 -8
right_child=1 2 7 9 -6 -7 11 10 -10 -11 -12 -13
leaf_value=0.047808305118412747 0.050598806998574247 -0.050791093935476012 0.042939621866095609 -0.051414839548497793 0.051016896227075142 0.050627422573529715 -0.052395057472885989 0.015827591833149642 -0.050982948108717945 0.050860080829661758 0.050994481488244418 -0.050740051701590162
leaf_weight=2.926549561321738 0.38185147941112507 1.0865297010168435 0.97973155276849755 5.5931844958104193 1.480379953980451 0.59483276307582844 0.23237117892131198 0.99390869587659825 0.87535832868888264 0.27166941761970509 7.0352448523044568 5.8505866117775502
leaf_count=18 2 150 12 779 5 3 21 35 105 1 30 898
internal_value=-4.13789e-05 -0.00555984 0.00647049 -0.0300551 0.00792329 -0.0367721 -0.0448138 0.0376287 -0.00137947 -0.0466773 0.0466413 -0.0508033
internal_weight=28.3022 25.3756 18.316 8.43176 2.56691 7.05964 6.46481 9.88424 1.85509 5.86485 8.02915 6.08296
internal_count=2059 2041 1117 935 155 924 921 182 117 780 65 919
is_linear=0
shrinkage=0.05


Tree=77
num_leaves=15
num_cat=0
split_feature=9 3 29 2 11 10 13 1 10 0 19 0 1 19
split_gain=2.84709 3.74632 2.32922 6.14832 2.5745 1.58029 1.53316 1.12536 1.1995 0.734642 0.639561 0.602161 0.557985 0.463893
threshold=1.0307637453079226 -2.3703261613845821 0.12378700450062753 -0.23474345356225965 -0.13893805444240567 -0.49124005436897272 0.85359182953834545 -0.9786749780178069 -0.85153493285179127 3.6228972673416142 -1.0000000180025095e-35 1.9124959111213686 2.1511427164077763 0.90033072233200084
decision_type=2 2 2 2 2 2 2 2 2 2 2 2 2 2
left_child=1 -1 7 9 -5 13 11 8 -3 -4 12 -7 -8 -2
right_child=5 2 3 4 -6 6 10 -9 -10 -11 -12 -13 -14 -15
leaf_value=0.046211239065021927 0.049098715677759586 0.050647109258266501 -0.050659090539193485 -0.050925149383193681 0.050920719459088243 -0.051537093729192365 -0.051013237801273661 -0.051146139619894539 -0.050893473589143347 0.050586197191956742 0.05061351877097954 0.044034449257933858 0.050668751190222572 0.013743610404265775
leaf_weight=2.476283982396132 4.0272337920032442 0.6167348325252533 4.1925717070698738 0.73133038543164719 4.0947621017694456 1.3438783586025222 0.36854998907074343 5.6770405252464089 0.55041214590892706 0.18716908991336811 1.1440632790327068 0.18785297218710173 0.21283388137817383 1.2055282318033276
leaf_count=18 23 3 702 94 18 172 49 837 82 1 6 3 1 50
internal_value=-4.29659e-05 -0.0110309 -0.0198625 -0.00343897 0.0354873 0.0239343 -0.00340768 -0.0419532 0.00276182 -0.0463324 0.0289132 -0.0398161 -0.0137893 0.0409536
internal_weight=27.0162 18.5263 16.05 9.20583 4.82609 8.48994 3.25718 6.84419 1.16715 4.37974 1.72545 1.53173 0.581384 5.23276
internal_count=2059 1755 1737 815 112 304 231 922 85 703 56 175 50 73
is_linear=0
shrinkage=0.05


Tree=78
num_leaves=13
num_cat=0
split_feature=27 26 2 23 17 21 2 29 8 0 14 3
split_gain=2.72652 3.45032 7.51783 1.92657 2.35229 1.79774 1.33665 1.2711 1.73952 0.980349 0.413515 0.000247417
threshold=-3.0680543184280391 -0.13420197367668149 -0.12264206260442732 0.067392729222774519 -0.059210069477558129 3.574245929718018 -0.081808049231767641 -0.068718336522579179 0.6091810166835786 3.6228972673416142 -0.30579572916030878 -2.0197926759719844
decision_type=2 2 2 2 2 2 2 2 2 2 2 2
left_child=-1 5 3 4 -3 6 -2 8 -4 -5 -9 -8
right_child=1 2 7 9 -6 -7 11 10 -10 -11 -12 -13
leaf_value=0.0475328512618136 0.050541551633510151 -0.050718585878579518 0.050641097704198612 -0.051296617101465658 0.050919692357525352 0.05056788707505009 -0.052395161787959645 0.015586627253922118 -0.050897750689515256 0.050778263990736941 0.050900507132433437 -0.050673841653653587
leaf_weight=2.6965732555836466 0.34613624215126026 0.98710225475952063 0.81677761673927285 5.0909528844058514 1.3448543399572432 0.5398048162460326 0.21729644620791067 0.95269011799246062 0.87223699549213052 0.24661959707736958 6.3835771083831698 5.3139406815171304
leaf_count=18 2 150 4 779 5 3 21 30 118 1 30 898
internal_value=-4.50494e-05 -0.00559616 0.00638124 -0.0300163 0.00789686 -0.0367563 -0.0447766 0.0373112 -0.00179536 -0.0465803 0.0463146 -0.0507415
internal_weight=25.8086 23.112 16.6948 7.66953 2.33196 6.41718 5.87737 9.02528 1.68901 5.33757 7.33627 5.53124
internal_count=2059 2041 1117 935 155 924 921 182 122 780 60 919
is_linear=0
shrinkage=0.05


Tree=79
num_leaves=15
num_cat=0
split_feature=27 25 24 23 2 29 0 6 19 24 22 28 7 27
split_gain=2.57801 3.23531 2.57963 2.41765 4.5037 3.49018 2.42991 1.37614 0.624302 1.05235 0.307587 0.540359 0.000322731 0.000124149
threshold=-2.2661914825439449 -0.98474743962287892 0.098474670201540007 0.050108086317777641 -0.12264206260442732 -0.047540074214339249 3.6228972673416142 -3.4626632928848262 -0.30119554698467249 1.416005074977875 1.5202608704566958 0.63161012530326854 -1.3986527323722837 -3.0680543184280391
decision_type=2 2 2 2 2 2 2 2 2 2 2 2 2 2
left_child=10 2 -2 7 6 -6 -5 -3 -4 -10 11 13 -9 -1
right_child=1 3 8 4 5 -7 -8 12 9 -11 -12 -13 -14 -15
leaf_value=-0.05302187650022977 -0.050599880744082983 0.050568434767880303 0.050666315529498032 -0.051304714937293307 -0.050753735993836806 0.051017387639533431 0.050735436156171314 -0.053203076893412408 -0.051073422493132049 0.041213449588051912 0.050521567920006852 0.050496117055367246 -0.050667423319655361 -0.050564320504557309
leaf_weight=0.081998106092214917 0.94229159178212896 0.35807654261589306 3.5897062569856644 4.2616951237432659 1.0656770556233821 4.0215638130903226 0.67597068846225727 0.12862994009629147 0.45605320390313842 0.95733756851404905 2.4943166822195053 0.31787550449371338 5.1365194225218049 0.13767102081328897
leaf_count=3 172 2 18 677 161 18 3 11 65 12 15 2 875 25
internal_value=-4.61911e-05 -0.00610817 0.0252902 -0.0180378 -0.00331841 0.0296983 -0.0373353 -0.0442789 0.0395835 0.0114356 0.0431284 0.0088226 -0.0507294 -0.0514817
internal_weight=24.6254 21.5935 5.94539 15.6481 10.0249 5.08724 4.93767 5.62323 5.0031 1.41339 3.03186 0.537545 5.26515 0.219669
internal_count=2059 2014 267 1747 859 179 680 888 95 77 45 30 886 28
is_linear=0
shrinkage=0.05


Tree=80
num_leaves=15
num_cat=0
split_feature=27 25 24 23 2 29 0 6 19 24 22 28 7 27
split_gain=2.45062 3.07102 2.44643 2.29849 4.27953 3.31682 2.30884 1.3081 0.602538 0.990524 0.292556 0.513537 0.000278922 0.000106327
threshold=-2.2661914825439449 -0.98474743962287892 0.098474670201540007 0.050108086317777641 -0.12264206260442732 -0.047540074214339249 3.6228972673416142 -3.4626632928848262 -0.30119554698467249 1.416005074977875 1.5202608704566958 0.63161012530326854 -1.3986527323722837 -3.0680543184280391
decision_type=2 2 2 2 2 2 2 2 2 2 2 2 2 2
left_child=10 2 -2 7 6 -6 -5 -3 -4 -10 11 13 -9 -1
right_child=1 3 8 4 5 -7 -8 12 9 -11 -12 -13 -14 -15
leaf_value=-0.052866091158277978 -0.050570398045638454 0.05054041008806838 0.050633468237186667 -0.051245891289843741 -0.050716734768910504 0.05096759009590706 0.050699083822575847 -0.053048308260412305 -0.051020931059414888 0.040498644443276485 0.050495872424637871 0.050471687959643713 -0.050634718511002819 -0.05053651875765245
leaf_weight=0.078223051503301 0.89684487413615599 0.34079703688621776 3.4167935252189636 4.058385849930346 1.0144242770038543 3.8290732055902463 0.64345261454582203 0.12270454829558985 0.43424628302454926 0.92631836049258709 2.3738443106412888 0.30251519381999969 4.8890847137663416 0.13102695019915966
leaf_count=3 172 2 18 677 161 18 3 11 65 12 15 2 875 25
internal_value=-4.66959e-05 -0.00609933 0.0252034 -0.0180217 -0.003315 0.0296708 -0.0372946 -0.0442483 0.0394283 0.0112887 0.0431038 0.00881549 -0.0506938 -0.0514074
internal_weight=23.4577 20.5721 5.6742 14.8979 9.54534 4.8435 4.70184 5.35259 4.77736 1.36056 2.88561 0.511765 5.01179 0.20925
internal_count=2059 2014 267 1747 859 179 680 888 95 77 45 30 886 28
is_linear=0
shrinkage=0.05


Tree=81
num_leaves=15
num_cat=0
split_feature=27 25 24 23 2 29 0 6 19 24 22 28 7 27
split_gain=2.32958 2.91489 2.31976 2.18526 4.06671 3.15222 2.1939 1.24346 0.582085 0.931855 0.278261 0.488068 0.000241008 9.10855e-05
threshold=-2.2661914825439449 -0.98474743962287892 0.098474670201540007 0.050108086317777641 -0.12264206260442732 -0.047540074214339249 3.6228972673416142 -3.4626632928848262 -0.30119554698467249 1.416005074977875 1.5202608704566958 0.63161012530326854 -1.3986527323722837 -3.0680543184280391
decision_type=2 2 2 2 2 2 2 2 2 2 2 2 2 2
left_child=10 2 -2 7 6 -6 -5 -3 -4 -10 11 13 -9 -1
right_child=1 3 8 4 5 -7 -8 12 9 -11 -12 -13 -14 -15
leaf_value=-0.052718745741155704 -0.050542374698159399 0.050513788029479194 0.050602256221607717 -0.051189541148604523 -0.050681562817377061 0.050920235456098153 0.050664552725183346 -0.052900923026821083 -0.050971014916051716 0.039753169550398905 0.050471456299798184 0.05044847567287767 -0.050603623726551999 -0.050510101106001737
leaf_weight=0.074610779061913823 0.85356630757451668 0.32434272766113537 3.2521086484193802 3.8645986178889871 0.9656029944308101 3.6456289291381818 0.61247770488262165 0.11703715799376624 0.41346215852536239 0.89725093962624669 2.2591353505849838 0.28789043426513672 4.6534268208779297 0.12470023473724989
leaf_count=3 172 2 18 677 161 18 3 11 65 12 15 2 875 25
internal_value=-4.72452e-05 -0.00609042 0.0251121 -0.0180063 -0.00331174 0.0296446 -0.0372556 -0.0442191 0.0392647 0.0111344 0.0430805 0.00880873 -0.05066 -0.0513369
internal_weight=22.3458 19.5995 5.41639 14.1831 9.08831 4.61123 4.47708 5.09481 4.56282 1.31071 2.74634 0.487201 4.77046 0.199311
internal_count=2059 2014 267 1747 859 179 680 888 95 77 45 30 886 28
is_linear=0
shrinkage=0.05


Tree=82
num_leaves=15
num_cat=0
split_feature=27 25 24 23 2 29 0 6 19 24 22 28 7 27
split_gain=2.21457 2.76649 2.19929 2.07766 3.86464 2.99592 2.08478 1.18206 0.562867 0.876207 0.264666 0.463883 0.000208204 7.80481e-05
threshold=-2.2661914825439449 -0.98474743962287892 0.098474670201540007 0.050108086317777641 -0.12264206260442732 -0.047540074214339249 3.6228972673416142 -3.4626632928848262 -0.30119554698467249 1.416005074977875 1.5202608704566958 0.63161012530326854 -1.3986527323722837 -3.0680543184280391
decision_type=2 2 2 2 2 2 2 2 2 2 2 2 2 2
left_child=10 2 -2 7 6 -6 -5 -3 -4 -10 11 13 -9 -1
right_child=1 3 8 4 5 -7 -8 12 9 -11 -12 -13 -14 -15
leaf_value=-0.052579347399398395 -0.050515738565879022 0.050488483300830278 0.050572597108464006 -0.051135574583073024 -0.050648128271993553 0.050875209463115426 0.050631748386968892 -0.052760577755322058 -0.050923544525277947 0.038978019254493124 0.050448254808699924 0.050426410007706396 -0.050574060853347313 -0.050484994911160402
leaf_weight=0.071155376732349729 0.81235471297987416 0.30867506563663738 3.0952699482440948 3.6799018068704754 0.91910103010013688 3.4708212316036207 0.58297477662563313 0.11161785712465899 0.39365475368685998 0.87003900902345777 2.1499194651842117 0.27396665513515472 4.4289987606461994 0.1186760324053493
leaf_count=3 172 2 18 677 161 18 3 11 65 12 15 2 875 25
internal_value=-4.78397e-05 -0.0060814 0.0250159 -0.0179917 -0.00330862 0.0296197 -0.0372183 -0.0441914 0.0390923 0.0109727 0.0430583 0.00880231 -0.0506278 -0.05127
internal_weight=21.2871 18.6734 5.17132 13.5021 8.6528 4.38992 4.26288 4.84929 4.35896 1.26369 2.61372 0.463798 4.54062 0.189831
internal_count=2059 2014 267 1747 859 179 680 888 95 77 45 30 886 28
is_linear=0
shrinkage=0.05


Tree=83
num_leaves=15
num_cat=0
split_feature=27 25 24 23 2 29 0 6 19 24 22 28 7 27
split_gain=2.10528 2.62545 2.08471 1.97541 3.67277 2.84749 1.98117 1.12373 0.544809 0.823461 0.251736 0.440914 0.000179832 6.68917e-05
threshold=-2.2661914825439449 -0.98474743962287892 0.098474670201540007 0.050108086317777641 -0.12264206260442732 -0.047540074214339249 3.6228972673416142 -3.4626632928848262 -0.30119554698467249 1.416005074977875 1.5202608704566958 0.63161012530326854 -1.3986527323722837 -3.0680543184280391
decision_type=2 2 2 2 2 2 2 2 2 2 2 2 2 2
left_child=10 2 -2 7 6 -6 -5 -3 -4 -10 11 13 -9 -1
right_child=1 3 8 4 5 -7 -8 12 9 -11 -12 -13 -14 -15
leaf_value=-0.052447424795855083 -0.050490417322035089 0.050464440736928157 0.050544412508676279 -0.051083902982677544 -0.050616343757036712 0.050832391207677852 0.050600581495680114 -0.052626949310057874 -0.050878401879500948 0.038174507900386734 0.050426202431553796 0.05040544108149915 -0.050545951655571214 -0.050461136356611438
leaf_weight=0.067851036787033414 0.77311345539056375 0.29375717043876903 2.9459122717380524 3.5038823969662189 0.87481110263615836 3.3042581975460035 0.55487570166587818 0.10643697972409683 0.37477985187433638 0.84458909230306745 2.0459383875131607 0.26071082055568695 4.2152777402661643 0.11294016381725935
leaf_count=3 172 2 18 677 161 18 3 11 65 12 15 2 875 25
internal_value=-4.848e-05 -0.00607225 0.0249146 -0.0179778 -0.00330565 0.029596 -0.0371825 -0.044165 0.0389105 0.0108036 0.0430372 0.00879621 -0.0505972 -0.0512066
internal_weight=20.2791 17.7917 4.93839 12.8533 8.23783 4.17907 4.05876 4.61547 4.16528 1.21937 2.48744 0.441502 4.32171 0.180791
internal_count=2059 2014 267 1747 859 179 680 888 95 77 45 30 886 28
is_linear=0
shrinkage=0.05


Tree=84
num_leaves=13
num_cat=0
split_feature=27 11 29 8 2 9 17 24 9 5 21 5
split_gain=2.00143 2.58368 3.7976 3.60997 2.92687 1.38517 1.3493 0.732202 0.727982 0.0019406 0.000127755 7.31e-05
threshold=-3.0680543184280391 -0.18975859135389325 0.12378700450062753 0.42352980375289923 -0.23474345356225965 -3.436668753623962 0.54920393228530895 0.44580437242984777 2.9910463094711308 0.19888968765735629 2.1572405099868779 0.44277986884117132
decision_type=2 2 2 2 2 2 2 2 2 2 2 2
left_child=-1 5 3 7 6 -2 -4 -3 10 -5 -7 -6
right_child=1 2 4 9 11 8 -8 -9 -10 -11 -12 -13
leaf_value=0.047108286175142684 0.050431847829296529 -0.050564013052207923 0.050476362000033984 -0.053889322853010825 0.05081880324399779 -0.050526174829869798 -0.05047841625077535 0.045121138879568416 0.039136715466306718 -0.05058947981177514 -0.052083086928699333 0.050427406373911722
leaf_weight=2.0152854584157494 0.4117758274078368 0.22763162176124208 0.44509039819240559 0.51310524600558016 1.9043696820735929 3.9154211764689597 1.2909211805090306 1.6430040453560648 0.23947870638221491 3.3837068679276854 0.13635077141225327 3.1933672726154327
leaf_count=18 3 42 3 38 9 873 293 18 3 719 16 24
internal_value=-4.91663e-05 -0.00554122 0.00626189 -0.0236164 0.0314782 -0.0371662 -0.0245949 0.0334775 -0.0455719 -0.051024 -0.0505786 0.0505736
internal_weight=19.3195 17.3042 12.6012 5.76745 6.83375 4.70303 1.73601 1.87064 4.29125 3.89681 4.05177 5.09774
internal_count=2059 2041 1146 817 329 895 296 60 892 757 889 33
is_linear=0
shrinkage=0.05


Tree=85
num_leaves=13
num_cat=0
split_feature=3 11 29 8 2 9 8 9 7 5 21 5
split_gain=1.90005 2.66242 2.94859 4.28491 2.91814 1.55636 0.955944 0.497524 0.28185 0.00166878 0.000105859 6.26044e-05
threshold=-2.8856312036514278 -0.13893805444240567 0.12378700450062753 0.42352980375289923 -0.23474345356225965 2.9910463094711308 -0.77973124384880055 -3.436668753623962 -0.50617733597755421 0.19888968765735629 2.1572405099868779 0.44277986884117132
decision_type=2 2 2 2 2 2 2 2 2 2 2 2
left_child=-1 5 3 8 6 7 -4 -2 -3 -5 -9 -6
right_child=1 2 4 9 11 -7 -8 10 -10 -11 -12 -13
leaf_value=0.048860221649440788 0.0503910220258032 0.050500682473997707 0.050474090381885175 -0.053694738966321466 0.050778549780241412 0.044925346662535448 -0.0504589600354442 -0.050530688355404446 0.011356323503659938 -0.050560625362333494 -0.051981381371799362 0.0504029606303159
leaf_weight=1.7923918552696729 0.1258200705051421 1.455415497068316 0.2932305335998534 0.48980487580411169 1.8032041788101194 0.51141058839857567 1.1730092249345032 3.8949376496020749 0.67226124694570533 3.1967187942937016 0.12994822952896345 2.8838681057095528
leaf_count=18 1 9 2 38 9 5 278 903 43 714 16 23
internal_value=-5.09964e-05 -0.0053228 0.00716416 -0.0183678 0.0312891 -0.0373764 -0.0302735 -0.0475169 0.0381326 -0.050977 -0.0505775 0.0505475
internal_weight=18.422 16.6296 11.9675 5.8142 6.15331 4.66212 1.46624 4.15071 2.12768 3.68652 4.02489 4.68707
internal_count=2059 2041 1116 804 312 925 280 920 52 752 919 32
is_linear=0
shrinkage=0.05


Tree=86
num_leaves=15
num_cat=0
split_feature=27 25 24 23 2 29 0 6 19 24 22 28 7 27
split_gain=1.80846 2.27484 1.78861 1.70935 3.15726 2.44614 1.71141 0.967564 0.478353 0.699282 0.229215 0.387998 0.000116041 5.70903e-05
threshold=-2.2661914825439449 -0.98474743962287892 0.098474670201540007 0.050108086317777641 -0.12264206260442732 -0.047540074214339249 3.6228972673416142 -3.4626632928848262 -0.30119554698467249 1.416005074977875 1.5202608704566958 0.63161012530326854 -1.3986527323722837 -3.0680543184280391
decision_type=2 2 2 2 2 2 2 2 2 2 2 2 2 2
left_child=10 2 -2 7 6 -6 -5 -3 -4 -10 11 13 -9 -1
right_child=1 3 8 4 5 -7 -8 12 9 -11 -12 -13 -14 -15
leaf_value=-0.052314622826819361 -0.050421634410601691 0.05039985819910138 0.050470381787003082 -0.050939028642307996 -0.050530058530890154 0.050718292130331369 0.050520939140640791 -0.052271332670732668 -0.050756208863047818 0.037288191604059516 0.050369034360045729 0.050349299611694542 -0.050478604720159873 -0.050396337958937054
leaf_weight=0.064490575343370549 0.66616356512531716 0.25354932248592366 2.5546660497784619 3.0318865412846212 0.75417109951376948 2.8542773351073265 0.48165621608495701 0.092550602508709168 0.32348683127202071 0.74468841776251793 1.7753857746720312 0.22508969157934189 3.6565552826505119 0.097311538178476598
leaf_count=3 172 2 18 677 161 18 3 11 65 12 15 2 875 25
internal_value=-5.19976e-05 -0.00605914 0.0248764 -0.0179861 -0.00329288 0.0295572 -0.0370303 -0.0441299 0.0387221 0.0106248 0.0427695 0.00789669 -0.0505229 -0.0511609
internal_weight=17.5759 15.4137 4.289 11.1246 7.12199 3.60845 3.51354 4.00266 3.62284 1.06818 2.16228 0.386892 3.74911 0.161802
internal_count=2059 2014 267 1747 859 179 680 888 95 77 45 30 886 28
is_linear=0
shrinkage=0.05


Tree=87
num_leaves=15
num_cat=0
split_feature=27 25 24 23 2 29 0 6 19 24 22 28 7 27
split_gain=1.71933 2.15859 1.69484 1.62535 3.00097 2.32528 1.62661 0.919909 0.463972 0.656528 0.21803 0.368818 0.00010016 4.89521e-05
threshold=-2.2661914825439449 -0.98474743962287892 0.098474670201540007 0.050108086317777641 -0.12264206260442732 -0.047540074214339249 3.6228972673416142 -3.4626632928848262 -0.30119554698467249 1.416005074977875 1.5202608704566958 0.63161012530326854 -1.3986527323722837 -3.0680543184280391
decision_type=2 2 2 2 2 2 2 2 2 2 2 2 2 2
left_child=10 2 -2 7 6 -6 -5 -3 -4 -10 11 13 -9 -1
right_child=1 3 8 4 5 -7 -8 12 9 -11 -12 -13 -14 -15
leaf_value=-0.052196802992141217 -0.050400959394918156 0.050380209996349706 0.050447264873641123 -0.050895782944580983 -0.050504092032730666 0.050683174721819671 0.050495293029087701 -0.052161185326160632 -0.050719260996276022 0.036431992075599738 0.050350906886106453 0.050332145807495766 -0.05045520208632235 -0.050376870830049741
leaf_weight=0.061480306088924519 0.63392776437103826 0.24127528071403537 2.4311589598655705 2.8864084775559609 0.71774928411468897 2.7169064283370972 0.4583924040198325 0.088218068936840477 0.30792870116420068 0.72459818422794342 1.6893918365240095 0.21418306231498718 3.4797956107649912 0.092600466683509852
leaf_count=3 172 2 18 677 161 18 3 11 65 12 15 2 875 25
internal_value=-5.2732e-05 -0.00604994 0.0247645 -0.0179745 -0.00329041 0.0295378 -0.0370005 -0.0441079 0.0385214 0.010441 0.0427519 0.00789189 -0.0504974 -0.051103
internal_weight=16.744 14.6864 4.09761 10.5887 6.77946 3.43466 3.3448 3.80929 3.46369 1.03253 2.05766 0.368264 3.56801 0.154081
internal_count=2059 2014 267 1747 859 179 680 888 95 77 45 30 886 28
is_linear=0
shrinkage=0.05


Tree=88
num_leaves=15
num_cat=0
split_feature=27 25 24 23 2 29 0 6 19 24 22 28 7 27
split_gain=1.63462 2.04806 1.60565 1.54551 2.85252 2.21047 1.54607 0.874622 0.450452 0.616092 0.207391 0.350598 8.64394e-05 4.19822e-05
threshold=-2.2661914825439449 -0.98474743962287892 0.098474670201540007 0.050108086317777641 -0.12264206260442732 -0.047540074214339249 3.6228972673416142 -3.4626632928848262 -0.30119554698467249 1.416005074977875 1.5202608704566958 0.63161012530326854 -1.3986527323722837 -3.0680543184280391
decision_type=2 2 2 2 2 2 2 2 2 2 2 2 2 2
left_child=10 2 -2 7 6 -6 -5 -3 -4 -10 11 13 -9 -1
right_child=1 3 8 4 5 -7 -8 12 9 -11 -12 -13 -14 -15
leaf_value=-0.052085222536430435 -0.050381305317055342 0.050361532655462275 0.050425293787012562 -0.050854427303078376 -0.050479403172238417 0.050649777662435808 0.050470919059997094 -0.052056338213896935 -0.050684120731279841 0.035552960700135722 0.050333677378029275 0.05031584110513964 -0.050432947054147262 -0.050358366319450933
leaf_weight=0.058603996410965808 0.60324006224982385 0.22959110885858391 2.3135722130537038 2.7478131977841262 0.68306973879225585 2.5860623940825462 0.43624160438776005 0.08408037316985284 0.29310879949480284 0.7058713803999126 1.6075354591011999 0.20380158722400665 3.3115078131668287 0.08811583975330084
leaf_count=3 172 2 18 677 161 18 3 11 65 12 15 2 875 25
internal_value=-5.35119e-05 -0.00604048 0.0246465 -0.0179634 -0.00328805 0.0295193 -0.036972 -0.044087 0.0383096 0.0102503 0.0427351 0.00788732 -0.0504731 -0.0510481
internal_weight=15.9522 13.9942 3.91579 10.0784 6.45319 3.26913 3.18405 3.62518 3.31255 0.99898 1.95806 0.350521 3.39559 0.14672
internal_count=2059 2014 267 1747 859 179 680 888 95 77 45 30 886 28
is_linear=0
shrinkage=0.05


Tree=89
num_leaves=15
num_cat=0
split_feature=27 25 24 23 2 29 0 6 19 24 22 28 7 27
split_gain=1.5541 1.94299 1.52082 1.46962 2.7115 2.10139 1.46957 0.831584 0.437735 0.577881 0.197272 0.333289 7.45884e-05 3.60111e-05
threshold=-2.2661914825439449 -0.98474743962287892 0.098474670201540007 0.050108086317777641 -0.12264206260442732 -0.047540074214339249 3.6228972673416142 -3.4626632928848262 -0.30119554698467249 1.416005074977875 1.5202608704566958 0.63161012530326854 -1.3986527323722837 -3.0680543184280391
decision_type=2 2 2 2 2 2 2 2 2 2 2 2 2 2
left_child=10 2 -2 7 6 -6 -5 -3 -4 -10 11 13 -9 -1
right_child=1 3 8 4 5 -7 -8 12 9 -11 -12 -13 -14 -15
leaf_value=-0.051979521833756981 -0.050362617812655747 0.050343778158935128 0.050404408189726094 -0.050814887225221254 -0.050455929110894499 0.050618017588975918 0.050447754572519293 -0.051956545743211381 -0.050650700604382516 0.034653568594847327 0.050317298674173616 0.050300343393945415 -0.050411782746392464 -0.050340776863450079
leaf_weight=0.055856343358755001 0.57402724679559414 0.21846888959407662 2.2016268521547322 2.6157833582255994 0.65005070809274945 2.4614432379603386 0.41515159606933583 0.080129467183722602 0.27899304032325734 0.68843262642621994 1.5296202152967451 0.19392029196023941 3.1512927783187497 0.083846927620471412
leaf_count=3 172 2 18 677 161 18 3 11 65 12 15 2 875 25
internal_value=-5.43369e-05 -0.00603073 0.024522 -0.0179529 -0.0032858 0.0295017 -0.0369448 -0.0440672 0.0380862 0.0100529 0.0427192 0.00788299 -0.0504501 -0.050996
internal_weight=15.1986 13.3354 3.74308 9.59232 6.14243 3.11149 3.03093 3.44989 3.16905 0.967426 1.86324 0.333624 3.23142 0.139703
internal_count=2059 2014 267 1747 859 179 680 888 95 77 45 30 886 28
is_linear=0
shrinkage=0.05


Tree=90
num_leaves=13
num_cat=0
split_feature=3 11 29 8 2 9 8 9 20 5 21 5
split_gain=1.47912 2.08567 2.30505 3.33342 2.26592 1.20938 0.742568 0.386538 0.311411 0.000801926 0.000124323 2.96294e-05
threshold=-2.8856312036514278 -0.13893805444240567 0.12378700450062753 0.42352980375289923 -0.23474345356225965 2.9910463094711308 -0.77973124384880055 -3.436668753623962 -0.66932365298271168 0.19888968765735629 2.1572405099868779 0.44277986884117132
decision_type=2 2 2 2 2 2 2 2 2 2 2 2
left_child=-1 5 3 8 6 7 -4 -2 -3 -5 -9 -6
right_child=1 2 4 9 11 -7 -8 10 -10 -11 -12 -13
leaf_value=0.048630947578812173 0.050303820835515316 -0.012951224274676876 0.05036840254732599 -0.052887271917486961 0.050606169259761483 0.044311484034709768 -0.050356341093574175 -0.050414111039820901 0.046578017126574632 -0.050451727041342778 -0.052078232937950025 0.050314521949698467
leaf_weight=1.4083179642912007 0.098100349307061019 0.25934162666089822 0.22879333049058892 0.39064636477269266 1.4171091169118883 0.40365779399871815 0.91381395584903657 3.0425001196563239 1.4369404851458947 2.5065344215836376 0.11653145309537638 2.2592077925801277
leaf_count=18 1 34 2 38 9 5 278 903 18 714 16 23
internal_value=-5.52062e-05 -0.00529996 0.00715492 -0.0181885 0.0313126 -0.0373231 -0.0301874 -0.0474402 0.0374767 -0.0507801 -0.0504755 0.0504269
internal_weight=14.4815 13.0732 9.41239 4.59346 4.81892 3.66079 1.14261 3.25713 1.69628 2.89718 3.15903 3.67632
internal_count=2059 2041 1116 804 312 925 280 920 52 752 919 32
is_linear=0
shrinkage=0.05


Tree=91
num_leaves=15
num_cat=0
split_feature=27 25 24 23 2 29 0 6 19 24 25 10 7 7
split_gain=1.41578 1.75933 1.36973 1.33098 2.45609 1.89961 1.33129 0.753191 0.405062 0.515271 0.118795 0.135235 0.206797 5.54883e-05
threshold=-2.2661914825439449 -0.98474743962287892 0.098474670201540007 0.050108086317777641 -0.12264206260442732 -0.047540074214339249 3.6228972673416142 -3.4626632928848262 -0.30119554698467249 1.416005074977875 1.3716505765914919 0.69690322875976574 -1.0000000180025095e-35 -1.3986527323722837
decision_type=2 2 2 2 2 2 2 2 2 2 2 2 2 2
left_child=10 2 -2 7 6 -6 -5 -3 -4 -10 11 12 -1 -9
right_child=1 3 8 4 5 -7 -8 13 9 -11 -12 -13 -14 -15
leaf_value=-0.050917847375621696 -0.050327928546708783 0.050311388929093176 0.050366061811436248 -0.050741389762399614 -0.050412371623164469 0.050560242026855211 0.050406197190203929 -0.051773568514642238 -0.050588797735300062 0.033713643764223443 0.049921862270654802 0.050276614779894702 0.050266549788662476 -0.050376227705542148
leaf_weight=0.12192495563067485 0.51969900121912305 0.19813650101423119 1.9962718933820727 2.3770204288885002 0.58866494009271297 2.2316531985998154 0.37689523398876179 0.072853852063415991 0.25278713577426959 0.64056495809927583 1.3092110236175356 0.17882458120584488 0.0861939638853082 2.862187390681358
leaf_count=27 172 2 18 677 161 18 3 11 65 12 15 2 1 875
internal_value=-5.63311e-05 -0.00604549 0.0244027 -0.0179672 -0.0033114 0.0294849 -0.0368985 -0.0440414 0.037843 0.00985903 0.0427281 0.0183882 -0.00901159 -0.0504109
internal_weight=13.8129 12.1167 3.40932 8.70741 5.57423 2.82032 2.75392 3.13318 2.88962 0.893352 1.69615 0.386944 0.208119 2.93504
internal_count=2059 2014 267 1747 859 179 680 888 95 77 45 30 28 886
is_linear=0
shrinkage=0.05


Tree=92
num_leaves=15
num_cat=0
split_feature=27 25 24 23 2 29 0 27 19 7 25 10 7 7
split_gain=1.34538 1.66871 1.29676 1.26568 2.33488 1.80602 1.26554 0.716171 0.394366 0.498811 0.112752 0.128609 0.196586 4.78625e-05
threshold=-2.2661914825439449 -0.98474743962287892 0.098474670201540007 0.050108086317777641 -0.12264206260442732 -0.047540074214339249 3.6228972673416142 5.5348832607269296 -0.30119554698467249 0.82991629838943493 1.3716505765914919 0.69690322875976574 -1.0000000180025095e-35 -1.3986527323722837
decision_type=2 2 2 2 2 2 2 2 2 2 2 2 2 2
left_child=10 2 -2 7 6 -6 -5 13 -4 -10 11 12 -1 -3
right_child=1 3 8 4 5 -7 -8 -9 9 -11 -12 -13 -14 -15
leaf_value=-0.050873303388060509 -0.050311868896825554 -0.051687419027002947 0.050348102334757283 -0.050706835037043624 -0.050392190915222346 0.050532866959983408 0.050386241567928702 0.050296111942074888 -0.025727316444917721 0.050315617077539898 0.049869853235597818 0.050263052674772879 0.050253485585788397 -0.050357849016232525
leaf_weight=0.11607759632170189 0.49450680171139483 0.069413318997247564 1.8995728194713595 2.2625937981065367 0.56017399975098703 2.1239351332187653 0.35865225642919529 0.18852907419204701 0.46355896349996317 0.40325383841991425 1.2466266518458722 0.17014794796705246 0.082011014223099643 2.72356546134688
leaf_count=27 172 11 18 677 161 18 3 2 73 4 15 2 1 875
internal_value=-5.73301e-05 -0.00603511 0.0242646 -0.0179581 -0.00330943 0.0294698 -0.0368748 -0.0440242 0.0375955 0.00964895 0.0426893 0.0183802 -0.00900562 -0.0503909
internal_weight=13.1626 11.5478 3.26089 8.28686 5.30536 2.68411 2.62125 2.98151 2.76639 0.866813 1.61486 0.368237 0.198089 2.79298
internal_count=2059 2014 267 1747 859 179 680 888 95 77 45 30 28 886
is_linear=0
shrinkage=0.05


Tree=93
num_leaves=13
num_cat=0
split_feature=27 11 29 8 2 0 17 3 2 5 21 5
split_gain=1.27931 1.66377 2.42982 2.2978 1.8448 0.887077 0.872553 0.392515 0.33759 0.000513886 0.000116733 1.89851e-05
threshold=-3.0680543184280391 -0.18975859135389325 0.12378700450062753 0.42352980375289923 -0.23474345356225965 2.4682402610778813 0.54920393228530895 -4.1167383193969718 0.68847864866256725 0.19888968765735629 2.8529572486877446 0.44277986884117132
decision_type=2 2 2 2 2 2 2 2 2 2 2 2
left_child=-1 5 3 8 6 7 -4 -2 -3 -5 -9 -6
right_child=1 2 4 9 11 -7 -8 10 -10 -11 -12 -13
leaf_value=0.046674034919401905 0.050311267357792622 0.045125053816142194 0.050308955723268933 -0.052487065542929784 0.050521486330095101 0.038885701679846285 -0.050304174033278554 -0.050358337927870922 -0.018777411309109763 -0.050397536618531164 -0.052870017665398283 0.050273128143335177
leaf_weight=1.311465676873923 0.10047490149736482 1.0018513975664958 0.29166330397129037 0.34004394290968809 1.2306152954697611 0.34130223910324264 0.82506574597209692 2.5556254279799755 0.26039644889533509 2.1847301436355338 0.047112706815823802 2.0534791350364685
leaf_count=18 1 15 3 38 9 11 293 877 45 719 6 24
internal_value=-5.63821e-05 -0.00551252 0.00622172 -0.0231406 0.0314887 -0.0370703 -0.0240264 -0.0466604 0.0319422 -0.050679 -0.0504038 0.0503662
internal_weight=12.5438 11.2324 8.18785 3.78702 4.40082 3.04452 1.11673 2.70321 1.26225 2.52477 2.60274 3.28409
internal_count=2059 2041 1146 817 329 895 296 884 60 757 883 33
is_linear=0
shrinkage=0.05


Tree=94
num_leaves=13
num_cat=0
split_feature=3 11 29 8 2 9 8 9 20 5 21 5
split_gain=1.2105 1.71383 1.87709 2.7316 1.85298 0.99506 0.607118 0.319518 0.264783 0.000442064 9.83979e-05 1.62587e-05
threshold=-2.8856312036514278 -0.13893805444240567 0.12378700450062753 0.42352980375289923 -0.23474345356225965 2.9910463094711308 -0.77973124384880055 -3.436668753623962 -0.66932365298271168 0.19888968765735629 2.8529572486877446 0.44277986884117132
decision_type=2 2 2 2 2 2 2 2 2 2 2 2
left_child=-1 5 3 8 6 7 -4 -2 -3 -5 -9 -6
right_child=1 2 4 9 11 -7 -8 10 -10 -11 -12 -13
leaf_value=0.048418242030979726 0.050251250985207031 -0.012976155200221188 0.050301209485839049 -0.052363727337430735 0.05049593790607905 0.043756858096072548 -0.050291605092871554 -0.050366629088256946 0.045791144224372769 -0.050377595841358418 -0.052726851147456982 0.050257601530907352
leaf_weight=1.1627343539148576 0.081296265125275435 0.22759511019103218 0.18755108118057284 0.3242024558130655 1.1651305109262469 0.33719570189714421 0.74907927075400949 2.5619594349991526 1.2143518268130713 2.0624021642142907 0.044933605706319102 1.8544590249657629
leaf_count=18 1 34 2 38 9 5 278 913 18 714 6 23
internal_value=-5.80014e-05 -0.00527208 0.00713889 -0.0178193 0.0312917 -0.0372074 -0.0301489 -0.0473632 0.0365154 -0.0506474 -0.0504073 0.0503496
internal_weight=11.9729 10.8102 7.78477 3.82855 3.95622 3.02539 0.93663 2.68819 1.44195 2.3866 2.60689 3.01959
internal_count=2059 2041 1116 804 312 925 280 920 52 752 919 32
is_linear=0
shrinkage=0.05


Tree=95
num_leaves=15
num_cat=0
split_feature=27 25 24 23 2 29 0 6 19 24 25 10 7 7
split_gain=1.159 1.44621 1.11257 1.09234 2.01356 1.55285 1.09792 0.62002 0.348344 0.424566 0.103588 0.116104 0.171968 3.05086e-05
threshold=-2.2661914825439449 -0.98474743962287892 0.098474670201540007 0.050108086317777641 -0.12264206260442732 -0.047540074214339249 3.6228972673416142 -3.4626632928848262 -0.30119554698467249 1.416005074977875 1.3716505765914919 0.69690322875976574 0.27677451074123388 -1.3986527323722837
decision_type=2 2 2 2 2 2 2 2 2 2 2 2 2 2
left_child=10 2 -2 7 6 -6 -5 -3 -4 -10 11 12 -1 -9
right_child=1 3 8 4 5 -7 -8 13 9 -11 -12 -13 -14 -15
leaf_value=-0.050845658784995043 -0.050268468225648039 0.05025607528906028 0.050300670102262926 -0.05061458165126112 -0.050337377515417052 0.050460937002705791 0.050335900981054643 -0.051452682198865868 -0.050494125744704112 0.032617655802549418 0.049797183726608324 0.050227259038507235 0.050217899251541166 -0.050314800721483338
leaf_weight=0.10424473881721574 0.42635733704082612 0.16350670903921072 1.6466850489377978 1.9625382889062168 0.48262149328365955 1.8342708721756933 0.31217708438634861 0.060414538485928815 0.21301420254167158 0.5514613320119679 1.0861685960553584 0.14720417559146881 0.070597827434539795 2.3608788439305508
leaf_count=27 172 2 18 677 161 18 3 11 65 12 15 2 1 875
internal_value=-5.93167e-05 -0.00603202 0.0241861 -0.0179801 -0.00334397 0.0294641 -0.0367604 -0.0439796 0.0373516 0.00945931 0.042413 0.0175085 -0.0100383 -0.0503432
internal_weight=11.4221 10.0139 2.83752 7.17641 4.59161 2.31689 2.27472 2.5848 2.41116 0.764476 1.40822 0.322047 0.174843 2.42129
internal_count=2059 2014 267 1747 859 179 680 888 95 77 45 30 28 886
is_linear=0
shrinkage=0.05


Tree=96
num_leaves=13
num_cat=0
split_feature=27 11 29 8 2 0 17 19 3 5 21 5
split_gain=1.10213 1.43003 2.0951 1.96066 1.58379 0.765219 0.753893 0.39774 0.33819 0.000327223 9.84168e-05 1.21021e-05
threshold=-3.0680543184280391 -0.18975859135389325 0.12378700450062753 0.42352980375289923 -0.23474345356225965 2.4682402610778813 0.54920393228530895 -0.56520226597785939 -4.1167383193969718 0.19888968765735629 2.8529572486877446 0.44277986884117132
decision_type=2 2 2 2 2 2 2 2 2 2 2 2
left_child=-1 5 3 7 6 8 -4 -3 -2 -5 -10 -6
right_child=1 2 4 9 11 -7 -8 -9 10 -11 -12 -13
leaf_value=0.046330121592331325 0.050268180683652221 0.049339845208808956 0.050267231689164041 -0.052138739984535602 0.050448729856149246 0.038074599670649273 -0.0502617405422549 -0.016849639837873773 -0.050312524556592866 -0.050348121840327179 -0.052722795402522171 0.050235308529472777
leaf_weight=1.145562018267811 0.086715780198574843 0.80709487618878484 0.25282967090606723 0.29504716291558031 1.0626615434885027 0.30102843022905279 0.71081258472986519 0.31576341553591125 2.2064765791874374 1.8863009589258579 0.043181214947253355 1.7716493308544157
leaf_count=18 1 9 3 38 9 11 293 51 877 719 6 24
internal_value=-6.03988e-05 -0.00551683 0.00615841 -0.0229567 0.0314884 -0.0369566 -0.0238861 0.0307264 -0.046624 -0.0505903 -0.0503588 0.0503153
internal_weight=10.8851 9.73956 7.10216 3.30421 3.79795 2.6374 0.963642 1.12286 2.33637 2.18135 2.24966 2.83431
internal_count=2059 2041 1146 817 329 895 296 60 884 757 883 33
is_linear=0
shrinkage=0.05


Tree=97
num_leaves=13
num_cat=0
split_feature=3 11 29 8 2 9 8 9 20 5 21 5
split_gain=1.04202 1.47863 1.61267 2.34322 1.59352 0.861309 0.522068 0.27805 0.239112 0.000281589 8.27347e-05 1.03633e-05
threshold=-2.8856312036514278 -0.13893805444240567 0.12378700450062753 0.42352980375289923 -0.23474345356225965 2.9910463094711308 -0.77973124384880055 -3.436668753623962 -0.66932365298271168 0.19888968765735629 2.8529572486877446 0.44277986884117132
decision_type=2 2 2 2 2 2 2 2 2 2 2 2
left_child=-1 5 3 8 6 7 -4 -2 -3 -5 -9 -6
right_child=1 2 4 9 11 -7 -8 10 -10 -11 -12 -13
leaf_value=0.048211940126067152 0.050218722061744762 -0.013111792028504815 0.050259034561000171 -0.052032914006099676 0.050426761574182015 0.043207178218251187 -0.050250771543097997 -0.050324944847580155 0.045198822155069367 -0.0503303176206958 -0.052586841964325004 0.050221970039771191
leaf_weight=1.0092845100443817 0.070861943066120925 0.21045405766926695 0.16155391931533847 0.28121394384652409 1.006219230592251 0.296252280473709 0.64504582236986607 2.2174682999029751 1.0680507179349654 1.7799560597632078 0.041178749874234089 1.6001282855868337
leaf_count=18 1 34 2 38 9 5 278 913 18 714 6 23
internal_value=-6.12754e-05 -0.00525635 0.00712383 -0.0175774 0.0312948 -0.0370942 -0.0301197 -0.0473065 0.0356003 -0.0505626 -0.0503662 0.050301
internal_weight=10.3877 9.37838 6.75262 3.33967 3.41295 2.62576 0.8066 2.32951 1.2785 2.06117 2.25865 2.60635
internal_count=2059 2041 1116 804 312 925 280 920 52 752 919 32
is_linear=0
shrinkage=0.05


Tree=98
num_leaves=15
num_cat=0
split_feature=27 25 24 23 2 29 0 6 11 29 25 10 6 7
split_gain=0.9988 1.2537 0.954516 0.943702 1.73399 1.33524 0.953205 0.537159 0.440989 0.123532 0.0954664 0.255525 6.54592e-05 1.93584e-05
threshold=-2.2661914825439449 -0.98474743962287892 0.098474670201540007 0.050108086317777641 -0.12264206260442732 -0.047540074214339249 3.6228972673416142 -3.4626632928848262 -0.18975859135389325 -0.76889756321907032 1.3716505765914919 0.33229349553585058 -1.1427291631698606 -1.3986527323722837
decision_type=2 2 2 2 2 2 2 2 2 2 2 2 2 2
left_child=10 2 -2 7 6 -6 -5 -3 12 -10 11 -1 -4 -9
right_child=1 3 8 4 5 -7 -8 13 9 -11 -12 -13 -14 -15
leaf_value=-0.050820858439026485 -0.050231192454709188 0.050221590050607362 -0.053222467464483475 -0.050534215010841335 -0.050290244381198203 0.050397975666227751 0.050292455245188189 -0.051250089618669441 0.012025775062160177 0.048101065130854374 0.04972646492335165 0.050193496970991264 -0.0505462976773998 -0.050278205433982939
leaf_weight=0.093819708330557416 0.36759249400347416 0.14186831563711111 0.029338272288441658 1.7001138946507128 0.41574384761042904 1.5828415825963016 0.27189864218235005 0.052551347296684425 0.27597696962766383 1.6932893740013235 0.94711905997246504 0.18816475942730904 0.10331872839015011 2.048025022028015
leaf_count=27 172 2 1 677 161 18 3 11 29 33 15 3 32 875
internal_value=-6.27345e-05 -0.00603455 0.0241017 -0.0180129 -0.00336859 0.0294529 -0.0366324 -0.0439429 0.0371013 0.0430454 0.042123 0.0165848 -0.0511382 -0.0503025
internal_weight=9.91166 8.68256 2.46952 6.21304 3.9706 1.99859 1.97201 2.24244 2.10192 1.96927 1.2291 0.281984 0.132657 2.10058
internal_count=2059 2014 267 1747 859 179 680 888 95 62 45 30 33 886
is_linear=0
shrinkage=0.05


Tree=99
num_leaves=13
num_cat=0
split_feature=27 11 29 8 2 9 17 20 3 5 21 5
split_gain=0.949667 1.22363 1.80135 1.68649 1.36588 0.660728 0.649841 0.455443 0.358419 0.000207538 6.23133e-05 7.72361e-06
threshold=-3.0680543184280391 -0.18975859135389325 0.12378700450062753 0.42352980375289923 -0.23474345356225965 -3.436668753623962 0.54920393228530895 -0.66932365298271168 3.6967191696166997 0.19888968765735629 2.8529572486877446 0.44277986884117132
decision_type=2 2 2 2 2 2 2 2 2 2 2 2
left_child=-1 5 3 7 6 -2 -4 -3 10 -5 -7 -6
right_child=1 2 4 9 11 8 -8 -9 -10 -11 -12 -13
leaf_value=0.045969793930713085 0.050206570452840264 -0.050396317148098058 0.050230205455337996 -0.051838492368736555 0.05038620434883842 -0.050272530637383218 -0.050226416184911506 0.043898002719201669 0.037919144289284987 -0.050307074069551566 -0.052332291308228862 0.050202629954351818
leaf_weight=1.0016345456242568 0.19911693409085307 0.15072085754945874 0.21818809211254153 0.25587754184380163 0.91695656999945674 1.9224153053946786 0.61406533268745989 0.8516068356111639 0.12228524778038252 1.6339946941006926 0.037433662684634217 1.5273932665586469
leaf_count=18 3 44 3 38 9 884 293 16 2 719 6 24
internal_value=-6.39135e-05 -0.00552056 0.00604991 -0.0227086 0.0314345 -0.0368086 -0.0238902 0.0297189 -0.04513 -0.0505144 -0.0503119 0.0502715
internal_weight=9.45169 8.45005 6.1688 2.8922 3.2766 2.28125 0.832253 1.00233 2.08213 1.88987 1.95985 2.44435
internal_count=2059 2041 1146 817 329 895 296 60 892 757 890 33
is_linear=0
shrinkage=0.05


Tree=100
num_leaves=15
num_cat=0
split_feature=27 25 24 23 2 29 0 6 5 19 25 10 6 27
split_gain=0.896628 1.13305 0.857773 0.852633 1.5722 1.20757 0.866096 0.485765 0.349538 0.124891 0.0925166 0.238528 4.58297e-05 1.56313e-05
threshold=-2.2661914825439449 -0.98474743962287892 0.098474670201540007 0.050108086317777641 -0.12264206260442732 -0.047540074214339249 3.6228972673416142 -3.4626632928848262 -0.63971027731895436 -0.30119554698467249 1.3716505765914919 0.33229349553585058 -1.1066014766693113 -3.0680543184280391
decision_type=2 2 2 2 2 2 2 2 2 2 2 2 2 2
left_child=10 2 -2 7 6 -6 -5 -3 12 -10 11 13 -4 -1
right_child=1 3 8 4 5 -7 -8 -9 9 -11 -12 -13 -14 -15
leaf_value=-0.051515242015430951 -0.050209116232732803 0.05020041907282894 -0.052899659562251726 -0.050489577632816224 -0.050262551980145481 0.050361307470585571 0.050266400368932866 -0.050273824097833486 0.050235480893480261 0.021293846703638351 0.049659755580668097 0.050175520968714138 -0.050508952876746033 -0.050188507272233666
leaf_weight=0.043517717160284519 0.33273097092751447 0.12842106446623791 0.026722492650151253 1.5460439316229897 0.37636698794085544 1.4349190555512901 0.24742032214999188 1.9017194742336871 1.294458322227001 0.52350955328438398 0.86151467822492123 0.1707921139895916 0.080238775582984201 0.045321855111978726
leaf_count=3 172 2 1 677 161 18 3 886 18 49 15 3 27 24
internal_value=-6.61635e-05 -0.00600973 0.0239198 -0.0180012 -0.00340521 0.0294527 -0.0365896 -0.0439181 0.0367332 0.0419013 0.0417749 0.015611 -0.0511062 -0.0508384
internal_weight=9.0137 7.89255 2.25766 5.63489 3.60475 1.81129 1.79346 2.03014 1.92493 1.81797 1.12115 0.259632 0.106961 0.0888396
internal_count=2059 2014 267 1747 859 179 680 888 95 67 45 30 28 27
is_linear=0
shrinkage=0.05


Tree=101
num_leaves=15
num_cat=0
split_feature=3 11 29 8 2 9 8 9 12 4 0 5 21 28
split_gain=0.854575 1.09623 1.25958 1.78454 1.23087 0.70695 0.424192 0.227207 0.197473 0.130439 0.286677 0.00015967 4.49426e-05 1.40558e-05
threshold=-2.1149071455001827 -0.13893805444240567 0.12378700450062753 0.42352980375289923 -0.23474345356225965 2.9910463094711308 -0.77973124384880055 -3.436668753623962 0.44028601050376898 0.48043864965438848 -2.0403307676315303 0.19888968765735629 2.8529572486877446 -0.25626364350318903
decision_type=2 2 2 2 2 2 2 2 2 2 2 2 2 2
left_child=9 5 3 8 6 7 -4 -2 -3 10 -1 -5 -9 -12
right_child=1 2 4 11 -6 -7 -8 12 -10 -11 13 -13 -14 -15
leaf_value=0.047042677181921129 0.050178894969095826 -0.00772222274525413 0.050211977865612406 -0.0516935839815496 0.050251676194617546 0.04261890998181829 -0.050202068520744693 -0.050268805806537614 0.045469763665682283 0.04905213167106301 -0.051649685685750873 -0.050259140088001586 -0.052103513664981928 -0.050353015517382249
leaf_weight=0.20953314518555999 0.058051817119121663 0.22371546039357804 0.13249710574746143 0.22456408001016814 1.9591551721096037 0.24800276709720481 0.51004718872718535 1.7867113641696049 0.79287276952527463 0.87689391802996397 0.027240617200732231 1.4252176424488423 0.034013773663900904 0.089782343129627185
leaf_count=4 1 32 2 37 29 5 269 902 19 16 2 703 6 32
internal_value=-6.73382e-05 -0.00642633 0.0058055 -0.018345 0.0305563 -0.0367248 -0.029496 -0.0471983 0.0337641 0.0390068 0.0120323 -0.0504544 -0.0503031 -0.0506549
internal_weight=8.5983 7.39485 5.26807 2.66637 2.6017 2.12678 0.642544 1.87878 1.01659 1.20345 0.326556 1.64978 1.82073 0.117023
internal_count=2059 2005 1091 791 300 914 271 909 51 54 38 740 908 34
is_linear=0
shrinkage=0.05


Tree=102
num_leaves=13
num_cat=0
split_feature=27 11 29 8 2 0 17 20 3 5 21 5
split_gain=0.812914 1.05225 1.55478 1.45226 1.1734 0.573532 0.563272 0.401024 0.250926 0.000131303 3.94122e-05 4.92463e-06
threshold=-3.0680543184280391 -0.18975859135389325 0.12378700450062753 0.42352980375289923 -0.23474345356225965 2.4682402610778813 0.54920393228530895 -0.66932365298271168 -4.1167383193969718 0.19888968765735629 2.8529572486877446 0.44277986884117132
decision_type=2 2 2 2 2 2 2 2 2 2 2 2
left_child=-1 5 3 7 6 8 -4 -3 -2 -5 -10 -6
right_child=1 2 4 9 11 -7 -8 -9 10 -11 -12 -13
leaf_value=0.045569210575855987 0.050199043744944861 -0.050357198198067755 0.050199890421740112 -0.051580788320708143 0.05033257750126674 0.037301819762057348 -0.050195528692892968 0.043011663528993195 -0.050238520402678281 -0.050272129589188079 -0.051998997949591334 0.050174880612094477
leaf_weight=0.87204082868993271 0.06453629583120335 0.13560574525035918 0.18978272378444705 0.22167427639942605 0.79245230928063426 0.23099463537801046 0.52953515015542507 0.75690178526565466 1.6439761149231342 1.4162960861576719 0.032418293529190012 1.31924831867218
leaf_count=18 1 44 3 38 9 11 293 16 877 719 6 24
internal_value=-6.86932e-05 -0.00549564 0.0059906 -0.0224888 0.0314467 -0.0367258 -0.0237075 0.0288254 -0.0465481 -0.0504492 -0.0502726 0.0502341
internal_weight=8.20546 7.33342 5.3615 2.53048 2.83102 1.97193 0.719318 0.892508 1.74093 1.63797 1.67639 2.1117
internal_count=2059 2041 1146 817 329 895 296 60 884 757 883 33
is_linear=0
shrinkage=0.05


Tree=103
num_leaves=13
num_cat=0
split_feature=3 11 29 8 2 9 8 9 7 5 21 5
split_gain=0.774104 1.09201 1.19348 1.73607 1.18445 0.646066 0.386813 0.20824 0.193903 0.000113106 3.27869e-05 4.21852e-06
threshold=-2.8856312036514278 -0.13893805444240567 0.12378700450062753 0.42352980375289923 -0.23474345356225965 2.9910463094711308 -0.77973124384880055 -3.436668753623962 -0.50617733597755421 0.19888968765735629 2.8529572486877446 0.44277986884117132
decision_type=2 2 2 2 2 2 2 2 2 2 2 2
left_child=-1 5 3 8 6 7 -4 -2 -3 -5 -9 -6
right_child=1 2 4 9 11 -7 -8 10 -10 -11 -12 -13
leaf_value=0.04790259741297901 0.050163911166684505 0.049959521408693558 0.050191731694899891 -0.051502863023040329 0.050316310921101108 0.042043848609119888 -0.050187255366528086 -0.05025581156761403 0.0040521519301403991 -0.050257562120314903 -0.05189975788778383 0.050164981334353265
leaf_weight=0.75931756710633624 0.053220976144075283 0.65570192178711295 0.11993568390607845 0.21117408818099637 0.75062891095876683 0.22942292969673861 0.4803892429918053 1.657669572625309 0.35430602426640712 1.335328727844171 0.030894711846485623 1.1915785893797872
leaf_count=18 1 9 2 38 9 5 278 913 43 714 6 23
internal_value=-7.14601e-05 -0.00522369 0.00699397 -0.0171297 0.0312502 -0.0368279 -0.0301331 -0.0472166 0.0338554 -0.0504276 -0.0502859 0.0502235
internal_weight=7.82957 7.07025 5.09904 2.55651 2.54253 1.97121 0.600325 1.74179 1.01001 1.5465 1.68856 1.94221
internal_count=2059 2041 1116 804 312 925 280 920 52 752 919 32
is_linear=0
shrinkage=0.05


Tree=104
num_leaves=15
num_cat=0
split_feature=3 11 29 8 2 9 8 7 9 4 0 5 21 28
split_gain=0.736557 0.939166 1.08135 1.51635 1.05875 0.611319 0.364893 0.248739 0.197889 0.115312 0.245921 0.00010177 2.83627e-05 8.91942e-06
threshold=-2.1149071455001827 -0.13893805444240567 0.12378700450062753 0.42352980375289923 -0.23474345356225965 2.9910463094711308 -0.77973124384880055 -0.50617733597755421 -3.436668753623962 0.48043864965438848 -2.0403307676315303 0.19888968765735629 2.8529572486877446 -0.25626364350318903
decision_type=2 2 2 2 2 2 2 2 2 2 2 2 2 2
left_child=9 5 3 7 6 8 -4 -3 -2 10 -1 -5 -10 -12
right_child=1 2 4 11 -6 -7 -8 -9 12 -11 13 -13 -14 -15
leaf_value=0.046381999210959708 0.050155892246477873 0.049902076830414248 0.050182346593196696 -0.051455174857213098 0.050216556874171828 0.041393548081811532 -0.050173847801528816 -0.0059971435235506923 -0.050238863253068637 0.048924505467212859 -0.051418178608081636 -0.050223259820534952 -0.051805518769434393 -0.050309230407166651
leaf_weight=0.18245914205908775 0.050633251667022594 0.62442315695807338 0.11410715058445942 0.19416773971170176 1.6880654543638227 0.22157670510932792 0.43923895666375778 0.292104976717383 1.544755403534509 0.76335751451551914 0.023589619901031256 1.2274912628345189 0.029440068174153455 0.078378809615969436
leaf_count=4 1 9 2 37 29 5 269 42 902 16 2 703 6 32
internal_value=-7.24606e-05 -0.00641069 0.00572656 -0.0180616 0.0305418 -0.0365145 -0.0294791 0.0320865 -0.0471387 0.0387996 0.0116258 -0.0503915 -0.0502682 -0.0505658
internal_weight=7.47379 6.426 4.5796 2.33819 2.24141 1.84641 0.553346 0.916528 1.62483 1.04779 0.284428 1.42166 1.5742 0.101968
internal_count=2059 2005 1091 791 300 914 271 51 909 54 38 740 908 34
is_linear=0
shrinkage=0.05


Tree=105
num_leaves=15
num_cat=0
split_feature=27 25 27 23 2 29 0 6 0 16 21 25 10 14
split_gain=0.700108 0.908339 0.66972 0.669212 1.23149 0.93958 0.685659 0.382017 0.18112 0.134388 0.261954 0.0777483 0.191929 0.000394691
threshold=-2.2661914825439449 -0.98474743962287892 0.36903989315032965 0.050108086317777641 -0.12264206260442732 -0.047540074214339249 3.6228972673416142 -3.4626632928848262 -2.227266669273376 -0.17320380359888074 -0.13721001148223874 1.3716505765914919 0.33229349553585058 0.11995030939579011
decision_type=2 2 2 2 2 2 2 2 2 2 2 2 2 2
left_child=11 2 8 7 6 -6 -5 -3 -2 13 -11 12 -1 -4
right_child=1 3 9 4 5 -7 -8 -9 -10 10 -12 -13 -14 -15
leaf_value=-0.050738565339995295 0.05016134117312035 0.050157366136296767 0.048218167542838967 -0.050394213577252982 -0.050204349863538382 0.050283367464465635 0.050212255433971946 -0.050226747222058887 -0.050172597304948698 0.039190388789025879 -0.051061605432364356 0.049574351362314584 0.050137225379283536 0.05019279629213215
leaf_weight=0.07284106162842352 0.05239243060350407 0.10114067047834341 0.47760087763890602 1.2217932009371 0.29341010306961823 1.1227781251072881 0.19660604745149601 1.5057643825421112 0.31787851732224226 0.3063920639688148 0.10900191206019372 0.68248341884464025 0.13370558619499207 0.53826939314603806
leaf_count=27 1 2 11 677 161 18 3 886 208 16 22 15 3 9
internal_value=-7.29861e-05 -0.00598459 0.0239614 -0.0181312 -0.00351821 0.029464 -0.036449 -0.0439084 -0.0359756 0.0394673 0.0155077 0.04144 0.0145622 0.0492644
internal_weight=7.13206 6.24303 1.80154 4.44149 2.83459 1.41619 1.4184 1.60691 0.370271 1.43126 0.415394 0.88903 0.206547 1.01587
internal_count=2059 2014 267 1747 859 179 680 888 209 58 38 45 30 20
is_linear=0
shrinkage=0.05


Tree=106
num_leaves=13
num_cat=0
split_feature=27 11 29 8 2 0 17 9 3 5 25 5
split_gain=0.665822 0.858499 1.27444 1.17902 0.960031 0.473412 0.462822 0.347065 0.205992 7.18452e-05 2.75333e-05 2.699e-06
threshold=-3.0680543184280391 -0.18975859135389325 0.12378700450062753 0.42352980375289923 -0.23474345356225965 2.4682402610778813 0.54920393228530895 0.6592579483985902 -4.1167383193969718 0.19888968765735629 -2.3102712631225581 0.44277986884117132
decision_type=2 2 2 2 2 2 2 2 2 2 2 2
left_child=-1 5 3 7 6 8 -4 -3 -2 -5 -10 -6
right_child=1 2 4 9 11 -7 -8 -9 10 -11 -12 -13
leaf_value=0.045154672408670958 0.050163418882816939 -0.050356379692478997 0.050164369526123923 -0.051292770918921107 0.050272346417958261 0.036503519429903618 -0.050160828539102156 0.041832250113419851 -0.052010265449528997 -0.050226197654304361 -0.050200729984737735 0.050143529697885193
leaf_weight=0.7266771625727414 0.053062155842780956 0.12124596978537772 0.15632801875472102 0.18265285540837783 0.65085035562515248 0.19514452817384143 0.434381193947047 0.64629334211349487 0.021352050593122729 1.1646469627739859 1.3579206888098267 1.0836625732481477
leaf_count=18 1 41 3 38 9 11 293 19 2 719 881 24
internal_value=-7.41176e-05 -0.00549093 0.00589574 -0.0221928 0.0314429 -0.0365559 -0.0236103 0.0272695 -0.0465096 -0.0503708 -0.0502287 0.0501919
internal_weight=6.79422 6.06754 4.44006 2.11484 2.32522 1.62748 0.590709 0.767539 1.43233 1.3473 1.37927 1.73451
internal_count=2059 2041 1146 817 329 895 296 60 884 757 883 33
is_linear=0
shrinkage=0.05


Tree=107
num_leaves=15
num_cat=0
split_feature=3 11 29 8 2 9 8 7 9 6 0 19 5 21
split_gain=0.635409 0.807361 0.930792 1.29949 0.911729 0.529877 0.314155 0.227419 0.172496 0.108288 0.198742 0.000859748 6.48412e-05 1.78682e-05
threshold=-2.1149071455001827 -0.13893805444240567 0.12378700450062753 0.42352980375289923 -0.23474345356225965 2.9910463094711308 -0.77973124384880055 -0.50617733597755421 -3.436668753623962 -0.84672617912292469 -2.0403307676315303 1.0793886780738833 0.19888968765735629 2.8529572486877446
decision_type=2 2 2 2 2 2 2 2 2 2 2 2 2 2
left_child=9 5 3 7 6 8 -4 -3 -2 11 -11 -1 -5 -10
right_child=1 2 4 12 -6 -7 -8 -9 13 10 -12 -13 -14 -15
leaf_value=0.046511904197159094 0.050135948709898251 0.049817713075769703 0.050156936073244701 -0.051251805681898646 0.050186589639510053 0.040751789476637455 -0.050150260982689744 -0.0063208465691616663 -0.050213401381090775 0.045490075630778004 -0.05055616240531427 0.050142360796023883 -0.050194338218815894 -0.051549935656075997
leaf_weight=0.27115692908409983 0.044191487133502849 0.54281212133355439 0.098336689174175151 0.16793458897154767 1.4567153044044967 0.19557482935488213 0.37853206170257203 0.27020612475462336 1.3367436743574215 0.14140029205009341 0.086998940736520924 0.40912675112485886 1.0597531116800381 0.025483613251708337
leaf_count=11 1 9 2 37 29 5 269 42 902 4 30 9 703 6
internal_value=-7.71641e-05 -0.00639512 0.00568392 -0.0178697 0.0305424 -0.0363613 -0.0294656 0.0311601 -0.0470845 0.038694 0.00890536 0.0486953 -0.050339 -0.0502384
internal_weight=6.48497 5.57628 3.97429 2.04071 1.93358 1.60199 0.476869 0.813018 1.40642 0.908683 0.228399 0.680284 1.22769 1.36223
internal_count=2059 2005 1091 791 300 914 271 51 909 54 34 20 740 908
is_linear=0
shrinkage=0.05


Tree=108
num_leaves=15
num_cat=0
split_feature=18 11 29 8 2 6 12 3 0 8 19 4 21 5
split_gain=0.602907 0.826796 0.932174 1.10143 1.07808 0.396273 0.303889 0.244365 0.154804 0.138208 0.077137 0.156662 1.50496e-05 1.97918e-06
threshold=-2.0549457073211665 -0.13893805444240567 0.12378700450062753 0.42352980375289923 -0.23474345356225965 -3.4626632928848262 0.36278702318668371 3.6967191696166997 3.6228972673416142 -0.77973124384880055 0.44594082236289984 -1.9009740352630613 2.8529572486877446 0.36482866108417517
decision_type=2 2 2 2 2 2 2 2 2 2 2 2 2 2
left_child=10 5 3 6 9 -2 -3 12 -5 -4 11 -1 -7 -6
right_child=1 2 4 8 13 7 -8 -9 -10 -11 -12 -13 -14 -15
leaf_value=0.050156299659696618 0.050122091779106259 -0.050488018109136334 0.050116334811162094 -0.050340942268241401 0.050246334012206434 -0.05021658931522386 0.04231281274257296 0.03756927178046781 0.05012182615025116 -0.050146933491319837 0.049940670592234365 -0.050141917673843774 -0.051473271345302142 0.050129483599868033
leaf_weight=0.10028751194477081 0.11912577971816052 0.10207000141963396 0.037845373153686412 1.189700965886004 0.59099778160452798 1.2795372959226368 0.64997394871897995 0.084357849322259315 0.039622403681278118 0.37438006140291713 0.59710854408331215 0.063638397608883568 0.02427595481276501 0.9367932602763176
leaf_count=2 3 28 1 736 9 888 22 2 1 277 15 46 6 23
internal_value=-7.77222e-05 -0.00592044 0.00617723 -0.0179451 0.0308137 -0.0373937 0.0297176 -0.0449039 -0.0471029 -0.040942 0.0416001 0.0112191 -0.05024 0.0501747
internal_weight=6.18972 5.42868 3.92138 1.98137 1.94002 1.5073 0.752044 1.38817 1.22932 0.412225 0.761034 0.163926 1.30381 1.52779
internal_count=2059 1996 1097 787 310 899 50 896 737 278 63 48 894 32
is_linear=0
shrinkage=0.05


Tree=109
num_leaves=15
num_cat=0
split_feature=18 11 29 8 2 6 12 3 3 8 19 4 21 5
split_gain=0.573154 0.78526 0.885681 1.04499 1.02532 0.376434 0.285607 0.232733 0.147207 0.131449 0.0732976 0.148999 1.29482e-05 1.70315e-06
threshold=-2.0549457073211665 -0.13893805444240567 0.12378700450062753 0.42352980375289923 -0.23474345356225965 -3.4626632928848262 0.36278702318668371 3.6967191696166997 -4.1167383193969718 -0.77973124384880055 0.44594082236289984 -1.9009740352630613 2.8529572486877446 0.36482866108417517
decision_type=2 2 2 2 2 2 2 2 2 2 2 2 2 2
left_child=10 5 3 6 9 -2 -3 12 -5 -4 11 -1 -7 -6
right_child=1 2 4 8 13 7 -8 -9 -10 -11 -12 -13 -14 -15
leaf_value=0.050148655354860308 0.050116123278271862 -0.050464146140757872 0.050110645531077136 0.050115871883419316 0.050234285035277472 -0.0502061032742269 0.041668037316920439 0.036723164428608034 -0.050324620394578773 -0.050139754886721344 0.049914250872054977 -0.050134978521789567 -0.051400450476616115 0.050123155514910173
leaf_weight=0.095410607755184174 0.11332910135388363 0.09713675896637175 0.036003615707158931 0.037694361060857218 0.56230591982603029 1.217381320078857 0.62760274158790708 0.08204601053148497 1.1320363543927672 0.35617103119147964 0.56828041863627732 0.060542883235029765 0.023123893071897217 0.8912149965763092
leaf_count=2 3 28 1 1 9 888 22 2 736 277 15 46 6 23
internal_value=-7.94947e-05 -0.00590871 0.00615807 -0.0178578 0.0308086 -0.0373401 0.0293196 -0.0448342 -0.0470879 -0.0409363 0.0415814 0.0112174 -0.0502284 0.0501661
internal_weight=5.90028 5.17605 3.74017 1.89447 1.8457 1.43588 0.72474 1.32255 1.16973 0.392175 0.724234 0.155953 1.24051 1.45352
internal_count=2059 1996 1097 787 310 899 50 896 737 278 63 48 894 32
is_linear=0
shrinkage=0.05


Tree=110
num_leaves=15
num_cat=0
split_feature=3 11 29 8 2 9 8 22 9 6 0 19 5 21
split_gain=0.545295 0.691006 0.798349 1.10805 0.784316 0.460601 0.270282 0.226671 0.148444 0.0933762 0.170055 0.000882911 4.15455e-05 1.25877e-05
threshold=-2.1149071455001827 -0.13893805444240567 0.12378700450062753 0.42352980375289923 -0.23474345356225965 2.9910463094711308 -0.77973124384880055 -0.53561162948608387 -3.436668753623962 -0.84672617912292469 -2.0403307676315303 1.0793886780738833 0.19888968765735629 2.1572405099868779
decision_type=2 2 2 2 2 2 2 2 2 2 2 2 2 2
left_child=9 5 3 7 6 8 -4 -3 -2 11 -11 -1 -5 -10
right_child=1 2 4 12 -6 -7 -8 -9 13 10 -12 -13 -14 -15
leaf_value=0.04617001438594967 0.050117013955355318 0.047689896536752874 0.05013502057171363 -0.051077775899373838 0.050160552878261239 0.040110140385853636 -0.050129290987805067 -0.013587197157116846 -0.050173469532579784 0.045052899884002025 -0.050479148786921252 0.050122507870744251 -0.050167351488791624 -0.050977027933105282
leaf_weight=0.23587990284431726 0.038065060973167308 0.51680202898569405 0.084676742553710826 0.14525788172613807 1.2545093335211273 0.17316789273172606 0.32593589695170544 0.21316744107753072 1.1242343218182211 0.12286605639383197 0.075030721316579618 0.35234268754720688 0.91234846482984722 0.050944616959895828
leaf_count=11 1 13 2 37 29 5 269 38 892 4 30 9 703 16
internal_value=-8.13896e-05 -0.00635586 0.00561693 -0.0175879 0.0305282 -0.0361727 -0.0294527 0.0297956 -0.0470606 0.0385423 0.00883281 0.0485375 -0.0502924 -0.0502083
internal_weight=5.62523 4.83911 3.4527 1.78758 1.66512 1.38641 0.410613 0.729969 1.21324 0.786119 0.197897 0.588223 1.05761 1.17518
internal_count=2059 2005 1091 791 300 914 271 51 909 54 34 20 740 908
is_linear=0
shrinkage=0.05


Tree=111
num_leaves=15
num_cat=0
split_feature=18 11 29 8 2 18 19 7 3 8 19 4 27 9
split_gain=0.52545 0.706927 0.804925 0.93281 0.927541 0.342458 0.270816 0.171495 0.133121 0.118905 0.0662976 0.134898 7.31265e-06 5.32949e-06
threshold=-2.0549457073211665 -0.13893805444240567 0.12378700450062753 0.42352980375289923 -0.23474345356225965 1.5740917921066286 -0.56520226597785939 0.18278591334819796 -4.1167383193969718 -0.77973124384880055 0.44594082236289984 -1.9009740352630613 -3.0680543184280391 2.9910463094711308
decision_type=2 2 2 2 2 2 2 2 2 2 2 2 2 2
left_child=10 5 3 6 9 12 -3 -7 -5 -4 11 -1 -2 -14
right_child=1 2 4 8 -6 7 -8 -9 -10 -11 -12 -13 13 -15
leaf_value=0.050134702161470791 -0.051102668146417701 0.049310653383495773 0.050100091808465363 0.050104816216990589 0.050150339314015281 -0.050322754309250178 -0.019512366884162431 0.038750900996719996 -0.05029459000368916 -0.05012643097970803 0.049884308500892954 -0.050122101156402143 -0.050154342753530812 -0.051024890072229691
leaf_weight=0.086550075560808182 0.021443293429911026 0.46649333694949746 0.032583139836788066 0.034114185720681589 1.3162118513137098 0.075498990190680959 0.20608349214307997 0.19009562308201566 1.0256205432815479 0.32235648203641198 0.52040732931345701 0.054792959941550978 0.99976962292566873 0.017895578872412443
leaf_count=2 2 9 1 1 32 47 41 10 736 277 15 46 838 2
internal_value=-8.21857e-05 -0.00594591 0.00604982 -0.0178328 0.0308065 -0.0372381 0.0282227 0.0134305 -0.0470626 -0.0409257 0.0416365 0.0112692 -0.0501889 -0.0501697
internal_weight=5.36992 4.70817 3.40346 1.73231 1.67115 1.3047 0.672577 0.265595 1.05973 0.35494 0.66175 0.141343 1.03911 1.01767
internal_count=2059 1996 1097 787 310 899 50 57 737 278 63 48 842 840
is_linear=0
shrinkage=0.05


Tree=112
num_leaves=15
num_cat=0
split_feature=18 2 26 21 26 28 2 5 19 4 29 21 29 11
split_gain=0.499406 0.671322 1.55981 0.638549 0.455494 0.244254 0.184217 0.258696 0.062986 0.128302 0.0583896 1.14377e-05 3.19412e-06 5.99086e-09
threshold=-2.0549457073211665 -0.23474345356225965 0.14040994644165042 3.574245929718018 -0.021943949162960049 -1.2624645233154295 -0.12264206260442732 0.068222485482692732 0.44594082236289984 -1.9009740352630613 -0.068718336522579179 2.8529572486877446 0.12378700450062753 1.2364053726196291
decision_type=2 2 2 2 2 2 2 2 2 2 2 2 2 2
left_child=8 4 3 5 -2 -3 7 -4 9 -1 -8 12 -6 -11
right_child=1 2 6 -5 11 -7 10 -9 -10 13 -12 -13 -14 -15
leaf_value=0.050128116979680795 0.050146692950488569 0.0073072412983200318 0.05019959589412807 0.050143472932555069 -0.050422223452078453 -0.050207720205351962 0.022485160071052081 -0.051011966299204251 0.049854650476581934 -0.050104643694492183 0.050171000501154708 -0.051338827797483826 -0.050136750867765915 -0.05014114035444233
leaf_weight=0.082339521497488022 0.12727924995124351 0.21773858985397909 0.12622106820344936 0.21946618705987919 0.11020043387543366 1.212694369954989 0.22561422886792581 0.12631851760670543 0.49531397793907672 0.035716487211175152 1.2215588670223945 0.02132065873593092 0.88402606034651399 0.016410238342359662
leaf_count=2 3 84 2 5 52 954 35 28 15 34 30 6 797 12
internal_value=-8.20563e-05 -0.00592755 0.00536227 -0.0292689 -0.0390179 -0.0414529 0.0389785 -0.000425713 0.0416159 0.0112678 0.0458548 -0.050193 -0.0501684 -0.0501161
internal_weight=5.12222 4.49244 3.34961 1.6499 1.14283 1.43043 1.69971 0.25254 0.62978 0.134466 1.44717 1.01555 0.994226 0.0521267
internal_count=2059 1996 1138 1043 858 1038 95 30 63 48 65 855 849 46
is_linear=0
shrinkage=0.05


Tree=113
num_leaves=15
num_cat=0
split_feature=18 11 29 8 2 6 19 0 0 8 19 4 21 5
split_gain=0.474574 0.639021 0.729896 0.852382 0.839549 0.311149 0.246681 0.196063 0.12368 0.107559 0.0598329 0.12203 9.64734e-06 9.39309e-07
threshold=-2.0549457073211665 -0.13893805444240567 0.12378700450062753 0.42352980375289923 -0.23474345356225965 -3.4626632928848262 -0.56520226597785939 3.6228972673416142 3.6228972673416142 -0.77973124384880055 0.44594082236289984 -1.9009740352630613 2.8529572486877446 0.36482866108417517
decision_type=2 2 2 2 2 2 2 2 2 2 2 2 2 2
left_child=10 5 3 6 9 -2 -3 12 -5 -4 11 -1 -7 -6
right_child=1 2 4 8 13 7 -8 -9 -10 -11 -12 -13 -14 -15
leaf_value=0.050121852689715876 0.050096365130395643 0.049206486712300476 0.050090547335712311 -0.050267970912494131 0.050192096390692414 -0.050171843927809469 -0.018668910656506013 0.036375685029160658 0.050097478907154692 -0.050114380464293631 0.049822784252371501 -0.050110457276476006 -0.051272666251701876 0.050101096313581145
leaf_weight=0.078333314508199692 0.094120811671018489 0.42825277056545019 0.029486406594514736 0.936902558314614 0.46298946440219857 1.001381130190566 0.194726328016259 0.0698776589706539 0.031734876334667206 0.2917437749565579 0.47145112731959671 0.049589949951041379 0.020306347520090529 0.73176802694797516
leaf_count=2 3 9 1 736 9 888 41 2 1 277 15 46 6 23
internal_value=-8.31326e-05 -0.00590153 0.00601375 -0.0176354 0.0308427 -0.0371307 0.0279905 -0.0446519 -0.0469798 -0.0409164 0.0415938 0.0112664 -0.0501937 0.0501364
internal_weight=4.89266 4.29329 3.1076 1.59162 1.51599 1.18569 0.622979 1.09157 0.968637 0.32123 0.599374 0.127923 1.02169 1.19476
internal_count=2059 1996 1097 787 310 899 50 896 737 278 63 48 894 32
is_linear=0
shrinkage=0.05


Tree=114
num_leaves=13
num_cat=0
split_feature=27 20 2 29 8 26 0 2 14 27 0 9
split_gain=0.451247 0.597618 0.798204 0.743088 1.09411 0.482246 0.158821 0.136691 0.0288176 2.73973e-06 3.5535e-06 5.14215e-07
threshold=-3.0680543184280391 -0.66932365298271168 -0.23474345356225965 0.12378700450062753 0.47657947242259985 0.09625499323010446 3.6228972673416142 -0.99615761637687672 -0.30579572916030878 1.7927004098892214 1.0993874073028567 1.7474678158760073
decision_type=2 2 2 2 2 2 2 2 2 2 2 2
left_child=-1 7 5 4 -4 -3 -7 -2 -5 11 -11 -9
right_child=1 2 3 8 -6 6 -8 9 -10 10 -12 -13
leaf_value=0.044730544465433904 0.050109562273376589 0.050128958310980687 0.050205796357021708 0.026311790702180662 -0.050298353297684721 -0.050178445618159734 0.050127039943611541 -0.050130914551079944 0.050130589992338485 -0.050173013470581784 -0.051032155553935477 -0.050324420626812708
leaf_weight=0.50138214975595463 0.035650655627250671 0.15303471125662349 0.45732911303639434 0.14429339242633421 0.66388895211275667 0.88302268396364525 0.041309863328933716 0.64102262846427027 1.0587531533092258 0.029312458296772093 0.02041986957192421 0.036274469806812704
leaf_count=18 1 4 9 23 515 823 1 587 30 25 2 21
internal_value=-8.26621e-05 -0.00547816 0.00349071 0.0199808 -0.00930412 -0.0320842 -0.0456956 -0.0454802 0.0472738 -0.0501676 -0.0505258 -0.0501413
internal_weight=4.66569 4.16431 3.40163 2.32426 1.12122 1.07737 0.924333 0.76268 1.20305 0.727029 0.0497323 0.677297
internal_count=2059 2041 1405 577 524 828 824 636 53 635 27 608
is_linear=0
shrinkage=0.05


Tree=115
num_leaves=15
num_cat=0
split_feature=18 11 29 8 2 18 12 7 0 8 19 4 27 9
split_gain=0.430685 0.581915 0.660698 0.769362 0.759837 0.283134 0.22876 0.140661 0.112435 0.0972975 0.05409 0.110385 5.4643e-06 2.90744e-06
threshold=-2.0549457073211665 -0.13893805444240567 0.12378700450062753 0.42352980375289923 -0.23474345356225965 1.5740917921066286 0.36278702318668371 0.18278591334819796 3.6228972673416142 -0.77973124384880055 0.44594082236289984 -1.9009740352630613 -3.0680543184280391 2.9910463094711308
decision_type=2 2 2 2 2 2 2 2 2 2 2 2 2 2
left_child=10 5 3 6 9 12 -3 -7 -5 -4 11 -1 -2 -14
right_child=1 2 4 8 -6 7 -8 -9 -10 -11 -12 -13 13 -15
leaf_value=0.05011022846829704 -0.050991087465983201 -0.050383262698459136 0.050081915563515635 -0.05024280439694058 0.050123598819754367 -0.050280988544397914 0.040376545689770761 0.03799340326126923 0.050088661861309031 -0.050103474289297525 0.049784994217694639 -0.050099915757363937 -0.050128895235553972 -0.050837663176546213
leaf_weight=0.070894040167331696 0.01935659721493721 0.080836591892875953 0.026683745905756839 0.84815608512144536 1.0841564815491436 0.062853423529304564 0.491919165244326 0.16001910023624077 0.02887396514415741 0.26401834696298465 0.42836654151324183 0.04487577691907052 0.82310388633050047 0.01472801249474287
leaf_count=2 2 28 1 736 32 47 22 10 1 277 15 46 838 2
internal_value=-8.44193e-05 -0.00589188 0.00604383 -0.0175049 0.0308759 -0.0371069 0.027567 0.0130987 -0.0469396 -0.0409074 0.0415897 0.0112658 -0.0501605 -0.0501414
internal_weight=4.44884 3.90471 2.82464 1.44979 1.37486 1.08006 0.572756 0.222873 0.87703 0.290702 0.544136 0.11577 0.857188 0.837832
internal_count=2059 1996 1097 787 310 899 50 57 737 278 63 48 842 840
is_linear=0
shrinkage=0.05


Tree=116
num_leaves=15
num_cat=0
split_feature=18 11 29 8 2 6 19 3 8 19 4 21 5 11
split_gain=0.40934 0.551688 0.627641 0.73011 0.722692 0.271245 0.202379 0.172862 0.0925429 0.0513689 0.10499 8.27269e-06 5.92794e-07 3.28274e-09
threshold=-2.0549457073211665 -0.13893805444240567 0.12378700450062753 0.23625841736793521 -0.23474345356225965 -3.4626632928848262 -1.1361453533172605 3.6967191696166997 -0.77973124384880055 0.44594082236289984 -1.9009740352630613 2.8529572486877446 0.36482866108417517 1.2364053726196291
decision_type=2 2 2 2 2 2 2 2 2 2 2 2 2 2
left_child=9 5 3 -3 8 -2 -5 11 -4 10 -1 -7 -6 -12
right_child=1 2 4 6 12 7 -8 -9 -10 -11 13 -13 -14 -15
leaf_value=0.050104842817383879 0.050084225857963544 0.050124318937533344 0.050077912462580199 0.0089286568538285861 0.05016529718143603 -0.050153867469357516 -0.047133180237082517 0.036318684391995586 -0.050098421574926423 0.049748224273550391 -0.05008563559951093 -0.05121537399225861 0.050087462012669649 -0.050115488030930015
leaf_weight=0.067443566396832466 0.082303861156105995 0.31068997830152545 0.025384342297911533 0.19701697124401107 0.39888555556535699 0.86796789773507066 0.88008455705130451 0.061789209954440594 0.25116670987335965 0.40776860108599067 0.029250478779431321 0.018750961869955063 0.63251703418791294 0.013440735405310988
leaf_count=2 3 8 1 81 9 888 698 2 277 15 34 6 23 12
internal_value=-8.69605e-05 -0.00587553 0.00602081 -0.017401 0.0308723 -0.0369864 -0.0368787 -0.0445417 -0.0409033 0.0415645 0.0112647 -0.0501763 0.0501176 -0.050095
internal_weight=4.24446 3.72656 2.69575 1.38779 1.30795 1.03081 1.0771 0.948508 0.276551 0.517903 0.110135 0.886719 1.0314 0.0426912
internal_count=2059 1996 1097 787 310 899 779 896 278 63 48 894 32 46
is_linear=0
shrinkage=0.05


Tree=117
num_leaves=15
num_cat=0
split_feature=20 2 29 8 26 24 4 13 0 0 0 2 27 27
split_gain=0.390066 0.680358 0.653184 0.637765 0.458883 0.369935 0.19509 0.242045 0.130168 0.109017 0.0993105 0.00924275 4.91063e-06 1.72102e-06
threshold=-0.66932365298271168 -0.12264206260442732 -0.12028049305081366 0.62573337554931652 -0.021943949162960049 -4.3160943984985343 -1.1180053353309629 0.13628052920103076 -4.486499309539794 3.6228972673416142 -4.486499309539794 -1.0000000180025095e-35 -3.0680543184280391 1.7927004098892214
decision_type=2 2 2 2 2 2 2 2 2 2 2 2 2 2
left_child=5 4 3 -3 -2 -1 7 -6 -7 -5 -8 -4 -10 -14
right_child=1 2 11 9 6 8 10 -9 12 -11 -12 -13 13 -15
leaf_value=0.050092245465497523 0.050104776141704943 0.050113357232971334 0.039337246497608128 -0.050147396872926166 0.048804614533285898 0.050104602911086926 0.050078241160628478 -0.050114997195599337 -0.050856717538769705 0.050088396052096321 -0.050250465495863587 0.050101211735841769 -0.05012296855660623 -0.050449163661107445
leaf_weight=0.11943423561751842 0.1880526673048738 0.27847356162965331 0.24945953907445073 0.46959509368753061 0.13577511487528682 0.034043077379465103 0.025490768253803253 0.11356449860613793 0.025238248985260725 0.028789056465029716 0.7615869559231212 0.99447736516594865 0.58680121903307725 0.043428812583442777
leaf_count=4 6 8 18 482 4 1 1 105 3 1 756 35 608 27
internal_value=-8.59539e-05 0.00765724 0.025478 -0.0104932 -0.0217531 -0.0311495 -0.0347914 0.00375058 -0.0452219 -0.0443573 -0.0470012 0.0479426 -0.0501728 -0.0501454
internal_weight=4.05421 3.24526 2.02079 0.776858 1.22447 0.808946 1.03642 0.24934 0.689511 0.498384 0.787078 1.24394 0.655468 0.63023
internal_count=2059 1416 544 491 872 643 866 109 639 483 757 53 638 635
is_linear=0
shrinkage=0.05


Tree=118
num_leaves=15
num_cat=0
split_feature=20 2 29 8 26 24 4 13 0 0 0 2 27 27
split_gain=0.370835 0.645859 0.618085 0.606582 0.436328 0.351839 0.185672 0.229867 0.123799 0.103685 0.0944447 0.0102836 4.22139e-06 1.4825e-06
threshold=-0.66932365298271168 -0.12264206260442732 -0.12028049305081366 0.62573337554931652 -0.021943949162960049 -4.3160943984985343 -1.1180053353309629 0.13628052920103076 -4.486499309539794 3.6228972673416142 -4.486499309539794 -1.0000000180025095e-35 -3.0680543184280391 1.7927004098892214
decision_type=2 2 2 2 2 2 2 2 2 2 2 2 2 2
left_child=5 4 3 -3 -2 -1 7 -6 -7 -5 -8 -4 -10 -14
right_child=1 2 11 9 6 8 10 -9 12 -11 -12 -13 13 -15
leaf_value=0.050087738451592569 0.050099658295969844 0.05010781787994089 0.038546686409494289 -0.050140253735444264 0.048663454200772865 0.050099487551113944 0.050074415557887719 -0.050109380096931971 -0.050814260737396061 0.050084078940959224 -0.050238412612248554 0.050096271747451751 -0.050116971339250388 -0.050427321938651293
leaf_weight=0.11361932568252087 0.17889904230833087 0.26492078788578521 0.2420378775568679 0.44675470434594899 0.12951867817901108 0.032385997474193573 0.02424937300384078 0.10803769726771861 0.024026919156312943 0.02738729864358902 0.72461334959370982 0.94606706313788802 0.5582476984127428 0.04132820526137948
leaf_count=4 6 8 18 482 4 1 1 105 3 1 756 35 608 27
internal_value=-8.70997e-05 0.00764201 0.0254104 -0.0104918 -0.0217428 -0.0311447 -0.0347723 0.00374279 -0.0452144 -0.0443511 -0.0469901 0.0477434 -0.0501644 -0.0501384
internal_weight=3.86209 3.09249 1.92717 0.739063 1.16532 0.769608 0.986419 0.237556 0.655989 0.474142 0.748863 1.1881 0.623603 0.599576
internal_count=2059 1416 544 491 872 643 866 109 639 483 757 53 638 635
is_linear=0
shrinkage=0.05


Tree=119
num_leaves=15
num_cat=0
split_feature=20 2 29 8 26 24 4 13 0 0 0 2 27 27
split_gain=0.352543 0.613022 0.584642 0.576927 0.414876 0.334631 0.176726 0.218271 0.117743 0.098615 0.0898183 0.0148993 3.6291e-06 1.27702e-06
threshold=-0.66932365298271168 -0.12264206260442732 -0.12028049305081366 0.62573337554931652 -0.021943949162960049 -4.3160943984985343 -1.1180053353309629 0.13628052920103076 -4.486499309539794 3.6228972673416142 -4.486499309539794 -0.024657559581100937 -3.0680543184280391 1.7927004098892214
decision_type=2 2 2 2 2 2 2 2 2 2 2 2 2 2
left_child=5 4 3 -3 -2 -1 7 -6 -7 -5 -8 -4 -10 -14
right_child=1 2 11 9 6 8 10 -9 12 -11 -12 -13 13 -15
leaf_value=0.050083452528458729 0.050094790811479467 0.050102549726368087 0.034730887785164741 -0.050133454579572405 0.048509812321440991 0.05009462727241018 0.050070780734266074 -0.050104037369606481 -0.05077393819341363 0.050079971591709432 -0.050226932317108591 0.050093941420929156 -0.050111266278083481 -0.050406542925749913
leaf_weight=0.10808706097304821 0.17019015364348922 0.25202627852559079 0.18942657287698239 0.42502239986788481 0.12358254962600801 0.030809428542852402 0.023068349808454847 0.10277931822929531 0.022872804664075375 0.026053687557578087 0.68942711455747452 0.9457014370709651 0.53108056634664569 0.039328403014224023
leaf_count=4 6 8 17 482 4 1 1 105 3 1 756 36 608 27
internal_value=-8.83203e-05 0.00762573 0.0253379 -0.0104905 -0.021732 -0.0311401 -0.0347523 0.00373432 -0.0452073 -0.0443452 -0.0469796 0.0475302 -0.0501564 -0.0501316
internal_weight=3.67946 2.94728 1.83823 0.703102 1.10905 0.732178 0.938857 0.226362 0.624091 0.451076 0.712495 1.13513 0.593282 0.570409
internal_count=2059 1416 544 491 872 643 866 109 639 483 757 53 638 635
is_linear=0
shrinkage=0.05


Tree=120
num_leaves=15
num_cat=0
split_feature=20 2 29 8 26 12 4 13 2 0 0 22 20 2
split_gain=0.33664 0.581846 0.604031 0.500966 0.390997 0.318954 0.167895 0.206172 0.101639 0.0936648 0.085363 0.0322629 0.0538001 0.0011545
threshold=-0.60767555236816395 -0.12264206260442732 -0.12028049305081366 0.62573337554931652 -1.0000000180025095e-35 1.9032894372940066 -1.1180053353309629 0.13628052920103076 -0.99615761637687672 3.6228972673416142 -4.486499309539794 1.5202608704566958 -0.66932365298271168 0.20441126823425296
decision_type=2 2 2 2 2 2 2 2 2 2 2 2 2 2
left_child=5 4 3 -3 -2 8 7 -6 -1 -5 -8 12 -7 -4
right_child=1 2 13 9 6 11 10 -9 -10 -11 -12 -13 -14 -15
leaf_value=0.050081171283980812 0.050090160351027757 0.05009913819523866 0.046218694495771429 -0.050128407839423551 0.048342591762785866 -0.050297656658448001 0.050067325846569401 -0.050099056159090799 -0.050143567023527541 0.050076065461310972 -0.050218664569292616 0.049505675576039687 0.050085357656316346 0.05008812898838351
leaf_weight=0.026443084701895714 0.16190446913242373 0.2119563054293393 0.25281849515158616 0.39476323802955449 0.11795195308513973 0.025673159747384489 0.021944768726826047 0.096868243243079633 0.58306574419839341 0.024784918874502182 0.64178959256969359 0.10630178439896554 0.0278018768876791 0.81159887090325356
leaf_count=1 6 7 12 468 4 24 1 104 652 1 740 5 1 33
internal_value=-8.94706e-05 0.00812582 0.0261849 -0.0125556 -0.02131 -0.0293116 -0.034468 0.00395259 -0.0457954 -0.0442088 -0.046903 0.03357 0.00189186 0.0491691
internal_weight=3.50567 2.73638 1.69592 0.631504 1.04046 0.769286 0.878555 0.21482 0.609509 0.419548 0.663734 0.159777 0.053475 1.06442
internal_count=2059 1376 521 476 855 683 849 108 653 469 741 30 25 45
is_linear=0
shrinkage=0.05


Tree=121
num_leaves=15
num_cat=0
split_feature=20 2 29 8 26 12 4 13 2 0 0 25 6 2
split_gain=0.320064 0.552852 0.573177 0.476479 0.371759 0.303337 0.159836 0.195707 0.0966684 0.0890858 0.081183 0.0307623 0.0512183 0.00132581
threshold=-0.60767555236816395 -0.12264206260442732 -0.12028049305081366 0.62573337554931652 -1.0000000180025095e-35 1.9032894372940066 -1.1180053353309629 0.13628052920103076 -0.99615761637687672 3.6228972673416142 -4.486499309539794 1.3716505765914919 1.1542039513587954 0.20441126823425296
decision_type=2 2 2 2 2 2 2 2 2 2 2 2 2 2
left_child=5 4 3 -3 -2 8 7 -6 -1 -5 -8 12 -7 -4
right_child=1 2 13 9 6 11 10 -9 -10 -11 -12 -13 -14 -15
leaf_value=0.050077207337945719 0.050085758003739246 0.050094295695397154 0.045845102652790563 -0.050122180250235598 0.048160621285428737 -0.050282931655525089 0.050064036703547289 -0.050094217954487125 -0.050136592054793552 0.050072351960508091 -0.050208122855954267 0.049489296940732057 0.05008118755247018 0.050083829260216983
leaf_weight=0.025155382230877876 0.15402149036526724 0.20163807272911061 0.24239955144002967 0.37555588799295947 0.11261283629573926 0.024475640209857374 0.020875846967101541 0.092152598430402577 0.55470450595021281 0.023577848449349403 0.61061409243848119 0.10119602235499769 0.026448110118508339 0.77208133786916733
leaf_count=1 6 7 12 468 4 24 1 104 652 1 740 5 1 33
internal_value=-9.01996e-05 0.00811669 0.0261504 -0.0125541 -0.0212983 -0.0293032 -0.0344458 0.00394203 -0.0457891 -0.0442034 -0.0468933 0.0335391 0.00184287 0.049071
internal_weight=3.33751 2.60553 1.61525 0.600772 0.990277 0.73198 0.836255 0.204765 0.57986 0.399134 0.63149 0.15212 0.0509238 1.01448
internal_count=2059 1376 521 476 855 683 849 108 653 469 741 30 25 45
is_linear=0
shrinkage=0.05


Tree=122
num_leaves=15
num_cat=0
split_feature=20 2 29 8 26 12 4 13 2 0 0 22 20 2
split_gain=0.304299 0.525256 0.543783 0.453192 0.353459 0.288486 0.152183 0.18574 0.0919417 0.0847311 0.0772085 0.0292386 0.0487266 0.0015188
threshold=-0.60767555236816395 -0.12264206260442732 -0.12028049305081366 0.62573337554931652 -1.0000000180025095e-35 1.9032894372940066 -1.1180053353309629 0.13628052920103076 -0.99615761637687672 3.6228972673416142 -4.486499309539794 1.5202608704566958 -0.66932365298271168 0.20441126823425296
decision_type=2 2 2 2 2 2 2 2 2 2 2 2 2 2
left_child=5 4 3 -3 -2 8 7 -6 -1 -5 -8 12 -7 -4
right_child=1 2 13 9 6 11 10 -9 -10 -11 -12 -13 -14 -15
leaf_value=0.050073434634649999 0.050081567313834112 0.050089686907266874 0.045443332621321025 -0.050116252908666163 0.04796266827366874 -0.050269145616375716 0.050060914409271975 -0.050089617314913529 -0.050129954565063556 0.050068818963770356 -0.050198083665356177 0.049439113980699681 0.050077222283872048 0.050079737678205116
leaf_weight=0.023930296301841736 0.14652172103524252 0.1918212678283453 0.23256558191496812 0.35728099930565804 0.107551831286401 0.023301923705730587 0.019858928397298303 0.087666111241560429 0.52771934913471374 0.022429486736655235 0.58094732748577316 0.096369231934659183 0.025160161778330803 0.73448497988283634
leaf_count=1 6 7 12 468 4 24 1 104 652 1 740 5 1 33
internal_value=-9.09961e-05 0.00810685 0.026113 -0.0125528 -0.0212859 -0.0292948 -0.0344223 0.00393053 -0.0457832 -0.0441983 -0.0468841 0.0335079 0.00182789 0.0489647
internal_weight=3.17761 2.48113 1.53858 0.571532 0.942546 0.696481 0.796024 0.195218 0.55165 0.37971 0.600806 0.144831 0.0484621 0.967051
internal_count=2059 1376 521 476 855 683 849 108 653 469 741 30 25 45
is_linear=0
shrinkage=0.05


Tree=123
num_leaves=15
num_cat=0
split_feature=20 2 29 8 26 12 4 13 2 0 0 25 6 18
split_gain=0.289302 0.498991 0.517399 0.465606 0.336051 0.274363 0.144915 0.176245 0.0874467 0.0807178 0.0734292 0.0278854 0.0463938 5.90149e-05
threshold=-0.60767555236816395 -0.12264206260442732 -0.068718336522579179 0.6091810166835786 -1.0000000180025095e-35 1.9032894372940066 -1.1180053353309629 0.13628052920103076 -0.99615761637687672 3.6228972673416142 -4.486499309539794 1.3716505765914919 1.1542039513587954 0.51355421543121349
decision_type=2 2 2 2 2 2 2 2 2 2 2 2 2 2
left_child=5 4 3 -3 -2 8 7 -6 -1 -5 -8 12 -7 -4
right_child=1 2 13 9 6 11 10 -9 -10 -11 -12 -13 -14 -15
leaf_value=0.050069850857738844 0.050077586508488738 0.050082780907848325 0.050110936032020159 -0.050112439052055868 0.047747448297719236 -0.050255817859660101 0.050057940552289487 -0.050085241446644016 -0.050123638395910067 0.050065454955587285 -0.050188523488325115 0.049421884957557588 0.05007345181343708 0.049231846124497852
leaf_weight=0.022764790803194046 0.13938657566905066 0.20161933824419975 0.61731500551104479 0.34905767819145694 0.10275621851906225 0.022218756785150617 0.018891490995884386 0.083397686714306474 0.50204383433447253 0.021336983889341354 0.55271680059377049 0.091746403661090881 0.023934843018651009 0.27639014553278685
leaf_count=1 6 8 25 473 4 24 1 104 652 1 740 5 1 14
internal_value=-9.18661e-05 0.00809623 0.0260727 -0.0110596 -0.0212728 -0.0292863 -0.0343974 0.00391802 -0.0457775 -0.0443416 -0.0468754 0.0334747 0.00177404 0.0498391
internal_weight=3.02558 2.36287 1.46572 0.572014 0.897149 0.662709 0.757762 0.186154 0.524809 0.370395 0.571608 0.1379 0.0461536 0.893705
internal_count=2059 1376 521 482 855 683 849 108 653 474 741 30 25 39
is_linear=0
shrinkage=0.05


Tree=124
num_leaves=13
num_cat=0
split_feature=27 20 2 29 8 26 2 0 2 27 0 9
split_gain=0.275227 0.364176 0.482766 0.444924 0.471149 0.295003 0.0981143 0.097398 0.0828805 6.06619e-07 7.97171e-07 1.14749e-07
threshold=-3.0680543184280391 -0.66932365298271168 -0.23474345356225965 -0.068718336522579179 0.56496286392211925 0.09625499323010446 -0.12264206260442732 3.6228972673416142 -0.99615761637687672 1.7927004098892214 1.0993874073028567 1.7474678158760073
decision_type=2 2 2 2 2 2 2 2 2 2 2 2
left_child=-1 8 5 4 -4 -3 -5 -7 -2 11 -11 -10
right_child=1 2 3 6 -6 7 -8 -9 9 10 -12 -13
leaf_value=0.044276198514533571 0.050066438944804982 0.050079572567237579 0.050081754047801519 0.001556999686138136 -0.050104596424679543 -0.050115204350158218 0.047636212946298183 0.05007794401776075 -0.050080361182735948 -0.050105338429333693 -0.050623650042011373 -0.050196791530466162
leaf_weight=0.31169212982058558 0.02165597677230835 0.093870120123029754 0.17564158886671066 0.13572119286982343 0.35358815049403347 0.54094678148976527 0.77617892262060062 0.0253943782299757 0.39159029544680457 0.018167053698562086 0.012538320384919643 0.02237087965477258
leaf_count=18 1 4 7 22 506 823 42 1 587 25 2 21
internal_value=-9.22243e-05 -0.00547817 0.00339241 0.0196135 -0.0168546 -0.0320155 0.0407781 -0.0456226 -0.0454507 -0.0501026 -0.050317 -0.0500867
internal_weight=2.87936 2.56766 2.10134 1.44113 0.52923 0.660211 0.9119 0.566341 0.466323 0.444667 0.0307054 0.413961
internal_count=2059 2041 1405 577 513 828 64 824 636 635 27 608
is_linear=0
shrinkage=0.05


Tree=125
num_leaves=15
num_cat=0
split_feature=20 2 29 8 26 12 23 11 0 2 0 22 20 18
split_gain=0.264643 0.450541 0.467481 0.421307 0.302263 0.249952 0.138339 0.145085 0.0927994 0.0791413 0.0734198 0.0252621 0.0419792 7.6522e-05
threshold=-0.60767555236816395 -0.12264206260442732 -0.068718336522579179 0.6091810166835786 -1.0000000180025095e-35 1.9032894372940066 0.2024309113621712 -0.44187761843204493 3.6228972673416142 -0.99615761637687672 3.6228972673416142 1.5202608704566958 -0.66932365298271168 0.51355421543121349
decision_type=2 2 2 2 2 2 2 2 2 2 2 2 2 2
left_child=5 4 3 -3 -2 9 7 -6 -8 -1 -5 12 -7 -4
right_child=1 2 13 10 6 11 8 -9 -10 -11 -12 -13 -14 -15
leaf_value=0.050063190916129333 0.050070267734566437 0.050074940051323506 0.050100626865721191 -0.05010178570679507 -0.050066433570195169 -0.050231424834832873 -0.050176088592885165 0.05009919980980302 0.050074135180159532 -0.050117036818575871 0.050059565319429337 0.049368567005746822 0.050066452905161332 0.049050868712039439
leaf_weight=0.020601104944944382 0.1263535469770436 0.1826753057539463 0.56017146538942986 0.31590666863485239 0.061666927067562938 0.020126679184613749 0.51947693174588494 0.087371744215488767 0.024157671257853508 0.45792471559252623 0.019420625641942024 0.083601002988871187 0.021659836173057556 0.25155788264237344
leaf_count=1 6 8 25 473 102 24 743 3 1 652 1 5 1 14
internal_value=-9.47521e-05 0.0081242 0.0260926 -0.011019 -0.0210485 -0.0293383 -0.0340216 0.00865421 -0.0457212 -0.0458042 -0.0443009 0.0335017 0.00175749 0.0497753
internal_weight=2.75267 2.14876 1.32973 0.518003 0.819027 0.603913 0.692673 0.149039 0.543635 0.478526 0.335327 0.125388 0.0417865 0.811729
internal_count=2059 1376 521 482 855 683 849 105 744 653 474 30 25 39
is_linear=0
shrinkage=0.05


Tree=126
num_leaves=15
num_cat=0
split_feature=20 2 29 8 26 12 23 11 0 2 0 25 6 18
split_gain=0.251657 0.428395 0.444281 0.400724 0.287486 0.237716 0.131564 0.137997 0.0882587 0.075273 0.0698323 0.0240995 0.0399748 8.7493e-05
threshold=-0.60767555236816395 -0.12264206260442732 -0.068718336522579179 0.6091810166835786 -1.0000000180025095e-35 1.9032894372940066 0.2024309113621712 -0.44187761843204493 3.6228972673416142 -0.99615761637687672 3.6228972673416142 1.3716505765914919 1.1542039513587954 0.51355421543121349
decision_type=2 2 2 2 2 2 2 2 2 2 2 2 2 2
left_child=5 4 3 -3 -2 9 7 -6 -8 -1 -5 12 -7 -4
right_child=1 2 13 10 6 11 8 -9 -10 -11 -12 -13 -14 -15
leaf_value=0.050060106315180944 0.050066839090022353 0.05007128178614452 0.050095719822859909 -0.050096841019405494 -0.050063191193718749 -0.050219955257461563 -0.050167580032218509 0.050094354237464604 0.050070514499724196 -0.050111350062274532 0.050056652105557133 0.049350639871876711 0.050063202256710918 0.048945660817941376
leaf_weight=0.019597554579377174 0.12019923701882407 0.17377850413322449 0.5329024596139782 0.30052862776210532 0.058663099189288914 0.019194599095499143 0.49422343759215437 0.08311841078102622 0.022981107234954834 0.435639651899692 0.01847451739013195 0.079595706716645509 0.020604776218533516 0.23979092761874199
leaf_count=1 6 8 25 473 102 24 743 3 1 652 1 5 1 14
internal_value=-9.49724e-05 0.00812115 0.0260799 -0.011018 -0.0210456 -0.0293296 -0.0340165 0.00865346 -0.0457137 -0.0457991 -0.0442966 0.0334661 0.00169825 0.0497388
internal_weight=2.61929 2.04466 1.26548 0.492782 0.779185 0.574632 0.658986 0.141782 0.517205 0.455237 0.319003 0.119395 0.0397994 0.772693
internal_count=2059 1376 521 482 855 683 849 105 744 653 474 30 25 39
is_linear=0
shrinkage=0.05


Tree=127
num_leaves=15
num_cat=0
split_feature=20 2 29 8 26 12 23 11 0 2 0 22 20 18
split_gain=0.239307 0.407327 0.422199 0.381148 0.273434 0.226081 0.125123 0.131256 0.0839409 0.0715942 0.0664203 0.0229022 0.0380339 0.000100129
threshold=-0.60767555236816395 -0.12264206260442732 -0.068718336522579179 0.6091810166835786 -1.0000000180025095e-35 1.9032894372940066 0.2024309113621712 -0.44187761843204493 3.6228972673416142 -0.99615761637687672 3.6228972673416142 1.5202608704566958 -0.66932365298271168 0.51355421543121349
decision_type=2 2 2 2 2 2 2 2 2 2 2 2 2 2
left_child=5 4 3 -3 -2 9 7 -6 -8 -1 -5 12 -7 -4
right_child=1 2 13 10 6 11 8 -9 -10 -11 -12 -13 -14 -15
leaf_value=0.050057174709123166 0.050063573764038471 0.050067800338304505 0.050091052124827597 -0.050092136952382599 -0.050060108048621745 -0.05020922008696338 -0.050159479129837772 0.050089747477301688 0.050067070241165162 -0.050105938430718089 0.050053888566983097 0.049291772558068506 0.050060119362565908 0.048830617978693341
leaf_weight=0.018642835319042206 0.11434431746602058 0.16531442664563656 0.50695854797959283 0.28589784537325613 0.055805416748626158 0.018275242095114663 0.47019388919579796 0.079071768559515587 0.021861771121621132 0.41443688268191214 0.017574450001120567 0.075814533745869994 0.019601047039031982 0.22862032009288669
leaf_count=1 6 8 25 473 102 24 743 3 1 652 1 5 1 14
internal_value=-9.52171e-05 0.0081179 0.0260661 -0.011017 -0.0210428 -0.029321 -0.0340117 0.00865276 -0.0457065 -0.0457942 -0.0442926 0.0334299 0.00168034 0.0496993
internal_weight=2.49241 1.94564 1.20437 0.468787 0.741277 0.546771 0.626933 0.134877 0.492056 0.43308 0.303472 0.113691 0.0378763 0.735579
internal_count=2059 1376 521 482 855 683 849 105 744 653 474 30 25 39
is_linear=0
shrinkage=0.05


Tree=128
num_leaves=15
num_cat=0
split_feature=20 2 29 8 26 12 23 11 0 2 0 25 6 18
split_gain=0.227559 0.387283 0.40118 0.36253 0.260069 0.215014 0.118999 0.124845 0.0798349 0.0680956 0.0631754 0.0218546 0.0362228 0.000114667
threshold=-0.60767555236816395 -0.12264206260442732 -0.068718336522579179 0.6091810166835786 -1.0000000180025095e-35 1.9032894372940066 0.2024309113621712 -0.44187761843204493 3.6228972673416142 -0.99615761637687672 3.6228972673416142 1.3716505765914919 1.1542039513587954 0.51355421543121349
decision_type=2 2 2 2 2 2 2 2 2 2 2 2 2 2
left_child=5 4 3 -3 -2 9 7 -6 -8 -1 -5 12 -7 -4
right_child=1 2 13 10 6 11 8 -9 -10 -11 -12 -13 -14 -15
leaf_value=0.050054378769685264 0.050060471098431925 0.05006448994683263 0.050086611208563295 -0.05008766013835915 -0.050057173903440992 -0.050198851142313865 -0.050151766155933787 0.050085363403424177 0.050063796193237635 -0.050100788744261097 0.050051261711030706 0.049272693694931383 0.050057184498797591 0.048704842389811168
leaf_weight=0.017734577879309654 0.10877425223588943 0.15726208407431841 0.48227556329220489 0.27197813661769032 0.053086786676431075 0.017432633263524622 0.44732931314501911 0.075221810489893071 0.020796885713934898 0.3942640560853764 0.016718190163373947 0.072188038262538612 0.018646158277988434 0.21801812294870615
leaf_count=1 6 8 25 473 102 24 743 3 1 652 1 5 1 14
internal_value=-9.54905e-05 0.00811445 0.0260513 -0.0110161 -0.0210402 -0.0293121 -0.0340071 0.00865209 -0.0456996 -0.0457896 -0.0442887 0.0333913 0.00161524 0.0496564
internal_weight=2.37173 1.85146 1.14625 0.445958 0.705209 0.520265 0.596435 0.128309 0.468126 0.411999 0.288696 0.108267 0.0360788 0.700294
internal_count=2059 1376 521 482 855 683 849 105 744 653 474 30 25 39
is_linear=0
shrinkage=0.05


Tree=129
num_leaves=15
num_cat=0
split_feature=20 2 29 8 26 12 23 11 0 2 0 22 20 18
split_gain=0.216387 0.368214 0.381171 0.344823 0.247359 0.20449 0.113175 0.118748 0.0759304 0.0647682 0.0600892 0.0207669 0.0344657 0.000131378
threshold=-0.60767555236816395 -0.12264206260442732 -0.068718336522579179 0.6091810166835786 0.036140242591500289 1.9032894372940066 0.2024309113621712 -0.44187761843204493 3.6228972673416142 -0.99615761637687672 3.6228972673416142 1.5202608704566958 -0.66932365298271168 0.51355421543121349
decision_type=2 2 2 2 2 2 2 2 2 2 2 2 2 2
left_child=5 4 3 -3 -2 9 7 -6 -8 -1 -5 12 -7 -4
right_child=1 2 13 10 6 11 8 -9 -10 -11 -12 -13 -14 -15
leaf_value=0.050051726266142321 0.050057519117746009 0.050061341858468569 0.050082388088736288 -0.050083399724578793 -0.050054384423445446 -0.050189143274162643 -0.05014442382662191 0.05008119446874626 0.05006067965735183 -0.050095888897822904 0.050048751573223305 0.049208572907150361 0.050054390081312954 0.048567374179674286
leaf_weight=0.016870524734258652 0.10347521677613269 0.14960149209946394 0.45879241917282299 0.25873505880008452 0.050500457378802821 0.016598505491856486 0.42557354082236998 0.071559007279574871 0.019783809781074524 0.37507132915197905 0.015903610736131668 0.068767216987907887 0.017737738788127899 0.20795777603052557
leaf_count=1 6 8 25 473 102 24 743 3 1 652 1 5 1 14
internal_value=-9.57919e-05 0.00811076 0.0260353 -0.0110153 -0.0210377 -0.0293032 -0.0340028 0.00865145 -0.0456931 -0.0457852 -0.044285 0.0333522 0.0015956 0.0496099
internal_weight=2.25693 1.76188 1.09099 0.42424 0.670892 0.495045 0.567417 0.122059 0.445357 0.391942 0.274639 0.103103 0.0343362 0.66675
internal_count=2059 1376 521 482 855 683 849 105 744 653 474 30 25 39
is_linear=0
shrinkage=0.05


Tree=130
num_leaves=15
num_cat=0
split_feature=20 2 29 8 26 12 23 11 0 2 0 25 6 18
split_gain=0.20576 0.350072 0.362121 0.327982 0.235272 0.194481 0.107637 0.112948 0.0722173 0.0616037 0.057154 0.0198234 0.0328291 0.000150564
threshold=-0.60767555236816395 -0.12264206260442732 -0.068718336522579179 0.6091810166835786 0.036140242591500289 1.9032894372940066 0.2024309113621712 -0.44187761843204493 3.6228972673416142 -0.99615761637687672 3.6228972673416142 1.3716505765914919 1.1542039513587954 0.51355421543121349
decision_type=2 2 2 2 2 2 2 2 2 2 2 2 2 2
left_child=5 4 3 -3 -2 9 7 -6 -8 -1 -5 12 -7 -4
right_child=1 2 13 10 6 11 8 -9 -10 -11 -12 -13 -14 -15
leaf_value=0.050049205036029901 0.050054710464039635 0.050058345398410413 0.050078370155630325 -0.050079346206031987 -0.05005172950978979 -0.050179776203634598 -0.050137433485695077 0.050077227733282874 0.050057715189122845 -0.050091226655484877 0.050046376267364329 0.049188191042852852 0.050051739127936083 0.0484171863832559
leaf_weight=0.016048528254032135 0.098434054292738549 0.14231364149600267 0.43645097408443645 0.24613582054735161 0.048040004068752751 0.015836975420825183 0.40487309085438028 0.068074285984039307 0.018820028752088547 0.35681125579867545 0.015128683298826218 0.065483616606798023 0.01687353104352951 0.19841402862221003
leaf_count=1 6 8 25 473 102 24 743 3 1 652 1 5 1 14
internal_value=-9.61272e-05 0.00810681 0.026018 -0.0110145 -0.0210354 -0.0292939 -0.0339987 0.00865084 -0.0456869 -0.045781 -0.0442815 0.0333103 0.00152409 0.0495592
internal_weight=2.14774 1.67668 1.03844 0.403578 0.638241 0.471054 0.539807 0.116114 0.423693 0.37286 0.261265 0.0981941 0.0327105 0.634865
internal_count=2059 1376 521 482 855 683 849 105 744 653 474 30 25 39
is_linear=0
shrinkage=0.05


Tree=131
num_leaves=15
num_cat=0
split_feature=20 2 29 8 26 12 23 11 0 2 0 22 20 18
split_gain=0.195653 0.33281 0.343984 0.311964 0.223776 0.184963 0.102371 0.107433 0.0686862 0.0585941 0.0543624 0.0188348 0.0312383 0.000172567
threshold=-0.60767555236816395 -0.12264206260442732 -0.068718336522579179 0.6091810166835786 0.036140242591500289 1.9032894372940066 0.2024309113621712 -0.44187761843204493 3.6228972673416142 -0.99615761637687672 3.6228972673416142 1.5202608704566958 -0.66932365298271168 0.51355421543121349
decision_type=2 2 2 2 2 2 2 2 2 2 2 2 2 2
left_child=5 4 3 -3 -2 9 7 -6 -8 -1 -5 12 -7 -4
right_child=1 2 13 10 6 11 8 -9 -10 -11 -12 -13 -14 -15
leaf_value=0.050046799326267002 0.050052039771563285 0.050055497718225365 0.050074547813923259 -0.050075488895808241 -0.050049205510342025 -0.050170999665891239 -0.050130779336079671 0.050073457095744282 0.050054896756328751 -0.050086790064595037 0.050044111923721629 0.049118271292835934 0.050049207869914049 0.048253193597690036
leaf_weight=0.015266546979546547 0.09363823849707853 0.13538043387234211 0.41519590374082294 0.2341492154810112 0.045699312293436378 0.015080085606314242 0.38517703130492009 0.064759018830955029 0.017903147265315056 0.33943867098423686 0.01439148373901844 0.062388982565607876 0.016051389276981354 0.18936287565156817
leaf_count=1 6 8 25 473 102 24 743 3 1 652 1 5 1 14
internal_value=-9.64949e-05 0.00810257 0.0259992 -0.0110137 -0.0210331 -0.0292847 -0.0339947 0.00865026 -0.0456809 -0.045777 -0.0442782 0.0332678 0.00150254 0.0495041
internal_weight=2.04388 1.59566 0.98848 0.383921 0.607177 0.448226 0.513539 0.110458 0.40308 0.354705 0.248541 0.0935205 0.0311315 0.604559
internal_count=2059 1376 521 482 855 683 849 105 744 653 474 30 25 39
is_linear=0
shrinkage=0.05


Tree=132
num_leaves=15
num_cat=0
split_feature=20 2 29 8 26 12 23 11 0 2 0 25 6 18
split_gain=0.186039 0.316385 0.326714 0.29673 0.212843 0.175909 0.097363 0.102187 0.0653282 0.0557318 0.0517074 0.0179854 0.0297596 0.000197769
threshold=-0.60767555236816395 -0.12264206260442732 -0.068718336522579179 0.6091810166835786 0.036140242591500289 1.9032894372940066 0.2024309113621712 -0.44187761843204493 3.6228972673416142 -0.99615761637687672 3.6228972673416142 1.3716505765914919 1.1542039513587954 0.51355421543121349
decision_type=2 2 2 2 2 2 2 2 2 2 2 2 2 2
left_child=5 4 3 -3 -2 9 7 -6 -8 -1 -5 12 -7 -4
right_child=1 2 13 10 6 11 8 -9 -10 -11 -12 -13 -14 -15
leaf_value=0.050044515171644349 0.050049500509542814 0.050052789073137677 0.05007091335511972 -0.050071818167864594 -0.050046804661740857 -0.050162542839901451 -0.050124445091289896 0.050069870752712554 0.050052218056124836 -0.050082569089057408 0.050041959997179968 0.049096431044751143 0.05004680623389908 0.048074240901309746
leaf_weight=0.014522634446620941 0.089075854048132785 0.12878464348614216 0.39497450925409783 0.22274553918396123 0.043472563644172624 0.01439201706671156 0.36643685889430344 0.061604985035955906 0.017030889168381691 0.32291057900874887 0.013690176419913769 0.059415759053081274 0.015269268304109573 0.18078149808570743
leaf_count=1 6 8 25 473 102 24 743 3 1 652 1 5 1 14
internal_value=-9.69015e-05 0.00809799 0.0259789 -0.011013 -0.0210309 -0.029275 -0.033991 0.00864971 -0.0456753 -0.0457732 -0.044275 0.0332222 0.00142401 0.049444
internal_weight=1.94511 1.5186 0.940976 0.36522 0.577621 0.42651 0.488545 0.105078 0.383468 0.337433 0.236436 0.089077 0.0296613 0.575756
internal_count=2059 1376 521 482 855 683 849 105 744 653 474 30 25 39
is_linear=0
shrinkage=0.05


Tree=133
num_leaves=15
num_cat=0
split_feature=20 2 29 8 26 12 23 11 0 2 0 22 20 18
split_gain=0.176895 0.300756 0.310267 0.282241 0.202445 0.1673 0.0926009 0.0971971 0.0621347 0.0530095 0.0491822 0.0170867 0.028319 0.000226594
threshold=-0.60767555236816395 -0.12264206260442732 -0.068718336522579179 0.6091810166835786 0.036140242591500289 1.9032894372940066 0.2024309113621712 -0.44187761843204493 3.6228972673416142 -0.99615761637687672 3.6228972673416142 1.5202608704566958 -0.66932365298271168 0.51355421543121349
decision_type=2 2 2 2 2 2 2 2 2 2 2 2 2 2
left_child=5 4 3 -3 -2 9 7 -6 -8 -1 -5 12 -7 -4
right_child=1 2 13 10 6 11 8 -9 -10 -11 -12 -13 -14 -15
leaf_value=0.05004234282778134 0.050047084592733049 0.050050212098240947 0.050067454436776106 -0.050068326128439658 -0.050044520867093725 -0.050154609394310094 -0.050118415271077847 0.050066458264067873 0.050049672955237101 -0.05007855274764355 0.050039908147966321 0.04902013618411509 0.050044523266352642 0.047879117586811341
leaf_weight=0.013814941979944706 0.084735560230910667 0.12250989209860563 0.37573667336255301 0.2118965168192517 0.041354221000801772 0.01370511352433823 0.34860640208353288 0.058604366146028042 0.016201086342334747 0.30718605787842546 0.013023018836975098 0.056616365094669163 0.014525223523378372 0.17264819168485701
leaf_count=1 6 8 25 473 102 24 743 3 1 652 1 5 1 14
internal_value=-9.73463e-05 0.00809306 0.0259568 -0.0110123 -0.0210289 -0.0292652 -0.0339874 0.00864919 -0.04567 -0.0457696 -0.044272 0.033176 0.00140038 0.0493785
internal_weight=1.85116 1.44532 0.895814 0.347429 0.549502 0.405848 0.464766 0.0999586 0.364807 0.321001 0.22492 0.0848467 0.0282303 0.548385
internal_count=2059 1376 521 482 855 683 849 105 744 653 474 30 25 39
is_linear=0
shrinkage=0.05


Tree=134
num_leaves=15
num_cat=0
split_feature=20 2 29 8 26 12 23 11 0 2 0 25 6 18
split_gain=0.168196 0.285884 0.294603 0.26846 0.192555 0.159111 0.0880724 0.0924514 0.0590977 0.0504204 0.0467805 0.0163224 0.0269829 0.000259515
threshold=-0.60767555236816395 -0.12264206260442732 -0.068718336522579179 0.6091810166835786 0.036140242591500289 1.9032894372940066 0.2024309113621712 -0.44187761843204493 3.6228972673416142 -0.99615761637687672 3.6228972673416142 1.3716505765914919 1.1542039513587954 0.51355421543121349
decision_type=2 2 2 2 2 2 2 2 2 2 2 2 2 2
left_child=5 4 3 -3 -2 9 7 -6 -8 -1 -5 12 -7 -4
right_child=1 2 13 10 6 11 8 -9 -10 -11 -12 -13 -14 -15
leaf_value=0.050040274110567662 0.050044785340300157 0.050047761811729 0.050064165261901598 -0.050065002863060259 -0.050042348093276214 -0.050146985814050964 -0.050112675910493412 0.050063213315235791 0.050047243911768485 -0.050074731210326642 0.050037960776691731 0.048996668254309268 0.050042348759386006 0.047666552668204513
leaf_weight=0.013141708448529243 0.080606567673385032 0.11654057633131742 0.35743467323482025 0.20157524323440157 0.03933901694836095 0.01308359278482385 0.3316416867019143 0.055749719962477684 0.015411678701639175 0.29222615496837545 0.012388348579406738 0.05392408010084182 0.013817405328154564 0.164942312752828
leaf_count=1 6 8 25 473 102 24 743 3 1 652 1 5 1 14
internal_value=-9.78359e-05 0.00808772 0.0259327 -0.0110116 -0.0210269 -0.029255 -0.033984 0.00864869 -0.0456649 -0.0457662 -0.0442691 0.0331265 0.00131418 0.0493071
internal_weight=1.76182 1.37563 0.852881 0.330504 0.522749 0.386193 0.442142 0.0950887 0.347053 0.305368 0.213964 0.0808251 0.026901 0.522377
internal_count=2059 1376 521 482 855 683 849 105 744 653 474 30 25 39
is_linear=0
shrinkage=0.05


Tree=135
num_leaves=15
num_cat=0
split_feature=20 2 29 8 26 12 23 11 0 2 0 22 20 18
split_gain=0.159923 0.271731 0.279682 0.255352 0.18315 0.151323 0.0837659 0.0879377 0.0562094 0.0479579 0.0444962 0.0155049 0.0256781 0.000297053
threshold=-0.60767555236816395 -0.12264206260442732 -0.068718336522579179 0.6091810166835786 0.036140242591500289 1.9032894372940066 0.2024309113621712 -0.44187761843204493 3.6228972673416142 -0.99615761637687672 3.6228972673416142 1.5202608704566958 -0.66932365298271168 0.51355421543121349
decision_type=2 2 2 2 2 2 2 2 2 2 2 2 2 2
left_child=5 4 3 -3 -2 9 7 -6 -8 -1 -5 12 -7 -4
right_child=1 2 13 10 6 11 8 -9 -10 -11 -12 -13 -14 -15
leaf_value=0.050038310753886088 0.050042600767858991 0.050045429565829483 0.050061035831136039 -0.050061840838970077 -0.050040282493666745 -0.050139815957351321 -0.050107213557930456 0.050060128425113204 0.050044937658999922 -0.050071095346049171 0.050036108289776282 0.04891338397187283 0.050040281101860408 0.047435223744189431
leaf_weight=0.01250125840306282 0.076678602956235298 0.11086186114698648 0.34002309571951617 0.19175610854290426 0.03742193614016287 0.012460096826544032 0.3155008545727469 0.053033960051834583 0.014660701155662537 0.27799379320640594 0.011784587055444717 0.051391903194598854 0.013144051656126976 0.15764422714710236
leaf_count=1 6 8 25 473 102 24 743 3 1 652 1 5 1 14
internal_value=-9.83699e-05 0.00808194 0.0259065 -0.011011 -0.0210251 -0.0292447 -0.0339807 0.00864822 -0.04566 -0.045763 -0.0442664 0.0330762 0.00128827 0.0492293
internal_weight=1.67686 1.30937 0.81207 0.314403 0.497296 0.367491 0.420617 0.0904559 0.330162 0.290495 0.203541 0.0769961 0.0256041 0.497667
internal_count=2059 1376 521 482 855 683 849 105 744 653 474 30 25 39
is_linear=0
shrinkage=0.05


Tree=136
num_leaves=14
num_cat=0
split_feature=24 24 26 2 26 25 12 0 0 12 25 27 5
split_gain=0.152123 0.212936 0.167949 0.305289 0.108722 0.0820554 0.0797238 0.0937302 0.0650254 0.0107607 0.00103869 4.17433e-07 1.3498e-07
threshold=-2.5512886047363277 1.0025390982627871 -0.13420197367668149 -0.12264206260442732 0.15247093886137011 -0.98474743962287892 -2.225916743278503 -2.9122946262359615 3.6228972673416142 -0.7859632372856139 1.947271525859833 -3.0680543184280391 -0.79267045855522145
decision_type=2 2 2 2 2 2 2 2 2 2 2 2 2
left_child=10 2 11 8 -5 9 -7 -8 -4 -3 -1 -2 -13
right_child=1 5 3 4 -6 6 7 -9 -10 -11 -12 12 -14
leaf_value=0.041625313553019572 -0.050362747252131967 0.027485060589702633 -0.042926460970938822 -0.029856531507171127 0.042886057890252349 0.046285315875754608 0.047889151241857275 -0.042523395626700919 0.050061163170689538 0.049870534311698793 0.050033178298601128 -0.050352253277945791 -0.050043399926353808
leaf_weight=0.059309111180482543 0.010893507860600948 0.079423597053391859 0.32873654802096997 0.063290369434980676 0.27264180631027557 0.065971437230473384 0.038415129907662049 0.11294944726978429 0.019941085949540138 0.16565185482613742 0.096499847248196602 0.003583046840503811 0.27875449669954822
leaf_count=18 3 16 780 99 46 12 5 263 1 14 9 1 792
internal_value=-9.89557e-05 -0.0051761 -0.0183968 -0.00483534 0.0291812 0.0227812 0.000414946 -0.0195774 -0.0376084 0.0426159 0.0468327 -0.050059 -0.0500473
internal_weight=1.59606 1.44025 0.977841 0.68461 0.335932 0.462411 0.217336 0.151365 0.348678 0.245075 0.155809 0.293231 0.282338
internal_count=2059 2032 1722 926 145 310 280 268 781 30 27 796 793
is_linear=0
shrinkage=0.05


Tree=137
num_leaves=15
num_cat=0
split_feature=20 2 29 8 26 12 23 11 0 2 0 25 6 18
split_gain=0.145302 0.245051 0.256924 0.234566 0.165266 0.137234 0.0803706 0.0816261 0.0510593 0.0433965 0.0406214 0.014183 0.0233266 0.000334766
threshold=-0.60767555236816395 -0.12264206260442732 -0.068718336522579179 0.6091810166835786 0.036140242591500289 1.9032894372940066 0.2024309113621712 -0.44187761843204493 3.6228972673416142 -0.99615761637687672 3.6228972673416142 1.3716505765914919 1.1542039513587954 0.51355421543121349
decision_type=2 2 2 2 2 2 2 2 2 2 2 2 2 2
left_child=5 4 3 -3 -2 9 7 -6 -8 -1 -5 12 -7 -4
right_child=1 2 13 10 6 11 8 -9 -10 -11 -12 -13 -14 -15
leaf_value=0.050034659767859119 0.050038672134555241 0.05004153128826061 0.050055634949875999 -0.050058664566200985 -0.050037215995218348 -0.050126204724547943 -0.050099286026498539 0.050058285470599706 0.05004081196757159 -0.050064713834546096 0.050032948565331942 0.048880916068884561 0.050036454800583774 0.047140977222273395
leaf_weight=0.011312447488307953 0.069682780653238185 0.1015531700104475 0.31065791938453902 0.17667006541159935 0.034251277698785998 0.011366816877853125 0.28858634576317854 0.050247231498360634 0.013316517695784569 0.25262586536700848 0.010753781534731388 0.046695762663148344 0.011896111071109772 0.1442655548453331
leaf_count=1 6 8 25 473 102 24 743 3 1 652 1 5 1 14
internal_value=-9.77234e-05 0.00801988 0.0257118 -0.0111564 -0.0208368 -0.0292714 -0.0336183 0.0094848 -0.0456822 -0.0457744 -0.0443157 0.0329908 0.00109461 0.0491313
internal_weight=1.53388 1.19998 0.7439 0.288977 0.456084 0.333897 0.386401 0.0844985 0.301903 0.263938 0.187424 0.0699587 0.0232629 0.454923
internal_count=2059 1376 521 482 855 683 849 105 744 653 474 30 25 39
is_linear=0
shrinkage=0.05


Tree=138
num_leaves=15
num_cat=0
split_feature=20 2 29 8 26 12 23 11 0 2 0 22 20 18
split_gain=0.138148 0.232886 0.243815 0.223115 0.157195 0.130517 0.076442 0.0776413 0.0485645 0.0412774 0.0386381 0.0134827 0.0222044 0.000382583
threshold=-0.60767555236816395 -0.12264206260442732 -0.068718336522579179 0.6091810166835786 0.036140242591500289 1.9032894372940066 0.2024309113621712 -0.44187761843204493 3.6228972673416142 -0.99615761637687672 3.6228972673416142 1.5202608704566958 -0.66932365298271168 0.51355421543121349
decision_type=2 2 2 2 2 2 2 2 2 2 2 2 2 2
left_child=5 4 3 -3 -2 9 7 -6 -8 -1 -5 12 -7 -4
right_child=1 2 13 10 6 11 8 -9 -10 -11 -12 -13 -14 -15
leaf_value=0.050032969467645988 0.050036786167113524 0.050039503818198994 0.050052921554343412 -0.050055810391029146 -0.050035399629903624 -0.050120051509294272 -0.050094470035902838 0.050055439841020233 0.05003882240160621 -0.050061564047236752 0.050031341081456793 0.048798834474860317 0.050034672585609223 0.046864445647945951
leaf_weight=0.010761087760329247 0.066286746412515529 0.096604179590940475 0.2955225696787237 0.16806310501124244 0.032581976061919704 0.010830173720023595 0.27453754987800494 0.047799293883144855 0.012667554430663586 0.24031989491777506 0.010229634121060371 0.044507309445179999 0.011316323652863503 0.13801936060190201
leaf_count=1 6 8 25 473 102 24 743 3 1 652 1 5 1 14
internal_value=-9.83667e-05 0.0080131 0.0256808 -0.0111558 -0.0208351 -0.0292605 -0.0336154 0.00948433 -0.045678 -0.0457716 -0.0443133 0.0329359 0.00105659 0.0490379
internal_weight=1.46005 1.14231 0.708439 0.274897 0.433873 0.317735 0.367586 0.0803813 0.287205 0.251081 0.178293 0.0666538 0.0221465 0.433542
internal_count=2059 1376 521 482 855 683 849 105 744 653 474 30 25 39
is_linear=0
shrinkage=0.05


Tree=139
num_leaves=15
num_cat=0
split_feature=11 29 8 2 20 29 9 29 17 12 2 23 21 27
split_gain=0.131653 0.203976 0.220651 0.212508 0.248588 0.126048 0.0694692 0.0581658 0.0741192 0.00227827 0.00305874 7.00338e-07 3.49479e-07 1.95327e-07
threshold=-0.47825685143470759 -0.48932291567325586 0.025481139309704307 -0.12264206260442732 0.69501185417175304 -0.6872538924217223 -3.436668753623962 -0.068718336522579179 0.72150647640228283 6.2933125495910653 0.2468129172921181 0.67432075738906871 2.8529572486877446 -3.0680543184280391
decision_type=2 2 2 2 2 2 2 2 2 2 2 2 2 2
left_child=5 2 -2 4 -3 9 -7 8 -5 10 -1 -6 -8 -4
right_child=1 3 13 7 11 6 12 -9 -10 -11 -12 -13 -14 -15
leaf_value=0.050031360745185383 0.04836604228619884 0.04795977986483127 -0.050326309986470044 0.042020508261775197 -0.050269909328640054 0.050028635404252411 -0.050058857039758591 0.050044610690268269 -0.050062084325123185 0.050031145924100233 0.013870890738068379 -0.050039988500784373 -0.05043737948332383 -0.050049150322093727
leaf_weight=0.010236583650112152 0.07530207376112219 0.10378408356336877 0.0065399648156015946 0.055668444358161651 0.044874633444123901 0.018668469041585922 0.23614701141195849 0.39899801230058063 0.035976002240204252 0.030260731466114521 0.013641232668305747 0.12643986895272974 0.0062594918708782634 0.22704510253970522
leaf_count=1 11 17 2 22 30 2 719 37 82 3 20 418 5 690
internal_value=-9.90693e-05 0.00823538 -0.0260629 0.0220707 -0.013106 -0.0285129 -0.0429111 0.0417939 0.00587251 0.0409199 0.0293731 -0.0501002 -0.0500686 -0.0500569
internal_weight=1.38984 1.07463 0.308887 0.765741 0.275099 0.315214 0.261075 0.490642 0.0916444 0.0541385 0.0238778 0.171315 0.242407 0.233585
internal_count=2059 1309 703 606 465 750 726 141 104 24 21 448 724 692
is_linear=0
shrinkage=0.05


Tree=140
num_leaves=15
num_cat=0
split_feature=20 2 29 8 26 12 23 11 0 2 0 25 6 18
split_gain=0.12579 0.210786 0.219071 0.202739 0.142383 0.11829 0.0693481 0.0703048 0.0440241 0.0373512 0.0352222 0.0122396 0.0201437 0.000415717
threshold=-0.60767555236816395 -0.12264206260442732 -0.068718336522579179 0.6091810166835786 0.036140242591500289 1.9032894372940066 0.2024309113621712 -0.44187761843204493 3.6228972673416142 -0.99615761637687672 3.6228972673416142 1.3716505765914919 1.1542039513587954 0.51355421543121349
decision_type=2 2 2 2 2 2 2 2 2 2 2 2 2 2
left_child=5 4 3 -3 -2 9 7 -6 -8 -1 -5 12 -7 -4
right_child=1 2 13 10 6 11 8 -9 -10 -11 -12 -13 -14 -15
leaf_value=0.050029830615847405 0.050033343768897509 0.050035928596154668 0.050047885283171049 -0.050050511731483206 -0.050032029743187482 -0.050108644697473115 -0.050085471097846661 0.050050264432942818 0.050035196093967033 -0.050055693382729721 0.050028580311568455 0.048761422040343817 0.050031424969362359 0.046561344852048436
leaf_weight=0.0097376303747296333 0.060085721313953289 0.088105832226574421 0.26742764236405481 0.15208563671330921 0.029482584737706929 0.0098389744816813618 0.24866548205318395 0.043345481157302856 0.011486704461276531 0.21831595101684809 0.0093310466036200523 0.04035679530352354 0.010257153771817684 0.1256746519356966
leaf_count=1 6 8 25 473 102 24 743 3 1 652 1 5 1 14
internal_value=-0.000100292 0.00803325 0.0256745 -0.0109677 -0.0208085 -0.0292984 -0.0335918 0.0095345 -0.0456648 -0.0457822 -0.0442652 0.0328854 0.00100329 0.0489332
internal_weight=1.3242 1.03569 0.642625 0.249523 0.393066 0.288507 0.33298 0.0728281 0.260152 0.228054 0.161417 0.0604529 0.0200961 0.393102
internal_count=2059 1376 521 482 855 683 849 105 744 653 474 30 25 39
is_linear=0
shrinkage=0.05


Tree=141
num_leaves=15
num_cat=0
split_feature=20 2 29 8 26 12 23 11 0 2 0 22 20 18
split_gain=0.119591 0.200289 0.207796 0.192843 0.135431 0.112501 0.0659594 0.0668732 0.0418736 0.0355276 0.0335028 0.0116346 0.0191763 0.000474121
threshold=-0.60767555236816395 -0.12264206260442732 -0.068718336522579179 0.6091810166835786 0.036140242591500289 1.9032894372940066 0.2024309113621712 -0.44187761843204493 3.6228972673416142 -0.99615761637687672 3.6228972673416142 1.5202608704566958 -0.66932365298271168 0.51355421543121349
decision_type=2 2 2 2 2 2 2 2 2 2 2 2 2 2
left_child=5 4 3 -3 -2 9 7 -6 -8 -1 -5 12 -7 -4
right_child=1 2 13 10 6 11 8 -9 -10 -11 -12 -13 -14 -15
leaf_value=0.050028378094136884 0.05003171764694217 0.050034174090711515 0.050045550481044754 -0.050048054266146114 -0.050030467069477405 -0.050103360400197285 -0.050081321674747208 0.05004781181538575 0.050033479299551889 -0.050052982255952817 0.050027185674161846 0.04867194963308058 0.050029890102920298 0.046236754407060578
leaf_weight=0.0092629827558994293 0.05715711647644639 0.083811723627150059 0.25439661089330912 0.14467525808140635 0.028045556115102954 0.0093756714486517012 0.23655702645191923 0.041233466938138008 0.010926856659352779 0.20767952149617486 0.0088762072846293449 0.038472669490147382 0.0097571983933448792 0.12036387948319316
leaf_count=1 6 8 25 473 102 24 743 3 1 652 1 5 1 14
internal_value=-0.000101053 0.00802524 0.0256377 -0.0109672 -0.0208071 -0.0292868 -0.0335894 0.00953409 -0.0456611 -0.0457797 -0.0442631 0.0328256 0.000961639 0.0488223
internal_weight=1.26059 0.986044 0.612124 0.237363 0.37392 0.274548 0.316763 0.069279 0.247484 0.216943 0.153551 0.0576055 0.0191329 0.37476
internal_count=2059 1376 521 482 855 683 849 105 744 653 474 30 25 39
is_linear=0
shrinkage=0.05


Tree=142
num_leaves=15
num_cat=0
split_feature=11 29 8 2 20 29 9 29 17 12 2 23 21 27
split_gain=0.113883 0.175533 0.189789 0.182784 0.213577 0.108541 0.0600135 0.0505953 0.0632721 0.00214586 0.00278043 4.4681e-07 2.18649e-07 1.24588e-07
threshold=-0.47825685143470759 -0.48932291567325586 0.025481139309704307 -0.12264206260442732 0.69501185417175304 -0.6872538924217223 -3.436668753623962 -0.068718336522579179 0.72150647640228283 6.2933125495910653 0.2468129172921181 0.67432075738906871 2.8529572486877446 -3.0680543184280391
decision_type=2 2 2 2 2 2 2 2 2 2 2 2 2 2
left_child=5 2 -2 4 -3 9 -7 8 -5 10 -1 -6 -8 -4
right_child=1 3 13 7 11 6 12 -9 -10 -11 -12 -13 -14 -15
leaf_value=0.050026989082706912 0.048194917619836138 0.047749445566261352 -0.05028074720524122 0.04137635634766227 -0.050232291225243121 0.050024742602448102 -0.050053974319757735 0.050038429551195619 -0.050053439731238047 0.050026874778578714 0.013228446356145963 -0.050034418090414617 -0.050376389811636772 -0.050042313989425297
leaf_weight=0.0088114598765969276 0.065065402988693677 0.089711980079300702 0.0056367553770542136 0.048641436238540336 0.038665003477944992 0.0161298718303442 0.20420294745417777 0.34420077735558152 0.030970560706919059 0.026116232853382826 0.012297056644456461 0.10882954676344525 0.0053974046750226981 0.19544301045243628
leaf_count=1 11 17 2 22 30 2 719 37 82 3 20 418 5 690
internal_value=-0.000101882 0.00825518 -0.026031 0.0220598 -0.0130846 -0.0284889 -0.0429104 0.04173 0.00580845 0.0404448 0.0285895 -0.0500863 -0.0500623 -0.050049
internal_weight=1.20012 0.927164 0.266145 0.661019 0.237207 0.272955 0.22573 0.423813 0.079612 0.0472247 0.0211085 0.147495 0.2096 0.20108
internal_count=2059 1309 703 606 465 750 726 141 104 24 21 448 724 692
is_linear=0
shrinkage=0.05


Tree=143
num_leaves=15
num_cat=0
split_feature=20 2 29 8 26 12 23 11 0 2 0 25 6 20
split_gain=0.108939 0.181267 0.186548 0.175279 0.122686 0.101979 0.0598563 0.0605599 0.0379673 0.0321492 0.0305597 0.0105651 0.0174015 0.000515667
threshold=-0.60767555236816395 -0.12264206260442732 -0.068718336522579179 0.6091810166835786 0.036140242591500289 1.9032894372940066 0.2024309113621712 -0.44187761843204493 3.6228972673416142 -0.99615761637687672 3.6228972673416142 1.3716505765914919 1.1542039513587954 -0.029790095053613182
decision_type=2 2 2 2 2 2 2 2 2 2 2 2 2 2
left_child=5 4 3 -3 -2 9 7 -6 -8 -1 -5 12 -7 -4
right_child=1 2 13 10 6 11 8 -9 -10 -11 -12 -13 -14 -15
leaf_value=0.050025672125232679 0.050028756895581429 0.05003109931606952 0.04583759400259494 -0.050043489870815396 -0.050027566243650935 -0.050093569477676063 -0.050073573457982946 0.050043357401754557 0.050030358971693695 -0.050047943489788221 0.050024813017211893 0.048631895830883329 0.050027090980414093 0.050024252892848689
leaf_weight=0.0083819348365068436 0.051818507257848978 0.076477938797324896 0.10761989746242762 0.13091934262774885 0.025377469108207151 0.0085202895716065541 0.2142770073551219 0.037398515269160271 0.0099102091044187546 0.18871447985293344 0.0081016337499022484 0.034891618910478428 0.0088453534990549088 0.23231518594548106
leaf_count=1 6 8 8 473 102 24 743 3 1 652 1 5 1 31
internal_value=-0.00010319 0.00804606 0.0256274 -0.0107662 -0.0207786 -0.0293275 -0.0335647 0.00958924 -0.0456485 -0.0457921 -0.0442119 0.0327714 0.00090383 0.0486988
internal_weight=1.14357 0.894216 0.555434 0.215499 0.338782 0.249354 0.286963 0.062776 0.224187 0.197096 0.139021 0.0522573 0.0173656 0.339935
internal_count=2059 1376 521 482 855 683 849 105 744 653 474 30 25 39
is_linear=0
shrinkage=0.05


Tree=144
num_leaves=15
num_cat=0
split_feature=20 2 29 8 26 12 23 11 0 2 0 22 20 20
split_gain=0.103564 0.172206 0.176849 0.166724 0.116697 0.0969874 0.0569322 0.0576042 0.0361131 0.0305798 0.0290681 0.0100423 0.0165672 0.0005883
threshold=-0.60767555236816395 -0.12264206260442732 -0.068718336522579179 0.6091810166835786 0.036140242591500289 1.9032894372940066 0.2024309113621712 -0.44187761843204493 3.6228972673416142 -0.99615761637687672 3.6228972673416142 1.5202608704566958 -0.66932365298271168 -0.029790095053613182
decision_type=2 2 2 2 2 2 2 2 2 2 2 2 2 2
left_child=5 4 3 -3 -2 9 7 -6 -8 -1 -5 12 -7 -4
right_child=1 2 13 10 6 11 8 -9 -10 -11 -12 -13 -14 -15
leaf_value=0.050024423843739063 0.050027352476142019 0.050029582685894684 0.045450988291053616 -0.050041373087050971 -0.050026222038500628 -0.050089031040605074 -0.050069999646264067 0.050041243367872107 0.050028876750703277 -0.050045608533261322 0.050023601208452728 0.048534356118009908 0.050025772984770234 0.050023069700239155
leaf_weight=0.0079733375459909439 0.049292637500911951 0.072750215418636799 0.10322039155289531 0.12453946584719233 0.024140427631209604 0.0081202513538300991 0.2038407765357988 0.035576033405959606 0.0094271544367074966 0.17951892990095075 0.0077066943049430838 0.033269511535763741 0.0084141772240400314 0.22099013580009341
leaf_count=1 6 8 8 473 102 24 743 3 1 652 1 5 1 31
internal_value=-0.000104083 0.00803661 0.0255838 -0.0107658 -0.0207774 -0.0293151 -0.0335626 0.00958889 -0.0456453 -0.04579 -0.04421 0.0327063 0.000858221 0.0485674
internal_weight=1.08878 0.851484 0.529207 0.204996 0.322277 0.237296 0.272984 0.0597165 0.213268 0.187492 0.132246 0.0498039 0.0165344 0.324211
internal_count=2059 1376 521 482 855 683 849 105 744 653 474 30 25 39
is_linear=0
shrinkage=0.05


Tree=145
num_leaves=15
num_cat=0
split_feature=11 29 8 2 20 29 9 29 17 17 8 23 21 27
split_gain=0.0986392 0.151086 0.16324 0.157235 0.183476 0.0934958 0.051888 0.0440479 0.0539856 0.00204803 0.00205892 2.85036e-07 1.35449e-07 7.94607e-08
threshold=-0.47825685143470759 -0.48932291567325586 0.025481139309704307 -0.12264206260442732 0.69501185417175304 -0.6872538924217223 -3.436668753623962 -0.068718336522579179 0.72150647640228283 -0.79929688572883595 -1.9765505194663999 0.67432075738906871 2.8529572486877446 -3.0680543184280391
decision_type=2 2 2 2 2 2 2 2 2 2 2 2 2 2
left_child=5 2 -2 4 -3 9 -7 8 -5 10 -1 -6 -8 -4
right_child=1 3 13 7 11 6 12 -9 -10 -11 -12 -13 -14 -15
leaf_value=0.050020210841865545 0.04800917671512455 0.047521356747432547 -0.050241556754035188 0.040697466016674587 -0.050199918010066374 0.050021399268071004 -0.05005060766884243 0.050033300883589121 -0.050045997015791759 0.050023279804002778 0.015207999696759567 -0.05002962375652549 -0.050323908428662759 -0.050036427758447882
leaf_weight=0.0065998574718832961 0.056240063393488526 0.077577602001838386 0.0048573543317615977 0.042546891214442439 0.033309732476482168 0.013947467785328627 0.17672576777113136 0.2970497589558363 0.026660854113288224 0.022703179158270359 0.011915673356270418 0.093671748822089285 0.0046528751554433248 0.16823676305648405
leaf_count=1 11 17 2 22 30 2 719 37 82 3 20 418 5 690
internal_value=-0.000105051 0.00828066 -0.0259969 0.0220522 -0.0130618 -0.0284711 -0.0429114 0.0416638 0.00574042 0.0399582 0.0276168 -0.0500743 -0.0500576 -0.0500422
internal_weight=1.0367 0.800151 0.229334 0.570817 0.204559 0.236545 0.195326 0.366258 0.0692077 0.0412187 0.0185155 0.126981 0.181379 0.173094
internal_count=2059 1309 703 606 465 750 726 141 104 24 21 448 724 692
is_linear=0
shrinkage=0.05


Tree=146
num_leaves=15
num_cat=0
split_feature=20 2 29 8 26 12 23 11 0 2 0 25 6 20
split_gain=0.0939192 0.155717 0.158921 0.151211 0.10573 0.0885615 0.051681 0.0521711 0.032752 0.0276727 0.0265316 0.00915342 0.0150383 0.000638271
threshold=-0.60767555236816395 -0.12264206260442732 -0.068718336522579179 0.6091810166835786 0.036140242591500289 1.9032894372940066 0.2024309113621712 -0.44187761843204493 3.6228972673416142 -0.99615761637687672 3.6228972673416142 1.3716505765914919 1.1542039513587954 -0.029790095053613182
decision_type=2 2 2 2 2 2 2 2 2 2 2 2 2 2
left_child=5 4 3 -3 -2 9 7 -6 -8 -1 -5 12 -7 -4
right_child=1 2 13 10 6 11 8 -9 -10 -11 -12 -13 -14 -15
leaf_value=0.050022095819626647 0.050024804891333013 0.050026881080056089 0.045029880155809172 -0.05003744285648707 -0.050023725168946334 -0.050080635161714696 -0.050063329617337497 0.050037406965753761 0.050026196532468439 -0.050041286416357481 0.050021556778470123 0.048504749697679317 0.050023364939473493 0.050020873743799148
leaf_weight=0.0072149005718529216 0.044696545694023371 0.066168711055070162 0.094249867368489504 0.11269668485329021 0.021843664595508017 0.0073820119869196787 0.18465520034078509 0.032274027820676565 0.0085518816486001015 0.16318312496878207 0.0070388871245086184 0.030440751404967159 0.0076291719451546669 0.19996643252670765
leaf_count=1 6 8 8 473 102 24 743 3 1 652 1 5 1 31
internal_value=-0.000106486 0.00804427 0.0255557 -0.0106331 -0.0207467 -0.0292635 -0.0335366 0.00964947 -0.0456331 -0.0458045 -0.0441553 0.032748 0.000795474 0.048422
internal_weight=0.987992 0.772142 0.480121 0.185904 0.292021 0.21585 0.247325 0.0541177 0.193207 0.170398 0.119736 0.0454519 0.0150112 0.294216
internal_count=2059 1376 521 482 855 683 849 105 744 653 474 30 25 39
is_linear=0
shrinkage=0.05


Tree=147
num_leaves=15
num_cat=0
split_feature=11 29 8 2 20 29 9 29 17 12 2 23 21 27
split_gain=0.0894776 0.136603 0.147574 0.142091 0.165684 0.0845546 0.0470713 0.0403386 0.0484005 0.00204682 0.00249801 2.11196e-07 9.83932e-08 5.88618e-08
threshold=-0.47825685143470759 -0.48932291567325586 0.025481139309704307 -0.12264206260442732 0.69501185417175304 -0.6872538924217223 -3.436668753623962 -0.068718336522579179 0.72150647640228283 6.2933125495910653 0.2468129172921181 0.67432075738906871 2.8529572486877446 -3.0680543184280391
decision_type=2 2 2 2 2 2 2 2 2 2 2 2 2 2
left_child=5 2 -2 4 -3 9 -7 8 -5 10 -1 -6 -8 -4
right_child=1 3 13 7 11 6 12 -9 -10 -11 -12 -13 -14 -15
leaf_value=0.050021016320055768 0.047808151343719407 0.047275270801865395 -0.050218509670751525 0.039984908685758609 -0.050180877827165231 0.050019417835155282 -0.050048266469072823 0.050030249507222548 -0.050041620975519834 0.050021296429727025 0.011072029010081388 -0.050026804648365633 -0.050293034271875349 -0.050032965156738642
leaf_weight=0.0068631703034043303 0.051109463718603365 0.070551616023294628 0.0043979069450870148 0.039166872986243106 0.030154850144754164 0.012653633952140808 0.16040725738275796 0.26919355429708958 0.024125947049469687 0.02068057656288147 0.010286807417287491 0.084759381381445564 0.004213639971567317 0.15223643388890196
leaf_count=1 11 17 2 22 30 2 719 37 82 3 20 418 5 690
internal_value=-0.000107528 0.00828758 -0.0259659 0.0220262 -0.0130379 -0.0284299 -0.0429114 0.0415855 0.00566861 0.0394302 0.0266588 -0.0500672 -0.0500545 -0.0500382
internal_weight=0.940801 0.725696 0.207744 0.517952 0.185466 0.215105 0.177275 0.332486 0.0632928 0.0378306 0.01715 0.114914 0.164621 0.156634
internal_count=2059 1309 703 606 465 750 726 141 104 24 21 448 724 692
is_linear=0
shrinkage=0.05


Tree=148
num_leaves=15
num_cat=0
split_feature=20 2 29 8 26 12 23 11 0 2 0 22 20 18
split_gain=0.0856342 0.140909 0.142431 0.137516 0.0958081 0.0803071 0.0469301 0.0472553 0.0297111 0.0250424 0.0242328 0.0082652 0.0136348 0.000692171
threshold=-0.60767555236816395 -0.12264206260442732 -0.068718336522579179 0.6091810166835786 0.036140242591500289 1.9032894372940066 0.2024309113621712 -0.44187761843204493 3.6228972673416142 -0.99615761637687672 3.6228972673416142 1.5202608704566958 -0.66932365298271168 0.51355421543121349
decision_type=2 2 2 2 2 2 2 2 2 2 2 2 2 2
left_child=5 4 3 -3 -2 9 7 -6 -8 -1 -5 12 -7 -4
right_child=1 2 13 10 6 11 8 -9 -10 -11 -12 -13 -14 -15
leaf_value=0.050019992841656313 0.050022498466184756 0.050024488660021994 0.05003249655396165 -0.050033885099094483 -0.050021465467905493 -0.050073007923869366 -0.050057296471473139 0.050033941064235393 0.050023766968126562 -0.050037390717516873 0.05001969842695541 0.048399239502067648 0.050021187383215662 0.044599824500045508
leaf_weight=0.0065285796299576751 0.04053702624514699 0.060445153620094061 0.1801454839296639 0.10197931755101308 0.019765327466302551 0.0066940713586518541 0.16729015437886119 0.029285389930009842 0.0077597256749868384 0.14836686923808884 0.0064334943890571586 0.027632801735308021 0.0069187483750283718 0.086920279078185558
leaf_count=1 6 8 25 473 102 24 743 3 1 652 1 5 1 14
internal_value=-0.000109004 0.0080668 0.0255386 -0.0104045 -0.0207136 -0.0293107 -0.0335088 0.00971592 -0.0456208 -0.0458201 -0.0440964 0.0326895 0.000800108 0.0482644
internal_weight=0.896702 0.700561 0.435924 0.168858 0.264638 0.196141 0.224101 0.0490507 0.17505 0.154895 0.108413 0.0412456 0.0136128 0.267066
internal_count=2059 1376 521 482 855 683 849 105 744 653 474 30 25 39
is_linear=0
shrinkage=0.05


Tree=149
num_leaves=15
num_cat=0
split_feature=20 2 29 8 26 12 17 15 0 25 6 2 20 21
split_gain=0.081454 0.144626 0.13553 0.18965 0.095766 0.0723019 0.0414968 0.0412353 0.0233046 0.00790602 0.0130015 5.98014e-06 2.36463e-07 8.27222e-08
threshold=-0.58363550901412953 -0.23474345356225965 0.12378700450062753 0.47657947242259985 0.09625499323010446 1.9032894372940066 0.20576611161231997 -2.4328658580780025 3.6228972673416142 1.3716505765914919 1.1542039513587954 0.3818670809268952 -0.60767555236816395 2.8529572486877446
decision_type=2 2 2 2 2 2 2 2 2 2 2 2 2 2
left_child=5 4 3 -3 -2 6 12 -6 -5 10 -7 -4 -1 -9
right_child=1 2 11 8 7 9 -8 13 -10 -11 -12 -13 -14 -15
leaf_value=-0.050035569140526065 0.050022326823408028 0.0500383970188139 0.04947616037756436 -0.050057711129249644 0.038961341678003927 -0.05006954769549718 0.050017275036599654 -0.050028901262187259 0.05001874106317547 0.048353438036718162 0.050020154165027308 0.050021118883990995 -0.050324589344374282 -0.05026427024168835
leaf_weight=0.14113593944057357 0.033634371589869261 0.090787958819419146 0.071919903799425811 0.1176476505206665 0.014227743886294775 0.0063993513758759946 0.011136761400848627 0.14895289082778618 0.0061198435723781577 0.026340286451159045 0.0065814494155347347 0.16778362914919853 0.0074505539523670441 0.0038290108350338406
leaf_count=652 5 10 11 495 12 24 2 792 1 5 1 29 15 5
internal_value=-0.000110127 0.00840316 0.024019 -0.00484808 -0.0269513 -0.0281209 -0.0430728 -0.0424531 -0.0451093 0.0326145 0.000677345 0.0498576 -0.0500501 -0.0500348
internal_weight=0.853947 0.654903 0.454259 0.214555 0.200644 0.199044 0.159723 0.16701 0.123767 0.0393211 0.0129808 0.239704 0.148586 0.152782
internal_count=2059 1360 546 506 814 699 669 809 496 30 25 40 667 797
is_linear=0
shrinkage=0.05


Tree=150
num_leaves=15
num_cat=0
split_feature=20 2 29 8 26 12 3 15 0 17 22 24 23 21
split_gain=0.0774947 0.133326 0.130069 0.170756 0.0901294 0.0642599 0.0403885 0.0396178 0.022132 0.018197 0.00787104 0.0125921 8.30752e-08 7.11012e-08
threshold=-0.51136600971221913 -0.23474345356225965 0.12378700450062753 0.47657947242259985 0.16536467522382739 1.9032894372940066 -2.8856312036514278 -2.4328658580780025 3.6228972673416142 0.20576611161231997 1.5202608704566958 1.266676187515259 -0.28923103213310236 2.8529572486877446
decision_type=2 2 2 2 2 2 2 2 2 2 2 2 2 2
left_child=5 4 3 -3 -2 6 -1 -6 -5 12 11 -7 -8 -9
right_child=1 2 -4 8 7 10 9 13 -10 -11 -12 -13 -14 -15
leaf_value=0.050017660363161402 0.050021235500498251 0.050037867521324692 0.050021711808812624 -0.050056194195794115 0.039163212471884749 -0.050064684281848952 -0.050033720518022087 -0.050027544756230037 0.050017825816685395 0.050014348659293939 0.048238574635681465 0.050019171392689001 -0.05015779586148375 -0.050251338160277839
leaf_weight=0.011529230512678623 0.031994682736694813 0.080741631332784891 0.22767888987436891 0.10841747622180264 0.013653394489665516 0.0063106149027589709 0.13441974147281144 0.13748152542393655 0.005821479018777608 0.0046862559393048278 0.02512698553618975 0.0062605882994830608 0.014995934441685677 0.0036431814951356492
leaf_count=2 5 9 38 472 11 25 657 771 1 1 5 1 56 5
internal_value=-0.000110626 0.00880725 0.0243535 -0.00561927 -0.0263733 -0.0268399 -0.0402499 -0.0421651 -0.0449565 -0.0470033 0.0320785 -0.000221896 -0.0500462 -0.0500333
internal_weight=0.812762 0.609432 0.422659 0.194981 0.186773 0.203329 0.165631 0.154778 0.114239 0.154102 0.0376982 0.0125712 0.149416 0.141125
internal_count=2059 1312 520 482 792 747 716 787 473 714 31 26 713 776
is_linear=0
shrinkage=0.05


Tree=151
num_leaves=15
num_cat=0
split_feature=11 29 8 2 20 29 9 29 17 17 13 23 18 18
split_gain=0.0737263 0.111775 0.120749 0.115924 0.135797 0.0693972 0.0386606 0.0334518 0.0392398 0.00183023 0.00175128 1.1599e-07 6.1734e-08 2.32103e-07
threshold=-0.47825685143470759 -0.48932291567325586 0.025481139309704307 -0.12264206260442732 0.69501185417175304 -0.6872538924217223 -3.436668753623962 -0.068718336522579179 0.72150647640228283 -0.79929688572883595 -2.3836331367492671 0.67432075738906871 0.51355421543121349 0.52104347944259655
decision_type=2 2 2 2 2 2 2 2 2 2 2 2 2 2
left_child=5 2 -2 4 -3 9 -7 8 -5 10 -1 -6 -8 -14
right_child=1 3 -4 7 11 6 12 -9 -10 -11 -12 -13 13 -15
leaf_value=0.050015066329208574 0.047588505297459997 0.047019499436678637 -0.050031263088487134 0.039236910623984475 -0.05014808223472398 0.050015950744097405 -0.050022837511635714 0.050024782662704881 -0.050034076819637591 0.050017468190031444 0.013257417297131544 -0.050021950462247944 -0.050437798290764863 -0.050057393244941656
leaf_weight=0.0049220058135688314 0.042067328642588109 0.058351256855530664 0.12825518749741605 0.032662101453752257 0.024712760052352678 0.010392958298325539 0.089583440152637195 0.22079800581559539 0.019754872875637375 0.017064908985048532 0.0094846209685783833 0.069449226852157153 0.0044381055049598208 0.041554588511644397
leaf_count=1 11 17 692 22 30 2 525 37 82 3 20 418 1 198
internal_value=-0.000111024 0.00831143 -0.0259205 0.0220067 -0.0129145 -0.0284033 -0.0429226 0.0415003 0.00559252 0.0389387 0.0258156 -0.0500551 -0.050047 -0.0500941
internal_weight=0.773491 0.596051 0.170323 0.425728 0.152513 0.177441 0.145969 0.273215 0.052417 0.0314715 0.0144066 0.094162 0.135576 0.0459927
internal_count=2059 1309 703 606 465 750 726 141 104 24 21 448 724 199
is_linear=0
shrinkage=0.05


Tree=152
num_leaves=15
num_cat=0
split_feature=27 25 23 2 29 0 16 7 6 6 25 10 9 29
split_gain=0.070494 0.0980234 0.0686728 0.119511 0.096999 0.0697836 0.0683666 0.0510339 0.0391888 0.0181533 0.00937926 0.0208666 0.000153929 3.66534e-08
threshold=-2.2661914825439449 -0.98474743962287892 0.050108086317777641 -0.12264206260442732 -0.047540074214339249 3.6228972673416142 -0.23856402933597562 0.82991629838943493 -3.4626632928848262 4.0422385931015024 1.3716505765914919 0.33229349553585058 0.67922213673591625 0.42151464521884924
decision_type=2 2 2 2 2 2 2 2 2 2 2 2 2 2
left_child=10 6 8 5 -5 -4 12 9 -3 -8 11 -1 -2 -10
right_child=1 2 3 4 -6 -7 7 -9 13 -11 -12 -13 -14 -15
leaf_value=-0.050101622606646405 0.046160529911680258 0.050015981922055565 -0.050043720686382666 -0.050022957017321526 0.050029984670978168 0.050022178753220174 -0.050047804172315538 0.050017431948317398 -0.050024750412852904 0.050015370166376506 0.049394612089470651 0.050014161949287574 0.050018264330749941 -0.050088739444262745
leaf_weight=0.0083753489016089588 0.039638712427404243 0.010432413779199123 0.12336477039207239 0.030838411708828062 0.1129417666234076 0.020288268569856882 0.046673842647578567 0.022404272574931383 0.13123819761676714 0.0050201197154819957 0.071037595102097839 0.01374761201441288 0.074378508143126965 0.026979819915140979
leaf_count=27 12 2 677 161 18 3 237 4 758 1 15 3 13 128
internal_value=-0.000112639 -0.00599176 -0.0185178 -0.00365623 0.0285703 -0.0359113 0.0243775 -0.0130129 -0.0438466 -0.0403304 0.0405411 0.0121122 0.0486771 -0.0500357
internal_weight=0.73736 0.644199 0.456084 0.287433 0.14378 0.143653 0.188115 0.0740982 0.16865 0.051694 0.0931606 0.022123 0.114017 0.158218
internal_count=2059 2014 1747 859 179 680 267 242 888 238 45 30 25 886
is_linear=0
shrinkage=0.05


Tree=153
num_leaves=15
num_cat=0
split_feature=27 25 23 2 29 0 16 7 6 6 25 10 9 29
split_gain=0.0669922 0.0931677 0.0653214 0.113679 0.0922657 0.0663776 0.0648213 0.0485433 0.0372763 0.0172672 0.00889412 0.019848 0.000175724 3.15818e-08
threshold=-2.2661914825439449 -0.98474743962287892 0.050108086317777641 -0.12264206260442732 -0.047540074214339249 3.6228972673416142 -0.23856402933597562 0.82991629838943493 -3.4626632928848262 4.0422385931015024 1.3716505765914919 0.33229349553585058 0.67922213673591625 0.42151464521884924
decision_type=2 2 2 2 2 2 2 2 2 2 2 2 2 2
left_child=10 6 8 5 -5 -4 12 9 -3 -8 11 -1 -2 -10
right_child=1 2 3 4 -6 -7 7 -9 13 -11 -12 -13 -14 -15
leaf_value=-0.050096665401740063 0.045801707148927229 0.050015200974283802 -0.050041593254557405 -0.050021837512751736 0.050028522441812509 0.050021097979482232 -0.050045479627728144 0.050016581788692616 -0.050023543755477844 0.050014622139810741 0.049329883157033336 0.050013472415710171 0.050017374042420404 -0.050084442517347977
leaf_weight=0.007967646663018968 0.037993587480741553 0.0099237700924277306 0.11735306271293666 0.029335044673644006 0.10743659222498536 0.019299204926937819 0.044399543039617129 0.021311955992132425 0.12484056969697122 0.0047753551043570033 0.067659534601261839 0.013077309355139732 0.070752254221588373 0.025666144698334392
leaf_count=27 12 2 677 161 18 3 237 4 758 1 15 3 13 128
internal_value=-0.000113192 -0.0059893 -0.0185172 -0.0036561 0.0285695 -0.0359099 0.024336 -0.0130125 -0.0438452 -0.0403287 0.0404999 0.0121116 0.0485445 -0.0500339
internal_weight=0.701792 0.613087 0.433854 0.273424 0.136772 0.136652 0.179233 0.0704869 0.16043 0.0491749 0.0887045 0.021045 0.108746 0.150507
internal_count=2059 2014 1747 859 179 680 267 242 888 238 45 30 25 886
is_linear=0
shrinkage=0.05


Tree=154
num_leaves=15
num_cat=0
split_feature=20 2 29 8 26 12 3 15 0 17 25 6 23 21
split_gain=0.0637888 0.109365 0.106325 0.140169 0.0738715 0.053265 0.0330828 0.0325673 0.0183267 0.014942 0.00650084 0.0103473 4.56177e-08 3.90606e-08
threshold=-0.51136600971221913 -0.23474345356225965 0.12378700450062753 0.47657947242259985 0.16536467522382739 1.9032894372940066 -2.8856312036514278 -2.4328658580780025 3.6228972673416142 0.20576611161231997 1.3716505765914919 1.1542039513587954 -0.28923103213310236 2.8529572486877446
decision_type=2 2 2 2 2 2 2 2 2 2 2 2 2 2
left_child=5 4 3 -3 -2 6 -1 -6 -5 12 11 -7 -8 -9
right_child=1 2 -4 8 7 10 9 13 -10 -11 -12 -13 -14 -15
leaf_value=0.050014458316289007 0.050017437667824349 0.05003103784673113 0.050017817950923818 -0.050046060065981515 0.03841648404472206 -0.050053090041596207 -0.050027763362625349 -0.05002257082498749 0.050014772548588715 0.050011779359693212 0.048207231256776575 0.050015731872337724 -0.050129309359511931 -0.050205758322657584
leaf_weight=0.0094399182125926018 0.026271722745150328 0.066467858385294676 0.18670343235135078 0.088897999841719866 0.011436615764978342 0.0051948295731563121 0.11082931534474483 0.11279280432790983 0.0048244525678455821 0.0038484372198581687 0.020854120928561315 0.00513853644952178 0.012285834040085319 0.002987023130117449
leaf_count=2 5 9 38 472 11 25 657 771 1 1 5 1 56 5
internal_value=-0.000113797 0.00882826 0.0243771 -0.00550748 -0.0263131 -0.0268124 -0.0402909 -0.0420763 -0.0448953 -0.0470053 0.0321382 -0.000291252 -0.0500379 -0.0500273
internal_weight=0.667973 0.500382 0.346894 0.16019 0.153488 0.167591 0.136404 0.127216 0.0937225 0.126964 0.0311875 0.0103334 0.123115 0.11578
internal_count=2059 1312 520 482 792 747 716 787 473 714 31 26 713 776
is_linear=0
shrinkage=0.05


Tree=155
num_leaves=13
num_cat=0
split_feature=27 11 29 8 2 0 17 24 3 5 25 5
split_gain=0.0606721 0.0819445 0.113572 0.107883 0.0830753 0.0452245 0.041099 0.0379158 0.0177978 5.69657e-08 3.62836e-08 2.20577e-09
threshold=-3.0680543184280391 -0.18975859135389325 0.12378700450062753 0.42352980375289923 -0.23474345356225965 2.4682402610778813 0.54920393228530895 0.44580437242984777 -4.1167383193969718 0.19888968765735629 -2.3102712631225581 0.44277986884117132
decision_type=2 2 2 2 2 2 2 2 2 2 2 2
left_child=-1 5 3 7 6 8 -4 -3 -2 -5 -10 -6
right_child=1 2 4 9 11 -7 -8 -9 10 -11 -12 -13
leaf_value=0.04391486165365803 0.050014087775534448 -0.050045183695255326 0.050014820324140813 -0.050119256834488285 0.050025041501477845 0.035910485173243072 -0.050013944895960755 0.040750237467925665 -0.05022286028164076 -0.050021458303266292 -0.050029615311107861 0.050012868424379298
leaf_weight=0.069668881478719413 0.0046011558733880511 0.013950330583611503 0.014088930794969201 0.017344467902148608 0.060312909772619605 0.018898810056271031 0.037872646324103698 0.065416262048529461 0.0024757617575232862 0.10521001981396694 0.12870839719107607 0.097164868609979749
leaf_count=18 1 42 3 38 9 11 293 18 2 719 881 24
internal_value=-0.000114216 -0.00553332 0.00613252 -0.0206242 0.0319288 -0.036557 -0.022892 0.0247911 -0.0466431 -0.0500353 -0.0500333 0.0500175
internal_weight=0.635713 0.566045 0.41136 0.201921 0.209439 0.154684 0.0519616 0.0793666 0.135785 0.122554 0.131184 0.157478
internal_count=2059 2041 1146 817 329 895 296 60 884 757 883 33
is_linear=0
shrinkage=0.05


Tree=156
num_leaves=15
num_cat=0
split_feature=20 2 29 8 26 12 15 17 0 22 20 2 20 21
split_gain=0.0583546 0.102208 0.0947778 0.134593 0.0678984 0.0520508 0.0293018 0.0293015 0.0167041 0.00558866 0.00925923 5.14226e-06 8.17092e-08 2.88446e-08
threshold=-0.58363550901412953 -0.23474345356225965 0.12378700450062753 0.47657947242259985 0.09625499323010446 1.9032894372940066 -2.4328658580780025 0.20576611161231997 3.6228972673416142 1.5202608704566958 -0.66932365298271168 0.3818670809268952 -0.60767555236816395 2.8529572486877446
decision_type=2 2 2 2 2 2 2 2 2 2 2 2 2 2
left_child=5 4 3 -3 -2 7 -6 12 -5 10 -7 -4 -1 -8
right_child=1 2 11 8 6 9 13 -9 -10 -11 -12 -13 -14 -15
leaf_value=-0.050026771109550776 0.050015946307548825 0.050027343485784359 0.049414124615430086 -0.050040726521691295 0.036700768170253285 -0.050049225313205097 -0.050020728808865961 0.050012185034407255 0.050013443472255149 0.048094123442497722 0.05001436298450937 0.050014895317925225 -0.05022881240953922 -0.050186119763696781
leaf_weight=0.10107056291599292 0.023981268983334303 0.064903699094429612 0.050939183332957327 0.083037388154480141 0.010703487299906556 0.004556545929517597 0.10544558281253558 0.0078590868506580591 0.0043921577744185916 0.019041550811380148 0.0046929293312132359 0.11842768965288997 0.0052648206183221182 0.0027038140979129812
leaf_count=652 5 10 11 495 12 24 792 2 1 5 1 29 15 5
internal_value=-0.00011767 0.00846816 0.0240959 -0.00452051 -0.0267295 -0.0281094 -0.0422146 -0.0431512 -0.0450144 0.0326057 0.000720287 0.0498342 -0.0500368 -0.0500249
internal_weight=0.60702 0.464534 0.3217 0.152333 0.142834 0.142485 0.118853 0.114194 0.0874295 0.028291 0.00924948 0.169367 0.106335 0.108149
internal_count=2059 1360 546 506 814 699 809 669 496 30 25 40 667 797
is_linear=0
shrinkage=0.05


Tree=157
num_leaves=15
num_cat=0
split_feature=20 2 29 8 18 12 17 0 0 25 6 2 20 21
split_gain=0.0554761 0.0971527 0.0901075 0.128024 0.0647076 0.0494989 0.0278715 0.0268489 0.0158888 0.0053521 0.00883363 5.96849e-06 7.03374e-08 2.351e-08
threshold=-0.58363550901412953 -0.23474345356225965 0.12378700450062753 0.47657947242259985 -2.0549457073211665 1.9032894372940066 0.20576611161231997 3.6228972673416142 3.6228972673416142 1.3716505765914919 1.1542039513587954 0.3818670809268952 -0.60767555236816395 2.8529572486877446
decision_type=2 2 2 2 2 2 2 2 2 2 2 2 2 2
left_child=5 4 3 -3 -2 6 12 13 -5 10 -7 -4 -1 -6
right_child=1 2 11 8 7 9 -8 -9 -10 -11 -12 -13 -14 -15
leaf_value=-0.050025466473609427 0.044005929571675012 0.050026009263526731 0.049350837809295139 -0.050038743603523221 -0.050019772925751695 -0.050046975084751866 0.050011590328909505 0.050021971361410636 0.050012789515327262 0.048041496327016923 0.050013670108609048 0.050014169056364854 -0.050217647346509832 -0.050169342620409479
leaf_weight=0.096143737566308118 0.026153123624681029 0.061739912955090404 0.048515456728637218 0.078990657922986429 0.1000864845191245 0.0043600371282082051 0.0074758813716471187 0.0071741729043424121 0.0041780029423534861 0.018157547077862546 0.0044641131535172462 0.11265349783934653 0.0050091375087504266 0.002698103664442896
leaf_count=652 19 10 11 495 788 24 2 1 1 5 1 29 15 6
internal_value=-0.000118244 0.00846154 0.0240903 -0.00452036 -0.0266832 -0.0280946 -0.0431497 -0.0434963 -0.0450126 0.0325174 0.000573428 0.0498145 -0.050035 -0.0500237
internal_weight=0.5778 0.442189 0.306078 0.144909 0.136112 0.13561 0.108629 0.109959 0.0831687 0.0269817 0.00882415 0.161169 0.101153 0.102785
internal_count=2059 1360 546 506 814 699 669 795 496 30 25 40 667 794
is_linear=0
shrinkage=0.05


Tree=158
num_leaves=15
num_cat=0
split_feature=20 2 29 8 26 12 3 15 0 17 22 24 23 21
split_gain=0.0527724 0.0895771 0.0866013 0.115282 0.0609438 0.0439964 0.0272878 0.0269383 0.0150892 0.0122353 0.00532509 0.0085547 2.4105e-08 2.13337e-08
threshold=-0.51136600971221913 -0.23474345356225965 0.12378700450062753 0.47657947242259985 0.16536467522382739 1.9032894372940066 -2.8856312036514278 -2.4328658580780025 3.6228972673416142 0.20576611161231997 1.5202608704566958 1.266676187515259 -0.28923103213310236 2.8529572486877446
decision_type=2 2 2 2 2 2 2 2 2 2 2 2 2 2
left_child=5 4 3 -3 -2 6 -1 -6 -5 12 11 -7 -8 -9
right_child=1 2 -4 8 7 10 9 13 -10 -11 -12 -13 -14 -15
leaf_value=0.050011914451806284 0.050014462849809142 0.050025647434465241 0.050014600141583147 -0.05003772271075612 0.036776798322734568 -0.050043739524384748 -0.050024147418259779 -0.050018809962869559 0.050012167947422831 0.050009642949993841 0.047907271906455828 0.050013000066660852 -0.0501054127276701 -0.050168368029137739
leaf_weight=0.007782548898831009 0.021789362421259284 0.054908137768507004 0.15303363278508186 0.072795971143932547 0.0098652664019027725 0.004298875130189117 0.091566372153465636 0.092728065908886492 0.0039742877706885329 0.0031509443651884786 0.017329903057543561 0.0042464509606361389 0.010135113559954334 0.0024473747980664476
leaf_count=2 5 9 38 472 11 25 657 771 1 1 5 1 56 5
internal_value=-0.000119015 0.00886572 0.024435 -0.00529295 -0.0260848 -0.0268145 -0.040321 -0.0418706 -0.0448583 -0.0470259 0.0319794 -0.000322286 -0.0500322 -0.0500227
internal_weight=0.550052 0.411542 0.284712 0.131678 0.12683 0.13851 0.112635 0.105041 0.0767703 0.104852 0.0258752 0.00854533 0.101701 0.0951754
internal_count=2059 1312 520 482 792 747 716 787 473 714 31 26 713 776
is_linear=0
shrinkage=0.05


Tree=159
num_leaves=15
num_cat=0
split_feature=20 2 29 8 18 12 3 0 0 17 25 6 23 21
split_gain=0.0501707 0.0851592 0.0823769 0.109656 0.0580554 0.0418371 0.0259562 0.0242459 0.0143528 0.0116382 0.00510127 0.00816233 2.07618e-08 1.73127e-08
threshold=-0.51136600971221913 -0.23474345356225965 0.12378700450062753 0.47657947242259985 -2.0549457073211665 1.9032894372940066 -2.8856312036514278 3.6228972673416142 3.6228972673416142 0.20576611161231997 1.3716505765914919 1.1542039513587954 -0.28923103213310236 2.8529572486877446
decision_type=2 2 2 2 2 2 2 2 2 2 2 2 2 2
left_child=5 4 3 -3 -2 6 -1 13 -5 12 11 -7 -8 -6
right_child=1 2 -4 8 7 10 9 -9 -10 -11 -12 -13 -14 -15
leaf_value=0.050011334774054783 0.043473409437275352 0.050024397031187863 0.050013887585474051 -0.050035886103740913 -0.050017957670229665 -0.050041794436072887 -0.050022970608574739 0.050019876675656674 0.050011575316497331 0.050009174027557772 0.047850294103935133 0.050012363762278758 -0.050100295784514783 -0.050152647020997559
leaf_weight=0.0074030733667314044 0.024058729824901093 0.052231509005650878 0.14557211543433368 0.069248147548933048 0.087864899425767362 0.0041147971278405748 0.087102625002444256 0.0064917667768895617 0.0037805030588060609 0.0029972984921187154 0.016529171029105783 0.0040393993258476257 0.0096417781169293448 0.0024524173568352117
leaf_count=2 19 9 38 472 766 25 657 1 1 1 5 1 56 6
internal_value=-0.00011949 0.00886001 0.0244345 -0.00529277 -0.0260382 -0.0268002 -0.0403198 -0.0433131 -0.0448567 -0.0470244 0.0318852 -0.000477291 -0.0500307 -0.0500216
internal_weight=0.523528 0.3917 0.270832 0.12526 0.120868 0.131828 0.107145 0.0968091 0.0730287 0.0997417 0.0246834 0.0081542 0.0967444 0.0903173
internal_count=2059 1312 520 482 792 747 716 773 473 714 31 26 713 772
is_linear=0
shrinkage=0.05


Tree=160
num_leaves=15
num_cat=0
split_feature=20 2 29 8 26 12 3 15 0 17 22 24 23 21
split_gain=0.0476936 0.0809444 0.0783587 0.104305 0.0552352 0.0397837 0.0246896 0.0245329 0.0136523 0.0110703 0.00484732 0.00777458 1.78812e-08 1.57997e-08
threshold=-0.51136600971221913 -0.23474345356225965 0.12378700450062753 0.47657947242259985 0.16536467522382739 1.9032894372940066 -2.8856312036514278 -2.4328658580780025 3.6228972673416142 0.20576611161231997 1.5202608704566958 1.266676187515259 -0.28923103213310236 2.8529572486877446
decision_type=2 2 2 2 2 2 2 2 2 2 2 2 2 2
left_child=5 4 3 -3 -2 6 -1 -6 -5 12 11 -7 -8 -9
right_child=1 2 -4 8 7 10 9 13 -10 -11 -12 -13 -14 -15
leaf_value=0.050010780088598918 0.050013122716541937 0.050023207945912321 0.050013210588516779 -0.050034139067280992 0.035867445337097036 -0.050039846630883955 -0.050021851208496761 -0.050017032368369012 0.050011006503988299 0.050008729689673452 0.047704292235532984 0.050011764416441631 -0.050095425424173702 -0.05015231421417557
leaf_weight=0.0070420971605926743 0.019805137533694506 0.049685300327837467 0.13847430655732751 0.065873117629962508 0.0092012000022805296 0.0039249943292816161 0.082856386892672163 0.084040405534324236 0.0035961654502898446 0.0028511432465165845 0.015780681307660416 0.0038424404338002205 0.0091724122539744712 0.0022151838056743136
leaf_count=2 5 9 38 472 11 25 657 771 1 1 5 1 56 5
internal_value=-0.000120189 0.00885218 0.024434 -0.00529261 -0.0259757 -0.0267856 -0.0403187 -0.0417417 -0.0448552 -0.047023 0.0317888 -0.000545726 -0.0500292 -0.0500205
internal_weight=0.498361 0.372891 0.257629 0.119155 0.115262 0.12547 0.101922 0.0954568 0.0694693 0.0948799 0.0235481 0.00776743 0.0920288 0.0862556
internal_count=2059 1312 520 482 792 747 716 787 473 714 31 26 713 776
is_linear=0
shrinkage=0.05


Tree=161
num_leaves=15
num_cat=0
split_feature=24 11 29 8 2 0 17 13 22 12 25 5 25 12
split_gain=0.0454335 0.0625826 0.0806777 0.0853244 0.0612594 0.0387255 0.0310566 0.0308922 0.00727549 0.00797098 0.000324264 2.21399e-08 1.46852e-08 6.43521e-09
threshold=-2.5512886047363277 -0.18975859135389325 0.12378700450062753 0.42352980375289923 -0.23474345356225965 2.0309551954269414 0.54920393228530895 -0.77634614706039418 1.4534760117530825 -4.0161296129226676 1.947271525859833 0.19888968765735629 -2.3102712631225581 0.5399606227874757
decision_type=2 2 2 2 2 2 2 2 2 2 2 2 2 2
left_child=10 5 3 7 6 12 -4 -3 9 -7 -1 -5 -2 -14
right_child=1 2 4 11 -6 8 -8 -9 -10 -11 -12 -13 13 -15
leaf_value=0.041484146492142576 -0.05016493679019627 0.047980494552243673 0.050011352155868195 -0.050088892492673669 0.050012993611050743 0.050010070928194587 -0.050010383071391197 -0.027174321841932358 0.050013728623157373 -0.05005364917151648 0.050009760485140109 -0.050017930176292039 -0.050013030879825331 -0.050040996478323357
leaf_weight=0.018357019471295644 0.0018364496791036791 0.044834760774392635 0.010712277609854937 0.01277553247200558 0.11671894742175937 0.003289845772087574 0.02816725053708069 0.01967311100452207 0.012283768970519304 0.0050379291496938094 0.02841895492747426 0.078715510600886773 0.062982645737065468 0.030548487091436982
leaf_count=18 2 10 3 37 33 1 293 51 3 22 9 715 614 248
internal_value=-0.000120697 -0.00523884 0.00643149 -0.0189778 0.0319061 -0.0365931 -0.0224519 0.0250604 0.0255544 -0.010524 0.0466639 -0.0500278 -0.0500249 -0.0500222
internal_weight=0.474352 0.427577 0.311597 0.155999 0.155598 0.115979 0.0388795 0.0645079 0.0206115 0.00832777 0.046776 0.091491 0.0953676 0.0935311
internal_count=2059 2032 1142 813 329 890 296 61 26 23 27 752 864 862
is_linear=0
shrinkage=0.05


Tree=162
num_leaves=15
num_cat=0
split_feature=20 2 29 8 18 12 3 0 0 17 25 6 23 21
split_gain=0.0433588 0.0735929 0.0705128 0.0948777 0.0501512 0.0361128 0.0223487 0.0208735 0.012453 0.0100173 0.00443645 0.00707523 1.32023e-08 1.09411e-08
threshold=-0.51136600971221913 -0.23474345356225965 0.12378700450062753 0.47657947242259985 -2.0549457073211665 1.9032894372940066 -2.8856312036514278 3.6228972673416142 3.6228972673416142 0.20576611161231997 1.3716505765914919 1.1542039513587954 -0.28923103213310236 2.8529572486877446
decision_type=2 2 2 2 2 2 2 2 2 2 2 2 2 2
left_child=5 4 3 -3 -2 6 -1 13 -5 12 11 -7 -8 -6
right_child=1 2 -4 8 7 10 9 -9 -10 -11 -12 -13 -14 -15
leaf_value=0.05000975595995194 0.042911946155222008 0.050021087621785434 0.050011954216501335 -0.05003088712436933 -0.050015722570375412 -0.050036222065855333 -0.050019941728349795 0.05001710852436958 0.050010045761407732 0.050007896831798786 0.047648644189018631 0.05001066606714271 -0.050086382906501019 -0.050130851456687775
leaf_weight=0.0063720825128257266 0.021107092645252123 0.045401023235172033 0.12532290467061102 0.059647771537129302 0.075945895070617553 0.0035861575524904757 0.075257675511238631 0.005587873049080371 0.0032818636391311875 0.0025798550341278306 0.014360349712660536 0.0034839243162423372 0.0083015099735348485 0.0021212669525993979
leaf_count=2 19 9 38 472 766 25 657 1 1 1 5 1 56 6
internal_value=-0.000120475 0.00886174 0.0244745 -0.00506871 -0.0259597 -0.0267984 -0.0403465 -0.0433368 -0.0448136 -0.0470305 0.0316861 -0.000736116 -0.0500265 -0.0500189
internal_weight=0.452357 0.338416 0.233654 0.108331 0.104762 0.113942 0.0925111 0.083655 0.0629296 0.086139 0.0214304 0.00707008 0.0835592 0.0780672
internal_count=2059 1312 520 482 792 747 716 773 473 714 31 26 713 772
is_linear=0
shrinkage=0.05


Tree=163
num_leaves=15
num_cat=0
split_feature=20 2 29 8 26 12 21 3 0 17 10 4 23 21
split_gain=0.0412157 0.0699462 0.0670733 0.0902481 0.0476456 0.0343398 0.02145 0.0212582 0.0118453 0.00952846 0.00486761 0.00743574 1.137e-08 9.42433e-09
threshold=-0.51136600971221913 -0.23474345356225965 0.12378700450062753 0.47657947242259985 0.16536467522382739 1.9032894372940066 -2.3459864854812618 -2.8856312036514278 3.6228972673416142 0.20576611161231997 -0.94440248608589161 2.3586372137069707 -0.28923103213310236 2.8529572486877446
decision_type=2 2 2 2 2 2 2 2 2 2 2 2 2 2
left_child=5 4 3 -3 -2 7 -6 -1 -5 12 -7 -12 -9 -8
right_child=1 2 -4 8 6 10 13 9 -10 -11 11 -13 -14 -15
leaf_value=0.050009278472475931 0.050011328527932421 0.050020059888867423 0.050011370621855594 -0.050029383061236887 0.035310497557022744 0.050010044818089641 -0.050014916159615799 -0.050018970223991516 0.050009553869338377 0.050007509434210423 -0.050034462931489027 0.050011214376149263 -0.050082187340337453 -0.050124458297684284
leaf_weight=0.0060613686218857757 0.017130587715655565 0.043187654111534357 0.11921218922361732 0.056740378480753861 0.0081716565546230413 0.013019745238125324 0.072605631401529536 0.071588670944038313 0.0031218351796269408 0.0024540524464100591 0.0037669723460567175 0.003663419745862484 0.0078972855117172003 0.0020180623250780618
leaf_count=2 5 9 38 472 13 4 768 657 1 1 26 1 56 6
internal_value=-0.000121234 0.00885321 0.024474 -0.00506857 -0.0258917 -0.0267825 -0.0415962 -0.0403455 -0.0448123 -0.0470293 0.0315818 -0.00070876 -0.0500253 -0.0500179
internal_weight=0.43064 0.322188 0.222262 0.10305 0.0999259 0.108452 0.0827954 0.0880014 0.0598622 0.08194 0.0204501 0.00743039 0.079486 0.0746237
internal_count=2059 1312 520 482 792 747 787 716 473 714 31 27 713 774
is_linear=0
shrinkage=0.05


Tree=164
num_leaves=13
num_cat=0
split_feature=3 11 29 8 2 9 8 8 9 5 18 5
split_gain=0.0392115 0.0575116 0.0579835 0.0859329 0.0560776 0.0344968 0.019655 0.0149938 0.0103559 1.48497e-08 7.56035e-09 5.69128e-10
threshold=-2.8856312036514278 -0.13893805444240567 0.12378700450062753 0.42352980375289923 -0.23474345356225965 2.9910463094711308 -0.77973124384880055 0.23625841736793521 -3.436668753623962 0.19888968765735629 0.37771220505237585 0.44277986884117132
decision_type=2 2 2 2 2 2 2 2 2 2 2 2
left_child=-1 5 3 7 6 8 -4 -3 -2 -5 -10 -6
right_child=1 2 4 9 11 -7 -8 -9 10 -11 -12 -13
leaf_value=0.046946802476998506 0.050008153999937723 0.050011468796692993 0.050010141128644693 -0.050076008732014836 0.050015975836028438 0.039947428164100102 -0.050009019512760239 -0.00072783136665895717 -0.050011397721932117 -0.050013485608950997 -0.050040949576259465 0.050008143488262352
leaf_weight=0.039936443528858945 0.0026641034055501214 0.036026557208970189 0.0062333811074495307 0.011080752279667649 0.038298818748444319 0.012965550035005435 0.02316864267049823 0.0244357753690565 0.053402414290758315 0.066434235675842501 0.036391296231158776 0.058806011918932199
leaf_count=18 1 10 2 38 9 5 278 42 602 714 317 23
internal_value=-0.0001216 -0.00520326 0.00724388 -0.015173 0.0316933 -0.0364304 -0.0288044 0.0295052 -0.047141 -0.0500224 -0.0500234 0.0500112
internal_weight=0.409844 0.369908 0.264484 0.137977 0.126507 0.105423 0.029402 0.0604623 0.0924578 0.077515 0.0897937 0.0971048
internal_count=2059 2041 1116 804 312 925 280 52 920 752 919 32
is_linear=0
shrinkage=0.05


Tree=165
num_leaves=15
num_cat=0
split_feature=20 2 29 8 18 24 9 26 26 0 17 21 5 26
split_gain=0.0376532 0.0637042 0.0601899 0.082403 0.0433325 0.0312031 0.0196237 0.0181418 0.0109102 0.0107492 0.00863468 6.92077e-09 5.46039e-10 1.98193e-11
threshold=-0.51136600971221913 -0.23474345356225965 0.12378700450062753 0.47657947242259985 -2.0549457073211665 -4.3160943984985343 -2.8912857770919795 0.16536467522382739 0.86318457126617443 3.6228972673416142 0.20576611161231997 2.8529572486877446 0.21453419327735904 1.1866121888160708
decision_type=2 2 2 2 2 2 2 2 2 2 2 2 2 2
left_child=5 4 3 -3 -2 -1 -7 -6 10 -5 -8 -9 -4 -14
right_child=1 2 12 9 7 6 8 11 -10 -11 -12 -13 13 -15
leaf_value=0.05000900010681017 0.042372745732116246 0.050018958847509225 0.050015191942384567 -0.050026652937887064 0.050014875352776149 0.050009304765482779 -0.050023557525508015 -0.050013941963944597 0.050009177433311458 0.050008673226418492 0.050006794476194161 -0.05011260998616468 0.050008683968575933 0.050006990322800531
leaf_weight=0.011653035413473845 0.018531184483435936 0.039682476315647364 0.037223618477582932 0.051391535387665499 0.0048584146425127974 0.0060167156625539056 0.075821388112672139 0.065761059875512728 0.0029987231828272334 0.0028334639500826589 0.0022205428685992947 0.0018265847684233441 0.030030274763703346 0.040663542924448848
leaf_count=4 19 9 9 472 1 2 739 766 1 1 1 6 11 18
internal_value=-0.00012231 0.00888079 0.0245391 -0.00473203 -0.0258559 -0.026828 -0.037113 -0.0433082 -0.0435812 -0.0447994 -0.0471774 -0.0500166 0.0500103 0.0500077
internal_weight=0.391513 0.292802 0.201825 0.0939075 0.0909772 0.0987104 0.0870574 0.0724461 0.0810407 0.054225 0.0780419 0.0675876 0.107917 0.0706938
internal_count=2059 1312 520 482 792 747 743 773 741 473 740 772 38 29
is_linear=0
shrinkage=0.05


Tree=166
num_leaves=15
num_cat=0
split_feature=20 2 29 8 26 24 15 9 26 0 17 21 5 26
split_gain=0.0358061 0.060544 0.057254 0.0783824 0.0412816 0.0296807 0.0188269 0.0186662 0.0103779 0.0102247 0.00821338 6.34503e-09 4.69978e-10 1.7044e-11
threshold=-0.51136600971221913 -0.23474345356225965 0.12378700450062753 0.47657947242259985 0.16536467522382739 -4.3160943984985343 -2.4328658580780025 -2.8912857770919795 0.86318457126617443 3.6228972673416142 0.20576611161231997 2.8529572486877446 0.21453419327735904 1.1866121888160708
decision_type=2 2 2 2 2 2 2 2 2 2 2 2 2 2
left_child=5 4 3 -3 -2 -1 -6 -7 10 -5 -9 -8 -4 -14
right_child=1 2 12 9 6 7 11 8 -10 -11 -12 -13 13 -15
leaf_value=0.050008562479155111 0.050009845215347903 0.050018033851914973 0.050014452003323023 -0.050025354594933104 0.035124829042417115 0.050008850149727835 -0.050013238640760266 -0.050022410978281931 0.050008733704277865 0.050008249677552963 0.050006459375081407 -0.050112783657343112 0.050008261086083576 0.050006650736419092
leaf_weight=0.011084805009886622 0.014884753851220012 0.037747819907963276 0.035408712457865477 0.048886377691815142 0.0072173544685938387 0.0057233276311308137 0.063051821409317199 0.072125146558391862 0.0028524985536932937 0.0026952964253723613 0.002112259389832615 0.0016424919085693537 0.028565916931256652 0.038680615485645831
leaf_count=4 5 9 9 472 11 2 771 739 1 1 1 5 11 18
internal_value=-0.000122949 0.00887156 0.0245388 -0.00473192 -0.0257827 -0.0268275 -0.0414707 -0.0371122 -0.0435802 -0.0447983 -0.0471763 -0.0500158 0.0500098 0.0500073
internal_weight=0.372679 0.278781 0.191985 0.0893295 0.0867964 0.093898 0.0719117 0.0828132 0.0770899 0.0515817 0.0742374 0.0646943 0.102655 0.0672465
internal_count=2059 1312 520 482 792 747 787 743 741 473 740 776 38 29
is_linear=0
shrinkage=0.05


Tree=167
num_leaves=15
num_cat=0
split_feature=20 2 29 8 18 24 9 0 26 3 17 21 5 26
split_gain=0.0340525 0.057553 0.0544614 0.0745581 0.0392655 0.0282327 0.0177555 0.0164163 0.00987156 0.00972581 0.00781264 5.10283e-09 4.04623e-10 1.46775e-11
threshold=-0.51136600971221913 -0.23474345356225965 0.12378700450062753 0.47657947242259985 -2.0549457073211665 -4.3160943984985343 -2.8912857770919795 3.6228972673416142 0.86318457126617443 -4.1167383193969718 0.20576611161231997 2.8529572486877446 0.21453419327735904 1.1866121888160708
decision_type=2 2 2 2 2 2 2 2 2 2 2 2 2 2
left_child=5 4 3 -3 -2 -1 -7 11 10 -5 -8 -6 -4 -14
right_child=1 2 12 9 7 6 8 -9 -10 -11 -12 -13 13 -15
leaf_value=0.050008142453606796 0.041731471224484618 0.050017153593028746 0.050013747349084495 0.050007846187105902 -0.050012628916748181 0.050008418563888601 -0.050021320310495658 0.050013462840694627 0.050008306176636458 -0.050024119913335045 0.050006147383999604 -0.050101475922057596 0.050007857715513707 0.050006325514376074
leaf_weight=0.010544278658926487 0.017109940970840398 0.035907452460378408 0.033682271372526884 0.0025638653896749011 0.059575471612333786 0.0054442435503005973 0.068609020167059498 0.0043962155468761912 0.0027134031988680354 0.046503279751050286 0.0020092555787414304 0.0016611510982329483 0.027172953938134015 0.036794372485019267
leaf_count=4 19 9 9 1 766 2 739 1 1 472 1 6 11 18
internal_value=-0.000123325 0.00886488 0.0245384 -0.00473181 -0.0257286 -0.0268269 -0.0371114 -0.0433149 -0.0435793 -0.0447972 -0.0471753 -0.050015 0.0500093 0.050007
internal_weight=0.354687 0.265367 0.182624 0.0849746 0.0827428 0.0893202 0.0787759 0.0656328 0.0733317 0.0490671 0.0706183 0.0612366 0.0976496 0.0639673
internal_count=2059 1312 520 482 792 747 743 773 741 473 740 772 38 29
is_linear=0
shrinkage=0.05


Tree=168
num_leaves=15
num_cat=0
split_feature=20 2 29 8 23 24 0 11 9 26 0 17 26 20
split_gain=0.0323813 0.0546996 0.0548772 0.0466478 0.0416517 0.0268553 0.0202645 0.0176154 0.0168893 0.00938993 0.00913811 0.00743146 8.3248e-09 1.13999e-09
threshold=-0.51136600971221913 -0.12264206260442732 -0.068718336522579179 0.6091810166835786 0.26780194044113165 -4.3160943984985343 3.6228972673416142 -0.47825685143470759 -2.8912857770919795 0.86318457126617443 3.6228972673416142 0.20576611161231997 0.42141596972942358 0.35974729061126715
decision_type=2 2 2 2 2 2 2 2 2 2 2 2 2 2
left_child=5 4 3 -3 7 -1 12 -2 -7 11 -5 -10 -6 -4
right_child=1 2 13 10 6 8 -8 -9 9 -11 -12 -13 -14 -15
leaf_value=0.050007745077135547 -0.050007110743508359 0.05000942530305006 0.050018383422820806 -0.050012915174500218 -0.050063598625808239 0.050008007146267242 0.050008751635137065 0.050010997451106314 -0.050020282231731772 0.050007902076296296 0.050007465573375647 0.050005850386020158 -0.050013822541448406 0.050006994458854426
leaf_weight=0.010030105942860246 0.0054701089575246433 0.020361218834295869 0.033311506966128945 0.035874535551556619 0.0099953453755006194 0.005178766092285513 0.0055084088817238799 0.022550639929249883 0.065264238968666177 0.0025810892693698398 0.0024388423189520827 0.0019112741574645034 0.052623399747972144 0.064547678339295089
leaf_count=4 81 7 8 444 36 2 2 7 739 1 1 1 696 30
internal_value=-0.000124014 0.00885482 0.0270871 -0.0111458 -0.0208283 -0.0268265 -0.0419338 0.0304858 -0.0371107 -0.0435785 -0.0436461 -0.0471743 -0.0500218 0.0500109
internal_weight=0.337647 0.252682 0.156534 0.0586746 0.0961479 0.0849655 0.0681272 0.0280207 0.0749354 0.0697566 0.0383134 0.0671755 0.0626187 0.0978592
internal_count=2059 1312 490 452 822 747 734 88 743 741 445 740 732 38
is_linear=0
shrinkage=0.05


Tree=169
num_leaves=15
num_cat=0
split_feature=20 2 29 8 23 24 0 11 9 26 0 17 26 20
split_gain=0.0308015 0.0520312 0.0522002 0.0443722 0.0396196 0.0255452 0.0192758 0.0167561 0.0160653 0.00893181 0.00869234 0.00706889 7.1649e-09 9.81506e-10
threshold=-0.51136600971221913 -0.12264206260442732 -0.068718336522579179 0.6091810166835786 0.26780194044113165 -4.3160943984985343 3.6228972673416142 -0.47825685143470759 -2.8912857770919795 0.86318457126617443 3.6228972673416142 0.20576611161231997 0.42141596972942358 0.35974729061126715
decision_type=2 2 2 2 2 2 2 2 2 2 2 2 2 2
left_child=5 4 3 -3 7 -1 12 -2 -7 11 -5 -10 -6 -4
right_child=1 2 13 10 6 8 -8 -9 9 -11 -12 -13 -14 -15
leaf_value=0.050007367315352859 -0.050006763839336887 0.050008965398212514 0.050017487957367969 -0.050012285161360942 -0.050060495388458338 0.05000761650222546 0.050008324895119451 0.05001046221010727 -0.050019294860257239 0.050007515326029109 0.050007100590506726 0.050005564411558401 -0.050013149232024628 0.050006652825883326
leaf_weight=0.0095410021021962166 0.005203363751206779 0.019368363777175546 0.031687438488006592 0.03412533286245889 0.0095084410713752732 0.0049262321554124347 0.0052398042753338805 0.0214510562364012 0.062082458982331445 0.0024552266113460055 0.00231991522014141 0.001818070304580032 0.050057583339366829 0.061400059028528631
leaf_count=4 81 7 8 444 36 2 2 7 739 1 1 1 696 30
internal_value=-0.000124007 0.0088547 0.0270868 -0.0111457 -0.0208279 -0.026826 -0.041933 0.0304855 -0.0371101 -0.0435776 -0.0436456 -0.0471734 -0.0500207 0.0500103
internal_weight=0.321184 0.240361 0.148901 0.0558136 0.0914602 0.080823 0.0648058 0.0266544 0.071282 0.0663558 0.0364452 0.0639005 0.059566 0.0930875
internal_count=2059 1312 490 452 822 747 734 88 743 741 445 740 732 38
is_linear=0
shrinkage=0.05


Tree=170
num_leaves=15
num_cat=0
split_feature=20 2 29 8 23 24 0 11 9 26 0 17 26 20
split_gain=0.0292989 0.049493 0.0496539 0.0422077 0.0376866 0.024299 0.0183353 0.0159388 0.0152815 0.00849605 0.00826831 0.00672401 6.1663e-09 8.44575e-10
threshold=-0.51136600971221913 -0.12264206260442732 -0.068718336522579179 0.6091810166835786 0.26780194044113165 -4.3160943984985343 3.6228972673416142 -0.47825685143470759 -2.8912857770919795 0.86318457126617443 3.6228972673416142 0.20576611161231997 0.42141596972942358 0.35974729061126715
decision_type=2 2 2 2 2 2 2 2 2 2 2 2 2 2
left_child=5 4 3 -3 7 -1 12 -2 -7 11 -5 -10 -6 -4
right_child=1 2 13 10 6 8 -8 -9 9 -11 -12 -13 -14 -15
leaf_value=0.050007009999820176 -0.05000643379417468 0.05000852741120914 0.050016633559953574 -0.050011686648767886 -0.050057542337808063 0.05000724426549237 0.050007917827977012 0.050009951888392273 -0.050018355606798195 0.050007147914352769 0.050006752425258608 0.050005290959316953 -0.050012508563093916 0.050006328246384318
leaf_weight=0.0090757453581318259 0.0049496245410409747 0.018423914792947471 0.030142525676637888 0.032461399448948214 0.0090452290751272812 0.0046860110014677039 0.0049842954613268367 0.020405078772455454 0.059055742996861227 0.0023355004377663127 0.0022067865356802932 0.0017294111894443622 0.047616840809496352 0.058405912597663701
leaf_count=4 81 7 8 444 36 2 2 7 739 1 1 1 696 30
internal_value=-0.000124 0.0088546 0.0270865 -0.0111456 -0.0208276 -0.0268256 -0.0419322 0.0304852 -0.0371094 -0.0435769 -0.0436451 -0.0471726 -0.0500197 0.0500098
internal_weight=0.305524 0.228642 0.141641 0.0530921 0.0870011 0.0768824 0.0616464 0.0253547 0.0678067 0.0631207 0.0346682 0.0607852 0.0566621 0.0885484
internal_count=2059 1312 490 452 822 747 734 88 743 741 445 740 732 38
is_linear=0
shrinkage=0.05


Tree=171
num_leaves=15
num_cat=0
split_feature=20 2 29 8 23 24 0 11 9 26 0 17 26 20
split_gain=0.0278695 0.0470786 0.0472318 0.0401488 0.035848 0.0231136 0.0174408 0.0151613 0.014536 0.00808156 0.00786497 0.00639596 5.30744e-09 7.27125e-10
threshold=-0.51136600971221913 -0.12264206260442732 -0.068718336522579179 0.6091810166835786 0.26780194044113165 -4.3160943984985343 3.6228972673416142 -0.47825685143470759 -2.8912857770919795 0.86318457126617443 3.6228972673416142 0.20576611161231997 0.42141596972942358 0.35974729061126715
decision_type=2 2 2 2 2 2 2 2 2 2 2 2 2 2
left_child=5 4 3 -3 7 -1 12 -2 -7 11 -5 -10 -6 -4
right_child=1 2 13 10 6 8 -8 -9 9 -11 -12 -13 -14 -15
leaf_value=0.050006666136444472 -0.050006119938952515 0.050008109642927547 0.05001582308096552 -0.050011117534394217 -0.050054735576648482 0.050006892201568481 0.050007531862530312 0.050009466720396814 -0.05001746177138662 0.05000680168729902 0.050006427546388191 0.050005034998338832 -0.050011898904953202 0.050006019120445382
leaf_weight=0.0086331737693399191 0.0047082573073566883 0.017525512143038213 0.028672910993918777 0.030878581008437322 0.0086045583811937831 0.0044575021602213374 0.0047412442509084931 0.019410095177590847 0.056176538753788918 0.0022216117940843097 0.0020991736091673366 0.0016450750408694139 0.045295078241906594 0.055557757266797125
leaf_count=4 81 7 8 444 36 2 2 7 739 1 1 1 696 30
internal_value=-0.000123994 0.00885449 0.0270863 -0.0111455 -0.0208272 -0.0268252 -0.0419314 0.030485 -0.0371088 -0.0435761 -0.0436446 -0.0471717 -0.0500187 0.0500094
internal_weight=0.290627 0.217493 0.134734 0.0505033 0.0827592 0.0731339 0.0586409 0.0241184 0.0645007 0.0600432 0.0329778 0.0578216 0.0538996 0.0842307
internal_count=2059 1312 490 452 822 747 734 88 743 741 445 740 732 38
is_linear=0
shrinkage=0.05


Tree=172
num_leaves=15
num_cat=0
split_feature=20 2 29 8 23 24 0 11 9 26 0 17 26 20
split_gain=0.0265099 0.0447821 0.0449278 0.0381904 0.0340991 0.021986 0.0165899 0.0144217 0.0138269 0.00768729 0.00748131 0.00608392 4.56784e-09 6.25817e-10
threshold=-0.51136600971221913 -0.12264206260442732 -0.068718336522579179 0.6091810166835786 0.26780194044113165 -4.3160943984985343 3.6228972673416142 -0.47825685143470759 -2.8912857770919795 0.86318457126617443 3.6228972673416142 0.20576611161231997 0.42141596972942358 0.35974729061126715
decision_type=2 2 2 2 2 2 2 2 2 2 2 2 2 2
left_child=5 4 3 -3 7 -1 12 -2 -7 11 -5 -10 -6 -4
right_child=1 2 13 10 6 8 -8 -9 9 -11 -12 -13 -14 -15
leaf_value=0.050006343021136115 -0.05000582153427257 0.050007714624840542 0.050015051229366073 -0.050010575289353258 -0.050052063991105393 0.050006556390077173 0.050007164248656061 0.050009003709979773 -0.050016611449237691 0.050006467284770019 0.050006109914302092 0.05000479096438773 -0.05001131885003484 0.050005725662261802
leaf_weight=0.0082121806917712092 0.0044786589314753647 0.016670911340042949 0.027274926193058491 0.02937292521528434 0.0081853349256562069 0.0042401349637657395 0.0045100434217602006 0.018463619984686375 0.053437662332726177 0.0021132761612534514 0.0019968079868704072 0.0015648512635380021 0.043086498295451747 0.052848476101644337
leaf_count=4 81 7 8 444 36 2 2 7 739 1 1 1 696 30
internal_value=-0.000123988 0.0088544 0.027086 -0.0111454 -0.0208269 -0.0268248 -0.0419307 0.0304847 -0.0371082 -0.0435754 -0.0436441 -0.0471709 -0.0500178 0.0500089
internal_weight=0.276456 0.206888 0.128164 0.0480406 0.0787242 0.0695681 0.0557819 0.0229423 0.0613559 0.0571158 0.0313697 0.0550025 0.0512718 0.0801234
internal_count=2059 1312 490 452 822 747 734 88 743 741 445 740 732 38
is_linear=0
shrinkage=0.05


Tree=173
num_leaves=15
num_cat=0
split_feature=20 2 29 8 23 24 0 11 9 26 0 17 26 20
split_gain=0.0252167 0.0425976 0.0427363 0.0363275 0.0324356 0.0209135 0.0157805 0.0137183 0.0131523 0.00731226 0.00711637 0.00578712 3.93124e-09 5.38629e-10
threshold=-0.51136600971221913 -0.12264206260442732 -0.068718336522579179 0.6091810166835786 0.26780194044113165 -4.3160943984985343 3.6228972673416142 -0.47825685143470759 -2.8912857770919795 0.86318457126617443 3.6228972673416142 0.20576611161231997 0.42141596972942358 0.35974729061126715
decision_type=2 2 2 2 2 2 2 2 2 2 2 2 2 2
left_child=5 4 3 -3 7 -1 12 -2 -7 11 -5 -10 -6 -4
right_child=1 2 13 10 6 8 -8 -9 9 -11 -12 -13 -14 -15
leaf_value=0.050006032596101369 -0.050005538276760568 0.050007340386292037 0.050014317310767165 -0.050010059296913746 -0.050049522916716355 0.050006235865383435 0.050006817847482232 0.050008565131538875 -0.050015802426883027 0.050006156008639197 0.050005813308497044 0.050004555601612426 -0.050010767411321315 0.050005446739283366
leaf_weight=0.0078117151279002419 0.0042602557296049772 0.015857977443374693 0.025945083936676383 0.027940671672695316 0.0077865167331765397 0.0040333664510399094 0.0042901149718090883 0.017563288798555732 0.050832278247980867 0.0020102227572351685 0.0018994335550814858 0.0014885393902659408 0.040985585481394082 0.050271298736333847
leaf_count=4 81 7 8 444 36 2 2 7 739 1 1 1 696 30
internal_value=-0.000123982 0.0088543 0.0270858 -0.0111453 -0.0208266 -0.0268244 -0.04193 0.0304844 -0.0371077 -0.0435747 -0.0436437 -0.0471702 -0.050017 0.0500085
internal_weight=0.262976 0.1968 0.121914 0.0456981 0.0748858 0.0661761 0.0530622 0.0218235 0.0583644 0.054331 0.0298401 0.0523208 0.0487721 0.0762164
internal_count=2059 1312 490 452 822 747 734 88 743 741 445 740 732 38
is_linear=0
shrinkage=0.05


Tree=174
num_leaves=15
num_cat=0
split_feature=20 2 29 8 23 24 0 11 9 26 0 17 26 20
split_gain=0.0239865 0.0405197 0.0406517 0.0345555 0.0308532 0.0198933 0.0150107 0.0130491 0.0125107 0.00695554 0.00676923 0.00550479 3.38375e-09 4.63621e-10
threshold=-0.51136600971221913 -0.12264206260442732 -0.068718336522579179 0.6091810166835786 0.26780194044113165 -4.3160943984985343 3.6228972673416142 -0.47825685143470759 -2.8912857770919795 0.86318457126617443 3.6228972673416142 0.20576611161231997 0.42141596972942358 0.35974729061126715
decision_type=2 2 2 2 2 2 2 2 2 2 2 2 2 2
left_child=5 4 3 -3 7 -1 12 -2 -7 11 -5 -10 -6 -4
right_child=1 2 13 10 6 8 -8 -9 9 -11 -12 -13 -14 -15
leaf_value=0.050005739475075167 -0.050005267638149366 0.050006981208622014 0.050013619331590355 -0.050009569201135529 -0.050047107967742754 0.050005932003269096 0.05000648271612515 0.050008146078056738 -0.050015032941098492 0.050005853658866832 0.050005531445969004 0.050004332846078962 -0.050010242812156692 0.050005181259697884
leaf_weight=0.0074307759059593073 0.0040525019539927589 0.015084680286236107 0.024680062779225409 0.026578243046969874 0.0074071123308385714 0.0038366795051842919 0.0040809101192280641 0.016706853406503797 0.04835388395076734 0.0019121943041682235 0.0018068070057779542 0.0014159486163407555 0.03898709372151643 0.047819785890169442
leaf_count=4 81 7 8 444 36 2 2 7 739 1 1 1 696 30
internal_value=-0.000123977 0.00885422 0.0270855 -0.0111452 -0.0208264 -0.026824 -0.0419293 0.0304842 -0.0371071 -0.0435741 -0.0436433 -0.0471695 -0.0500161 0.0500081
internal_weight=0.250154 0.187204 0.11597 0.0434697 0.0712345 0.0629495 0.0504751 0.0207594 0.0555187 0.051682 0.0283851 0.0497698 0.0463942 0.0724998
internal_count=2059 1312 490 452 822 747 734 88 743 741 445 740 732 38
is_linear=0
shrinkage=0.05


Tree=175
num_leaves=15
num_cat=0
split_feature=20 2 29 8 23 24 0 11 9 26 0 17 26 20
split_gain=0.0228164 0.0385431 0.0386688 0.0328699 0.029348 0.0189228 0.0142784 0.0124126 0.0119004 0.00661622 0.00643903 0.00523624 2.91227e-09 3.99005e-10
threshold=-0.51136600971221913 -0.12264206260442732 -0.068718336522579179 0.6091810166835786 0.26780194044113165 -4.3160943984985343 3.6228972673416142 -0.47825685143470759 -2.8912857770919795 0.86318457126617443 3.6228972673416142 0.20576611161231997 0.42141596972942358 0.35974729061126715
decision_type=2 2 2 2 2 2 2 2 2 2 2 2 2 2
left_child=5 4 3 -3 7 -1 12 -2 -7 11 -5 -10 -6 -4
right_child=1 2 13 10 6 8 -8 -9 9 -11 -12 -13 -14 -15
leaf_value=0.050005459738824726 -0.050005010518310022 0.050006641774861152 0.050012954757289466 -0.050009102955961518 -0.050044809277819208 0.050005644395898635 0.050006165783326367 0.050007749460318253 -0.05001430074205624 0.050005564933887109 0.050005259594667173 0.05000412281632878 -0.050009743670426023 0.050004928630660361
leaf_weight=0.0070684112142771474 0.0038548784250451709 0.014349086675792933 0.02347670600283891 0.025282236641942291 0.0070461786781379479 0.0036495829699560991 0.0038819058099761597 0.015892173629254103 0.045996293512871489 0.0018189456313848487 0.0017186970217153421 0.0013468974502757183 0.037086031505168648 0.045487812370993197
leaf_count=4 81 7 8 444 36 2 2 7 739 1 1 1 696 30
internal_value=-0.000123971 0.00885413 0.0270853 -0.0111451 -0.0208261 -0.0268237 -0.0419287 0.030484 -0.0371066 -0.0435735 -0.0436429 -0.0471688 -0.0500153 0.0500077
internal_weight=0.237956 0.178076 0.110315 0.04135 0.0677612 0.0598801 0.0480141 0.0197471 0.0528117 0.0491621 0.0270009 0.0473432 0.0441322 0.0689645
internal_count=2059 1312 490 452 822 747 734 88 743 741 445 740 732 38
is_linear=0
shrinkage=0.05


Tree=176
num_leaves=15
num_cat=0
split_feature=20 2 29 8 23 24 0 11 9 26 0 17 26 20
split_gain=0.0217034 0.036663 0.0367826 0.0312666 0.0279163 0.0179998 0.0135818 0.0118071 0.0113199 0.00629346 0.00612495 0.0049808 2.50664e-09 3.43351e-10
threshold=-0.51136600971221913 -0.12264206260442732 -0.068718336522579179 0.6091810166835786 0.26780194044113165 -4.3160943984985343 3.6228972673416142 -0.47825685143470759 -2.8912857770919795 0.86318457126617443 3.6228972673416142 0.20576611161231997 0.42141596972942358 0.35974729061126715
decision_type=2 2 2 2 2 2 2 2 2 2 2 2 2 2
left_child=5 4 3 -3 7 -1 12 -2 -7 11 -5 -10 -6 -4
right_child=1 2 13 10 6 8 -8 -9 9 -11 -12 -13 -14 -15
leaf_value=0.050005192509108204 -0.050004765923301719 0.050006317426552253 0.050012321815800009 -0.050008658902546965 -0.050042623555795675 0.05000536704158174 0.05000586395010153 0.050007372018770563 -0.05001360403306964 0.050005295141540812 0.050005005859958741 0.050003920752243886 -0.050009268517631114 0.050004688005478887
leaf_weight=0.0067237156908959142 0.0036668912689492563 0.013649359927512705 0.022332008578814566 0.024049415467743529 0.0067028179182671002 0.0034716094378381959 0.0036926047177985302 0.015117214294150472 0.043753621932410169 0.0017302437918260685 0.0016348833451047531 0.0012812135973945251 0.035277651044452796 0.043269547866657376
leaf_count=4 81 7 8 444 36 2 2 7 739 1 1 1 696 30
internal_value=-0.000123967 0.00885405 0.0270851 -0.011145 -0.0208258 -0.0268234 -0.0419281 0.0304838 -0.0371062 -0.0435729 -0.0436425 -0.0471682 -0.0500146 0.0500073
internal_weight=0.226353 0.169392 0.104935 0.0393337 0.0644572 0.0569604 0.0456731 0.0187841 0.0502367 0.0467651 0.0256843 0.0450348 0.0419805 0.0656016
internal_count=2059 1312 490 452 822 747 734 88 743 741 445 740 732 38
is_linear=0
shrinkage=0.05


Tree=177
num_leaves=15
num_cat=0
split_feature=20 2 29 8 23 24 12 11 9 26 0 17 26 20
split_gain=0.0206447 0.0348746 0.0349884 0.0297414 0.0265545 0.0171217 0.0129192 0.0112312 0.0107677 0.00598645 0.00582618 0.00473782 2.1573e-09 2.95554e-10
threshold=-0.51136600971221913 -0.12264206260442732 -0.068718336522579179 0.6091810166835786 0.26780194044113165 -4.3160943984985343 -4.0161296129226676 -0.47825685143470759 -2.8912857770919795 0.86318457126617443 3.6228972673416142 0.20576611161231997 0.42141596972942358 0.35974729061126715
decision_type=2 2 2 2 2 2 2 2 2 2 2 2 2 2
left_child=5 4 3 -3 7 -1 -6 -2 -7 11 -5 -10 -8 -4
right_child=1 2 13 10 6 8 12 -9 9 -11 -12 -13 -14 -15
leaf_value=0.050004938137488353 -0.050004533509752126 0.050006009617105045 0.050011720658415054 -0.050008237028302843 0.050005581253390788 0.050005104584028251 -0.05004054323100713 0.050007012020201282 -0.050012941424655066 0.050005039648743255 0.050004760944769883 0.050003730119639017 -0.050008816869947827 0.05000445882855839
leaf_weight=0.0063958277460187665 0.0034880706771218675 0.012983750551939011 0.021243112860247493 0.022876699884363916 0.0035125336144119492 0.0033023138530552379 0.00637617589381989 0.014380039996467531 0.041620270179919316 0.0016458670143038026 0.0015551565447822204 0.0012187325628474346 0.033557435122929746 0.041159450658597052
leaf_count=4 81 7 8 444 2 2 36 7 739 1 1 1 696 30
internal_value=-0.000123962 0.00885398 0.0270849 -0.0111449 -0.0208256 -0.0268231 -0.0419275 0.0304836 -0.0371057 -0.0435723 -0.0436421 -0.0471676 -0.0500139 0.0500069
internal_weight=0.215315 0.161132 0.0998182 0.0374156 0.0613143 0.054183 0.0434461 0.0178681 0.0477872 0.0444849 0.0244319 0.042839 0.0399336 0.0624026
internal_count=2059 1312 490 452 822 747 734 88 743 741 445 740 732 38
is_linear=0
shrinkage=0.05


Tree=178
num_leaves=15
num_cat=0
split_feature=20 2 29 8 23 24 0 11 9 26 3 17 26 20
split_gain=0.0196376 0.0331735 0.0332818 0.0282907 0.0252591 0.0162865 0.012289 0.0106834 0.0102424 0.00569442 0.00554199 0.0045067 1.85681e-09 2.54462e-10
threshold=-0.51136600971221913 -0.12264206260442732 -0.068718336522579179 0.6091810166835786 0.26780194044113165 -4.3160943984985343 3.6228972673416142 -0.47825685143470759 -2.8912857770919795 0.86318457126617443 -4.1167383193969718 0.20576611161231997 0.42141596972942358 0.35974729061126715
decision_type=2 2 2 2 2 2 2 2 2 2 2 2 2 2
left_child=5 4 3 -3 7 -1 12 -2 -7 11 -5 -10 -6 -4
right_child=1 2 13 10 6 8 -8 -9 9 -11 -12 -13 -14 -15
leaf_value=0.050004699530100005 -0.050004312820434473 0.0500057153863845 0.050011150230259621 0.050004524979426757 -0.050038565536500025 0.050004854848716085 0.050005306424022823 0.050006669783313668 -0.050012311150360915 0.050004788658758452 -0.050007835154842972 0.050003549803703466 -0.050008386947970163 0.050004241556287424
leaf_weight=0.0060839280486106864 0.0033179697384184683 0.012350596371106803 0.020207298803143203 0.0014793174341320983 0.0060654399057966648 0.0031412733951583496 0.0033412432530894867 0.013678808347322047 0.039590911976119969 0.001565604703500866 0.021761160514870426 0.0011592983501031986 0.031921087194859865 0.039152246317826211
leaf_count=4 81 7 8 1 36 2 2 7 739 1 444 1 696 30
internal_value=-0.000123957 0.00885391 0.0270847 -0.0111448 -0.0208254 -0.0268228 -0.041927 0.0304834 -0.0371053 -0.0435718 -0.0436418 -0.047167 -0.0500132 0.0500066
internal_weight=0.204816 0.153275 0.0949506 0.0355911 0.0583245 0.051541 0.0413278 0.0169968 0.0454571 0.0423158 0.0232405 0.0407502 0.0379865 0.0593595
internal_count=2059 1312 490 452 822 747 734 88 743 741 445 740 732 38
is_linear=0
shrinkage=0.05


Tree=179
num_leaves=15
num_cat=0
split_feature=20 2 29 8 23 24 0 11 9 26 3 17 26 20
split_gain=0.0186797 0.0315554 0.0316584 0.0269108 0.0240269 0.0154921 0.0116895 0.0101623 0.00974277 0.00541664 0.00527166 0.00428685 1.59802e-09 2.18934e-10
threshold=-0.51136600971221913 -0.12264206260442732 -0.068718336522579179 0.6091810166835786 0.26780194044113165 -4.3160943984985343 3.6228972673416142 -0.47825685143470759 -2.8912857770919795 0.86318457126617443 -4.1167383193969718 0.20576611161231997 0.42141596972942358 0.35974729061126715
decision_type=2 2 2 2 2 2 2 2 2 2 2 2 2 2
left_child=5 4 3 -3 7 -1 12 -2 -7 11 -5 -10 -6 -4
right_child=1 2 13 10 6 8 -8 -9 9 -11 -12 -13 -14 -15
leaf_value=0.050004468740832364 -0.050004102398324972 0.050005436632268765 0.050010605905147602 0.05000430608278425 -0.050036683404487338 0.050004618688572589 0.050005049185867616 0.050006345160005718 -0.050011711326353694 0.050004557317893397 -0.050007453301020792 0.050003378144017119 -0.050007978477992793 0.050004035456526236
leaf_weight=0.0057872373145073644 0.0031561633823002913 0.011748314602300525 0.01922198140528053 0.0014071762561798087 0.0057698364180396302 0.0029880854999646536 0.0031783048762008539 0.013011767412535846 0.037660480733393342 0.0014892560429871074 0.020700010176369688 0.001102762413211166 0.030364519345312146 0.037242918973788619
leaf_count=4 81 7 8 1 36 2 2 7 739 1 444 1 696 30
internal_value=-0.000123953 0.00885384 0.0270846 -0.0111447 -0.0208251 -0.0268225 -0.0419265 0.0304832 -0.0371049 -0.0435713 -0.0436415 -0.0471664 -0.0500126 0.0500063
internal_weight=0.194829 0.145801 0.0903204 0.0338555 0.0554806 0.0490278 0.0393127 0.0161679 0.0432406 0.0402525 0.0221072 0.0387632 0.0361344 0.0564649
internal_count=2059 1312 490 452 822 747 734 88 743 741 445 740 732 38
is_linear=0
shrinkage=0.05


end of trees

feature_importances:
Column_2=239
Column_0=184
Column_29=182
Column_8=178
Column_27=128
Column_3=126
Column_11=124
Column_9=117
Column_20=110
Column_26=105
Column_25=94
Column_5=76
Column_21=75
Column_23=75
Column_17=69
Column_24=69
Column_22=63
Column_12=62
Column_19=54
Column_6=51
Column_4=50
Column_28=50
Column_18=40
Column_7=27
Column_10=25
Column_1=22
Column_13=21
Column_15=16
Column_16=10
Column_14=9

parameters:
[boosting: gbdt]
[objective: binary]
[metric: binary_logloss]
[tree_learner: serial]
[device_type: cpu]
[data_sample_strategy: bagging]
[data: ]
[valid: ]
[num_iterations: 180]
[learning_rate: 0.05]
[num_leaves: 15]
[num_threads: 1]
[seed: 20266208]
[deterministic: 1]
[force_col_wise: 1]
[force_row_wise: 0]
[histogram_pool_size: -1]
[max_depth: 5]
[min_data_in_leaf: 10]
[min_sum_hessian_in_leaf: 0.001]
[bagging_fraction: 1]
[pos_bagging_fraction: 1]
[neg_bagging_fraction: 1]
[bagging_freq: 0]
[bagging_seed: 5697]
[bagging_by_query: 0]
[feature_fraction: 1]
[feature_fraction_bynode: 1]
[feature_fraction_seed: 4483]
[extra_trees: 0]
[extra_seed: 30128]
[early_stopping_round: 0]
[early_stopping_min_delta: 0]
[first_metric_only: 0]
[max_delta_step: 0]
[lambda_l1: 0]
[lambda_l2: 0]
[linear_lambda: 0]
[min_gain_to_split: 0]
[drop_rate: 0.1]
[max_drop: 50]
[skip_drop: 0.5]
[xgboost_dart_mode: 0]
[uniform_drop: 0]
[drop_seed: 18383]
[top_rate: 0.2]
[other_rate: 0.1]
[min_data_per_group: 100]
[max_cat_threshold: 32]
[cat_l2: 10]
[cat_smooth: 10]
[max_cat_to_onehot: 4]
[top_k: 20]
[monotone_constraints: ]
[monotone_constraints_method: basic]
[monotone_penalty: 0]
[feature_contri: ]
[forcedsplits_filename: ]
[refit_decay_rate: 0.9]
[cegb_tradeoff: 1]
[cegb_penalty_split: 0]
[cegb_penalty_feature_lazy: ]
[cegb_penalty_feature_coupled: ]
[path_smooth: 0]
[interaction_constraints: ]
[verbosity: -1]
[saved_feature_importance_type: 0]
[use_quantized_grad: 0]
[num_grad_quant_bins: 4]
[quant_train_renew_leaf: 0]
[stochastic_rounding: 1]
[linear_tree: 0]
[max_bin: 255]
[max_bin_by_feature: ]
[min_data_in_bin: 3]
[bin_construct_sample_cnt: 200000]
[data_random_seed: 22354]
[is_enable_sparse: 1]
[enable_bundle: 1]
[use_missing: 1]
[zero_as_missing: 0]
[feature_pre_filter: 1]
[pre_partition: 0]
[two_round: 0]
[header: 0]
[label_column: ]
[weight_column: ]
[group_column: ]
[ignore_column: ]
[categorical_feature: ]
[forcedbins_filename: ]
[precise_float_parser: 0]
[parser_config_file: ]
[objective_seed: 23808]
[num_class: 1]
[is_unbalance: 0]
[scale_pos_weight: 1]
[sigmoid: 1]
[boost_from_average: 1]
[reg_sqrt: 0]
[alpha: 0.9]
[fair_c: 1]
[poisson_max_delta_step: 0.7]
[tweedie_variance_power: 1.5]
[lambdarank_truncation_level: 30]
[lambdarank_norm: 1]
[label_gain: ]
[lambdarank_position_bias_regularization: 0]
[eval_at: ]
[multi_error_top_k: 1]
[auc_mu_weights: ]
[num_machines: 1]
[local_listen_port: 12400]
[time_out: 120]
[machine_list_filename: ]
[machines: ]
[gpu_platform_id: -1]
[gpu_device_id: -1]
[gpu_device_id_list: ]
[gpu_use_dp: 0]
[num_gpu: 1]

end of parameters

pandas_categorical:null
