group,label,start,score,warning,run_count,run_alarm_trigger,fold,warning_threshold,markov_k,upper_k
normal_1,0,0,0.00037023178,0,0,0,1,0.017480000853538513,9,23
normal_1,0,7,0.0013890893,0,0,0,1,0.017480000853538513,9,23
normal_1,0,14,0.00055264245,0,0,0,1,0.017480000853538513,9,23
normal_1,0,21,0.00047765326,0,0,0,1,0.017480000853538513,9,23
normal_3,0,0,0.0009452713,0,0,0,1,0.017480000853538513,9,23
normal_3,0,7,0.00081004226,0,0,0,1,0.017480000853538513,9,23
normal_8,0,0,0.0010331057,0,0,0,1,0.017480000853538513,9,23
normal_8,0,7,0.00078751246,0,0,0,1,0.017480000853538513,9,23
normal_8,0,14,0.0017732682,0,0,0,1,0.017480000853538513,9,23
normal_8,0,21,0.0022564856,0,0,0,1,0.017480000853538513,9,23
normal_51,0,0,0.00077005976,0,0,0,1,0.017480000853538513,9,23
normal_51,0,7,0.0012945419,0,0,0,1,0.017480000853538513,9,23
normal_56,0,0,0.00042783612,0,0,0,1,0.017480000853538513,9,23
normal_56,0,7,0.00037333835,0,0,0,1,0.017480000853538513,9,23
normal_56,0,14,0.07810439,1,1,0,1,0.017480000853538513,9,23
normal_56,0,21,0.0013221035,0,0,0,1,0.017480000853538513,9,23
normal_56,0,28,0.0004892013,0,0,0,1,0.017480000853538513,9,23
normal_56,0,35,0.0003751275,0,0,0,1,0.017480000853538513,9,23
normal_58,0,0,0.00081826217,0,0,0,1,0.017480000853538513,9,23
normal_58,0,7,0.00055713137,0,0,0,1,0.017480000853538513,9,23
normal_58,0,14,0.0005619649,0,0,0,1,0.017480000853538513,9,23
normal_58,0,21,0.00092402106,0,0,0,1,0.017480000853538513,9,23
normal_58,0,28,0.0013414908,0,0,0,1,0.017480000853538513,9,23
normal_58,0,35,0.0006598809,0,0,0,1,0.017480000853538513,9,23
normal_62,0,0,0.0018093196,0,0,0,1,0.017480000853538513,9,23
normal_62,0,7,0.00080032804,0,0,0,1,0.017480000853538513,9,23
normal_62,0,14,0.0009702473,0,0,0,1,0.017480000853538513,9,23
normal_62,0,21,0.0011828966,0,0,0,1,0.017480000853538513,9,23
normal_62,0,28,0.0013804348,0,0,0,1,0.017480000853538513,9,23
normal_62,0,35,0.0012289002,0,0,0,1,0.017480000853538513,9,23
normal_71,0,0,0.00052268273,0,0,0,1,0.017480000853538513,9,23
normal_71,0,7,0.0005727933,0,0,0,1,0.017480000853538513,9,23
normal_71,0,14,0.00055481616,0,0,0,1,0.017480000853538513,9,23
normal_71,0,21,0.00049420993,0,0,0,1,0.017480000853538513,9,23
normal_71,0,28,0.0005370076,0,0,0,1,0.017480000853538513,9,23
normal_71,0,35,0.000777864,0,0,0,1,0.017480000853538513,9,23
normal_77,0,0,0.0008112171,0,0,0,1,0.017480000853538513,9,23
normal_77,0,7,0.0005141106,0,0,0,1,0.017480000853538513,9,23
normal_77,0,14,0.000440794,0,0,0,1,0.017480000853538513,9,23
normal_77,0,21,0.0008245737,0,0,0,1,0.017480000853538513,9,23
normal_77,0,28,0.00048589817,0,0,0,1,0.017480000853538513,9,23
normal_77,0,35,0.00095764647,0,0,0,1,0.017480000853538513,9,23
normal_79,0,0,0.0011626058,0,0,0,1,0.017480000853538513,9,23
normal_79,0,7,0.00061064615,0,0,0,1,0.017480000853538513,9,23
normal_79,0,14,0.001100892,0,0,0,1,0.017480000853538513,9,23
normal_79,0,21,0.0029864614,0,0,0,1,0.017480000853538513,9,23
normal_79,0,28,0.002164254,0,0,0,1,0.017480000853538513,9,23
normal_79,0,35,0.0007213153,0,0,0,1,0.017480000853538513,9,23
normal_86,0,0,0.00088483817,0,0,0,1,0.017480000853538513,9,23
normal_86,0,7,0.0010100459,0,0,0,1,0.017480000853538513,9,23
normal_86,0,14,0.0014935895,0,0,0,1,0.017480000853538513,9,23
normal_86,0,21,0.0022246544,0,0,0,1,0.017480000853538513,9,23
normal_86,0,28,0.00076557824,0,0,0,1,0.017480000853538513,9,23
normal_87,0,0,0.0009523423,0,0,0,1,0.017480000853538513,9,23
normal_87,0,7,0.0011258922,0,0,0,1,0.017480000853538513,9,23
normal_87,0,14,0.0007896692,0,0,0,1,0.017480000853538513,9,23
normal_95,0,0,0.0006972266,0,0,0,1,0.017480000853538513,9,23
normal_95,0,7,0.0004465724,0,0,0,1,0.017480000853538513,9,23
normal_95,0,14,0.0003526986,0,0,0,1,0.017480000853538513,9,23
normal_95,0,21,0.0006686402,0,0,0,1,0.017480000853538513,9,23
normal_95,0,28,0.00458881,0,0,0,1,0.017480000853538513,9,23
normal_95,0,35,0.0009025167,0,0,0,1,0.017480000853538513,9,23
normal_99,0,0,0.0010315272,0,0,0,1,0.017480000853538513,9,23
normal_99,0,7,0.0013036925,0,0,0,1,0.017480000853538513,9,23
normal_102,0,0,0.0017044602,0,0,0,1,0.017480000853538513,9,23
normal_102,0,7,0.0015513138,0,0,0,1,0.017480000853538513,9,23
normal_102,0,14,0.0035484806,0,0,0,1,0.017480000853538513,9,23
normal_102,0,21,0.00049705995,0,0,0,1,0.017480000853538513,9,23
normal_102,0,28,0.0015108867,0,0,0,1,0.017480000853538513,9,23
normal_102,0,35,0.00061435543,0,0,0,1,0.017480000853538513,9,23
normal_103,0,0,0.001040377,0,0,0,1,0.017480000853538513,9,23
normal_103,0,7,0.00053285237,0,0,0,1,0.017480000853538513,9,23
normal_103,0,14,0.00060768775,0,0,0,1,0.017480000853538513,9,23
normal_103,0,21,0.0005979132,0,0,0,1,0.017480000853538513,9,23
normal_103,0,28,0.0009305076,0,0,0,1,0.017480000853538513,9,23
normal_115,0,0,0.00033325303,0,0,0,1,0.017480000853538513,9,23
normal_115,0,7,0.00035965073,0,0,0,1,0.017480000853538513,9,23
normal_115,0,14,0.000906469,0,0,0,1,0.017480000853538513,9,23
normal_115,0,21,0.0006795222,0,0,0,1,0.017480000853538513,9,23
normal_130,0,0,0.006960779,0,0,0,1,0.017480000853538513,9,23
normal_147,0,0,0.015479459,0,0,0,1,0.017480000853538513,9,23
normal_147,0,7,0.0014073927,0,0,0,1,0.017480000853538513,9,23
normal_147,0,14,0.0013126645,0,0,0,1,0.017480000853538513,9,23
normal_147,0,21,0.0032860332,0,0,0,1,0.017480000853538513,9,23
normal_160,0,0,0.00084573845,0,0,0,1,0.017480000853538513,9,23
normal_160,0,7,0.0008488338,0,0,0,1,0.017480000853538513,9,23
normal_160,0,14,0.0010106122,0,0,0,1,0.017480000853538513,9,23
normal_160,0,21,0.0009787678,0,0,0,1,0.017480000853538513,9,23
normal_160,0,28,0.00079377415,0,0,0,1,0.017480000853538513,9,23
normal_160,0,35,0.00079665787,0,0,0,1,0.017480000853538513,9,23
normal_167,0,0,0.00038407178,0,0,0,1,0.017480000853538513,9,23
normal_167,0,7,0.00050089485,0,0,0,1,0.017480000853538513,9,23
normal_167,0,14,0.00056701835,0,0,0,1,0.017480000853538513,9,23
normal_173,0,0,0.002773109,0,0,0,1,0.017480000853538513,9,23
normal_173,0,7,0.0029456276,0,0,0,1,0.017480000853538513,9,23
normal_177,0,0,0.0003711605,0,0,0,1,0.017480000853538513,9,23
normal_177,0,7,0.0005601822,0,0,0,1,0.017480000853538513,9,23
normal_177,0,14,0.0073725153,0,0,0,1,0.017480000853538513,9,23
normal_177,0,21,0.00045792753,0,0,0,1,0.017480000853538513,9,23
normal_177,0,28,0.0011570796,0,0,0,1,0.017480000853538513,9,23
normal_177,0,35,0.00038680277,0,0,0,1,0.017480000853538513,9,23
normal_178,0,0,0.0013443218,0,0,0,1,0.017480000853538513,9,23
normal_178,0,7,0.0023347016,0,0,0,1,0.017480000853538513,9,23
normal_178,0,14,0.0027367792,0,0,0,1,0.017480000853538513,9,23
normal_178,0,21,0.0016641984,0,0,0,1,0.017480000853538513,9,23
normal_178,0,28,0.0020787616,0,0,0,1,0.017480000853538513,9,23
normal_183,0,0,0.0009004922,0,0,0,1,0.017480000853538513,9,23
normal_183,0,7,0.000732938,0,0,0,1,0.017480000853538513,9,23
normal_183,0,14,0.0011117253,0,0,0,1,0.017480000853538513,9,23
normal_183,0,21,0.00066715485,0,0,0,1,0.017480000853538513,9,23
normal_183,0,28,0.00068616396,0,0,0,1,0.017480000853538513,9,23
normal_185,0,0,0.0008234233,0,0,0,1,0.017480000853538513,9,23
normal_185,0,7,0.0013162399,0,0,0,1,0.017480000853538513,9,23
normal_185,0,14,0.0011488452,0,0,0,1,0.017480000853538513,9,23
normal_188,0,0,0.0022126334,0,0,0,1,0.017480000853538513,9,23
normal_188,0,7,0.004684203,0,0,0,1,0.017480000853538513,9,23
normal_188,0,14,0.00088518555,0,0,0,1,0.017480000853538513,9,23
normal_188,0,21,0.0007402622,0,0,0,1,0.017480000853538513,9,23
normal_188,0,28,0.0023489045,0,0,0,1,0.017480000853538513,9,23
normal_188,0,35,0.0022785747,0,0,0,1,0.017480000853538513,9,23
normal_190,0,0,0.00058049604,0,0,0,1,0.017480000853538513,9,23
normal_190,0,7,0.0012137602,0,0,0,1,0.017480000853538513,9,23
normal_190,0,14,0.0005298442,0,0,0,1,0.017480000853538513,9,23
normal_190,0,21,0.0005068308,0,0,0,1,0.017480000853538513,9,23
normal_206,0,0,0.0024646958,0,0,0,1,0.017480000853538513,9,23
normal_206,0,7,0.0005955901,0,0,0,1,0.017480000853538513,9,23
normal_206,0,14,0.00060942955,0,0,0,1,0.017480000853538513,9,23
normal_207,0,0,0.00056880433,0,0,0,1,0.017480000853538513,9,23
normal_207,0,7,0.0007952266,0,0,0,1,0.017480000853538513,9,23
normal_212,0,0,0.0004943473,0,0,0,1,0.017480000853538513,9,23
normal_212,0,7,0.00078819756,0,0,0,1,0.017480000853538513,9,23
normal_212,0,14,0.0024865144,0,0,0,1,0.017480000853538513,9,23
normal_212,0,21,0.0017220825,0,0,0,1,0.017480000853538513,9,23
normal_212,0,28,0.0004922891,0,0,0,1,0.017480000853538513,9,23
normal_212,0,35,0.0023696509,0,0,0,1,0.017480000853538513,9,23
normal_223,0,0,0.0005021699,0,0,0,1,0.017480000853538513,9,23
normal_223,0,7,0.0005646023,0,0,0,1,0.017480000853538513,9,23
normal_223,0,14,0.00048751337,0,0,0,1,0.017480000853538513,9,23
normal_223,0,21,0.000740926,0,0,0,1,0.017480000853538513,9,23
normal_223,0,28,0.00067581225,0,0,0,1,0.017480000853538513,9,23
normal_223,0,35,0.0004664944,0,0,0,1,0.017480000853538513,9,23
normal_224,0,0,0.011061378,0,0,0,1,0.017480000853538513,9,23
normal_224,0,7,0.00381909,0,0,0,1,0.017480000853538513,9,23
normal_224,0,14,0.007120586,0,0,0,1,0.017480000853538513,9,23
normal_224,0,21,0.0020703548,0,0,0,1,0.017480000853538513,9,23
normal_225,0,0,0.0006992409,0,0,0,1,0.017480000853538513,9,23
normal_225,0,7,0.00044232345,0,0,0,1,0.017480000853538513,9,23
normal_225,0,14,0.0006710447,0,0,0,1,0.017480000853538513,9,23
normal_229,0,0,0.0008535595,0,0,0,1,0.017480000853538513,9,23
normal_229,0,7,0.0013209821,0,0,0,1,0.017480000853538513,9,23
normal_229,0,14,0.0009783091,0,0,0,1,0.017480000853538513,9,23
normal_229,0,21,0.0011569919,0,0,0,1,0.017480000853538513,9,23
normal_229,0,28,0.00050512154,0,0,0,1,0.017480000853538513,9,23
normal_229,0,35,0.00094006746,0,0,0,1,0.017480000853538513,9,23
normal_237,0,0,0.0009415725,0,0,0,1,0.017480000853538513,9,23
normal_237,0,7,0.00068616396,0,0,0,1,0.017480000853538513,9,23
normal_243,0,0,0.0018416676,0,0,0,1,0.017480000853538513,9,23
normal_243,0,7,0.000345814,0,0,0,1,0.017480000853538513,9,23
normal_243,0,14,0.014508112,0,0,0,1,0.017480000853538513,9,23
normal_246,0,0,0.0011088654,0,0,0,1,0.017480000853538513,9,23
normal_246,0,7,0.0010406694,0,0,0,1,0.017480000853538513,9,23
normal_246,0,14,0.0011913696,0,0,0,1,0.017480000853538513,9,23
normal_246,0,21,0.0012005944,0,0,0,1,0.017480000853538513,9,23
normal_246,0,28,0.0012526679,0,0,0,1,0.017480000853538513,9,23
normal_246,0,35,0.0022488057,0,0,0,1,0.017480000853538513,9,23
normal_258,0,0,0.0031038402,0,0,0,1,0.017480000853538513,9,23
normal_258,0,7,0.0025540541,0,0,0,1,0.017480000853538513,9,23
normal_258,0,14,0.001413414,0,0,0,1,0.017480000853538513,9,23
normal_258,0,21,0.0013385364,0,0,0,1,0.017480000853538513,9,23
normal_258,0,28,0.00087751,0,0,0,1,0.017480000853538513,9,23
normal_258,0,35,0.0013405815,0,0,0,1,0.017480000853538513,9,23
normal_260,0,0,0.00065216544,0,0,0,1,0.017480000853538513,9,23
normal_260,0,7,0.0015641005,0,0,0,1,0.017480000853538513,9,23
normal_260,0,14,0.0025442601,0,0,0,1,0.017480000853538513,9,23
normal_265,0,0,0.00035671244,0,0,0,1,0.017480000853538513,9,23
normal_265,0,7,0.0005634215,0,0,0,1,0.017480000853538513,9,23
normal_265,0,14,0.0005161579,0,0,0,1,0.017480000853538513,9,23
normal_265,0,21,0.012291776,0,0,0,1,0.017480000853538513,9,23
normal_265,0,28,0.0007290999,0,0,0,1,0.017480000853538513,9,23
normal_265,0,35,0.0068170326,0,0,0,1,0.017480000853538513,9,23
normal_266,0,0,0.0013863286,0,0,0,1,0.017480000853538513,9,23
normal_266,0,7,0.01516619,0,0,0,1,0.017480000853538513,9,23
normal_266,0,14,0.00036263242,0,0,0,1,0.017480000853538513,9,23
normal_266,0,21,0.00042121237,0,0,0,1,0.017480000853538513,9,23
normal_266,0,28,0.00087221665,0,0,0,1,0.017480000853538513,9,23
normal_266,0,35,0.0003637745,0,0,0,1,0.017480000853538513,9,23
normal_268,0,0,0.00270669,0,0,0,1,0.017480000853538513,9,23
normal_268,0,7,0.00043544435,0,0,0,1,0.017480000853538513,9,23
normal_288,0,0,0.0006772891,0,0,0,1,0.017480000853538513,9,23
normal_288,0,7,0.00068616396,0,0,0,1,0.017480000853538513,9,23
normal_288,0,14,0.0010863116,0,0,0,1,0.017480000853538513,9,23
normal_288,0,21,0.0017703435,0,0,0,1,0.017480000853538513,9,23
normal_288,0,28,0.0008562906,0,0,0,1,0.017480000853538513,9,23
normal_288,0,35,0.0006736186,0,0,0,1,0.017480000853538513,9,23
normal_294,0,0,0.00187822,0,0,0,1,0.017480000853538513,9,23
normal_294,0,7,0.0012283548,0,0,0,1,0.017480000853538513,9,23
normal_294,0,14,0.0005480745,0,0,0,1,0.017480000853538513,9,23
normal_294,0,21,0.0006247313,0,0,0,1,0.017480000853538513,9,23
normal_294,0,28,0.0010812032,0,0,0,1,0.017480000853538513,9,23
normal_294,0,35,0.0017818926,0,0,0,1,0.017480000853538513,9,23
normal_299,0,0,0.0053527374,0,0,0,1,0.017480000853538513,9,23
normal_299,0,7,0.0045724814,0,0,0,1,0.017480000853538513,9,23
normal_299,0,14,0.0004093288,0,0,0,1,0.017480000853538513,9,23
normal_299,0,21,0.00036282258,0,0,0,1,0.017480000853538513,9,23
normal_299,0,28,0.0007941993,0,0,0,1,0.017480000853538513,9,23
normal_299,0,35,0.0015071493,0,0,0,1,0.017480000853538513,9,23
normal_304,0,0,0.005458498,0,0,0,1,0.017480000853538513,9,23
normal_304,0,7,0.016090196,0,0,0,1,0.017480000853538513,9,23
normal_304,0,14,0.0448324,1,1,0,1,0.017480000853538513,9,23
normal_304,0,21,0.00052509137,0,0,0,1,0.017480000853538513,9,23
normal_304,0,28,0.0005020237,0,0,0,1,0.017480000853538513,9,23
normal_304,0,35,0.0011414025,0,0,0,1,0.017480000853538513,9,23
normal_305,0,0,0.0013829574,0,0,0,1,0.017480000853538513,9,23
normal_305,0,7,0.001582862,0,0,0,1,0.017480000853538513,9,23
normal_305,0,14,0.0007830272,0,0,0,1,0.017480000853538513,9,23
normal_305,0,21,0.0016749669,0,0,0,1,0.017480000853538513,9,23
normal_305,0,28,0.00093437755,0,0,0,1,0.017480000853538513,9,23
normal_305,0,35,0.001347907,0,0,0,1,0.017480000853538513,9,23
normal_310,0,0,0.0006466567,0,0,0,1,0.017480000853538513,9,23
normal_310,0,7,0.0019371695,0,0,0,1,0.017480000853538513,9,23
normal_310,0,14,0.002960276,0,0,0,1,0.017480000853538513,9,23
normal_310,0,21,0.001007595,0,0,0,1,0.017480000853538513,9,23
normal_310,0,28,0.0009871767,0,0,0,1,0.017480000853538513,9,23
normal_310,0,35,0.0005619649,0,0,0,1,0.017480000853538513,9,23
normal_311,0,0,0.00046438255,0,0,0,1,0.017480000853538513,9,23
normal_311,0,7,0.00049537775,0,0,0,1,0.017480000853538513,9,23
normal_311,0,14,0.00065413595,0,0,0,1,0.017480000853538513,9,23
normal_311,0,21,0.0007360258,0,0,0,1,0.017480000853538513,9,23
normal_311,0,28,0.0012698662,0,0,0,1,0.017480000853538513,9,23
normal_311,0,35,0.0012275361,0,0,0,1,0.017480000853538513,9,23
normal_349,0,0,0.0006814945,0,0,0,1,0.017480000853538513,9,23
normal_349,0,7,0.0006917366,0,0,0,1,0.017480000853538513,9,23
normal_349,0,14,0.0008774929,0,0,0,1,0.017480000853538513,9,23
normal_349,0,21,0.0026827585,0,0,0,1,0.017480000853538513,9,23
normal_349,0,28,0.00065619615,0,0,0,1,0.017480000853538513,9,23
normal_349,0,35,0.0005157701,0,0,0,1,0.017480000853538513,9,23
normal_356,0,0,0.004259442,0,0,0,1,0.017480000853538513,9,23
normal_356,0,7,0.0010432648,0,0,0,1,0.017480000853538513,9,23
normal_356,0,14,0.0006432695,0,0,0,1,0.017480000853538513,9,23
normal_356,0,21,0.001168606,0,0,0,1,0.017480000853538513,9,23
normal_356,0,28,0.0024117231,0,0,0,1,0.017480000853538513,9,23
normal_363,0,0,0.0016081465,0,0,0,1,0.017480000853538513,9,23
normal_363,0,7,0.00042783612,0,0,0,1,0.017480000853538513,9,23
normal_363,0,14,0.0005569543,0,0,0,1,0.017480000853538513,9,23
normal_367,0,0,0.07454979,1,1,0,1,0.017480000853538513,9,23
normal_367,0,7,0.0030059747,0,0,0,1,0.017480000853538513,9,23
normal_367,0,14,0.00054809777,0,0,0,1,0.017480000853538513,9,23
normal_367,0,21,0.0005481291,0,0,0,1,0.017480000853538513,9,23
normal_367,0,28,0.0009243213,0,0,0,1,0.017480000853538513,9,23
normal_367,0,35,0.0022508511,0,0,0,1,0.017480000853538513,9,23
normal_387,0,0,0.006937048,0,0,0,1,0.017480000853538513,9,23
normal_387,0,7,0.0005351576,0,0,0,1,0.017480000853538513,9,23
normal_390,0,0,0.00045708363,0,0,0,1,0.017480000853538513,9,23
normal_390,0,7,0.0007700936,0,0,0,1,0.017480000853538513,9,23
normal_390,0,14,0.0007510329,0,0,0,1,0.017480000853538513,9,23
normal_390,0,21,0.0015422638,0,0,0,1,0.017480000853538513,9,23
normal_390,0,28,0.00079021417,0,0,0,1,0.017480000853538513,9,23
normal_390,0,35,0.027798347,1,1,0,1,0.017480000853538513,9,23
normal_392,0,0,0.0019264311,0,0,0,1,0.017480000853538513,9,23
normal_392,0,7,0.004046086,0,0,0,1,0.017480000853538513,9,23
normal_392,0,14,0.0012543872,0,0,0,1,0.017480000853538513,9,23
normal_392,0,21,0.0021990384,0,0,0,1,0.017480000853538513,9,23
normal_397,0,0,0.0099198595,0,0,0,1,0.017480000853538513,9,23
normal_397,0,7,0.0009948252,0,0,0,1,0.017480000853538513,9,23
normal_397,0,14,0.0032445954,0,0,0,1,0.017480000853538513,9,23
normal_397,0,21,0.0063738995,0,0,0,1,0.017480000853538513,9,23
normal_397,0,28,0.0026241627,0,0,0,1,0.017480000853538513,9,23
normal_398,0,0,0.0005848818,0,0,0,1,0.017480000853538513,9,23
normal_398,0,7,0.00065424875,0,0,0,1,0.017480000853538513,9,23
normal_398,0,14,0.00076974434,0,0,0,1,0.017480000853538513,9,23
normal_403,0,0,0.0010800445,0,0,0,1,0.017480000853538513,9,23
normal_403,0,7,0.0009995012,0,0,0,1,0.017480000853538513,9,23
normal_403,0,14,0.0009068845,0,0,0,1,0.017480000853538513,9,23
normal_404,0,0,0.005980097,0,0,0,1,0.017480000853538513,9,23
normal_406,0,0,0.0045916922,0,0,0,1,0.017480000853538513,9,23
normal_406,0,7,0.0014641797,0,0,0,1,0.017480000853538513,9,23
normal_406,0,14,0.0005453759,0,0,0,1,0.017480000853538513,9,23
normal_406,0,21,0.012401736,0,0,0,1,0.017480000853538513,9,23
normal_406,0,28,0.0018957983,0,0,0,1,0.017480000853538513,9,23
normal_406,0,35,0.0011673038,0,0,0,1,0.017480000853538513,9,23
normal_408,0,0,0.002361499,0,0,0,1,0.017480000853538513,9,23
normal_408,0,7,0.0014389257,0,0,0,1,0.017480000853538513,9,23
normal_408,0,14,0.0013170512,0,0,0,1,0.017480000853538513,9,23
normal_408,0,21,0.0020504908,0,0,0,1,0.017480000853538513,9,23
normal_411,0,0,0.0018955447,0,0,0,1,0.017480000853538513,9,23
normal_411,0,7,0.00058291556,0,0,0,1,0.017480000853538513,9,23
normal_411,0,14,0.0055925897,0,0,0,1,0.017480000853538513,9,23
normal_411,0,21,0.0005603103,0,0,0,1,0.017480000853538513,9,23
normal_411,0,28,0.0030156046,0,0,0,1,0.017480000853538513,9,23
normal_411,0,35,0.0006012635,0,0,0,1,0.017480000853538513,9,23
normal_421,0,0,0.009494566,0,0,0,1,0.017480000853538513,9,23
normal_421,0,7,0.00056476786,0,0,0,1,0.017480000853538513,9,23
normal_426,0,0,0.0006734963,0,0,0,1,0.017480000853538513,9,23
normal_426,0,7,0.0064495355,0,0,0,1,0.017480000853538513,9,23
normal_428,0,0,0.00042566072,0,0,0,1,0.017480000853538513,9,23
normal_428,0,7,0.00050526316,0,0,0,1,0.017480000853538513,9,23
normal_428,0,14,0.0004197449,0,0,0,1,0.017480000853538513,9,23
normal_428,0,21,0.0010702687,0,0,0,1,0.017480000853538513,9,23
normal_428,0,28,0.0013200288,0,0,0,1,0.017480000853538513,9,23
normal_428,0,35,0.0008465334,0,0,0,1,0.017480000853538513,9,23
normal_430,0,0,0.008550424,0,0,0,1,0.017480000853538513,9,23
normal_430,0,7,0.0018303207,0,0,0,1,0.017480000853538513,9,23
normal_430,0,14,0.0028933766,0,0,0,1,0.017480000853538513,9,23
normal_430,0,21,0.0012445457,0,0,0,1,0.017480000853538513,9,23
normal_451,0,0,0.00048553725,0,0,0,1,0.017480000853538513,9,23
normal_451,0,7,0.0034759983,0,0,0,1,0.017480000853538513,9,23
normal_451,0,14,0.0027828298,0,0,0,1,0.017480000853538513,9,23
normal_451,0,21,0.00054204883,0,0,0,1,0.017480000853538513,9,23
normal_451,0,28,0.0005961924,0,0,0,1,0.017480000853538513,9,23
normal_453,0,0,0.21502547,1,1,0,1,0.017480000853538513,9,23
normal_453,0,7,0.00049637293,0,0,0,1,0.017480000853538513,9,23
normal_463,0,0,0.003500871,0,0,0,1,0.017480000853538513,9,23
normal_463,0,7,0.006674853,0,0,0,1,0.017480000853538513,9,23
normal_463,0,14,0.00054304505,0,0,0,1,0.017480000853538513,9,23
normal_469,0,0,0.0003994362,0,0,0,1,0.017480000853538513,9,23
normal_469,0,7,0.00033244386,0,0,0,1,0.017480000853538513,9,23
normal_469,0,14,0.00037546078,0,0,0,1,0.017480000853538513,9,23
normal_469,0,21,0.00046193908,0,0,0,1,0.017480000853538513,9,23
normal_473,0,0,0.0017738795,0,0,0,1,0.017480000853538513,9,23
normal_473,0,7,0.0011242202,0,0,0,1,0.017480000853538513,9,23
normal_473,0,14,0.0012144037,0,0,0,1,0.017480000853538513,9,23
normal_473,0,21,0.0010278564,0,0,0,1,0.017480000853538513,9,23
normal_473,0,28,0.0023859616,0,0,0,1,0.017480000853538513,9,23
normal_473,0,35,0.0013176522,0,0,0,1,0.017480000853538513,9,23
normal_475,0,0,0.0010083906,0,0,0,1,0.017480000853538513,9,23
normal_475,0,7,0.0027001207,0,0,0,1,0.017480000853538513,9,23
normal_475,0,14,0.0034135673,0,0,0,1,0.017480000853538513,9,23
normal_475,0,21,0.0007657592,0,0,0,1,0.017480000853538513,9,23
normal_485,0,0,0.001096164,0,0,0,1,0.017480000853538513,9,23
normal_485,0,7,0.001469238,0,0,0,1,0.017480000853538513,9,23
normal_485,0,14,0.0011555667,0,0,0,1,0.017480000853538513,9,23
normal_485,0,21,0.0013124656,0,0,0,1,0.017480000853538513,9,23
normal_485,0,28,0.0010896174,0,0,0,1,0.017480000853538513,9,23
normal_488,0,0,0.004275246,0,0,0,1,0.017480000853538513,9,23
normal_488,0,7,0.0014995729,0,0,0,1,0.017480000853538513,9,23
normal_488,0,14,0.0029096317,0,0,0,1,0.017480000853538513,9,23
normal_508,0,0,0.0021193437,0,0,0,1,0.017480000853538513,9,23
normal_508,0,7,0.0012120925,0,0,0,1,0.017480000853538513,9,23
normal_511,0,0,0.0017964373,0,0,0,1,0.017480000853538513,9,23
normal_511,0,7,0.0021338246,0,0,0,1,0.017480000853538513,9,23
normal_511,0,14,0.0048619,0,0,0,1,0.017480000853538513,9,23
normal_511,0,21,0.0024619095,0,0,0,1,0.017480000853538513,9,23
normal_511,0,28,0.0012044981,0,0,0,1,0.017480000853538513,9,23
normal_511,0,35,0.001159153,0,0,0,1,0.017480000853538513,9,23
normal_526,0,0,0.0010068724,0,0,0,1,0.017480000853538513,9,23
normal_526,0,7,0.0010507156,0,0,0,1,0.017480000853538513,9,23
normal_526,0,14,0.0010921614,0,0,0,1,0.017480000853538513,9,23
normal_526,0,21,0.0013596151,0,0,0,1,0.017480000853538513,9,23
normal_526,0,28,0.0011170411,0,0,0,1,0.017480000853538513,9,23
normal_526,0,35,0.0010917619,0,0,0,1,0.017480000853538513,9,23
normal_529,0,0,0.00116374,0,0,0,1,0.017480000853538513,9,23
normal_529,0,7,0.0013384599,0,0,0,1,0.017480000853538513,9,23
normal_545,0,0,0.0018141433,0,0,0,1,0.017480000853538513,9,23
normal_545,0,7,0.0012434621,0,0,0,1,0.017480000853538513,9,23
normal_545,0,14,0.0015195155,0,0,0,1,0.017480000853538513,9,23
normal_545,0,21,0.001044094,0,0,0,1,0.017480000853538513,9,23
normal_549,0,0,0.0013120982,0,0,0,1,0.017480000853538513,9,23
normal_549,0,7,0.0013120982,0,0,0,1,0.017480000853538513,9,23
normal_549,0,14,0.0011306254,0,0,0,1,0.017480000853538513,9,23
normal_549,0,21,0.0016669735,0,0,0,1,0.017480000853538513,9,23
normal_549,0,28,0.001134825,0,0,0,1,0.017480000853538513,9,23
normal_549,0,35,0.0015790919,0,0,0,1,0.017480000853538513,9,23
normal_550,0,0,0.003996218,0,0,0,1,0.017480000853538513,9,23
normal_550,0,7,0.0009336567,0,0,0,1,0.017480000853538513,9,23
normal_550,0,14,0.00076392246,0,0,0,1,0.017480000853538513,9,23
normal_550,0,21,0.0010901142,0,0,0,1,0.017480000853538513,9,23
normal_550,0,28,0.0011795807,0,0,0,1,0.017480000853538513,9,23
normal_551,0,0,0.0013045246,0,0,0,1,0.017480000853538513,9,23
normal_551,0,7,0.0010867397,0,0,0,1,0.017480000853538513,9,23
normal_551,0,14,0.0015128282,0,0,0,1,0.017480000853538513,9,23
normal_551,0,21,0.001681037,0,0,0,1,0.017480000853538513,9,23
normal_551,0,28,0.0014035371,0,0,0,1,0.017480000853538513,9,23
normal_556,0,0,0.00096255506,0,0,0,1,0.017480000853538513,9,23
normal_556,0,7,0.0011177618,0,0,0,1,0.017480000853538513,9,23
normal_556,0,14,0.0036118082,0,0,0,1,0.017480000853538513,9,23
normal_556,0,21,0.0013854555,0,0,0,1,0.017480000853538513,9,23
normal_556,0,28,0.0020640858,0,0,0,1,0.017480000853538513,9,23
normal_556,0,35,0.0023718849,0,0,0,1,0.017480000853538513,9,23
normal_564,0,0,0.005210245,0,0,0,1,0.017480000853538513,9,23
normal_564,0,7,0.00041114632,0,0,0,1,0.017480000853538513,9,23
normal_564,0,14,0.00072017644,0,0,0,1,0.017480000853538513,9,23
normal_564,0,21,0.0014562863,0,0,0,1,0.017480000853538513,9,23
normal_564,0,28,0.000494185,0,0,0,1,0.017480000853538513,9,23
normal_569,0,0,0.0012192363,0,0,0,1,0.017480000853538513,9,23
normal_569,0,7,0.0013310164,0,0,0,1,0.017480000853538513,9,23
normal_569,0,14,0.00092691946,0,0,0,1,0.017480000853538513,9,23
normal_569,0,21,0.0008379406,0,0,0,1,0.017480000853538513,9,23
normal_569,0,28,0.0007763751,0,0,0,1,0.017480000853538513,9,23
normal_569,0,35,0.0010664322,0,0,0,1,0.017480000853538513,9,23
normal_577,0,0,0.0006651655,0,0,0,1,0.017480000853538513,9,23
normal_577,0,7,0.0005041624,0,0,0,1,0.017480000853538513,9,23
normal_577,0,14,0.00055456447,0,0,0,1,0.017480000853538513,9,23
normal_577,0,21,0.0008906301,0,0,0,1,0.017480000853538513,9,23
normal_577,0,28,0.0048603825,0,0,0,1,0.017480000853538513,9,23
normal_580,0,0,0.0006960114,0,0,0,1,0.017480000853538513,9,23
normal_580,0,7,0.00062342425,0,0,0,1,0.017480000853538513,9,23
normal_583,0,0,0.001736888,0,0,0,1,0.017480000853538513,9,23
normal_583,0,7,0.0010781669,0,0,0,1,0.017480000853538513,9,23
normal_583,0,14,0.000711491,0,0,0,1,0.017480000853538513,9,23
normal_583,0,21,0.0007420693,0,0,0,1,0.017480000853538513,9,23
normal_583,0,28,0.0016833143,0,0,0,1,0.017480000853538513,9,23
normal_583,0,35,0.009524591,0,0,0,1,0.017480000853538513,9,23
normal_596,0,0,0.0010179543,0,0,0,1,0.017480000853538513,9,23
normal_596,0,7,0.0009136921,0,0,0,1,0.017480000853538513,9,23
anomaly_12,1,0,0.99926096,1,1,0,1,0.017480000853538513,9,23
anomaly_12,1,7,0.9948645,1,2,0,1,0.017480000853538513,9,23
anomaly_12,1,14,0.8135108,1,3,0,1,0.017480000853538513,9,23
anomaly_12,1,21,0.68137974,1,4,0,1,0.017480000853538513,9,23
anomaly_12,1,28,0.9959629,1,5,0,1,0.017480000853538513,9,23
anomaly_12,1,35,0.99945015,1,6,0,1,0.017480000853538513,9,23
anomaly_14,1,0,0.99893886,1,1,0,1,0.017480000853538513,9,23
anomaly_14,1,7,0.997027,1,2,0,1,0.017480000853538513,9,23
normal_5,0,0,0.0015618756,0,0,0,2,0.026756346225738525,5,10
normal_5,0,7,0.0012482835,0,0,0,2,0.026756346225738525,5,10
normal_5,0,14,0.0009234832,0,0,0,2,0.026756346225738525,5,10
normal_5,0,21,0.001255872,0,0,0,2,0.026756346225738525,5,10
normal_5,0,28,0.0010193479,0,0,0,2,0.026756346225738525,5,10
normal_5,0,35,0.0021023653,0,0,0,2,0.026756346225738525,5,10
normal_6,0,0,0.000542612,0,0,0,2,0.026756346225738525,5,10
normal_6,0,7,0.0011726839,0,0,0,2,0.026756346225738525,5,10
normal_6,0,14,0.0014324636,0,0,0,2,0.026756346225738525,5,10
normal_6,0,21,0.0004960064,0,0,0,2,0.026756346225738525,5,10
normal_6,0,28,0.0005248657,0,0,0,2,0.026756346225738525,5,10
normal_6,0,35,0.0004863692,0,0,0,2,0.026756346225738525,5,10
normal_9,0,0,0.0008014655,0,0,0,2,0.026756346225738525,5,10
normal_9,0,7,0.0004981518,0,0,0,2,0.026756346225738525,5,10
normal_11,0,0,0.0004540499,0,0,0,2,0.026756346225738525,5,10
normal_11,0,7,0.00050728925,0,0,0,2,0.026756346225738525,5,10
normal_11,0,14,0.0013616224,0,0,0,2,0.026756346225738525,5,10
normal_11,0,21,0.00093337917,0,0,0,2,0.026756346225738525,5,10
normal_11,0,28,0.0011773014,0,0,0,2,0.026756346225738525,5,10
normal_11,0,35,0.0004906083,0,0,0,2,0.026756346225738525,5,10
normal_13,0,0,0.00044898983,0,0,0,2,0.026756346225738525,5,10
normal_13,0,7,0.00056569773,0,0,0,2,0.026756346225738525,5,10
normal_13,0,14,0.00050403655,0,0,0,2,0.026756346225738525,5,10
normal_13,0,21,0.00048450648,0,0,0,2,0.026756346225738525,5,10
normal_20,0,0,0.0019696269,0,0,0,2,0.026756346225738525,5,10
normal_20,0,7,0.0023459464,0,0,0,2,0.026756346225738525,5,10
normal_21,0,0,0.0021273477,0,0,0,2,0.026756346225738525,5,10
normal_21,0,7,0.0014843061,0,0,0,2,0.026756346225738525,5,10
normal_26,0,0,0.001643224,0,0,0,2,0.026756346225738525,5,10
normal_26,0,7,0.0011578327,0,0,0,2,0.026756346225738525,5,10
normal_29,0,0,0.00064680155,0,0,0,2,0.026756346225738525,5,10
normal_29,0,7,0.0005648833,0,0,0,2,0.026756346225738525,5,10
normal_29,0,14,0.00055760815,0,0,0,2,0.026756346225738525,5,10
normal_29,0,21,0.00049983966,0,0,0,2,0.026756346225738525,5,10
normal_29,0,28,0.00047767672,0,0,0,2,0.026756346225738525,5,10
normal_29,0,35,0.00048840337,0,0,0,2,0.026756346225738525,5,10
normal_42,0,0,0.0005110637,0,0,0,2,0.026756346225738525,5,10
normal_42,0,7,0.001401734,0,0,0,2,0.026756346225738525,5,10
normal_42,0,14,0.0024668493,0,0,0,2,0.026756346225738525,5,10
normal_42,0,21,0.0007930736,0,0,0,2,0.026756346225738525,5,10
normal_42,0,28,0.001750265,0,0,0,2,0.026756346225738525,5,10
normal_42,0,35,0.0016438053,0,0,0,2,0.026756346225738525,5,10
normal_43,0,0,0.0020608697,0,0,0,2,0.026756346225738525,5,10
normal_43,0,7,0.0005128033,0,0,0,2,0.026756346225738525,5,10
normal_43,0,14,0.0005480972,0,0,0,2,0.026756346225738525,5,10
normal_43,0,21,0.0010112769,0,0,0,2,0.026756346225738525,5,10
normal_43,0,28,0.0006379599,0,0,0,2,0.026756346225738525,5,10
normal_43,0,35,0.00093149755,0,0,0,2,0.026756346225738525,5,10
normal_44,0,0,0.004620779,0,0,0,2,0.026756346225738525,5,10
normal_44,0,7,0.00047812267,0,0,0,2,0.026756346225738525,5,10
normal_44,0,14,0.00066319085,0,0,0,2,0.026756346225738525,5,10
normal_44,0,21,0.0035427057,0,0,0,2,0.026756346225738525,5,10
normal_44,0,28,0.03786954,1,1,0,2,0.026756346225738525,5,10
normal_53,0,0,0.002016383,0,0,0,2,0.026756346225738525,5,10
normal_53,0,7,0.011220888,0,0,0,2,0.026756346225738525,5,10
normal_53,0,14,0.7545997,1,1,0,2,0.026756346225738525,5,10
normal_53,0,21,0.72508925,1,2,0,2,0.026756346225738525,5,10
normal_53,0,28,0.002317943,0,0,0,2,0.026756346225738525,5,10
normal_53,0,35,0.00048592733,0,0,0,2,0.026756346225738525,5,10
normal_57,0,0,0.00058798894,0,0,0,2,0.026756346225738525,5,10
normal_57,0,7,0.0006561267,0,0,0,2,0.026756346225738525,5,10
normal_57,0,14,0.00062339456,0,0,0,2,0.026756346225738525,5,10
normal_57,0,21,0.0008418061,0,0,0,2,0.026756346225738525,5,10
normal_57,0,28,0.0061495113,0,0,0,2,0.026756346225738525,5,10
normal_57,0,35,0.00087748625,0,0,0,2,0.026756346225738525,5,10
normal_75,0,0,0.0020484612,0,0,0,2,0.026756346225738525,5,10
normal_75,0,7,0.0021701667,0,0,0,2,0.026756346225738525,5,10
normal_75,0,14,0.0013718918,0,0,0,2,0.026756346225738525,5,10
normal_75,0,21,0.00047529084,0,0,0,2,0.026756346225738525,5,10
normal_75,0,28,0.0007227857,0,0,0,2,0.026756346225738525,5,10
normal_75,0,35,0.0013023645,0,0,0,2,0.026756346225738525,5,10
normal_90,0,0,0.0005954587,0,0,0,2,0.026756346225738525,5,10
normal_90,0,7,0.0005707836,0,0,0,2,0.026756346225738525,5,10
normal_90,0,14,0.0013767397,0,0,0,2,0.026756346225738525,5,10
normal_90,0,21,0.0016879307,0,0,0,2,0.026756346225738525,5,10
normal_90,0,28,0.0010901366,0,0,0,2,0.026756346225738525,5,10
normal_90,0,35,0.0055358442,0,0,0,2,0.026756346225738525,5,10
normal_101,0,0,0.0006231685,0,0,0,2,0.026756346225738525,5,10
normal_101,0,7,0.0015609115,0,0,0,2,0.026756346225738525,5,10
normal_101,0,14,0.00091300905,0,0,0,2,0.026756346225738525,5,10
normal_101,0,21,0.0011811003,0,0,0,2,0.026756346225738525,5,10
normal_101,0,28,0.0005529987,0,0,0,2,0.026756346225738525,5,10
normal_101,0,35,0.0020865172,0,0,0,2,0.026756346225738525,5,10
normal_108,0,0,0.0066218823,0,0,0,2,0.026756346225738525,5,10
normal_108,0,7,0.0009088269,0,0,0,2,0.026756346225738525,5,10
normal_108,0,14,0.0020703361,0,0,0,2,0.026756346225738525,5,10
normal_108,0,21,0.0016177748,0,0,0,2,0.026756346225738525,5,10
normal_108,0,28,0.00060944987,0,0,0,2,0.026756346225738525,5,10
normal_108,0,35,0.0010878568,0,0,0,2,0.026756346225738525,5,10
normal_114,0,0,0.004312564,0,0,0,2,0.026756346225738525,5,10
normal_114,0,7,0.0031141113,0,0,0,2,0.026756346225738525,5,10
normal_114,0,14,0.00062792824,0,0,0,2,0.026756346225738525,5,10
normal_114,0,21,0.0010854991,0,0,0,2,0.026756346225738525,5,10
normal_114,0,28,0.010345743,0,0,0,2,0.026756346225738525,5,10
normal_114,0,35,0.00045484846,0,0,0,2,0.026756346225738525,5,10
normal_122,0,0,0.0008265942,0,0,0,2,0.026756346225738525,5,10
normal_122,0,7,0.021514505,0,0,0,2,0.026756346225738525,5,10
normal_122,0,14,0.006426723,0,0,0,2,0.026756346225738525,5,10
normal_122,0,21,0.0008841315,0,0,0,2,0.026756346225738525,5,10
normal_126,0,0,0.0015490208,0,0,0,2,0.026756346225738525,5,10
normal_126,0,7,0.00046869117,0,0,0,2,0.026756346225738525,5,10
normal_126,0,14,0.00052022934,0,0,0,2,0.026756346225738525,5,10
normal_126,0,21,0.00074563385,0,0,0,2,0.026756346225738525,5,10
normal_126,0,28,0.0075184978,0,0,0,2,0.026756346225738525,5,10
normal_126,0,35,0.00054742605,0,0,0,2,0.026756346225738525,5,10
normal_128,0,0,0.70140713,1,1,0,2,0.026756346225738525,5,10
normal_128,0,7,0.023762213,0,0,0,2,0.026756346225738525,5,10
normal_128,0,14,0.0018782243,0,0,0,2,0.026756346225738525,5,10
normal_128,0,21,0.000525173,0,0,0,2,0.026756346225738525,5,10
normal_128,0,28,0.0005981777,0,0,0,2,0.026756346225738525,5,10
normal_146,0,0,0.0004955858,0,0,0,2,0.026756346225738525,5,10
normal_146,0,7,0.0005105459,0,0,0,2,0.026756346225738525,5,10
normal_146,0,14,0.0004610847,0,0,0,2,0.026756346225738525,5,10
normal_146,0,21,0.008016107,0,0,0,2,0.026756346225738525,5,10
normal_146,0,28,0.00060084584,0,0,0,2,0.026756346225738525,5,10
normal_146,0,35,0.000657544,0,0,0,2,0.026756346225738525,5,10
normal_148,0,0,0.001644798,0,0,0,2,0.026756346225738525,5,10
normal_148,0,7,0.0004540499,0,0,0,2,0.026756346225738525,5,10
normal_149,0,0,0.002606742,0,0,0,2,0.026756346225738525,5,10
normal_149,0,7,0.0011041226,0,0,0,2,0.026756346225738525,5,10
normal_159,0,0,0.003097882,0,0,0,2,0.026756346225738525,5,10
normal_159,0,7,0.00047388277,0,0,0,2,0.026756346225738525,5,10
normal_159,0,14,0.00052101567,0,0,0,2,0.026756346225738525,5,10
normal_159,0,21,0.000632547,0,0,0,2,0.026756346225738525,5,10
normal_159,0,28,0.00097127666,0,0,0,2,0.026756346225738525,5,10
normal_159,0,35,0.0009758375,0,0,0,2,0.026756346225738525,5,10
normal_161,0,0,0.0006749748,0,0,0,2,0.026756346225738525,5,10
normal_161,0,7,0.014151475,0,0,0,2,0.026756346225738525,5,10
normal_161,0,14,0.001181897,0,0,0,2,0.026756346225738525,5,10
normal_161,0,21,0.0006673361,0,0,0,2,0.026756346225738525,5,10
normal_166,0,0,0.00059038395,0,0,0,2,0.026756346225738525,5,10
normal_166,0,7,0.0006879859,0,0,0,2,0.026756346225738525,5,10
normal_166,0,14,0.0011267649,0,0,0,2,0.026756346225738525,5,10
normal_166,0,21,0.00062566804,0,0,0,2,0.026756346225738525,5,10
normal_166,0,28,0.0019870838,0,0,0,2,0.026756346225738525,5,10
normal_179,0,0,0.9043113,1,1,0,2,0.026756346225738525,5,10
normal_179,0,7,0.88306874,1,2,0,2,0.026756346225738525,5,10
normal_179,0,14,0.2333948,1,3,0,2,0.026756346225738525,5,10
normal_182,0,0,0.0006524057,0,0,0,2,0.026756346225738525,5,10
normal_182,0,7,0.0016891436,0,0,0,2,0.026756346225738525,5,10
normal_182,0,14,0.00072309194,0,0,0,2,0.026756346225738525,5,10
normal_182,0,21,0.0007584445,0,0,0,2,0.026756346225738525,5,10
normal_182,0,28,0.0004786156,0,0,0,2,0.026756346225738525,5,10
normal_182,0,35,0.008317328,0,0,0,2,0.026756346225738525,5,10
normal_186,0,0,0.0011534068,0,0,0,2,0.026756346225738525,5,10
normal_186,0,7,0.000868789,0,0,0,2,0.026756346225738525,5,10
normal_191,0,0,0.000719844,0,0,0,2,0.026756346225738525,5,10
normal_191,0,7,0.002651957,0,0,0,2,0.026756346225738525,5,10
normal_200,0,0,0.0013169196,0,0,0,2,0.026756346225738525,5,10
normal_200,0,7,0.000764973,0,0,0,2,0.026756346225738525,5,10
normal_200,0,14,0.00046163535,0,0,0,2,0.026756346225738525,5,10
normal_200,0,21,0.0005610318,0,0,0,2,0.026756346225738525,5,10
normal_200,0,28,0.011370153,0,0,0,2,0.026756346225738525,5,10
normal_205,0,0,0.0013023645,0,0,0,2,0.026756346225738525,5,10
normal_205,0,7,0.0005242982,0,0,0,2,0.026756346225738525,5,10
normal_205,0,14,0.0006788497,0,0,0,2,0.026756346225738525,5,10
normal_205,0,21,0.00068877835,0,0,0,2,0.026756346225738525,5,10
normal_205,0,28,0.00063336024,0,0,0,2,0.026756346225738525,5,10
normal_210,0,0,0.0022630072,0,0,0,2,0.026756346225738525,5,10
normal_210,0,7,0.0011179274,0,0,0,2,0.026756346225738525,5,10
normal_210,0,14,0.00044898983,0,0,0,2,0.026756346225738525,5,10
normal_210,0,21,0.00044898983,0,0,0,2,0.026756346225738525,5,10
normal_210,0,28,0.0014231936,0,0,0,2,0.026756346225738525,5,10
normal_210,0,35,0.009999182,0,0,0,2,0.026756346225738525,5,10
normal_211,0,0,0.0009427696,0,0,0,2,0.026756346225738525,5,10
normal_211,0,7,0.0024783327,0,0,0,2,0.026756346225738525,5,10
normal_211,0,14,0.001344238,0,0,0,2,0.026756346225738525,5,10
normal_211,0,21,0.0018867564,0,0,0,2,0.026756346225738525,5,10
normal_211,0,28,0.0013580614,0,0,0,2,0.026756346225738525,5,10
normal_211,0,35,0.0012938177,0,0,0,2,0.026756346225738525,5,10
normal_214,0,0,0.00055170985,0,0,0,2,0.026756346225738525,5,10
normal_214,0,7,0.00058819377,0,0,0,2,0.026756346225738525,5,10
normal_217,0,0,0.0005257672,0,0,0,2,0.026756346225738525,5,10
normal_217,0,7,0.001221339,0,0,0,2,0.026756346225738525,5,10
normal_217,0,14,0.0013967501,0,0,0,2,0.026756346225738525,5,10
normal_217,0,21,0.0013270235,0,0,0,2,0.026756346225738525,5,10
normal_217,0,28,0.0007309598,0,0,0,2,0.026756346225738525,5,10
normal_217,0,35,0.0011745644,0,0,0,2,0.026756346225738525,5,10
normal_231,0,0,0.0024082887,0,0,0,2,0.026756346225738525,5,10
normal_231,0,7,0.0019872303,0,0,0,2,0.026756346225738525,5,10
normal_231,0,14,0.0015727977,0,0,0,2,0.026756346225738525,5,10
normal_235,0,0,0.0006244394,0,0,0,2,0.026756346225738525,5,10
normal_235,0,7,0.0024499006,0,0,0,2,0.026756346225738525,5,10
normal_235,0,14,0.002261921,0,0,0,2,0.026756346225738525,5,10
normal_235,0,21,0.0038558124,0,0,0,2,0.026756346225738525,5,10
normal_235,0,28,0.0026510656,0,0,0,2,0.026756346225738525,5,10
normal_235,0,35,0.0007807662,0,0,0,2,0.026756346225738525,5,10
normal_236,0,0,0.00044898983,0,0,0,2,0.026756346225738525,5,10
normal_236,0,7,0.00048230327,0,0,0,2,0.026756346225738525,5,10
normal_236,0,14,0.00046032696,0,0,0,2,0.026756346225738525,5,10
normal_236,0,21,0.0014904538,0,0,0,2,0.026756346225738525,5,10
normal_247,0,0,0.000523075,0,0,0,2,0.026756346225738525,5,10
normal_247,0,7,0.00060744426,0,0,0,2,0.026756346225738525,5,10
normal_247,0,14,0.0009877547,0,0,0,2,0.026756346225738525,5,10
normal_247,0,21,0.0013893513,0,0,0,2,0.026756346225738525,5,10
normal_247,0,28,0.0011244885,0,0,0,2,0.026756346225738525,5,10
normal_247,0,35,0.00092822965,0,0,0,2,0.026756346225738525,5,10
normal_249,0,0,0.00089758524,0,0,0,2,0.026756346225738525,5,10
normal_249,0,7,0.00059007824,0,0,0,2,0.026756346225738525,5,10
normal_249,0,14,0.00044063944,0,0,0,2,0.026756346225738525,5,10
normal_250,0,0,0.00211503,0,0,0,2,0.026756346225738525,5,10
normal_250,0,7,0.0008863026,0,0,0,2,0.026756346225738525,5,10
normal_254,0,0,0.0010561026,0,0,0,2,0.026756346225738525,5,10
normal_254,0,7,0.0006487766,0,0,0,2,0.026756346225738525,5,10
normal_254,0,14,0.0024347028,0,0,0,2,0.026756346225738525,5,10
normal_254,0,21,0.06528486,1,1,0,2,0.026756346225738525,5,10
normal_255,0,0,0.004957056,0,0,0,2,0.026756346225738525,5,10
normal_255,0,7,0.004723668,0,0,0,2,0.026756346225738525,5,10
normal_277,0,0,0.0017257918,0,0,0,2,0.026756346225738525,5,10
normal_277,0,7,0.0014903318,0,0,0,2,0.026756346225738525,5,10
normal_277,0,14,0.00046366444,0,0,0,2,0.026756346225738525,5,10
normal_282,0,0,0.0028892155,0,0,0,2,0.026756346225738525,5,10
normal_282,0,7,0.0022597515,0,0,0,2,0.026756346225738525,5,10
normal_282,0,14,0.0012658903,0,0,0,2,0.026756346225738525,5,10
normal_282,0,21,0.0018068806,0,0,0,2,0.026756346225738525,5,10
normal_282,0,28,0.0013632436,0,0,0,2,0.026756346225738525,5,10
normal_289,0,0,0.0016560899,0,0,0,2,0.026756346225738525,5,10
normal_289,0,7,0.00063082395,0,0,0,2,0.026756346225738525,5,10
normal_289,0,14,0.00096976216,0,0,0,2,0.026756346225738525,5,10
normal_289,0,21,0.0009239946,0,0,0,2,0.026756346225738525,5,10
normal_290,0,0,0.0004786156,0,0,0,2,0.026756346225738525,5,10
normal_290,0,7,0.00052682444,0,0,0,2,0.026756346225738525,5,10
normal_301,0,0,0.0020469364,0,0,0,2,0.026756346225738525,5,10
normal_301,0,7,0.0016028709,0,0,0,2,0.026756346225738525,5,10
normal_301,0,14,0.0008723891,0,0,0,2,0.026756346225738525,5,10
normal_301,0,21,0.00056217116,0,0,0,2,0.026756346225738525,5,10
normal_308,0,0,0.001389645,0,0,0,2,0.026756346225738525,5,10
normal_308,0,7,0.0014490293,0,0,0,2,0.026756346225738525,5,10
normal_317,0,0,0.00046923073,0,0,0,2,0.026756346225738525,5,10
normal_317,0,7,0.03347555,1,1,0,2,0.026756346225738525,5,10
normal_317,0,14,0.000764323,0,0,0,2,0.026756346225738525,5,10
normal_317,0,21,0.0006086848,0,0,0,2,0.026756346225738525,5,10
normal_317,0,28,0.0013023645,0,0,0,2,0.026756346225738525,5,10
normal_317,0,35,0.0058784713,0,0,0,2,0.026756346225738525,5,10
normal_323,0,0,0.0008703571,0,0,0,2,0.026756346225738525,5,10
normal_323,0,7,0.0009491181,0,0,0,2,0.026756346225738525,5,10
normal_323,0,14,0.0018726776,0,0,0,2,0.026756346225738525,5,10
normal_323,0,21,0.017959371,0,0,0,2,0.026756346225738525,5,10
normal_323,0,28,0.000936899,0,0,0,2,0.026756346225738525,5,10
normal_323,0,35,0.0006393608,0,0,0,2,0.026756346225738525,5,10
normal_325,0,0,0.0015166989,0,0,0,2,0.026756346225738525,5,10
normal_325,0,7,0.0010110303,0,0,0,2,0.026756346225738525,5,10
normal_325,0,14,0.0010027216,0,0,0,2,0.026756346225738525,5,10
normal_325,0,21,0.00047767672,0,0,0,2,0.026756346225738525,5,10
normal_325,0,28,0.0008920323,0,0,0,2,0.026756346225738525,5,10
normal_332,0,0,0.0015829215,0,0,0,2,0.026756346225738525,5,10
normal_332,0,7,0.0010514075,0,0,0,2,0.026756346225738525,5,10
normal_332,0,14,0.21420503,1,1,0,2,0.026756346225738525,5,10
normal_355,0,0,0.005678218,0,0,0,2,0.026756346225738525,5,10
normal_355,0,7,0.00078523066,0,0,0,2,0.026756346225738525,5,10
normal_355,0,14,0.00046366444,0,0,0,2,0.026756346225738525,5,10
normal_355,0,21,0.011747097,0,0,0,2,0.026756346225738525,5,10
normal_355,0,28,0.009694384,0,0,0,2,0.026756346225738525,5,10
normal_355,0,35,0.012587391,0,0,0,2,0.026756346225738525,5,10
normal_358,0,0,0.0019989782,0,0,0,2,0.026756346225738525,5,10
normal_366,0,0,0.001852101,0,0,0,2,0.026756346225738525,5,10
normal_366,0,7,0.0012543041,0,0,0,2,0.026756346225738525,5,10
normal_366,0,14,0.0027730153,0,0,0,2,0.026756346225738525,5,10
normal_366,0,21,0.001166638,0,0,0,2,0.026756346225738525,5,10
normal_366,0,28,0.0013681268,0,0,0,2,0.026756346225738525,5,10
normal_366,0,35,0.0008793242,0,0,0,2,0.026756346225738525,5,10
normal_376,0,0,0.014527828,0,0,0,2,0.026756346225738525,5,10
normal_386,0,0,0.0016488879,0,0,0,2,0.026756346225738525,5,10
normal_386,0,7,0.0008603635,0,0,0,2,0.026756346225738525,5,10
normal_386,0,14,0.0012499803,0,0,0,2,0.026756346225738525,5,10
normal_386,0,21,0.0022697332,0,0,0,2,0.026756346225738525,5,10
normal_393,0,0,0.0011795531,0,0,0,2,0.026756346225738525,5,10
normal_393,0,7,0.0036252665,0,0,0,2,0.026756346225738525,5,10
normal_409,0,0,0.0010161604,0,0,0,2,0.026756346225738525,5,10
normal_409,0,7,0.0007169463,0,0,0,2,0.026756346225738525,5,10
normal_419,0,0,0.0010581833,0,0,0,2,0.026756346225738525,5,10
normal_419,0,7,0.0007836333,0,0,0,2,0.026756346225738525,5,10
normal_419,0,14,0.0013203494,0,0,0,2,0.026756346225738525,5,10
normal_419,0,21,0.0023261562,0,0,0,2,0.026756346225738525,5,10
normal_419,0,28,0.0009098125,0,0,0,2,0.026756346225738525,5,10
normal_419,0,35,0.0013805394,0,0,0,2,0.026756346225738525,5,10
normal_420,0,0,0.00060084584,0,0,0,2,0.026756346225738525,5,10
normal_420,0,7,0.0121666975,0,0,0,2,0.026756346225738525,5,10
normal_420,0,14,0.0012562273,0,0,0,2,0.026756346225738525,5,10
normal_420,0,21,0.00088324735,0,0,0,2,0.026756346225738525,5,10
normal_434,0,0,0.0013364155,0,0,0,2,0.026756346225738525,5,10
normal_434,0,7,0.0032346977,0,0,0,2,0.026756346225738525,5,10
normal_434,0,14,0.0012715947,0,0,0,2,0.026756346225738525,5,10
normal_434,0,21,0.0011565435,0,0,0,2,0.026756346225738525,5,10
normal_434,0,28,0.0013967793,0,0,0,2,0.026756346225738525,5,10
normal_434,0,35,0.0020700917,0,0,0,2,0.026756346225738525,5,10
normal_440,0,0,0.00080670876,0,0,0,2,0.026756346225738525,5,10
normal_440,0,7,0.0006447561,0,0,0,2,0.026756346225738525,5,10
normal_440,0,14,0.0006351389,0,0,0,2,0.026756346225738525,5,10
normal_440,0,21,0.001250107,0,0,0,2,0.026756346225738525,5,10
normal_440,0,28,0.0020916755,0,0,0,2,0.026756346225738525,5,10
normal_444,0,0,0.00090793974,0,0,0,2,0.026756346225738525,5,10
normal_444,0,7,0.0022335206,0,0,0,2,0.026756346225738525,5,10
normal_444,0,14,0.0024777881,0,0,0,2,0.026756346225738525,5,10
normal_444,0,21,0.00086835073,0,0,0,2,0.026756346225738525,5,10
normal_444,0,28,0.0028168128,0,0,0,2,0.026756346225738525,5,10
normal_444,0,35,0.006407657,0,0,0,2,0.026756346225738525,5,10
normal_452,0,0,0.001998149,0,0,0,2,0.026756346225738525,5,10
normal_452,0,7,0.00084825046,0,0,0,2,0.026756346225738525,5,10
normal_452,0,14,0.0011058927,0,0,0,2,0.026756346225738525,5,10
normal_452,0,21,0.001987571,0,0,0,2,0.026756346225738525,5,10
normal_455,0,0,0.00047767672,0,0,0,2,0.026756346225738525,5,10
normal_455,0,7,0.0005847346,0,0,0,2,0.026756346225738525,5,10
normal_455,0,14,0.00052009226,0,0,0,2,0.026756346225738525,5,10
normal_455,0,21,0.00074834947,0,0,0,2,0.026756346225738525,5,10
normal_455,0,28,0.0009359154,0,0,0,2,0.026756346225738525,5,10
normal_455,0,35,0.0012927824,0,0,0,2,0.026756346225738525,5,10
normal_456,0,0,0.0010628079,0,0,0,2,0.026756346225738525,5,10
normal_456,0,7,0.004660672,0,0,0,2,0.026756346225738525,5,10
normal_456,0,14,0.008355913,0,0,0,2,0.026756346225738525,5,10
normal_456,0,21,0.0007687591,0,0,0,2,0.026756346225738525,5,10
normal_456,0,28,0.0005097815,0,0,0,2,0.026756346225738525,5,10
normal_456,0,35,0.0005672892,0,0,0,2,0.026756346225738525,5,10
normal_462,0,0,0.00088027405,0,0,0,2,0.026756346225738525,5,10
normal_462,0,7,0.0010176493,0,0,0,2,0.026756346225738525,5,10
normal_462,0,14,0.00085313997,0,0,0,2,0.026756346225738525,5,10
normal_462,0,21,0.000799173,0,0,0,2,0.026756346225738525,5,10
normal_462,0,28,0.000799173,0,0,0,2,0.026756346225738525,5,10
normal_471,0,0,0.0013679236,0,0,0,2,0.026756346225738525,5,10
normal_471,0,7,0.0010375773,0,0,0,2,0.026756346225738525,5,10
normal_490,0,0,0.0013095016,0,0,0,2,0.026756346225738525,5,10
normal_492,0,0,0.0009052033,0,0,0,2,0.026756346225738525,5,10
normal_492,0,7,0.0016834401,0,0,0,2,0.026756346225738525,5,10
normal_492,0,14,0.001636398,0,0,0,2,0.026756346225738525,5,10
normal_492,0,21,0.0028874755,0,0,0,2,0.026756346225738525,5,10
normal_492,0,28,0.0021986857,0,0,0,2,0.026756346225738525,5,10
normal_492,0,35,0.0025407376,0,0,0,2,0.026756346225738525,5,10
normal_499,0,0,0.0015282787,0,0,0,2,0.026756346225738525,5,10
normal_499,0,7,0.0015935223,0,0,0,2,0.026756346225738525,5,10
normal_499,0,14,0.0022724506,0,0,0,2,0.026756346225738525,5,10
normal_499,0,21,0.0031124211,0,0,0,2,0.026756346225738525,5,10
normal_499,0,28,0.00200322,0,0,0,2,0.026756346225738525,5,10
normal_499,0,35,0.0016389623,0,0,0,2,0.026756346225738525,5,10
normal_516,0,0,0.0016980342,0,0,0,2,0.026756346225738525,5,10
normal_516,0,7,0.0011065323,0,0,0,2,0.026756346225738525,5,10
normal_516,0,14,0.0012294996,0,0,0,2,0.026756346225738525,5,10
normal_516,0,21,0.0021023653,0,0,0,2,0.026756346225738525,5,10
normal_516,0,28,0.0020147918,0,0,0,2,0.026756346225738525,5,10
normal_516,0,35,0.00347636,0,0,0,2,0.026756346225738525,5,10
normal_517,0,0,0.0016723345,0,0,0,2,0.026756346225738525,5,10
normal_517,0,7,0.0015935223,0,0,0,2,0.026756346225738525,5,10
normal_517,0,14,0.0025598565,0,0,0,2,0.026756346225738525,5,10
normal_517,0,21,0.0015663407,0,0,0,2,0.026756346225738525,5,10
normal_518,0,0,0.0011848503,0,0,0,2,0.026756346225738525,5,10
normal_518,0,7,0.0023335512,0,0,0,2,0.026756346225738525,5,10
normal_539,0,0,0.0013757534,0,0,0,2,0.026756346225738525,5,10
normal_539,0,7,0.0011537919,0,0,0,2,0.026756346225738525,5,10
normal_539,0,14,0.0016448465,0,0,0,2,0.026756346225738525,5,10
normal_552,0,0,0.0011848503,0,0,0,2,0.026756346225738525,5,10
normal_552,0,7,0.0011848503,0,0,0,2,0.026756346225738525,5,10
normal_552,0,14,0.0011537919,0,0,0,2,0.026756346225738525,5,10
normal_552,0,21,0.0012189274,0,0,0,2,0.026756346225738525,5,10
normal_552,0,28,0.0028083378,0,0,0,2,0.026756346225738525,5,10
normal_557,0,0,0.0016674584,0,0,0,2,0.026756346225738525,5,10
normal_557,0,7,0.002551063,0,0,0,2,0.026756346225738525,5,10
normal_557,0,14,0.0011848503,0,0,0,2,0.026756346225738525,5,10
normal_557,0,21,0.001251737,0,0,0,2,0.026756346225738525,5,10
normal_557,0,28,0.002145353,0,0,0,2,0.026756346225738525,5,10
normal_557,0,35,0.0014523745,0,0,0,2,0.026756346225738525,5,10
normal_559,0,0,0.0014516037,0,0,0,2,0.026756346225738525,5,10
normal_559,0,7,0.0013676083,0,0,0,2,0.026756346225738525,5,10
normal_559,0,14,0.00088238943,0,0,0,2,0.026756346225738525,5,10
normal_562,0,0,0.00055565813,0,0,0,2,0.026756346225738525,5,10
normal_562,0,7,0.0017759384,0,0,0,2,0.026756346225738525,5,10
normal_562,0,14,0.00052661635,0,0,0,2,0.026756346225738525,5,10
normal_562,0,21,0.00053105794,0,0,0,2,0.026756346225738525,5,10
normal_562,0,28,0.00051505084,0,0,0,2,0.026756346225738525,5,10
normal_562,0,35,0.00052009226,0,0,0,2,0.026756346225738525,5,10
normal_568,0,0,0.0006521763,0,0,0,2,0.026756346225738525,5,10
normal_568,0,7,0.00046923073,0,0,0,2,0.026756346225738525,5,10
normal_568,0,14,0.011224025,0,0,0,2,0.026756346225738525,5,10
normal_568,0,21,0.003023823,0,0,0,2,0.026756346225738525,5,10
normal_568,0,28,0.00060700934,0,0,0,2,0.026756346225738525,5,10
normal_568,0,35,0.00044898983,0,0,0,2,0.026756346225738525,5,10
normal_576,0,0,0.0012291442,0,0,0,2,0.026756346225738525,5,10
normal_576,0,7,0.00049785513,0,0,0,2,0.026756346225738525,5,10
normal_576,0,14,0.008016107,0,0,0,2,0.026756346225738525,5,10
normal_576,0,21,0.00074563385,0,0,0,2,0.026756346225738525,5,10
normal_576,0,28,0.00082771736,0,0,0,2,0.026756346225738525,5,10
normal_576,0,35,0.00050443405,0,0,0,2,0.026756346225738525,5,10
normal_588,0,0,0.0016170334,0,0,0,2,0.026756346225738525,5,10
normal_588,0,7,0.0006182654,0,0,0,2,0.026756346225738525,5,10
normal_588,0,14,0.00055592455,0,0,0,2,0.026756346225738525,5,10
normal_588,0,21,0.000868789,0,0,0,2,0.026756346225738525,5,10
normal_588,0,28,0.0011435116,0,0,0,2,0.026756346225738525,5,10
normal_588,0,35,0.0005534941,0,0,0,2,0.026756346225738525,5,10
normal_590,0,0,0.00071117067,0,0,0,2,0.026756346225738525,5,10
normal_590,0,7,0.001311844,0,0,0,2,0.026756346225738525,5,10
normal_590,0,14,0.0019964848,0,0,0,2,0.026756346225738525,5,10
normal_593,0,0,0.00072910613,0,0,0,2,0.026756346225738525,5,10
normal_593,0,7,0.00085263775,0,0,0,2,0.026756346225738525,5,10
normal_593,0,14,0.00053931895,0,0,0,2,0.026756346225738525,5,10
normal_593,0,21,0.0005384327,0,0,0,2,0.026756346225738525,5,10
normal_593,0,28,0.0028920784,0,0,0,2,0.026756346225738525,5,10
normal_593,0,35,0.0025668717,0,0,0,2,0.026756346225738525,5,10
normal_594,0,0,0.002263314,0,0,0,2,0.026756346225738525,5,10
normal_594,0,7,0.0023104863,0,0,0,2,0.026756346225738525,5,10
normal_594,0,14,0.0013350969,0,0,0,2,0.026756346225738525,5,10
normal_594,0,21,0.0011027892,0,0,0,2,0.026756346225738525,5,10
normal_594,0,28,0.0013522736,0,0,0,2,0.026756346225738525,5,10
normal_595,0,0,0.006983251,0,0,0,2,0.026756346225738525,5,10
normal_595,0,7,0.00092116627,0,0,0,2,0.026756346225738525,5,10
normal_595,0,14,0.002365514,0,0,0,2,0.026756346225738525,5,10
anomaly_7,1,0,0.97487193,1,1,0,2,0.026756346225738525,5,10
anomaly_7,1,7,0.99768305,1,2,0,2,0.026756346225738525,5,10
anomaly_7,1,14,0.9993229,1,3,0,2,0.026756346225738525,5,10
anomaly_7,1,21,0.99907625,1,4,0,2,0.026756346225738525,5,10
anomaly_7,1,28,0.99706393,1,5,1,2,0.026756346225738525,5,10
anomaly_7,1,35,0.9960206,1,6,1,2,0.026756346225738525,5,10
anomaly_9,1,0,0.9721434,1,1,0,2,0.026756346225738525,5,10
anomaly_9,1,7,0.9994273,1,2,0,2,0.026756346225738525,5,10
normal_18,0,0,0.0009800835,0,0,0,3,0.01013406552374363,10,35
normal_18,0,7,0.0012263913,0,0,0,3,0.01013406552374363,10,35
normal_18,0,14,0.00053813943,0,0,0,3,0.01013406552374363,10,35
normal_18,0,21,0.0011411433,0,0,0,3,0.01013406552374363,10,35
normal_19,0,0,0.0005407479,0,0,0,3,0.01013406552374363,10,35
normal_19,0,7,0.0071447776,0,0,0,3,0.01013406552374363,10,35
normal_19,0,14,0.0037702946,0,0,0,3,0.01013406552374363,10,35
normal_19,0,21,0.00089691754,0,0,0,3,0.01013406552374363,10,35
normal_24,0,0,0.0010492847,0,0,0,3,0.01013406552374363,10,35
normal_24,0,7,0.0012335159,0,0,0,3,0.01013406552374363,10,35
normal_24,0,14,0.001325112,0,0,0,3,0.01013406552374363,10,35
normal_24,0,21,0.00079676224,0,0,0,3,0.01013406552374363,10,35
normal_24,0,28,0.00069619715,0,0,0,3,0.01013406552374363,10,35
normal_24,0,35,0.0018065391,0,0,0,3,0.01013406552374363,10,35
normal_25,0,0,0.0005496324,0,0,0,3,0.01013406552374363,10,35
normal_25,0,7,0.0004628292,0,0,0,3,0.01013406552374363,10,35
normal_25,0,14,0.00075110415,0,0,0,3,0.01013406552374363,10,35
normal_25,0,21,0.000761627,0,0,0,3,0.01013406552374363,10,35
normal_30,0,0,0.00067864504,0,0,0,3,0.01013406552374363,10,35
normal_30,0,7,0.00044956137,0,0,0,3,0.01013406552374363,10,35
normal_30,0,14,0.00074418704,0,0,0,3,0.01013406552374363,10,35
normal_30,0,21,0.0026381828,0,0,0,3,0.01013406552374363,10,35
normal_36,0,0,0.00054320967,0,0,0,3,0.01013406552374363,10,35
normal_36,0,7,0.00048507954,0,0,0,3,0.01013406552374363,10,35
normal_36,0,14,0.0012419092,0,0,0,3,0.01013406552374363,10,35
normal_36,0,21,0.0014840736,0,0,0,3,0.01013406552374363,10,35
normal_45,0,0,0.00061039656,0,0,0,3,0.01013406552374363,10,35
normal_45,0,7,0.00048362752,0,0,0,3,0.01013406552374363,10,35
normal_45,0,14,0.0006927642,0,0,0,3,0.01013406552374363,10,35
normal_48,0,0,0.00050610065,0,0,0,3,0.01013406552374363,10,35
normal_48,0,7,0.00045666116,0,0,0,3,0.01013406552374363,10,35
normal_48,0,14,0.00042634137,0,0,0,3,0.01013406552374363,10,35
normal_48,0,21,0.000909646,0,0,0,3,0.01013406552374363,10,35
normal_48,0,28,0.00082006375,0,0,0,3,0.01013406552374363,10,35
normal_48,0,35,0.0007276106,0,0,0,3,0.01013406552374363,10,35
normal_54,0,0,0.0013587957,0,0,0,3,0.01013406552374363,10,35
normal_54,0,7,0.00039516663,0,0,0,3,0.01013406552374363,10,35
normal_54,0,14,0.001304429,0,0,0,3,0.01013406552374363,10,35
normal_54,0,21,0.0006652254,0,0,0,3,0.01013406552374363,10,35
normal_54,0,28,0.00046121597,0,0,0,3,0.01013406552374363,10,35
normal_54,0,35,0.00084538065,0,0,0,3,0.01013406552374363,10,35
normal_55,0,0,0.0012091455,0,0,0,3,0.01013406552374363,10,35
normal_55,0,7,0.0011265422,0,0,0,3,0.01013406552374363,10,35
normal_55,0,14,0.0005891375,0,0,0,3,0.01013406552374363,10,35
normal_55,0,21,0.0009413173,0,0,0,3,0.01013406552374363,10,35
normal_55,0,28,0.0011357297,0,0,0,3,0.01013406552374363,10,35
normal_55,0,35,0.00096372084,0,0,0,3,0.01013406552374363,10,35
normal_63,0,0,0.0012690659,0,0,0,3,0.01013406552374363,10,35
normal_63,0,7,0.0011885178,0,0,0,3,0.01013406552374363,10,35
normal_63,0,14,0.0007822601,0,0,0,3,0.01013406552374363,10,35
normal_63,0,21,0.0014576662,0,0,0,3,0.01013406552374363,10,35
normal_63,0,28,0.0014303447,0,0,0,3,0.01013406552374363,10,35
normal_63,0,35,0.0023028103,0,0,0,3,0.01013406552374363,10,35
normal_68,0,0,0.016325135,1,1,0,3,0.01013406552374363,10,35
normal_68,0,7,0.021313943,1,2,0,3,0.01013406552374363,10,35
normal_68,0,14,0.0064792116,0,0,0,3,0.01013406552374363,10,35
normal_68,0,21,0.00056034856,0,0,0,3,0.01013406552374363,10,35
normal_68,0,28,0.0013305474,0,0,0,3,0.01013406552374363,10,35
normal_68,0,35,0.0005372674,0,0,0,3,0.01013406552374363,10,35
normal_80,0,0,0.0013153822,0,0,0,3,0.01013406552374363,10,35
normal_80,0,7,0.000491462,0,0,0,3,0.01013406552374363,10,35
normal_80,0,14,0.0009612697,0,0,0,3,0.01013406552374363,10,35
normal_80,0,21,0.00079073093,0,0,0,3,0.01013406552374363,10,35
normal_80,0,28,0.00068921404,0,0,0,3,0.01013406552374363,10,35
normal_80,0,35,0.0005577894,0,0,0,3,0.01013406552374363,10,35
normal_85,0,0,0.000616839,0,0,0,3,0.01013406552374363,10,35
normal_85,0,7,0.0010916007,0,0,0,3,0.01013406552374363,10,35
normal_85,0,14,0.0005711066,0,0,0,3,0.01013406552374363,10,35
normal_85,0,21,0.00074025337,0,0,0,3,0.01013406552374363,10,35
normal_85,0,28,0.00048460675,0,0,0,3,0.01013406552374363,10,35
normal_85,0,35,0.0006707841,0,0,0,3,0.01013406552374363,10,35
normal_88,0,0,0.001105978,0,0,0,3,0.01013406552374363,10,35
normal_88,0,7,0.001564595,0,0,0,3,0.01013406552374363,10,35
normal_93,0,0,0.00080151245,0,0,0,3,0.01013406552374363,10,35
normal_93,0,7,0.0014071896,0,0,0,3,0.01013406552374363,10,35
normal_96,0,0,0.0004485338,0,0,0,3,0.01013406552374363,10,35
normal_96,0,7,0.0004485039,0,0,0,3,0.01013406552374363,10,35
normal_96,0,14,0.00088911457,0,0,0,3,0.01013406552374363,10,35
normal_96,0,21,0.0009763141,0,0,0,3,0.01013406552374363,10,35
normal_96,0,28,0.00039516663,0,0,0,3,0.01013406552374363,10,35
normal_96,0,35,0.00039516663,0,0,0,3,0.01013406552374363,10,35
normal_110,0,0,0.0007998896,0,0,0,3,0.01013406552374363,10,35
normal_110,0,7,0.0009075389,0,0,0,3,0.01013406552374363,10,35
normal_110,0,14,0.0006497602,0,0,0,3,0.01013406552374363,10,35
normal_110,0,21,0.0007849913,0,0,0,3,0.01013406552374363,10,35
normal_120,0,0,0.0010512703,0,0,0,3,0.01013406552374363,10,35
normal_120,0,7,0.000491462,0,0,0,3,0.01013406552374363,10,35
normal_120,0,14,0.0004421409,0,0,0,3,0.01013406552374363,10,35
normal_120,0,21,0.000469377,0,0,0,3,0.01013406552374363,10,35
normal_120,0,28,0.0005302295,0,0,0,3,0.01013406552374363,10,35
normal_120,0,35,0.000909646,0,0,0,3,0.01013406552374363,10,35
normal_121,0,0,0.00044301676,0,0,0,3,0.01013406552374363,10,35
normal_121,0,7,0.0005464051,0,0,0,3,0.01013406552374363,10,35
normal_121,0,14,0.00069724856,0,0,0,3,0.01013406552374363,10,35
normal_121,0,21,0.00068267464,0,0,0,3,0.01013406552374363,10,35
normal_121,0,28,0.00073252845,0,0,0,3,0.01013406552374363,10,35
normal_121,0,35,0.0005706191,0,0,0,3,0.01013406552374363,10,35
normal_123,0,0,0.0005577894,0,0,0,3,0.01013406552374363,10,35
normal_123,0,7,0.0012843693,0,0,0,3,0.01013406552374363,10,35
normal_123,0,14,0.0007150818,0,0,0,3,0.01013406552374363,10,35
normal_153,0,0,0.00078171765,0,0,0,3,0.01013406552374363,10,35
normal_153,0,7,0.001218541,0,0,0,3,0.01013406552374363,10,35
normal_153,0,14,0.00066699274,0,0,0,3,0.01013406552374363,10,35
normal_153,0,21,0.0006408234,0,0,0,3,0.01013406552374363,10,35
normal_153,0,28,0.0005692795,0,0,0,3,0.01013406552374363,10,35
normal_153,0,35,0.0006792079,0,0,0,3,0.01013406552374363,10,35
normal_154,0,0,0.0005708819,0,0,0,3,0.01013406552374363,10,35
normal_154,0,7,0.0023572866,0,0,0,3,0.01013406552374363,10,35
normal_154,0,14,0.0020566345,0,0,0,3,0.01013406552374363,10,35
normal_154,0,21,0.00066407066,0,0,0,3,0.01013406552374363,10,35
normal_154,0,28,0.0014720871,0,0,0,3,0.01013406552374363,10,35
normal_154,0,35,0.0021482685,0,0,0,3,0.01013406552374363,10,35
normal_172,0,0,0.0004406913,0,0,0,3,0.01013406552374363,10,35
normal_172,0,7,0.00042760838,0,0,0,3,0.01013406552374363,10,35
normal_189,0,0,0.00050344376,0,0,0,3,0.01013406552374363,10,35
normal_189,0,7,0.00042512728,0,0,0,3,0.01013406552374363,10,35
normal_189,0,14,0.0008414344,0,0,0,3,0.01013406552374363,10,35
normal_189,0,21,0.0009161919,0,0,0,3,0.01013406552374363,10,35
normal_189,0,28,0.00083971914,0,0,0,3,0.01013406552374363,10,35
normal_189,0,35,0.0004485039,0,0,0,3,0.01013406552374363,10,35
normal_195,0,0,0.00039516663,0,0,0,3,0.01013406552374363,10,35
normal_195,0,7,0.0011259902,0,0,0,3,0.01013406552374363,10,35
normal_195,0,14,0.0006864376,0,0,0,3,0.01013406552374363,10,35
normal_195,0,21,0.00058297085,0,0,0,3,0.01013406552374363,10,35
normal_204,0,0,0.0005692217,0,0,0,3,0.01013406552374363,10,35
normal_204,0,7,0.0009881792,0,0,0,3,0.01013406552374363,10,35
normal_204,0,14,0.0011258691,0,0,0,3,0.01013406552374363,10,35
normal_204,0,21,0.00065273436,0,0,0,3,0.01013406552374363,10,35
normal_204,0,28,0.00090682064,0,0,0,3,0.01013406552374363,10,35
normal_204,0,35,0.0010985845,0,0,0,3,0.01013406552374363,10,35
normal_219,0,0,0.0007060593,0,0,0,3,0.01013406552374363,10,35
normal_219,0,7,0.0005203499,0,0,0,3,0.01013406552374363,10,35
normal_219,0,14,0.0005132956,0,0,0,3,0.01013406552374363,10,35
normal_219,0,21,0.00056632893,0,0,0,3,0.01013406552374363,10,35
normal_228,0,0,0.00082278415,0,0,0,3,0.01013406552374363,10,35
normal_228,0,7,0.0016904796,0,0,0,3,0.01013406552374363,10,35
normal_228,0,14,0.0009409891,0,0,0,3,0.01013406552374363,10,35
normal_228,0,21,0.0015154183,0,0,0,3,0.01013406552374363,10,35
normal_228,0,28,0.00045425916,0,0,0,3,0.01013406552374363,10,35
normal_228,0,35,0.00042634137,0,0,0,3,0.01013406552374363,10,35
normal_248,0,0,0.0015387228,0,0,0,3,0.01013406552374363,10,35
normal_248,0,7,0.000676613,0,0,0,3,0.01013406552374363,10,35
normal_248,0,14,0.0009648146,0,0,0,3,0.01013406552374363,10,35
normal_248,0,21,0.0019744225,0,0,0,3,0.01013406552374363,10,35
normal_248,0,28,0.012201188,1,1,0,3,0.01013406552374363,10,35
normal_248,0,35,0.0013397653,0,0,0,3,0.01013406552374363,10,35
normal_267,0,0,0.00046872732,0,0,0,3,0.01013406552374363,10,35
normal_267,0,7,0.00075140875,0,0,0,3,0.01013406552374363,10,35
normal_267,0,14,0.0010084626,0,0,0,3,0.01013406552374363,10,35
normal_267,0,21,0.0009658258,0,0,0,3,0.01013406552374363,10,35
normal_271,0,0,0.00051997945,0,0,0,3,0.01013406552374363,10,35
normal_271,0,7,0.0007971837,0,0,0,3,0.01013406552374363,10,35
normal_271,0,14,0.0005711066,0,0,0,3,0.01013406552374363,10,35
normal_271,0,21,0.00044951486,0,0,0,3,0.01013406552374363,10,35
normal_271,0,28,0.00094898115,0,0,0,3,0.01013406552374363,10,35
normal_271,0,35,0.00042705092,0,0,0,3,0.01013406552374363,10,35
normal_281,0,0,0.0008229092,0,0,0,3,0.01013406552374363,10,35
normal_281,0,7,0.0004485039,0,0,0,3,0.01013406552374363,10,35
normal_281,0,14,0.0005158097,0,0,0,3,0.01013406552374363,10,35
normal_281,0,21,0.00049759395,0,0,0,3,0.01013406552374363,10,35
normal_281,0,28,0.002166599,0,0,0,3,0.01013406552374363,10,35
normal_281,0,35,0.0006236786,0,0,0,3,0.01013406552374363,10,35
normal_283,0,0,0.0016393836,0,0,0,3,0.01013406552374363,10,35
normal_283,0,7,0.0024744563,0,0,0,3,0.01013406552374363,10,35
normal_283,0,14,0.02088801,1,1,0,3,0.01013406552374363,10,35
normal_287,0,0,0.001172278,0,0,0,3,0.01013406552374363,10,35
normal_287,0,7,0.0005551716,0,0,0,3,0.01013406552374363,10,35
normal_287,0,14,0.00049227994,0,0,0,3,0.01013406552374363,10,35
normal_287,0,21,0.000565726,0,0,0,3,0.01013406552374363,10,35
normal_287,0,28,0.0012592888,0,0,0,3,0.01013406552374363,10,35
normal_287,0,35,0.000725079,0,0,0,3,0.01013406552374363,10,35
normal_293,0,0,0.0005558859,0,0,0,3,0.01013406552374363,10,35
normal_293,0,7,0.00076790905,0,0,0,3,0.01013406552374363,10,35
normal_293,0,14,0.00042760838,0,0,0,3,0.01013406552374363,10,35
normal_293,0,21,0.00058683165,0,0,0,3,0.01013406552374363,10,35
normal_293,0,28,0.0008332871,0,0,0,3,0.01013406552374363,10,35
normal_293,0,35,0.00044220162,0,0,0,3,0.01013406552374363,10,35
normal_296,0,0,0.00048532232,0,0,0,3,0.01013406552374363,10,35
normal_296,0,7,0.0005389875,0,0,0,3,0.01013406552374363,10,35
normal_296,0,14,0.00077171635,0,0,0,3,0.01013406552374363,10,35
normal_297,0,0,0.00045355392,0,0,0,3,0.01013406552374363,10,35
normal_306,0,0,0.00076598726,0,0,0,3,0.01013406552374363,10,35
normal_306,0,7,0.0009858477,0,0,0,3,0.01013406552374363,10,35
normal_306,0,14,0.0012818023,0,0,0,3,0.01013406552374363,10,35
normal_306,0,21,0.0008113915,0,0,0,3,0.01013406552374363,10,35
normal_312,0,0,0.0007998896,0,0,0,3,0.01013406552374363,10,35
normal_312,0,7,0.0050304136,0,0,0,3,0.01013406552374363,10,35
normal_312,0,14,0.0013969896,0,0,0,3,0.01013406552374363,10,35
normal_312,0,21,0.0006960104,0,0,0,3,0.01013406552374363,10,35
normal_316,0,0,0.0009697672,0,0,0,3,0.01013406552374363,10,35
normal_316,0,7,0.0011707001,0,0,0,3,0.01013406552374363,10,35
normal_316,0,14,0.0011577223,0,0,0,3,0.01013406552374363,10,35
normal_316,0,21,0.0010741077,0,0,0,3,0.01013406552374363,10,35
normal_316,0,28,0.0005445648,0,0,0,3,0.01013406552374363,10,35
normal_316,0,35,0.00066450523,0,0,0,3,0.01013406552374363,10,35
normal_319,0,0,0.00097631646,0,0,0,3,0.01013406552374363,10,35
normal_319,0,7,0.0010182007,0,0,0,3,0.01013406552374363,10,35
normal_319,0,14,0.0015606864,0,0,0,3,0.01013406552374363,10,35
normal_330,0,0,0.0008319209,0,0,0,3,0.01013406552374363,10,35
normal_330,0,7,0.000676613,0,0,0,3,0.01013406552374363,10,35
normal_330,0,14,0.00039516663,0,0,0,3,0.01013406552374363,10,35
normal_330,0,21,0.00039516663,0,0,0,3,0.01013406552374363,10,35
normal_330,0,28,0.0011311695,0,0,0,3,0.01013406552374363,10,35
normal_330,0,35,0.00054155226,0,0,0,3,0.01013406552374363,10,35
normal_335,0,0,0.00062739046,0,0,0,3,0.01013406552374363,10,35
normal_335,0,7,0.0004485338,0,0,0,3,0.01013406552374363,10,35
normal_335,0,14,0.0006523283,0,0,0,3,0.01013406552374363,10,35
normal_335,0,21,0.00058303616,0,0,0,3,0.01013406552374363,10,35
normal_335,0,28,0.0014303399,0,0,0,3,0.01013406552374363,10,35
normal_335,0,35,0.00051065616,0,0,0,3,0.01013406552374363,10,35
normal_336,0,0,0.000870192,0,0,0,3,0.01013406552374363,10,35
normal_336,0,7,0.00091153785,0,0,0,3,0.01013406552374363,10,35
normal_336,0,14,0.00074096693,0,0,0,3,0.01013406552374363,10,35
normal_336,0,21,0.00058932224,0,0,0,3,0.01013406552374363,10,35
normal_336,0,28,0.0021462638,0,0,0,3,0.01013406552374363,10,35
normal_342,0,0,0.000994449,0,0,0,3,0.01013406552374363,10,35
normal_342,0,7,0.00058781577,0,0,0,3,0.01013406552374363,10,35
normal_342,0,14,0.0015155757,0,0,0,3,0.01013406552374363,10,35
normal_342,0,21,0.0013997236,0,0,0,3,0.01013406552374363,10,35
normal_342,0,28,0.00095394114,0,0,0,3,0.01013406552374363,10,35
normal_342,0,35,0.00082348334,0,0,0,3,0.01013406552374363,10,35
normal_345,0,0,0.0011674094,0,0,0,3,0.01013406552374363,10,35
normal_348,0,0,0.00048499677,0,0,0,3,0.01013406552374363,10,35
normal_348,0,7,0.0007002125,0,0,0,3,0.01013406552374363,10,35
normal_348,0,14,0.00048822764,0,0,0,3,0.01013406552374363,10,35
normal_348,0,21,0.00052359025,0,0,0,3,0.01013406552374363,10,35
normal_348,0,28,0.0005782075,0,0,0,3,0.01013406552374363,10,35
normal_348,0,35,0.00051235605,0,0,0,3,0.01013406552374363,10,35
normal_350,0,0,0.00068878784,0,0,0,3,0.01013406552374363,10,35
normal_350,0,7,0.0009212094,0,0,0,3,0.01013406552374363,10,35
normal_350,0,14,0.00068285584,0,0,0,3,0.01013406552374363,10,35
normal_350,0,21,0.00039516663,0,0,0,3,0.01013406552374363,10,35
normal_357,0,0,0.0005953835,0,0,0,3,0.01013406552374363,10,35
normal_357,0,7,0.0013799913,0,0,0,3,0.01013406552374363,10,35
normal_357,0,14,0.0014643966,0,0,0,3,0.01013406552374363,10,35
normal_362,0,0,0.000725079,0,0,0,3,0.01013406552374363,10,35
normal_362,0,7,0.0006617142,0,0,0,3,0.01013406552374363,10,35
normal_362,0,14,0.0008928453,0,0,0,3,0.01013406552374363,10,35
normal_362,0,21,0.00050754467,0,0,0,3,0.01013406552374363,10,35
normal_362,0,28,0.0004748948,0,0,0,3,0.01013406552374363,10,35
normal_362,0,35,0.001304429,0,0,0,3,0.01013406552374363,10,35
normal_368,0,0,0.00058683165,0,0,0,3,0.01013406552374363,10,35
normal_368,0,7,0.00058683165,0,0,0,3,0.01013406552374363,10,35
normal_368,0,14,0.0005647485,0,0,0,3,0.01013406552374363,10,35
normal_368,0,21,0.0014824288,0,0,0,3,0.01013406552374363,10,35
normal_369,0,0,0.00052550295,0,0,0,3,0.01013406552374363,10,35
normal_369,0,7,0.0011738004,0,0,0,3,0.01013406552374363,10,35
normal_373,0,0,0.00042634137,0,0,0,3,0.01013406552374363,10,35
normal_373,0,7,0.00052100647,0,0,0,3,0.01013406552374363,10,35
normal_373,0,14,0.0005389875,0,0,0,3,0.01013406552374363,10,35
normal_373,0,21,0.0004961771,0,0,0,3,0.01013406552374363,10,35
normal_373,0,28,0.0009841055,0,0,0,3,0.01013406552374363,10,35
normal_373,0,35,0.0008962823,0,0,0,3,0.01013406552374363,10,35
normal_378,0,0,0.00061315275,0,0,0,3,0.01013406552374363,10,35
normal_378,0,7,0.000524899,0,0,0,3,0.01013406552374363,10,35
normal_378,0,14,0.00057744415,0,0,0,3,0.01013406552374363,10,35
normal_378,0,21,0.00077761494,0,0,0,3,0.01013406552374363,10,35
normal_378,0,28,0.0013776368,0,0,0,3,0.01013406552374363,10,35
normal_378,0,35,0.00094599795,0,0,0,3,0.01013406552374363,10,35
normal_381,0,0,0.00055729545,0,0,0,3,0.01013406552374363,10,35
normal_381,0,7,0.002376241,0,0,0,3,0.01013406552374363,10,35
normal_381,0,14,0.0052502253,0,0,0,3,0.01013406552374363,10,35
normal_385,0,0,0.00059831626,0,0,0,3,0.01013406552374363,10,35
normal_385,0,7,0.00043198653,0,0,0,3,0.01013406552374363,10,35
normal_385,0,14,0.00047843726,0,0,0,3,0.01013406552374363,10,35
normal_385,0,21,0.00068353396,0,0,0,3,0.01013406552374363,10,35
normal_385,0,28,0.0004638384,0,0,0,3,0.01013406552374363,10,35
normal_385,0,35,0.00050610985,0,0,0,3,0.01013406552374363,10,35
normal_391,0,0,0.00044871084,0,0,0,3,0.01013406552374363,10,35
normal_391,0,7,0.0015316126,0,0,0,3,0.01013406552374363,10,35
normal_391,0,14,0.0004140115,0,0,0,3,0.01013406552374363,10,35
normal_391,0,21,0.0015896913,0,0,0,3,0.01013406552374363,10,35
normal_391,0,28,0.0004748948,0,0,0,3,0.01013406552374363,10,35
normal_391,0,35,0.000491462,0,0,0,3,0.01013406552374363,10,35
normal_401,0,0,0.0004140115,0,0,0,3,0.01013406552374363,10,35
normal_401,0,7,0.00038184426,0,0,0,3,0.01013406552374363,10,35
normal_401,0,14,0.00038184426,0,0,0,3,0.01013406552374363,10,35
normal_401,0,21,0.00040963423,0,0,0,3,0.01013406552374363,10,35
normal_401,0,28,0.00047791694,0,0,0,3,0.01013406552374363,10,35
normal_401,0,35,0.001157816,0,0,0,3,0.01013406552374363,10,35
normal_412,0,0,0.0005333445,0,0,0,3,0.01013406552374363,10,35
normal_412,0,7,0.000819902,0,0,0,3,0.01013406552374363,10,35
normal_412,0,14,0.00049353205,0,0,0,3,0.01013406552374363,10,35
normal_412,0,21,0.0010085189,0,0,0,3,0.01013406552374363,10,35
normal_412,0,28,0.00039516663,0,0,0,3,0.01013406552374363,10,35
normal_412,0,35,0.00055172114,0,0,0,3,0.01013406552374363,10,35
normal_414,0,0,0.0018848394,0,0,0,3,0.01013406552374363,10,35
normal_414,0,7,0.0022456495,0,0,0,3,0.01013406552374363,10,35
normal_418,0,0,0.00061039656,0,0,0,3,0.01013406552374363,10,35
normal_418,0,7,0.00063625636,0,0,0,3,0.01013406552374363,10,35
normal_418,0,14,0.00080936746,0,0,0,3,0.01013406552374363,10,35
normal_418,0,21,0.0005522265,0,0,0,3,0.01013406552374363,10,35
normal_418,0,28,0.00047701967,0,0,0,3,0.01013406552374363,10,35
normal_418,0,35,0.00039516663,0,0,0,3,0.01013406552374363,10,35
normal_424,0,0,0.0009924008,0,0,0,3,0.01013406552374363,10,35
normal_424,0,7,0.0010906112,0,0,0,3,0.01013406552374363,10,35
normal_424,0,14,0.00054764474,0,0,0,3,0.01013406552374363,10,35
normal_424,0,21,0.0005784971,0,0,0,3,0.01013406552374363,10,35
normal_424,0,28,0.0006585396,0,0,0,3,0.01013406552374363,10,35
normal_429,0,0,0.0006566779,0,0,0,3,0.01013406552374363,10,35
normal_429,0,7,0.0009862323,0,0,0,3,0.01013406552374363,10,35
normal_429,0,14,0.000490779,0,0,0,3,0.01013406552374363,10,35
normal_429,0,21,0.0008036351,0,0,0,3,0.01013406552374363,10,35
normal_429,0,28,0.00041918652,0,0,0,3,0.01013406552374363,10,35
normal_429,0,35,0.00039404127,0,0,0,3,0.01013406552374363,10,35
normal_435,0,0,0.00041495624,0,0,0,3,0.01013406552374363,10,35
normal_435,0,7,0.00046118387,0,0,0,3,0.01013406552374363,10,35
normal_435,0,14,0.00044252674,0,0,0,3,0.01013406552374363,10,35
normal_435,0,21,0.00041196845,0,0,0,3,0.01013406552374363,10,35
normal_435,0,28,0.0004757643,0,0,0,3,0.01013406552374363,10,35
normal_436,0,0,0.0006047696,0,0,0,3,0.01013406552374363,10,35
normal_436,0,7,0.00055871764,0,0,0,3,0.01013406552374363,10,35
normal_436,0,14,0.00048082013,0,0,0,3,0.01013406552374363,10,35
normal_437,0,0,0.00047780148,0,0,0,3,0.01013406552374363,10,35
normal_437,0,7,0.0009592058,0,0,0,3,0.01013406552374363,10,35
normal_439,0,0,0.0012132666,0,0,0,3,0.01013406552374363,10,35
normal_439,0,7,0.00081671594,0,0,0,3,0.01013406552374363,10,35
normal_439,0,14,0.0005819948,0,0,0,3,0.01013406552374363,10,35
normal_439,0,21,0.00039718093,0,0,0,3,0.01013406552374363,10,35
normal_439,0,28,0.00040778902,0,0,0,3,0.01013406552374363,10,35
normal_439,0,35,0.00075543404,0,0,0,3,0.01013406552374363,10,35
normal_450,0,0,0.0018384816,0,0,0,3,0.01013406552374363,10,35
normal_450,0,7,0.0006870057,0,0,0,3,0.01013406552374363,10,35
normal_450,0,14,0.0011808161,0,0,0,3,0.01013406552374363,10,35
normal_450,0,21,0.00074581895,0,0,0,3,0.01013406552374363,10,35
normal_450,0,28,0.00046359946,0,0,0,3,0.01013406552374363,10,35
normal_450,0,35,0.000676613,0,0,0,3,0.01013406552374363,10,35
normal_458,0,0,0.0006146972,0,0,0,3,0.01013406552374363,10,35
normal_458,0,7,0.0008045615,0,0,0,3,0.01013406552374363,10,35
normal_465,0,0,0.00057649304,0,0,0,3,0.01013406552374363,10,35
normal_468,0,0,0.0011209922,0,0,0,3,0.01013406552374363,10,35
normal_468,0,7,0.000676613,0,0,0,3,0.01013406552374363,10,35
normal_468,0,14,0.00043338418,0,0,0,3,0.01013406552374363,10,35
normal_468,0,21,0.0012246969,0,0,0,3,0.01013406552374363,10,35
normal_468,0,28,0.0009153416,0,0,0,3,0.01013406552374363,10,35
normal_474,0,0,0.0006822421,0,0,0,3,0.01013406552374363,10,35
normal_474,0,7,0.00074923364,0,0,0,3,0.01013406552374363,10,35
normal_474,0,14,0.0005022867,0,0,0,3,0.01013406552374363,10,35
normal_474,0,21,0.00043995905,0,0,0,3,0.01013406552374363,10,35
normal_474,0,28,0.0008399696,0,0,0,3,0.01013406552374363,10,35
normal_474,0,35,0.0016743866,0,0,0,3,0.01013406552374363,10,35
normal_476,0,0,0.00077461335,0,0,0,3,0.01013406552374363,10,35
normal_476,0,7,0.0007470089,0,0,0,3,0.01013406552374363,10,35
normal_478,0,0,0.0010017357,0,0,0,3,0.01013406552374363,10,35
normal_478,0,7,0.0016900708,0,0,0,3,0.01013406552374363,10,35
normal_478,0,14,0.0007781624,0,0,0,3,0.01013406552374363,10,35
normal_478,0,21,0.000543871,0,0,0,3,0.01013406552374363,10,35
normal_478,0,28,0.0014339807,0,0,0,3,0.01013406552374363,10,35
normal_478,0,35,0.0013441554,0,0,0,3,0.01013406552374363,10,35
normal_494,0,0,0.0012854688,0,0,0,3,0.01013406552374363,10,35
normal_494,0,7,0.0014807337,0,0,0,3,0.01013406552374363,10,35
normal_494,0,14,0.0011884687,0,0,0,3,0.01013406552374363,10,35
normal_494,0,21,0.0012321033,0,0,0,3,0.01013406552374363,10,35
normal_510,0,0,0.00049096125,0,0,0,3,0.01013406552374363,10,35
normal_510,0,7,0.0005599262,0,0,0,3,0.01013406552374363,10,35
normal_510,0,14,0.0017727991,0,0,0,3,0.01013406552374363,10,35
normal_510,0,21,0.001491513,0,0,0,3,0.01013406552374363,10,35
normal_510,0,28,0.0016439353,0,0,0,3,0.01013406552374363,10,35
normal_510,0,35,0.0014990089,0,0,0,3,0.01013406552374363,10,35
normal_512,0,0,0.0012351825,0,0,0,3,0.01013406552374363,10,35
normal_512,0,7,0.0018296655,0,0,0,3,0.01013406552374363,10,35
normal_512,0,14,0.0014443377,0,0,0,3,0.01013406552374363,10,35
normal_512,0,21,0.0014679555,0,0,0,3,0.01013406552374363,10,35
normal_515,0,0,0.001328913,0,0,0,3,0.01013406552374363,10,35
normal_515,0,7,0.0010546468,0,0,0,3,0.01013406552374363,10,35
normal_515,0,14,0.0013023274,0,0,0,3,0.01013406552374363,10,35
normal_515,0,21,0.0014274808,0,0,0,3,0.01013406552374363,10,35
normal_515,0,28,0.0016986349,0,0,0,3,0.01013406552374363,10,35
normal_515,0,35,0.0016809346,0,0,0,3,0.01013406552374363,10,35
normal_520,0,0,0.00066407066,0,0,0,3,0.01013406552374363,10,35
normal_520,0,7,0.0010958888,0,0,0,3,0.01013406552374363,10,35
normal_520,0,14,0.0011166699,0,0,0,3,0.01013406552374363,10,35
normal_520,0,21,0.0009768524,0,0,0,3,0.01013406552374363,10,35
normal_520,0,28,0.0009871122,0,0,0,3,0.01013406552374363,10,35
normal_520,0,35,0.00039560423,0,0,0,3,0.01013406552374363,10,35
normal_521,0,0,0.0011988682,0,0,0,3,0.01013406552374363,10,35
normal_521,0,7,0.0011572014,0,0,0,3,0.01013406552374363,10,35
normal_521,0,14,0.0017581835,0,0,0,3,0.01013406552374363,10,35
normal_521,0,21,0.0018276576,0,0,0,3,0.01013406552374363,10,35
normal_521,0,28,0.00192824,0,0,0,3,0.01013406552374363,10,35
normal_521,0,35,0.0017015759,0,0,0,3,0.01013406552374363,10,35
normal_522,0,0,0.0013267549,0,0,0,3,0.01013406552374363,10,35
normal_522,0,7,0.0011613435,0,0,0,3,0.01013406552374363,10,35
normal_522,0,14,0.0012413149,0,0,0,3,0.01013406552374363,10,35
normal_522,0,21,0.0012886414,0,0,0,3,0.01013406552374363,10,35
normal_528,0,0,0.0010962548,0,0,0,3,0.01013406552374363,10,35
normal_528,0,7,0.0015050791,0,0,0,3,0.01013406552374363,10,35
normal_528,0,14,0.00096892175,0,0,0,3,0.01013406552374363,10,35
normal_528,0,21,0.0011342873,0,0,0,3,0.01013406552374363,10,35
normal_533,0,0,0.0011364456,0,0,0,3,0.01013406552374363,10,35
normal_533,0,7,0.001830338,0,0,0,3,0.01013406552374363,10,35
normal_533,0,14,0.0012420701,0,0,0,3,0.01013406552374363,10,35
normal_533,0,21,0.00046250084,0,0,0,3,0.01013406552374363,10,35
normal_533,0,28,0.0010579203,0,0,0,3,0.01013406552374363,10,35
normal_533,0,35,0.0010448651,0,0,0,3,0.01013406552374363,10,35
normal_546,0,0,0.0014961183,0,0,0,3,0.01013406552374363,10,35
normal_546,0,7,0.00052245834,0,0,0,3,0.01013406552374363,10,35
normal_553,0,0,0.0018726296,0,0,0,3,0.01013406552374363,10,35
normal_553,0,7,0.0014918816,0,0,0,3,0.01013406552374363,10,35
normal_553,0,14,0.00090289215,0,0,0,3,0.01013406552374363,10,35
normal_565,0,0,0.0005979754,0,0,0,3,0.01013406552374363,10,35
normal_565,0,7,0.00096910266,0,0,0,3,0.01013406552374363,10,35
normal_565,0,14,0.000491462,0,0,0,3,0.01013406552374363,10,35
normal_578,0,0,0.00097762,0,0,0,3,0.01013406552374363,10,35
normal_578,0,7,0.0006341989,0,0,0,3,0.01013406552374363,10,35
normal_578,0,14,0.00075140875,0,0,0,3,0.01013406552374363,10,35
normal_582,0,0,0.0006418472,0,0,0,3,0.01013406552374363,10,35
normal_582,0,7,0.0009789966,0,0,0,3,0.01013406552374363,10,35
normal_582,0,14,0.0004800757,0,0,0,3,0.01013406552374363,10,35
normal_582,0,21,0.00049346365,0,0,0,3,0.01013406552374363,10,35
normal_582,0,28,0.0005700684,0,0,0,3,0.01013406552374363,10,35
normal_582,0,35,0.0005673554,0,0,0,3,0.01013406552374363,10,35
normal_584,0,0,0.00050265045,0,0,0,3,0.01013406552374363,10,35
normal_584,0,7,0.0004748948,0,0,0,3,0.01013406552374363,10,35
normal_584,0,14,0.000482495,0,0,0,3,0.01013406552374363,10,35
normal_584,0,21,0.00093342137,0,0,0,3,0.01013406552374363,10,35
anomaly_2,1,0,0.9989691,1,1,0,3,0.01013406552374363,10,35
anomaly_2,1,7,0.9989768,1,2,0,3,0.01013406552374363,10,35
anomaly_2,1,14,0.9989524,1,3,0,3,0.01013406552374363,10,35
anomaly_2,1,21,0.9995455,1,4,0,3,0.01013406552374363,10,35
anomaly_2,1,28,0.16099519,1,5,0,3,0.01013406552374363,10,35
anomaly_2,1,35,0.18530634,1,6,0,3,0.01013406552374363,10,35
anomaly_4,1,0,0.007675639,0,0,0,3,0.01013406552374363,10,35
anomaly_4,1,7,0.001741752,0,0,0,3,0.01013406552374363,10,35
anomaly_4,1,14,0.003554385,0,0,0,3,0.01013406552374363,10,35
anomaly_16,1,0,0.005501609,0,0,0,3,0.01013406552374363,10,35
anomaly_16,1,7,0.71035385,1,1,0,3,0.01013406552374363,10,35
anomaly_16,1,14,0.97244126,1,2,0,3,0.01013406552374363,10,35
anomaly_16,1,21,0.999458,1,3,0,3,0.01013406552374363,10,35
anomaly_16,1,28,0.9986896,1,4,0,3,0.01013406552374363,10,35
anomaly_16,1,35,0.99813986,1,5,0,3,0.01013406552374363,10,35
normal_7,0,0,0.0011197345,0,0,0,4,0.007274462841451168,7,19
normal_7,0,7,0.0010713225,0,0,0,4,0.007274462841451168,7,19
normal_7,0,14,0.0028483311,0,0,0,4,0.007274462841451168,7,19
normal_7,0,21,0.0013467573,0,0,0,4,0.007274462841451168,7,19
normal_7,0,28,0.0026367554,0,0,0,4,0.007274462841451168,7,19
normal_7,0,35,0.0066700773,0,0,0,4,0.007274462841451168,7,19
normal_17,0,0,0.00090773,0,0,0,4,0.007274462841451168,7,19
normal_17,0,7,0.008833563,1,1,0,4,0.007274462841451168,7,19
normal_17,0,14,0.0003238021,0,0,0,4,0.007274462841451168,7,19
normal_17,0,21,0.0010288531,0,0,0,4,0.007274462841451168,7,19
normal_17,0,28,0.00048963865,0,0,0,4,0.007274462841451168,7,19
normal_17,0,35,0.016082972,1,1,0,4,0.007274462841451168,7,19
normal_28,0,0,0.0008659402,0,0,0,4,0.007274462841451168,7,19
normal_28,0,7,0.0022152807,0,0,0,4,0.007274462841451168,7,19
normal_28,0,14,0.00096856547,0,0,0,4,0.007274462841451168,7,19
normal_28,0,21,0.0026274845,0,0,0,4,0.007274462841451168,7,19
normal_28,0,28,0.0016838368,0,0,0,4,0.007274462841451168,7,19
normal_28,0,35,0.0019315695,0,0,0,4,0.007274462841451168,7,19
normal_31,0,0,0.00048283063,0,0,0,4,0.007274462841451168,7,19
normal_31,0,7,0.00044510703,0,0,0,4,0.007274462841451168,7,19
normal_34,0,0,0.00037826723,0,0,0,4,0.007274462841451168,7,19
normal_34,0,7,0.00043323069,0,0,0,4,0.007274462841451168,7,19
normal_34,0,14,0.00059595547,0,0,0,4,0.007274462841451168,7,19
normal_34,0,21,0.0004166267,0,0,0,4,0.007274462841451168,7,19
normal_34,0,28,0.0009901348,0,0,0,4,0.007274462841451168,7,19
normal_34,0,35,0.0010349763,0,0,0,4,0.007274462841451168,7,19
normal_52,0,0,0.0011750797,0,0,0,4,0.007274462841451168,7,19
normal_52,0,7,0.0008993714,0,0,0,4,0.007274462841451168,7,19
normal_52,0,14,0.0012216311,0,0,0,4,0.007274462841451168,7,19
normal_52,0,21,0.0011621077,0,0,0,4,0.007274462841451168,7,19
normal_52,0,28,0.00097508985,0,0,0,4,0.007274462841451168,7,19
normal_52,0,35,0.0007513128,0,0,0,4,0.007274462841451168,7,19
normal_59,0,0,0.0010579092,0,0,0,4,0.007274462841451168,7,19
normal_59,0,7,0.0019862915,0,0,0,4,0.007274462841451168,7,19
normal_59,0,14,0.0035475448,0,0,0,4,0.007274462841451168,7,19
normal_59,0,21,0.0015568637,0,0,0,4,0.007274462841451168,7,19
normal_59,0,28,0.0010330392,0,0,0,4,0.007274462841451168,7,19
normal_59,0,35,0.00054398377,0,0,0,4,0.007274462841451168,7,19
normal_61,0,0,0.0003237808,0,0,0,4,0.007274462841451168,7,19
normal_61,0,7,0.00039183555,0,0,0,4,0.007274462841451168,7,19
normal_61,0,14,0.00081311056,0,0,0,4,0.007274462841451168,7,19
normal_61,0,21,0.00096927764,0,0,0,4,0.007274462841451168,7,19
normal_61,0,28,0.0003952806,0,0,0,4,0.007274462841451168,7,19
normal_61,0,35,0.00040166135,0,0,0,4,0.007274462841451168,7,19
normal_66,0,0,0.00033016026,0,0,0,4,0.007274462841451168,7,19
normal_66,0,7,0.000524154,0,0,0,4,0.007274462841451168,7,19
normal_66,0,14,0.0008094207,0,0,0,4,0.007274462841451168,7,19
normal_66,0,21,0.00091743364,0,0,0,4,0.007274462841451168,7,19
normal_66,0,28,0.00104339,0,0,0,4,0.007274462841451168,7,19
normal_66,0,35,0.00045644012,0,0,0,4,0.007274462841451168,7,19
normal_69,0,0,0.0003763504,0,0,0,4,0.007274462841451168,7,19
normal_69,0,7,0.0004721678,0,0,0,4,0.007274462841451168,7,19
normal_69,0,14,0.00042938278,0,0,0,4,0.007274462841451168,7,19
normal_69,0,21,0.00036946684,0,0,0,4,0.007274462841451168,7,19
normal_69,0,28,0.00039423967,0,0,0,4,0.007274462841451168,7,19
normal_69,0,35,0.00040605446,0,0,0,4,0.007274462841451168,7,19
normal_70,0,0,0.00039200627,0,0,0,4,0.007274462841451168,7,19
normal_70,0,7,0.0004516773,0,0,0,4,0.007274462841451168,7,19
normal_70,0,14,0.0007308606,0,0,0,4,0.007274462841451168,7,19
normal_70,0,21,0.00086811284,0,0,0,4,0.007274462841451168,7,19
normal_70,0,28,0.00035275004,0,0,0,4,0.007274462841451168,7,19
normal_70,0,35,0.00054981734,0,0,0,4,0.007274462841451168,7,19
normal_72,0,0,0.00046574464,0,0,0,4,0.007274462841451168,7,19
normal_72,0,7,0.00034884195,0,0,0,4,0.007274462841451168,7,19
normal_72,0,14,0.0007843729,0,0,0,4,0.007274462841451168,7,19
normal_72,0,21,0.000457263,0,0,0,4,0.007274462841451168,7,19
normal_72,0,28,0.0003646848,0,0,0,4,0.007274462841451168,7,19
normal_72,0,35,0.001003654,0,0,0,4,0.007274462841451168,7,19
normal_73,0,0,0.002801725,0,0,0,4,0.007274462841451168,7,19
normal_73,0,7,0.001215535,0,0,0,4,0.007274462841451168,7,19
normal_73,0,14,0.00093273685,0,0,0,4,0.007274462841451168,7,19
normal_73,0,21,0.00041653917,0,0,0,4,0.007274462841451168,7,19
normal_73,0,28,0.00038155683,0,0,0,4,0.007274462841451168,7,19
normal_73,0,35,0.0005860293,0,0,0,4,0.007274462841451168,7,19
normal_76,0,0,0.00036246685,0,0,0,4,0.007274462841451168,7,19
normal_76,0,7,0.003982722,0,0,0,4,0.007274462841451168,7,19
normal_76,0,14,0.003079084,0,0,0,4,0.007274462841451168,7,19
normal_76,0,21,0.0017525109,0,0,0,4,0.007274462841451168,7,19
normal_76,0,28,0.0003669838,0,0,0,4,0.007274462841451168,7,19
normal_76,0,35,0.001378484,0,0,0,4,0.007274462841451168,7,19
normal_81,0,0,0.0004021514,0,0,0,4,0.007274462841451168,7,19
normal_81,0,7,0.0009554965,0,0,0,4,0.007274462841451168,7,19
normal_81,0,14,0.00058152905,0,0,0,4,0.007274462841451168,7,19
normal_81,0,21,0.00035275004,0,0,0,4,0.007274462841451168,7,19
normal_82,0,0,0.0003376453,0,0,0,4,0.007274462841451168,7,19
normal_82,0,7,0.000326945,0,0,0,4,0.007274462841451168,7,19
normal_82,0,14,0.0005695818,0,0,0,4,0.007274462841451168,7,19
normal_92,0,0,0.002619756,0,0,0,4,0.007274462841451168,7,19
normal_92,0,7,0.0010129764,0,0,0,4,0.007274462841451168,7,19
normal_92,0,14,0.00413985,0,0,0,4,0.007274462841451168,7,19
normal_92,0,21,0.00039865618,0,0,0,4,0.007274462841451168,7,19
normal_97,0,0,0.0015554819,0,0,0,4,0.007274462841451168,7,19
normal_97,0,7,0.0008608272,0,0,0,4,0.007274462841451168,7,19
normal_97,0,14,0.00079081947,0,0,0,4,0.007274462841451168,7,19
normal_97,0,21,0.00039865618,0,0,0,4,0.007274462841451168,7,19
normal_98,0,0,0.0005404346,0,0,0,4,0.007274462841451168,7,19
normal_98,0,7,0.0006416732,0,0,0,4,0.007274462841451168,7,19
normal_104,0,0,0.00038909906,0,0,0,4,0.007274462841451168,7,19
normal_104,0,7,0.0009800554,0,0,0,4,0.007274462841451168,7,19
normal_104,0,14,0.008644052,1,1,0,4,0.007274462841451168,7,19
normal_106,0,0,0.00071167,0,0,0,4,0.007274462841451168,7,19
normal_106,0,7,0.00039343457,0,0,0,4,0.007274462841451168,7,19
normal_109,0,0,0.0008858551,0,0,0,4,0.007274462841451168,7,19
normal_109,0,7,0.00037661617,0,0,0,4,0.007274462841451168,7,19
normal_109,0,14,0.0004256514,0,0,0,4,0.007274462841451168,7,19
normal_109,0,21,0.00074870436,0,0,0,4,0.007274462841451168,7,19
normal_109,0,28,0.0004027595,0,0,0,4,0.007274462841451168,7,19
normal_109,0,35,0.0006187954,0,0,0,4,0.007274462841451168,7,19
normal_111,0,0,0.0007304745,0,0,0,4,0.007274462841451168,7,19
normal_111,0,7,0.0017249886,0,0,0,4,0.007274462841451168,7,19
normal_117,0,0,0.00039183555,0,0,0,4,0.007274462841451168,7,19
normal_117,0,7,0.00032219497,0,0,0,4,0.007274462841451168,7,19
normal_127,0,0,0.00053757604,0,0,0,4,0.007274462841451168,7,19
normal_127,0,7,0.00091114716,0,0,0,4,0.007274462841451168,7,19
normal_127,0,14,0.0005860293,0,0,0,4,0.007274462841451168,7,19
normal_127,0,21,0.00058178714,0,0,0,4,0.007274462841451168,7,19
normal_127,0,28,0.00053757604,0,0,0,4,0.007274462841451168,7,19
normal_127,0,35,0.0005956551,0,0,0,4,0.007274462841451168,7,19
normal_129,0,0,0.0005060319,0,0,0,4,0.007274462841451168,7,19
normal_129,0,7,0.0007885525,0,0,0,4,0.007274462841451168,7,19
normal_129,0,14,0.00038623626,0,0,0,4,0.007274462841451168,7,19
normal_129,0,21,0.0004891649,0,0,0,4,0.007274462841451168,7,19
normal_132,0,0,0.0017143281,0,0,0,4,0.007274462841451168,7,19
normal_132,0,7,0.02466868,1,1,0,4,0.007274462841451168,7,19
normal_132,0,14,0.00040638496,0,0,0,4,0.007274462841451168,7,19
normal_132,0,21,0.0009900955,0,0,0,4,0.007274462841451168,7,19
normal_132,0,28,0.0032798995,0,0,0,4,0.007274462841451168,7,19
normal_132,0,35,0.0011073981,0,0,0,4,0.007274462841451168,7,19
normal_133,0,0,0.00032578537,0,0,0,4,0.007274462841451168,7,19
normal_133,0,7,0.00042606628,0,0,0,4,0.007274462841451168,7,19
normal_133,0,14,0.00046942578,0,0,0,4,0.007274462841451168,7,19
normal_133,0,21,0.0003011881,0,0,0,4,0.007274462841451168,7,19
normal_133,0,28,0.00032255027,0,0,0,4,0.007274462841451168,7,19
normal_134,0,0,0.00038739786,0,0,0,4,0.007274462841451168,7,19
normal_134,0,7,0.00048906374,0,0,0,4,0.007274462841451168,7,19
normal_134,0,14,0.0005742608,0,0,0,4,0.007274462841451168,7,19
normal_137,0,0,0.0008419902,0,0,0,4,0.007274462841451168,7,19
normal_137,0,7,0.00031292834,0,0,0,4,0.007274462841451168,7,19
normal_137,0,14,0.0005904909,0,0,0,4,0.007274462841451168,7,19
normal_137,0,21,0.00037075646,0,0,0,4,0.007274462841451168,7,19
normal_137,0,28,0.0008419902,0,0,0,4,0.007274462841451168,7,19
normal_137,0,35,0.00033023237,0,0,0,4,0.007274462841451168,7,19
normal_140,0,0,0.00080267125,0,0,0,4,0.007274462841451168,7,19
normal_140,0,7,0.0005425636,0,0,0,4,0.007274462841451168,7,19
normal_140,0,14,0.0009052792,0,0,0,4,0.007274462841451168,7,19
normal_155,0,0,0.00079419103,0,0,0,4,0.007274462841451168,7,19
normal_155,0,7,0.0013791333,0,0,0,4,0.007274462841451168,7,19
normal_155,0,14,0.00091070106,0,0,0,4,0.007274462841451168,7,19
normal_155,0,21,0.0006024288,0,0,0,4,0.007274462841451168,7,19
normal_155,0,28,0.000696082,0,0,0,4,0.007274462841451168,7,19
normal_156,0,0,0.00040840756,0,0,0,4,0.007274462841451168,7,19
normal_156,0,7,0.001833928,0,0,0,4,0.007274462841451168,7,19
normal_156,0,14,0.0004132371,0,0,0,4,0.007274462841451168,7,19
normal_165,0,0,0.0018429557,0,0,0,4,0.007274462841451168,7,19
normal_165,0,7,0.0027782721,0,0,0,4,0.007274462841451168,7,19
normal_165,0,14,0.047635797,1,1,0,4,0.007274462841451168,7,19
normal_165,0,21,0.0016304594,0,0,0,4,0.007274462841451168,7,19
normal_165,0,28,0.00284773,0,0,0,4,0.007274462841451168,7,19
normal_165,0,35,0.0031212054,0,0,0,4,0.007274462841451168,7,19
normal_170,0,0,0.014906183,1,1,0,4,0.007274462841451168,7,19
normal_170,0,7,0.00053645147,0,0,0,4,0.007274462841451168,7,19
normal_170,0,14,0.0004398115,0,0,0,4,0.007274462841451168,7,19
normal_170,0,21,0.0009074403,0,0,0,4,0.007274462841451168,7,19
normal_170,0,28,0.0011807139,0,0,0,4,0.007274462841451168,7,19
normal_170,0,35,0.0010022145,0,0,0,4,0.007274462841451168,7,19
normal_180,0,0,0.0004744362,0,0,0,4,0.007274462841451168,7,19
normal_184,0,0,0.00040368296,0,0,0,4,0.007274462841451168,7,19
normal_184,0,7,0.000373812,0,0,0,4,0.007274462841451168,7,19
normal_184,0,14,0.0004345878,0,0,0,4,0.007274462841451168,7,19
normal_194,0,0,0.00075373414,0,0,0,4,0.007274462841451168,7,19
normal_194,0,7,0.0007938853,0,0,0,4,0.007274462841451168,7,19
normal_194,0,14,0.0014151037,0,0,0,4,0.007274462841451168,7,19
normal_194,0,21,0.00034960604,0,0,0,4,0.007274462841451168,7,19
normal_194,0,28,0.00040542963,0,0,0,4,0.007274462841451168,7,19
normal_194,0,35,0.0011345363,0,0,0,4,0.007274462841451168,7,19
normal_201,0,0,0.00037776827,0,0,0,4,0.007274462841451168,7,19
normal_201,0,7,0.00060953875,0,0,0,4,0.007274462841451168,7,19
normal_201,0,14,0.00041550642,0,0,0,4,0.007274462841451168,7,19
normal_222,0,0,0.000582247,0,0,0,4,0.007274462841451168,7,19
normal_222,0,7,0.0003617421,0,0,0,4,0.007274462841451168,7,19
normal_222,0,14,0.00043672556,0,0,0,4,0.007274462841451168,7,19
normal_222,0,21,0.0004922921,0,0,0,4,0.007274462841451168,7,19
normal_222,0,28,0.0010844361,0,0,0,4,0.007274462841451168,7,19
normal_222,0,35,0.0004550883,0,0,0,4,0.007274462841451168,7,19
normal_230,0,0,0.00045199864,0,0,0,4,0.007274462841451168,7,19
normal_230,0,7,0.0003446818,0,0,0,4,0.007274462841451168,7,19
normal_230,0,14,0.00058577413,0,0,0,4,0.007274462841451168,7,19
normal_230,0,21,0.0004852321,0,0,0,4,0.007274462841451168,7,19
normal_230,0,28,0.00030654657,0,0,0,4,0.007274462841451168,7,19
normal_234,0,0,0.0014137297,0,0,0,4,0.007274462841451168,7,19
normal_234,0,7,0.0005973886,0,0,0,4,0.007274462841451168,7,19
normal_234,0,14,0.00087845203,0,0,0,4,0.007274462841451168,7,19
normal_234,0,21,0.0007905207,0,0,0,4,0.007274462841451168,7,19
normal_234,0,28,0.0077945483,1,1,0,4,0.007274462841451168,7,19
normal_234,0,35,0.0003850923,0,0,0,4,0.007274462841451168,7,19
normal_240,0,0,0.00041061323,0,0,0,4,0.007274462841451168,7,19
normal_240,0,7,0.00049546745,0,0,0,4,0.007274462841451168,7,19
normal_240,0,14,0.00036732017,0,0,0,4,0.007274462841451168,7,19
normal_240,0,21,0.00036246685,0,0,0,4,0.007274462841451168,7,19
normal_240,0,28,0.0003536454,0,0,0,4,0.007274462841451168,7,19
normal_240,0,35,0.0004131516,0,0,0,4,0.007274462841451168,7,19
normal_242,0,0,0.00048235175,0,0,0,4,0.007274462841451168,7,19
normal_242,0,7,0.0003758076,0,0,0,4,0.007274462841451168,7,19
normal_242,0,14,0.00090483896,0,0,0,4,0.007274462841451168,7,19
normal_242,0,21,0.00053125084,0,0,0,4,0.007274462841451168,7,19
normal_242,0,28,0.0009943297,0,0,0,4,0.007274462841451168,7,19
normal_252,0,0,0.00045119022,0,0,0,4,0.007274462841451168,7,19
normal_252,0,7,0.00065706694,0,0,0,4,0.007274462841451168,7,19
normal_252,0,14,0.0007517514,0,0,0,4,0.007274462841451168,7,19
normal_252,0,21,0.00033023237,0,0,0,4,0.007274462841451168,7,19
normal_252,0,28,0.00050762086,0,0,0,4,0.007274462841451168,7,19
normal_252,0,35,0.0006378137,0,0,0,4,0.007274462841451168,7,19
normal_253,0,0,0.0020979813,0,0,0,4,0.007274462841451168,7,19
normal_253,0,7,0.0014559458,0,0,0,4,0.007274462841451168,7,19
normal_253,0,14,0.014387142,1,1,0,4,0.007274462841451168,7,19
normal_253,0,21,0.04664611,1,2,0,4,0.007274462841451168,7,19
normal_253,0,28,0.0016192017,0,0,0,4,0.007274462841451168,7,19
normal_253,0,35,0.00059470773,0,0,0,4,0.007274462841451168,7,19
normal_272,0,0,0.00044531943,0,0,0,4,0.007274462841451168,7,19
normal_272,0,7,0.0012285578,0,0,0,4,0.007274462841451168,7,19
normal_272,0,14,0.0007348067,0,0,0,4,0.007274462841451168,7,19
normal_272,0,21,0.0004796855,0,0,0,4,0.007274462841451168,7,19
normal_272,0,28,0.0005037601,0,0,0,4,0.007274462841451168,7,19
normal_272,0,35,0.00039932158,0,0,0,4,0.007274462841451168,7,19
normal_274,0,0,0.0005751232,0,0,0,4,0.007274462841451168,7,19
normal_274,0,7,0.000497802,0,0,0,4,0.007274462841451168,7,19
normal_274,0,14,0.0009080431,0,0,0,4,0.007274462841451168,7,19
normal_274,0,21,0.00046207604,0,0,0,4,0.007274462841451168,7,19
normal_274,0,28,0.00038082604,0,0,0,4,0.007274462841451168,7,19
normal_275,0,0,0.00040638496,0,0,0,4,0.007274462841451168,7,19
normal_275,0,7,0.00084652577,0,0,0,4,0.007274462841451168,7,19
normal_275,0,14,0.0008509378,0,0,0,4,0.007274462841451168,7,19
normal_275,0,21,0.001907456,0,0,0,4,0.007274462841451168,7,19
normal_275,0,28,0.0011627543,0,0,0,4,0.007274462841451168,7,19
normal_275,0,35,0.0013706771,0,0,0,4,0.007274462841451168,7,19
normal_276,0,0,0.0004942276,0,0,0,4,0.007274462841451168,7,19
normal_276,0,7,0.000361015,0,0,0,4,0.007274462841451168,7,19
normal_276,0,14,0.0003676004,0,0,0,4,0.007274462841451168,7,19
normal_276,0,21,0.0002978687,0,0,0,4,0.007274462841451168,7,19
normal_276,0,28,0.00043045037,0,0,0,4,0.007274462841451168,7,19
normal_278,0,0,0.0020644364,0,0,0,4,0.007274462841451168,7,19
normal_284,0,0,0.000460105,0,0,0,4,0.007274462841451168,7,19
normal_284,0,7,0.00080988137,0,0,0,4,0.007274462841451168,7,19
normal_295,0,0,0.0018017937,0,0,0,4,0.007274462841451168,7,19
normal_295,0,7,0.0013199986,0,0,0,4,0.007274462841451168,7,19
normal_295,0,14,0.0034079836,0,0,0,4,0.007274462841451168,7,19
normal_295,0,21,0.00195268,0,0,0,4,0.007274462841451168,7,19
normal_307,0,0,0.0003850923,0,0,0,4,0.007274462841451168,7,19
normal_307,0,7,0.0014245814,0,0,0,4,0.007274462841451168,7,19
normal_307,0,14,0.0006211536,0,0,0,4,0.007274462841451168,7,19
normal_326,0,0,0.0006105435,0,0,0,4,0.007274462841451168,7,19
normal_326,0,7,0.0013284569,0,0,0,4,0.007274462841451168,7,19
normal_326,0,14,0.0005066398,0,0,0,4,0.007274462841451168,7,19
normal_329,0,0,0.003196472,0,0,0,4,0.007274462841451168,7,19
normal_329,0,7,0.00045736256,0,0,0,4,0.007274462841451168,7,19
normal_329,0,14,0.00045775663,0,0,0,4,0.007274462841451168,7,19
normal_329,0,21,0.0004157493,0,0,0,4,0.007274462841451168,7,19
normal_329,0,28,0.0007871681,0,0,0,4,0.007274462841451168,7,19
normal_329,0,35,0.0005395483,0,0,0,4,0.007274462841451168,7,19
normal_339,0,0,0.000497565,0,0,0,4,0.007274462841451168,7,19
normal_341,0,0,0.00042284752,0,0,0,4,0.007274462841451168,7,19
normal_341,0,7,0.00045799147,0,0,0,4,0.007274462841451168,7,19
normal_341,0,14,0.0006802477,0,0,0,4,0.007274462841451168,7,19
normal_341,0,21,0.012432582,1,1,0,4,0.007274462841451168,7,19
normal_341,0,28,0.0017577525,0,0,0,4,0.007274462841451168,7,19
normal_341,0,35,0.000326945,0,0,0,4,0.007274462841451168,7,19
normal_343,0,0,0.0010356712,0,0,0,4,0.007274462841451168,7,19
normal_343,0,7,0.0010927166,0,0,0,4,0.007274462841451168,7,19
normal_343,0,14,0.00063712045,0,0,0,4,0.007274462841451168,7,19
normal_343,0,21,0.0015266823,0,0,0,4,0.007274462841451168,7,19
normal_343,0,28,0.0004676101,0,0,0,4,0.007274462841451168,7,19
normal_344,0,0,0.000423473,0,0,0,4,0.007274462841451168,7,19
normal_344,0,7,0.00078528497,0,0,0,4,0.007274462841451168,7,19
normal_344,0,14,0.00034691923,0,0,0,4,0.007274462841451168,7,19
normal_375,0,0,0.0007143581,0,0,0,4,0.007274462841451168,7,19
normal_375,0,7,0.008082441,1,1,0,4,0.007274462841451168,7,19
normal_375,0,14,0.00053757604,0,0,0,4,0.007274462841451168,7,19
normal_396,0,0,0.0004147002,0,0,0,4,0.007274462841451168,7,19
normal_396,0,7,0.00041212517,0,0,0,4,0.007274462841451168,7,19
normal_396,0,14,0.0006984589,0,0,0,4,0.007274462841451168,7,19
normal_396,0,21,0.00045028105,0,0,0,4,0.007274462841451168,7,19
normal_396,0,28,0.0004505833,0,0,0,4,0.007274462841451168,7,19
normal_396,0,35,0.0009080431,0,0,0,4,0.007274462841451168,7,19
normal_399,0,0,0.00035713878,0,0,0,4,0.007274462841451168,7,19
normal_399,0,7,0.00034061488,0,0,0,4,0.007274462841451168,7,19
normal_431,0,0,0.00042612336,0,0,0,4,0.007274462841451168,7,19
normal_431,0,7,0.000675406,0,0,0,4,0.007274462841451168,7,19
normal_445,0,0,0.00039592266,0,0,0,4,0.007274462841451168,7,19
normal_445,0,7,0.0004549014,0,0,0,4,0.007274462841451168,7,19
normal_445,0,14,0.00074870436,0,0,0,4,0.007274462841451168,7,19
normal_445,0,21,0.0005379451,0,0,0,4,0.007274462841451168,7,19
normal_445,0,28,0.00033356168,0,0,0,4,0.007274462841451168,7,19
normal_445,0,35,0.00063354615,0,0,0,4,0.007274462841451168,7,19
normal_448,0,0,0.0004986721,0,0,0,4,0.007274462841451168,7,19
normal_457,0,0,0.00035275004,0,0,0,4,0.007274462841451168,7,19
normal_457,0,7,0.0004398115,0,0,0,4,0.007274462841451168,7,19
normal_457,0,14,0.00094269007,0,0,0,4,0.007274462841451168,7,19
normal_457,0,21,0.0010660717,0,0,0,4,0.007274462841451168,7,19
normal_470,0,0,0.00042421502,0,0,0,4,0.007274462841451168,7,19
normal_470,0,7,0.0007825762,0,0,0,4,0.007274462841451168,7,19
normal_470,0,14,0.0031400884,0,0,0,4,0.007274462841451168,7,19
normal_470,0,21,0.0003634873,0,0,0,4,0.007274462841451168,7,19
normal_486,0,0,0.0003939211,0,0,0,4,0.007274462841451168,7,19
normal_486,0,7,0.0018131359,0,0,0,4,0.007274462841451168,7,19
normal_486,0,14,0.00074252166,0,0,0,4,0.007274462841451168,7,19
normal_486,0,21,0.0006750569,0,0,0,4,0.007274462841451168,7,19
normal_486,0,28,0.001034416,0,0,0,4,0.007274462841451168,7,19
normal_487,0,0,0.00093558326,0,0,0,4,0.007274462841451168,7,19
normal_487,0,7,0.0025951946,0,0,0,4,0.007274462841451168,7,19
normal_487,0,14,0.002823939,0,0,0,4,0.007274462841451168,7,19
normal_487,0,21,0.001663335,0,0,0,4,0.007274462841451168,7,19
normal_487,0,28,0.0009475234,0,0,0,4,0.007274462841451168,7,19
normal_498,0,0,0.0012158557,0,0,0,4,0.007274462841451168,7,19
normal_498,0,7,0.00039343457,0,0,0,4,0.007274462841451168,7,19
normal_498,0,14,0.0004076042,0,0,0,4,0.007274462841451168,7,19
normal_498,0,21,0.0019225762,0,0,0,4,0.007274462841451168,7,19
normal_498,0,28,0.0019900457,0,0,0,4,0.007274462841451168,7,19
normal_498,0,35,0.0012094636,0,0,0,4,0.007274462841451168,7,19
normal_500,0,0,0.00042094762,0,0,0,4,0.007274462841451168,7,19
normal_500,0,7,0.0008461733,0,0,0,4,0.007274462841451168,7,19
normal_500,0,14,0.0013106277,0,0,0,4,0.007274462841451168,7,19
normal_500,0,21,0.0036223168,0,0,0,4,0.007274462841451168,7,19
normal_500,0,28,0.0017826977,0,0,0,4,0.007274462841451168,7,19
normal_500,0,35,0.00121107,0,0,0,4,0.007274462841451168,7,19
normal_502,0,0,0.0036958118,0,0,0,4,0.007274462841451168,7,19
normal_502,0,7,0.0031179418,0,0,0,4,0.007274462841451168,7,19
normal_505,0,0,0.0010725433,0,0,0,4,0.007274462841451168,7,19
normal_505,0,7,0.0013512823,0,0,0,4,0.007274462841451168,7,19
normal_505,0,14,0.00046957572,0,0,0,4,0.007274462841451168,7,19
normal_505,0,21,0.00092964846,0,0,0,4,0.007274462841451168,7,19
normal_505,0,28,0.0011356269,0,0,0,4,0.007274462841451168,7,19
normal_505,0,35,0.0034579257,0,0,0,4,0.007274462841451168,7,19
normal_506,0,0,0.0010516875,0,0,0,4,0.007274462841451168,7,19
normal_506,0,7,0.0011032715,0,0,0,4,0.007274462841451168,7,19
normal_506,0,14,0.0008010242,0,0,0,4,0.007274462841451168,7,19
normal_506,0,21,0.0019312267,0,0,0,4,0.007274462841451168,7,19
normal_506,0,28,0.005294509,0,0,0,4,0.007274462841451168,7,19
normal_506,0,35,0.0013082381,0,0,0,4,0.007274462841451168,7,19
normal_513,0,0,0.0013797205,0,0,0,4,0.007274462841451168,7,19
normal_513,0,7,0.0004947204,0,0,0,4,0.007274462841451168,7,19
normal_525,0,0,0.0021114333,0,0,0,4,0.007274462841451168,7,19
normal_525,0,7,0.0021290681,0,0,0,4,0.007274462841451168,7,19
normal_525,0,14,0.00108933,0,0,0,4,0.007274462841451168,7,19
normal_525,0,21,0.001230148,0,0,0,4,0.007274462841451168,7,19
normal_525,0,28,0.0021664586,0,0,0,4,0.007274462841451168,7,19
normal_525,0,35,0.0022159617,0,0,0,4,0.007274462841451168,7,19
normal_527,0,0,0.0011387586,0,0,0,4,0.007274462841451168,7,19
normal_527,0,7,0.0007446386,0,0,0,4,0.007274462841451168,7,19
normal_527,0,14,0.00066059065,0,0,0,4,0.007274462841451168,7,19
normal_527,0,21,0.00042372535,0,0,0,4,0.007274462841451168,7,19
normal_527,0,28,0.0012748209,0,0,0,4,0.007274462841451168,7,19
normal_532,0,0,0.00079536415,0,0,0,4,0.007274462841451168,7,19
normal_532,0,7,0.000588804,0,0,0,4,0.007274462841451168,7,19
normal_532,0,14,0.002024968,0,0,0,4,0.007274462841451168,7,19
normal_532,0,21,0.0007489106,0,0,0,4,0.007274462841451168,7,19
normal_532,0,28,0.00046957572,0,0,0,4,0.007274462841451168,7,19
normal_532,0,35,0.00062135345,0,0,0,4,0.007274462841451168,7,19
normal_535,0,0,0.0011064516,0,0,0,4,0.007274462841451168,7,19
normal_535,0,7,0.0013276391,0,0,0,4,0.007274462841451168,7,19
normal_537,0,0,0.00078630855,0,0,0,4,0.007274462841451168,7,19
normal_537,0,7,0.0012762983,0,0,0,4,0.007274462841451168,7,19
normal_537,0,14,0.000990572,0,0,0,4,0.007274462841451168,7,19
normal_537,0,21,0.0005038084,0,0,0,4,0.007274462841451168,7,19
normal_537,0,28,0.00093108666,0,0,0,4,0.007274462841451168,7,19
normal_537,0,35,0.0026883215,0,0,0,4,0.007274462841451168,7,19
normal_543,0,0,0.0028482391,0,0,0,4,0.007274462841451168,7,19
normal_543,0,7,0.0013219537,0,0,0,4,0.007274462841451168,7,19
normal_543,0,14,0.0011607186,0,0,0,4,0.007274462841451168,7,19
normal_543,0,21,0.0009889695,0,0,0,4,0.007274462841451168,7,19
normal_543,0,28,0.0014043675,0,0,0,4,0.007274462841451168,7,19
normal_543,0,35,0.0026883215,0,0,0,4,0.007274462841451168,7,19
normal_544,0,0,0.0026493438,0,0,0,4,0.007274462841451168,7,19
normal_544,0,7,0.0018637052,0,0,0,4,0.007274462841451168,7,19
normal_544,0,14,0.001322824,0,0,0,4,0.007274462841451168,7,19
normal_544,0,21,0.0012748209,0,0,0,4,0.007274462841451168,7,19
normal_544,0,28,0.0009966177,0,0,0,4,0.007274462841451168,7,19
normal_544,0,35,0.00060953875,0,0,0,4,0.007274462841451168,7,19
normal_558,0,0,0.0012337521,0,0,0,4,0.007274462841451168,7,19
normal_558,0,7,0.0014275848,0,0,0,4,0.007274462841451168,7,19
normal_558,0,14,0.0013041514,0,0,0,4,0.007274462841451168,7,19
normal_558,0,21,0.0011325419,0,0,0,4,0.007274462841451168,7,19
normal_558,0,28,0.0012034934,0,0,0,4,0.007274462841451168,7,19
normal_563,0,0,0.0058035003,0,0,0,4,0.007274462841451168,7,19
normal_563,0,7,0.00089387054,0,0,0,4,0.007274462841451168,7,19
normal_563,0,14,0.0007853725,0,0,0,4,0.007274462841451168,7,19
normal_563,0,21,0.0004439866,0,0,0,4,0.007274462841451168,7,19
normal_563,0,28,0.0003939211,0,0,0,4,0.007274462841451168,7,19
normal_563,0,35,0.00105113,0,0,0,4,0.007274462841451168,7,19
normal_570,0,0,0.44331524,1,1,0,4,0.007274462841451168,7,19
normal_570,0,7,0.8634045,1,2,0,4,0.007274462841451168,7,19
normal_570,0,14,0.0013519954,0,0,0,4,0.007274462841451168,7,19
normal_570,0,21,0.00047461715,0,0,0,4,0.007274462841451168,7,19
normal_570,0,28,0.00036538672,0,0,0,4,0.007274462841451168,7,19
normal_572,0,0,0.00045271593,0,0,0,4,0.007274462841451168,7,19
normal_572,0,7,0.0003446818,0,0,0,4,0.007274462841451168,7,19
normal_572,0,14,0.00053292856,0,0,0,4,0.007274462841451168,7,19
normal_585,0,0,0.00029220324,0,0,0,4,0.007274462841451168,7,19
normal_585,0,7,0.00040247352,0,0,0,4,0.007274462841451168,7,19
normal_587,0,0,0.00060544384,0,0,0,4,0.007274462841451168,7,19
normal_587,0,7,0.00031695896,0,0,0,4,0.007274462841451168,7,19
normal_587,0,14,0.00037695814,0,0,0,4,0.007274462841451168,7,19
normal_587,0,21,0.00033443063,0,0,0,4,0.007274462841451168,7,19
normal_587,0,28,0.00043672597,0,0,0,4,0.007274462841451168,7,19
normal_587,0,35,0.00053639885,0,0,0,4,0.007274462841451168,7,19
normal_599,0,0,0.0015345827,0,0,0,4,0.007274462841451168,7,19
normal_599,0,7,0.002172307,0,0,0,4,0.007274462841451168,7,19
normal_599,0,14,0.002392292,0,0,0,4,0.007274462841451168,7,19
normal_599,0,21,0.00051210384,0,0,0,4,0.007274462841451168,7,19
normal_599,0,28,0.0019938024,0,0,0,4,0.007274462841451168,7,19
anomaly_8,1,0,0.9961409,1,1,0,4,0.007274462841451168,7,19
anomaly_8,1,7,0.9984127,1,2,0,4,0.007274462841451168,7,19
anomaly_8,1,14,0.9988199,1,3,0,4,0.007274462841451168,7,19
anomaly_8,1,21,0.999032,1,4,0,4,0.007274462841451168,7,19
anomaly_17,1,0,0.97656745,1,1,0,4,0.007274462841451168,7,19
anomaly_17,1,7,0.04642583,1,2,0,4,0.007274462841451168,7,19
anomaly_17,1,14,0.010203745,1,3,0,4,0.007274462841451168,7,19
anomaly_17,1,21,0.0035697222,0,0,0,4,0.007274462841451168,7,19
anomaly_17,1,28,0.003008774,0,0,0,4,0.007274462841451168,7,19
anomaly_17,1,35,0.20619644,1,1,0,4,0.007274462841451168,7,19
anomaly_18,1,0,0.8392418,1,1,0,4,0.007274462841451168,7,19
anomaly_18,1,7,0.9566253,1,2,0,4,0.007274462841451168,7,19
anomaly_18,1,14,0.44691658,1,3,0,4,0.007274462841451168,7,19
anomaly_18,1,21,0.0575088,1,4,0,4,0.007274462841451168,7,19
normal_2,0,0,0.00060704525,0,0,0,5,0.03454149141907692,9,28
normal_2,0,7,0.0062760855,0,0,0,5,0.03454149141907692,9,28
normal_2,0,14,0.0007391921,0,0,0,5,0.03454149141907692,9,28
normal_2,0,21,0.0007428525,0,0,0,5,0.03454149141907692,9,28
normal_12,0,0,0.0021466592,0,0,0,5,0.03454149141907692,9,28
normal_12,0,7,0.00205666,0,0,0,5,0.03454149141907692,9,28
normal_12,0,14,0.00077887496,0,0,0,5,0.03454149141907692,9,28
normal_12,0,21,0.0013478069,0,0,0,5,0.03454149141907692,9,28
normal_12,0,28,0.0019659288,0,0,0,5,0.03454149141907692,9,28
normal_12,0,35,0.0005449176,0,0,0,5,0.03454149141907692,9,28
normal_14,0,0,0.00057225575,0,0,0,5,0.03454149141907692,9,28
normal_14,0,7,0.00065381837,0,0,0,5,0.03454149141907692,9,28
normal_16,0,0,0.0012150261,0,0,0,5,0.03454149141907692,9,28
normal_16,0,7,0.001367165,0,0,0,5,0.03454149141907692,9,28
normal_16,0,14,0.0048991228,0,0,0,5,0.03454149141907692,9,28
normal_16,0,21,0.0007573489,0,0,0,5,0.03454149141907692,9,28
normal_16,0,28,0.000398485,0,0,0,5,0.03454149141907692,9,28
normal_16,0,35,0.00089602836,0,0,0,5,0.03454149141907692,9,28
normal_23,0,0,0.00036314823,0,0,0,5,0.03454149141907692,9,28
normal_23,0,7,0.00085649337,0,0,0,5,0.03454149141907692,9,28
normal_23,0,14,0.0010166769,0,0,0,5,0.03454149141907692,9,28
normal_23,0,21,0.0003569189,0,0,0,5,0.03454149141907692,9,28
normal_23,0,28,0.0004248852,0,0,0,5,0.03454149141907692,9,28
normal_23,0,35,0.0005445256,0,0,0,5,0.03454149141907692,9,28
normal_35,0,0,0.000860225,0,0,0,5,0.03454149141907692,9,28
normal_35,0,7,0.0010261724,0,0,0,5,0.03454149141907692,9,28
normal_35,0,14,0.00093786046,0,0,0,5,0.03454149141907692,9,28
normal_35,0,21,0.0011853939,0,0,0,5,0.03454149141907692,9,28
normal_35,0,28,0.015271336,0,0,0,5,0.03454149141907692,9,28
normal_35,0,35,0.00038413258,0,0,0,5,0.03454149141907692,9,28
normal_37,0,0,0.0002823984,0,0,0,5,0.03454149141907692,9,28
normal_37,0,7,0.0007001117,0,0,0,5,0.03454149141907692,9,28
normal_37,0,14,0.000292644,0,0,0,5,0.03454149141907692,9,28
normal_37,0,21,0.027750487,0,0,0,5,0.03454149141907692,9,28
normal_38,0,0,0.0009563363,0,0,0,5,0.03454149141907692,9,28
normal_38,0,7,0.0014785547,0,0,0,5,0.03454149141907692,9,28
normal_49,0,0,0.0024374132,0,0,0,5,0.03454149141907692,9,28
normal_49,0,7,0.0007370499,0,0,0,5,0.03454149141907692,9,28
normal_49,0,14,0.0025746063,0,0,0,5,0.03454149141907692,9,28
normal_49,0,21,0.001817387,0,0,0,5,0.03454149141907692,9,28
normal_49,0,28,0.0011084218,0,0,0,5,0.03454149141907692,9,28
normal_49,0,35,0.002337431,0,0,0,5,0.03454149141907692,9,28
normal_50,0,0,0.0011706265,0,0,0,5,0.03454149141907692,9,28
normal_50,0,7,0.00047762753,0,0,0,5,0.03454149141907692,9,28
normal_50,0,14,0.00043995382,0,0,0,5,0.03454149141907692,9,28
normal_50,0,21,0.00092894625,0,0,0,5,0.03454149141907692,9,28
normal_60,0,0,0.00059290824,0,0,0,5,0.03454149141907692,9,28
normal_60,0,7,0.00034746886,0,0,0,5,0.03454149141907692,9,28
normal_60,0,14,0.00040327717,0,0,0,5,0.03454149141907692,9,28
normal_60,0,21,0.0006641184,0,0,0,5,0.03454149141907692,9,28
normal_60,0,28,0.00041928623,0,0,0,5,0.03454149141907692,9,28
normal_60,0,35,0.00059841573,0,0,0,5,0.03454149141907692,9,28
normal_64,0,0,0.0011381779,0,0,0,5,0.03454149141907692,9,28
normal_64,0,7,0.000512307,0,0,0,5,0.03454149141907692,9,28
normal_64,0,14,0.0003339626,0,0,0,5,0.03454149141907692,9,28
normal_64,0,21,0.00065427274,0,0,0,5,0.03454149141907692,9,28
normal_64,0,28,0.00042114512,0,0,0,5,0.03454149141907692,9,28
normal_64,0,35,0.00072306785,0,0,0,5,0.03454149141907692,9,28
normal_65,0,0,0.09515317,1,1,0,5,0.03454149141907692,9,28
normal_65,0,7,0.0028933494,0,0,0,5,0.03454149141907692,9,28
normal_65,0,14,0.000489323,0,0,0,5,0.03454149141907692,9,28
normal_65,0,21,0.0018185525,0,0,0,5,0.03454149141907692,9,28
normal_65,0,28,0.0024092246,0,0,0,5,0.03454149141907692,9,28
normal_65,0,35,0.0050088726,0,0,0,5,0.03454149141907692,9,28
normal_67,0,0,0.0068358737,0,0,0,5,0.03454149141907692,9,28
normal_67,0,7,0.0037025006,0,0,0,5,0.03454149141907692,9,28
normal_67,0,14,0.00033008505,0,0,0,5,0.03454149141907692,9,28
normal_67,0,21,0.00035236185,0,0,0,5,0.03454149141907692,9,28
normal_67,0,28,0.0025824266,0,0,0,5,0.03454149141907692,9,28
normal_67,0,35,0.00072375865,0,0,0,5,0.03454149141907692,9,28
normal_74,0,0,0.001525846,0,0,0,5,0.03454149141907692,9,28
normal_74,0,7,0.00079563406,0,0,0,5,0.03454149141907692,9,28
normal_74,0,14,0.00034047107,0,0,0,5,0.03454149141907692,9,28
normal_74,0,21,0.00045917218,0,0,0,5,0.03454149141907692,9,28
normal_74,0,28,0.00048122476,0,0,0,5,0.03454149141907692,9,28
normal_74,0,35,0.0008070967,0,0,0,5,0.03454149141907692,9,28
normal_91,0,0,0.00052995083,0,0,0,5,0.03454149141907692,9,28
normal_91,0,7,0.0002786862,0,0,0,5,0.03454149141907692,9,28
normal_91,0,14,0.00043013884,0,0,0,5,0.03454149141907692,9,28
normal_91,0,21,0.0005453723,0,0,0,5,0.03454149141907692,9,28
normal_91,0,28,0.0049667326,0,0,0,5,0.03454149141907692,9,28
normal_105,0,0,0.0011227968,0,0,0,5,0.03454149141907692,9,28
normal_105,0,7,0.0016738917,0,0,0,5,0.03454149141907692,9,28
normal_105,0,14,0.0021569119,0,0,0,5,0.03454149141907692,9,28
normal_113,0,0,0.0016536327,0,0,0,5,0.03454149141907692,9,28
normal_113,0,7,0.0024284418,0,0,0,5,0.03454149141907692,9,28
normal_113,0,14,0.002253429,0,0,0,5,0.03454149141907692,9,28
normal_113,0,21,0.0022195566,0,0,0,5,0.03454149141907692,9,28
normal_113,0,28,0.0004459679,0,0,0,5,0.03454149141907692,9,28
normal_113,0,35,0.00047433787,0,0,0,5,0.03454149141907692,9,28
normal_116,0,0,0.0006250541,0,0,0,5,0.03454149141907692,9,28
normal_116,0,7,0.0007262096,0,0,0,5,0.03454149141907692,9,28
normal_135,0,0,0.0012537003,0,0,0,5,0.03454149141907692,9,28
normal_135,0,7,0.0005732663,0,0,0,5,0.03454149141907692,9,28
normal_138,0,0,0.0025394508,0,0,0,5,0.03454149141907692,9,28
normal_138,0,7,0.0012615668,0,0,0,5,0.03454149141907692,9,28
normal_138,0,14,0.0015069721,0,0,0,5,0.03454149141907692,9,28
normal_138,0,21,0.0012031319,0,0,0,5,0.03454149141907692,9,28
normal_138,0,28,0.005016552,0,0,0,5,0.03454149141907692,9,28
normal_139,0,0,0.00056659966,0,0,0,5,0.03454149141907692,9,28
normal_139,0,7,0.00046872042,0,0,0,5,0.03454149141907692,9,28
normal_139,0,14,0.0020923503,0,0,0,5,0.03454149141907692,9,28
normal_139,0,21,0.0016154544,0,0,0,5,0.03454149141907692,9,28
normal_139,0,28,0.0009488767,0,0,0,5,0.03454149141907692,9,28
normal_141,0,0,0.0011847093,0,0,0,5,0.03454149141907692,9,28
normal_141,0,7,0.0004469966,0,0,0,5,0.03454149141907692,9,28
normal_145,0,0,0.00080251246,0,0,0,5,0.03454149141907692,9,28
normal_145,0,7,0.00034892012,0,0,0,5,0.03454149141907692,9,28
normal_145,0,14,0.00031552353,0,0,0,5,0.03454149141907692,9,28
normal_145,0,21,0.00065495464,0,0,0,5,0.03454149141907692,9,28
normal_145,0,28,0.0004689423,0,0,0,5,0.03454149141907692,9,28
normal_145,0,35,0.00037476543,0,0,0,5,0.03454149141907692,9,28
normal_162,0,0,0.00062386144,0,0,0,5,0.03454149141907692,9,28
normal_162,0,7,0.0003053152,0,0,0,5,0.03454149141907692,9,28
normal_171,0,0,0.0004244318,0,0,0,5,0.03454149141907692,9,28
normal_171,0,7,0.00048542643,0,0,0,5,0.03454149141907692,9,28
normal_171,0,14,0.00047971113,0,0,0,5,0.03454149141907692,9,28
normal_171,0,21,0.00067830324,0,0,0,5,0.03454149141907692,9,28
normal_176,0,0,0.0003011097,0,0,0,5,0.03454149141907692,9,28
normal_176,0,7,0.00082796754,0,0,0,5,0.03454149141907692,9,28
normal_176,0,14,0.00041345047,0,0,0,5,0.03454149141907692,9,28
normal_176,0,21,0.00092505384,0,0,0,5,0.03454149141907692,9,28
normal_176,0,28,0.000762538,0,0,0,5,0.03454149141907692,9,28
normal_176,0,35,0.0028471723,0,0,0,5,0.03454149141907692,9,28
normal_193,0,0,0.0015462054,0,0,0,5,0.03454149141907692,9,28
normal_193,0,7,0.0011923993,0,0,0,5,0.03454149141907692,9,28
normal_193,0,14,0.0005581907,0,0,0,5,0.03454149141907692,9,28
normal_193,0,21,0.0005283817,0,0,0,5,0.03454149141907692,9,28
normal_193,0,28,0.0018382751,0,0,0,5,0.03454149141907692,9,28
normal_193,0,35,0.00061567134,0,0,0,5,0.03454149141907692,9,28
normal_196,0,0,0.0034689133,0,0,0,5,0.03454149141907692,9,28
normal_196,0,7,0.0070835985,0,0,0,5,0.03454149141907692,9,28
normal_196,0,14,0.00047679557,0,0,0,5,0.03454149141907692,9,28
normal_199,0,0,0.0006664669,0,0,0,5,0.03454149141907692,9,28
normal_199,0,7,0.0005684586,0,0,0,5,0.03454149141907692,9,28
normal_199,0,14,0.0019824526,0,0,0,5,0.03454149141907692,9,28
normal_199,0,21,0.0008497398,0,0,0,5,0.03454149141907692,9,28
normal_199,0,28,0.000437841,0,0,0,5,0.03454149141907692,9,28
normal_199,0,35,0.0006791636,0,0,0,5,0.03454149141907692,9,28
normal_202,0,0,0.00079887494,0,0,0,5,0.03454149141907692,9,28
normal_202,0,7,0.00048276916,0,0,0,5,0.03454149141907692,9,28
normal_213,0,0,0.0016515645,0,0,0,5,0.03454149141907692,9,28
normal_213,0,7,0.00072197133,0,0,0,5,0.03454149141907692,9,28
normal_213,0,14,0.0019014485,0,0,0,5,0.03454149141907692,9,28
normal_213,0,21,0.0006835297,0,0,0,5,0.03454149141907692,9,28
normal_218,0,0,0.0006513474,0,0,0,5,0.03454149141907692,9,28
normal_218,0,7,0.0078724,0,0,0,5,0.03454149141907692,9,28
normal_218,0,14,0.020644441,0,0,0,5,0.03454149141907692,9,28
normal_218,0,21,0.00739384,0,0,0,5,0.03454149141907692,9,28
normal_218,0,28,0.0016562295,0,0,0,5,0.03454149141907692,9,28
normal_218,0,35,0.0015007498,0,0,0,5,0.03454149141907692,9,28
normal_220,0,0,0.0010597354,0,0,0,5,0.03454149141907692,9,28
normal_220,0,7,0.00052699394,0,0,0,5,0.03454149141907692,9,28
normal_241,0,0,0.0008215287,0,0,0,5,0.03454149141907692,9,28
normal_241,0,7,0.000592414,0,0,0,5,0.03454149141907692,9,28
normal_241,0,14,0.0008333669,0,0,0,5,0.03454149141907692,9,28
normal_241,0,21,0.0011445786,0,0,0,5,0.03454149141907692,9,28
normal_241,0,28,0.0010882221,0,0,0,5,0.03454149141907692,9,28
normal_241,0,35,0.0006209414,0,0,0,5,0.03454149141907692,9,28
normal_259,0,0,0.0003120477,0,0,0,5,0.03454149141907692,9,28
normal_259,0,7,0.00034778766,0,0,0,5,0.03454149141907692,9,28
normal_259,0,14,0.0010845347,0,0,0,5,0.03454149141907692,9,28
normal_259,0,21,0.00058719615,0,0,0,5,0.03454149141907692,9,28
normal_259,0,28,0.0008778391,0,0,0,5,0.03454149141907692,9,28
normal_262,0,0,0.0037705223,0,0,0,5,0.03454149141907692,9,28
normal_273,0,0,0.0010508067,0,0,0,5,0.03454149141907692,9,28
normal_273,0,7,0.00092001725,0,0,0,5,0.03454149141907692,9,28
normal_273,0,14,0.000428971,0,0,0,5,0.03454149141907692,9,28
normal_273,0,21,0.00055261375,0,0,0,5,0.03454149141907692,9,28
normal_273,0,28,0.0010514435,0,0,0,5,0.03454149141907692,9,28
normal_286,0,0,0.0005546718,0,0,0,5,0.03454149141907692,9,28
normal_286,0,7,0.0057595256,0,0,0,5,0.03454149141907692,9,28
normal_286,0,14,0.002136506,0,0,0,5,0.03454149141907692,9,28
normal_286,0,21,0.002555572,0,0,0,5,0.03454149141907692,9,28
normal_286,0,28,0.0016669822,0,0,0,5,0.03454149141907692,9,28
normal_286,0,35,0.0009668307,0,0,0,5,0.03454149141907692,9,28
normal_300,0,0,0.0006847483,0,0,0,5,0.03454149141907692,9,28
normal_300,0,7,0.00089469197,0,0,0,5,0.03454149141907692,9,28
normal_300,0,14,0.00086186465,0,0,0,5,0.03454149141907692,9,28
normal_300,0,21,0.0007415702,0,0,0,5,0.03454149141907692,9,28
normal_300,0,28,0.00082407956,0,0,0,5,0.03454149141907692,9,28
normal_302,0,0,0.0006014712,0,0,0,5,0.03454149141907692,9,28
normal_313,0,0,0.00050834083,0,0,0,5,0.03454149141907692,9,28
normal_313,0,7,0.0008040955,0,0,0,5,0.03454149141907692,9,28
normal_318,0,0,0.003908718,0,0,0,5,0.03454149141907692,9,28
normal_318,0,7,0.0012567239,0,0,0,5,0.03454149141907692,9,28
normal_318,0,14,0.00084479613,0,0,0,5,0.03454149141907692,9,28
normal_318,0,21,0.00071554806,0,0,0,5,0.03454149141907692,9,28
normal_324,0,0,0.0011084218,0,0,0,5,0.03454149141907692,9,28
normal_324,0,7,0.00075686444,0,0,0,5,0.03454149141907692,9,28
normal_324,0,14,0.0026229436,0,0,0,5,0.03454149141907692,9,28
normal_324,0,21,0.0012124376,0,0,0,5,0.03454149141907692,9,28
normal_324,0,28,0.0018150598,0,0,0,5,0.03454149141907692,9,28
normal_324,0,35,0.0028525086,0,0,0,5,0.03454149141907692,9,28
normal_331,0,0,0.0018920648,0,0,0,5,0.03454149141907692,9,28
normal_331,0,7,0.0014038245,0,0,0,5,0.03454149141907692,9,28
normal_331,0,14,0.0022166776,0,0,0,5,0.03454149141907692,9,28
normal_331,0,21,0.00091492577,0,0,0,5,0.03454149141907692,9,28
normal_337,0,0,0.00050766364,0,0,0,5,0.03454149141907692,9,28
normal_337,0,7,0.00039984705,0,0,0,5,0.03454149141907692,9,28
normal_337,0,14,0.0018371932,0,0,0,5,0.03454149141907692,9,28
normal_338,0,0,0.0013012338,0,0,0,5,0.03454149141907692,9,28
normal_338,0,7,0.0029615937,0,0,0,5,0.03454149141907692,9,28
normal_338,0,14,0.00089021056,0,0,0,5,0.03454149141907692,9,28
normal_351,0,0,0.000563067,0,0,0,5,0.03454149141907692,9,28
normal_351,0,7,0.0004179177,0,0,0,5,0.03454149141907692,9,28
normal_354,0,0,0.0026507946,0,0,0,5,0.03454149141907692,9,28
normal_354,0,7,0.0008534002,0,0,0,5,0.03454149141907692,9,28
normal_354,0,14,0.0056421063,0,0,0,5,0.03454149141907692,9,28
normal_354,0,21,0.003112294,0,0,0,5,0.03454149141907692,9,28
normal_354,0,28,0.0056043253,0,0,0,5,0.03454149141907692,9,28
normal_354,0,35,0.00067135657,0,0,0,5,0.03454149141907692,9,28
normal_360,0,0,0.013681529,0,0,0,5,0.03454149141907692,9,28
normal_360,0,7,0.0022470346,0,0,0,5,0.03454149141907692,9,28
normal_360,0,14,0.0010972234,0,0,0,5,0.03454149141907692,9,28
normal_360,0,21,0.00031619053,0,0,0,5,0.03454149141907692,9,28
normal_360,0,28,0.000507585,0,0,0,5,0.03454149141907692,9,28
normal_360,0,35,0.00033736762,0,0,0,5,0.03454149141907692,9,28
normal_361,0,0,0.0011105039,0,0,0,5,0.03454149141907692,9,28
normal_361,0,7,0.0011050175,0,0,0,5,0.03454149141907692,9,28
normal_361,0,14,0.0011234902,0,0,0,5,0.03454149141907692,9,28
normal_361,0,21,0.00074725423,0,0,0,5,0.03454149141907692,9,28
normal_361,0,28,0.0013678866,0,0,0,5,0.03454149141907692,9,28
normal_361,0,35,0.0017393212,0,0,0,5,0.03454149141907692,9,28
normal_364,0,0,0.00081292033,0,0,0,5,0.03454149141907692,9,28
normal_372,0,0,0.0022032317,0,0,0,5,0.03454149141907692,9,28
normal_372,0,7,0.0015055888,0,0,0,5,0.03454149141907692,9,28
normal_372,0,14,0.00049585773,0,0,0,5,0.03454149141907692,9,28
normal_372,0,21,0.00039308573,0,0,0,5,0.03454149141907692,9,28
normal_372,0,28,0.00061606755,0,0,0,5,0.03454149141907692,9,28
normal_372,0,35,0.0014294138,0,0,0,5,0.03454149141907692,9,28
normal_374,0,0,0.00070799445,0,0,0,5,0.03454149141907692,9,28
normal_374,0,7,0.0005185906,0,0,0,5,0.03454149141907692,9,28
normal_374,0,14,0.0006578289,0,0,0,5,0.03454149141907692,9,28
normal_374,0,21,0.0008075271,0,0,0,5,0.03454149141907692,9,28
normal_374,0,28,0.005749374,0,0,0,5,0.03454149141907692,9,28
normal_379,0,0,0.00047135,0,0,0,5,0.03454149141907692,9,28
normal_379,0,7,0.00050278194,0,0,0,5,0.03454149141907692,9,28
normal_379,0,14,0.00039712,0,0,0,5,0.03454149141907692,9,28
normal_379,0,21,0.00046874926,0,0,0,5,0.03454149141907692,9,28
normal_379,0,28,0.00065951655,0,0,0,5,0.03454149141907692,9,28
normal_379,0,35,0.0014094072,0,0,0,5,0.03454149141907692,9,28
normal_380,0,0,0.0011128061,0,0,0,5,0.03454149141907692,9,28
normal_380,0,7,0.0020927307,0,0,0,5,0.03454149141907692,9,28
normal_380,0,14,0.023138963,0,0,0,5,0.03454149141907692,9,28
normal_380,0,21,0.003065701,0,0,0,5,0.03454149141907692,9,28
normal_380,0,28,0.002912458,0,0,0,5,0.03454149141907692,9,28
normal_384,0,0,0.0035784303,0,0,0,5,0.03454149141907692,9,28
normal_384,0,7,0.0007131939,0,0,0,5,0.03454149141907692,9,28
normal_384,0,14,0.0007987098,0,0,0,5,0.03454149141907692,9,28
normal_384,0,21,0.0011133411,0,0,0,5,0.03454149141907692,9,28
normal_384,0,28,0.00075609307,0,0,0,5,0.03454149141907692,9,28
normal_384,0,35,0.0011010629,0,0,0,5,0.03454149141907692,9,28
normal_402,0,0,0.00037031528,0,0,0,5,0.03454149141907692,9,28
normal_402,0,7,0.0007865308,0,0,0,5,0.03454149141907692,9,28
normal_402,0,14,0.0007500698,0,0,0,5,0.03454149141907692,9,28
normal_402,0,21,0.00038172564,0,0,0,5,0.03454149141907692,9,28
normal_402,0,28,0.002619036,0,0,0,5,0.03454149141907692,9,28
normal_407,0,0,0.00043712204,0,0,0,5,0.03454149141907692,9,28
normal_407,0,7,0.00042083827,0,0,0,5,0.03454149141907692,9,28
normal_407,0,14,0.002583117,0,0,0,5,0.03454149141907692,9,28
normal_407,0,21,0.001447371,0,0,0,5,0.03454149141907692,9,28
normal_407,0,28,0.0004106637,0,0,0,5,0.03454149141907692,9,28
normal_407,0,35,0.00032956686,0,0,0,5,0.03454149141907692,9,28
normal_413,0,0,0.0013406753,0,0,0,5,0.03454149141907692,9,28
normal_413,0,7,0.0009528089,0,0,0,5,0.03454149141907692,9,28
normal_413,0,14,0.0005738482,0,0,0,5,0.03454149141907692,9,28
normal_413,0,21,0.0010464635,0,0,0,5,0.03454149141907692,9,28
normal_423,0,0,0.0015266605,0,0,0,5,0.03454149141907692,9,28
normal_423,0,7,0.0013402265,0,0,0,5,0.03454149141907692,9,28
normal_423,0,14,0.09399664,1,1,0,5,0.03454149141907692,9,28
normal_423,0,21,0.0007059819,0,0,0,5,0.03454149141907692,9,28
normal_423,0,28,0.000722909,0,0,0,5,0.03454149141907692,9,28
normal_423,0,35,0.0023714234,0,0,0,5,0.03454149141907692,9,28
normal_425,0,0,0.0011380316,0,0,0,5,0.03454149141907692,9,28
normal_425,0,7,0.0010005116,0,0,0,5,0.03454149141907692,9,28
normal_425,0,14,0.00082689716,0,0,0,5,0.03454149141907692,9,28
normal_425,0,21,0.00071690464,0,0,0,5,0.03454149141907692,9,28
normal_432,0,0,0.0010634192,0,0,0,5,0.03454149141907692,9,28
normal_432,0,7,0.0012251397,0,0,0,5,0.03454149141907692,9,28
normal_441,0,0,0.0011455155,0,0,0,5,0.03454149141907692,9,28
normal_441,0,7,0.0011137362,0,0,0,5,0.03454149141907692,9,28
normal_441,0,14,0.00279327,0,0,0,5,0.03454149141907692,9,28
normal_446,0,0,0.00039556462,0,0,0,5,0.03454149141907692,9,28
normal_446,0,7,0.0005259667,0,0,0,5,0.03454149141907692,9,28
normal_446,0,14,0.000471235,0,0,0,5,0.03454149141907692,9,28
normal_446,0,21,0.00059036934,0,0,0,5,0.03454149141907692,9,28
normal_446,0,28,0.0011046045,0,0,0,5,0.03454149141907692,9,28
normal_447,0,0,0.0006765485,0,0,0,5,0.03454149141907692,9,28
normal_447,0,7,0.001168478,0,0,0,5,0.03454149141907692,9,28
normal_447,0,14,0.0012235122,0,0,0,5,0.03454149141907692,9,28
normal_461,0,0,0.00089859375,0,0,0,5,0.03454149141907692,9,28
normal_461,0,7,0.0011152979,0,0,0,5,0.03454149141907692,9,28
normal_461,0,14,0.00088005216,0,0,0,5,0.03454149141907692,9,28
normal_461,0,21,0.0013279939,0,0,0,5,0.03454149141907692,9,28
normal_461,0,28,0.0011068296,0,0,0,5,0.03454149141907692,9,28
normal_461,0,35,0.000680106,0,0,0,5,0.03454149141907692,9,28
normal_464,0,0,0.0005470648,0,0,0,5,0.03454149141907692,9,28
normal_464,0,7,0.00080954254,0,0,0,5,0.03454149141907692,9,28
normal_464,0,14,0.0013685739,0,0,0,5,0.03454149141907692,9,28
normal_467,0,0,0.0006366874,0,0,0,5,0.03454149141907692,9,28
normal_467,0,7,0.00096717715,0,0,0,5,0.03454149141907692,9,28
normal_467,0,14,0.0006907366,0,0,0,5,0.03454149141907692,9,28
normal_467,0,21,0.0014341725,0,0,0,5,0.03454149141907692,9,28
normal_467,0,28,0.001504185,0,0,0,5,0.03454149141907692,9,28
normal_467,0,35,0.0015754341,0,0,0,5,0.03454149141907692,9,28
normal_479,0,0,0.0022295022,0,0,0,5,0.03454149141907692,9,28
normal_479,0,7,0.0011325101,0,0,0,5,0.03454149141907692,9,28
normal_479,0,14,0.00063353014,0,0,0,5,0.03454149141907692,9,28
normal_479,0,21,0.0011357616,0,0,0,5,0.03454149141907692,9,28
normal_479,0,28,0.001459394,0,0,0,5,0.03454149141907692,9,28
normal_479,0,35,0.0011088088,0,0,0,5,0.03454149141907692,9,28
normal_480,0,0,0.00062499364,0,0,0,5,0.03454149141907692,9,28
normal_480,0,7,0.00039308573,0,0,0,5,0.03454149141907692,9,28
normal_480,0,14,0.0005274116,0,0,0,5,0.03454149141907692,9,28
normal_480,0,21,0.00054615387,0,0,0,5,0.03454149141907692,9,28
normal_480,0,28,0.0005159982,0,0,0,5,0.03454149141907692,9,28
normal_480,0,35,0.00045915818,0,0,0,5,0.03454149141907692,9,28
normal_481,0,0,0.0006802554,0,0,0,5,0.03454149141907692,9,28
normal_481,0,7,0.00081249897,0,0,0,5,0.03454149141907692,9,28
normal_481,0,14,0.0015123888,0,0,0,5,0.03454149141907692,9,28
normal_481,0,21,0.0006944742,0,0,0,5,0.03454149141907692,9,28
normal_481,0,28,0.0018272498,0,0,0,5,0.03454149141907692,9,28
normal_481,0,35,0.0018911283,0,0,0,5,0.03454149141907692,9,28
normal_482,0,0,0.0016009347,0,0,0,5,0.03454149141907692,9,28
normal_482,0,7,0.0017229198,0,0,0,5,0.03454149141907692,9,28
normal_482,0,14,0.0013542959,0,0,0,5,0.03454149141907692,9,28
normal_482,0,21,0.0013233841,0,0,0,5,0.03454149141907692,9,28
normal_483,0,0,0.0005100289,0,0,0,5,0.03454149141907692,9,28
normal_483,0,7,0.0011946725,0,0,0,5,0.03454149141907692,9,28
normal_483,0,14,0.001777387,0,0,0,5,0.03454149141907692,9,28
normal_483,0,21,0.002801473,0,0,0,5,0.03454149141907692,9,28
normal_483,0,28,0.0026647397,0,0,0,5,0.03454149141907692,9,28
normal_483,0,35,0.0020374553,0,0,0,5,0.03454149141907692,9,28
normal_484,0,0,0.0005401619,0,0,0,5,0.03454149141907692,9,28
normal_484,0,7,0.0012212674,0,0,0,5,0.03454149141907692,9,28
normal_484,0,14,0.0014628837,0,0,0,5,0.03454149141907692,9,28
normal_484,0,21,0.0006053004,0,0,0,5,0.03454149141907692,9,28
normal_484,0,28,0.0010602368,0,0,0,5,0.03454149141907692,9,28
normal_489,0,0,0.0005267474,0,0,0,5,0.03454149141907692,9,28
normal_489,0,7,0.00055094075,0,0,0,5,0.03454149141907692,9,28
normal_493,0,0,0.002564192,0,0,0,5,0.03454149141907692,9,28
normal_493,0,7,0.0030278666,0,0,0,5,0.03454149141907692,9,28
normal_493,0,14,0.0018418622,0,0,0,5,0.03454149141907692,9,28
normal_493,0,21,0.0017645553,0,0,0,5,0.03454149141907692,9,28
normal_493,0,28,0.00079757086,0,0,0,5,0.03454149141907692,9,28
normal_493,0,35,0.0011215968,0,0,0,5,0.03454149141907692,9,28
normal_495,0,0,0.0025443546,0,0,0,5,0.03454149141907692,9,28
normal_495,0,7,0.0011031895,0,0,0,5,0.03454149141907692,9,28
normal_501,0,0,0.00075090444,0,0,0,5,0.03454149141907692,9,28
normal_501,0,7,0.0010910097,0,0,0,5,0.03454149141907692,9,28
normal_501,0,14,0.00080608675,0,0,0,5,0.03454149141907692,9,28
normal_501,0,21,0.0005375379,0,0,0,5,0.03454149141907692,9,28
normal_507,0,0,0.0016879058,0,0,0,5,0.03454149141907692,9,28
normal_507,0,7,0.0010917708,0,0,0,5,0.03454149141907692,9,28
normal_507,0,14,0.0009798706,0,0,0,5,0.03454149141907692,9,28
normal_507,0,21,0.00093582034,0,0,0,5,0.03454149141907692,9,28
normal_523,0,0,0.002200601,0,0,0,5,0.03454149141907692,9,28
normal_523,0,7,0.0011788943,0,0,0,5,0.03454149141907692,9,28
normal_534,0,0,0.00085243746,0,0,0,5,0.03454149141907692,9,28
normal_534,0,7,0.0006921468,0,0,0,5,0.03454149141907692,9,28
normal_534,0,14,0.0008903506,0,0,0,5,0.03454149141907692,9,28
normal_534,0,21,0.0006923229,0,0,0,5,0.03454149141907692,9,28
normal_538,0,0,0.0011059258,0,0,0,5,0.03454149141907692,9,28
normal_538,0,7,0.0007909287,0,0,0,5,0.03454149141907692,9,28
normal_538,0,14,0.00061994855,0,0,0,5,0.03454149141907692,9,28
normal_538,0,21,0.0009838889,0,0,0,5,0.03454149141907692,9,28
normal_538,0,28,0.0006463622,0,0,0,5,0.03454149141907692,9,28
normal_538,0,35,0.0018544835,0,0,0,5,0.03454149141907692,9,28
normal_540,0,0,0.0014923668,0,0,0,5,0.03454149141907692,9,28
normal_540,0,7,0.0012621538,0,0,0,5,0.03454149141907692,9,28
normal_571,0,0,0.0005319362,0,0,0,5,0.03454149141907692,9,28
normal_571,0,7,0.00096369477,0,0,0,5,0.03454149141907692,9,28
normal_571,0,14,0.0005323782,0,0,0,5,0.03454149141907692,9,28
normal_571,0,21,0.0010254205,0,0,0,5,0.03454149141907692,9,28
normal_573,0,0,0.0003967949,0,0,0,5,0.03454149141907692,9,28
normal_575,0,0,0.00083381525,0,0,0,5,0.03454149141907692,9,28
normal_575,0,7,0.0061893347,0,0,0,5,0.03454149141907692,9,28
normal_575,0,14,0.0003052939,0,0,0,5,0.03454149141907692,9,28
normal_575,0,21,0.00051594095,0,0,0,5,0.03454149141907692,9,28
normal_575,0,28,0.0016654418,0,0,0,5,0.03454149141907692,9,28
normal_575,0,35,0.0007074367,0,0,0,5,0.03454149141907692,9,28
normal_579,0,0,0.0018673366,0,0,0,5,0.03454149141907692,9,28
normal_579,0,7,0.009371389,0,0,0,5,0.03454149141907692,9,28
normal_579,0,14,0.0021305284,0,0,0,5,0.03454149141907692,9,28
normal_589,0,0,0.00068316766,0,0,0,5,0.03454149141907692,9,28
normal_589,0,7,0.0017331105,0,0,0,5,0.03454149141907692,9,28
normal_589,0,14,0.0009974883,0,0,0,5,0.03454149141907692,9,28
normal_589,0,21,0.0019153776,0,0,0,5,0.03454149141907692,9,28
normal_598,0,0,0.002225423,0,0,0,5,0.03454149141907692,9,28
normal_598,0,7,0.0008765223,0,0,0,5,0.03454149141907692,9,28
normal_598,0,14,0.0002786862,0,0,0,5,0.03454149141907692,9,28
normal_598,0,21,0.00094723544,0,0,0,5,0.03454149141907692,9,28
normal_598,0,28,0.0005563168,0,0,0,5,0.03454149141907692,9,28
normal_598,0,35,0.0005707083,0,0,0,5,0.03454149141907692,9,28
anomaly_3,1,0,0.99799985,1,1,0,5,0.03454149141907692,9,28
anomaly_3,1,7,0.9980558,1,2,0,5,0.03454149141907692,9,28
anomaly_3,1,14,0.9985057,1,3,0,5,0.03454149141907692,9,28
anomaly_3,1,21,0.9983046,1,4,0,5,0.03454149141907692,9,28
anomaly_3,1,28,0.9988267,1,5,0,5,0.03454149141907692,9,28
anomaly_13,1,0,0.99917704,1,1,0,5,0.03454149141907692,9,28
anomaly_13,1,7,0.9972619,1,2,0,5,0.03454149141907692,9,28
anomaly_13,1,14,0.9956247,1,3,0,5,0.03454149141907692,9,28
anomaly_13,1,21,0.99940205,1,4,0,5,0.03454149141907692,9,28
anomaly_19,1,0,0.99533737,1,1,0,5,0.03454149141907692,9,28
anomaly_19,1,7,0.987884,1,2,0,5,0.03454149141907692,9,28
