group,label,start,score,warning,run_count,run_alarm_trigger,fold,warning_threshold,markov_k,upper_k
normal_1,0,0,14.206502571579163,0,0,0,1,26.6037720622865,14,26
normal_1,0,2,12.087443904021079,0,0,0,1,26.6037720622865,14,26
normal_1,0,4,15.383369574476305,0,0,0,1,26.6037720622865,14,26
normal_1,0,6,12.265745767120563,0,0,0,1,26.6037720622865,14,26
normal_1,0,8,15.953763030694821,0,0,0,1,26.6037720622865,14,26
normal_1,0,10,12.894179222792136,0,0,0,1,26.6037720622865,14,26
normal_1,0,12,10.930590007027414,0,0,0,1,26.6037720622865,14,26
normal_1,0,14,11.04359162296975,0,0,0,1,26.6037720622865,14,26
normal_1,0,16,9.946748956768458,0,0,0,1,26.6037720622865,14,26
normal_1,0,18,12.291392179848778,0,0,0,1,26.6037720622865,14,26
normal_1,0,20,14.094280089616905,0,0,0,1,26.6037720622865,14,26
normal_1,0,22,16.982368952554438,0,0,0,1,26.6037720622865,14,26
normal_1,0,24,16.334194572514217,0,0,0,1,26.6037720622865,14,26
normal_1,0,26,15.489650298170234,0,0,0,1,26.6037720622865,14,26
normal_1,0,28,15.553666086582096,0,0,0,1,26.6037720622865,14,26
normal_1,0,30,17.519407420955353,0,0,0,1,26.6037720622865,14,26
normal_1,0,32,17.29050481632604,0,0,0,1,26.6037720622865,14,26
normal_1,0,34,13.324677831967183,0,0,0,1,26.6037720622865,14,26
normal_1,0,36,12.013500052883002,0,0,0,1,26.6037720622865,14,26
normal_3,0,0,4.986772630512468,0,0,0,1,26.6037720622865,14,26
normal_3,0,2,6.636609575492555,0,0,0,1,26.6037720622865,14,26
normal_3,0,4,9.915549324451499,0,0,0,1,26.6037720622865,14,26
normal_3,0,6,7.736801332236182,0,0,0,1,26.6037720622865,14,26
normal_3,0,8,6.23764124860365,0,0,0,1,26.6037720622865,14,26
normal_3,0,10,6.446827311594595,0,0,0,1,26.6037720622865,14,26
normal_3,0,12,6.150864967824822,0,0,0,1,26.6037720622865,14,26
normal_3,0,14,4.489154622417126,0,0,0,1,26.6037720622865,14,26
normal_3,0,16,6.7729758187777405,0,0,0,1,26.6037720622865,14,26
normal_3,0,18,5.177000853509659,0,0,0,1,26.6037720622865,14,26
normal_8,0,0,14.978884757534129,0,0,0,1,26.6037720622865,14,26
normal_8,0,2,11.774124710512115,0,0,0,1,26.6037720622865,14,26
normal_8,0,4,12.522677804896972,0,0,0,1,26.6037720622865,14,26
normal_8,0,6,12.559649372817955,0,0,0,1,26.6037720622865,14,26
normal_8,0,8,14.320983465335035,0,0,0,1,26.6037720622865,14,26
normal_8,0,10,14.570821536895266,0,0,0,1,26.6037720622865,14,26
normal_8,0,12,16.987706130466652,0,0,0,1,26.6037720622865,14,26
normal_8,0,14,16.7907431007195,0,0,0,1,26.6037720622865,14,26
normal_8,0,16,18.731648364989113,0,0,0,1,26.6037720622865,14,26
normal_8,0,18,19.71052772841912,0,0,0,1,26.6037720622865,14,26
normal_8,0,20,26.06303891094152,0,0,0,1,26.6037720622865,14,26
normal_8,0,22,19.49652752919957,0,0,0,1,26.6037720622865,14,26
normal_8,0,24,19.514557630635935,0,0,0,1,26.6037720622865,14,26
normal_8,0,26,18.318934234043706,0,0,0,1,26.6037720622865,14,26
normal_8,0,28,15.748106240637924,0,0,0,1,26.6037720622865,14,26
normal_8,0,30,14.744325981881287,0,0,0,1,26.6037720622865,14,26
normal_8,0,32,19.73015426910428,0,0,0,1,26.6037720622865,14,26
normal_8,0,34,19.342015527978162,0,0,0,1,26.6037720622865,14,26
normal_8,0,36,19.403907932870993,0,0,0,1,26.6037720622865,14,26
normal_51,0,0,15.52048623423311,0,0,0,1,26.6037720622865,14,26
normal_51,0,2,11.184720318577359,0,0,0,1,26.6037720622865,14,26
normal_51,0,4,12.854227303827248,0,0,0,1,26.6037720622865,14,26
normal_51,0,6,13.863606405178729,0,0,0,1,26.6037720622865,14,26
normal_51,0,8,12.088756700061415,0,0,0,1,26.6037720622865,14,26
normal_51,0,10,11.480353460598211,0,0,0,1,26.6037720622865,14,26
normal_51,0,12,14.172138064721484,0,0,0,1,26.6037720622865,14,26
normal_51,0,14,14.482777745168471,0,0,0,1,26.6037720622865,14,26
normal_51,0,16,13.47981826146942,0,0,0,1,26.6037720622865,14,26
normal_56,0,0,14.348181857757368,0,0,0,1,26.6037720622865,14,26
normal_56,0,2,10.726557227822095,0,0,0,1,26.6037720622865,14,26
normal_56,0,4,9.570225004493812,0,0,0,1,26.6037720622865,14,26
normal_56,0,6,9.076144044031517,0,0,0,1,26.6037720622865,14,26
normal_56,0,8,12.36787564621267,0,0,0,1,26.6037720622865,14,26
normal_56,0,10,16.4254396206782,0,0,0,1,26.6037720622865,14,26
normal_56,0,12,13.808619652954766,0,0,0,1,26.6037720622865,14,26
normal_56,0,14,17.24166658457794,0,0,0,1,26.6037720622865,14,26
normal_56,0,16,15.964012980371564,0,0,0,1,26.6037720622865,14,26
normal_56,0,18,13.986777514399504,0,0,0,1,26.6037720622865,14,26
normal_56,0,20,12.838279802309874,0,0,0,1,26.6037720622865,14,26
normal_56,0,22,13.373205853774163,0,0,0,1,26.6037720622865,14,26
normal_56,0,24,13.213865689755398,0,0,0,1,26.6037720622865,14,26
normal_56,0,26,11.962494252325234,0,0,0,1,26.6037720622865,14,26
normal_56,0,28,9.215076706758945,0,0,0,1,26.6037720622865,14,26
normal_56,0,30,9.825163642614557,0,0,0,1,26.6037720622865,14,26
normal_56,0,32,12.363992078183365,0,0,0,1,26.6037720622865,14,26
normal_56,0,34,13.94637653707536,0,0,0,1,26.6037720622865,14,26
normal_56,0,36,12.966791341283917,0,0,0,1,26.6037720622865,14,26
normal_56,0,38,11.296600217585672,0,0,0,1,26.6037720622865,14,26
normal_56,0,40,12.716888996702997,0,0,0,1,26.6037720622865,14,26
normal_56,0,42,14.219264793763307,0,0,0,1,26.6037720622865,14,26
normal_56,0,44,13.984614978503421,0,0,0,1,26.6037720622865,14,26
normal_58,0,0,6.639585335510662,0,0,0,1,26.6037720622865,14,26
normal_58,0,2,7.629595084897526,0,0,0,1,26.6037720622865,14,26
normal_58,0,4,9.68508304932504,0,0,0,1,26.6037720622865,14,26
normal_58,0,6,9.130680540110719,0,0,0,1,26.6037720622865,14,26
normal_58,0,8,8.80584358979701,0,0,0,1,26.6037720622865,14,26
normal_58,0,10,12.999108193714466,0,0,0,1,26.6037720622865,14,26
normal_58,0,12,14.135859993733293,0,0,0,1,26.6037720622865,14,26
normal_58,0,14,15.541628269435293,0,0,0,1,26.6037720622865,14,26
normal_58,0,16,9.711444478635531,0,0,0,1,26.6037720622865,14,26
normal_58,0,18,9.20219858278145,0,0,0,1,26.6037720622865,14,26
normal_58,0,20,8.494239680172612,0,0,0,1,26.6037720622865,14,26
normal_58,0,22,8.92693709150564,0,0,0,1,26.6037720622865,14,26
normal_58,0,24,6.686637023648428,0,0,0,1,26.6037720622865,14,26
normal_58,0,26,6.909963203046708,0,0,0,1,26.6037720622865,14,26
normal_58,0,28,7.310252640005349,0,0,0,1,26.6037720622865,14,26
normal_58,0,30,7.622463026989393,0,0,0,1,26.6037720622865,14,26
normal_58,0,32,6.821799674878927,0,0,0,1,26.6037720622865,14,26
normal_58,0,34,6.947263298086799,0,0,0,1,26.6037720622865,14,26
normal_58,0,36,9.85529494703118,0,0,0,1,26.6037720622865,14,26
normal_58,0,38,10.569290002971128,0,0,0,1,26.6037720622865,14,26
normal_58,0,40,9.686588215626012,0,0,0,1,26.6037720622865,14,26
normal_58,0,42,6.735658623047801,0,0,0,1,26.6037720622865,14,26
normal_58,0,44,9.962194488374431,0,0,0,1,26.6037720622865,14,26
normal_62,0,0,5.9648141213006545,0,0,0,1,26.6037720622865,14,26
normal_62,0,2,6.992588146321088,0,0,0,1,26.6037720622865,14,26
normal_62,0,4,8.062325786839994,0,0,0,1,26.6037720622865,14,26
normal_62,0,6,6.643376332544393,0,0,0,1,26.6037720622865,14,26
normal_62,0,8,12.40266736959123,0,0,0,1,26.6037720622865,14,26
normal_62,0,10,13.489113518112887,0,0,0,1,26.6037720622865,14,26
normal_62,0,12,15.431495349656888,0,0,0,1,26.6037720622865,14,26
normal_62,0,14,9.825457773104025,0,0,0,1,26.6037720622865,14,26
normal_62,0,16,6.68158964031922,0,0,0,1,26.6037720622865,14,26
normal_62,0,18,9.539449806495028,0,0,0,1,26.6037720622865,14,26
normal_62,0,20,7.129741630953051,0,0,0,1,26.6037720622865,14,26
normal_62,0,22,5.62940168260972,0,0,0,1,26.6037720622865,14,26
normal_62,0,24,5.4642872864193714,0,0,0,1,26.6037720622865,14,26
normal_62,0,26,3.7504120521114754,0,0,0,1,26.6037720622865,14,26
normal_62,0,28,5.500684919079979,0,0,0,1,26.6037720622865,14,26
normal_62,0,30,7.747865935607135,0,0,0,1,26.6037720622865,14,26
normal_62,0,32,9.372452065769156,0,0,0,1,26.6037720622865,14,26
normal_62,0,34,4.867217291244878,0,0,0,1,26.6037720622865,14,26
normal_62,0,36,5.5851344522771775,0,0,0,1,26.6037720622865,14,26
normal_62,0,38,6.892574909114938,0,0,0,1,26.6037720622865,14,26
normal_62,0,40,9.486479812797546,0,0,0,1,26.6037720622865,14,26
normal_62,0,42,8.42556701692858,0,0,0,1,26.6037720622865,14,26
normal_62,0,44,8.103270323121645,0,0,0,1,26.6037720622865,14,26
normal_71,0,0,7.843683742600006,0,0,0,1,26.6037720622865,14,26
normal_71,0,2,8.483989447485113,0,0,0,1,26.6037720622865,14,26
normal_71,0,4,10.619500285898518,0,0,0,1,26.6037720622865,14,26
normal_71,0,6,9.474395558942508,0,0,0,1,26.6037720622865,14,26
normal_71,0,8,7.79803545391009,0,0,0,1,26.6037720622865,14,26
normal_71,0,10,6.228643157686724,0,0,0,1,26.6037720622865,14,26
normal_71,0,12,6.265639376542875,0,0,0,1,26.6037720622865,14,26
normal_71,0,14,8.031329112586473,0,0,0,1,26.6037720622865,14,26
normal_71,0,16,7.783491812301928,0,0,0,1,26.6037720622865,14,26
normal_71,0,18,6.969617984103508,0,0,0,1,26.6037720622865,14,26
normal_71,0,20,9.285172904777836,0,0,0,1,26.6037720622865,14,26
normal_71,0,22,10.049129275300333,0,0,0,1,26.6037720622865,14,26
normal_71,0,24,9.068486862859448,0,0,0,1,26.6037720622865,14,26
normal_71,0,26,8.392453811611254,0,0,0,1,26.6037720622865,14,26
normal_71,0,28,9.460553948443781,0,0,0,1,26.6037720622865,14,26
normal_71,0,30,10.420641946557469,0,0,0,1,26.6037720622865,14,26
normal_71,0,32,10.235192487058333,0,0,0,1,26.6037720622865,14,26
normal_71,0,34,10.18006100921511,0,0,0,1,26.6037720622865,14,26
normal_71,0,36,10.35772530748249,0,0,0,1,26.6037720622865,14,26
normal_71,0,38,9.337857611429046,0,0,0,1,26.6037720622865,14,26
normal_71,0,40,8.123793082933965,0,0,0,1,26.6037720622865,14,26
normal_71,0,42,22.736809505668496,0,0,0,1,26.6037720622865,14,26
normal_71,0,44,14.80937390171028,0,0,0,1,26.6037720622865,14,26
normal_77,0,0,12.10413440008659,0,0,0,1,26.6037720622865,14,26
normal_77,0,2,16.469563880252167,0,0,0,1,26.6037720622865,14,26
normal_77,0,4,19.46577621780916,0,0,0,1,26.6037720622865,14,26
normal_77,0,6,21.234280436198006,0,0,0,1,26.6037720622865,14,26
normal_77,0,8,19.12758129371747,0,0,0,1,26.6037720622865,14,26
normal_77,0,10,14.298368513270542,0,0,0,1,26.6037720622865,14,26
normal_77,0,12,20.701905009004214,0,0,0,1,26.6037720622865,14,26
normal_77,0,14,18.908436654151306,0,0,0,1,26.6037720622865,14,26
normal_77,0,16,15.429023993114217,0,0,0,1,26.6037720622865,14,26
normal_77,0,18,15.15375309724177,0,0,0,1,26.6037720622865,14,26
normal_77,0,20,16.149687469930328,0,0,0,1,26.6037720622865,14,26
normal_77,0,22,17.143948516958854,0,0,0,1,26.6037720622865,14,26
normal_77,0,24,15.923558882437922,0,0,0,1,26.6037720622865,14,26
normal_77,0,26,15.144407429505538,0,0,0,1,26.6037720622865,14,26
normal_77,0,28,13.466091096088087,0,0,0,1,26.6037720622865,14,26
normal_77,0,30,14.614087892255114,0,0,0,1,26.6037720622865,14,26
normal_77,0,32,17.367232844509367,0,0,0,1,26.6037720622865,14,26
normal_77,0,34,13.530174157016297,0,0,0,1,26.6037720622865,14,26
normal_77,0,36,15.621331325107233,0,0,0,1,26.6037720622865,14,26
normal_77,0,38,21.316082561158172,0,0,0,1,26.6037720622865,14,26
normal_77,0,40,18.194492898563137,0,0,0,1,26.6037720622865,14,26
normal_77,0,42,17.09992438997596,0,0,0,1,26.6037720622865,14,26
normal_77,0,44,16.568229474217283,0,0,0,1,26.6037720622865,14,26
normal_79,0,0,10.237233591801356,0,0,0,1,26.6037720622865,14,26
normal_79,0,2,11.639565933130052,0,0,0,1,26.6037720622865,14,26
normal_79,0,4,8.465435691791383,0,0,0,1,26.6037720622865,14,26
normal_79,0,6,7.924949481825617,0,0,0,1,26.6037720622865,14,26
normal_79,0,8,13.451758878317296,0,0,0,1,26.6037720622865,14,26
normal_79,0,10,12.103198499589128,0,0,0,1,26.6037720622865,14,26
normal_79,0,12,13.470422002853915,0,0,0,1,26.6037720622865,14,26
normal_79,0,14,10.344350954295047,0,0,0,1,26.6037720622865,14,26
normal_79,0,16,10.241443927806735,0,0,0,1,26.6037720622865,14,26
normal_79,0,18,11.748761212810106,0,0,0,1,26.6037720622865,14,26
normal_79,0,20,8.043841725302403,0,0,0,1,26.6037720622865,14,26
normal_79,0,22,7.044742903489752,0,0,0,1,26.6037720622865,14,26
normal_79,0,24,8.179904205938618,0,0,0,1,26.6037720622865,14,26
normal_79,0,26,9.060710693879141,0,0,0,1,26.6037720622865,14,26
normal_79,0,28,8.07377292882654,0,0,0,1,26.6037720622865,14,26
normal_79,0,30,6.248483180383024,0,0,0,1,26.6037720622865,14,26
normal_79,0,32,8.103733418783763,0,0,0,1,26.6037720622865,14,26
normal_79,0,34,8.042539474745535,0,0,0,1,26.6037720622865,14,26
normal_79,0,36,8.885611276603573,0,0,0,1,26.6037720622865,14,26
normal_79,0,38,7.320636910315832,0,0,0,1,26.6037720622865,14,26
normal_79,0,40,7.084043660895624,0,0,0,1,26.6037720622865,14,26
normal_79,0,42,9.700819556908531,0,0,0,1,26.6037720622865,14,26
normal_79,0,44,9.284008027867133,0,0,0,1,26.6037720622865,14,26
normal_86,0,0,13.033927854308981,0,0,0,1,26.6037720622865,14,26
normal_86,0,2,8.522515714153805,0,0,0,1,26.6037720622865,14,26
normal_86,0,4,8.48585944995714,0,0,0,1,26.6037720622865,14,26
normal_86,0,6,11.656353180244537,0,0,0,1,26.6037720622865,14,26
normal_86,0,8,14.397656267879258,0,0,0,1,26.6037720622865,14,26
normal_86,0,10,12.556959245242924,0,0,0,1,26.6037720622865,14,26
normal_86,0,12,12.430300369948029,0,0,0,1,26.6037720622865,14,26
normal_86,0,14,13.114839656162752,0,0,0,1,26.6037720622865,14,26
normal_86,0,16,12.633989459830904,0,0,0,1,26.6037720622865,14,26
normal_86,0,18,11.924250850256177,0,0,0,1,26.6037720622865,14,26
normal_86,0,20,12.52039531802784,0,0,0,1,26.6037720622865,14,26
normal_86,0,22,10.68989601007877,0,0,0,1,26.6037720622865,14,26
normal_86,0,24,14.056403240255424,0,0,0,1,26.6037720622865,14,26
normal_86,0,26,15.483851274720031,0,0,0,1,26.6037720622865,14,26
normal_86,0,28,18.45040804312447,0,0,0,1,26.6037720622865,14,26
normal_86,0,30,11.20765423039148,0,0,0,1,26.6037720622865,14,26
normal_86,0,32,13.286500348178487,0,0,0,1,26.6037720622865,14,26
normal_86,0,34,9.62651620852439,0,0,0,1,26.6037720622865,14,26
normal_86,0,36,9.713676984868655,0,0,0,1,26.6037720622865,14,26
normal_86,0,38,5.644145060628102,0,0,0,1,26.6037720622865,14,26
normal_86,0,40,10.073276501942043,0,0,0,1,26.6037720622865,14,26
normal_87,0,0,6.081809271021545,0,0,0,1,26.6037720622865,14,26
normal_87,0,2,7.129597678157751,0,0,0,1,26.6037720622865,14,26
normal_87,0,4,6.155722589262842,0,0,0,1,26.6037720622865,14,26
normal_87,0,6,6.93817283451753,0,0,0,1,26.6037720622865,14,26
normal_87,0,8,6.831950898109066,0,0,0,1,26.6037720622865,14,26
normal_87,0,10,4.832924318139647,0,0,0,1,26.6037720622865,14,26
normal_87,0,12,6.69663971765753,0,0,0,1,26.6037720622865,14,26
normal_87,0,14,7.172819029234221,0,0,0,1,26.6037720622865,14,26
normal_87,0,16,10.543919555364564,0,0,0,1,26.6037720622865,14,26
normal_87,0,18,10.562977491794609,0,0,0,1,26.6037720622865,14,26
normal_87,0,20,10.944099708049718,0,0,0,1,26.6037720622865,14,26
normal_87,0,22,10.437803222032583,0,0,0,1,26.6037720622865,14,26
normal_87,0,24,10.696664012806185,0,0,0,1,26.6037720622865,14,26
normal_87,0,26,9.190257576482644,0,0,0,1,26.6037720622865,14,26
normal_87,0,28,12.255206518215351,0,0,0,1,26.6037720622865,14,26
normal_95,0,0,7.993878642629084,0,0,0,1,26.6037720622865,14,26
normal_95,0,2,7.879642276704148,0,0,0,1,26.6037720622865,14,26
normal_95,0,4,8.851872793201174,0,0,0,1,26.6037720622865,14,26
normal_95,0,6,10.379182289428677,0,0,0,1,26.6037720622865,14,26
normal_95,0,8,12.942663331105793,0,0,0,1,26.6037720622865,14,26
normal_95,0,10,18.21557195509868,0,0,0,1,26.6037720622865,14,26
normal_95,0,12,13.96222089930006,0,0,0,1,26.6037720622865,14,26
normal_95,0,14,18.33724088702553,0,0,0,1,26.6037720622865,14,26
normal_95,0,16,22.918442016331834,0,0,0,1,26.6037720622865,14,26
normal_95,0,18,18.361457805583196,0,0,0,1,26.6037720622865,14,26
normal_95,0,20,18.53157404317245,0,0,0,1,26.6037720622865,14,26
normal_95,0,22,27.299385977278725,1,1,0,1,26.6037720622865,14,26
normal_95,0,24,19.88194792791775,0,0,0,1,26.6037720622865,14,26
normal_95,0,26,22.08670230448115,0,0,0,1,26.6037720622865,14,26
normal_95,0,28,35.3359029266575,1,1,0,1,26.6037720622865,14,26
normal_95,0,30,29.73042757347766,1,2,0,1,26.6037720622865,14,26
normal_95,0,32,27.799224259138356,1,3,0,1,26.6037720622865,14,26
normal_95,0,34,30.214307903141794,1,4,0,1,26.6037720622865,14,26
normal_95,0,36,28.006600681322283,1,5,0,1,26.6037720622865,14,26
normal_95,0,38,29.548575192780074,1,6,0,1,26.6037720622865,14,26
normal_95,0,40,26.843869994512552,1,7,0,1,26.6037720622865,14,26
normal_95,0,42,26.143179450680996,0,0,0,1,26.6037720622865,14,26
normal_95,0,44,26.767565060051364,1,1,0,1,26.6037720622865,14,26
normal_99,0,0,7.913262509729427,0,0,0,1,26.6037720622865,14,26
normal_99,0,2,10.537562340001886,0,0,0,1,26.6037720622865,14,26
normal_99,0,4,18.01796936331382,0,0,0,1,26.6037720622865,14,26
normal_99,0,6,4.707125171992124,0,0,0,1,26.6037720622865,14,26
normal_99,0,8,8.871219192449118,0,0,0,1,26.6037720622865,14,26
normal_99,0,10,11.2541944464661,0,0,0,1,26.6037720622865,14,26
normal_99,0,12,5.9234414104052675,0,0,0,1,26.6037720622865,14,26
normal_99,0,14,7.627514839519816,0,0,0,1,26.6037720622865,14,26
normal_99,0,16,9.721113285999303,0,0,0,1,26.6037720622865,14,26
normal_99,0,18,17.171053572697073,0,0,0,1,26.6037720622865,14,26
normal_102,0,0,15.07718487165682,0,0,0,1,26.6037720622865,14,26
normal_102,0,2,16.785982375724764,0,0,0,1,26.6037720622865,14,26
normal_102,0,4,16.287911426982667,0,0,0,1,26.6037720622865,14,26
normal_102,0,6,16.491661929935887,0,0,0,1,26.6037720622865,14,26
normal_102,0,8,15.150213668767577,0,0,0,1,26.6037720622865,14,26
normal_102,0,10,12.316959912322908,0,0,0,1,26.6037720622865,14,26
normal_102,0,12,12.198289210491668,0,0,0,1,26.6037720622865,14,26
normal_102,0,14,12.012413934597198,0,0,0,1,26.6037720622865,14,26
normal_102,0,16,13.020451164810645,0,0,0,1,26.6037720622865,14,26
normal_102,0,18,15.054894176563169,0,0,0,1,26.6037720622865,14,26
normal_102,0,20,14.333667948565456,0,0,0,1,26.6037720622865,14,26
normal_102,0,22,13.002820478946772,0,0,0,1,26.6037720622865,14,26
normal_102,0,24,14.06672532082172,0,0,0,1,26.6037720622865,14,26
normal_102,0,26,15.253890751432392,0,0,0,1,26.6037720622865,14,26
normal_102,0,28,12.574692514563315,0,0,0,1,26.6037720622865,14,26
normal_102,0,30,14.00481294159185,0,0,0,1,26.6037720622865,14,26
normal_102,0,32,13.755053376603552,0,0,0,1,26.6037720622865,14,26
normal_102,0,34,13.05129589598326,0,0,0,1,26.6037720622865,14,26
normal_102,0,36,12.005946370426669,0,0,0,1,26.6037720622865,14,26
normal_102,0,38,11.28217699853288,0,0,0,1,26.6037720622865,14,26
normal_102,0,40,11.240592674597824,0,0,0,1,26.6037720622865,14,26
normal_102,0,42,13.179587023414465,0,0,0,1,26.6037720622865,14,26
normal_102,0,44,11.709417179609742,0,0,0,1,26.6037720622865,14,26
normal_103,0,0,12.149634390721204,0,0,0,1,26.6037720622865,14,26
normal_103,0,2,9.120477145134448,0,0,0,1,26.6037720622865,14,26
normal_103,0,4,11.474779776007406,0,0,0,1,26.6037720622865,14,26
normal_103,0,6,10.192778480681586,0,0,0,1,26.6037720622865,14,26
normal_103,0,8,9.361237577673329,0,0,0,1,26.6037720622865,14,26
normal_103,0,10,9.359350368971961,0,0,0,1,26.6037720622865,14,26
normal_103,0,12,11.026083249304572,0,0,0,1,26.6037720622865,14,26
normal_103,0,14,11.660695538799988,0,0,0,1,26.6037720622865,14,26
normal_103,0,16,10.854072365571879,0,0,0,1,26.6037720622865,14,26
normal_103,0,18,9.684975777748962,0,0,0,1,26.6037720622865,14,26
normal_103,0,20,12.649056839418776,0,0,0,1,26.6037720622865,14,26
normal_103,0,22,13.416726246822194,0,0,0,1,26.6037720622865,14,26
normal_103,0,24,12.591090812307845,0,0,0,1,26.6037720622865,14,26
normal_103,0,26,12.350833986835298,0,0,0,1,26.6037720622865,14,26
normal_103,0,28,11.0920980878249,0,0,0,1,26.6037720622865,14,26
normal_103,0,30,12.834373923822206,0,0,0,1,26.6037720622865,14,26
normal_103,0,32,14.121995901708173,0,0,0,1,26.6037720622865,14,26
normal_103,0,34,12.18590006904806,0,0,0,1,26.6037720622865,14,26
normal_103,0,36,11.485420465190211,0,0,0,1,26.6037720622865,14,26
normal_103,0,38,12.989167606050145,0,0,0,1,26.6037720622865,14,26
normal_103,0,40,12.266216235489495,0,0,0,1,26.6037720622865,14,26
normal_115,0,0,7.512890544193057,0,0,0,1,26.6037720622865,14,26
normal_115,0,2,9.668578555098538,0,0,0,1,26.6037720622865,14,26
normal_115,0,4,11.537870388152568,0,0,0,1,26.6037720622865,14,26
normal_115,0,6,11.367608912010514,0,0,0,1,26.6037720622865,14,26
normal_115,0,8,9.63638502259186,0,0,0,1,26.6037720622865,14,26
normal_115,0,10,12.0160324201844,0,0,0,1,26.6037720622865,14,26
normal_115,0,12,15.22970703532843,0,0,0,1,26.6037720622865,14,26
normal_115,0,14,15.124853879680916,0,0,0,1,26.6037720622865,14,26
normal_115,0,16,12.233165311194936,0,0,0,1,26.6037720622865,14,26
normal_115,0,18,9.40656721858598,0,0,0,1,26.6037720622865,14,26
normal_115,0,20,10.239400081503177,0,0,0,1,26.6037720622865,14,26
normal_115,0,22,10.201864485426109,0,0,0,1,26.6037720622865,14,26
normal_115,0,24,11.613695322218701,0,0,0,1,26.6037720622865,14,26
normal_115,0,26,10.05071009617193,0,0,0,1,26.6037720622865,14,26
normal_115,0,28,13.199131845002544,0,0,0,1,26.6037720622865,14,26
normal_115,0,30,14.1653219954206,0,0,0,1,26.6037720622865,14,26
normal_115,0,32,14.484526574008493,0,0,0,1,26.6037720622865,14,26
normal_115,0,34,15.00498271578806,0,0,0,1,26.6037720622865,14,26
normal_130,0,0,12.345541085737487,0,0,0,1,26.6037720622865,14,26
normal_130,0,2,15.122858995709366,0,0,0,1,26.6037720622865,14,26
normal_130,0,4,11.988234600057517,0,0,0,1,26.6037720622865,14,26
normal_130,0,6,10.264637999511326,0,0,0,1,26.6037720622865,14,26
normal_130,0,8,10.437839260518846,0,0,0,1,26.6037720622865,14,26
normal_130,0,10,6.707470966016656,0,0,0,1,26.6037720622865,14,26
normal_130,0,12,7.6394263084378915,0,0,0,1,26.6037720622865,14,26
normal_130,0,14,8.726671457185354,0,0,0,1,26.6037720622865,14,26
normal_147,0,0,10.05171028873577,0,0,0,1,26.6037720622865,14,26
normal_147,0,2,7.53253935092119,0,0,0,1,26.6037720622865,14,26
normal_147,0,4,6.817081265992972,0,0,0,1,26.6037720622865,14,26
normal_147,0,6,9.541922058362477,0,0,0,1,26.6037720622865,14,26
normal_147,0,8,8.916003966916271,0,0,0,1,26.6037720622865,14,26
normal_147,0,10,8.379201754889877,0,0,0,1,26.6037720622865,14,26
normal_147,0,12,7.645209543672077,0,0,0,1,26.6037720622865,14,26
normal_147,0,14,9.344078185538603,0,0,0,1,26.6037720622865,14,26
normal_147,0,16,9.950830544958421,0,0,0,1,26.6037720622865,14,26
normal_147,0,18,10.035750199104136,0,0,0,1,26.6037720622865,14,26
normal_147,0,20,7.023145244545425,0,0,0,1,26.6037720622865,14,26
normal_147,0,22,4.708678532359099,0,0,0,1,26.6037720622865,14,26
normal_147,0,24,6.658011203678155,0,0,0,1,26.6037720622865,14,26
normal_147,0,26,8.750820121421036,0,0,0,1,26.6037720622865,14,26
normal_147,0,28,8.73121899367852,0,0,0,1,26.6037720622865,14,26
normal_147,0,30,7.886291694561347,0,0,0,1,26.6037720622865,14,26
normal_147,0,32,3.1701883510302715,0,0,0,1,26.6037720622865,14,26
normal_147,0,34,6.046579861176084,0,0,0,1,26.6037720622865,14,26
normal_160,0,0,9.720958995586576,0,0,0,1,26.6037720622865,14,26
normal_160,0,2,8.365835500673553,0,0,0,1,26.6037720622865,14,26
normal_160,0,4,6.569950507179211,0,0,0,1,26.6037720622865,14,26
normal_160,0,6,6.379695696422471,0,0,0,1,26.6037720622865,14,26
normal_160,0,8,9.438351032059606,0,0,0,1,26.6037720622865,14,26
normal_160,0,10,13.398925254451814,0,0,0,1,26.6037720622865,14,26
normal_160,0,12,10.130359568401783,0,0,0,1,26.6037720622865,14,26
normal_160,0,14,6.8199850062121055,0,0,0,1,26.6037720622865,14,26
normal_160,0,16,6.082936001800018,0,0,0,1,26.6037720622865,14,26
normal_160,0,18,8.230842208601796,0,0,0,1,26.6037720622865,14,26
normal_160,0,20,8.139333057251967,0,0,0,1,26.6037720622865,14,26
normal_160,0,22,9.06297327758312,0,0,0,1,26.6037720622865,14,26
normal_160,0,24,5.4505630083659735,0,0,0,1,26.6037720622865,14,26
normal_160,0,26,6.726733839527356,0,0,0,1,26.6037720622865,14,26
normal_160,0,28,13.318059069382029,0,0,0,1,26.6037720622865,14,26
normal_160,0,30,7.87683020075036,0,0,0,1,26.6037720622865,14,26
normal_160,0,32,8.188546872349042,0,0,0,1,26.6037720622865,14,26
normal_160,0,34,5.419814187138215,0,0,0,1,26.6037720622865,14,26
normal_160,0,36,5.282821753980797,0,0,0,1,26.6037720622865,14,26
normal_160,0,38,3.991073758325921,0,0,0,1,26.6037720622865,14,26
normal_160,0,40,7.083366853879444,0,0,0,1,26.6037720622865,14,26
normal_160,0,42,9.595260000075994,0,0,0,1,26.6037720622865,14,26
normal_160,0,44,6.983583917653102,0,0,0,1,26.6037720622865,14,26
normal_167,0,0,16.763625786117267,0,0,0,1,26.6037720622865,14,26
normal_167,0,2,18.64658909519586,0,0,0,1,26.6037720622865,14,26
normal_167,0,4,16.319184109716623,0,0,0,1,26.6037720622865,14,26
normal_167,0,6,18.156028348420158,0,0,0,1,26.6037720622865,14,26
normal_167,0,8,15.51278625239202,0,0,0,1,26.6037720622865,14,26
normal_167,0,10,13.93608465157662,0,0,0,1,26.6037720622865,14,26
normal_167,0,12,8.286415682613224,0,0,0,1,26.6037720622865,14,26
normal_167,0,14,13.004953829920412,0,0,0,1,26.6037720622865,14,26
normal_167,0,16,11.571724682892318,0,0,0,1,26.6037720622865,14,26
normal_167,0,18,13.10554966046462,0,0,0,1,26.6037720622865,14,26
normal_167,0,20,12.530653364744902,0,0,0,1,26.6037720622865,14,26
normal_167,0,22,12.323421780540443,0,0,0,1,26.6037720622865,14,26
normal_167,0,24,11.908169495546211,0,0,0,1,26.6037720622865,14,26
normal_167,0,26,10.404051172581234,0,0,0,1,26.6037720622865,14,26
normal_173,0,0,15.1419814579059,0,0,0,1,26.6037720622865,14,26
normal_173,0,2,15.024331437699093,0,0,0,1,26.6037720622865,14,26
normal_173,0,4,13.308065159325107,0,0,0,1,26.6037720622865,14,26
normal_173,0,6,13.656033060813922,0,0,0,1,26.6037720622865,14,26
normal_173,0,8,13.086968517671679,0,0,0,1,26.6037720622865,14,26
normal_173,0,10,13.006656881282918,0,0,0,1,26.6037720622865,14,26
normal_173,0,12,12.634695313221771,0,0,0,1,26.6037720622865,14,26
normal_173,0,14,11.15613870547444,0,0,0,1,26.6037720622865,14,26
normal_173,0,16,13.601324948008848,0,0,0,1,26.6037720622865,14,26
normal_173,0,18,12.781492588716464,0,0,0,1,26.6037720622865,14,26
normal_173,0,20,14.281807326999681,0,0,0,1,26.6037720622865,14,26
normal_177,0,0,17.82891302153885,0,0,0,1,26.6037720622865,14,26
normal_177,0,2,16.477478551368957,0,0,0,1,26.6037720622865,14,26
normal_177,0,4,14.034161075777568,0,0,0,1,26.6037720622865,14,26
normal_177,0,6,14.857734627020559,0,0,0,1,26.6037720622865,14,26
normal_177,0,8,15.399283708125296,0,0,0,1,26.6037720622865,14,26
normal_177,0,10,13.546102729105993,0,0,0,1,26.6037720622865,14,26
normal_177,0,12,8.066885990455473,0,0,0,1,26.6037720622865,14,26
normal_177,0,14,8.65411512369468,0,0,0,1,26.6037720622865,14,26
normal_177,0,16,9.13221811652282,0,0,0,1,26.6037720622865,14,26
normal_177,0,18,10.151293174162271,0,0,0,1,26.6037720622865,14,26
normal_177,0,20,14.107049843059876,0,0,0,1,26.6037720622865,14,26
normal_177,0,22,12.055450045816512,0,0,0,1,26.6037720622865,14,26
normal_177,0,24,15.410663476992633,0,0,0,1,26.6037720622865,14,26
normal_177,0,26,17.22303347559708,0,0,0,1,26.6037720622865,14,26
normal_177,0,28,13.54889410866949,0,0,0,1,26.6037720622865,14,26
normal_177,0,30,14.113828215060227,0,0,0,1,26.6037720622865,14,26
normal_177,0,32,16.710230746098468,0,0,0,1,26.6037720622865,14,26
normal_177,0,34,13.361305058991935,0,0,0,1,26.6037720622865,14,26
normal_177,0,36,11.67707020799686,0,0,0,1,26.6037720622865,14,26
normal_177,0,38,9.370522996171257,0,0,0,1,26.6037720622865,14,26
normal_177,0,40,9.887236877776617,0,0,0,1,26.6037720622865,14,26
normal_177,0,42,12.65269735436615,0,0,0,1,26.6037720622865,14,26
normal_177,0,44,13.9915115972327,0,0,0,1,26.6037720622865,14,26
normal_178,0,0,11.223853088507767,0,0,0,1,26.6037720622865,14,26
normal_178,0,2,10.977532844459907,0,0,0,1,26.6037720622865,14,26
normal_178,0,4,12.29728792396031,0,0,0,1,26.6037720622865,14,26
normal_178,0,6,10.565676508611874,0,0,0,1,26.6037720622865,14,26
normal_178,0,8,7.711430824553916,0,0,0,1,26.6037720622865,14,26
normal_178,0,10,13.410422640728633,0,0,0,1,26.6037720622865,14,26
normal_178,0,12,11.315132277243467,0,0,0,1,26.6037720622865,14,26
normal_178,0,14,12.264147880250865,0,0,0,1,26.6037720622865,14,26
normal_178,0,16,12.72470805787194,0,0,0,1,26.6037720622865,14,26
normal_178,0,18,15.922606121561106,0,0,0,1,26.6037720622865,14,26
normal_178,0,20,12.904809699159152,0,0,0,1,26.6037720622865,14,26
normal_178,0,22,18.113496254556814,0,0,0,1,26.6037720622865,14,26
normal_178,0,24,19.92363436487087,0,0,0,1,26.6037720622865,14,26
normal_178,0,26,11.95565073256382,0,0,0,1,26.6037720622865,14,26
normal_178,0,28,23.83581599825412,0,0,0,1,26.6037720622865,14,26
normal_178,0,30,25.701946426799037,0,0,0,1,26.6037720622865,14,26
normal_178,0,32,13.649694100921085,0,0,0,1,26.6037720622865,14,26
normal_178,0,34,10.54323717507244,0,0,0,1,26.6037720622865,14,26
normal_178,0,36,11.675683345390365,0,0,0,1,26.6037720622865,14,26
normal_178,0,38,8.896019886667657,0,0,0,1,26.6037720622865,14,26
normal_178,0,40,7.616013389408645,0,0,0,1,26.6037720622865,14,26
normal_183,0,0,8.439924631921281,0,0,0,1,26.6037720622865,14,26
normal_183,0,2,11.882135788559022,0,0,0,1,26.6037720622865,14,26
normal_183,0,4,11.14743975718276,0,0,0,1,26.6037720622865,14,26
normal_183,0,6,9.830972146481033,0,0,0,1,26.6037720622865,14,26
normal_183,0,8,8.182942494652307,0,0,0,1,26.6037720622865,14,26
normal_183,0,10,9.704089549628804,0,0,0,1,26.6037720622865,14,26
normal_183,0,12,8.53152376522904,0,0,0,1,26.6037720622865,14,26
normal_183,0,14,5.643016845127147,0,0,0,1,26.6037720622865,14,26
normal_183,0,16,6.496605065004083,0,0,0,1,26.6037720622865,14,26
normal_183,0,18,6.467624238372562,0,0,0,1,26.6037720622865,14,26
normal_183,0,20,10.522197945679059,0,0,0,1,26.6037720622865,14,26
normal_183,0,22,8.474222623118413,0,0,0,1,26.6037720622865,14,26
normal_183,0,24,12.908609233193834,0,0,0,1,26.6037720622865,14,26
normal_183,0,26,10.685315620121449,0,0,0,1,26.6037720622865,14,26
normal_183,0,28,10.869260454554519,0,0,0,1,26.6037720622865,14,26
normal_183,0,30,9.82966478763494,0,0,0,1,26.6037720622865,14,26
normal_183,0,32,7.870634664797277,0,0,0,1,26.6037720622865,14,26
normal_183,0,34,6.926385810574439,0,0,0,1,26.6037720622865,14,26
normal_183,0,36,9.42566488693311,0,0,0,1,26.6037720622865,14,26
normal_183,0,38,8.34366429280039,0,0,0,1,26.6037720622865,14,26
normal_183,0,40,5.6963024831235645,0,0,0,1,26.6037720622865,14,26
normal_183,0,42,5.545095378488872,0,0,0,1,26.6037720622865,14,26
normal_185,0,0,3.4574683781992275,0,0,0,1,26.6037720622865,14,26
normal_185,0,2,4.97724410628356,0,0,0,1,26.6037720622865,14,26
normal_185,0,4,6.672998453538335,0,0,0,1,26.6037720622865,14,26
normal_185,0,6,6.373228025853135,0,0,0,1,26.6037720622865,14,26
normal_185,0,8,5.243053458077476,0,0,0,1,26.6037720622865,14,26
normal_185,0,10,6.4105426849765825,0,0,0,1,26.6037720622865,14,26
normal_185,0,12,7.068733098750394,0,0,0,1,26.6037720622865,14,26
normal_185,0,14,10.939794376059378,0,0,0,1,26.6037720622865,14,26
normal_185,0,16,9.800672999291429,0,0,0,1,26.6037720622865,14,26
normal_185,0,18,8.504859378921873,0,0,0,1,26.6037720622865,14,26
normal_185,0,20,10.444542198208985,0,0,0,1,26.6037720622865,14,26
normal_185,0,22,3.8247549610094165,0,0,0,1,26.6037720622865,14,26
normal_185,0,24,3.6106526556989365,0,0,0,1,26.6037720622865,14,26
normal_185,0,26,5.27386610233732,0,0,0,1,26.6037720622865,14,26
normal_185,0,28,8.576189124707698,0,0,0,1,26.6037720622865,14,26
normal_188,0,0,14.101462000993427,0,0,0,1,26.6037720622865,14,26
normal_188,0,2,14.68862843126284,0,0,0,1,26.6037720622865,14,26
normal_188,0,4,21.64364972104137,0,0,0,1,26.6037720622865,14,26
normal_188,0,6,14.128915400874495,0,0,0,1,26.6037720622865,14,26
normal_188,0,8,18.37209713876837,0,0,0,1,26.6037720622865,14,26
normal_188,0,10,4.872310035229085,0,0,0,1,26.6037720622865,14,26
normal_188,0,12,6.378489441200837,0,0,0,1,26.6037720622865,14,26
normal_188,0,14,6.283674280914171,0,0,0,1,26.6037720622865,14,26
normal_188,0,16,3.24888106815841,0,0,0,1,26.6037720622865,14,26
normal_188,0,18,8.05000298597796,0,0,0,1,26.6037720622865,14,26
normal_188,0,20,7.537493807064645,0,0,0,1,26.6037720622865,14,26
normal_188,0,22,6.1666329185335,0,0,0,1,26.6037720622865,14,26
normal_188,0,24,6.5825106650918075,0,0,0,1,26.6037720622865,14,26
normal_188,0,26,3.9686950611311405,0,0,0,1,26.6037720622865,14,26
normal_188,0,28,6.409688461310038,0,0,0,1,26.6037720622865,14,26
normal_188,0,30,7.290880011184175,0,0,0,1,26.6037720622865,14,26
normal_188,0,32,8.15099362884891,0,0,0,1,26.6037720622865,14,26
normal_188,0,34,6.648384889665209,0,0,0,1,26.6037720622865,14,26
normal_188,0,36,8.926812208450107,0,0,0,1,26.6037720622865,14,26
normal_188,0,38,8.64131354782942,0,0,0,1,26.6037720622865,14,26
normal_188,0,40,8.498897639755674,0,0,0,1,26.6037720622865,14,26
normal_188,0,42,6.7676594108719925,0,0,0,1,26.6037720622865,14,26
normal_188,0,44,8.05547935164601,0,0,0,1,26.6037720622865,14,26
normal_190,0,0,12.690547470068138,0,0,0,1,26.6037720622865,14,26
normal_190,0,2,13.24049600790913,0,0,0,1,26.6037720622865,14,26
normal_190,0,4,11.379220195859082,0,0,0,1,26.6037720622865,14,26
normal_190,0,6,10.763359836721254,0,0,0,1,26.6037720622865,14,26
normal_190,0,8,12.656388943791168,0,0,0,1,26.6037720622865,14,26
normal_190,0,10,14.181714955351332,0,0,0,1,26.6037720622865,14,26
normal_190,0,12,13.930080925486363,0,0,0,1,26.6037720622865,14,26
normal_190,0,14,13.977623146856903,0,0,0,1,26.6037720622865,14,26
normal_190,0,16,12.91800959124551,0,0,0,1,26.6037720622865,14,26
normal_190,0,18,17.277549148889282,0,0,0,1,26.6037720622865,14,26
normal_190,0,20,19.223118538998904,0,0,0,1,26.6037720622865,14,26
normal_190,0,22,15.424211420992423,0,0,0,1,26.6037720622865,14,26
normal_190,0,24,12.897304165424062,0,0,0,1,26.6037720622865,14,26
normal_190,0,26,13.567986086220667,0,0,0,1,26.6037720622865,14,26
normal_190,0,28,10.180951644796002,0,0,0,1,26.6037720622865,14,26
normal_190,0,30,9.867562183867982,0,0,0,1,26.6037720622865,14,26
normal_206,0,0,9.85534649956151,0,0,0,1,26.6037720622865,14,26
normal_206,0,2,11.198222809400772,0,0,0,1,26.6037720622865,14,26
normal_206,0,4,10.033616104109232,0,0,0,1,26.6037720622865,14,26
normal_206,0,6,8.022274643870876,0,0,0,1,26.6037720622865,14,26
normal_206,0,8,5.828840417731521,0,0,0,1,26.6037720622865,14,26
normal_206,0,10,6.154755650438137,0,0,0,1,26.6037720622865,14,26
normal_206,0,12,7.224753654648757,0,0,0,1,26.6037720622865,14,26
normal_206,0,14,8.093611688531249,0,0,0,1,26.6037720622865,14,26
normal_206,0,16,8.023344059160927,0,0,0,1,26.6037720622865,14,26
normal_206,0,18,8.064223971026744,0,0,0,1,26.6037720622865,14,26
normal_206,0,20,11.383174719248096,0,0,0,1,26.6037720622865,14,26
normal_206,0,22,12.45698679474154,0,0,0,1,26.6037720622865,14,26
normal_206,0,24,8.87804070621985,0,0,0,1,26.6037720622865,14,26
normal_206,0,26,7.122456480531408,0,0,0,1,26.6037720622865,14,26
normal_206,0,28,8.317290342424078,0,0,0,1,26.6037720622865,14,26
normal_207,0,0,13.454972409107677,0,0,0,1,26.6037720622865,14,26
normal_207,0,2,7.840184037282935,0,0,0,1,26.6037720622865,14,26
normal_207,0,4,5.683959085438177,0,0,0,1,26.6037720622865,14,26
normal_207,0,6,6.328884860015419,0,0,0,1,26.6037720622865,14,26
normal_207,0,8,7.287606143515642,0,0,0,1,26.6037720622865,14,26
normal_207,0,10,6.617620669525276,0,0,0,1,26.6037720622865,14,26
normal_207,0,12,7.795956115954048,0,0,0,1,26.6037720622865,14,26
normal_207,0,14,11.468726656096157,0,0,0,1,26.6037720622865,14,26
normal_207,0,16,15.584019612372177,0,0,0,1,26.6037720622865,14,26
normal_212,0,0,21.170778398437676,0,0,0,1,26.6037720622865,14,26
normal_212,0,2,12.87046729297554,0,0,0,1,26.6037720622865,14,26
normal_212,0,4,11.583134431440936,0,0,0,1,26.6037720622865,14,26
normal_212,0,6,9.477957358705774,0,0,0,1,26.6037720622865,14,26
normal_212,0,8,13.576897396792644,0,0,0,1,26.6037720622865,14,26
normal_212,0,10,11.809497982773854,0,0,0,1,26.6037720622865,14,26
normal_212,0,12,19.37435476577242,0,0,0,1,26.6037720622865,14,26
normal_212,0,14,17.949983897028808,0,0,0,1,26.6037720622865,14,26
normal_212,0,16,14.859717616925218,0,0,0,1,26.6037720622865,14,26
normal_212,0,18,9.427210612255482,0,0,0,1,26.6037720622865,14,26
normal_212,0,20,14.893293752897641,0,0,0,1,26.6037720622865,14,26
normal_212,0,22,10.224279667405332,0,0,0,1,26.6037720622865,14,26
normal_212,0,24,13.292562432436219,0,0,0,1,26.6037720622865,14,26
normal_212,0,26,9.419217122590158,0,0,0,1,26.6037720622865,14,26
normal_212,0,28,11.644114531360646,0,0,0,1,26.6037720622865,14,26
normal_212,0,30,11.012806788728232,0,0,0,1,26.6037720622865,14,26
normal_212,0,32,18.05922364165465,0,0,0,1,26.6037720622865,14,26
normal_212,0,34,18.822254802059494,0,0,0,1,26.6037720622865,14,26
normal_212,0,36,17.45414422429399,0,0,0,1,26.6037720622865,14,26
normal_212,0,38,10.713266240893697,0,0,0,1,26.6037720622865,14,26
normal_212,0,40,16.02322376296843,0,0,0,1,26.6037720622865,14,26
normal_212,0,42,20.70875333471486,0,0,0,1,26.6037720622865,14,26
normal_212,0,44,20.529202516384796,0,0,0,1,26.6037720622865,14,26
normal_223,0,0,13.827621750653007,0,0,0,1,26.6037720622865,14,26
normal_223,0,2,11.44186362173705,0,0,0,1,26.6037720622865,14,26
normal_223,0,4,10.564300166442,0,0,0,1,26.6037720622865,14,26
normal_223,0,6,13.443684103710995,0,0,0,1,26.6037720622865,14,26
normal_223,0,8,14.975854032245529,0,0,0,1,26.6037720622865,14,26
normal_223,0,10,12.533262030103135,0,0,0,1,26.6037720622865,14,26
normal_223,0,12,11.538533422943344,0,0,0,1,26.6037720622865,14,26
normal_223,0,14,12.193885674730192,0,0,0,1,26.6037720622865,14,26
normal_223,0,16,13.063891965431182,0,0,0,1,26.6037720622865,14,26
normal_223,0,18,9.748716168927976,0,0,0,1,26.6037720622865,14,26
normal_223,0,20,8.475849737759217,0,0,0,1,26.6037720622865,14,26
normal_223,0,22,6.656916351905245,0,0,0,1,26.6037720622865,14,26
normal_223,0,24,9.490325139228858,0,0,0,1,26.6037720622865,14,26
normal_223,0,26,8.847871104574992,0,0,0,1,26.6037720622865,14,26
normal_223,0,28,6.611112992401042,0,0,0,1,26.6037720622865,14,26
normal_223,0,30,8.605756928264407,0,0,0,1,26.6037720622865,14,26
normal_223,0,32,7.657305103952102,0,0,0,1,26.6037720622865,14,26
normal_223,0,34,10.352620291273688,0,0,0,1,26.6037720622865,14,26
normal_223,0,36,16.377521296768965,0,0,0,1,26.6037720622865,14,26
normal_223,0,38,13.858938000936671,0,0,0,1,26.6037720622865,14,26
normal_223,0,40,17.86338561974866,0,0,0,1,26.6037720622865,14,26
normal_223,0,42,17.976144050152964,0,0,0,1,26.6037720622865,14,26
normal_223,0,44,17.319558088176176,0,0,0,1,26.6037720622865,14,26
normal_224,0,0,9.883278153171416,0,0,0,1,26.6037720622865,14,26
normal_224,0,2,21.435016503813323,0,0,0,1,26.6037720622865,14,26
normal_224,0,4,12.034767691559363,0,0,0,1,26.6037720622865,14,26
normal_224,0,6,10.61315325905981,0,0,0,1,26.6037720622865,14,26
normal_224,0,8,13.053337824994912,0,0,0,1,26.6037720622865,14,26
normal_224,0,10,29.10764700027467,1,1,0,1,26.6037720622865,14,26
normal_224,0,12,15.80965650496552,0,0,0,1,26.6037720622865,14,26
normal_224,0,14,15.6536760259138,0,0,0,1,26.6037720622865,14,26
normal_224,0,16,10.976634019950131,0,0,0,1,26.6037720622865,14,26
normal_224,0,18,14.334037124614298,0,0,0,1,26.6037720622865,14,26
normal_224,0,20,6.07464673993065,0,0,0,1,26.6037720622865,14,26
normal_224,0,22,10.83891137065073,0,0,0,1,26.6037720622865,14,26
normal_224,0,24,6.53899844646995,0,0,0,1,26.6037720622865,14,26
normal_224,0,26,12.409518067652199,0,0,0,1,26.6037720622865,14,26
normal_224,0,28,12.53062489649533,0,0,0,1,26.6037720622865,14,26
normal_224,0,30,8.878659033432845,0,0,0,1,26.6037720622865,14,26
normal_224,0,32,8.020594432896466,0,0,0,1,26.6037720622865,14,26
normal_224,0,34,13.483200331992666,0,0,0,1,26.6037720622865,14,26
normal_225,0,0,12.185635632732247,0,0,0,1,26.6037720622865,14,26
normal_225,0,2,11.498454170126498,0,0,0,1,26.6037720622865,14,26
normal_225,0,4,12.998558281952873,0,0,0,1,26.6037720622865,14,26
normal_225,0,6,12.925784708552012,0,0,0,1,26.6037720622865,14,26
normal_225,0,8,13.086452869359684,0,0,0,1,26.6037720622865,14,26
normal_225,0,10,14.317278060847988,0,0,0,1,26.6037720622865,14,26
normal_225,0,12,14.466983928137553,0,0,0,1,26.6037720622865,14,26
normal_225,0,14,16.048262416730363,0,0,0,1,26.6037720622865,14,26
normal_225,0,16,15.979430967219725,0,0,0,1,26.6037720622865,14,26
normal_225,0,18,20.70527428500143,0,0,0,1,26.6037720622865,14,26
normal_225,0,20,22.315447664377476,0,0,0,1,26.6037720622865,14,26
normal_225,0,22,19.47015323508073,0,0,0,1,26.6037720622865,14,26
normal_225,0,24,19.131889574443452,0,0,0,1,26.6037720622865,14,26
normal_229,0,0,14.957525279151184,0,0,0,1,26.6037720622865,14,26
normal_229,0,2,15.611093800277162,0,0,0,1,26.6037720622865,14,26
normal_229,0,4,13.802821204359082,0,0,0,1,26.6037720622865,14,26
normal_229,0,6,17.658190244167393,0,0,0,1,26.6037720622865,14,26
normal_229,0,8,17.545422883873176,0,0,0,1,26.6037720622865,14,26
normal_229,0,10,16.119811029694404,0,0,0,1,26.6037720622865,14,26
normal_229,0,12,15.395712990403725,0,0,0,1,26.6037720622865,14,26
normal_229,0,14,14.284228540944671,0,0,0,1,26.6037720622865,14,26
normal_229,0,16,14.510023702742462,0,0,0,1,26.6037720622865,14,26
normal_229,0,18,13.203356423816523,0,0,0,1,26.6037720622865,14,26
normal_229,0,20,11.888486177689874,0,0,0,1,26.6037720622865,14,26
normal_229,0,22,14.69242075834707,0,0,0,1,26.6037720622865,14,26
normal_229,0,24,13.459170841028888,0,0,0,1,26.6037720622865,14,26
normal_229,0,26,14.842188939160247,0,0,0,1,26.6037720622865,14,26
normal_229,0,28,15.653035210063813,0,0,0,1,26.6037720622865,14,26
normal_229,0,30,14.153396137013026,0,0,0,1,26.6037720622865,14,26
normal_229,0,32,13.51749092448968,0,0,0,1,26.6037720622865,14,26
normal_229,0,34,15.442184421059766,0,0,0,1,26.6037720622865,14,26
normal_229,0,36,17.51075687291337,0,0,0,1,26.6037720622865,14,26
normal_229,0,38,15.8549820035483,0,0,0,1,26.6037720622865,14,26
normal_229,0,40,15.866679395823189,0,0,0,1,26.6037720622865,14,26
normal_229,0,42,16.794965745801655,0,0,0,1,26.6037720622865,14,26
normal_229,0,44,15.630107185609958,0,0,0,1,26.6037720622865,14,26
normal_237,0,0,10.4130173242909,0,0,0,1,26.6037720622865,14,26
normal_237,0,2,11.229169333349818,0,0,0,1,26.6037720622865,14,26
normal_237,0,4,8.072823824929385,0,0,0,1,26.6037720622865,14,26
normal_237,0,6,5.610772957987871,0,0,0,1,26.6037720622865,14,26
normal_237,0,8,7.633592287643634,0,0,0,1,26.6037720622865,14,26
normal_237,0,10,9.290063366060847,0,0,0,1,26.6037720622865,14,26
normal_237,0,12,8.058221035411469,0,0,0,1,26.6037720622865,14,26
normal_237,0,14,7.999016956244112,0,0,0,1,26.6037720622865,14,26
normal_237,0,16,8.489918000940833,0,0,0,1,26.6037720622865,14,26
normal_237,0,18,12.894934462991115,0,0,0,1,26.6037720622865,14,26
normal_237,0,20,9.465599085793427,0,0,0,1,26.6037720622865,14,26
normal_243,0,0,10.405195881868705,0,0,0,1,26.6037720622865,14,26
normal_243,0,2,7.787528802805,0,0,0,1,26.6037720622865,14,26
normal_243,0,4,12.241974012177984,0,0,0,1,26.6037720622865,14,26
normal_243,0,6,11.131545361612885,0,0,0,1,26.6037720622865,14,26
normal_243,0,8,12.848438092716027,0,0,0,1,26.6037720622865,14,26
normal_243,0,10,12.289557115243044,0,0,0,1,26.6037720622865,14,26
normal_243,0,12,14.560428212534143,0,0,0,1,26.6037720622865,14,26
normal_243,0,14,16.160550670719697,0,0,0,1,26.6037720622865,14,26
normal_243,0,16,18.429922238547537,0,0,0,1,26.6037720622865,14,26
normal_243,0,18,16.65617390352142,0,0,0,1,26.6037720622865,14,26
normal_243,0,20,15.600467599162481,0,0,0,1,26.6037720622865,14,26
normal_243,0,22,14.349903275788954,0,0,0,1,26.6037720622865,14,26
normal_243,0,24,15.094966573228286,0,0,0,1,26.6037720622865,14,26
normal_246,0,0,6.120887414582244,0,0,0,1,26.6037720622865,14,26
normal_246,0,2,3.689463615562883,0,0,0,1,26.6037720622865,14,26
normal_246,0,4,3.5049774448360527,0,0,0,1,26.6037720622865,14,26
normal_246,0,6,3.9216655308037853,0,0,0,1,26.6037720622865,14,26
normal_246,0,8,6.682241177467054,0,0,0,1,26.6037720622865,14,26
normal_246,0,10,6.861582134943337,0,0,0,1,26.6037720622865,14,26
normal_246,0,12,7.905398903330927,0,0,0,1,26.6037720622865,14,26
normal_246,0,14,3.8597742675225746,0,0,0,1,26.6037720622865,14,26
normal_246,0,16,5.599861563652216,0,0,0,1,26.6037720622865,14,26
normal_246,0,18,9.54678437885225,0,0,0,1,26.6037720622865,14,26
normal_246,0,20,7.213457027180784,0,0,0,1,26.6037720622865,14,26
normal_246,0,22,6.077991640972227,0,0,0,1,26.6037720622865,14,26
normal_246,0,24,6.1142284664228175,0,0,0,1,26.6037720622865,14,26
normal_246,0,26,6.800165276408749,0,0,0,1,26.6037720622865,14,26
normal_246,0,28,8.79638908477591,0,0,0,1,26.6037720622865,14,26
normal_246,0,30,8.97942111589356,0,0,0,1,26.6037720622865,14,26
normal_246,0,32,9.1244454862238,0,0,0,1,26.6037720622865,14,26
normal_246,0,34,10.278654134632198,0,0,0,1,26.6037720622865,14,26
normal_246,0,36,11.325909599537644,0,0,0,1,26.6037720622865,14,26
normal_246,0,38,12.99030806183255,0,0,0,1,26.6037720622865,14,26
normal_246,0,40,9.682830461171172,0,0,0,1,26.6037720622865,14,26
normal_246,0,42,11.283226248562404,0,0,0,1,26.6037720622865,14,26
normal_246,0,44,9.64403021995326,0,0,0,1,26.6037720622865,14,26
normal_258,0,0,8.584858218605989,0,0,0,1,26.6037720622865,14,26
normal_258,0,2,5.871640582787212,0,0,0,1,26.6037720622865,14,26
normal_258,0,4,5.408262392319969,0,0,0,1,26.6037720622865,14,26
normal_258,0,6,5.472749915478027,0,0,0,1,26.6037720622865,14,26
normal_258,0,8,8.973120760188694,0,0,0,1,26.6037720622865,14,26
normal_258,0,10,14.802995473768373,0,0,0,1,26.6037720622865,14,26
normal_258,0,12,15.70847577972995,0,0,0,1,26.6037720622865,14,26
normal_258,0,14,11.663210023023172,0,0,0,1,26.6037720622865,14,26
normal_258,0,16,8.619405554684237,0,0,0,1,26.6037720622865,14,26
normal_258,0,18,11.32874942860357,0,0,0,1,26.6037720622865,14,26
normal_258,0,20,12.543787229672466,0,0,0,1,26.6037720622865,14,26
normal_258,0,22,10.568990917130817,0,0,0,1,26.6037720622865,14,26
normal_258,0,24,4.953520715689162,0,0,0,1,26.6037720622865,14,26
normal_258,0,26,4.600191962825396,0,0,0,1,26.6037720622865,14,26
normal_258,0,28,4.7572193923135835,0,0,0,1,26.6037720622865,14,26
normal_258,0,30,7.440165512277054,0,0,0,1,26.6037720622865,14,26
normal_258,0,32,7.385441168493979,0,0,0,1,26.6037720622865,14,26
normal_258,0,34,7.29193708326479,0,0,0,1,26.6037720622865,14,26
normal_258,0,36,9.350668635446223,0,0,0,1,26.6037720622865,14,26
normal_258,0,38,11.605089696517448,0,0,0,1,26.6037720622865,14,26
normal_258,0,40,9.486394917990044,0,0,0,1,26.6037720622865,14,26
normal_258,0,42,7.073719399182294,0,0,0,1,26.6037720622865,14,26
normal_258,0,44,8.553402925977963,0,0,0,1,26.6037720622865,14,26
normal_260,0,0,16.888854693569023,0,0,0,1,26.6037720622865,14,26
normal_260,0,2,15.696182606952927,0,0,0,1,26.6037720622865,14,26
normal_260,0,4,16.36023084585427,0,0,0,1,26.6037720622865,14,26
normal_260,0,6,15.615434688863667,0,0,0,1,26.6037720622865,14,26
normal_260,0,8,16.211656338801067,0,0,0,1,26.6037720622865,14,26
normal_260,0,10,19.006812629394677,0,0,0,1,26.6037720622865,14,26
normal_260,0,12,18.1404499608781,0,0,0,1,26.6037720622865,14,26
normal_260,0,14,18.975298557239352,0,0,0,1,26.6037720622865,14,26
normal_260,0,16,18.872744603067456,0,0,0,1,26.6037720622865,14,26
normal_260,0,18,22.061690990652206,0,0,0,1,26.6037720622865,14,26
normal_260,0,20,18.55225818496555,0,0,0,1,26.6037720622865,14,26
normal_260,0,22,17.97660958948371,0,0,0,1,26.6037720622865,14,26
normal_260,0,24,20.93138722785553,0,0,0,1,26.6037720622865,14,26
normal_260,0,26,18.3606625581822,0,0,0,1,26.6037720622865,14,26
normal_265,0,0,23.30589903973863,0,0,0,1,26.6037720622865,14,26
normal_265,0,2,17.17985983388452,0,0,0,1,26.6037720622865,14,26
normal_265,0,4,15.05544651673255,0,0,0,1,26.6037720622865,14,26
normal_265,0,6,15.419891604238817,0,0,0,1,26.6037720622865,14,26
normal_265,0,8,17.164944223288977,0,0,0,1,26.6037720622865,14,26
normal_265,0,10,16.791654451129002,0,0,0,1,26.6037720622865,14,26
normal_265,0,12,19.931250754434462,0,0,0,1,26.6037720622865,14,26
normal_265,0,14,17.28180919979522,0,0,0,1,26.6037720622865,14,26
normal_265,0,16,19.127992040634442,0,0,0,1,26.6037720622865,14,26
normal_265,0,18,16.579321700478523,0,0,0,1,26.6037720622865,14,26
normal_265,0,20,14.205511681516773,0,0,0,1,26.6037720622865,14,26
normal_265,0,22,13.422494042662487,0,0,0,1,26.6037720622865,14,26
normal_265,0,24,15.731890542193584,0,0,0,1,26.6037720622865,14,26
normal_265,0,26,19.515175233174364,0,0,0,1,26.6037720622865,14,26
normal_265,0,28,20.687991396221662,0,0,0,1,26.6037720622865,14,26
normal_265,0,30,17.493028944492238,0,0,0,1,26.6037720622865,14,26
normal_265,0,32,20.058183890151387,0,0,0,1,26.6037720622865,14,26
normal_265,0,34,19.98528757615828,0,0,0,1,26.6037720622865,14,26
normal_265,0,36,19.076343987490333,0,0,0,1,26.6037720622865,14,26
normal_265,0,38,15.310800202313445,0,0,0,1,26.6037720622865,14,26
normal_265,0,40,14.142849519319,0,0,0,1,26.6037720622865,14,26
normal_265,0,42,17.135671461011107,0,0,0,1,26.6037720622865,14,26
normal_265,0,44,15.024796572800767,0,0,0,1,26.6037720622865,14,26
normal_266,0,0,10.382768338311214,0,0,0,1,26.6037720622865,14,26
normal_266,0,2,11.624174952597455,0,0,0,1,26.6037720622865,14,26
normal_266,0,4,11.556365814820508,0,0,0,1,26.6037720622865,14,26
normal_266,0,6,7.813313455838051,0,0,0,1,26.6037720622865,14,26
normal_266,0,8,6.538300064233317,0,0,0,1,26.6037720622865,14,26
normal_266,0,10,9.45081612334008,0,0,0,1,26.6037720622865,14,26
normal_266,0,12,12.85654046684075,0,0,0,1,26.6037720622865,14,26
normal_266,0,14,12.01480802896893,0,0,0,1,26.6037720622865,14,26
normal_266,0,16,13.647695679374175,0,0,0,1,26.6037720622865,14,26
normal_266,0,18,16.689288362665298,0,0,0,1,26.6037720622865,14,26
normal_266,0,20,14.463374081400628,0,0,0,1,26.6037720622865,14,26
normal_266,0,22,12.98502529974289,0,0,0,1,26.6037720622865,14,26
normal_266,0,24,10.14633877981912,0,0,0,1,26.6037720622865,14,26
normal_266,0,26,10.623046109209469,0,0,0,1,26.6037720622865,14,26
normal_266,0,28,9.054701867157702,0,0,0,1,26.6037720622865,14,26
normal_266,0,30,7.24002102157616,0,0,0,1,26.6037720622865,14,26
normal_266,0,32,9.128275808879675,0,0,0,1,26.6037720622865,14,26
normal_266,0,34,12.504649802739415,0,0,0,1,26.6037720622865,14,26
normal_266,0,36,12.03693510391122,0,0,0,1,26.6037720622865,14,26
normal_266,0,38,12.898103819663913,0,0,0,1,26.6037720622865,14,26
normal_266,0,40,11.797567956913511,0,0,0,1,26.6037720622865,14,26
normal_266,0,42,12.78859064583303,0,0,0,1,26.6037720622865,14,26
normal_266,0,44,13.797419526317897,0,0,0,1,26.6037720622865,14,26
normal_268,0,0,8.975351763021322,0,0,0,1,26.6037720622865,14,26
normal_268,0,2,8.399463429259752,0,0,0,1,26.6037720622865,14,26
normal_268,0,4,11.000816639178877,0,0,0,1,26.6037720622865,14,26
normal_268,0,6,15.183952467650087,0,0,0,1,26.6037720622865,14,26
normal_268,0,8,15.738393962570099,0,0,0,1,26.6037720622865,14,26
normal_268,0,10,16.212503231277765,0,0,0,1,26.6037720622865,14,26
normal_268,0,12,14.231859057328203,0,0,0,1,26.6037720622865,14,26
normal_268,0,14,11.97920349824006,0,0,0,1,26.6037720622865,14,26
normal_268,0,16,16.544852937719515,0,0,0,1,26.6037720622865,14,26
normal_268,0,18,12.03922050516727,0,0,0,1,26.6037720622865,14,26
normal_268,0,20,17.110364178055086,0,0,0,1,26.6037720622865,14,26
normal_288,0,0,4.600474795120194,0,0,0,1,26.6037720622865,14,26
normal_288,0,2,6.8543377932756036,0,0,0,1,26.6037720622865,14,26
normal_288,0,4,7.769484888374471,0,0,0,1,26.6037720622865,14,26
normal_288,0,6,8.146969749542496,0,0,0,1,26.6037720622865,14,26
normal_288,0,8,8.36353547999074,0,0,0,1,26.6037720622865,14,26
normal_288,0,10,7.528887184345909,0,0,0,1,26.6037720622865,14,26
normal_288,0,12,7.53027971794021,0,0,0,1,26.6037720622865,14,26
normal_288,0,14,6.5638749823738705,0,0,0,1,26.6037720622865,14,26
normal_288,0,16,6.464910588317052,0,0,0,1,26.6037720622865,14,26
normal_288,0,18,6.071761228610201,0,0,0,1,26.6037720622865,14,26
normal_288,0,20,6.05781958962224,0,0,0,1,26.6037720622865,14,26
normal_288,0,22,6.121695535471624,0,0,0,1,26.6037720622865,14,26
normal_288,0,24,5.49362973177974,0,0,0,1,26.6037720622865,14,26
normal_288,0,26,5.247299886866411,0,0,0,1,26.6037720622865,14,26
normal_288,0,28,9.964066829775037,0,0,0,1,26.6037720622865,14,26
normal_288,0,30,10.282850216305588,0,0,0,1,26.6037720622865,14,26
normal_288,0,32,10.57478614806736,0,0,0,1,26.6037720622865,14,26
normal_288,0,34,7.72656017743773,0,0,0,1,26.6037720622865,14,26
normal_288,0,36,9.00210773026756,0,0,0,1,26.6037720622865,14,26
normal_288,0,38,11.631945931737652,0,0,0,1,26.6037720622865,14,26
normal_288,0,40,9.621578378848856,0,0,0,1,26.6037720622865,14,26
normal_288,0,42,8.431674952596314,0,0,0,1,26.6037720622865,14,26
normal_288,0,44,9.635341793775202,0,0,0,1,26.6037720622865,14,26
normal_294,0,0,13.421506308327977,0,0,0,1,26.6037720622865,14,26
normal_294,0,2,10.91301628110402,0,0,0,1,26.6037720622865,14,26
normal_294,0,4,13.769573839295694,0,0,0,1,26.6037720622865,14,26
normal_294,0,6,13.035065831816402,0,0,0,1,26.6037720622865,14,26
normal_294,0,8,10.451184204274469,0,0,0,1,26.6037720622865,14,26
normal_294,0,10,9.668238876480451,0,0,0,1,26.6037720622865,14,26
normal_294,0,12,12.26453807897696,0,0,0,1,26.6037720622865,14,26
normal_294,0,14,13.74933740863098,0,0,0,1,26.6037720622865,14,26
normal_294,0,16,10.597488342211518,0,0,0,1,26.6037720622865,14,26
normal_294,0,18,10.565480886383538,0,0,0,1,26.6037720622865,14,26
normal_294,0,20,11.579340262428456,0,0,0,1,26.6037720622865,14,26
normal_294,0,22,13.211193285579563,0,0,0,1,26.6037720622865,14,26
normal_294,0,24,12.02823267703477,0,0,0,1,26.6037720622865,14,26
normal_294,0,26,11.296224710921342,0,0,0,1,26.6037720622865,14,26
normal_294,0,28,13.746929022391967,0,0,0,1,26.6037720622865,14,26
normal_294,0,30,13.047618147066581,0,0,0,1,26.6037720622865,14,26
normal_294,0,32,13.931925550725035,0,0,0,1,26.6037720622865,14,26
normal_294,0,34,13.21776386653224,0,0,0,1,26.6037720622865,14,26
normal_294,0,36,12.9319906207441,0,0,0,1,26.6037720622865,14,26
normal_294,0,38,14.942651712486052,0,0,0,1,26.6037720622865,14,26
normal_294,0,40,13.405916502474572,0,0,0,1,26.6037720622865,14,26
normal_294,0,42,16.046787943102792,0,0,0,1,26.6037720622865,14,26
normal_294,0,44,14.203406757187391,0,0,0,1,26.6037720622865,14,26
normal_299,0,0,17.279093610640725,0,0,0,1,26.6037720622865,14,26
normal_299,0,2,17.250453664360602,0,0,0,1,26.6037720622865,14,26
normal_299,0,4,17.021872373619566,0,0,0,1,26.6037720622865,14,26
normal_299,0,6,16.16483981150781,0,0,0,1,26.6037720622865,14,26
normal_299,0,8,14.162595428399896,0,0,0,1,26.6037720622865,14,26
normal_299,0,10,13.25040084383965,0,0,0,1,26.6037720622865,14,26
normal_299,0,12,13.807362927321936,0,0,0,1,26.6037720622865,14,26
normal_299,0,14,12.868653849809201,0,0,0,1,26.6037720622865,14,26
normal_299,0,16,13.927139612592958,0,0,0,1,26.6037720622865,14,26
normal_299,0,18,14.786991403706743,0,0,0,1,26.6037720622865,14,26
normal_299,0,20,14.916081877300613,0,0,0,1,26.6037720622865,14,26
normal_299,0,22,20.619684851075654,0,0,0,1,26.6037720622865,14,26
normal_299,0,24,16.783929866088044,0,0,0,1,26.6037720622865,14,26
normal_299,0,26,15.512348807316421,0,0,0,1,26.6037720622865,14,26
normal_299,0,28,14.435036475786424,0,0,0,1,26.6037720622865,14,26
normal_299,0,30,14.07633079565891,0,0,0,1,26.6037720622865,14,26
normal_299,0,32,10.11033588349995,0,0,0,1,26.6037720622865,14,26
normal_299,0,34,8.57771624608814,0,0,0,1,26.6037720622865,14,26
normal_299,0,36,14.64428219316035,0,0,0,1,26.6037720622865,14,26
normal_299,0,38,14.633568621977844,0,0,0,1,26.6037720622865,14,26
normal_299,0,40,15.330274255191814,0,0,0,1,26.6037720622865,14,26
normal_299,0,42,14.134675846958524,0,0,0,1,26.6037720622865,14,26
normal_299,0,44,14.983279676909772,0,0,0,1,26.6037720622865,14,26
normal_304,0,0,35.861118503728626,1,1,0,1,26.6037720622865,14,26
normal_304,0,2,34.47137767459996,1,2,0,1,26.6037720622865,14,26
normal_304,0,4,30.05124201778259,1,3,0,1,26.6037720622865,14,26
normal_304,0,6,32.70862397193275,1,4,0,1,26.6037720622865,14,26
normal_304,0,8,30.475440583547915,1,5,0,1,26.6037720622865,14,26
normal_304,0,10,32.57915924831676,1,6,0,1,26.6037720622865,14,26
normal_304,0,12,21.487204236610893,0,0,0,1,26.6037720622865,14,26
normal_304,0,14,12.816997019628687,0,0,0,1,26.6037720622865,14,26
normal_304,0,16,12.00731666210282,0,0,0,1,26.6037720622865,14,26
normal_304,0,18,15.72552997857481,0,0,0,1,26.6037720622865,14,26
normal_304,0,20,16.159455056032265,0,0,0,1,26.6037720622865,14,26
normal_304,0,22,15.350707567021004,0,0,0,1,26.6037720622865,14,26
normal_304,0,24,23.705547730905725,0,0,0,1,26.6037720622865,14,26
normal_304,0,26,23.91212015138353,0,0,0,1,26.6037720622865,14,26
normal_304,0,28,22.828455537407137,0,0,0,1,26.6037720622865,14,26
normal_304,0,30,33.516594327832316,1,1,0,1,26.6037720622865,14,26
normal_304,0,32,34.37667180974269,1,2,0,1,26.6037720622865,14,26
normal_304,0,34,29.395640818009714,1,3,0,1,26.6037720622865,14,26
normal_304,0,36,24.234717749216248,0,0,0,1,26.6037720622865,14,26
normal_304,0,38,21.29775887661859,0,0,0,1,26.6037720622865,14,26
normal_304,0,40,23.824227900033083,0,0,0,1,26.6037720622865,14,26
normal_304,0,42,22.24807245748715,0,0,0,1,26.6037720622865,14,26
normal_304,0,44,16.521447924639258,0,0,0,1,26.6037720622865,14,26
normal_305,0,0,5.126912477860642,0,0,0,1,26.6037720622865,14,26
normal_305,0,2,8.87307832632193,0,0,0,1,26.6037720622865,14,26
normal_305,0,4,10.532430057717207,0,0,0,1,26.6037720622865,14,26
normal_305,0,6,13.435240495026939,0,0,0,1,26.6037720622865,14,26
normal_305,0,8,16.28835063669241,0,0,0,1,26.6037720622865,14,26
normal_305,0,10,15.08934094011534,0,0,0,1,26.6037720622865,14,26
normal_305,0,12,10.383900387067031,0,0,0,1,26.6037720622865,14,26
normal_305,0,14,9.602822216994054,0,0,0,1,26.6037720622865,14,26
normal_305,0,16,5.073410536592404,0,0,0,1,26.6037720622865,14,26
normal_305,0,18,5.869263338192832,0,0,0,1,26.6037720622865,14,26
normal_305,0,20,8.430836746075242,0,0,0,1,26.6037720622865,14,26
normal_305,0,22,6.806962915142995,0,0,0,1,26.6037720622865,14,26
normal_305,0,24,6.337542008356454,0,0,0,1,26.6037720622865,14,26
normal_305,0,26,11.719356561466409,0,0,0,1,26.6037720622865,14,26
normal_305,0,28,7.394324944544802,0,0,0,1,26.6037720622865,14,26
normal_305,0,30,10.211084394235838,0,0,0,1,26.6037720622865,14,26
normal_305,0,32,8.22717398189666,0,0,0,1,26.6037720622865,14,26
normal_305,0,34,10.837992549934238,0,0,0,1,26.6037720622865,14,26
normal_305,0,36,14.889526964456602,0,0,0,1,26.6037720622865,14,26
normal_305,0,38,12.222463746182534,0,0,0,1,26.6037720622865,14,26
normal_305,0,40,16.328867382399533,0,0,0,1,26.6037720622865,14,26
normal_305,0,42,15.787510994968804,0,0,0,1,26.6037720622865,14,26
normal_305,0,44,9.996553447438107,0,0,0,1,26.6037720622865,14,26
normal_310,0,0,12.416504724532128,0,0,0,1,26.6037720622865,14,26
normal_310,0,2,23.544108227168227,0,0,0,1,26.6037720622865,14,26
normal_310,0,4,22.218791475440824,0,0,0,1,26.6037720622865,14,26
normal_310,0,6,14.160770075986125,0,0,0,1,26.6037720622865,14,26
normal_310,0,8,7.933853533378771,0,0,0,1,26.6037720622865,14,26
normal_310,0,10,5.923772384158352,0,0,0,1,26.6037720622865,14,26
normal_310,0,12,10.359430194929791,0,0,0,1,26.6037720622865,14,26
normal_310,0,14,6.702447549200442,0,0,0,1,26.6037720622865,14,26
normal_310,0,16,17.3468621711408,0,0,0,1,26.6037720622865,14,26
normal_310,0,18,18.57094040935722,0,0,0,1,26.6037720622865,14,26
normal_310,0,20,13.512104883146842,0,0,0,1,26.6037720622865,14,26
normal_310,0,22,11.172818651177996,0,0,0,1,26.6037720622865,14,26
normal_310,0,24,13.079793232034344,0,0,0,1,26.6037720622865,14,26
normal_310,0,26,9.513576839439287,0,0,0,1,26.6037720622865,14,26
normal_310,0,28,8.76886645608058,0,0,0,1,26.6037720622865,14,26
normal_310,0,30,8.348103703411132,0,0,0,1,26.6037720622865,14,26
normal_310,0,32,10.613789332236498,0,0,0,1,26.6037720622865,14,26
normal_310,0,34,9.47771788477928,0,0,0,1,26.6037720622865,14,26
normal_310,0,36,8.74225133514045,0,0,0,1,26.6037720622865,14,26
normal_310,0,38,9.851125064298387,0,0,0,1,26.6037720622865,14,26
normal_310,0,40,10.886935743283528,0,0,0,1,26.6037720622865,14,26
normal_310,0,42,9.595964843117393,0,0,0,1,26.6037720622865,14,26
normal_310,0,44,10.796342342843628,0,0,0,1,26.6037720622865,14,26
normal_311,0,0,19.386243415171844,0,0,0,1,26.6037720622865,14,26
normal_311,0,2,24.72022706809159,0,0,0,1,26.6037720622865,14,26
normal_311,0,4,20.340697522852242,0,0,0,1,26.6037720622865,14,26
normal_311,0,6,28.075259477185753,1,1,0,1,26.6037720622865,14,26
normal_311,0,8,22.629293106410348,0,0,0,1,26.6037720622865,14,26
normal_311,0,10,24.38103901714252,0,0,0,1,26.6037720622865,14,26
normal_311,0,12,25.257721010927924,0,0,0,1,26.6037720622865,14,26
normal_311,0,14,22.781445541333447,0,0,0,1,26.6037720622865,14,26
normal_311,0,16,23.290675184785314,0,0,0,1,26.6037720622865,14,26
normal_311,0,18,15.112301806355193,0,0,0,1,26.6037720622865,14,26
normal_311,0,20,13.718443420555056,0,0,0,1,26.6037720622865,14,26
normal_311,0,22,16.261878817396717,0,0,0,1,26.6037720622865,14,26
normal_311,0,24,19.47257610026047,0,0,0,1,26.6037720622865,14,26
normal_311,0,26,20.517149788672548,0,0,0,1,26.6037720622865,14,26
normal_311,0,28,20.941932503468774,0,0,0,1,26.6037720622865,14,26
normal_311,0,30,21.962086809913053,0,0,0,1,26.6037720622865,14,26
normal_311,0,32,22.019926320733262,0,0,0,1,26.6037720622865,14,26
normal_311,0,34,22.47327801661544,0,0,0,1,26.6037720622865,14,26
normal_311,0,36,34.76457700699992,1,1,0,1,26.6037720622865,14,26
normal_311,0,38,29.649375719735012,1,2,0,1,26.6037720622865,14,26
normal_311,0,40,26.959301953137402,1,3,0,1,26.6037720622865,14,26
normal_311,0,42,28.346611959790298,1,4,0,1,26.6037720622865,14,26
normal_311,0,44,26.72505008258157,1,5,0,1,26.6037720622865,14,26
normal_349,0,0,22.552628224915054,0,0,0,1,26.6037720622865,14,26
normal_349,0,2,21.16622629321363,0,0,0,1,26.6037720622865,14,26
normal_349,0,4,20.672580559820627,0,0,0,1,26.6037720622865,14,26
normal_349,0,6,16.4423409092512,0,0,0,1,26.6037720622865,14,26
normal_349,0,8,15.719575558823074,0,0,0,1,26.6037720622865,14,26
normal_349,0,10,17.196904586107564,0,0,0,1,26.6037720622865,14,26
normal_349,0,12,17.409463493911602,0,0,0,1,26.6037720622865,14,26
normal_349,0,14,17.081430234382356,0,0,0,1,26.6037720622865,14,26
normal_349,0,16,20.853443930982916,0,0,0,1,26.6037720622865,14,26
normal_349,0,18,22.613266518210377,0,0,0,1,26.6037720622865,14,26
normal_349,0,20,21.36106822525843,0,0,0,1,26.6037720622865,14,26
normal_349,0,22,21.216069560046357,0,0,0,1,26.6037720622865,14,26
normal_349,0,24,19.90546445912496,0,0,0,1,26.6037720622865,14,26
normal_349,0,26,16.576564154620144,0,0,0,1,26.6037720622865,14,26
normal_349,0,28,15.2150476637133,0,0,0,1,26.6037720622865,14,26
normal_349,0,30,15.071856902407657,0,0,0,1,26.6037720622865,14,26
normal_349,0,32,16.566959070415425,0,0,0,1,26.6037720622865,14,26
normal_349,0,34,18.878506485334473,0,0,0,1,26.6037720622865,14,26
normal_349,0,36,22.064903249612293,0,0,0,1,26.6037720622865,14,26
normal_349,0,38,24.359152799791428,0,0,0,1,26.6037720622865,14,26
normal_349,0,40,21.422989986161536,0,0,0,1,26.6037720622865,14,26
normal_349,0,42,21.03030840437104,0,0,0,1,26.6037720622865,14,26
normal_349,0,44,20.96644433726042,0,0,0,1,26.6037720622865,14,26
normal_356,0,0,8.958154687026632,0,0,0,1,26.6037720622865,14,26
normal_356,0,2,9.443438519738553,0,0,0,1,26.6037720622865,14,26
normal_356,0,4,10.12093501252986,0,0,0,1,26.6037720622865,14,26
normal_356,0,6,10.466866316405868,0,0,0,1,26.6037720622865,14,26
normal_356,0,8,9.269504793926973,0,0,0,1,26.6037720622865,14,26
normal_356,0,10,12.790653532811268,0,0,0,1,26.6037720622865,14,26
normal_356,0,12,12.987868083012653,0,0,0,1,26.6037720622865,14,26
normal_356,0,14,11.078366525632742,0,0,0,1,26.6037720622865,14,26
normal_356,0,16,11.314510688907552,0,0,0,1,26.6037720622865,14,26
normal_356,0,18,13.79227689865858,0,0,0,1,26.6037720622865,14,26
normal_356,0,20,15.344554679495563,0,0,0,1,26.6037720622865,14,26
normal_356,0,22,12.944400991227072,0,0,0,1,26.6037720622865,14,26
normal_356,0,24,8.437419830238523,0,0,0,1,26.6037720622865,14,26
normal_356,0,26,13.616008118582618,0,0,0,1,26.6037720622865,14,26
normal_356,0,28,14.060290788002192,0,0,0,1,26.6037720622865,14,26
normal_356,0,30,13.93466881262679,0,0,0,1,26.6037720622865,14,26
normal_356,0,32,12.520539986726414,0,0,0,1,26.6037720622865,14,26
normal_356,0,34,14.733570800595244,0,0,0,1,26.6037720622865,14,26
normal_356,0,36,15.520349973226258,0,0,0,1,26.6037720622865,14,26
normal_356,0,38,16.55679720624304,0,0,0,1,26.6037720622865,14,26
normal_356,0,40,15.592383413064699,0,0,0,1,26.6037720622865,14,26
normal_363,0,0,13.657138903462243,0,0,0,1,26.6037720622865,14,26
normal_363,0,2,15.454659035097858,0,0,0,1,26.6037720622865,14,26
normal_363,0,4,15.115975898735043,0,0,0,1,26.6037720622865,14,26
normal_363,0,6,14.607728755903544,0,0,0,1,26.6037720622865,14,26
normal_363,0,8,16.829783849173623,0,0,0,1,26.6037720622865,14,26
normal_363,0,10,18.633524661786574,0,0,0,1,26.6037720622865,14,26
normal_363,0,12,18.75051217399549,0,0,0,1,26.6037720622865,14,26
normal_363,0,14,13.459699402174046,0,0,0,1,26.6037720622865,14,26
normal_363,0,16,14.84312531505579,0,0,0,1,26.6037720622865,14,26
normal_363,0,18,13.425280955380252,0,0,0,1,26.6037720622865,14,26
normal_363,0,20,13.852596147264165,0,0,0,1,26.6037720622865,14,26
normal_363,0,22,10.834970341540755,0,0,0,1,26.6037720622865,14,26
normal_363,0,24,10.509616997710985,0,0,0,1,26.6037720622865,14,26
normal_363,0,26,11.756472153470597,0,0,0,1,26.6037720622865,14,26
normal_363,0,28,15.251073076746183,0,0,0,1,26.6037720622865,14,26
normal_367,0,0,15.995138353318755,0,0,0,1,26.6037720622865,14,26
normal_367,0,2,16.18137473950687,0,0,0,1,26.6037720622865,14,26
normal_367,0,4,26.795926072165805,1,1,0,1,26.6037720622865,14,26
normal_367,0,6,32.24570372830986,1,2,0,1,26.6037720622865,14,26
normal_367,0,8,29.406062884461118,1,3,0,1,26.6037720622865,14,26
normal_367,0,10,30.52384609213882,1,4,0,1,26.6037720622865,14,26
normal_367,0,12,23.930858616689317,0,0,0,1,26.6037720622865,14,26
normal_367,0,14,17.21013130125408,0,0,0,1,26.6037720622865,14,26
normal_367,0,16,16.043253956475205,0,0,0,1,26.6037720622865,14,26
normal_367,0,18,19.583892290091917,0,0,0,1,26.6037720622865,14,26
normal_367,0,20,27.96283955027733,1,1,0,1,26.6037720622865,14,26
normal_367,0,22,31.30955904180553,1,2,0,1,26.6037720622865,14,26
normal_367,0,24,37.00884526323235,1,3,0,1,26.6037720622865,14,26
normal_367,0,26,28.882804369348083,1,4,0,1,26.6037720622865,14,26
normal_367,0,28,41.385710986662346,1,5,0,1,26.6037720622865,14,26
normal_367,0,30,37.943817981295624,1,6,0,1,26.6037720622865,14,26
normal_367,0,32,18.733389142938844,0,0,0,1,26.6037720622865,14,26
normal_367,0,34,16.176367957837932,0,0,0,1,26.6037720622865,14,26
normal_367,0,36,15.287196251763184,0,0,0,1,26.6037720622865,14,26
normal_367,0,38,16.079575574296513,0,0,0,1,26.6037720622865,14,26
normal_367,0,40,23.7475397001575,0,0,0,1,26.6037720622865,14,26
normal_367,0,42,19.61130413295534,0,0,0,1,26.6037720622865,14,26
normal_367,0,44,20.778175327580424,0,0,0,1,26.6037720622865,14,26
normal_387,0,0,30.243570050107987,1,1,0,1,26.6037720622865,14,26
normal_387,0,2,30.447088095394133,1,2,0,1,26.6037720622865,14,26
normal_387,0,4,30.398156071658683,1,3,0,1,26.6037720622865,14,26
normal_387,0,6,25.491082817967964,0,0,0,1,26.6037720622865,14,26
normal_387,0,8,17.89141191300012,0,0,0,1,26.6037720622865,14,26
normal_387,0,10,13.37019635686686,0,0,0,1,26.6037720622865,14,26
normal_387,0,12,17.94679817052169,0,0,0,1,26.6037720622865,14,26
normal_387,0,14,21.14577556392605,0,0,0,1,26.6037720622865,14,26
normal_387,0,16,20.593606895461505,0,0,0,1,26.6037720622865,14,26
normal_387,0,18,20.60779685961964,0,0,0,1,26.6037720622865,14,26
normal_387,0,20,22.3968321899626,0,0,0,1,26.6037720622865,14,26
normal_387,0,22,19.994927495479928,0,0,0,1,26.6037720622865,14,26
normal_390,0,0,13.96053837012022,0,0,0,1,26.6037720622865,14,26
normal_390,0,2,18.51937894386853,0,0,0,1,26.6037720622865,14,26
normal_390,0,4,17.77690323331267,0,0,0,1,26.6037720622865,14,26
normal_390,0,6,16.96895681425437,0,0,0,1,26.6037720622865,14,26
normal_390,0,8,16.711294725874854,0,0,0,1,26.6037720622865,14,26
normal_390,0,10,14.838124937149006,0,0,0,1,26.6037720622865,14,26
normal_390,0,12,15.060947161788448,0,0,0,1,26.6037720622865,14,26
normal_390,0,14,14.310186767531714,0,0,0,1,26.6037720622865,14,26
normal_390,0,16,14.868120080088913,0,0,0,1,26.6037720622865,14,26
normal_390,0,18,15.087010390514553,0,0,0,1,26.6037720622865,14,26
normal_390,0,20,14.506778524959318,0,0,0,1,26.6037720622865,14,26
normal_390,0,22,13.567489283853622,0,0,0,1,26.6037720622865,14,26
normal_390,0,24,18.645897789491013,0,0,0,1,26.6037720622865,14,26
normal_390,0,26,19.578174199414068,0,0,0,1,26.6037720622865,14,26
normal_390,0,28,18.21198359180938,0,0,0,1,26.6037720622865,14,26
normal_390,0,30,16.505532967306372,0,0,0,1,26.6037720622865,14,26
normal_390,0,32,21.164689113469112,0,0,0,1,26.6037720622865,14,26
normal_390,0,34,22.70481600006417,0,0,0,1,26.6037720622865,14,26
normal_390,0,36,23.7720333865606,0,0,0,1,26.6037720622865,14,26
normal_390,0,38,22.226806508157125,0,0,0,1,26.6037720622865,14,26
normal_390,0,40,20.761316395685373,0,0,0,1,26.6037720622865,14,26
normal_390,0,42,20.401375269101223,0,0,0,1,26.6037720622865,14,26
normal_390,0,44,16.768115462887433,0,0,0,1,26.6037720622865,14,26
normal_392,0,0,7.102506905847836,0,0,0,1,26.6037720622865,14,26
normal_392,0,2,8.774098050644737,0,0,0,1,26.6037720622865,14,26
normal_392,0,4,7.682143653541851,0,0,0,1,26.6037720622865,14,26
normal_392,0,6,4.3625384480826765,0,0,0,1,26.6037720622865,14,26
normal_392,0,8,4.5541560182169025,0,0,0,1,26.6037720622865,14,26
normal_392,0,10,6.568406388277457,0,0,0,1,26.6037720622865,14,26
normal_392,0,12,5.89636579500159,0,0,0,1,26.6037720622865,14,26
normal_392,0,14,5.432448821250333,0,0,0,1,26.6037720622865,14,26
normal_392,0,16,7.132265758890631,0,0,0,1,26.6037720622865,14,26
normal_392,0,18,6.262755395237336,0,0,0,1,26.6037720622865,14,26
normal_392,0,20,4.613251665476367,0,0,0,1,26.6037720622865,14,26
normal_392,0,22,5.435290763791943,0,0,0,1,26.6037720622865,14,26
normal_392,0,24,7.922657687822792,0,0,0,1,26.6037720622865,14,26
normal_392,0,26,10.498428257227026,0,0,0,1,26.6037720622865,14,26
normal_392,0,28,8.39684362030818,0,0,0,1,26.6037720622865,14,26
normal_392,0,30,7.801935663620535,0,0,0,1,26.6037720622865,14,26
normal_392,0,32,5.437636949706759,0,0,0,1,26.6037720622865,14,26
normal_392,0,34,7.223764869624949,0,0,0,1,26.6037720622865,14,26
normal_397,0,0,22.32505500135869,0,0,0,1,26.6037720622865,14,26
normal_397,0,2,18.535772402215773,0,0,0,1,26.6037720622865,14,26
normal_397,0,4,18.919201663744037,0,0,0,1,26.6037720622865,14,26
normal_397,0,6,18.105685002613463,0,0,0,1,26.6037720622865,14,26
normal_397,0,8,7.292953020101267,0,0,0,1,26.6037720622865,14,26
normal_397,0,10,7.929532975903037,0,0,0,1,26.6037720622865,14,26
normal_397,0,12,8.33671315022294,0,0,0,1,26.6037720622865,14,26
normal_397,0,14,9.543354571861936,0,0,0,1,26.6037720622865,14,26
normal_397,0,16,9.13310842299209,0,0,0,1,26.6037720622865,14,26
normal_397,0,18,9.61040575585286,0,0,0,1,26.6037720622865,14,26
normal_397,0,20,12.215405171532133,0,0,0,1,26.6037720622865,14,26
normal_397,0,22,21.65505226892981,0,0,0,1,26.6037720622865,14,26
normal_397,0,24,15.103003332878556,0,0,0,1,26.6037720622865,14,26
normal_397,0,26,24.827009564374666,0,0,0,1,26.6037720622865,14,26
normal_397,0,28,15.56602195205997,0,0,0,1,26.6037720622865,14,26
normal_397,0,30,14.928046603793113,0,0,0,1,26.6037720622865,14,26
normal_397,0,32,9.044793245574454,0,0,0,1,26.6037720622865,14,26
normal_397,0,34,6.735639971455753,0,0,0,1,26.6037720622865,14,26
normal_397,0,36,10.706083250622378,0,0,0,1,26.6037720622865,14,26
normal_397,0,38,11.880849607118893,0,0,0,1,26.6037720622865,14,26
normal_398,0,0,18.123327317745986,0,0,0,1,26.6037720622865,14,26
normal_398,0,2,16.990665156139187,0,0,0,1,26.6037720622865,14,26
normal_398,0,4,18.39176706690976,0,0,0,1,26.6037720622865,14,26
normal_398,0,6,15.566378831104219,0,0,0,1,26.6037720622865,14,26
normal_398,0,8,19.835877496233802,0,0,0,1,26.6037720622865,14,26
normal_398,0,10,21.056604432142255,0,0,0,1,26.6037720622865,14,26
normal_398,0,12,17.59028035003599,0,0,0,1,26.6037720622865,14,26
normal_398,0,14,15.800523772572602,0,0,0,1,26.6037720622865,14,26
normal_398,0,16,18.058762424656898,0,0,0,1,26.6037720622865,14,26
normal_398,0,18,15.861451887220275,0,0,0,1,26.6037720622865,14,26
normal_398,0,20,13.630537040236868,0,0,0,1,26.6037720622865,14,26
normal_398,0,22,15.06697476882796,0,0,0,1,26.6037720622865,14,26
normal_398,0,24,19.63279932623119,0,0,0,1,26.6037720622865,14,26
normal_398,0,26,22.350083076431012,0,0,0,1,26.6037720622865,14,26
normal_403,0,0,7.616967639116157,0,0,0,1,26.6037720622865,14,26
normal_403,0,2,6.8598644441689105,0,0,0,1,26.6037720622865,14,26
normal_403,0,4,7.015106979028024,0,0,0,1,26.6037720622865,14,26
normal_403,0,6,11.926356546673306,0,0,0,1,26.6037720622865,14,26
normal_403,0,8,7.127991913773709,0,0,0,1,26.6037720622865,14,26
normal_403,0,10,10.156510044437594,0,0,0,1,26.6037720622865,14,26
normal_403,0,12,15.11040892331072,0,0,0,1,26.6037720622865,14,26
normal_403,0,14,13.366406757286633,0,0,0,1,26.6037720622865,14,26
normal_403,0,16,8.874649983384357,0,0,0,1,26.6037720622865,14,26
normal_403,0,18,4.6509019155659965,0,0,0,1,26.6037720622865,14,26
normal_403,0,20,5.9337262110998745,0,0,0,1,26.6037720622865,14,26
normal_403,0,22,11.878131641244035,0,0,0,1,26.6037720622865,14,26
normal_403,0,24,16.054347312130876,0,0,0,1,26.6037720622865,14,26
normal_403,0,26,12.136956447720532,0,0,0,1,26.6037720622865,14,26
normal_403,0,28,19.385477696318883,0,0,0,1,26.6037720622865,14,26
normal_404,0,0,24.946487518525743,0,0,0,1,26.6037720622865,14,26
normal_404,0,2,21.413715348494108,0,0,0,1,26.6037720622865,14,26
normal_404,0,4,20.796534490562966,0,0,0,1,26.6037720622865,14,26
normal_404,0,6,17.584257752729915,0,0,0,1,26.6037720622865,14,26
normal_404,0,8,17.85788094344103,0,0,0,1,26.6037720622865,14,26
normal_404,0,10,17.550049985872967,0,0,0,1,26.6037720622865,14,26
normal_404,0,12,18.20223871764883,0,0,0,1,26.6037720622865,14,26
normal_404,0,14,16.356784502376335,0,0,0,1,26.6037720622865,14,26
normal_404,0,16,13.375345093096783,0,0,0,1,26.6037720622865,14,26
normal_406,0,0,20.23894675535423,0,0,0,1,26.6037720622865,14,26
normal_406,0,2,18.759187621352122,0,0,0,1,26.6037720622865,14,26
normal_406,0,4,14.928196698546,0,0,0,1,26.6037720622865,14,26
normal_406,0,6,17.298809015445254,0,0,0,1,26.6037720622865,14,26
normal_406,0,8,15.529512207691731,0,0,0,1,26.6037720622865,14,26
normal_406,0,10,16.04872225067842,0,0,0,1,26.6037720622865,14,26
normal_406,0,12,19.062633463280086,0,0,0,1,26.6037720622865,14,26
normal_406,0,14,17.17702286581701,0,0,0,1,26.6037720622865,14,26
normal_406,0,16,20.50012283589592,0,0,0,1,26.6037720622865,14,26
normal_406,0,18,20.729614135335268,0,0,0,1,26.6037720622865,14,26
normal_406,0,20,22.826158427817067,0,0,0,1,26.6037720622865,14,26
normal_406,0,22,22.281528050713572,0,0,0,1,26.6037720622865,14,26
normal_406,0,24,23.04559110940584,0,0,0,1,26.6037720622865,14,26
normal_406,0,26,20.840880867420797,0,0,0,1,26.6037720622865,14,26
normal_406,0,28,20.52290361824252,0,0,0,1,26.6037720622865,14,26
normal_406,0,30,17.96554331169883,0,0,0,1,26.6037720622865,14,26
normal_406,0,32,15.741413127362955,0,0,0,1,26.6037720622865,14,26
normal_406,0,34,15.433167844334568,0,0,0,1,26.6037720622865,14,26
normal_406,0,36,15.465669262475675,0,0,0,1,26.6037720622865,14,26
normal_406,0,38,15.427856324915417,0,0,0,1,26.6037720622865,14,26
normal_406,0,40,19.222934895756328,0,0,0,1,26.6037720622865,14,26
normal_406,0,42,18.703916976734085,0,0,0,1,26.6037720622865,14,26
normal_406,0,44,18.264272049454853,0,0,0,1,26.6037720622865,14,26
normal_408,0,0,9.01501562920379,0,0,0,1,26.6037720622865,14,26
normal_408,0,2,7.148689280646089,0,0,0,1,26.6037720622865,14,26
normal_408,0,4,8.23433993744231,0,0,0,1,26.6037720622865,14,26
normal_408,0,6,6.439292144490974,0,0,0,1,26.6037720622865,14,26
normal_408,0,8,7.762105036825147,0,0,0,1,26.6037720622865,14,26
normal_408,0,10,9.864922726728588,0,0,0,1,26.6037720622865,14,26
normal_408,0,12,10.54450684783179,0,0,0,1,26.6037720622865,14,26
normal_408,0,14,5.435216213766992,0,0,0,1,26.6037720622865,14,26
normal_408,0,16,4.628262999708091,0,0,0,1,26.6037720622865,14,26
normal_408,0,18,8.487832104022894,0,0,0,1,26.6037720622865,14,26
normal_408,0,20,12.596845442228345,0,0,0,1,26.6037720622865,14,26
normal_408,0,22,12.348495158508584,0,0,0,1,26.6037720622865,14,26
normal_408,0,24,14.43284696119665,0,0,0,1,26.6037720622865,14,26
normal_408,0,26,7.171943131264965,0,0,0,1,26.6037720622865,14,26
normal_408,0,28,6.2924276295876655,0,0,0,1,26.6037720622865,14,26
normal_408,0,30,6.608078902454487,0,0,0,1,26.6037720622865,14,26
normal_408,0,32,6.727430877298871,0,0,0,1,26.6037720622865,14,26
normal_411,0,0,11.215181437228415,0,0,0,1,26.6037720622865,14,26
normal_411,0,2,16.857535916255852,0,0,0,1,26.6037720622865,14,26
normal_411,0,4,16.67718139525889,0,0,0,1,26.6037720622865,14,26
normal_411,0,6,25.291870595046806,0,0,0,1,26.6037720622865,14,26
normal_411,0,8,22.77440406323467,0,0,0,1,26.6037720622865,14,26
normal_411,0,10,18.940051753656373,0,0,0,1,26.6037720622865,14,26
normal_411,0,12,31.061537720148365,1,1,0,1,26.6037720622865,14,26
normal_411,0,14,19.56460823131491,0,0,0,1,26.6037720622865,14,26
normal_411,0,16,17.756074726065943,0,0,0,1,26.6037720622865,14,26
normal_411,0,18,14.380740682313146,0,0,0,1,26.6037720622865,14,26
normal_411,0,20,16.56749805294276,0,0,0,1,26.6037720622865,14,26
normal_411,0,22,15.112282141801295,0,0,0,1,26.6037720622865,14,26
normal_411,0,24,11.248753444692095,0,0,0,1,26.6037720622865,14,26
normal_411,0,26,11.573251456105856,0,0,0,1,26.6037720622865,14,26
normal_411,0,28,13.283916092211639,0,0,0,1,26.6037720622865,14,26
normal_411,0,30,12.276006277623733,0,0,0,1,26.6037720622865,14,26
normal_411,0,32,15.23429369727374,0,0,0,1,26.6037720622865,14,26
normal_411,0,34,14.925117301289674,0,0,0,1,26.6037720622865,14,26
normal_411,0,36,20.109294121380337,0,0,0,1,26.6037720622865,14,26
normal_411,0,38,19.84829145135092,0,0,0,1,26.6037720622865,14,26
normal_411,0,40,19.319743562858125,0,0,0,1,26.6037720622865,14,26
normal_411,0,42,21.27130692863871,0,0,0,1,26.6037720622865,14,26
normal_411,0,44,21.413553030307426,0,0,0,1,26.6037720622865,14,26
normal_421,0,0,17.547047738281094,0,0,0,1,26.6037720622865,14,26
normal_421,0,2,18.000267049257662,0,0,0,1,26.6037720622865,14,26
normal_421,0,4,16.097963190321103,0,0,0,1,26.6037720622865,14,26
normal_421,0,6,15.440801708256778,0,0,0,1,26.6037720622865,14,26
normal_421,0,8,13.981202178466644,0,0,0,1,26.6037720622865,14,26
normal_421,0,10,15.510850317636784,0,0,0,1,26.6037720622865,14,26
normal_421,0,12,20.601413949684005,0,0,0,1,26.6037720622865,14,26
normal_421,0,14,20.597568573319464,0,0,0,1,26.6037720622865,14,26
normal_421,0,16,23.76031828380222,0,0,0,1,26.6037720622865,14,26
normal_421,0,18,18.55297875040626,0,0,0,1,26.6037720622865,14,26
normal_426,0,0,21.360728745368313,0,0,0,1,26.6037720622865,14,26
normal_426,0,2,21.896224972113526,0,0,0,1,26.6037720622865,14,26
normal_426,0,4,17.206100375836307,0,0,0,1,26.6037720622865,14,26
normal_426,0,6,13.112540087930716,0,0,0,1,26.6037720622865,14,26
normal_426,0,8,14.658078748721938,0,0,0,1,26.6037720622865,14,26
normal_426,0,10,19.32570189705725,0,0,0,1,26.6037720622865,14,26
normal_426,0,12,17.78241279180673,0,0,0,1,26.6037720622865,14,26
normal_426,0,14,14.78590496536398,0,0,0,1,26.6037720622865,14,26
normal_426,0,16,28.744161152117,1,1,0,1,26.6037720622865,14,26
normal_426,0,18,29.93286492741822,1,2,0,1,26.6037720622865,14,26
normal_428,0,0,14.509054727984795,0,0,0,1,26.6037720622865,14,26
normal_428,0,2,16.31666612698141,0,0,0,1,26.6037720622865,14,26
normal_428,0,4,16.69498732471336,0,0,0,1,26.6037720622865,14,26
normal_428,0,6,16.212657006255395,0,0,0,1,26.6037720622865,14,26
normal_428,0,8,15.697790409844073,0,0,0,1,26.6037720622865,14,26
normal_428,0,10,17.143705419377838,0,0,0,1,26.6037720622865,14,26
normal_428,0,12,15.406534536465024,0,0,0,1,26.6037720622865,14,26
normal_428,0,14,13.216302396689038,0,0,0,1,26.6037720622865,14,26
normal_428,0,16,13.683594045070288,0,0,0,1,26.6037720622865,14,26
normal_428,0,18,13.833976560379025,0,0,0,1,26.6037720622865,14,26
normal_428,0,20,13.399765738395761,0,0,0,1,26.6037720622865,14,26
normal_428,0,22,14.956521784645362,0,0,0,1,26.6037720622865,14,26
normal_428,0,24,17.07729814678606,0,0,0,1,26.6037720622865,14,26
normal_428,0,26,20.531838209701995,0,0,0,1,26.6037720622865,14,26
normal_428,0,28,18.67479413579316,0,0,0,1,26.6037720622865,14,26
normal_428,0,30,20.882308568858605,0,0,0,1,26.6037720622865,14,26
normal_428,0,32,20.295879788671115,0,0,0,1,26.6037720622865,14,26
normal_428,0,34,20.39798585600506,0,0,0,1,26.6037720622865,14,26
normal_428,0,36,19.313074578348967,0,0,0,1,26.6037720622865,14,26
normal_428,0,38,19.70833800868076,0,0,0,1,26.6037720622865,14,26
normal_428,0,40,14.50835460854762,0,0,0,1,26.6037720622865,14,26
normal_428,0,42,15.58153757497476,0,0,0,1,26.6037720622865,14,26
normal_428,0,44,12.478938900556942,0,0,0,1,26.6037720622865,14,26
normal_430,0,0,16.473453867285585,0,0,0,1,26.6037720622865,14,26
normal_430,0,2,17.447690165793993,0,0,0,1,26.6037720622865,14,26
normal_430,0,4,13.443664963732944,0,0,0,1,26.6037720622865,14,26
normal_430,0,6,6.018151740763327,0,0,0,1,26.6037720622865,14,26
normal_430,0,8,7.392228725295461,0,0,0,1,26.6037720622865,14,26
normal_430,0,10,12.952968866198066,0,0,0,1,26.6037720622865,14,26
normal_430,0,12,10.438751046366766,0,0,0,1,26.6037720622865,14,26
normal_430,0,14,12.717586006730075,0,0,0,1,26.6037720622865,14,26
normal_430,0,16,9.774314829126908,0,0,0,1,26.6037720622865,14,26
normal_430,0,18,8.460432123627397,0,0,0,1,26.6037720622865,14,26
normal_430,0,20,7.402107277174671,0,0,0,1,26.6037720622865,14,26
normal_430,0,22,6.877762446539379,0,0,0,1,26.6037720622865,14,26
normal_430,0,24,5.963389626783144,0,0,0,1,26.6037720622865,14,26
normal_430,0,26,11.409507845747388,0,0,0,1,26.6037720622865,14,26
normal_430,0,28,14.015891818089166,0,0,0,1,26.6037720622865,14,26
normal_430,0,30,14.553244584185608,0,0,0,1,26.6037720622865,14,26
normal_430,0,32,11.675916090832217,0,0,0,1,26.6037720622865,14,26
normal_430,0,34,12.899043807484658,0,0,0,1,26.6037720622865,14,26
normal_451,0,0,16.04744441789458,0,0,0,1,26.6037720622865,14,26
normal_451,0,2,18.22587002377588,0,0,0,1,26.6037720622865,14,26
normal_451,0,4,17.693935791377765,0,0,0,1,26.6037720622865,14,26
normal_451,0,6,14.99748776597757,0,0,0,1,26.6037720622865,14,26
normal_451,0,8,19.387969019830482,0,0,0,1,26.6037720622865,14,26
normal_451,0,10,22.06789213171522,0,0,0,1,26.6037720622865,14,26
normal_451,0,12,18.594134455548676,0,0,0,1,26.6037720622865,14,26
normal_451,0,14,18.507148689900358,0,0,0,1,26.6037720622865,14,26
normal_451,0,16,17.732980692229884,0,0,0,1,26.6037720622865,14,26
normal_451,0,18,19.232805597436357,0,0,0,1,26.6037720622865,14,26
normal_451,0,20,18.658014475804755,0,0,0,1,26.6037720622865,14,26
normal_451,0,22,15.747384601445892,0,0,0,1,26.6037720622865,14,26
normal_451,0,24,14.404802410257222,0,0,0,1,26.6037720622865,14,26
normal_451,0,26,19.911492258208337,0,0,0,1,26.6037720622865,14,26
normal_451,0,28,18.371349646787024,0,0,0,1,26.6037720622865,14,26
normal_451,0,30,15.881763285369328,0,0,0,1,26.6037720622865,14,26
normal_451,0,32,17.248111262259947,0,0,0,1,26.6037720622865,14,26
normal_451,0,34,18.89842572031507,0,0,0,1,26.6037720622865,14,26
normal_451,0,36,19.26917712514689,0,0,0,1,26.6037720622865,14,26
normal_451,0,38,17.38902218129885,0,0,0,1,26.6037720622865,14,26
normal_451,0,40,18.2862640765857,0,0,0,1,26.6037720622865,14,26
normal_451,0,42,18.498074528682924,0,0,0,1,26.6037720622865,14,26
normal_453,0,0,30.45913176530184,1,1,0,1,26.6037720622865,14,26
normal_453,0,2,44.752999739404885,1,2,0,1,26.6037720622865,14,26
normal_453,0,4,38.60077199153169,1,3,0,1,26.6037720622865,14,26
normal_453,0,6,20.17079478114011,0,0,0,1,26.6037720622865,14,26
normal_453,0,8,12.010413783643251,0,0,0,1,26.6037720622865,14,26
normal_453,0,10,10.069774493490604,0,0,0,1,26.6037720622865,14,26
normal_453,0,12,17.593482693793845,0,0,0,1,26.6037720622865,14,26
normal_453,0,14,16.748591868274772,0,0,0,1,26.6037720622865,14,26
normal_453,0,16,15.069379671472026,0,0,0,1,26.6037720622865,14,26
normal_453,0,18,22.127783338437784,0,0,0,1,26.6037720622865,14,26
normal_463,0,0,13.255527662080187,0,0,0,1,26.6037720622865,14,26
normal_463,0,2,15.457029469734325,0,0,0,1,26.6037720622865,14,26
normal_463,0,4,20.967356486152347,0,0,0,1,26.6037720622865,14,26
normal_463,0,6,16.471961818243212,0,0,0,1,26.6037720622865,14,26
normal_463,0,8,16.736651990811463,0,0,0,1,26.6037720622865,14,26
normal_463,0,10,21.070466026992605,0,0,0,1,26.6037720622865,14,26
normal_463,0,12,19.550565401099337,0,0,0,1,26.6037720622865,14,26
normal_463,0,14,14.374854659421755,0,0,0,1,26.6037720622865,14,26
normal_463,0,16,22.263546905787326,0,0,0,1,26.6037720622865,14,26
normal_463,0,18,21.694999759005565,0,0,0,1,26.6037720622865,14,26
normal_463,0,20,9.179634169099613,0,0,0,1,26.6037720622865,14,26
normal_463,0,22,8.44886042523051,0,0,0,1,26.6037720622865,14,26
normal_463,0,24,9.82568410541915,0,0,0,1,26.6037720622865,14,26
normal_463,0,26,10.118222658053766,0,0,0,1,26.6037720622865,14,26
normal_463,0,28,14.160240574688247,0,0,0,1,26.6037720622865,14,26
normal_469,0,0,11.191089878139628,0,0,0,1,26.6037720622865,14,26
normal_469,0,2,9.902012539620703,0,0,0,1,26.6037720622865,14,26
normal_469,0,4,11.047001006308662,0,0,0,1,26.6037720622865,14,26
normal_469,0,6,13.927714248494325,0,0,0,1,26.6037720622865,14,26
normal_469,0,8,15.308247550507286,0,0,0,1,26.6037720622865,14,26
normal_469,0,10,13.16905707917038,0,0,0,1,26.6037720622865,14,26
normal_469,0,12,11.070682959126202,0,0,0,1,26.6037720622865,14,26
normal_469,0,14,13.482846925317585,0,0,0,1,26.6037720622865,14,26
normal_469,0,16,13.090917467237794,0,0,0,1,26.6037720622865,14,26
normal_469,0,18,15.030433486503853,0,0,0,1,26.6037720622865,14,26
normal_469,0,20,12.429483173825876,0,0,0,1,26.6037720622865,14,26
normal_469,0,22,13.716121770857665,0,0,0,1,26.6037720622865,14,26
normal_469,0,24,18.514145544851058,0,0,0,1,26.6037720622865,14,26
normal_469,0,26,16.940200105150623,0,0,0,1,26.6037720622865,14,26
normal_469,0,28,12.631341517048764,0,0,0,1,26.6037720622865,14,26
normal_469,0,30,11.640093536228578,0,0,0,1,26.6037720622865,14,26
normal_473,0,0,4.419768465484003,0,0,0,1,26.6037720622865,14,26
normal_473,0,2,6.177781755076014,0,0,0,1,26.6037720622865,14,26
normal_473,0,4,4.210546508987388,0,0,0,1,26.6037720622865,14,26
normal_473,0,6,3.230540753029599,0,0,0,1,26.6037720622865,14,26
normal_473,0,8,3.3555338334706875,0,0,0,1,26.6037720622865,14,26
normal_473,0,10,4.18686861824546,0,0,0,1,26.6037720622865,14,26
normal_473,0,12,5.15847602592019,0,0,0,1,26.6037720622865,14,26
normal_473,0,14,5.454506742697364,0,0,0,1,26.6037720622865,14,26
normal_473,0,16,4.063819843580667,0,0,0,1,26.6037720622865,14,26
normal_473,0,18,4.150541819576988,0,0,0,1,26.6037720622865,14,26
normal_473,0,20,4.809633588975259,0,0,0,1,26.6037720622865,14,26
normal_473,0,22,2.3958333385172392,0,0,0,1,26.6037720622865,14,26
normal_473,0,24,2.792257311120792,0,0,0,1,26.6037720622865,14,26
normal_473,0,26,4.067718831571637,0,0,0,1,26.6037720622865,14,26
normal_473,0,28,4.056318747476892,0,0,0,1,26.6037720622865,14,26
normal_473,0,30,5.775555299361343,0,0,0,1,26.6037720622865,14,26
normal_473,0,32,6.535942827320533,0,0,0,1,26.6037720622865,14,26
normal_473,0,34,7.105072750677991,0,0,0,1,26.6037720622865,14,26
normal_473,0,36,10.349403032616134,0,0,0,1,26.6037720622865,14,26
normal_473,0,38,2.1865110050691245,0,0,0,1,26.6037720622865,14,26
normal_473,0,40,3.4753858011480814,0,0,0,1,26.6037720622865,14,26
normal_473,0,42,7.255151613288439,0,0,0,1,26.6037720622865,14,26
normal_473,0,44,5.538743275850156,0,0,0,1,26.6037720622865,14,26
normal_475,0,0,5.6951063586837885,0,0,0,1,26.6037720622865,14,26
normal_475,0,2,4.338864359676859,0,0,0,1,26.6037720622865,14,26
normal_475,0,4,4.793439670674084,0,0,0,1,26.6037720622865,14,26
normal_475,0,6,6.010162629816212,0,0,0,1,26.6037720622865,14,26
normal_475,0,8,8.585783731871958,0,0,0,1,26.6037720622865,14,26
normal_475,0,10,4.733175941561159,0,0,0,1,26.6037720622865,14,26
normal_475,0,12,6.4933635380209065,0,0,0,1,26.6037720622865,14,26
normal_475,0,14,7.06253238678266,0,0,0,1,26.6037720622865,14,26
normal_475,0,16,13.646193747882652,0,0,0,1,26.6037720622865,14,26
normal_475,0,18,17.70843411323402,0,0,0,1,26.6037720622865,14,26
normal_475,0,20,10.817502721563832,0,0,0,1,26.6037720622865,14,26
normal_475,0,22,7.286523094637278,0,0,0,1,26.6037720622865,14,26
normal_475,0,24,6.858727653920036,0,0,0,1,26.6037720622865,14,26
normal_475,0,26,5.066703743864276,0,0,0,1,26.6037720622865,14,26
normal_475,0,28,6.351409592559199,0,0,0,1,26.6037720622865,14,26
normal_475,0,30,7.510342146437303,0,0,0,1,26.6037720622865,14,26
normal_475,0,32,8.037593791024952,0,0,0,1,26.6037720622865,14,26
normal_475,0,34,5.538312099651541,0,0,0,1,26.6037720622865,14,26
normal_485,0,0,9.325778916780257,0,0,0,1,26.6037720622865,14,26
normal_485,0,2,6.921577859521309,0,0,0,1,26.6037720622865,14,26
normal_485,0,4,5.596257661772135,0,0,0,1,26.6037720622865,14,26
normal_485,0,6,6.014712389403324,0,0,0,1,26.6037720622865,14,26
normal_485,0,8,6.190579098122718,0,0,0,1,26.6037720622865,14,26
normal_485,0,10,6.349915018453537,0,0,0,1,26.6037720622865,14,26
normal_485,0,12,3.4606914177999957,0,0,0,1,26.6037720622865,14,26
normal_485,0,14,3.051078698595574,0,0,0,1,26.6037720622865,14,26
normal_485,0,16,4.995559008782606,0,0,0,1,26.6037720622865,14,26
normal_485,0,18,5.364456041917269,0,0,0,1,26.6037720622865,14,26
normal_485,0,20,4.037437958998625,0,0,0,1,26.6037720622865,14,26
normal_485,0,22,4.246708165369378,0,0,0,1,26.6037720622865,14,26
normal_485,0,24,4.424727560957367,0,0,0,1,26.6037720622865,14,26
normal_485,0,26,5.718721766817705,0,0,0,1,26.6037720622865,14,26
normal_485,0,28,5.95905749055352,0,0,0,1,26.6037720622865,14,26
normal_485,0,30,8.415677964015497,0,0,0,1,26.6037720622865,14,26
normal_485,0,32,8.65857084862784,0,0,0,1,26.6037720622865,14,26
normal_485,0,34,7.4764422479162045,0,0,0,1,26.6037720622865,14,26
normal_485,0,36,6.467681995267648,0,0,0,1,26.6037720622865,14,26
normal_485,0,38,4.816291449137789,0,0,0,1,26.6037720622865,14,26
normal_488,0,0,5.41732913897077,0,0,0,1,26.6037720622865,14,26
normal_488,0,2,6.570205877950944,0,0,0,1,26.6037720622865,14,26
normal_488,0,4,4.168082993804999,0,0,0,1,26.6037720622865,14,26
normal_488,0,6,8.017973470532144,0,0,0,1,26.6037720622865,14,26
normal_488,0,8,6.489354550554188,0,0,0,1,26.6037720622865,14,26
normal_488,0,10,10.759787712064279,0,0,0,1,26.6037720622865,14,26
normal_488,0,12,11.23906227174176,0,0,0,1,26.6037720622865,14,26
normal_488,0,14,13.610197772962687,0,0,0,1,26.6037720622865,14,26
normal_488,0,16,7.179425017927313,0,0,0,1,26.6037720622865,14,26
normal_488,0,18,10.589872306258357,0,0,0,1,26.6037720622865,14,26
normal_488,0,20,8.90230340161208,0,0,0,1,26.6037720622865,14,26
normal_488,0,22,6.182832689529541,0,0,0,1,26.6037720622865,14,26
normal_488,0,24,4.767723462078352,0,0,0,1,26.6037720622865,14,26
normal_488,0,26,6.0895310889980925,0,0,0,1,26.6037720622865,14,26
normal_488,0,28,5.088257491198192,0,0,0,1,26.6037720622865,14,26
normal_488,0,30,4.492573235360507,0,0,0,1,26.6037720622865,14,26
normal_508,0,0,4.385058673954359,0,0,0,1,26.6037720622865,14,26
normal_508,0,2,3.0728634541581736,0,0,0,1,26.6037720622865,14,26
normal_508,0,4,5.890186260531168,0,0,0,1,26.6037720622865,14,26
normal_508,0,6,6.463556803248102,0,0,0,1,26.6037720622865,14,26
normal_508,0,8,8.978106278395712,0,0,0,1,26.6037720622865,14,26
normal_508,0,10,7.533531538946297,0,0,0,1,26.6037720622865,14,26
normal_508,0,12,11.498503674142723,0,0,0,1,26.6037720622865,14,26
normal_508,0,14,8.165984673108367,0,0,0,1,26.6037720622865,14,26
normal_508,0,16,8.506722473240615,0,0,0,1,26.6037720622865,14,26
normal_508,0,18,6.105145054534796,0,0,0,1,26.6037720622865,14,26
normal_508,0,20,7.397388025081206,0,0,0,1,26.6037720622865,14,26
normal_508,0,22,8.121320568261453,0,0,0,1,26.6037720622865,14,26
normal_511,0,0,15.423699968551,0,0,0,1,26.6037720622865,14,26
normal_511,0,2,14.66254394026753,0,0,0,1,26.6037720622865,14,26
normal_511,0,4,14.108145061857845,0,0,0,1,26.6037720622865,14,26
normal_511,0,6,11.754294059168592,0,0,0,1,26.6037720622865,14,26
normal_511,0,8,8.793658200864,0,0,0,1,26.6037720622865,14,26
normal_511,0,10,10.155490698892336,0,0,0,1,26.6037720622865,14,26
normal_511,0,12,8.7909521209667,0,0,0,1,26.6037720622865,14,26
normal_511,0,14,6.977102749176257,0,0,0,1,26.6037720622865,14,26
normal_511,0,16,7.997428281676785,0,0,0,1,26.6037720622865,14,26
normal_511,0,18,6.450323099631007,0,0,0,1,26.6037720622865,14,26
normal_511,0,20,7.76363741430882,0,0,0,1,26.6037720622865,14,26
normal_511,0,22,6.735387886180787,0,0,0,1,26.6037720622865,14,26
normal_511,0,24,7.705105688916686,0,0,0,1,26.6037720622865,14,26
normal_511,0,26,5.797892356715904,0,0,0,1,26.6037720622865,14,26
normal_511,0,28,5.694730255636346,0,0,0,1,26.6037720622865,14,26
normal_511,0,30,8.211002893593358,0,0,0,1,26.6037720622865,14,26
normal_511,0,32,8.720202118002794,0,0,0,1,26.6037720622865,14,26
normal_511,0,34,6.019980930253689,0,0,0,1,26.6037720622865,14,26
normal_511,0,36,6.705753086822168,0,0,0,1,26.6037720622865,14,26
normal_511,0,38,8.847638944956637,0,0,0,1,26.6037720622865,14,26
normal_511,0,40,8.25545316325264,0,0,0,1,26.6037720622865,14,26
normal_511,0,42,6.616277862714424,0,0,0,1,26.6037720622865,14,26
normal_511,0,44,10.066017798656679,0,0,0,1,26.6037720622865,14,26
normal_526,0,0,8.10028340646904,0,0,0,1,26.6037720622865,14,26
normal_526,0,2,5.554217710097833,0,0,0,1,26.6037720622865,14,26
normal_526,0,4,6.8680357051847745,0,0,0,1,26.6037720622865,14,26
normal_526,0,6,9.636834417523499,0,0,0,1,26.6037720622865,14,26
normal_526,0,8,8.566371906949893,0,0,0,1,26.6037720622865,14,26
normal_526,0,10,6.395835613862871,0,0,0,1,26.6037720622865,14,26
normal_526,0,12,6.2744989722617985,0,0,0,1,26.6037720622865,14,26
normal_526,0,14,7.890248297930394,0,0,0,1,26.6037720622865,14,26
normal_526,0,16,8.893855991079269,0,0,0,1,26.6037720622865,14,26
normal_526,0,18,9.16530100406275,0,0,0,1,26.6037720622865,14,26
normal_526,0,20,9.149433090972156,0,0,0,1,26.6037720622865,14,26
normal_526,0,22,7.937686672205367,0,0,0,1,26.6037720622865,14,26
normal_526,0,24,7.534255740992188,0,0,0,1,26.6037720622865,14,26
normal_526,0,26,6.368803288792064,0,0,0,1,26.6037720622865,14,26
normal_526,0,28,5.7738852134221705,0,0,0,1,26.6037720622865,14,26
normal_526,0,30,5.041043208970777,0,0,0,1,26.6037720622865,14,26
normal_526,0,32,6.0402216715976556,0,0,0,1,26.6037720622865,14,26
normal_526,0,34,5.832068368403438,0,0,0,1,26.6037720622865,14,26
normal_526,0,36,5.524131264167657,0,0,0,1,26.6037720622865,14,26
normal_526,0,38,3.5418793545263876,0,0,0,1,26.6037720622865,14,26
normal_526,0,40,4.7916174840240755,0,0,0,1,26.6037720622865,14,26
normal_526,0,42,6.72021997845373,0,0,0,1,26.6037720622865,14,26
normal_526,0,44,7.364218349578462,0,0,0,1,26.6037720622865,14,26
normal_529,0,0,6.0232727483229676,0,0,0,1,26.6037720622865,14,26
normal_529,0,2,7.96482791884678,0,0,0,1,26.6037720622865,14,26
normal_529,0,4,9.645786087809944,0,0,0,1,26.6037720622865,14,26
normal_529,0,6,9.109341145890122,0,0,0,1,26.6037720622865,14,26
normal_529,0,8,12.575805600796476,0,0,0,1,26.6037720622865,14,26
normal_529,0,10,13.718601482448221,0,0,0,1,26.6037720622865,14,26
normal_529,0,12,8.566170031848864,0,0,0,1,26.6037720622865,14,26
normal_529,0,14,9.005825326479224,0,0,0,1,26.6037720622865,14,26
normal_529,0,16,7.231109534197237,0,0,0,1,26.6037720622865,14,26
normal_529,0,18,6.739917664824711,0,0,0,1,26.6037720622865,14,26
normal_529,0,20,6.111222924633663,0,0,0,1,26.6037720622865,14,26
normal_545,0,0,3.6315312331767475,0,0,0,1,26.6037720622865,14,26
normal_545,0,2,5.322812858830375,0,0,0,1,26.6037720622865,14,26
normal_545,0,4,9.776713807353838,0,0,0,1,26.6037720622865,14,26
normal_545,0,6,8.722387761904884,0,0,0,1,26.6037720622865,14,26
normal_545,0,8,6.9844052546371245,0,0,0,1,26.6037720622865,14,26
normal_545,0,10,7.788616045015465,0,0,0,1,26.6037720622865,14,26
normal_545,0,12,7.627352460468206,0,0,0,1,26.6037720622865,14,26
normal_545,0,14,3.8113785031966367,0,0,0,1,26.6037720622865,14,26
normal_545,0,16,8.153716522967414,0,0,0,1,26.6037720622865,14,26
normal_545,0,18,7.482059119602062,0,0,0,1,26.6037720622865,14,26
normal_545,0,20,9.399364964804453,0,0,0,1,26.6037720622865,14,26
normal_545,0,22,9.342098432651643,0,0,0,1,26.6037720622865,14,26
normal_545,0,24,8.029796304591581,0,0,0,1,26.6037720622865,14,26
normal_545,0,26,8.227153152652628,0,0,0,1,26.6037720622865,14,26
normal_545,0,28,8.608425375567359,0,0,0,1,26.6037720622865,14,26
normal_545,0,30,6.266742036856937,0,0,0,1,26.6037720622865,14,26
normal_549,0,0,4.485083264457995,0,0,0,1,26.6037720622865,14,26
normal_549,0,2,5.200571466997245,0,0,0,1,26.6037720622865,14,26
normal_549,0,4,7.353512766444551,0,0,0,1,26.6037720622865,14,26
normal_549,0,6,7.601328128627244,0,0,0,1,26.6037720622865,14,26
normal_549,0,8,7.677067594277757,0,0,0,1,26.6037720622865,14,26
normal_549,0,10,5.738638512177938,0,0,0,1,26.6037720622865,14,26
normal_549,0,12,4.511942362271515,0,0,0,1,26.6037720622865,14,26
normal_549,0,14,5.973429246257282,0,0,0,1,26.6037720622865,14,26
normal_549,0,16,3.5432691729313954,0,0,0,1,26.6037720622865,14,26
normal_549,0,18,4.63274042922312,0,0,0,1,26.6037720622865,14,26
normal_549,0,20,4.819874128913847,0,0,0,1,26.6037720622865,14,26
normal_549,0,22,7.325055286841706,0,0,0,1,26.6037720622865,14,26
normal_549,0,24,7.583223798011171,0,0,0,1,26.6037720622865,14,26
normal_549,0,26,6.723663519399647,0,0,0,1,26.6037720622865,14,26
normal_549,0,28,7.257092158170838,0,0,0,1,26.6037720622865,14,26
normal_549,0,30,5.598383187972399,0,0,0,1,26.6037720622865,14,26
normal_549,0,32,4.537576273194763,0,0,0,1,26.6037720622865,14,26
normal_549,0,34,5.258611951201506,0,0,0,1,26.6037720622865,14,26
normal_549,0,36,6.278931171987345,0,0,0,1,26.6037720622865,14,26
normal_549,0,38,5.87640096672077,0,0,0,1,26.6037720622865,14,26
normal_549,0,40,5.392673287016522,0,0,0,1,26.6037720622865,14,26
normal_549,0,42,6.050939511938893,0,0,0,1,26.6037720622865,14,26
normal_549,0,44,7.604546643724166,0,0,0,1,26.6037720622865,14,26
normal_550,0,0,10.640478236836843,0,0,0,1,26.6037720622865,14,26
normal_550,0,2,12.171078046429988,0,0,0,1,26.6037720622865,14,26
normal_550,0,4,11.938408484559696,0,0,0,1,26.6037720622865,14,26
normal_550,0,6,8.554949368256569,0,0,0,1,26.6037720622865,14,26
normal_550,0,8,6.404837402038405,0,0,0,1,26.6037720622865,14,26
normal_550,0,10,11.350641381853091,0,0,0,1,26.6037720622865,14,26
normal_550,0,12,11.42181561080369,0,0,0,1,26.6037720622865,14,26
normal_550,0,14,9.120357556648408,0,0,0,1,26.6037720622865,14,26
normal_550,0,16,9.438338297029393,0,0,0,1,26.6037720622865,14,26
normal_550,0,18,8.229895389774768,0,0,0,1,26.6037720622865,14,26
normal_550,0,20,5.657095506767592,0,0,0,1,26.6037720622865,14,26
normal_550,0,22,5.171189219123424,0,0,0,1,26.6037720622865,14,26
normal_550,0,24,5.389154539910944,0,0,0,1,26.6037720622865,14,26
normal_550,0,26,5.246225543481903,0,0,0,1,26.6037720622865,14,26
normal_550,0,28,6.088540281088276,0,0,0,1,26.6037720622865,14,26
normal_550,0,30,6.68045438556455,0,0,0,1,26.6037720622865,14,26
normal_550,0,32,7.117039189881202,0,0,0,1,26.6037720622865,14,26
normal_550,0,34,5.783794119778412,0,0,0,1,26.6037720622865,14,26
normal_550,0,36,7.028986794380891,0,0,0,1,26.6037720622865,14,26
normal_550,0,38,8.302193126736105,0,0,0,1,26.6037720622865,14,26
normal_550,0,40,7.664229592811053,0,0,0,1,26.6037720622865,14,26
normal_550,0,42,8.913791944360936,0,0,0,1,26.6037720622865,14,26
normal_550,0,44,11.78066578532594,0,0,0,1,26.6037720622865,14,26
normal_551,0,0,6.373747294423161,0,0,0,1,26.6037720622865,14,26
normal_551,0,2,4.595116902304134,0,0,0,1,26.6037720622865,14,26
normal_551,0,4,3.7560866580949908,0,0,0,1,26.6037720622865,14,26
normal_551,0,6,5.956708966305048,0,0,0,1,26.6037720622865,14,26
normal_551,0,8,6.588582196421628,0,0,0,1,26.6037720622865,14,26
normal_551,0,10,6.137480301659934,0,0,0,1,26.6037720622865,14,26
normal_551,0,12,6.702252211565647,0,0,0,1,26.6037720622865,14,26
normal_551,0,14,5.77495321225212,0,0,0,1,26.6037720622865,14,26
normal_551,0,16,6.48666485124823,0,0,0,1,26.6037720622865,14,26
normal_551,0,18,6.542937160790777,0,0,0,1,26.6037720622865,14,26
normal_551,0,20,7.423991802566668,0,0,0,1,26.6037720622865,14,26
normal_551,0,22,6.1929655319483405,0,0,0,1,26.6037720622865,14,26
normal_551,0,24,6.971032003473786,0,0,0,1,26.6037720622865,14,26
normal_551,0,26,6.585198296681834,0,0,0,1,26.6037720622865,14,26
normal_551,0,28,5.1817291218925545,0,0,0,1,26.6037720622865,14,26
normal_551,0,30,3.7508713215141127,0,0,0,1,26.6037720622865,14,26
normal_551,0,32,4.2994360869662,0,0,0,1,26.6037720622865,14,26
normal_551,0,34,6.037021225976139,0,0,0,1,26.6037720622865,14,26
normal_551,0,36,8.327976398470682,0,0,0,1,26.6037720622865,14,26
normal_551,0,38,9.611777322110738,0,0,0,1,26.6037720622865,14,26
normal_551,0,40,8.79393364934099,0,0,0,1,26.6037720622865,14,26
normal_556,0,0,7.704509080565391,0,0,0,1,26.6037720622865,14,26
normal_556,0,2,7.365611495750946,0,0,0,1,26.6037720622865,14,26
normal_556,0,4,5.805839657364209,0,0,0,1,26.6037720622865,14,26
normal_556,0,6,5.762056414185938,0,0,0,1,26.6037720622865,14,26
normal_556,0,8,6.139287492274957,0,0,0,1,26.6037720622865,14,26
normal_556,0,10,6.111376971128354,0,0,0,1,26.6037720622865,14,26
normal_556,0,12,7.535628281452872,0,0,0,1,26.6037720622865,14,26
normal_556,0,14,5.954188249387575,0,0,0,1,26.6037720622865,14,26
normal_556,0,16,6.103505212595683,0,0,0,1,26.6037720622865,14,26
normal_556,0,18,6.496817765324875,0,0,0,1,26.6037720622865,14,26
normal_556,0,20,6.7173310195457985,0,0,0,1,26.6037720622865,14,26
normal_556,0,22,6.600032943205478,0,0,0,1,26.6037720622865,14,26
normal_556,0,24,8.180674928295439,0,0,0,1,26.6037720622865,14,26
normal_556,0,26,9.239271310899149,0,0,0,1,26.6037720622865,14,26
normal_556,0,28,7.443252358861431,0,0,0,1,26.6037720622865,14,26
normal_556,0,30,3.6937212214293598,0,0,0,1,26.6037720622865,14,26
normal_556,0,32,5.587059618742835,0,0,0,1,26.6037720622865,14,26
normal_556,0,34,4.3130447596969885,0,0,0,1,26.6037720622865,14,26
normal_556,0,36,5.41553121331191,0,0,0,1,26.6037720622865,14,26
normal_556,0,38,6.65028864552857,0,0,0,1,26.6037720622865,14,26
normal_556,0,40,7.22733840216713,0,0,0,1,26.6037720622865,14,26
normal_556,0,42,9.781148072771233,0,0,0,1,26.6037720622865,14,26
normal_556,0,44,9.520627700085033,0,0,0,1,26.6037720622865,14,26
normal_564,0,0,22.304346256576412,0,0,0,1,26.6037720622865,14,26
normal_564,0,2,20.909118488873368,0,0,0,1,26.6037720622865,14,26
normal_564,0,4,17.761127554858867,0,0,0,1,26.6037720622865,14,26
normal_564,0,6,21.388394414241926,0,0,0,1,26.6037720622865,14,26
normal_564,0,8,18.56069748264427,0,0,0,1,26.6037720622865,14,26
normal_564,0,10,14.744655105830452,0,0,0,1,26.6037720622865,14,26
normal_564,0,12,15.670769539977735,0,0,0,1,26.6037720622865,14,26
normal_564,0,14,6.747837061490631,0,0,0,1,26.6037720622865,14,26
normal_564,0,16,9.857822111188074,0,0,0,1,26.6037720622865,14,26
normal_564,0,18,8.258526075771476,0,0,0,1,26.6037720622865,14,26
normal_564,0,20,9.464820947133767,0,0,0,1,26.6037720622865,14,26
normal_564,0,22,8.125454859421662,0,0,0,1,26.6037720622865,14,26
normal_564,0,24,6.589673801343466,0,0,0,1,26.6037720622865,14,26
normal_564,0,26,9.190518090589741,0,0,0,1,26.6037720622865,14,26
normal_564,0,28,13.551345230612851,0,0,0,1,26.6037720622865,14,26
normal_564,0,30,12.669608289993166,0,0,0,1,26.6037720622865,14,26
normal_564,0,32,16.20661266994308,0,0,0,1,26.6037720622865,14,26
normal_564,0,34,22.28085841361408,0,0,0,1,26.6037720622865,14,26
normal_564,0,36,22.83465326939775,0,0,0,1,26.6037720622865,14,26
normal_564,0,38,19.021634764010688,0,0,0,1,26.6037720622865,14,26
normal_569,0,0,6.554459504339277,0,0,0,1,26.6037720622865,14,26
normal_569,0,2,4.8862937331552425,0,0,0,1,26.6037720622865,14,26
normal_569,0,4,3.737511829451334,0,0,0,1,26.6037720622865,14,26
normal_569,0,6,4.536976205011454,0,0,0,1,26.6037720622865,14,26
normal_569,0,8,5.2535643176758,0,0,0,1,26.6037720622865,14,26
normal_569,0,10,4.5698276248081955,0,0,0,1,26.6037720622865,14,26
normal_569,0,12,5.951305814937295,0,0,0,1,26.6037720622865,14,26
normal_569,0,14,8.084974145009241,0,0,0,1,26.6037720622865,14,26
normal_569,0,16,10.934379179963504,0,0,0,1,26.6037720622865,14,26
normal_569,0,18,8.22300519139494,0,0,0,1,26.6037720622865,14,26
normal_569,0,20,8.316473568652539,0,0,0,1,26.6037720622865,14,26
normal_569,0,22,8.94089804886869,0,0,0,1,26.6037720622865,14,26
normal_569,0,24,8.439788882432998,0,0,0,1,26.6037720622865,14,26
normal_569,0,26,5.246040200377078,0,0,0,1,26.6037720622865,14,26
normal_569,0,28,5.219783591142672,0,0,0,1,26.6037720622865,14,26
normal_569,0,30,5.229030143222725,0,0,0,1,26.6037720622865,14,26
normal_569,0,32,4.66611883905195,0,0,0,1,26.6037720622865,14,26
normal_569,0,34,4.182602378689145,0,0,0,1,26.6037720622865,14,26
normal_569,0,36,4.172166857698946,0,0,0,1,26.6037720622865,14,26
normal_569,0,38,5.373222135699633,0,0,0,1,26.6037720622865,14,26
normal_569,0,40,6.349233029238426,0,0,0,1,26.6037720622865,14,26
normal_569,0,42,8.779133920522748,0,0,0,1,26.6037720622865,14,26
normal_569,0,44,9.63821199381514,0,0,0,1,26.6037720622865,14,26
normal_577,0,0,12.871047350916735,0,0,0,1,26.6037720622865,14,26
normal_577,0,2,12.642900744998425,0,0,0,1,26.6037720622865,14,26
normal_577,0,4,13.650588057872515,0,0,0,1,26.6037720622865,14,26
normal_577,0,6,13.380871655359863,0,0,0,1,26.6037720622865,14,26
normal_577,0,8,12.617581962252833,0,0,0,1,26.6037720622865,14,26
normal_577,0,10,11.093334424832502,0,0,0,1,26.6037720622865,14,26
normal_577,0,12,10.308981050876323,0,0,0,1,26.6037720622865,14,26
normal_577,0,14,11.202695948801095,0,0,0,1,26.6037720622865,14,26
normal_577,0,16,10.799868629417222,0,0,0,1,26.6037720622865,14,26
normal_577,0,18,9.467732302147825,0,0,0,1,26.6037720622865,14,26
normal_577,0,20,10.291097789299556,0,0,0,1,26.6037720622865,14,26
normal_577,0,22,11.347722988979516,0,0,0,1,26.6037720622865,14,26
normal_577,0,24,10.42174738626624,0,0,0,1,26.6037720622865,14,26
normal_577,0,26,9.99771219809417,0,0,0,1,26.6037720622865,14,26
normal_577,0,28,10.89433504262002,0,0,0,1,26.6037720622865,14,26
normal_577,0,30,11.593678003697244,0,0,0,1,26.6037720622865,14,26
normal_577,0,32,14.937881031737675,0,0,0,1,26.6037720622865,14,26
normal_577,0,34,12.14013658853624,0,0,0,1,26.6037720622865,14,26
normal_577,0,36,11.321974764966685,0,0,0,1,26.6037720622865,14,26
normal_577,0,38,11.780834332012533,0,0,0,1,26.6037720622865,14,26
normal_577,0,40,11.231198505801634,0,0,0,1,26.6037720622865,14,26
normal_577,0,42,8.087082716407572,0,0,0,1,26.6037720622865,14,26
normal_577,0,44,7.968692520070352,0,0,0,1,26.6037720622865,14,26
normal_580,0,0,7.089789090710702,0,0,0,1,26.6037720622865,14,26
normal_580,0,2,7.122769427882638,0,0,0,1,26.6037720622865,14,26
normal_580,0,4,8.524577131223344,0,0,0,1,26.6037720622865,14,26
normal_580,0,6,10.28430122056388,0,0,0,1,26.6037720622865,14,26
normal_580,0,8,14.007098646354446,0,0,0,1,26.6037720622865,14,26
normal_580,0,10,14.028776745765281,0,0,0,1,26.6037720622865,14,26
normal_580,0,12,11.35244359199428,0,0,0,1,26.6037720622865,14,26
normal_580,0,14,9.15871101975382,0,0,0,1,26.6037720622865,14,26
normal_580,0,16,7.83044766969754,0,0,0,1,26.6037720622865,14,26
normal_580,0,18,5.241217490802373,0,0,0,1,26.6037720622865,14,26
normal_583,0,0,6.406470342041953,0,0,0,1,26.6037720622865,14,26
normal_583,0,2,7.784966750722127,0,0,0,1,26.6037720622865,14,26
normal_583,0,4,11.340156607755866,0,0,0,1,26.6037720622865,14,26
normal_583,0,6,11.247571868504243,0,0,0,1,26.6037720622865,14,26
normal_583,0,8,8.090047072725815,0,0,0,1,26.6037720622865,14,26
normal_583,0,10,9.266097910897427,0,0,0,1,26.6037720622865,14,26
normal_583,0,12,12.235994757829934,0,0,0,1,26.6037720622865,14,26
normal_583,0,14,11.325632399013775,0,0,0,1,26.6037720622865,14,26
normal_583,0,16,10.447507609046802,0,0,0,1,26.6037720622865,14,26
normal_583,0,18,9.06001995638653,0,0,0,1,26.6037720622865,14,26
normal_583,0,20,7.738404580662905,0,0,0,1,26.6037720622865,14,26
normal_583,0,22,12.828914444064221,0,0,0,1,26.6037720622865,14,26
normal_583,0,24,17.594090610717277,0,0,0,1,26.6037720622865,14,26
normal_583,0,26,15.326768672219178,0,0,0,1,26.6037720622865,14,26
normal_583,0,28,14.434487868951901,0,0,0,1,26.6037720622865,14,26
normal_583,0,30,18.906718002520094,0,0,0,1,26.6037720622865,14,26
normal_583,0,32,13.466381944900837,0,0,0,1,26.6037720622865,14,26
normal_583,0,34,13.280019041468918,0,0,0,1,26.6037720622865,14,26
normal_583,0,36,15.38617298985467,0,0,0,1,26.6037720622865,14,26
normal_583,0,38,11.134062631876976,0,0,0,1,26.6037720622865,14,26
normal_583,0,40,12.601480962574517,0,0,0,1,26.6037720622865,14,26
normal_583,0,42,15.649884725890638,0,0,0,1,26.6037720622865,14,26
normal_583,0,44,13.69018103358002,0,0,0,1,26.6037720622865,14,26
normal_596,0,0,12.145293085474608,0,0,0,1,26.6037720622865,14,26
normal_596,0,2,11.367108968157114,0,0,0,1,26.6037720622865,14,26
normal_596,0,4,10.180373026980268,0,0,0,1,26.6037720622865,14,26
normal_596,0,6,8.75707939752636,0,0,0,1,26.6037720622865,14,26
normal_596,0,8,9.679026170058693,0,0,0,1,26.6037720622865,14,26
normal_596,0,10,10.518477921636704,0,0,0,1,26.6037720622865,14,26
normal_596,0,12,9.060812932973496,0,0,0,1,26.6037720622865,14,26
normal_596,0,14,11.267114536707727,0,0,0,1,26.6037720622865,14,26
normal_596,0,16,11.887864510176959,0,0,0,1,26.6037720622865,14,26
anomaly_12,1,0,577.6699367876627,1,1,0,1,26.6037720622865,14,26
anomaly_12,1,2,165.66939217358927,1,2,0,1,26.6037720622865,14,26
anomaly_12,1,4,188.6462221329666,1,3,0,1,26.6037720622865,14,26
anomaly_12,1,6,175.80979107160536,1,4,0,1,26.6037720622865,14,26
anomaly_12,1,8,270.9977029666658,1,5,0,1,26.6037720622865,14,26
anomaly_12,1,10,157.37364413649044,1,6,0,1,26.6037720622865,14,26
anomaly_12,1,12,113.08883592495846,1,7,0,1,26.6037720622865,14,26
anomaly_12,1,14,224.6632734719566,1,8,0,1,26.6037720622865,14,26
anomaly_12,1,16,339.0933300115771,1,9,0,1,26.6037720622865,14,26
anomaly_12,1,18,311.1767699328303,1,10,0,1,26.6037720622865,14,26
anomaly_12,1,20,258.25053706783865,1,11,0,1,26.6037720622865,14,26
anomaly_12,1,22,265.37521811512056,1,12,0,1,26.6037720622865,14,26
anomaly_12,1,24,290.80451741760083,1,13,0,1,26.6037720622865,14,26
anomaly_12,1,26,276.77442303688593,1,14,1,1,26.6037720622865,14,26
anomaly_12,1,28,217.41505501576333,1,15,1,1,26.6037720622865,14,26
anomaly_12,1,30,303.76689460251924,1,16,1,1,26.6037720622865,14,26
anomaly_12,1,32,383.99374142899995,1,17,1,1,26.6037720622865,14,26
anomaly_12,1,34,302.89822993503856,1,18,1,1,26.6037720622865,14,26
anomaly_12,1,36,196.67553605372962,1,19,1,1,26.6037720622865,14,26
anomaly_12,1,38,184.2190721404834,1,20,1,1,26.6037720622865,14,26
anomaly_12,1,40,685.7813811745424,1,21,1,1,26.6037720622865,14,26
anomaly_12,1,42,997.5380406991686,1,22,1,1,26.6037720622865,14,26
anomaly_12,1,44,1213.8892186167457,1,23,1,1,26.6037720622865,14,26
anomaly_14,1,0,3095.197262058646,1,1,0,1,26.6037720622865,14,26
anomaly_14,1,2,2451.1163765836836,1,2,0,1,26.6037720622865,14,26
anomaly_14,1,4,1839.7204059744124,1,3,0,1,26.6037720622865,14,26
anomaly_14,1,6,1331.3179750910163,1,4,0,1,26.6037720622865,14,26
anomaly_14,1,8,1615.0753214520996,1,5,0,1,26.6037720622865,14,26
anomaly_14,1,10,1479.8199837292398,1,6,0,1,26.6037720622865,14,26
anomaly_14,1,12,1228.8054004832272,1,7,0,1,26.6037720622865,14,26
anomaly_14,1,14,1033.928220224435,1,8,0,1,26.6037720622865,14,26
anomaly_14,1,16,966.8858755708704,1,9,0,1,26.6037720622865,14,26
anomaly_14,1,18,744.1261318108614,1,10,0,1,26.6037720622865,14,26
anomaly_14,1,20,1060.7378519763242,1,11,0,1,26.6037720622865,14,26
anomaly_14,1,22,834.7867792922048,1,12,0,1,26.6037720622865,14,26
normal_5,0,0,7.751012806307503,0,0,0,2,34.62975335678036,10,17
normal_5,0,2,10.450909960428358,0,0,0,2,34.62975335678036,10,17
normal_5,0,4,8.209891421339483,0,0,0,2,34.62975335678036,10,17
normal_5,0,6,7.292976024303372,0,0,0,2,34.62975335678036,10,17
normal_5,0,8,6.44592061091584,0,0,0,2,34.62975335678036,10,17
normal_5,0,10,7.156508720564172,0,0,0,2,34.62975335678036,10,17
normal_5,0,12,7.420332247571741,0,0,0,2,34.62975335678036,10,17
normal_5,0,14,9.331108428407973,0,0,0,2,34.62975335678036,10,17
normal_5,0,16,8.168412829955153,0,0,0,2,34.62975335678036,10,17
normal_5,0,18,6.3125510094735615,0,0,0,2,34.62975335678036,10,17
normal_5,0,20,4.373379036638855,0,0,0,2,34.62975335678036,10,17
normal_5,0,22,3.005838207282546,0,0,0,2,34.62975335678036,10,17
normal_5,0,24,5.925360517952086,0,0,0,2,34.62975335678036,10,17
normal_5,0,26,7.485680005803102,0,0,0,2,34.62975335678036,10,17
normal_5,0,28,5.109154184770635,0,0,0,2,34.62975335678036,10,17
normal_5,0,30,4.596728737153952,0,0,0,2,34.62975335678036,10,17
normal_5,0,32,6.352312634800397,0,0,0,2,34.62975335678036,10,17
normal_5,0,34,13.656368097870732,0,0,0,2,34.62975335678036,10,17
normal_5,0,36,7.880530785551542,0,0,0,2,34.62975335678036,10,17
normal_5,0,38,8.843232461493624,0,0,0,2,34.62975335678036,10,17
normal_5,0,40,4.850220785531107,0,0,0,2,34.62975335678036,10,17
normal_5,0,42,10.467320459363744,0,0,0,2,34.62975335678036,10,17
normal_5,0,44,9.351894346775962,0,0,0,2,34.62975335678036,10,17
normal_6,0,0,17.743515578324246,0,0,0,2,34.62975335678036,10,17
normal_6,0,2,11.780522075149618,0,0,0,2,34.62975335678036,10,17
normal_6,0,4,15.620263352537009,0,0,0,2,34.62975335678036,10,17
normal_6,0,6,15.276719443955416,0,0,0,2,34.62975335678036,10,17
normal_6,0,8,9.249244264734978,0,0,0,2,34.62975335678036,10,17
normal_6,0,10,30.10966740003725,0,0,0,2,34.62975335678036,10,17
normal_6,0,12,22.524470683434867,0,0,0,2,34.62975335678036,10,17
normal_6,0,14,24.813607578050902,0,0,0,2,34.62975335678036,10,17
normal_6,0,16,12.885208770452962,0,0,0,2,34.62975335678036,10,17
normal_6,0,18,10.77932975151429,0,0,0,2,34.62975335678036,10,17
normal_6,0,20,11.045095985895616,0,0,0,2,34.62975335678036,10,17
normal_6,0,22,13.786153907004506,0,0,0,2,34.62975335678036,10,17
normal_6,0,24,13.841323241674067,0,0,0,2,34.62975335678036,10,17
normal_6,0,26,15.230253001129523,0,0,0,2,34.62975335678036,10,17
normal_6,0,28,15.695730620456386,0,0,0,2,34.62975335678036,10,17
normal_6,0,30,14.80667506792243,0,0,0,2,34.62975335678036,10,17
normal_6,0,32,15.021854513004762,0,0,0,2,34.62975335678036,10,17
normal_6,0,34,10.616108973840435,0,0,0,2,34.62975335678036,10,17
normal_6,0,36,11.317449929580356,0,0,0,2,34.62975335678036,10,17
normal_6,0,38,14.027922229749114,0,0,0,2,34.62975335678036,10,17
normal_6,0,40,12.638052871159395,0,0,0,2,34.62975335678036,10,17
normal_6,0,42,12.494348376218412,0,0,0,2,34.62975335678036,10,17
normal_6,0,44,12.788208998392324,0,0,0,2,34.62975335678036,10,17
normal_9,0,0,11.192834076482244,0,0,0,2,34.62975335678036,10,17
normal_9,0,2,10.984319040284511,0,0,0,2,34.62975335678036,10,17
normal_9,0,4,9.342155978226828,0,0,0,2,34.62975335678036,10,17
normal_9,0,6,9.672756399875718,0,0,0,2,34.62975335678036,10,17
normal_9,0,8,11.007080604655918,0,0,0,2,34.62975335678036,10,17
normal_9,0,10,10.147725355871975,0,0,0,2,34.62975335678036,10,17
normal_9,0,12,10.77203232525305,0,0,0,2,34.62975335678036,10,17
normal_9,0,14,11.891764391722685,0,0,0,2,34.62975335678036,10,17
normal_9,0,16,12.157891351916765,0,0,0,2,34.62975335678036,10,17
normal_9,0,18,14.080185362357133,0,0,0,2,34.62975335678036,10,17
normal_9,0,20,11.70583424249601,0,0,0,2,34.62975335678036,10,17
normal_11,0,0,11.842467298662756,0,0,0,2,34.62975335678036,10,17
normal_11,0,2,9.851054451373905,0,0,0,2,34.62975335678036,10,17
normal_11,0,4,9.856909874894114,0,0,0,2,34.62975335678036,10,17
normal_11,0,6,11.313729783192274,0,0,0,2,34.62975335678036,10,17
normal_11,0,8,13.158355739303063,0,0,0,2,34.62975335678036,10,17
normal_11,0,10,11.947964366956635,0,0,0,2,34.62975335678036,10,17
normal_11,0,12,12.493182894472824,0,0,0,2,34.62975335678036,10,17
normal_11,0,14,12.323396531885507,0,0,0,2,34.62975335678036,10,17
normal_11,0,16,11.871058373331822,0,0,0,2,34.62975335678036,10,17
normal_11,0,18,9.29988709047446,0,0,0,2,34.62975335678036,10,17
normal_11,0,20,7.619050996449142,0,0,0,2,34.62975335678036,10,17
normal_11,0,22,12.277321386605827,0,0,0,2,34.62975335678036,10,17
normal_11,0,24,11.84247948744711,0,0,0,2,34.62975335678036,10,17
normal_11,0,26,10.023033012662117,0,0,0,2,34.62975335678036,10,17
normal_11,0,28,8.942903363791586,0,0,0,2,34.62975335678036,10,17
normal_11,0,30,10.918547540076721,0,0,0,2,34.62975335678036,10,17
normal_11,0,32,10.614188707321649,0,0,0,2,34.62975335678036,10,17
normal_11,0,34,10.407224564723645,0,0,0,2,34.62975335678036,10,17
normal_11,0,36,11.46688838003833,0,0,0,2,34.62975335678036,10,17
normal_11,0,38,15.768131626286428,0,0,0,2,34.62975335678036,10,17
normal_11,0,40,16.321171567952977,0,0,0,2,34.62975335678036,10,17
normal_11,0,42,16.456499276509916,0,0,0,2,34.62975335678036,10,17
normal_11,0,44,14.826136708367148,0,0,0,2,34.62975335678036,10,17
normal_13,0,0,27.46903747125892,0,0,0,2,34.62975335678036,10,17
normal_13,0,2,22.205035519924987,0,0,0,2,34.62975335678036,10,17
normal_13,0,4,19.027098103187157,0,0,0,2,34.62975335678036,10,17
normal_13,0,6,14.238373538902547,0,0,0,2,34.62975335678036,10,17
normal_13,0,8,15.467424312977988,0,0,0,2,34.62975335678036,10,17
normal_13,0,10,9.030849021546864,0,0,0,2,34.62975335678036,10,17
normal_13,0,12,11.167654474112316,0,0,0,2,34.62975335678036,10,17
normal_13,0,14,16.19435002338252,0,0,0,2,34.62975335678036,10,17
normal_13,0,16,20.701992879627962,0,0,0,2,34.62975335678036,10,17
normal_13,0,18,18.71843465477391,0,0,0,2,34.62975335678036,10,17
normal_13,0,20,14.842744665852404,0,0,0,2,34.62975335678036,10,17
normal_13,0,22,13.729774541100415,0,0,0,2,34.62975335678036,10,17
normal_13,0,24,13.7004571800894,0,0,0,2,34.62975335678036,10,17
normal_13,0,26,16.404338223013113,0,0,0,2,34.62975335678036,10,17
normal_13,0,28,10.72713121222423,0,0,0,2,34.62975335678036,10,17
normal_13,0,30,9.513889754066517,0,0,0,2,34.62975335678036,10,17
normal_13,0,32,8.160461454003451,0,0,0,2,34.62975335678036,10,17
normal_13,0,34,11.35678962210951,0,0,0,2,34.62975335678036,10,17
normal_20,0,0,10.06181355827499,0,0,0,2,34.62975335678036,10,17
normal_20,0,2,11.480177704293876,0,0,0,2,34.62975335678036,10,17
normal_20,0,4,11.004990196865275,0,0,0,2,34.62975335678036,10,17
normal_20,0,6,10.467579276241127,0,0,0,2,34.62975335678036,10,17
normal_20,0,8,14.308177924984038,0,0,0,2,34.62975335678036,10,17
normal_20,0,10,13.233461905083042,0,0,0,2,34.62975335678036,10,17
normal_20,0,12,15.082536913418604,0,0,0,2,34.62975335678036,10,17
normal_20,0,14,14.20583291321729,0,0,0,2,34.62975335678036,10,17
normal_20,0,16,23.192093013578294,0,0,0,2,34.62975335678036,10,17
normal_20,0,18,28.89740272795206,0,0,0,2,34.62975335678036,10,17
normal_21,0,0,9.480297741350107,0,0,0,2,34.62975335678036,10,17
normal_21,0,2,6.2367495238441295,0,0,0,2,34.62975335678036,10,17
normal_21,0,4,12.12135049272772,0,0,0,2,34.62975335678036,10,17
normal_21,0,6,17.65416672068918,0,0,0,2,34.62975335678036,10,17
normal_21,0,8,12.973547900382982,0,0,0,2,34.62975335678036,10,17
normal_21,0,10,14.488406290206672,0,0,0,2,34.62975335678036,10,17
normal_21,0,12,21.9330576475213,0,0,0,2,34.62975335678036,10,17
normal_21,0,14,8.576911148551366,0,0,0,2,34.62975335678036,10,17
normal_21,0,16,16.815450285943154,0,0,0,2,34.62975335678036,10,17
normal_26,0,0,7.95781862577437,0,0,0,2,34.62975335678036,10,17
normal_26,0,2,6.551343587426901,0,0,0,2,34.62975335678036,10,17
normal_26,0,4,7.8576127478576865,0,0,0,2,34.62975335678036,10,17
normal_26,0,6,9.987876802027383,0,0,0,2,34.62975335678036,10,17
normal_26,0,8,9.330443025434228,0,0,0,2,34.62975335678036,10,17
normal_26,0,10,9.257007985214324,0,0,0,2,34.62975335678036,10,17
normal_26,0,12,6.5877259852347985,0,0,0,2,34.62975335678036,10,17
normal_26,0,14,10.553396995441334,0,0,0,2,34.62975335678036,10,17
normal_26,0,16,9.037095766979327,0,0,0,2,34.62975335678036,10,17
normal_26,0,18,7.250638791949851,0,0,0,2,34.62975335678036,10,17
normal_26,0,20,10.161939641688736,0,0,0,2,34.62975335678036,10,17
normal_29,0,0,5.0585034540627625,0,0,0,2,34.62975335678036,10,17
normal_29,0,2,7.88137553485327,0,0,0,2,34.62975335678036,10,17
normal_29,0,4,8.539623414262117,0,0,0,2,34.62975335678036,10,17
normal_29,0,6,5.152746971313839,0,0,0,2,34.62975335678036,10,17
normal_29,0,8,5.832080873130445,0,0,0,2,34.62975335678036,10,17
normal_29,0,10,6.399510476714454,0,0,0,2,34.62975335678036,10,17
normal_29,0,12,7.826700412772526,0,0,0,2,34.62975335678036,10,17
normal_29,0,14,6.94608128528773,0,0,0,2,34.62975335678036,10,17
normal_29,0,16,8.221592996181222,0,0,0,2,34.62975335678036,10,17
normal_29,0,18,7.632515787164604,0,0,0,2,34.62975335678036,10,17
normal_29,0,20,8.919050402679265,0,0,0,2,34.62975335678036,10,17
normal_29,0,22,6.45909563263839,0,0,0,2,34.62975335678036,10,17
normal_29,0,24,5.728234734780672,0,0,0,2,34.62975335678036,10,17
normal_29,0,26,7.637139290304798,0,0,0,2,34.62975335678036,10,17
normal_29,0,28,7.635622875099749,0,0,0,2,34.62975335678036,10,17
normal_29,0,30,9.478486847355336,0,0,0,2,34.62975335678036,10,17
normal_29,0,32,9.418886232961311,0,0,0,2,34.62975335678036,10,17
normal_29,0,34,12.00168762214086,0,0,0,2,34.62975335678036,10,17
normal_29,0,36,12.956096224749412,0,0,0,2,34.62975335678036,10,17
normal_29,0,38,8.203158995752315,0,0,0,2,34.62975335678036,10,17
normal_29,0,40,10.845237414218204,0,0,0,2,34.62975335678036,10,17
normal_29,0,42,8.854511626521871,0,0,0,2,34.62975335678036,10,17
normal_29,0,44,9.652280782236028,0,0,0,2,34.62975335678036,10,17
normal_42,0,0,13.471765227439212,0,0,0,2,34.62975335678036,10,17
normal_42,0,2,14.039534343352907,0,0,0,2,34.62975335678036,10,17
normal_42,0,4,17.785221432938542,0,0,0,2,34.62975335678036,10,17
normal_42,0,6,10.489276583756261,0,0,0,2,34.62975335678036,10,17
normal_42,0,8,13.478781431909507,0,0,0,2,34.62975335678036,10,17
normal_42,0,10,9.888526325943534,0,0,0,2,34.62975335678036,10,17
normal_42,0,12,8.752035532757649,0,0,0,2,34.62975335678036,10,17
normal_42,0,14,4.033207495590872,0,0,0,2,34.62975335678036,10,17
normal_42,0,16,5.908897333436208,0,0,0,2,34.62975335678036,10,17
normal_42,0,18,6.314611408647,0,0,0,2,34.62975335678036,10,17
normal_42,0,20,4.5859046445784335,0,0,0,2,34.62975335678036,10,17
normal_42,0,22,7.844521041497001,0,0,0,2,34.62975335678036,10,17
normal_42,0,24,10.26118425402445,0,0,0,2,34.62975335678036,10,17
normal_42,0,26,13.600885429509539,0,0,0,2,34.62975335678036,10,17
normal_42,0,28,12.876280741334336,0,0,0,2,34.62975335678036,10,17
normal_42,0,30,8.843655895555493,0,0,0,2,34.62975335678036,10,17
normal_42,0,32,12.668108444875202,0,0,0,2,34.62975335678036,10,17
normal_42,0,34,11.923446354252949,0,0,0,2,34.62975335678036,10,17
normal_42,0,36,16.04496515218769,0,0,0,2,34.62975335678036,10,17
normal_42,0,38,10.346013998255366,0,0,0,2,34.62975335678036,10,17
normal_42,0,40,6.354915794286135,0,0,0,2,34.62975335678036,10,17
normal_42,0,42,9.353430096871575,0,0,0,2,34.62975335678036,10,17
normal_42,0,44,7.418724242262234,0,0,0,2,34.62975335678036,10,17
normal_43,0,0,16.717465634714042,0,0,0,2,34.62975335678036,10,17
normal_43,0,2,23.948788206498147,0,0,0,2,34.62975335678036,10,17
normal_43,0,4,13.781467901015057,0,0,0,2,34.62975335678036,10,17
normal_43,0,6,18.20143211871851,0,0,0,2,34.62975335678036,10,17
normal_43,0,8,13.765006171592777,0,0,0,2,34.62975335678036,10,17
normal_43,0,10,11.19992735979298,0,0,0,2,34.62975335678036,10,17
normal_43,0,12,10.167172988146254,0,0,0,2,34.62975335678036,10,17
normal_43,0,14,7.802517570837967,0,0,0,2,34.62975335678036,10,17
normal_43,0,16,4.9005790045402895,0,0,0,2,34.62975335678036,10,17
normal_43,0,18,8.067031292990869,0,0,0,2,34.62975335678036,10,17
normal_43,0,20,7.823825259396352,0,0,0,2,34.62975335678036,10,17
normal_43,0,22,14.104669174672287,0,0,0,2,34.62975335678036,10,17
normal_43,0,24,12.874761506548106,0,0,0,2,34.62975335678036,10,17
normal_43,0,26,13.390889959775903,0,0,0,2,34.62975335678036,10,17
normal_43,0,28,5.921473304457916,0,0,0,2,34.62975335678036,10,17
normal_43,0,30,8.315868598403377,0,0,0,2,34.62975335678036,10,17
normal_43,0,32,8.299434186519894,0,0,0,2,34.62975335678036,10,17
normal_43,0,34,7.2729256025877795,0,0,0,2,34.62975335678036,10,17
normal_43,0,36,7.719787922009034,0,0,0,2,34.62975335678036,10,17
normal_43,0,38,7.734012181154778,0,0,0,2,34.62975335678036,10,17
normal_43,0,40,6.788526111419487,0,0,0,2,34.62975335678036,10,17
normal_43,0,42,5.572542740068585,0,0,0,2,34.62975335678036,10,17
normal_43,0,44,7.771704510866191,0,0,0,2,34.62975335678036,10,17
normal_44,0,0,14.203786235200665,0,0,0,2,34.62975335678036,10,17
normal_44,0,2,14.253441026527081,0,0,0,2,34.62975335678036,10,17
normal_44,0,4,12.357817203478202,0,0,0,2,34.62975335678036,10,17
normal_44,0,6,12.476097232115288,0,0,0,2,34.62975335678036,10,17
normal_44,0,8,13.445078893556374,0,0,0,2,34.62975335678036,10,17
normal_44,0,10,12.60652097923488,0,0,0,2,34.62975335678036,10,17
normal_44,0,12,12.141980542448868,0,0,0,2,34.62975335678036,10,17
normal_44,0,14,11.42569431825329,0,0,0,2,34.62975335678036,10,17
normal_44,0,16,11.973437965081313,0,0,0,2,34.62975335678036,10,17
normal_44,0,18,17.461455860832817,0,0,0,2,34.62975335678036,10,17
normal_44,0,20,15.349823160684926,0,0,0,2,34.62975335678036,10,17
normal_44,0,22,14.949928521596455,0,0,0,2,34.62975335678036,10,17
normal_44,0,24,16.327907534828825,0,0,0,2,34.62975335678036,10,17
normal_44,0,26,15.979683264705109,0,0,0,2,34.62975335678036,10,17
normal_44,0,28,18.262271921083176,0,0,0,2,34.62975335678036,10,17
normal_44,0,30,18.505379347041597,0,0,0,2,34.62975335678036,10,17
normal_44,0,32,15.67770854277541,0,0,0,2,34.62975335678036,10,17
normal_44,0,34,17.14943913854571,0,0,0,2,34.62975335678036,10,17
normal_44,0,36,15.060263200836696,0,0,0,2,34.62975335678036,10,17
normal_44,0,38,18.352734480842305,0,0,0,2,34.62975335678036,10,17
normal_53,0,0,30.189969868776597,0,0,0,2,34.62975335678036,10,17
normal_53,0,2,24.03987347941211,0,0,0,2,34.62975335678036,10,17
normal_53,0,4,30.53891956948386,0,0,0,2,34.62975335678036,10,17
normal_53,0,6,46.40295943323677,1,1,0,2,34.62975335678036,10,17
normal_53,0,8,37.35963143836846,1,2,0,2,34.62975335678036,10,17
normal_53,0,10,25.065655132966956,0,0,0,2,34.62975335678036,10,17
normal_53,0,12,21.90270434859755,0,0,0,2,34.62975335678036,10,17
normal_53,0,14,41.511258675727774,1,1,0,2,34.62975335678036,10,17
normal_53,0,16,47.71061210501106,1,2,0,2,34.62975335678036,10,17
normal_53,0,18,30.81913930259173,0,0,0,2,34.62975335678036,10,17
normal_53,0,20,86.5346370506358,1,1,0,2,34.62975335678036,10,17
normal_53,0,22,77.35943607667225,1,2,0,2,34.62975335678036,10,17
normal_53,0,24,41.64181246513781,1,3,0,2,34.62975335678036,10,17
normal_53,0,26,77.4686570884731,1,4,0,2,34.62975335678036,10,17
normal_53,0,28,48.01422389032059,1,5,0,2,34.62975335678036,10,17
normal_53,0,30,35.13763074446911,1,6,0,2,34.62975335678036,10,17
normal_53,0,32,12.68303083749462,0,0,0,2,34.62975335678036,10,17
normal_53,0,34,13.276930414535927,0,0,0,2,34.62975335678036,10,17
normal_53,0,36,26.021508214038043,0,0,0,2,34.62975335678036,10,17
normal_53,0,38,13.226732972618864,0,0,0,2,34.62975335678036,10,17
normal_53,0,40,27.254373358066115,0,0,0,2,34.62975335678036,10,17
normal_53,0,42,23.023836522393744,0,0,0,2,34.62975335678036,10,17
normal_53,0,44,24.458193181638894,0,0,0,2,34.62975335678036,10,17
normal_57,0,0,10.697951262164414,0,0,0,2,34.62975335678036,10,17
normal_57,0,2,10.4728690064122,0,0,0,2,34.62975335678036,10,17
normal_57,0,4,12.377125133981949,0,0,0,2,34.62975335678036,10,17
normal_57,0,6,8.978040833916367,0,0,0,2,34.62975335678036,10,17
normal_57,0,8,7.231558986918711,0,0,0,2,34.62975335678036,10,17
normal_57,0,10,13.45575101368329,0,0,0,2,34.62975335678036,10,17
normal_57,0,12,11.618690900518354,0,0,0,2,34.62975335678036,10,17
normal_57,0,14,11.647095403168363,0,0,0,2,34.62975335678036,10,17
normal_57,0,16,8.279738096875825,0,0,0,2,34.62975335678036,10,17
normal_57,0,18,8.109234684326376,0,0,0,2,34.62975335678036,10,17
normal_57,0,20,14.97987689695567,0,0,0,2,34.62975335678036,10,17
normal_57,0,22,15.788434622587266,0,0,0,2,34.62975335678036,10,17
normal_57,0,24,11.471798308585868,0,0,0,2,34.62975335678036,10,17
normal_57,0,26,9.502812842365415,0,0,0,2,34.62975335678036,10,17
normal_57,0,28,11.998937334975418,0,0,0,2,34.62975335678036,10,17
normal_57,0,30,14.511738808776515,0,0,0,2,34.62975335678036,10,17
normal_57,0,32,11.53288355977717,0,0,0,2,34.62975335678036,10,17
normal_57,0,34,4.375983694095098,0,0,0,2,34.62975335678036,10,17
normal_57,0,36,5.714013053238365,0,0,0,2,34.62975335678036,10,17
normal_57,0,38,6.354403031257691,0,0,0,2,34.62975335678036,10,17
normal_57,0,40,8.124662775829734,0,0,0,2,34.62975335678036,10,17
normal_57,0,42,6.189274154750793,0,0,0,2,34.62975335678036,10,17
normal_57,0,44,14.411092388170113,0,0,0,2,34.62975335678036,10,17
normal_75,0,0,16.30481161157021,0,0,0,2,34.62975335678036,10,17
normal_75,0,2,14.782070109577946,0,0,0,2,34.62975335678036,10,17
normal_75,0,4,16.172790376650756,0,0,0,2,34.62975335678036,10,17
normal_75,0,6,16.070494845709252,0,0,0,2,34.62975335678036,10,17
normal_75,0,8,14.192816867972244,0,0,0,2,34.62975335678036,10,17
normal_75,0,10,13.282382399569007,0,0,0,2,34.62975335678036,10,17
normal_75,0,12,15.073495103777788,0,0,0,2,34.62975335678036,10,17
normal_75,0,14,13.320878339911875,0,0,0,2,34.62975335678036,10,17
normal_75,0,16,13.115889026543027,0,0,0,2,34.62975335678036,10,17
normal_75,0,18,15.753986181958338,0,0,0,2,34.62975335678036,10,17
normal_75,0,20,15.703903612877607,0,0,0,2,34.62975335678036,10,17
normal_75,0,22,14.93218456347869,0,0,0,2,34.62975335678036,10,17
normal_75,0,24,18.888552167182688,0,0,0,2,34.62975335678036,10,17
normal_75,0,26,17.929554836656084,0,0,0,2,34.62975335678036,10,17
normal_75,0,28,15.684598673179933,0,0,0,2,34.62975335678036,10,17
normal_75,0,30,15.00090779042888,0,0,0,2,34.62975335678036,10,17
normal_75,0,32,13.189256110414298,0,0,0,2,34.62975335678036,10,17
normal_75,0,34,11.922142195133725,0,0,0,2,34.62975335678036,10,17
normal_75,0,36,12.327918392092538,0,0,0,2,34.62975335678036,10,17
normal_75,0,38,15.211017589295773,0,0,0,2,34.62975335678036,10,17
normal_75,0,40,16.9475234920373,0,0,0,2,34.62975335678036,10,17
normal_75,0,42,16.082802831954815,0,0,0,2,34.62975335678036,10,17
normal_75,0,44,14.823427471898952,0,0,0,2,34.62975335678036,10,17
normal_90,0,0,16.3102295677491,0,0,0,2,34.62975335678036,10,17
normal_90,0,2,16.7653826574488,0,0,0,2,34.62975335678036,10,17
normal_90,0,4,19.921246345380524,0,0,0,2,34.62975335678036,10,17
normal_90,0,6,15.384208368994612,0,0,0,2,34.62975335678036,10,17
normal_90,0,8,18.83949269659337,0,0,0,2,34.62975335678036,10,17
normal_90,0,10,21.03144220583066,0,0,0,2,34.62975335678036,10,17
normal_90,0,12,17.75162832721363,0,0,0,2,34.62975335678036,10,17
normal_90,0,14,16.731063692481985,0,0,0,2,34.62975335678036,10,17
normal_90,0,16,14.984764820166575,0,0,0,2,34.62975335678036,10,17
normal_90,0,18,15.730639591071633,0,0,0,2,34.62975335678036,10,17
normal_90,0,20,13.011803679905565,0,0,0,2,34.62975335678036,10,17
normal_90,0,22,12.707297640649587,0,0,0,2,34.62975335678036,10,17
normal_90,0,24,12.751817895120594,0,0,0,2,34.62975335678036,10,17
normal_90,0,26,13.657041946201682,0,0,0,2,34.62975335678036,10,17
normal_90,0,28,13.828920705742469,0,0,0,2,34.62975335678036,10,17
normal_90,0,30,13.490724262279409,0,0,0,2,34.62975335678036,10,17
normal_90,0,32,20.41027889399468,0,0,0,2,34.62975335678036,10,17
normal_90,0,34,22.640929091148458,0,0,0,2,34.62975335678036,10,17
normal_90,0,36,19.582797675530397,0,0,0,2,34.62975335678036,10,17
normal_90,0,38,21.827866525239145,0,0,0,2,34.62975335678036,10,17
normal_90,0,40,20.17467137387386,0,0,0,2,34.62975335678036,10,17
normal_90,0,42,18.07231146999802,0,0,0,2,34.62975335678036,10,17
normal_90,0,44,14.437123568000004,0,0,0,2,34.62975335678036,10,17
normal_101,0,0,14.080370333432201,0,0,0,2,34.62975335678036,10,17
normal_101,0,2,18.2351591525761,0,0,0,2,34.62975335678036,10,17
normal_101,0,4,15.601512918402129,0,0,0,2,34.62975335678036,10,17
normal_101,0,6,15.5353753440954,0,0,0,2,34.62975335678036,10,17
normal_101,0,8,13.123574905066851,0,0,0,2,34.62975335678036,10,17
normal_101,0,10,19.190644672286922,0,0,0,2,34.62975335678036,10,17
normal_101,0,12,20.44973684398077,0,0,0,2,34.62975335678036,10,17
normal_101,0,14,12.37144005586563,0,0,0,2,34.62975335678036,10,17
normal_101,0,16,8.554536609263424,0,0,0,2,34.62975335678036,10,17
normal_101,0,18,20.8507319547544,0,0,0,2,34.62975335678036,10,17
normal_101,0,20,21.07708086995519,0,0,0,2,34.62975335678036,10,17
normal_101,0,22,25.081150925428787,0,0,0,2,34.62975335678036,10,17
normal_101,0,24,19.46491327809474,0,0,0,2,34.62975335678036,10,17
normal_101,0,26,22.110865387515588,0,0,0,2,34.62975335678036,10,17
normal_101,0,28,23.113585390823058,0,0,0,2,34.62975335678036,10,17
normal_101,0,30,22.29561716579742,0,0,0,2,34.62975335678036,10,17
normal_101,0,32,15.08969977738308,0,0,0,2,34.62975335678036,10,17
normal_101,0,34,8.435706820621718,0,0,0,2,34.62975335678036,10,17
normal_101,0,36,8.561992862308886,0,0,0,2,34.62975335678036,10,17
normal_101,0,38,8.494052676643385,0,0,0,2,34.62975335678036,10,17
normal_101,0,40,7.950697818176485,0,0,0,2,34.62975335678036,10,17
normal_101,0,42,9.097164160642485,0,0,0,2,34.62975335678036,10,17
normal_101,0,44,10.068992828391282,0,0,0,2,34.62975335678036,10,17
normal_108,0,0,23.561330559331413,0,0,0,2,34.62975335678036,10,17
normal_108,0,2,21.741452822635573,0,0,0,2,34.62975335678036,10,17
normal_108,0,4,17.413285955949583,0,0,0,2,34.62975335678036,10,17
normal_108,0,6,14.012293863373396,0,0,0,2,34.62975335678036,10,17
normal_108,0,8,11.165863570267282,0,0,0,2,34.62975335678036,10,17
normal_108,0,10,13.151058223574276,0,0,0,2,34.62975335678036,10,17
normal_108,0,12,13.970110854550983,0,0,0,2,34.62975335678036,10,17
normal_108,0,14,19.102032358482337,0,0,0,2,34.62975335678036,10,17
normal_108,0,16,20.380826504271294,0,0,0,2,34.62975335678036,10,17
normal_108,0,18,14.697503154200016,0,0,0,2,34.62975335678036,10,17
normal_108,0,20,6.545823087832581,0,0,0,2,34.62975335678036,10,17
normal_108,0,22,9.54878887986415,0,0,0,2,34.62975335678036,10,17
normal_108,0,24,8.586018940259162,0,0,0,2,34.62975335678036,10,17
normal_108,0,26,7.077517992212513,0,0,0,2,34.62975335678036,10,17
normal_108,0,28,11.075405289976587,0,0,0,2,34.62975335678036,10,17
normal_108,0,30,11.723469234020056,0,0,0,2,34.62975335678036,10,17
normal_108,0,32,18.204844612414522,0,0,0,2,34.62975335678036,10,17
normal_108,0,34,13.541287233631211,0,0,0,2,34.62975335678036,10,17
normal_108,0,36,11.814609671110277,0,0,0,2,34.62975335678036,10,17
normal_108,0,38,11.06612819875059,0,0,0,2,34.62975335678036,10,17
normal_108,0,40,11.618862966228177,0,0,0,2,34.62975335678036,10,17
normal_108,0,42,11.589806598748822,0,0,0,2,34.62975335678036,10,17
normal_108,0,44,13.002832632339603,0,0,0,2,34.62975335678036,10,17
normal_114,0,0,13.252158654105552,0,0,0,2,34.62975335678036,10,17
normal_114,0,2,13.75920152278359,0,0,0,2,34.62975335678036,10,17
normal_114,0,4,13.987059444401197,0,0,0,2,34.62975335678036,10,17
normal_114,0,6,14.450769237032377,0,0,0,2,34.62975335678036,10,17
normal_114,0,8,14.46483685716496,0,0,0,2,34.62975335678036,10,17
normal_114,0,10,15.557598699611459,0,0,0,2,34.62975335678036,10,17
normal_114,0,12,13.332387831892207,0,0,0,2,34.62975335678036,10,17
normal_114,0,14,11.926971681583465,0,0,0,2,34.62975335678036,10,17
normal_114,0,16,16.29162966399892,0,0,0,2,34.62975335678036,10,17
normal_114,0,18,16.763271002432248,0,0,0,2,34.62975335678036,10,17
normal_114,0,20,16.993209945220453,0,0,0,2,34.62975335678036,10,17
normal_114,0,22,16.203300117559763,0,0,0,2,34.62975335678036,10,17
normal_114,0,24,16.28748727006661,0,0,0,2,34.62975335678036,10,17
normal_114,0,26,14.283613284675676,0,0,0,2,34.62975335678036,10,17
normal_114,0,28,11.800365433752994,0,0,0,2,34.62975335678036,10,17
normal_114,0,30,12.703195139866478,0,0,0,2,34.62975335678036,10,17
normal_114,0,32,14.992635614516674,0,0,0,2,34.62975335678036,10,17
normal_114,0,34,14.000328112529814,0,0,0,2,34.62975335678036,10,17
normal_114,0,36,12.728963802375867,0,0,0,2,34.62975335678036,10,17
normal_114,0,38,14.567482041456046,0,0,0,2,34.62975335678036,10,17
normal_114,0,40,14.86643153131713,0,0,0,2,34.62975335678036,10,17
normal_114,0,42,13.737910170417184,0,0,0,2,34.62975335678036,10,17
normal_114,0,44,13.833133450465564,0,0,0,2,34.62975335678036,10,17
normal_122,0,0,12.429952753169735,0,0,0,2,34.62975335678036,10,17
normal_122,0,2,11.370136191386608,0,0,0,2,34.62975335678036,10,17
normal_122,0,4,10.167751964721713,0,0,0,2,34.62975335678036,10,17
normal_122,0,6,8.743383474489777,0,0,0,2,34.62975335678036,10,17
normal_122,0,8,8.671988896542599,0,0,0,2,34.62975335678036,10,17
normal_122,0,10,7.2962486870162,0,0,0,2,34.62975335678036,10,17
normal_122,0,12,4.786247767770609,0,0,0,2,34.62975335678036,10,17
normal_122,0,14,6.02031373338513,0,0,0,2,34.62975335678036,10,17
normal_122,0,16,6.25884712219256,0,0,0,2,34.62975335678036,10,17
normal_122,0,18,4.772312510613541,0,0,0,2,34.62975335678036,10,17
normal_122,0,20,9.220125771641598,0,0,0,2,34.62975335678036,10,17
normal_122,0,22,12.77199337478716,0,0,0,2,34.62975335678036,10,17
normal_122,0,24,11.91131292835166,0,0,0,2,34.62975335678036,10,17
normal_122,0,26,12.800171561267405,0,0,0,2,34.62975335678036,10,17
normal_122,0,28,9.953645257317582,0,0,0,2,34.62975335678036,10,17
normal_122,0,30,12.748842966533307,0,0,0,2,34.62975335678036,10,17
normal_122,0,32,12.236014664701583,0,0,0,2,34.62975335678036,10,17
normal_122,0,34,13.794179400274562,0,0,0,2,34.62975335678036,10,17
normal_122,0,36,14.230752878339137,0,0,0,2,34.62975335678036,10,17
normal_126,0,0,13.895800255131673,0,0,0,2,34.62975335678036,10,17
normal_126,0,2,14.813701796797856,0,0,0,2,34.62975335678036,10,17
normal_126,0,4,20.70373600352298,0,0,0,2,34.62975335678036,10,17
normal_126,0,6,15.762432108179343,0,0,0,2,34.62975335678036,10,17
normal_126,0,8,14.779966952171064,0,0,0,2,34.62975335678036,10,17
normal_126,0,10,24.316708519113533,0,0,0,2,34.62975335678036,10,17
normal_126,0,12,21.691600767146344,0,0,0,2,34.62975335678036,10,17
normal_126,0,14,22.481677414754635,0,0,0,2,34.62975335678036,10,17
normal_126,0,16,20.424632819422836,0,0,0,2,34.62975335678036,10,17
normal_126,0,18,19.99090290475033,0,0,0,2,34.62975335678036,10,17
normal_126,0,20,18.244461196540463,0,0,0,2,34.62975335678036,10,17
normal_126,0,22,15.3805695482725,0,0,0,2,34.62975335678036,10,17
normal_126,0,24,17.334334864316325,0,0,0,2,34.62975335678036,10,17
normal_126,0,26,13.847214711886009,0,0,0,2,34.62975335678036,10,17
normal_126,0,28,17.90657970346627,0,0,0,2,34.62975335678036,10,17
normal_126,0,30,18.365800792202645,0,0,0,2,34.62975335678036,10,17
normal_126,0,32,15.446289885110167,0,0,0,2,34.62975335678036,10,17
normal_126,0,34,27.462611589253246,0,0,0,2,34.62975335678036,10,17
normal_126,0,36,23.52089460685986,0,0,0,2,34.62975335678036,10,17
normal_126,0,38,21.28711728305448,0,0,0,2,34.62975335678036,10,17
normal_126,0,40,24.095854880343527,0,0,0,2,34.62975335678036,10,17
normal_126,0,42,24.356328004393227,0,0,0,2,34.62975335678036,10,17
normal_126,0,44,24.558861918678883,0,0,0,2,34.62975335678036,10,17
normal_128,0,0,32.154801883610546,0,0,0,2,34.62975335678036,10,17
normal_128,0,2,26.217608374328655,0,0,0,2,34.62975335678036,10,17
normal_128,0,4,28.559542578727523,0,0,0,2,34.62975335678036,10,17
normal_128,0,6,17.22734243260867,0,0,0,2,34.62975335678036,10,17
normal_128,0,8,15.807975373445455,0,0,0,2,34.62975335678036,10,17
normal_128,0,10,17.661594971328114,0,0,0,2,34.62975335678036,10,17
normal_128,0,12,32.55464020483324,0,0,0,2,34.62975335678036,10,17
normal_128,0,14,31.62647675427078,0,0,0,2,34.62975335678036,10,17
normal_128,0,16,19.822226564158942,0,0,0,2,34.62975335678036,10,17
normal_128,0,18,17.746399385673183,0,0,0,2,34.62975335678036,10,17
normal_128,0,20,20.018088202169444,0,0,0,2,34.62975335678036,10,17
normal_128,0,22,21.37840270436929,0,0,0,2,34.62975335678036,10,17
normal_128,0,24,11.854427545544203,0,0,0,2,34.62975335678036,10,17
normal_128,0,26,11.72185251804564,0,0,0,2,34.62975335678036,10,17
normal_128,0,28,10.64395135240469,0,0,0,2,34.62975335678036,10,17
normal_128,0,30,10.87019662584534,0,0,0,2,34.62975335678036,10,17
normal_128,0,32,8.782458748069528,0,0,0,2,34.62975335678036,10,17
normal_128,0,34,16.71929151015576,0,0,0,2,34.62975335678036,10,17
normal_128,0,36,21.149617269634284,0,0,0,2,34.62975335678036,10,17
normal_128,0,38,17.344992638588952,0,0,0,2,34.62975335678036,10,17
normal_128,0,40,9.581350692187595,0,0,0,2,34.62975335678036,10,17
normal_128,0,42,9.20465060551346,0,0,0,2,34.62975335678036,10,17
normal_146,0,0,16.40877077113297,0,0,0,2,34.62975335678036,10,17
normal_146,0,2,15.784439670054255,0,0,0,2,34.62975335678036,10,17
normal_146,0,4,12.572563309506554,0,0,0,2,34.62975335678036,10,17
normal_146,0,6,14.236783472023191,0,0,0,2,34.62975335678036,10,17
normal_146,0,8,13.815966760221794,0,0,0,2,34.62975335678036,10,17
normal_146,0,10,16.480912596893514,0,0,0,2,34.62975335678036,10,17
normal_146,0,12,15.323536379080492,0,0,0,2,34.62975335678036,10,17
normal_146,0,14,16.36815689242007,0,0,0,2,34.62975335678036,10,17
normal_146,0,16,17.470466502188874,0,0,0,2,34.62975335678036,10,17
normal_146,0,18,13.95524423362704,0,0,0,2,34.62975335678036,10,17
normal_146,0,20,12.913135748807381,0,0,0,2,34.62975335678036,10,17
normal_146,0,22,16.391798863690404,0,0,0,2,34.62975335678036,10,17
normal_146,0,24,19.87900919091861,0,0,0,2,34.62975335678036,10,17
normal_146,0,26,15.410357672906814,0,0,0,2,34.62975335678036,10,17
normal_146,0,28,12.205270727557792,0,0,0,2,34.62975335678036,10,17
normal_146,0,30,9.683006752647614,0,0,0,2,34.62975335678036,10,17
normal_146,0,32,10.874376159953616,0,0,0,2,34.62975335678036,10,17
normal_146,0,34,15.284358563478232,0,0,0,2,34.62975335678036,10,17
normal_146,0,36,16.584810531920148,0,0,0,2,34.62975335678036,10,17
normal_146,0,38,20.835357317882007,0,0,0,2,34.62975335678036,10,17
normal_146,0,40,22.252282964348908,0,0,0,2,34.62975335678036,10,17
normal_146,0,42,22.6485255078451,0,0,0,2,34.62975335678036,10,17
normal_146,0,44,18.408405849075848,0,0,0,2,34.62975335678036,10,17
normal_148,0,0,24.7910870258794,0,0,0,2,34.62975335678036,10,17
normal_148,0,2,28.36564334383652,0,0,0,2,34.62975335678036,10,17
normal_148,0,4,28.767609638125432,0,0,0,2,34.62975335678036,10,17
normal_148,0,6,25.32212826048217,0,0,0,2,34.62975335678036,10,17
normal_148,0,8,28.681753030202835,0,0,0,2,34.62975335678036,10,17
normal_148,0,10,31.348751757329936,0,0,0,2,34.62975335678036,10,17
normal_148,0,12,23.973080375059915,0,0,0,2,34.62975335678036,10,17
normal_148,0,14,20.26354585740646,0,0,0,2,34.62975335678036,10,17
normal_148,0,16,12.517142264429028,0,0,0,2,34.62975335678036,10,17
normal_148,0,18,12.045433714325364,0,0,0,2,34.62975335678036,10,17
normal_148,0,20,10.205180846827155,0,0,0,2,34.62975335678036,10,17
normal_149,0,0,7.064524421638102,0,0,0,2,34.62975335678036,10,17
normal_149,0,2,10.315928794211926,0,0,0,2,34.62975335678036,10,17
normal_149,0,4,10.174310110702583,0,0,0,2,34.62975335678036,10,17
normal_149,0,6,12.053928502546984,0,0,0,2,34.62975335678036,10,17
normal_149,0,8,9.354752551882598,0,0,0,2,34.62975335678036,10,17
normal_149,0,10,6.658717665947127,0,0,0,2,34.62975335678036,10,17
normal_149,0,12,6.383606776810749,0,0,0,2,34.62975335678036,10,17
normal_149,0,14,5.264376238082477,0,0,0,2,34.62975335678036,10,17
normal_149,0,16,9.566435663803768,0,0,0,2,34.62975335678036,10,17
normal_149,0,18,10.603639130356362,0,0,0,2,34.62975335678036,10,17
normal_149,0,20,11.086224974036545,0,0,0,2,34.62975335678036,10,17
normal_159,0,0,13.90110770170395,0,0,0,2,34.62975335678036,10,17
normal_159,0,2,12.61069721029939,0,0,0,2,34.62975335678036,10,17
normal_159,0,4,13.877669811506054,0,0,0,2,34.62975335678036,10,17
normal_159,0,6,14.047273912163888,0,0,0,2,34.62975335678036,10,17
normal_159,0,8,11.924173223836021,0,0,0,2,34.62975335678036,10,17
normal_159,0,10,9.899469614364666,0,0,0,2,34.62975335678036,10,17
normal_159,0,12,9.465210990974503,0,0,0,2,34.62975335678036,10,17
normal_159,0,14,11.260070322236075,0,0,0,2,34.62975335678036,10,17
normal_159,0,16,11.263734248381333,0,0,0,2,34.62975335678036,10,17
normal_159,0,18,12.579103193419469,0,0,0,2,34.62975335678036,10,17
normal_159,0,20,14.096019336745087,0,0,0,2,34.62975335678036,10,17
normal_159,0,22,15.83942293951953,0,0,0,2,34.62975335678036,10,17
normal_159,0,24,13.772203151407485,0,0,0,2,34.62975335678036,10,17
normal_159,0,26,13.715706639093598,0,0,0,2,34.62975335678036,10,17
normal_159,0,28,11.323351278122496,0,0,0,2,34.62975335678036,10,17
normal_159,0,30,13.959541691627999,0,0,0,2,34.62975335678036,10,17
normal_159,0,32,14.02919562906751,0,0,0,2,34.62975335678036,10,17
normal_159,0,34,12.361220534224861,0,0,0,2,34.62975335678036,10,17
normal_159,0,36,11.05118460103845,0,0,0,2,34.62975335678036,10,17
normal_159,0,38,11.760490012648937,0,0,0,2,34.62975335678036,10,17
normal_159,0,40,12.351339443876874,0,0,0,2,34.62975335678036,10,17
normal_159,0,42,10.378836938585168,0,0,0,2,34.62975335678036,10,17
normal_159,0,44,10.511410304400714,0,0,0,2,34.62975335678036,10,17
normal_161,0,0,19.91801463005032,0,0,0,2,34.62975335678036,10,17
normal_161,0,2,17.335923501479193,0,0,0,2,34.62975335678036,10,17
normal_161,0,4,20.62020048269468,0,0,0,2,34.62975335678036,10,17
normal_161,0,6,22.24523689223442,0,0,0,2,34.62975335678036,10,17
normal_161,0,8,19.64783909324289,0,0,0,2,34.62975335678036,10,17
normal_161,0,10,20.31858532063418,0,0,0,2,34.62975335678036,10,17
normal_161,0,12,18.27390989473297,0,0,0,2,34.62975335678036,10,17
normal_161,0,14,15.890391508407241,0,0,0,2,34.62975335678036,10,17
normal_161,0,16,15.25010665427871,0,0,0,2,34.62975335678036,10,17
normal_161,0,18,13.8993122836086,0,0,0,2,34.62975335678036,10,17
normal_161,0,20,12.745959629534903,0,0,0,2,34.62975335678036,10,17
normal_161,0,22,14.213203657905426,0,0,0,2,34.62975335678036,10,17
normal_161,0,24,14.18236951787619,0,0,0,2,34.62975335678036,10,17
normal_161,0,26,16.407709110065397,0,0,0,2,34.62975335678036,10,17
normal_161,0,28,17.85546035261902,0,0,0,2,34.62975335678036,10,17
normal_161,0,30,17.26052374908172,0,0,0,2,34.62975335678036,10,17
normal_161,0,32,15.947854179513334,0,0,0,2,34.62975335678036,10,17
normal_166,0,0,19.85470507185658,0,0,0,2,34.62975335678036,10,17
normal_166,0,2,33.23249957424723,0,0,0,2,34.62975335678036,10,17
normal_166,0,4,24.197525994466623,0,0,0,2,34.62975335678036,10,17
normal_166,0,6,19.856777592997023,0,0,0,2,34.62975335678036,10,17
normal_166,0,8,17.394116829082463,0,0,0,2,34.62975335678036,10,17
normal_166,0,10,23.997887981471578,0,0,0,2,34.62975335678036,10,17
normal_166,0,12,21.365065896333412,0,0,0,2,34.62975335678036,10,17
normal_166,0,14,16.048613070151955,0,0,0,2,34.62975335678036,10,17
normal_166,0,16,11.67407978298641,0,0,0,2,34.62975335678036,10,17
normal_166,0,18,15.686778716306424,0,0,0,2,34.62975335678036,10,17
normal_166,0,20,13.151869757087153,0,0,0,2,34.62975335678036,10,17
normal_166,0,22,10.416077338456553,0,0,0,2,34.62975335678036,10,17
normal_166,0,24,13.307488579121717,0,0,0,2,34.62975335678036,10,17
normal_166,0,26,21.013507022397828,0,0,0,2,34.62975335678036,10,17
normal_166,0,28,16.73974814465559,0,0,0,2,34.62975335678036,10,17
normal_166,0,30,17.274020578015875,0,0,0,2,34.62975335678036,10,17
normal_166,0,32,15.050878110505282,0,0,0,2,34.62975335678036,10,17
normal_166,0,34,18.630857857606816,0,0,0,2,34.62975335678036,10,17
normal_166,0,36,17.79638769765185,0,0,0,2,34.62975335678036,10,17
normal_166,0,38,16.439385722544987,0,0,0,2,34.62975335678036,10,17
normal_179,0,0,31.368082130305233,0,0,0,2,34.62975335678036,10,17
normal_179,0,2,83.73244538157994,1,1,0,2,34.62975335678036,10,17
normal_179,0,4,79.58946501592855,1,2,0,2,34.62975335678036,10,17
normal_179,0,6,65.99545106132767,1,3,0,2,34.62975335678036,10,17
normal_179,0,8,71.99615142508475,1,4,0,2,34.62975335678036,10,17
normal_179,0,10,43.985963910844966,1,5,0,2,34.62975335678036,10,17
normal_179,0,12,35.37822679508073,1,6,0,2,34.62975335678036,10,17
normal_179,0,14,33.66919695383292,0,0,0,2,34.62975335678036,10,17
normal_179,0,16,52.327826804280996,1,1,0,2,34.62975335678036,10,17
normal_179,0,18,63.979158127729015,1,2,0,2,34.62975335678036,10,17
normal_179,0,20,37.04759711857494,1,3,0,2,34.62975335678036,10,17
normal_179,0,22,47.43548721470479,1,4,0,2,34.62975335678036,10,17
normal_179,0,24,50.244849964702496,1,5,0,2,34.62975335678036,10,17
normal_179,0,26,49.0966760675815,1,6,0,2,34.62975335678036,10,17
normal_182,0,0,15.58904194541666,0,0,0,2,34.62975335678036,10,17
normal_182,0,2,25.79871975377984,0,0,0,2,34.62975335678036,10,17
normal_182,0,4,26.053879848729025,0,0,0,2,34.62975335678036,10,17
normal_182,0,6,22.547526233278845,0,0,0,2,34.62975335678036,10,17
normal_182,0,8,20.06865414937534,0,0,0,2,34.62975335678036,10,17
normal_182,0,10,19.29493383320417,0,0,0,2,34.62975335678036,10,17
normal_182,0,12,18.327637272469783,0,0,0,2,34.62975335678036,10,17
normal_182,0,14,17.42156070247136,0,0,0,2,34.62975335678036,10,17
normal_182,0,16,17.811641903706377,0,0,0,2,34.62975335678036,10,17
normal_182,0,18,15.731552824004165,0,0,0,2,34.62975335678036,10,17
normal_182,0,20,11.682117318030103,0,0,0,2,34.62975335678036,10,17
normal_182,0,22,13.510308953159125,0,0,0,2,34.62975335678036,10,17
normal_182,0,24,15.40636871057323,0,0,0,2,34.62975335678036,10,17
normal_182,0,26,14.408801358680918,0,0,0,2,34.62975335678036,10,17
normal_182,0,28,17.919877590137606,0,0,0,2,34.62975335678036,10,17
normal_182,0,30,19.609551845032644,0,0,0,2,34.62975335678036,10,17
normal_182,0,32,17.88695106539628,0,0,0,2,34.62975335678036,10,17
normal_182,0,34,19.189658764983005,0,0,0,2,34.62975335678036,10,17
normal_182,0,36,23.53399892185674,0,0,0,2,34.62975335678036,10,17
normal_182,0,38,20.00500980466866,0,0,0,2,34.62975335678036,10,17
normal_182,0,40,20.219781896607852,0,0,0,2,34.62975335678036,10,17
normal_182,0,42,17.695460158761367,0,0,0,2,34.62975335678036,10,17
normal_182,0,44,18.679677942524172,0,0,0,2,34.62975335678036,10,17
normal_186,0,0,11.830466719593874,0,0,0,2,34.62975335678036,10,17
normal_186,0,2,22.906677367741633,0,0,0,2,34.62975335678036,10,17
normal_186,0,4,12.532217509923994,0,0,0,2,34.62975335678036,10,17
normal_186,0,6,8.715564172145285,0,0,0,2,34.62975335678036,10,17
normal_186,0,8,12.691922150927448,0,0,0,2,34.62975335678036,10,17
normal_186,0,10,12.40247091675487,0,0,0,2,34.62975335678036,10,17
normal_186,0,12,15.565157557120807,0,0,0,2,34.62975335678036,10,17
normal_186,0,14,11.924913049322072,0,0,0,2,34.62975335678036,10,17
normal_186,0,16,13.162091495199824,0,0,0,2,34.62975335678036,10,17
normal_191,0,0,16.676181615640058,0,0,0,2,34.62975335678036,10,17
normal_191,0,2,9.998988609908794,0,0,0,2,34.62975335678036,10,17
normal_191,0,4,7.537129543328395,0,0,0,2,34.62975335678036,10,17
normal_191,0,6,21.778813365417772,0,0,0,2,34.62975335678036,10,17
normal_191,0,8,16.895159765084085,0,0,0,2,34.62975335678036,10,17
normal_191,0,10,11.679929488272267,0,0,0,2,34.62975335678036,10,17
normal_191,0,12,6.378032731020383,0,0,0,2,34.62975335678036,10,17
normal_191,0,14,3.5869398400996966,0,0,0,2,34.62975335678036,10,17
normal_191,0,16,7.131068887384943,0,0,0,2,34.62975335678036,10,17
normal_191,0,18,8.13522919414083,0,0,0,2,34.62975335678036,10,17
normal_191,0,20,8.425032929172778,0,0,0,2,34.62975335678036,10,17
normal_200,0,0,11.045050468123357,0,0,0,2,34.62975335678036,10,17
normal_200,0,2,10.439297090260439,0,0,0,2,34.62975335678036,10,17
normal_200,0,4,12.605469489912206,0,0,0,2,34.62975335678036,10,17
normal_200,0,6,14.273432952654588,0,0,0,2,34.62975335678036,10,17
normal_200,0,8,11.235947077526216,0,0,0,2,34.62975335678036,10,17
normal_200,0,10,7.877706006306557,0,0,0,2,34.62975335678036,10,17
normal_200,0,12,8.391185811277698,0,0,0,2,34.62975335678036,10,17
normal_200,0,14,9.22962438577256,0,0,0,2,34.62975335678036,10,17
normal_200,0,16,13.154586810405352,0,0,0,2,34.62975335678036,10,17
normal_200,0,18,12.710245753078143,0,0,0,2,34.62975335678036,10,17
normal_200,0,20,14.083274792604435,0,0,0,2,34.62975335678036,10,17
normal_200,0,22,13.407381138426627,0,0,0,2,34.62975335678036,10,17
normal_200,0,24,15.711295332377953,0,0,0,2,34.62975335678036,10,17
normal_200,0,26,13.598686770735448,0,0,0,2,34.62975335678036,10,17
normal_200,0,28,12.476048263641722,0,0,0,2,34.62975335678036,10,17
normal_200,0,30,9.773433803991775,0,0,0,2,34.62975335678036,10,17
normal_200,0,32,13.304281553460033,0,0,0,2,34.62975335678036,10,17
normal_200,0,34,10.716561630450078,0,0,0,2,34.62975335678036,10,17
normal_200,0,36,7.956759241882702,0,0,0,2,34.62975335678036,10,17
normal_200,0,38,8.04808398753032,0,0,0,2,34.62975335678036,10,17
normal_200,0,40,10.160671213873647,0,0,0,2,34.62975335678036,10,17
normal_200,0,42,9.470824851002494,0,0,0,2,34.62975335678036,10,17
normal_200,0,44,11.078508225072229,0,0,0,2,34.62975335678036,10,17
normal_205,0,0,19.514106344261577,0,0,0,2,34.62975335678036,10,17
normal_205,0,2,18.926063522021362,0,0,0,2,34.62975335678036,10,17
normal_205,0,4,17.01840152029873,0,0,0,2,34.62975335678036,10,17
normal_205,0,6,16.483784046533156,0,0,0,2,34.62975335678036,10,17
normal_205,0,8,19.55542194046848,0,0,0,2,34.62975335678036,10,17
normal_205,0,10,21.440224956351564,0,0,0,2,34.62975335678036,10,17
normal_205,0,12,23.945997971721958,0,0,0,2,34.62975335678036,10,17
normal_205,0,14,25.683318368005782,0,0,0,2,34.62975335678036,10,17
normal_205,0,16,18.68298211799978,0,0,0,2,34.62975335678036,10,17
normal_205,0,18,28.882078558057277,0,0,0,2,34.62975335678036,10,17
normal_205,0,20,24.116904274930157,0,0,0,2,34.62975335678036,10,17
normal_205,0,22,19.537699426431022,0,0,0,2,34.62975335678036,10,17
normal_205,0,24,19.757870252161183,0,0,0,2,34.62975335678036,10,17
normal_205,0,26,14.974538460134905,0,0,0,2,34.62975335678036,10,17
normal_205,0,28,17.192199616672244,0,0,0,2,34.62975335678036,10,17
normal_205,0,30,18.01889713757592,0,0,0,2,34.62975335678036,10,17
normal_205,0,32,14.4520444446523,0,0,0,2,34.62975335678036,10,17
normal_205,0,34,19.56165410597962,0,0,0,2,34.62975335678036,10,17
normal_205,0,36,20.349447709563684,0,0,0,2,34.62975335678036,10,17
normal_205,0,38,18.434279476749012,0,0,0,2,34.62975335678036,10,17
normal_205,0,40,19.947174679821384,0,0,0,2,34.62975335678036,10,17
normal_205,0,42,27.013523981264218,0,0,0,2,34.62975335678036,10,17
normal_210,0,0,11.93272423409546,0,0,0,2,34.62975335678036,10,17
normal_210,0,2,13.820606356324319,0,0,0,2,34.62975335678036,10,17
normal_210,0,4,9.382275694398594,0,0,0,2,34.62975335678036,10,17
normal_210,0,6,10.798824733508503,0,0,0,2,34.62975335678036,10,17
normal_210,0,8,12.929207113403333,0,0,0,2,34.62975335678036,10,17
normal_210,0,10,16.829052321675572,0,0,0,2,34.62975335678036,10,17
normal_210,0,12,15.585544172685665,0,0,0,2,34.62975335678036,10,17
normal_210,0,14,14.757691568040444,0,0,0,2,34.62975335678036,10,17
normal_210,0,16,16.681525128013973,0,0,0,2,34.62975335678036,10,17
normal_210,0,18,17.559080524063354,0,0,0,2,34.62975335678036,10,17
normal_210,0,20,16.904671112809403,0,0,0,2,34.62975335678036,10,17
normal_210,0,22,15.48316842731963,0,0,0,2,34.62975335678036,10,17
normal_210,0,24,11.901683911972608,0,0,0,2,34.62975335678036,10,17
normal_210,0,26,14.063707883162513,0,0,0,2,34.62975335678036,10,17
normal_210,0,28,13.907784939968002,0,0,0,2,34.62975335678036,10,17
normal_210,0,30,11.158029214708014,0,0,0,2,34.62975335678036,10,17
normal_210,0,32,12.779232883251128,0,0,0,2,34.62975335678036,10,17
normal_210,0,34,13.898032493493599,0,0,0,2,34.62975335678036,10,17
normal_210,0,36,21.74808706500767,0,0,0,2,34.62975335678036,10,17
normal_210,0,38,17.149114661626122,0,0,0,2,34.62975335678036,10,17
normal_210,0,40,20.430165016734765,0,0,0,2,34.62975335678036,10,17
normal_210,0,42,23.16549501489979,0,0,0,2,34.62975335678036,10,17
normal_210,0,44,16.922515676757655,0,0,0,2,34.62975335678036,10,17
normal_211,0,0,8.025217065075648,0,0,0,2,34.62975335678036,10,17
normal_211,0,2,15.367984392497387,0,0,0,2,34.62975335678036,10,17
normal_211,0,4,10.013740231185318,0,0,0,2,34.62975335678036,10,17
normal_211,0,6,12.03851148153205,0,0,0,2,34.62975335678036,10,17
normal_211,0,8,5.012512313178197,0,0,0,2,34.62975335678036,10,17
normal_211,0,10,6.063567326541002,0,0,0,2,34.62975335678036,10,17
normal_211,0,12,10.959945335466267,0,0,0,2,34.62975335678036,10,17
normal_211,0,14,8.54705310046445,0,0,0,2,34.62975335678036,10,17
normal_211,0,16,8.221883354109398,0,0,0,2,34.62975335678036,10,17
normal_211,0,18,8.226462382025133,0,0,0,2,34.62975335678036,10,17
normal_211,0,20,8.286799078180668,0,0,0,2,34.62975335678036,10,17
normal_211,0,22,9.292760895081456,0,0,0,2,34.62975335678036,10,17
normal_211,0,24,11.306871425400693,0,0,0,2,34.62975335678036,10,17
normal_211,0,26,14.17800378624768,0,0,0,2,34.62975335678036,10,17
normal_211,0,28,13.154516935311644,0,0,0,2,34.62975335678036,10,17
normal_211,0,30,12.119211798089541,0,0,0,2,34.62975335678036,10,17
normal_211,0,32,12.454128178840016,0,0,0,2,34.62975335678036,10,17
normal_211,0,34,11.596276950916986,0,0,0,2,34.62975335678036,10,17
normal_211,0,36,9.021766248497787,0,0,0,2,34.62975335678036,10,17
normal_211,0,38,7.093417972699673,0,0,0,2,34.62975335678036,10,17
normal_211,0,40,10.566604075334878,0,0,0,2,34.62975335678036,10,17
normal_211,0,42,15.117924361552383,0,0,0,2,34.62975335678036,10,17
normal_211,0,44,14.060851103041388,0,0,0,2,34.62975335678036,10,17
normal_214,0,0,11.381208784894254,0,0,0,2,34.62975335678036,10,17
normal_214,0,2,10.398818073598504,0,0,0,2,34.62975335678036,10,17
normal_214,0,4,12.328680683809466,0,0,0,2,34.62975335678036,10,17
normal_214,0,6,9.184716289489517,0,0,0,2,34.62975335678036,10,17
normal_214,0,8,9.731264063473331,0,0,0,2,34.62975335678036,10,17
normal_214,0,10,9.945805926238032,0,0,0,2,34.62975335678036,10,17
normal_214,0,12,6.722903448227924,0,0,0,2,34.62975335678036,10,17
normal_214,0,14,6.080420923386564,0,0,0,2,34.62975335678036,10,17
normal_214,0,16,6.46977240835841,0,0,0,2,34.62975335678036,10,17
normal_214,0,18,8.985201547320857,0,0,0,2,34.62975335678036,10,17
normal_217,0,0,16.64784514167324,0,0,0,2,34.62975335678036,10,17
normal_217,0,2,15.493928904039464,0,0,0,2,34.62975335678036,10,17
normal_217,0,4,15.950863892154477,0,0,0,2,34.62975335678036,10,17
normal_217,0,6,15.446373882368894,0,0,0,2,34.62975335678036,10,17
normal_217,0,8,16.36055389660726,0,0,0,2,34.62975335678036,10,17
normal_217,0,10,13.157801129142857,0,0,0,2,34.62975335678036,10,17
normal_217,0,12,12.968029250783403,0,0,0,2,34.62975335678036,10,17
normal_217,0,14,14.785439348894155,0,0,0,2,34.62975335678036,10,17
normal_217,0,16,16.456465593629638,0,0,0,2,34.62975335678036,10,17
normal_217,0,18,18.980263924806174,0,0,0,2,34.62975335678036,10,17
normal_217,0,20,21.326310492683074,0,0,0,2,34.62975335678036,10,17
normal_217,0,22,22.579821076073642,0,0,0,2,34.62975335678036,10,17
normal_217,0,24,20.47212870347076,0,0,0,2,34.62975335678036,10,17
normal_217,0,26,19.74418208266755,0,0,0,2,34.62975335678036,10,17
normal_217,0,28,22.099708103918882,0,0,0,2,34.62975335678036,10,17
normal_217,0,30,17.57874135249104,0,0,0,2,34.62975335678036,10,17
normal_217,0,32,14.443782190159173,0,0,0,2,34.62975335678036,10,17
normal_217,0,34,12.716493081285067,0,0,0,2,34.62975335678036,10,17
normal_217,0,36,10.59429996562748,0,0,0,2,34.62975335678036,10,17
normal_217,0,38,15.428609887463782,0,0,0,2,34.62975335678036,10,17
normal_217,0,40,15.494806810047644,0,0,0,2,34.62975335678036,10,17
normal_217,0,42,12.265203827254078,0,0,0,2,34.62975335678036,10,17
normal_217,0,44,20.652934904193216,0,0,0,2,34.62975335678036,10,17
normal_231,0,0,13.035026847258644,0,0,0,2,34.62975335678036,10,17
normal_231,0,2,5.665406043136822,0,0,0,2,34.62975335678036,10,17
normal_231,0,4,5.312778134633014,0,0,0,2,34.62975335678036,10,17
normal_231,0,6,5.3550582405541585,0,0,0,2,34.62975335678036,10,17
normal_231,0,8,6.709597430446623,0,0,0,2,34.62975335678036,10,17
normal_231,0,10,7.216866308794931,0,0,0,2,34.62975335678036,10,17
normal_231,0,12,8.448462791921893,0,0,0,2,34.62975335678036,10,17
normal_231,0,14,17.958571478831608,0,0,0,2,34.62975335678036,10,17
normal_231,0,16,12.663821534294701,0,0,0,2,34.62975335678036,10,17
normal_231,0,18,11.784305857329946,0,0,0,2,34.62975335678036,10,17
normal_231,0,20,9.44452748613657,0,0,0,2,34.62975335678036,10,17
normal_231,0,22,12.238820940869175,0,0,0,2,34.62975335678036,10,17
normal_231,0,24,13.419399900304827,0,0,0,2,34.62975335678036,10,17
normal_231,0,26,15.582020079416674,0,0,0,2,34.62975335678036,10,17
normal_235,0,0,11.102297037336616,0,0,0,2,34.62975335678036,10,17
normal_235,0,2,9.19810062326007,0,0,0,2,34.62975335678036,10,17
normal_235,0,4,9.621349691581168,0,0,0,2,34.62975335678036,10,17
normal_235,0,6,10.002510077938577,0,0,0,2,34.62975335678036,10,17
normal_235,0,8,8.687551448593714,0,0,0,2,34.62975335678036,10,17
normal_235,0,10,10.531157116049085,0,0,0,2,34.62975335678036,10,17
normal_235,0,12,12.187400163675825,0,0,0,2,34.62975335678036,10,17
normal_235,0,14,7.568470020449529,0,0,0,2,34.62975335678036,10,17
normal_235,0,16,12.240353348041674,0,0,0,2,34.62975335678036,10,17
normal_235,0,18,13.26791280360811,0,0,0,2,34.62975335678036,10,17
normal_235,0,20,10.746815550026325,0,0,0,2,34.62975335678036,10,17
normal_235,0,22,7.863677172253358,0,0,0,2,34.62975335678036,10,17
normal_235,0,24,8.664216395588081,0,0,0,2,34.62975335678036,10,17
normal_235,0,26,9.17960778923127,0,0,0,2,34.62975335678036,10,17
normal_235,0,28,11.084910192911233,0,0,0,2,34.62975335678036,10,17
normal_235,0,30,10.036323894322132,0,0,0,2,34.62975335678036,10,17
normal_235,0,32,12.651097436084655,0,0,0,2,34.62975335678036,10,17
normal_235,0,34,15.688988855608047,0,0,0,2,34.62975335678036,10,17
normal_235,0,36,10.837833097251048,0,0,0,2,34.62975335678036,10,17
normal_235,0,38,10.191660251010685,0,0,0,2,34.62975335678036,10,17
normal_235,0,40,10.845133875891461,0,0,0,2,34.62975335678036,10,17
normal_235,0,42,16.28837171963261,0,0,0,2,34.62975335678036,10,17
normal_235,0,44,13.560501219520633,0,0,0,2,34.62975335678036,10,17
normal_236,0,0,16.79924870638295,0,0,0,2,34.62975335678036,10,17
normal_236,0,2,19.332365604213777,0,0,0,2,34.62975335678036,10,17
normal_236,0,4,16.140656299751782,0,0,0,2,34.62975335678036,10,17
normal_236,0,6,17.43905352271559,0,0,0,2,34.62975335678036,10,17
normal_236,0,8,23.38994174162315,0,0,0,2,34.62975335678036,10,17
normal_236,0,10,17.619501817313726,0,0,0,2,34.62975335678036,10,17
normal_236,0,12,16.554010660698555,0,0,0,2,34.62975335678036,10,17
normal_236,0,14,20.124059599754855,0,0,0,2,34.62975335678036,10,17
normal_236,0,16,24.910221244532583,0,0,0,2,34.62975335678036,10,17
normal_236,0,18,22.823355331171367,0,0,0,2,34.62975335678036,10,17
normal_236,0,20,20.8463918012745,0,0,0,2,34.62975335678036,10,17
normal_236,0,22,19.67577212109685,0,0,0,2,34.62975335678036,10,17
normal_236,0,24,19.207609777496902,0,0,0,2,34.62975335678036,10,17
normal_236,0,26,19.00619046727961,0,0,0,2,34.62975335678036,10,17
normal_236,0,28,18.8865385599269,0,0,0,2,34.62975335678036,10,17
normal_236,0,30,13.107411223044284,0,0,0,2,34.62975335678036,10,17
normal_236,0,32,15.031514560138799,0,0,0,2,34.62975335678036,10,17
normal_236,0,34,16.27616889993413,0,0,0,2,34.62975335678036,10,17
normal_236,0,36,15.133880551358855,0,0,0,2,34.62975335678036,10,17
normal_247,0,0,17.10768531430709,0,0,0,2,34.62975335678036,10,17
normal_247,0,2,14.976535675925513,0,0,0,2,34.62975335678036,10,17
normal_247,0,4,11.458887588042316,0,0,0,2,34.62975335678036,10,17
normal_247,0,6,15.022910074536789,0,0,0,2,34.62975335678036,10,17
normal_247,0,8,15.16959212465216,0,0,0,2,34.62975335678036,10,17
normal_247,0,10,13.880693921613958,0,0,0,2,34.62975335678036,10,17
normal_247,0,12,10.20545063066662,0,0,0,2,34.62975335678036,10,17
normal_247,0,14,11.57892522394994,0,0,0,2,34.62975335678036,10,17
normal_247,0,16,12.799823306105296,0,0,0,2,34.62975335678036,10,17
normal_247,0,18,11.973267203953418,0,0,0,2,34.62975335678036,10,17
normal_247,0,20,10.266111486961545,0,0,0,2,34.62975335678036,10,17
normal_247,0,22,10.205732183818823,0,0,0,2,34.62975335678036,10,17
normal_247,0,24,15.987838560267923,0,0,0,2,34.62975335678036,10,17
normal_247,0,26,17.47713367237785,0,0,0,2,34.62975335678036,10,17
normal_247,0,28,19.983203896756525,0,0,0,2,34.62975335678036,10,17
normal_247,0,30,15.164275034659545,0,0,0,2,34.62975335678036,10,17
normal_247,0,32,15.902978685593652,0,0,0,2,34.62975335678036,10,17
normal_247,0,34,14.661823788533312,0,0,0,2,34.62975335678036,10,17
normal_247,0,36,12.818472562580004,0,0,0,2,34.62975335678036,10,17
normal_247,0,38,10.984066921295906,0,0,0,2,34.62975335678036,10,17
normal_247,0,40,14.02243127675777,0,0,0,2,34.62975335678036,10,17
normal_247,0,42,15.831689308090573,0,0,0,2,34.62975335678036,10,17
normal_247,0,44,14.417666218916828,0,0,0,2,34.62975335678036,10,17
normal_249,0,0,10.800827952946193,0,0,0,2,34.62975335678036,10,17
normal_249,0,2,11.820639449885658,0,0,0,2,34.62975335678036,10,17
normal_249,0,4,11.612294134517256,0,0,0,2,34.62975335678036,10,17
normal_249,0,6,12.542213887843616,0,0,0,2,34.62975335678036,10,17
normal_249,0,8,12.066634358176572,0,0,0,2,34.62975335678036,10,17
normal_249,0,10,13.847741246844043,0,0,0,2,34.62975335678036,10,17
normal_249,0,12,13.710413805821545,0,0,0,2,34.62975335678036,10,17
normal_249,0,14,16.642402243076447,0,0,0,2,34.62975335678036,10,17
normal_249,0,16,19.56710661825345,0,0,0,2,34.62975335678036,10,17
normal_249,0,18,20.272469294777952,0,0,0,2,34.62975335678036,10,17
normal_249,0,20,15.575444818706162,0,0,0,2,34.62975335678036,10,17
normal_249,0,22,18.467199892758472,0,0,0,2,34.62975335678036,10,17
normal_249,0,24,16.913246109077214,0,0,0,2,34.62975335678036,10,17
normal_249,0,26,15.943206886721557,0,0,0,2,34.62975335678036,10,17
normal_249,0,28,17.583409710785904,0,0,0,2,34.62975335678036,10,17
normal_249,0,30,18.122998238998242,0,0,0,2,34.62975335678036,10,17
normal_250,0,0,10.492144185261946,0,0,0,2,34.62975335678036,10,17
normal_250,0,2,10.945768137697241,0,0,0,2,34.62975335678036,10,17
normal_250,0,4,12.044241077895535,0,0,0,2,34.62975335678036,10,17
normal_250,0,6,13.722446337914747,0,0,0,2,34.62975335678036,10,17
normal_250,0,8,11.612886976752169,0,0,0,2,34.62975335678036,10,17
normal_250,0,10,14.230766901036747,0,0,0,2,34.62975335678036,10,17
normal_250,0,12,15.88164458843865,0,0,0,2,34.62975335678036,10,17
normal_250,0,14,15.66043520937872,0,0,0,2,34.62975335678036,10,17
normal_250,0,16,9.786895077753371,0,0,0,2,34.62975335678036,10,17
normal_250,0,18,12.458069896273688,0,0,0,2,34.62975335678036,10,17
normal_254,0,0,8.346108357605766,0,0,0,2,34.62975335678036,10,17
normal_254,0,2,10.006139446546195,0,0,0,2,34.62975335678036,10,17
normal_254,0,4,18.690400805106847,0,0,0,2,34.62975335678036,10,17
normal_254,0,6,16.731489372249865,0,0,0,2,34.62975335678036,10,17
normal_254,0,8,11.495417693154213,0,0,0,2,34.62975335678036,10,17
normal_254,0,10,14.243410498046263,0,0,0,2,34.62975335678036,10,17
normal_254,0,12,14.960647203692684,0,0,0,2,34.62975335678036,10,17
normal_254,0,14,14.481442820898051,0,0,0,2,34.62975335678036,10,17
normal_254,0,16,13.847512714480033,0,0,0,2,34.62975335678036,10,17
normal_254,0,18,14.005205178877812,0,0,0,2,34.62975335678036,10,17
normal_254,0,20,14.323385701381563,0,0,0,2,34.62975335678036,10,17
normal_254,0,22,11.7199640672747,0,0,0,2,34.62975335678036,10,17
normal_254,0,24,10.169091727702083,0,0,0,2,34.62975335678036,10,17
normal_254,0,26,16.34696686904739,0,0,0,2,34.62975335678036,10,17
normal_254,0,28,12.704287198290713,0,0,0,2,34.62975335678036,10,17
normal_254,0,30,16.937687616678495,0,0,0,2,34.62975335678036,10,17
normal_254,0,32,24.93851230819331,0,0,0,2,34.62975335678036,10,17
normal_255,0,0,18.1483916430826,0,0,0,2,34.62975335678036,10,17
normal_255,0,2,15.574424296597542,0,0,0,2,34.62975335678036,10,17
normal_255,0,4,14.623250101611704,0,0,0,2,34.62975335678036,10,17
normal_255,0,6,13.64145326974176,0,0,0,2,34.62975335678036,10,17
normal_255,0,8,9.13222098876262,0,0,0,2,34.62975335678036,10,17
normal_255,0,10,8.079802951165494,0,0,0,2,34.62975335678036,10,17
normal_255,0,12,12.292548173259906,0,0,0,2,34.62975335678036,10,17
normal_255,0,14,12.986279106636465,0,0,0,2,34.62975335678036,10,17
normal_255,0,16,18.070918985466346,0,0,0,2,34.62975335678036,10,17
normal_255,0,18,16.17062081085655,0,0,0,2,34.62975335678036,10,17
normal_255,0,20,19.065173666567393,0,0,0,2,34.62975335678036,10,17
normal_255,0,22,17.565538925172973,0,0,0,2,34.62975335678036,10,17
normal_277,0,0,27.20856451366478,0,0,0,2,34.62975335678036,10,17
normal_277,0,2,26.318968811004716,0,0,0,2,34.62975335678036,10,17
normal_277,0,4,28.93270076463551,0,0,0,2,34.62975335678036,10,17
normal_277,0,6,27.75164462054155,0,0,0,2,34.62975335678036,10,17
normal_277,0,8,19.740120469766794,0,0,0,2,34.62975335678036,10,17
normal_277,0,10,23.219829169612478,0,0,0,2,34.62975335678036,10,17
normal_277,0,12,18.478467655537155,0,0,0,2,34.62975335678036,10,17
normal_277,0,14,23.40055298707828,0,0,0,2,34.62975335678036,10,17
normal_277,0,16,20.304032369288198,0,0,0,2,34.62975335678036,10,17
normal_277,0,18,12.291576006896234,0,0,0,2,34.62975335678036,10,17
normal_277,0,20,17.55413234246025,0,0,0,2,34.62975335678036,10,17
normal_277,0,22,21.685369746645303,0,0,0,2,34.62975335678036,10,17
normal_277,0,24,18.6420362906768,0,0,0,2,34.62975335678036,10,17
normal_277,0,26,19.62340397595441,0,0,0,2,34.62975335678036,10,17
normal_282,0,0,9.581264889359796,0,0,0,2,34.62975335678036,10,17
normal_282,0,2,5.97106895523514,0,0,0,2,34.62975335678036,10,17
normal_282,0,4,4.423332212621504,0,0,0,2,34.62975335678036,10,17
normal_282,0,6,11.067015713683901,0,0,0,2,34.62975335678036,10,17
normal_282,0,8,9.636377247688655,0,0,0,2,34.62975335678036,10,17
normal_282,0,10,8.645712672876233,0,0,0,2,34.62975335678036,10,17
normal_282,0,12,7.028685454152887,0,0,0,2,34.62975335678036,10,17
normal_282,0,14,4.9958121368711685,0,0,0,2,34.62975335678036,10,17
normal_282,0,16,5.235713620867126,0,0,0,2,34.62975335678036,10,17
normal_282,0,18,6.291094204762679,0,0,0,2,34.62975335678036,10,17
normal_282,0,20,6.976563686732723,0,0,0,2,34.62975335678036,10,17
normal_282,0,22,7.243333128352628,0,0,0,2,34.62975335678036,10,17
normal_282,0,24,15.242202368850814,0,0,0,2,34.62975335678036,10,17
normal_282,0,26,16.342014349464264,0,0,0,2,34.62975335678036,10,17
normal_282,0,28,6.935955462259608,0,0,0,2,34.62975335678036,10,17
normal_282,0,30,5.958219502928887,0,0,0,2,34.62975335678036,10,17
normal_282,0,32,5.392327734736691,0,0,0,2,34.62975335678036,10,17
normal_282,0,34,7.34130438786585,0,0,0,2,34.62975335678036,10,17
normal_282,0,36,6.539009825909611,0,0,0,2,34.62975335678036,10,17
normal_282,0,38,7.545545994902521,0,0,0,2,34.62975335678036,10,17
normal_282,0,40,7.966557257482525,0,0,0,2,34.62975335678036,10,17
normal_282,0,42,9.531133012052802,0,0,0,2,34.62975335678036,10,17
normal_289,0,0,10.53481254927727,0,0,0,2,34.62975335678036,10,17
normal_289,0,2,8.40244332721375,0,0,0,2,34.62975335678036,10,17
normal_289,0,4,6.2314050942452415,0,0,0,2,34.62975335678036,10,17
normal_289,0,6,6.853877497980586,0,0,0,2,34.62975335678036,10,17
normal_289,0,8,12.881707522854175,0,0,0,2,34.62975335678036,10,17
normal_289,0,10,7.793201593304309,0,0,0,2,34.62975335678036,10,17
normal_289,0,12,6.439573814866813,0,0,0,2,34.62975335678036,10,17
normal_289,0,14,4.9357404845203225,0,0,0,2,34.62975335678036,10,17
normal_289,0,16,7.0067830677056175,0,0,0,2,34.62975335678036,10,17
normal_289,0,18,6.776749568699459,0,0,0,2,34.62975335678036,10,17
normal_289,0,20,8.401127661208188,0,0,0,2,34.62975335678036,10,17
normal_289,0,22,10.135045909228232,0,0,0,2,34.62975335678036,10,17
normal_289,0,24,11.038304904508701,0,0,0,2,34.62975335678036,10,17
normal_289,0,26,18.32585229649779,0,0,0,2,34.62975335678036,10,17
normal_289,0,28,15.689435516095916,0,0,0,2,34.62975335678036,10,17
normal_289,0,30,12.578976671021119,0,0,0,2,34.62975335678036,10,17
normal_290,0,0,21.66302128286568,0,0,0,2,34.62975335678036,10,17
normal_290,0,2,21.76748107765521,0,0,0,2,34.62975335678036,10,17
normal_290,0,4,16.947241767397077,0,0,0,2,34.62975335678036,10,17
normal_290,0,6,18.03379209130135,0,0,0,2,34.62975335678036,10,17
normal_290,0,8,19.616610150671995,0,0,0,2,34.62975335678036,10,17
normal_290,0,10,15.31625495002756,0,0,0,2,34.62975335678036,10,17
normal_290,0,12,18.108116719496138,0,0,0,2,34.62975335678036,10,17
normal_290,0,14,20.41062052309056,0,0,0,2,34.62975335678036,10,17
normal_290,0,16,17.185080135349377,0,0,0,2,34.62975335678036,10,17
normal_290,0,18,19.05162207737991,0,0,0,2,34.62975335678036,10,17
normal_301,0,0,19.66995461353142,0,0,0,2,34.62975335678036,10,17
normal_301,0,2,16.161100461658823,0,0,0,2,34.62975335678036,10,17
normal_301,0,4,21.188804405059745,0,0,0,2,34.62975335678036,10,17
normal_301,0,6,26.18833780238974,0,0,0,2,34.62975335678036,10,17
normal_301,0,8,19.720042473958532,0,0,0,2,34.62975335678036,10,17
normal_301,0,10,20.982274714488046,0,0,0,2,34.62975335678036,10,17
normal_301,0,12,21.952942638559193,0,0,0,2,34.62975335678036,10,17
normal_301,0,14,19.558926548359715,0,0,0,2,34.62975335678036,10,17
normal_301,0,16,19.041488629355538,0,0,0,2,34.62975335678036,10,17
normal_301,0,18,17.379237473148706,0,0,0,2,34.62975335678036,10,17
normal_301,0,20,21.193334956970563,0,0,0,2,34.62975335678036,10,17
normal_301,0,22,30.42596961788345,0,0,0,2,34.62975335678036,10,17
normal_301,0,24,23.92635873360402,0,0,0,2,34.62975335678036,10,17
normal_301,0,26,32.911440347457706,0,0,0,2,34.62975335678036,10,17
normal_301,0,28,25.271806003716712,0,0,0,2,34.62975335678036,10,17
normal_301,0,30,19.351214958827345,0,0,0,2,34.62975335678036,10,17
normal_308,0,0,14.994594710679966,0,0,0,2,34.62975335678036,10,17
normal_308,0,2,15.579033028085666,0,0,0,2,34.62975335678036,10,17
normal_308,0,4,10.998894573535942,0,0,0,2,34.62975335678036,10,17
normal_308,0,6,11.35609413028107,0,0,0,2,34.62975335678036,10,17
normal_308,0,8,9.99496991382929,0,0,0,2,34.62975335678036,10,17
normal_308,0,10,11.212449949298977,0,0,0,2,34.62975335678036,10,17
normal_308,0,12,10.89153894510434,0,0,0,2,34.62975335678036,10,17
normal_308,0,14,14.468545802764604,0,0,0,2,34.62975335678036,10,17
normal_308,0,16,16.660076592703223,0,0,0,2,34.62975335678036,10,17
normal_308,0,18,18.88531939903197,0,0,0,2,34.62975335678036,10,17
normal_317,0,0,10.829027047107871,0,0,0,2,34.62975335678036,10,17
normal_317,0,2,12.560865385790283,0,0,0,2,34.62975335678036,10,17
normal_317,0,4,12.283570850873668,0,0,0,2,34.62975335678036,10,17
normal_317,0,6,12.953562383815068,0,0,0,2,34.62975335678036,10,17
normal_317,0,8,13.345577671558324,0,0,0,2,34.62975335678036,10,17
normal_317,0,10,12.341235657966275,0,0,0,2,34.62975335678036,10,17
normal_317,0,12,12.436024089108505,0,0,0,2,34.62975335678036,10,17
normal_317,0,14,10.486119010614708,0,0,0,2,34.62975335678036,10,17
normal_317,0,16,14.86586505443303,0,0,0,2,34.62975335678036,10,17
normal_317,0,18,12.41568416710422,0,0,0,2,34.62975335678036,10,17
normal_317,0,20,11.9348360183945,0,0,0,2,34.62975335678036,10,17
normal_317,0,22,16.829281778336075,0,0,0,2,34.62975335678036,10,17
normal_317,0,24,16.579401913842663,0,0,0,2,34.62975335678036,10,17
normal_317,0,26,14.536481737498839,0,0,0,2,34.62975335678036,10,17
normal_317,0,28,11.712914118223768,0,0,0,2,34.62975335678036,10,17
normal_317,0,30,13.868416972350113,0,0,0,2,34.62975335678036,10,17
normal_317,0,32,15.592440300144245,0,0,0,2,34.62975335678036,10,17
normal_317,0,34,13.873380662184795,0,0,0,2,34.62975335678036,10,17
normal_317,0,36,13.20803388660671,0,0,0,2,34.62975335678036,10,17
normal_317,0,38,10.22247432371575,0,0,0,2,34.62975335678036,10,17
normal_317,0,40,9.952489437795881,0,0,0,2,34.62975335678036,10,17
normal_317,0,42,10.943808539001195,0,0,0,2,34.62975335678036,10,17
normal_317,0,44,9.89871608558071,0,0,0,2,34.62975335678036,10,17
normal_323,0,0,27.301535178260945,0,0,0,2,34.62975335678036,10,17
normal_323,0,2,29.634188115789996,0,0,0,2,34.62975335678036,10,17
normal_323,0,4,22.268921323775942,0,0,0,2,34.62975335678036,10,17
normal_323,0,6,22.611091371652417,0,0,0,2,34.62975335678036,10,17
normal_323,0,8,19.87826025619629,0,0,0,2,34.62975335678036,10,17
normal_323,0,10,20.93715776888673,0,0,0,2,34.62975335678036,10,17
normal_323,0,12,22.292201340423578,0,0,0,2,34.62975335678036,10,17
normal_323,0,14,19.930997070777682,0,0,0,2,34.62975335678036,10,17
normal_323,0,16,19.810558128780517,0,0,0,2,34.62975335678036,10,17
normal_323,0,18,17.994326454229295,0,0,0,2,34.62975335678036,10,17
normal_323,0,20,19.950668928850426,0,0,0,2,34.62975335678036,10,17
normal_323,0,22,19.15706564902997,0,0,0,2,34.62975335678036,10,17
normal_323,0,24,20.95052573647143,0,0,0,2,34.62975335678036,10,17
normal_323,0,26,20.23818505461001,0,0,0,2,34.62975335678036,10,17
normal_323,0,28,16.388128336219403,0,0,0,2,34.62975335678036,10,17
normal_323,0,30,15.429926620508667,0,0,0,2,34.62975335678036,10,17
normal_323,0,32,14.9986859810749,0,0,0,2,34.62975335678036,10,17
normal_323,0,34,14.962248297031703,0,0,0,2,34.62975335678036,10,17
normal_323,0,36,18.850438294483233,0,0,0,2,34.62975335678036,10,17
normal_323,0,38,15.883834787105796,0,0,0,2,34.62975335678036,10,17
normal_323,0,40,16.180427833736783,0,0,0,2,34.62975335678036,10,17
normal_323,0,42,20.60422800778658,0,0,0,2,34.62975335678036,10,17
normal_323,0,44,23.375196772454103,0,0,0,2,34.62975335678036,10,17
normal_325,0,0,11.397575167733056,0,0,0,2,34.62975335678036,10,17
normal_325,0,2,10.545148437204125,0,0,0,2,34.62975335678036,10,17
normal_325,0,4,13.694150831750193,0,0,0,2,34.62975335678036,10,17
normal_325,0,6,13.237403132528774,0,0,0,2,34.62975335678036,10,17
normal_325,0,8,12.237694265403952,0,0,0,2,34.62975335678036,10,17
normal_325,0,10,12.324722178474792,0,0,0,2,34.62975335678036,10,17
normal_325,0,12,13.481315528154282,0,0,0,2,34.62975335678036,10,17
normal_325,0,14,8.913714832853922,0,0,0,2,34.62975335678036,10,17
normal_325,0,16,7.6674407405505045,0,0,0,2,34.62975335678036,10,17
normal_325,0,18,8.505440428674557,0,0,0,2,34.62975335678036,10,17
normal_325,0,20,9.806656871052883,0,0,0,2,34.62975335678036,10,17
normal_325,0,22,11.01491552547826,0,0,0,2,34.62975335678036,10,17
normal_325,0,24,9.158754969028402,0,0,0,2,34.62975335678036,10,17
normal_325,0,26,12.176426254950357,0,0,0,2,34.62975335678036,10,17
normal_325,0,28,14.777855922508254,0,0,0,2,34.62975335678036,10,17
normal_325,0,30,13.298845499969843,0,0,0,2,34.62975335678036,10,17
normal_325,0,32,14.549160094494475,0,0,0,2,34.62975335678036,10,17
normal_325,0,34,12.718171190941767,0,0,0,2,34.62975335678036,10,17
normal_325,0,36,17.23986892473561,0,0,0,2,34.62975335678036,10,17
normal_325,0,38,23.52140487434405,0,0,0,2,34.62975335678036,10,17
normal_332,0,0,51.488715931470516,1,1,0,2,34.62975335678036,10,17
normal_332,0,2,33.848508930462,0,0,0,2,34.62975335678036,10,17
normal_332,0,4,16.307773012255446,0,0,0,2,34.62975335678036,10,17
normal_332,0,6,16.37424231758254,0,0,0,2,34.62975335678036,10,17
normal_332,0,8,16.518755692559626,0,0,0,2,34.62975335678036,10,17
normal_332,0,10,35.239706160278125,1,1,0,2,34.62975335678036,10,17
normal_332,0,12,29.792194035042034,0,0,0,2,34.62975335678036,10,17
normal_332,0,14,42.59346418637537,1,1,0,2,34.62975335678036,10,17
normal_332,0,16,47.83047983063275,1,2,0,2,34.62975335678036,10,17
normal_332,0,18,41.618557753593635,1,3,0,2,34.62975335678036,10,17
normal_332,0,20,43.38687395825471,1,4,0,2,34.62975335678036,10,17
normal_332,0,22,37.51397030918526,1,5,0,2,34.62975335678036,10,17
normal_332,0,24,17.24620435148251,0,0,0,2,34.62975335678036,10,17
normal_355,0,0,28.574576758964657,0,0,0,2,34.62975335678036,10,17
normal_355,0,2,28.299361646517838,0,0,0,2,34.62975335678036,10,17
normal_355,0,4,22.87333228018815,0,0,0,2,34.62975335678036,10,17
normal_355,0,6,19.32775601252422,0,0,0,2,34.62975335678036,10,17
normal_355,0,8,15.233551356835209,0,0,0,2,34.62975335678036,10,17
normal_355,0,10,13.362986028666686,0,0,0,2,34.62975335678036,10,17
normal_355,0,12,16.44449651624414,0,0,0,2,34.62975335678036,10,17
normal_355,0,14,15.234425801648877,0,0,0,2,34.62975335678036,10,17
normal_355,0,16,17.749569017010415,0,0,0,2,34.62975335678036,10,17
normal_355,0,18,18.803568410389552,0,0,0,2,34.62975335678036,10,17
normal_355,0,20,17.484051185812792,0,0,0,2,34.62975335678036,10,17
normal_355,0,22,18.615103759198096,0,0,0,2,34.62975335678036,10,17
normal_355,0,24,23.0097938934547,0,0,0,2,34.62975335678036,10,17
normal_355,0,26,19.96143518986411,0,0,0,2,34.62975335678036,10,17
normal_355,0,28,13.495164508497046,0,0,0,2,34.62975335678036,10,17
normal_355,0,30,13.94698746217633,0,0,0,2,34.62975335678036,10,17
normal_355,0,32,15.908884813629522,0,0,0,2,34.62975335678036,10,17
normal_355,0,34,21.1989731374682,0,0,0,2,34.62975335678036,10,17
normal_355,0,36,22.8631274619963,0,0,0,2,34.62975335678036,10,17
normal_355,0,38,22.01963814733849,0,0,0,2,34.62975335678036,10,17
normal_355,0,40,22.509417431168234,0,0,0,2,34.62975335678036,10,17
normal_355,0,42,21.408046692980843,0,0,0,2,34.62975335678036,10,17
normal_355,0,44,17.598127978834547,0,0,0,2,34.62975335678036,10,17
normal_358,0,0,26.787649304813502,0,0,0,2,34.62975335678036,10,17
normal_358,0,2,24.661237455152584,0,0,0,2,34.62975335678036,10,17
normal_358,0,4,20.462087175282125,0,0,0,2,34.62975335678036,10,17
normal_358,0,6,22.406854703976297,0,0,0,2,34.62975335678036,10,17
normal_358,0,8,28.80330905107141,0,0,0,2,34.62975335678036,10,17
normal_358,0,10,20.723562864897108,0,0,0,2,34.62975335678036,10,17
normal_358,0,12,26.88348172513329,0,0,0,2,34.62975335678036,10,17
normal_358,0,14,23.242829398967118,0,0,0,2,34.62975335678036,10,17
normal_366,0,0,23.249268470743115,0,0,0,2,34.62975335678036,10,17
normal_366,0,2,13.109983530342983,0,0,0,2,34.62975335678036,10,17
normal_366,0,4,9.218414389103751,0,0,0,2,34.62975335678036,10,17
normal_366,0,6,12.457762925786312,0,0,0,2,34.62975335678036,10,17
normal_366,0,8,14.070451476045516,0,0,0,2,34.62975335678036,10,17
normal_366,0,10,11.520757747772295,0,0,0,2,34.62975335678036,10,17
normal_366,0,12,9.60891451149851,0,0,0,2,34.62975335678036,10,17
normal_366,0,14,7.227498039745261,0,0,0,2,34.62975335678036,10,17
normal_366,0,16,13.335476552149762,0,0,0,2,34.62975335678036,10,17
normal_366,0,18,9.349250887435813,0,0,0,2,34.62975335678036,10,17
normal_366,0,20,10.305318529455302,0,0,0,2,34.62975335678036,10,17
normal_366,0,22,21.473704129880097,0,0,0,2,34.62975335678036,10,17
normal_366,0,24,17.83907325170351,0,0,0,2,34.62975335678036,10,17
normal_366,0,26,9.945663727448085,0,0,0,2,34.62975335678036,10,17
normal_366,0,28,8.835077182523047,0,0,0,2,34.62975335678036,10,17
normal_366,0,30,6.264617113721264,0,0,0,2,34.62975335678036,10,17
normal_366,0,32,10.371753131762178,0,0,0,2,34.62975335678036,10,17
normal_366,0,34,10.0835430591999,0,0,0,2,34.62975335678036,10,17
normal_366,0,36,6.5452959644879245,0,0,0,2,34.62975335678036,10,17
normal_366,0,38,8.09903642121212,0,0,0,2,34.62975335678036,10,17
normal_366,0,40,9.069000341284905,0,0,0,2,34.62975335678036,10,17
normal_366,0,42,9.777390082811182,0,0,0,2,34.62975335678036,10,17
normal_366,0,44,9.95788717422251,0,0,0,2,34.62975335678036,10,17
normal_376,0,0,19.754230219569493,0,0,0,2,34.62975335678036,10,17
normal_376,0,2,16.049809416103912,0,0,0,2,34.62975335678036,10,17
normal_376,0,4,14.223710077434818,0,0,0,2,34.62975335678036,10,17
normal_376,0,6,13.154088864729747,0,0,0,2,34.62975335678036,10,17
normal_376,0,8,16.999745167843596,0,0,0,2,34.62975335678036,10,17
normal_376,0,10,14.619440412522943,0,0,0,2,34.62975335678036,10,17
normal_376,0,12,17.26162333925832,0,0,0,2,34.62975335678036,10,17
normal_376,0,14,16.925624262504314,0,0,0,2,34.62975335678036,10,17
normal_376,0,16,14.413347690978043,0,0,0,2,34.62975335678036,10,17
normal_386,0,0,9.733796868511844,0,0,0,2,34.62975335678036,10,17
normal_386,0,2,11.06945475416149,0,0,0,2,34.62975335678036,10,17
normal_386,0,4,11.869745259122949,0,0,0,2,34.62975335678036,10,17
normal_386,0,6,7.206224367830445,0,0,0,2,34.62975335678036,10,17
normal_386,0,8,4.856635756397377,0,0,0,2,34.62975335678036,10,17
normal_386,0,10,3.1572253976936273,0,0,0,2,34.62975335678036,10,17
normal_386,0,12,4.595485292890605,0,0,0,2,34.62975335678036,10,17
normal_386,0,14,6.895654403881342,0,0,0,2,34.62975335678036,10,17
normal_386,0,16,9.292898618030376,0,0,0,2,34.62975335678036,10,17
normal_386,0,18,9.439463165328151,0,0,0,2,34.62975335678036,10,17
normal_386,0,20,8.717727044854145,0,0,0,2,34.62975335678036,10,17
normal_386,0,22,11.136089195381132,0,0,0,2,34.62975335678036,10,17
normal_386,0,24,22.560483636937356,0,0,0,2,34.62975335678036,10,17
normal_386,0,26,11.558724578818753,0,0,0,2,34.62975335678036,10,17
normal_386,0,28,16.307795169923654,0,0,0,2,34.62975335678036,10,17
normal_386,0,30,9.417787541899248,0,0,0,2,34.62975335678036,10,17
normal_386,0,32,15.594245856770359,0,0,0,2,34.62975335678036,10,17
normal_386,0,34,14.138413947288079,0,0,0,2,34.62975335678036,10,17
normal_393,0,0,13.600616514784951,0,0,0,2,34.62975335678036,10,17
normal_393,0,2,18.68970293632801,0,0,0,2,34.62975335678036,10,17
normal_393,0,4,21.517289175043146,0,0,0,2,34.62975335678036,10,17
normal_393,0,6,22.226531247175785,0,0,0,2,34.62975335678036,10,17
normal_393,0,8,17.361702980547083,0,0,0,2,34.62975335678036,10,17
normal_393,0,10,14.21800481494853,0,0,0,2,34.62975335678036,10,17
normal_393,0,12,14.614528311067666,0,0,0,2,34.62975335678036,10,17
normal_393,0,14,17.654620957899304,0,0,0,2,34.62975335678036,10,17
normal_393,0,16,12.559505361368256,0,0,0,2,34.62975335678036,10,17
normal_393,0,18,20.266741719407207,0,0,0,2,34.62975335678036,10,17
normal_393,0,20,14.636368252224669,0,0,0,2,34.62975335678036,10,17
normal_409,0,0,17.175588915016505,0,0,0,2,34.62975335678036,10,17
normal_409,0,2,17.03830810835247,0,0,0,2,34.62975335678036,10,17
normal_409,0,4,19.037158503206136,0,0,0,2,34.62975335678036,10,17
normal_409,0,6,14.513013687617914,0,0,0,2,34.62975335678036,10,17
normal_409,0,8,12.79132425933193,0,0,0,2,34.62975335678036,10,17
normal_409,0,10,13.76185910738671,0,0,0,2,34.62975335678036,10,17
normal_409,0,12,15.363746197213421,0,0,0,2,34.62975335678036,10,17
normal_409,0,14,15.85851353199947,0,0,0,2,34.62975335678036,10,17
normal_409,0,16,15.027169790318304,0,0,0,2,34.62975335678036,10,17
normal_409,0,18,15.968034904039785,0,0,0,2,34.62975335678036,10,17
normal_409,0,20,17.328134056576754,0,0,0,2,34.62975335678036,10,17
normal_419,0,0,6.114375851336047,0,0,0,2,34.62975335678036,10,17
normal_419,0,2,5.996750537599253,0,0,0,2,34.62975335678036,10,17
normal_419,0,4,7.019075204881195,0,0,0,2,34.62975335678036,10,17
normal_419,0,6,8.18068866807287,0,0,0,2,34.62975335678036,10,17
normal_419,0,8,7.187192001765849,0,0,0,2,34.62975335678036,10,17
normal_419,0,10,7.73422865573413,0,0,0,2,34.62975335678036,10,17
normal_419,0,12,9.694499703947534,0,0,0,2,34.62975335678036,10,17
normal_419,0,14,8.280790860121796,0,0,0,2,34.62975335678036,10,17
normal_419,0,16,5.530624014268645,0,0,0,2,34.62975335678036,10,17
normal_419,0,18,9.585634351335907,0,0,0,2,34.62975335678036,10,17
normal_419,0,20,17.067524077947258,0,0,0,2,34.62975335678036,10,17
normal_419,0,22,16.5927798092646,0,0,0,2,34.62975335678036,10,17
normal_419,0,24,8.409971262324653,0,0,0,2,34.62975335678036,10,17
normal_419,0,26,5.976136733511566,0,0,0,2,34.62975335678036,10,17
normal_419,0,28,7.743578591413071,0,0,0,2,34.62975335678036,10,17
normal_419,0,30,8.880980014177801,0,0,0,2,34.62975335678036,10,17
normal_419,0,32,6.740757520026074,0,0,0,2,34.62975335678036,10,17
normal_419,0,34,7.246450115888385,0,0,0,2,34.62975335678036,10,17
normal_419,0,36,5.65820360567372,0,0,0,2,34.62975335678036,10,17
normal_419,0,38,6.3214805363561455,0,0,0,2,34.62975335678036,10,17
normal_419,0,40,6.420978807920159,0,0,0,2,34.62975335678036,10,17
normal_419,0,42,7.749709075560307,0,0,0,2,34.62975335678036,10,17
normal_419,0,44,7.2063649600804665,0,0,0,2,34.62975335678036,10,17
normal_420,0,0,13.910675110772756,0,0,0,2,34.62975335678036,10,17
normal_420,0,2,15.638751393672358,0,0,0,2,34.62975335678036,10,17
normal_420,0,4,15.017598004475758,0,0,0,2,34.62975335678036,10,17
normal_420,0,6,16.861948565856494,0,0,0,2,34.62975335678036,10,17
normal_420,0,8,15.075479462864791,0,0,0,2,34.62975335678036,10,17
normal_420,0,10,21.18245918250729,0,0,0,2,34.62975335678036,10,17
normal_420,0,12,25.090176408971768,0,0,0,2,34.62975335678036,10,17
normal_420,0,14,23.892352867990482,0,0,0,2,34.62975335678036,10,17
normal_420,0,16,17.53531757040356,0,0,0,2,34.62975335678036,10,17
normal_420,0,18,15.50720293341753,0,0,0,2,34.62975335678036,10,17
normal_420,0,20,18.04338618086778,0,0,0,2,34.62975335678036,10,17
normal_420,0,22,17.845057449523946,0,0,0,2,34.62975335678036,10,17
normal_420,0,24,13.991819129486066,0,0,0,2,34.62975335678036,10,17
normal_420,0,26,17.344449159166633,0,0,0,2,34.62975335678036,10,17
normal_420,0,28,18.882461079634716,0,0,0,2,34.62975335678036,10,17
normal_420,0,30,17.60032099571861,0,0,0,2,34.62975335678036,10,17
normal_420,0,32,17.665654432648125,0,0,0,2,34.62975335678036,10,17
normal_434,0,0,10.795013436928876,0,0,0,2,34.62975335678036,10,17
normal_434,0,2,12.098244778100977,0,0,0,2,34.62975335678036,10,17
normal_434,0,4,7.800500108702514,0,0,0,2,34.62975335678036,10,17
normal_434,0,6,8.73794921170074,0,0,0,2,34.62975335678036,10,17
normal_434,0,8,12.572490990574904,0,0,0,2,34.62975335678036,10,17
normal_434,0,10,13.081572357784125,0,0,0,2,34.62975335678036,10,17
normal_434,0,12,15.498969345919724,0,0,0,2,34.62975335678036,10,17
normal_434,0,14,17.6616258780365,0,0,0,2,34.62975335678036,10,17
normal_434,0,16,7.696645241175904,0,0,0,2,34.62975335678036,10,17
normal_434,0,18,4.570216064026139,0,0,0,2,34.62975335678036,10,17
normal_434,0,20,6.081040905200464,0,0,0,2,34.62975335678036,10,17
normal_434,0,22,7.054633596293235,0,0,0,2,34.62975335678036,10,17
normal_434,0,24,6.775015552785524,0,0,0,2,34.62975335678036,10,17
normal_434,0,26,6.56049067006645,0,0,0,2,34.62975335678036,10,17
normal_434,0,28,7.226037428994574,0,0,0,2,34.62975335678036,10,17
normal_434,0,30,5.725587469549452,0,0,0,2,34.62975335678036,10,17
normal_434,0,32,5.690683176968258,0,0,0,2,34.62975335678036,10,17
normal_434,0,34,6.326086330426162,0,0,0,2,34.62975335678036,10,17
normal_434,0,36,7.984638127046055,0,0,0,2,34.62975335678036,10,17
normal_434,0,38,8.953533521430309,0,0,0,2,34.62975335678036,10,17
normal_434,0,40,8.42182948374278,0,0,0,2,34.62975335678036,10,17
normal_434,0,42,5.908295129895096,0,0,0,2,34.62975335678036,10,17
normal_434,0,44,6.780704576670771,0,0,0,2,34.62975335678036,10,17
normal_440,0,0,17.43567555137842,0,0,0,2,34.62975335678036,10,17
normal_440,0,2,7.336619503345097,0,0,0,2,34.62975335678036,10,17
normal_440,0,4,9.533499759760382,0,0,0,2,34.62975335678036,10,17
normal_440,0,6,7.279954663168108,0,0,0,2,34.62975335678036,10,17
normal_440,0,8,5.501413708951792,0,0,0,2,34.62975335678036,10,17
normal_440,0,10,7.432487709063726,0,0,0,2,34.62975335678036,10,17
normal_440,0,12,4.911219218000911,0,0,0,2,34.62975335678036,10,17
normal_440,0,14,9.633489094755161,0,0,0,2,34.62975335678036,10,17
normal_440,0,16,16.715873826050974,0,0,0,2,34.62975335678036,10,17
normal_440,0,18,20.116981508981336,0,0,0,2,34.62975335678036,10,17
normal_440,0,20,16.121897864660937,0,0,0,2,34.62975335678036,10,17
normal_440,0,22,17.001511571330642,0,0,0,2,34.62975335678036,10,17
normal_440,0,24,12.557446396422797,0,0,0,2,34.62975335678036,10,17
normal_440,0,26,11.906082797815802,0,0,0,2,34.62975335678036,10,17
normal_440,0,28,8.180488841917922,0,0,0,2,34.62975335678036,10,17
normal_440,0,30,3.3325416064114193,0,0,0,2,34.62975335678036,10,17
normal_440,0,32,4.830496503832028,0,0,0,2,34.62975335678036,10,17
normal_440,0,34,9.228895794054434,0,0,0,2,34.62975335678036,10,17
normal_440,0,36,6.408017609734345,0,0,0,2,34.62975335678036,10,17
normal_440,0,38,6.979741858925332,0,0,0,2,34.62975335678036,10,17
normal_440,0,40,4.714847864676223,0,0,0,2,34.62975335678036,10,17
normal_440,0,42,13.71097702431739,0,0,0,2,34.62975335678036,10,17
normal_440,0,44,5.48613798220043,0,0,0,2,34.62975335678036,10,17
normal_444,0,0,20.402458350002377,0,0,0,2,34.62975335678036,10,17
normal_444,0,2,14.550290131804157,0,0,0,2,34.62975335678036,10,17
normal_444,0,4,17.037504417225186,0,0,0,2,34.62975335678036,10,17
normal_444,0,6,16.294534883642793,0,0,0,2,34.62975335678036,10,17
normal_444,0,8,8.49970010071529,0,0,0,2,34.62975335678036,10,17
normal_444,0,10,12.149688658020537,0,0,0,2,34.62975335678036,10,17
normal_444,0,12,9.949218389966143,0,0,0,2,34.62975335678036,10,17
normal_444,0,14,13.18881640660251,0,0,0,2,34.62975335678036,10,17
normal_444,0,16,8.114362747891786,0,0,0,2,34.62975335678036,10,17
normal_444,0,18,11.468527813130981,0,0,0,2,34.62975335678036,10,17
normal_444,0,20,10.69504798524703,0,0,0,2,34.62975335678036,10,17
normal_444,0,22,8.304481329565194,0,0,0,2,34.62975335678036,10,17
normal_444,0,24,8.669108089893651,0,0,0,2,34.62975335678036,10,17
normal_444,0,26,9.626825940554806,0,0,0,2,34.62975335678036,10,17
normal_444,0,28,10.101000583858498,0,0,0,2,34.62975335678036,10,17
normal_444,0,30,15.123968676188422,0,0,0,2,34.62975335678036,10,17
normal_444,0,32,8.592969981521271,0,0,0,2,34.62975335678036,10,17
normal_444,0,34,12.00430066344893,0,0,0,2,34.62975335678036,10,17
normal_444,0,36,10.357094526234073,0,0,0,2,34.62975335678036,10,17
normal_444,0,38,11.750400760490349,0,0,0,2,34.62975335678036,10,17
normal_444,0,40,17.483312666264116,0,0,0,2,34.62975335678036,10,17
normal_444,0,42,19.484914915742852,0,0,0,2,34.62975335678036,10,17
normal_444,0,44,18.255565686646992,0,0,0,2,34.62975335678036,10,17
normal_452,0,0,7.565483810878583,0,0,0,2,34.62975335678036,10,17
normal_452,0,2,10.386510709978399,0,0,0,2,34.62975335678036,10,17
normal_452,0,4,7.603261890656058,0,0,0,2,34.62975335678036,10,17
normal_452,0,6,7.346240091632514,0,0,0,2,34.62975335678036,10,17
normal_452,0,8,4.87606823696787,0,0,0,2,34.62975335678036,10,17
normal_452,0,10,7.795855206024384,0,0,0,2,34.62975335678036,10,17
normal_452,0,12,8.295198819259978,0,0,0,2,34.62975335678036,10,17
normal_452,0,14,10.749574258447842,0,0,0,2,34.62975335678036,10,17
normal_452,0,16,9.939885335661664,0,0,0,2,34.62975335678036,10,17
normal_452,0,18,9.015188233252815,0,0,0,2,34.62975335678036,10,17
normal_452,0,20,9.008747853235612,0,0,0,2,34.62975335678036,10,17
normal_452,0,22,8.676236958710234,0,0,0,2,34.62975335678036,10,17
normal_452,0,24,12.106504301865778,0,0,0,2,34.62975335678036,10,17
normal_452,0,26,13.572977895110599,0,0,0,2,34.62975335678036,10,17
normal_452,0,28,11.450409818504745,0,0,0,2,34.62975335678036,10,17
normal_452,0,30,6.314282178871244,0,0,0,2,34.62975335678036,10,17
normal_452,0,32,6.447274162231349,0,0,0,2,34.62975335678036,10,17
normal_455,0,0,15.104901683901703,0,0,0,2,34.62975335678036,10,17
normal_455,0,2,9.410724643204741,0,0,0,2,34.62975335678036,10,17
normal_455,0,4,12.208620810014033,0,0,0,2,34.62975335678036,10,17
normal_455,0,6,14.530829609923888,0,0,0,2,34.62975335678036,10,17
normal_455,0,8,15.987400970194637,0,0,0,2,34.62975335678036,10,17
normal_455,0,10,15.965886609401664,0,0,0,2,34.62975335678036,10,17
normal_455,0,12,14.063690852638429,0,0,0,2,34.62975335678036,10,17
normal_455,0,14,12.143159709124204,0,0,0,2,34.62975335678036,10,17
normal_455,0,16,11.211981089619103,0,0,0,2,34.62975335678036,10,17
normal_455,0,18,12.238840101755727,0,0,0,2,34.62975335678036,10,17
normal_455,0,20,12.60359117703417,0,0,0,2,34.62975335678036,10,17
normal_455,0,22,9.466684675109438,0,0,0,2,34.62975335678036,10,17
normal_455,0,24,10.524254445863386,0,0,0,2,34.62975335678036,10,17
normal_455,0,26,12.00530525194993,0,0,0,2,34.62975335678036,10,17
normal_455,0,28,13.157595343654778,0,0,0,2,34.62975335678036,10,17
normal_455,0,30,11.586685801229171,0,0,0,2,34.62975335678036,10,17
normal_455,0,32,11.930384879111608,0,0,0,2,34.62975335678036,10,17
normal_455,0,34,13.352162667148363,0,0,0,2,34.62975335678036,10,17
normal_455,0,36,17.945142109630833,0,0,0,2,34.62975335678036,10,17
normal_455,0,38,11.910383631981928,0,0,0,2,34.62975335678036,10,17
normal_455,0,40,13.129383216396265,0,0,0,2,34.62975335678036,10,17
normal_455,0,42,10.469383192890383,0,0,0,2,34.62975335678036,10,17
normal_455,0,44,11.021068529262811,0,0,0,2,34.62975335678036,10,17
normal_456,0,0,24.965485535592137,0,0,0,2,34.62975335678036,10,17
normal_456,0,2,19.240462312198044,0,0,0,2,34.62975335678036,10,17
normal_456,0,4,24.193145920581664,0,0,0,2,34.62975335678036,10,17
normal_456,0,6,20.295424177004794,0,0,0,2,34.62975335678036,10,17
normal_456,0,8,23.494419239329268,0,0,0,2,34.62975335678036,10,17
normal_456,0,10,28.96576942370769,0,0,0,2,34.62975335678036,10,17
normal_456,0,12,20.756097233657957,0,0,0,2,34.62975335678036,10,17
normal_456,0,14,34.73298872028204,1,1,0,2,34.62975335678036,10,17
normal_456,0,16,33.395592701959096,0,0,0,2,34.62975335678036,10,17
normal_456,0,18,25.86335951436092,0,0,0,2,34.62975335678036,10,17
normal_456,0,20,29.81490904431305,0,0,0,2,34.62975335678036,10,17
normal_456,0,22,21.46955414022227,0,0,0,2,34.62975335678036,10,17
normal_456,0,24,23.8817209244123,0,0,0,2,34.62975335678036,10,17
normal_456,0,26,17.73657060074348,0,0,0,2,34.62975335678036,10,17
normal_456,0,28,15.426046947174761,0,0,0,2,34.62975335678036,10,17
normal_456,0,30,15.594550900970757,0,0,0,2,34.62975335678036,10,17
normal_456,0,32,26.078964943925655,0,0,0,2,34.62975335678036,10,17
normal_456,0,34,29.736509443944605,0,0,0,2,34.62975335678036,10,17
normal_456,0,36,20.643971758136765,0,0,0,2,34.62975335678036,10,17
normal_456,0,38,36.113248871009056,1,1,0,2,34.62975335678036,10,17
normal_456,0,40,40.854430682170545,1,2,0,2,34.62975335678036,10,17
normal_456,0,42,37.47751400741995,1,3,0,2,34.62975335678036,10,17
normal_456,0,44,31.495150306181067,0,0,0,2,34.62975335678036,10,17
normal_462,0,0,7.032511885317772,0,0,0,2,34.62975335678036,10,17
normal_462,0,2,9.475499550553055,0,0,0,2,34.62975335678036,10,17
normal_462,0,4,13.325292653558982,0,0,0,2,34.62975335678036,10,17
normal_462,0,6,12.69861113706559,0,0,0,2,34.62975335678036,10,17
normal_462,0,8,14.506494295381229,0,0,0,2,34.62975335678036,10,17
normal_462,0,10,13.387102653164986,0,0,0,2,34.62975335678036,10,17
normal_462,0,12,12.47422902837694,0,0,0,2,34.62975335678036,10,17
normal_462,0,14,10.033994720116151,0,0,0,2,34.62975335678036,10,17
normal_462,0,16,5.79609675040462,0,0,0,2,34.62975335678036,10,17
normal_462,0,18,9.990281735975389,0,0,0,2,34.62975335678036,10,17
normal_462,0,20,9.62493661894331,0,0,0,2,34.62975335678036,10,17
normal_462,0,22,6.1781022286518965,0,0,0,2,34.62975335678036,10,17
normal_462,0,24,3.9560410596225366,0,0,0,2,34.62975335678036,10,17
normal_462,0,26,6.641322817593875,0,0,0,2,34.62975335678036,10,17
normal_462,0,28,8.018160505444431,0,0,0,2,34.62975335678036,10,17
normal_462,0,30,8.563835853793213,0,0,0,2,34.62975335678036,10,17
normal_462,0,32,4.713063760830458,0,0,0,2,34.62975335678036,10,17
normal_462,0,34,6.045953319130332,0,0,0,2,34.62975335678036,10,17
normal_462,0,36,9.008840575173677,0,0,0,2,34.62975335678036,10,17
normal_462,0,38,7.631687999513214,0,0,0,2,34.62975335678036,10,17
normal_462,0,40,3.851036650639024,0,0,0,2,34.62975335678036,10,17
normal_462,0,42,5.468592877446087,0,0,0,2,34.62975335678036,10,17
normal_471,0,0,12.700810640415527,0,0,0,2,34.62975335678036,10,17
normal_471,0,2,12.288255522602807,0,0,0,2,34.62975335678036,10,17
normal_471,0,4,12.461933876263771,0,0,0,2,34.62975335678036,10,17
normal_471,0,6,11.467553083570117,0,0,0,2,34.62975335678036,10,17
normal_471,0,8,11.629405572249661,0,0,0,2,34.62975335678036,10,17
normal_471,0,10,14.74257276736121,0,0,0,2,34.62975335678036,10,17
normal_471,0,12,16.675190503304805,0,0,0,2,34.62975335678036,10,17
normal_471,0,14,14.215397129002138,0,0,0,2,34.62975335678036,10,17
normal_471,0,16,12.053642577226011,0,0,0,2,34.62975335678036,10,17
normal_471,0,18,13.707931215379551,0,0,0,2,34.62975335678036,10,17
normal_490,0,0,5.208680470143406,0,0,0,2,34.62975335678036,10,17
normal_490,0,2,3.6416755241431233,0,0,0,2,34.62975335678036,10,17
normal_490,0,4,3.746867194591876,0,0,0,2,34.62975335678036,10,17
normal_490,0,6,4.140136867871432,0,0,0,2,34.62975335678036,10,17
normal_490,0,8,3.9102573332272916,0,0,0,2,34.62975335678036,10,17
normal_490,0,10,3.996757511569252,0,0,0,2,34.62975335678036,10,17
normal_490,0,12,5.605913684413301,0,0,0,2,34.62975335678036,10,17
normal_490,0,14,3.628526497360356,0,0,0,2,34.62975335678036,10,17
normal_490,0,16,4.239187631775079,0,0,0,2,34.62975335678036,10,17
normal_492,0,0,6.413193115795129,0,0,0,2,34.62975335678036,10,17
normal_492,0,2,6.900364411062354,0,0,0,2,34.62975335678036,10,17
normal_492,0,4,4.759302073014244,0,0,0,2,34.62975335678036,10,17
normal_492,0,6,4.962910314614061,0,0,0,2,34.62975335678036,10,17
normal_492,0,8,3.5378536765689224,0,0,0,2,34.62975335678036,10,17
normal_492,0,10,3.972957474368522,0,0,0,2,34.62975335678036,10,17
normal_492,0,12,4.767119601704273,0,0,0,2,34.62975335678036,10,17
normal_492,0,14,7.543605202408133,0,0,0,2,34.62975335678036,10,17
normal_492,0,16,9.931509195113232,0,0,0,2,34.62975335678036,10,17
normal_492,0,18,8.043070699721225,0,0,0,2,34.62975335678036,10,17
normal_492,0,20,6.593370999495914,0,0,0,2,34.62975335678036,10,17
normal_492,0,22,9.429979320525542,0,0,0,2,34.62975335678036,10,17
normal_492,0,24,7.461063574474232,0,0,0,2,34.62975335678036,10,17
normal_492,0,26,8.96756818407926,0,0,0,2,34.62975335678036,10,17
normal_492,0,28,10.662618824129689,0,0,0,2,34.62975335678036,10,17
normal_492,0,30,12.854141256956371,0,0,0,2,34.62975335678036,10,17
normal_492,0,32,12.618784018379246,0,0,0,2,34.62975335678036,10,17
normal_492,0,34,13.87150314599411,0,0,0,2,34.62975335678036,10,17
normal_492,0,36,8.129796726812891,0,0,0,2,34.62975335678036,10,17
normal_492,0,38,13.14368060330856,0,0,0,2,34.62975335678036,10,17
normal_492,0,40,10.777159211591382,0,0,0,2,34.62975335678036,10,17
normal_492,0,42,7.771165762293564,0,0,0,2,34.62975335678036,10,17
normal_492,0,44,6.011641761637028,0,0,0,2,34.62975335678036,10,17
normal_499,0,0,4.114033698199421,0,0,0,2,34.62975335678036,10,17
normal_499,0,2,4.106874781302799,0,0,0,2,34.62975335678036,10,17
normal_499,0,4,5.141310484055815,0,0,0,2,34.62975335678036,10,17
normal_499,0,6,6.588772650383789,0,0,0,2,34.62975335678036,10,17
normal_499,0,8,6.534798372424988,0,0,0,2,34.62975335678036,10,17
normal_499,0,10,5.622168390447662,0,0,0,2,34.62975335678036,10,17
normal_499,0,12,6.57281868110021,0,0,0,2,34.62975335678036,10,17
normal_499,0,14,5.127087992796696,0,0,0,2,34.62975335678036,10,17
normal_499,0,16,5.0040890384183685,0,0,0,2,34.62975335678036,10,17
normal_499,0,18,7.473041296487029,0,0,0,2,34.62975335678036,10,17
normal_499,0,20,10.957095413268403,0,0,0,2,34.62975335678036,10,17
normal_499,0,22,10.473907312318556,0,0,0,2,34.62975335678036,10,17
normal_499,0,24,3.9537884334846,0,0,0,2,34.62975335678036,10,17
normal_499,0,26,3.567256340186543,0,0,0,2,34.62975335678036,10,17
normal_499,0,28,5.7190027029293935,0,0,0,2,34.62975335678036,10,17
normal_499,0,30,3.8704919298535425,0,0,0,2,34.62975335678036,10,17
normal_499,0,32,5.888692626671101,0,0,0,2,34.62975335678036,10,17
normal_499,0,34,6.272117868206363,0,0,0,2,34.62975335678036,10,17
normal_499,0,36,6.690884585250569,0,0,0,2,34.62975335678036,10,17
normal_499,0,38,7.094892411455594,0,0,0,2,34.62975335678036,10,17
normal_499,0,40,7.245107352916324,0,0,0,2,34.62975335678036,10,17
normal_499,0,42,6.947874453358821,0,0,0,2,34.62975335678036,10,17
normal_499,0,44,7.03059678000575,0,0,0,2,34.62975335678036,10,17
normal_516,0,0,5.277683206792388,0,0,0,2,34.62975335678036,10,17
normal_516,0,2,4.082655212317275,0,0,0,2,34.62975335678036,10,17
normal_516,0,4,5.543874752434259,0,0,0,2,34.62975335678036,10,17
normal_516,0,6,5.993169495317339,0,0,0,2,34.62975335678036,10,17
normal_516,0,8,4.737038672290476,0,0,0,2,34.62975335678036,10,17
normal_516,0,10,4.48720560978693,0,0,0,2,34.62975335678036,10,17
normal_516,0,12,4.110697709189408,0,0,0,2,34.62975335678036,10,17
normal_516,0,14,6.692743578164227,0,0,0,2,34.62975335678036,10,17
normal_516,0,16,5.000989569271526,0,0,0,2,34.62975335678036,10,17
normal_516,0,18,5.4189411370685,0,0,0,2,34.62975335678036,10,17
normal_516,0,20,8.582603215070002,0,0,0,2,34.62975335678036,10,17
normal_516,0,22,7.921114420007916,0,0,0,2,34.62975335678036,10,17
normal_516,0,24,7.568479238269797,0,0,0,2,34.62975335678036,10,17
normal_516,0,26,7.294376941951286,0,0,0,2,34.62975335678036,10,17
normal_516,0,28,7.09045147548006,0,0,0,2,34.62975335678036,10,17
normal_516,0,30,10.649067699464721,0,0,0,2,34.62975335678036,10,17
normal_516,0,32,12.627298269978802,0,0,0,2,34.62975335678036,10,17
normal_516,0,34,11.093579963927303,0,0,0,2,34.62975335678036,10,17
normal_516,0,36,10.269793823518643,0,0,0,2,34.62975335678036,10,17
normal_516,0,38,9.753461444589314,0,0,0,2,34.62975335678036,10,17
normal_516,0,40,7.477408732381851,0,0,0,2,34.62975335678036,10,17
normal_516,0,42,8.431160851040381,0,0,0,2,34.62975335678036,10,17
normal_516,0,44,6.740832450986239,0,0,0,2,34.62975335678036,10,17
normal_517,0,0,6.033598267559944,0,0,0,2,34.62975335678036,10,17
normal_517,0,2,4.530328479363055,0,0,0,2,34.62975335678036,10,17
normal_517,0,4,4.941297081271209,0,0,0,2,34.62975335678036,10,17
normal_517,0,6,7.2166495738923695,0,0,0,2,34.62975335678036,10,17
normal_517,0,8,4.8333007585230225,0,0,0,2,34.62975335678036,10,17
normal_517,0,10,5.777322451584101,0,0,0,2,34.62975335678036,10,17
normal_517,0,12,5.6868915116498835,0,0,0,2,34.62975335678036,10,17
normal_517,0,14,6.948543316911529,0,0,0,2,34.62975335678036,10,17
normal_517,0,16,6.85683188297551,0,0,0,2,34.62975335678036,10,17
normal_517,0,18,5.535978435596992,0,0,0,2,34.62975335678036,10,17
normal_517,0,20,7.76710912403157,0,0,0,2,34.62975335678036,10,17
normal_517,0,22,6.979650865888457,0,0,0,2,34.62975335678036,10,17
normal_517,0,24,4.5317823234020675,0,0,0,2,34.62975335678036,10,17
normal_517,0,26,4.1155971310077755,0,0,0,2,34.62975335678036,10,17
normal_517,0,28,4.051506230573607,0,0,0,2,34.62975335678036,10,17
normal_517,0,30,4.293988732253338,0,0,0,2,34.62975335678036,10,17
normal_517,0,32,4.194334549429665,0,0,0,2,34.62975335678036,10,17
normal_517,0,34,5.639386562578009,0,0,0,2,34.62975335678036,10,17
normal_518,0,0,6.8834778620154236,0,0,0,2,34.62975335678036,10,17
normal_518,0,2,5.688231451828421,0,0,0,2,34.62975335678036,10,17
normal_518,0,4,5.487335797089375,0,0,0,2,34.62975335678036,10,17
normal_518,0,6,4.349273072931594,0,0,0,2,34.62975335678036,10,17
normal_518,0,8,5.841333912078016,0,0,0,2,34.62975335678036,10,17
normal_518,0,10,6.075407937421938,0,0,0,2,34.62975335678036,10,17
normal_518,0,12,6.59349893272108,0,0,0,2,34.62975335678036,10,17
normal_518,0,14,7.86084089575375,0,0,0,2,34.62975335678036,10,17
normal_518,0,16,6.354079747542292,0,0,0,2,34.62975335678036,10,17
normal_518,0,18,6.254459810032682,0,0,0,2,34.62975335678036,10,17
normal_518,0,20,5.641077020489949,0,0,0,2,34.62975335678036,10,17
normal_539,0,0,8.657360099282075,0,0,0,2,34.62975335678036,10,17
normal_539,0,2,9.193088236668306,0,0,0,2,34.62975335678036,10,17
normal_539,0,4,6.580566726016554,0,0,0,2,34.62975335678036,10,17
normal_539,0,6,6.688009126084459,0,0,0,2,34.62975335678036,10,17
normal_539,0,8,7.223943963105725,0,0,0,2,34.62975335678036,10,17
normal_539,0,10,5.752067104157773,0,0,0,2,34.62975335678036,10,17
normal_539,0,12,5.473822802643162,0,0,0,2,34.62975335678036,10,17
normal_539,0,14,4.51609532916259,0,0,0,2,34.62975335678036,10,17
normal_539,0,16,5.272601901453588,0,0,0,2,34.62975335678036,10,17
normal_539,0,18,5.515242791672223,0,0,0,2,34.62975335678036,10,17
normal_539,0,20,5.141213321772286,0,0,0,2,34.62975335678036,10,17
normal_539,0,22,7.680359279900649,0,0,0,2,34.62975335678036,10,17
normal_539,0,24,7.50534214104906,0,0,0,2,34.62975335678036,10,17
normal_539,0,26,6.172133822748584,0,0,0,2,34.62975335678036,10,17
normal_539,0,28,6.077088017298718,0,0,0,2,34.62975335678036,10,17
normal_539,0,30,5.186668320203438,0,0,0,2,34.62975335678036,10,17
normal_552,0,0,4.541674228707236,0,0,0,2,34.62975335678036,10,17
normal_552,0,2,5.1194275228335675,0,0,0,2,34.62975335678036,10,17
normal_552,0,4,6.118434849376174,0,0,0,2,34.62975335678036,10,17
normal_552,0,6,5.250725518077692,0,0,0,2,34.62975335678036,10,17
normal_552,0,8,7.299657007779649,0,0,0,2,34.62975335678036,10,17
normal_552,0,10,8.150596399154546,0,0,0,2,34.62975335678036,10,17
normal_552,0,12,7.5635301025094455,0,0,0,2,34.62975335678036,10,17
normal_552,0,14,5.1513595374657335,0,0,0,2,34.62975335678036,10,17
normal_552,0,16,5.1183409421008434,0,0,0,2,34.62975335678036,10,17
normal_552,0,18,6.260797818948597,0,0,0,2,34.62975335678036,10,17
normal_552,0,20,7.115263151969849,0,0,0,2,34.62975335678036,10,17
normal_552,0,22,6.782465129619359,0,0,0,2,34.62975335678036,10,17
normal_552,0,24,9.901816186057838,0,0,0,2,34.62975335678036,10,17
normal_552,0,26,5.407374390718993,0,0,0,2,34.62975335678036,10,17
normal_552,0,28,8.256041333887772,0,0,0,2,34.62975335678036,10,17
normal_552,0,30,3.51278701467428,0,0,0,2,34.62975335678036,10,17
normal_552,0,32,7.422854264209668,0,0,0,2,34.62975335678036,10,17
normal_552,0,34,7.589660868536068,0,0,0,2,34.62975335678036,10,17
normal_552,0,36,9.755222745342241,0,0,0,2,34.62975335678036,10,17
normal_552,0,38,13.366326181378087,0,0,0,2,34.62975335678036,10,17
normal_552,0,40,14.53619097789679,0,0,0,2,34.62975335678036,10,17
normal_557,0,0,7.699585438471156,0,0,0,2,34.62975335678036,10,17
normal_557,0,2,7.084774666076321,0,0,0,2,34.62975335678036,10,17
normal_557,0,4,6.303698254222547,0,0,0,2,34.62975335678036,10,17
normal_557,0,6,5.68546756174554,0,0,0,2,34.62975335678036,10,17
normal_557,0,8,4.253288519298568,0,0,0,2,34.62975335678036,10,17
normal_557,0,10,5.640537486018367,0,0,0,2,34.62975335678036,10,17
normal_557,0,12,6.243756885821461,0,0,0,2,34.62975335678036,10,17
normal_557,0,14,3.77479620055808,0,0,0,2,34.62975335678036,10,17
normal_557,0,16,4.395598828728517,0,0,0,2,34.62975335678036,10,17
normal_557,0,18,5.706634821272418,0,0,0,2,34.62975335678036,10,17
normal_557,0,20,7.371071454354865,0,0,0,2,34.62975335678036,10,17
normal_557,0,22,7.575677999995496,0,0,0,2,34.62975335678036,10,17
normal_557,0,24,9.654563014737555,0,0,0,2,34.62975335678036,10,17
normal_557,0,26,7.282734684744875,0,0,0,2,34.62975335678036,10,17
normal_557,0,28,4.552219772689366,0,0,0,2,34.62975335678036,10,17
normal_557,0,30,4.927032053515441,0,0,0,2,34.62975335678036,10,17
normal_557,0,32,4.0938084970454565,0,0,0,2,34.62975335678036,10,17
normal_557,0,34,3.7931483048191814,0,0,0,2,34.62975335678036,10,17
normal_557,0,36,4.433346914813174,0,0,0,2,34.62975335678036,10,17
normal_557,0,38,7.9418428727078725,0,0,0,2,34.62975335678036,10,17
normal_557,0,40,9.105224420851071,0,0,0,2,34.62975335678036,10,17
normal_557,0,42,9.673639517203265,0,0,0,2,34.62975335678036,10,17
normal_557,0,44,8.915946736875142,0,0,0,2,34.62975335678036,10,17
normal_559,0,0,10.095774474325648,0,0,0,2,34.62975335678036,10,17
normal_559,0,2,10.507139934486645,0,0,0,2,34.62975335678036,10,17
normal_559,0,4,10.085910049703998,0,0,0,2,34.62975335678036,10,17
normal_559,0,6,10.789881206963374,0,0,0,2,34.62975335678036,10,17
normal_559,0,8,11.836341570448385,0,0,0,2,34.62975335678036,10,17
normal_559,0,10,12.735129516877768,0,0,0,2,34.62975335678036,10,17
normal_559,0,12,11.603378838482021,0,0,0,2,34.62975335678036,10,17
normal_559,0,14,12.138526529187649,0,0,0,2,34.62975335678036,10,17
normal_559,0,16,9.154021822829886,0,0,0,2,34.62975335678036,10,17
normal_559,0,18,6.419013174282576,0,0,0,2,34.62975335678036,10,17
normal_559,0,20,4.791154550876168,0,0,0,2,34.62975335678036,10,17
normal_559,0,22,5.260179603049285,0,0,0,2,34.62975335678036,10,17
normal_559,0,24,5.175871017227875,0,0,0,2,34.62975335678036,10,17
normal_562,0,0,10.075055451544555,0,0,0,2,34.62975335678036,10,17
normal_562,0,2,11.228238004634488,0,0,0,2,34.62975335678036,10,17
normal_562,0,4,8.973515440685606,0,0,0,2,34.62975335678036,10,17
normal_562,0,6,6.72419360346617,0,0,0,2,34.62975335678036,10,17
normal_562,0,8,4.489411309517485,0,0,0,2,34.62975335678036,10,17
normal_562,0,10,5.775771943038915,0,0,0,2,34.62975335678036,10,17
normal_562,0,12,7.375064788882684,0,0,0,2,34.62975335678036,10,17
normal_562,0,14,6.208920442667759,0,0,0,2,34.62975335678036,10,17
normal_562,0,16,6.527423185305394,0,0,0,2,34.62975335678036,10,17
normal_562,0,18,7.327336881041225,0,0,0,2,34.62975335678036,10,17
normal_562,0,20,12.53819686646118,0,0,0,2,34.62975335678036,10,17
normal_562,0,22,10.86281203444356,0,0,0,2,34.62975335678036,10,17
normal_562,0,24,8.91016205044572,0,0,0,2,34.62975335678036,10,17
normal_562,0,26,7.138965380152811,0,0,0,2,34.62975335678036,10,17
normal_562,0,28,7.926957664935226,0,0,0,2,34.62975335678036,10,17
normal_562,0,30,7.418102457004397,0,0,0,2,34.62975335678036,10,17
normal_562,0,32,7.174827966570751,0,0,0,2,34.62975335678036,10,17
normal_562,0,34,9.095981031830478,0,0,0,2,34.62975335678036,10,17
normal_562,0,36,8.717558476125392,0,0,0,2,34.62975335678036,10,17
normal_562,0,38,7.62862317446322,0,0,0,2,34.62975335678036,10,17
normal_562,0,40,8.256952090469424,0,0,0,2,34.62975335678036,10,17
normal_562,0,42,10.176359134607624,0,0,0,2,34.62975335678036,10,17
normal_562,0,44,11.531899195283255,0,0,0,2,34.62975335678036,10,17
normal_568,0,0,11.889894294154075,0,0,0,2,34.62975335678036,10,17
normal_568,0,2,9.122099214485441,0,0,0,2,34.62975335678036,10,17
normal_568,0,4,11.970264731632339,0,0,0,2,34.62975335678036,10,17
normal_568,0,6,14.142525346115224,0,0,0,2,34.62975335678036,10,17
normal_568,0,8,14.292045203015874,0,0,0,2,34.62975335678036,10,17
normal_568,0,10,14.447255025259153,0,0,0,2,34.62975335678036,10,17
normal_568,0,12,13.970401177388032,0,0,0,2,34.62975335678036,10,17
normal_568,0,14,17.445485115208207,0,0,0,2,34.62975335678036,10,17
normal_568,0,16,17.370707754068484,0,0,0,2,34.62975335678036,10,17
normal_568,0,18,17.643866310902325,0,0,0,2,34.62975335678036,10,17
normal_568,0,20,11.540761012593464,0,0,0,2,34.62975335678036,10,17
normal_568,0,22,13.279515424394782,0,0,0,2,34.62975335678036,10,17
normal_568,0,24,12.180632448477489,0,0,0,2,34.62975335678036,10,17
normal_568,0,26,11.561576967817166,0,0,0,2,34.62975335678036,10,17
normal_568,0,28,10.706818964820691,0,0,0,2,34.62975335678036,10,17
normal_568,0,30,11.764540201782046,0,0,0,2,34.62975335678036,10,17
normal_568,0,32,14.573873808882954,0,0,0,2,34.62975335678036,10,17
normal_568,0,34,15.416876521897992,0,0,0,2,34.62975335678036,10,17
normal_568,0,36,11.355261355763723,0,0,0,2,34.62975335678036,10,17
normal_568,0,38,12.646204442809472,0,0,0,2,34.62975335678036,10,17
normal_568,0,40,13.606715384200404,0,0,0,2,34.62975335678036,10,17
normal_568,0,42,11.315145373374147,0,0,0,2,34.62975335678036,10,17
normal_568,0,44,10.899053884774325,0,0,0,2,34.62975335678036,10,17
normal_576,0,0,21.107291918235667,0,0,0,2,34.62975335678036,10,17
normal_576,0,2,17.529979426762356,0,0,0,2,34.62975335678036,10,17
normal_576,0,4,14.27163442051588,0,0,0,2,34.62975335678036,10,17
normal_576,0,6,18.927113617757172,0,0,0,2,34.62975335678036,10,17
normal_576,0,8,19.25075006501915,0,0,0,2,34.62975335678036,10,17
normal_576,0,10,19.726220814525508,0,0,0,2,34.62975335678036,10,17
normal_576,0,12,20.315292458800915,0,0,0,2,34.62975335678036,10,17
normal_576,0,14,23.317228772643983,0,0,0,2,34.62975335678036,10,17
normal_576,0,16,23.975274675168023,0,0,0,2,34.62975335678036,10,17
normal_576,0,18,23.306862487103544,0,0,0,2,34.62975335678036,10,17
normal_576,0,20,27.010731585930845,0,0,0,2,34.62975335678036,10,17
normal_576,0,22,17.310100366951954,0,0,0,2,34.62975335678036,10,17
normal_576,0,24,20.113460645526356,0,0,0,2,34.62975335678036,10,17
normal_576,0,26,15.588304709233798,0,0,0,2,34.62975335678036,10,17
normal_576,0,28,14.472469298758417,0,0,0,2,34.62975335678036,10,17
normal_576,0,30,14.941683172998218,0,0,0,2,34.62975335678036,10,17
normal_576,0,32,13.582935752333,0,0,0,2,34.62975335678036,10,17
normal_576,0,34,16.795603260331866,0,0,0,2,34.62975335678036,10,17
normal_576,0,36,20.39749733872812,0,0,0,2,34.62975335678036,10,17
normal_576,0,38,17.351091723633218,0,0,0,2,34.62975335678036,10,17
normal_576,0,40,32.90019476471682,0,0,0,2,34.62975335678036,10,17
normal_576,0,42,25.50008863117391,0,0,0,2,34.62975335678036,10,17
normal_576,0,44,30.17682193079693,0,0,0,2,34.62975335678036,10,17
normal_588,0,0,12.235724354304383,0,0,0,2,34.62975335678036,10,17
normal_588,0,2,12.728719490888663,0,0,0,2,34.62975335678036,10,17
normal_588,0,4,10.914844038329617,0,0,0,2,34.62975335678036,10,17
normal_588,0,6,12.046996734449108,0,0,0,2,34.62975335678036,10,17
normal_588,0,8,12.130450600396923,0,0,0,2,34.62975335678036,10,17
normal_588,0,10,12.68004803985632,0,0,0,2,34.62975335678036,10,17
normal_588,0,12,11.057779043543867,0,0,0,2,34.62975335678036,10,17
normal_588,0,14,11.901276183227044,0,0,0,2,34.62975335678036,10,17
normal_588,0,16,12.559916305402263,0,0,0,2,34.62975335678036,10,17
normal_588,0,18,13.024826302072412,0,0,0,2,34.62975335678036,10,17
normal_588,0,20,12.102492924380487,0,0,0,2,34.62975335678036,10,17
normal_588,0,22,11.008899303472466,0,0,0,2,34.62975335678036,10,17
normal_588,0,24,12.008431123481742,0,0,0,2,34.62975335678036,10,17
normal_588,0,26,13.214736851572665,0,0,0,2,34.62975335678036,10,17
normal_588,0,28,12.270180827692865,0,0,0,2,34.62975335678036,10,17
normal_588,0,30,8.886826926746087,0,0,0,2,34.62975335678036,10,17
normal_588,0,32,8.612967785976634,0,0,0,2,34.62975335678036,10,17
normal_588,0,34,8.758188309877088,0,0,0,2,34.62975335678036,10,17
normal_588,0,36,8.570129316322072,0,0,0,2,34.62975335678036,10,17
normal_588,0,38,7.406048952249554,0,0,0,2,34.62975335678036,10,17
normal_588,0,40,7.191253595148501,0,0,0,2,34.62975335678036,10,17
normal_588,0,42,10.37615825299232,0,0,0,2,34.62975335678036,10,17
normal_588,0,44,10.737759882762786,0,0,0,2,34.62975335678036,10,17
normal_590,0,0,15.866479653723221,0,0,0,2,34.62975335678036,10,17
normal_590,0,2,13.661658429135432,0,0,0,2,34.62975335678036,10,17
normal_590,0,4,9.735122960641132,0,0,0,2,34.62975335678036,10,17
normal_590,0,6,18.307875411146547,0,0,0,2,34.62975335678036,10,17
normal_590,0,8,18.91654567700348,0,0,0,2,34.62975335678036,10,17
normal_590,0,10,16.26224156419864,0,0,0,2,34.62975335678036,10,17
normal_590,0,12,17.054856394674303,0,0,0,2,34.62975335678036,10,17
normal_590,0,14,14.959756766135788,0,0,0,2,34.62975335678036,10,17
normal_590,0,16,15.04003200172267,0,0,0,2,34.62975335678036,10,17
normal_590,0,18,13.219254138994863,0,0,0,2,34.62975335678036,10,17
normal_590,0,20,13.656560000756047,0,0,0,2,34.62975335678036,10,17
normal_590,0,22,12.179193718155629,0,0,0,2,34.62975335678036,10,17
normal_590,0,24,11.66217900559757,0,0,0,2,34.62975335678036,10,17
normal_593,0,0,8.850760088315239,0,0,0,2,34.62975335678036,10,17
normal_593,0,2,9.21404505745119,0,0,0,2,34.62975335678036,10,17
normal_593,0,4,10.650145157529364,0,0,0,2,34.62975335678036,10,17
normal_593,0,6,12.083112095233684,0,0,0,2,34.62975335678036,10,17
normal_593,0,8,11.919483369663151,0,0,0,2,34.62975335678036,10,17
normal_593,0,10,12.449464351646757,0,0,0,2,34.62975335678036,10,17
normal_593,0,12,10.236128689503762,0,0,0,2,34.62975335678036,10,17
normal_593,0,14,10.757137095980008,0,0,0,2,34.62975335678036,10,17
normal_593,0,16,9.786756159537667,0,0,0,2,34.62975335678036,10,17
normal_593,0,18,11.30384784910939,0,0,0,2,34.62975335678036,10,17
normal_593,0,20,10.926728390060095,0,0,0,2,34.62975335678036,10,17
normal_593,0,22,12.332431332964543,0,0,0,2,34.62975335678036,10,17
normal_593,0,24,14.57742528087583,0,0,0,2,34.62975335678036,10,17
normal_593,0,26,12.814871219113272,0,0,0,2,34.62975335678036,10,17
normal_593,0,28,14.42864264494705,0,0,0,2,34.62975335678036,10,17
normal_593,0,30,11.86915023818937,0,0,0,2,34.62975335678036,10,17
normal_593,0,32,16.62833904085923,0,0,0,2,34.62975335678036,10,17
normal_593,0,34,15.923498234213323,0,0,0,2,34.62975335678036,10,17
normal_593,0,36,18.745047361479912,0,0,0,2,34.62975335678036,10,17
normal_593,0,38,19.15319273206399,0,0,0,2,34.62975335678036,10,17
normal_593,0,40,18.17082679960648,0,0,0,2,34.62975335678036,10,17
normal_593,0,42,14.209022418863102,0,0,0,2,34.62975335678036,10,17
normal_593,0,44,13.179439212131514,0,0,0,2,34.62975335678036,10,17
normal_594,0,0,8.907653507234258,0,0,0,2,34.62975335678036,10,17
normal_594,0,2,14.786643943034703,0,0,0,2,34.62975335678036,10,17
normal_594,0,4,18.475924010086135,0,0,0,2,34.62975335678036,10,17
normal_594,0,6,11.64756531520535,0,0,0,2,34.62975335678036,10,17
normal_594,0,8,19.025281152436214,0,0,0,2,34.62975335678036,10,17
normal_594,0,10,16.233787887807566,0,0,0,2,34.62975335678036,10,17
normal_594,0,12,8.45445325993851,0,0,0,2,34.62975335678036,10,17
normal_594,0,14,11.351416931160294,0,0,0,2,34.62975335678036,10,17
normal_594,0,16,7.121315536349149,0,0,0,2,34.62975335678036,10,17
normal_594,0,18,19.237259002625574,0,0,0,2,34.62975335678036,10,17
normal_594,0,20,14.978025036251198,0,0,0,2,34.62975335678036,10,17
normal_594,0,22,13.300318724764018,0,0,0,2,34.62975335678036,10,17
normal_594,0,24,24.0203031285124,0,0,0,2,34.62975335678036,10,17
normal_594,0,26,20.481153887732244,0,0,0,2,34.62975335678036,10,17
normal_594,0,28,12.472365586288857,0,0,0,2,34.62975335678036,10,17
normal_594,0,30,19.899587904686662,0,0,0,2,34.62975335678036,10,17
normal_594,0,32,14.390040227306356,0,0,0,2,34.62975335678036,10,17
normal_594,0,34,22.49891161258351,0,0,0,2,34.62975335678036,10,17
normal_594,0,36,18.359318633866224,0,0,0,2,34.62975335678036,10,17
normal_594,0,38,15.617674744769612,0,0,0,2,34.62975335678036,10,17
normal_594,0,40,8.761111387815385,0,0,0,2,34.62975335678036,10,17
normal_595,0,0,13.949826305929868,0,0,0,2,34.62975335678036,10,17
normal_595,0,2,15.602968484543126,0,0,0,2,34.62975335678036,10,17
normal_595,0,4,16.060199177698394,0,0,0,2,34.62975335678036,10,17
normal_595,0,6,23.741301748409285,0,0,0,2,34.62975335678036,10,17
normal_595,0,8,27.041906267636698,0,0,0,2,34.62975335678036,10,17
normal_595,0,10,24.582396838389904,0,0,0,2,34.62975335678036,10,17
normal_595,0,12,23.182069324663754,0,0,0,2,34.62975335678036,10,17
normal_595,0,14,21.79030856293416,0,0,0,2,34.62975335678036,10,17
normal_595,0,16,20.333429499896596,0,0,0,2,34.62975335678036,10,17
normal_595,0,18,19.793405043916984,0,0,0,2,34.62975335678036,10,17
normal_595,0,20,18.292135372232888,0,0,0,2,34.62975335678036,10,17
normal_595,0,22,20.71039921422137,0,0,0,2,34.62975335678036,10,17
normal_595,0,24,18.43614621995933,0,0,0,2,34.62975335678036,10,17
normal_595,0,26,18.377321519080407,0,0,0,2,34.62975335678036,10,17
normal_595,0,28,24.827682526994543,0,0,0,2,34.62975335678036,10,17
normal_595,0,30,20.242442411398677,0,0,0,2,34.62975335678036,10,17
anomaly_7,1,0,1246.7425928774703,1,1,0,2,34.62975335678036,10,17
anomaly_7,1,2,1113.6907505875377,1,2,0,2,34.62975335678036,10,17
anomaly_7,1,4,275.99835621660753,1,3,0,2,34.62975335678036,10,17
anomaly_7,1,6,576.8722622771638,1,4,0,2,34.62975335678036,10,17
anomaly_7,1,8,632.0349465828574,1,5,0,2,34.62975335678036,10,17
anomaly_7,1,10,770.5382316209048,1,6,0,2,34.62975335678036,10,17
anomaly_7,1,12,306.0501039979037,1,7,0,2,34.62975335678036,10,17
anomaly_7,1,14,102.24636236214367,1,8,0,2,34.62975335678036,10,17
anomaly_7,1,16,101.33721750926664,1,9,0,2,34.62975335678036,10,17
anomaly_7,1,18,165.24268472771752,1,10,1,2,34.62975335678036,10,17
anomaly_7,1,20,66.77602992868938,1,11,1,2,34.62975335678036,10,17
anomaly_7,1,22,109.5964538891523,1,12,1,2,34.62975335678036,10,17
anomaly_7,1,24,128.1516237663373,1,13,1,2,34.62975335678036,10,17
anomaly_7,1,26,238.70507573808285,1,14,1,2,34.62975335678036,10,17
anomaly_7,1,28,2718.4048863716707,1,15,1,2,34.62975335678036,10,17
anomaly_7,1,30,3637.303903548199,1,16,1,2,34.62975335678036,10,17
anomaly_7,1,32,2652.4590677844494,1,17,1,2,34.62975335678036,10,17
anomaly_7,1,34,1558.098651614481,1,18,1,2,34.62975335678036,10,17
anomaly_7,1,36,1858.7201236952494,1,19,1,2,34.62975335678036,10,17
anomaly_7,1,38,1807.7455252931977,1,20,1,2,34.62975335678036,10,17
anomaly_7,1,40,569.9011480236954,1,21,1,2,34.62975335678036,10,17
anomaly_7,1,42,1265.6895423280464,1,22,1,2,34.62975335678036,10,17
anomaly_7,1,44,943.0420922418402,1,23,1,2,34.62975335678036,10,17
anomaly_9,1,0,271.0830588033155,1,1,0,2,34.62975335678036,10,17
anomaly_9,1,2,365.5998149901834,1,2,0,2,34.62975335678036,10,17
anomaly_9,1,4,251.60290310956097,1,3,0,2,34.62975335678036,10,17
anomaly_9,1,6,199.377008789303,1,4,0,2,34.62975335678036,10,17
anomaly_9,1,8,359.4336118181934,1,5,0,2,34.62975335678036,10,17
anomaly_9,1,10,548.0055248282362,1,6,0,2,34.62975335678036,10,17
anomaly_9,1,12,386.1667942709069,1,7,0,2,34.62975335678036,10,17
anomaly_9,1,14,1295.583415054857,1,8,0,2,34.62975335678036,10,17
anomaly_9,1,16,812.2168680876175,1,9,0,2,34.62975335678036,10,17
anomaly_9,1,18,684.4198517933984,1,10,1,2,34.62975335678036,10,17
anomaly_9,1,20,964.9577036267432,1,11,1,2,34.62975335678036,10,17
normal_18,0,0,10.208318641186136,0,0,0,3,29.329565659009827,13,23
normal_18,0,2,9.01541088240219,0,0,0,3,29.329565659009827,13,23
normal_18,0,4,18.602786563042535,0,0,0,3,29.329565659009827,13,23
normal_18,0,6,16.565720791852392,0,0,0,3,29.329565659009827,13,23
normal_18,0,8,9.098625866443841,0,0,0,3,29.329565659009827,13,23
normal_18,0,10,8.221686071677336,0,0,0,3,29.329565659009827,13,23
normal_18,0,12,7.391392802766933,0,0,0,3,29.329565659009827,13,23
normal_18,0,14,8.56846991511327,0,0,0,3,29.329565659009827,13,23
normal_18,0,16,7.659714194956946,0,0,0,3,29.329565659009827,13,23
normal_18,0,18,8.536918882165164,0,0,0,3,29.329565659009827,13,23
normal_18,0,20,11.45491059385375,0,0,0,3,29.329565659009827,13,23
normal_18,0,22,12.250204916336026,0,0,0,3,29.329565659009827,13,23
normal_18,0,24,6.837016035528729,0,0,0,3,29.329565659009827,13,23
normal_18,0,26,6.088149176377566,0,0,0,3,29.329565659009827,13,23
normal_18,0,28,9.037158605223867,0,0,0,3,29.329565659009827,13,23
normal_18,0,30,10.057474597671243,0,0,0,3,29.329565659009827,13,23
normal_19,0,0,9.69732989532591,0,0,0,3,29.329565659009827,13,23
normal_19,0,2,13.769350379210216,0,0,0,3,29.329565659009827,13,23
normal_19,0,4,13.585451046177619,0,0,0,3,29.329565659009827,13,23
normal_19,0,6,14.30497103744732,0,0,0,3,29.329565659009827,13,23
normal_19,0,8,13.533385456042602,0,0,0,3,29.329565659009827,13,23
normal_19,0,10,16.4074415698278,0,0,0,3,29.329565659009827,13,23
normal_19,0,12,14.60174937906046,0,0,0,3,29.329565659009827,13,23
normal_19,0,14,16.96079419791302,0,0,0,3,29.329565659009827,13,23
normal_19,0,16,16.11430873752791,0,0,0,3,29.329565659009827,13,23
normal_19,0,18,15.001090093161071,0,0,0,3,29.329565659009827,13,23
normal_19,0,20,13.76004821863889,0,0,0,3,29.329565659009827,13,23
normal_19,0,22,11.105499979891967,0,0,0,3,29.329565659009827,13,23
normal_19,0,24,13.154836039593231,0,0,0,3,29.329565659009827,13,23
normal_19,0,26,9.609995101099491,0,0,0,3,29.329565659009827,13,23
normal_19,0,28,16.80282928405562,0,0,0,3,29.329565659009827,13,23
normal_19,0,30,17.883206134169992,0,0,0,3,29.329565659009827,13,23
normal_24,0,0,3.790772662991899,0,0,0,3,29.329565659009827,13,23
normal_24,0,2,9.06434117183702,0,0,0,3,29.329565659009827,13,23
normal_24,0,4,11.32306472124254,0,0,0,3,29.329565659009827,13,23
normal_24,0,6,5.965311411840886,0,0,0,3,29.329565659009827,13,23
normal_24,0,8,6.425643599648768,0,0,0,3,29.329565659009827,13,23
normal_24,0,10,7.623297544199708,0,0,0,3,29.329565659009827,13,23
normal_24,0,12,7.716972828294358,0,0,0,3,29.329565659009827,13,23
normal_24,0,14,7.74721155966575,0,0,0,3,29.329565659009827,13,23
normal_24,0,16,7.213666712504768,0,0,0,3,29.329565659009827,13,23
normal_24,0,18,10.184541703865655,0,0,0,3,29.329565659009827,13,23
normal_24,0,20,12.155438184815814,0,0,0,3,29.329565659009827,13,23
normal_24,0,22,10.318029673905224,0,0,0,3,29.329565659009827,13,23
normal_24,0,24,14.716430637409383,0,0,0,3,29.329565659009827,13,23
normal_24,0,26,6.686150748631334,0,0,0,3,29.329565659009827,13,23
normal_24,0,28,11.923277631194855,0,0,0,3,29.329565659009827,13,23
normal_24,0,30,14.397639983553805,0,0,0,3,29.329565659009827,13,23
normal_24,0,32,9.117422434297461,0,0,0,3,29.329565659009827,13,23
normal_24,0,34,10.248806247188504,0,0,0,3,29.329565659009827,13,23
normal_24,0,36,7.3296424720247915,0,0,0,3,29.329565659009827,13,23
normal_24,0,38,7.694895579197602,0,0,0,3,29.329565659009827,13,23
normal_24,0,40,9.579983351794414,0,0,0,3,29.329565659009827,13,23
normal_24,0,42,7.09692779586405,0,0,0,3,29.329565659009827,13,23
normal_24,0,44,10.239983068891965,0,0,0,3,29.329565659009827,13,23
normal_25,0,0,14.47456971364148,0,0,0,3,29.329565659009827,13,23
normal_25,0,2,14.11145084941392,0,0,0,3,29.329565659009827,13,23
normal_25,0,4,13.588937252345536,0,0,0,3,29.329565659009827,13,23
normal_25,0,6,13.60511186033498,0,0,0,3,29.329565659009827,13,23
normal_25,0,8,12.804737420856455,0,0,0,3,29.329565659009827,13,23
normal_25,0,10,11.791935802090249,0,0,0,3,29.329565659009827,13,23
normal_25,0,12,12.40105750000912,0,0,0,3,29.329565659009827,13,23
normal_25,0,14,12.290590434584589,0,0,0,3,29.329565659009827,13,23
normal_25,0,16,12.31627062432966,0,0,0,3,29.329565659009827,13,23
normal_25,0,18,14.56858013677019,0,0,0,3,29.329565659009827,13,23
normal_25,0,20,15.37287646939911,0,0,0,3,29.329565659009827,13,23
normal_25,0,22,15.170087135015862,0,0,0,3,29.329565659009827,13,23
normal_25,0,24,16.236365791577047,0,0,0,3,29.329565659009827,13,23
normal_25,0,26,16.20215639694045,0,0,0,3,29.329565659009827,13,23
normal_25,0,28,15.22638153614251,0,0,0,3,29.329565659009827,13,23
normal_25,0,30,14.838868281691033,0,0,0,3,29.329565659009827,13,23
normal_30,0,0,14.737047551260929,0,0,0,3,29.329565659009827,13,23
normal_30,0,2,10.880866110913571,0,0,0,3,29.329565659009827,13,23
normal_30,0,4,18.927611322574037,0,0,0,3,29.329565659009827,13,23
normal_30,0,6,12.649780539374126,0,0,0,3,29.329565659009827,13,23
normal_30,0,8,9.725073608466612,0,0,0,3,29.329565659009827,13,23
normal_30,0,10,7.8497261936883875,0,0,0,3,29.329565659009827,13,23
normal_30,0,12,7.23020749284686,0,0,0,3,29.329565659009827,13,23
normal_30,0,14,10.053260796894389,0,0,0,3,29.329565659009827,13,23
normal_30,0,16,9.881039000842545,0,0,0,3,29.329565659009827,13,23
normal_30,0,18,15.44549501718472,0,0,0,3,29.329565659009827,13,23
normal_30,0,20,14.722500387137584,0,0,0,3,29.329565659009827,13,23
normal_30,0,22,19.43295655003935,0,0,0,3,29.329565659009827,13,23
normal_30,0,24,20.147517971003914,0,0,0,3,29.329565659009827,13,23
normal_30,0,26,17.50456363453412,0,0,0,3,29.329565659009827,13,23
normal_30,0,28,14.991353899757629,0,0,0,3,29.329565659009827,13,23
normal_30,0,30,13.780178018234908,0,0,0,3,29.329565659009827,13,23
normal_30,0,32,15.0400139862454,0,0,0,3,29.329565659009827,13,23
normal_30,0,34,13.46437670985798,0,0,0,3,29.329565659009827,13,23
normal_30,0,36,12.56595823516297,0,0,0,3,29.329565659009827,13,23
normal_36,0,0,6.592290651304844,0,0,0,3,29.329565659009827,13,23
normal_36,0,2,6.306078986568707,0,0,0,3,29.329565659009827,13,23
normal_36,0,4,11.136340927829341,0,0,0,3,29.329565659009827,13,23
normal_36,0,6,3.8517902450431865,0,0,0,3,29.329565659009827,13,23
normal_36,0,8,5.203919859178055,0,0,0,3,29.329565659009827,13,23
normal_36,0,10,2.8201049806976664,0,0,0,3,29.329565659009827,13,23
normal_36,0,12,5.491807412792843,0,0,0,3,29.329565659009827,13,23
normal_36,0,14,4.146331301625838,0,0,0,3,29.329565659009827,13,23
normal_36,0,16,3.421975007738309,0,0,0,3,29.329565659009827,13,23
normal_36,0,18,7.034546530391888,0,0,0,3,29.329565659009827,13,23
normal_36,0,20,6.896665735290178,0,0,0,3,29.329565659009827,13,23
normal_36,0,22,6.241823163375418,0,0,0,3,29.329565659009827,13,23
normal_36,0,24,8.365675880059122,0,0,0,3,29.329565659009827,13,23
normal_36,0,26,9.378085222502403,0,0,0,3,29.329565659009827,13,23
normal_36,0,28,10.80713716666212,0,0,0,3,29.329565659009827,13,23
normal_36,0,30,7.377980536080487,0,0,0,3,29.329565659009827,13,23
normal_36,0,32,5.482086491019146,0,0,0,3,29.329565659009827,13,23
normal_45,0,0,10.44398360592505,0,0,0,3,29.329565659009827,13,23
normal_45,0,2,10.96805811919651,0,0,0,3,29.329565659009827,13,23
normal_45,0,4,11.88576755520977,0,0,0,3,29.329565659009827,13,23
normal_45,0,6,9.742812350208462,0,0,0,3,29.329565659009827,13,23
normal_45,0,8,8.520488009577045,0,0,0,3,29.329565659009827,13,23
normal_45,0,10,10.306047061927211,0,0,0,3,29.329565659009827,13,23
normal_45,0,12,9.71055463874333,0,0,0,3,29.329565659009827,13,23
normal_45,0,14,8.69152834807322,0,0,0,3,29.329565659009827,13,23
normal_45,0,16,10.924568536442772,0,0,0,3,29.329565659009827,13,23
normal_45,0,18,8.67561796651705,0,0,0,3,29.329565659009827,13,23
normal_45,0,20,7.449282427993394,0,0,0,3,29.329565659009827,13,23
normal_45,0,22,7.882473941741204,0,0,0,3,29.329565659009827,13,23
normal_45,0,24,9.17117759884868,0,0,0,3,29.329565659009827,13,23
normal_48,0,0,9.776687512944573,0,0,0,3,29.329565659009827,13,23
normal_48,0,2,7.621792091040312,0,0,0,3,29.329565659009827,13,23
normal_48,0,4,11.93587448544111,0,0,0,3,29.329565659009827,13,23
normal_48,0,6,13.269398838445296,0,0,0,3,29.329565659009827,13,23
normal_48,0,8,12.601977749839097,0,0,0,3,29.329565659009827,13,23
normal_48,0,10,12.690896741056738,0,0,0,3,29.329565659009827,13,23
normal_48,0,12,12.031889246795961,0,0,0,3,29.329565659009827,13,23
normal_48,0,14,14.216630300399954,0,0,0,3,29.329565659009827,13,23
normal_48,0,16,11.431831729143083,0,0,0,3,29.329565659009827,13,23
normal_48,0,18,11.415221299923695,0,0,0,3,29.329565659009827,13,23
normal_48,0,20,11.474155258900817,0,0,0,3,29.329565659009827,13,23
normal_48,0,22,12.070139050046697,0,0,0,3,29.329565659009827,13,23
normal_48,0,24,11.275862066887356,0,0,0,3,29.329565659009827,13,23
normal_48,0,26,10.950484554192132,0,0,0,3,29.329565659009827,13,23
normal_48,0,28,10.65090931448014,0,0,0,3,29.329565659009827,13,23
normal_48,0,30,9.369746192425973,0,0,0,3,29.329565659009827,13,23
normal_48,0,32,11.574219645465156,0,0,0,3,29.329565659009827,13,23
normal_48,0,34,12.618842266298985,0,0,0,3,29.329565659009827,13,23
normal_48,0,36,13.933140123841243,0,0,0,3,29.329565659009827,13,23
normal_48,0,38,14.295636249794407,0,0,0,3,29.329565659009827,13,23
normal_48,0,40,15.976091226953065,0,0,0,3,29.329565659009827,13,23
normal_48,0,42,15.133413760817053,0,0,0,3,29.329565659009827,13,23
normal_48,0,44,10.479355923299233,0,0,0,3,29.329565659009827,13,23
normal_54,0,0,16.652576104970823,0,0,0,3,29.329565659009827,13,23
normal_54,0,2,19.98926914484869,0,0,0,3,29.329565659009827,13,23
normal_54,0,4,19.587696912721533,0,0,0,3,29.329565659009827,13,23
normal_54,0,6,18.679890093846918,0,0,0,3,29.329565659009827,13,23
normal_54,0,8,14.731535680535666,0,0,0,3,29.329565659009827,13,23
normal_54,0,10,15.121326510391022,0,0,0,3,29.329565659009827,13,23
normal_54,0,12,15.30240120102138,0,0,0,3,29.329565659009827,13,23
normal_54,0,14,12.63090180770875,0,0,0,3,29.329565659009827,13,23
normal_54,0,16,10.488407781505344,0,0,0,3,29.329565659009827,13,23
normal_54,0,18,15.816707952782549,0,0,0,3,29.329565659009827,13,23
normal_54,0,20,17.317172609098904,0,0,0,3,29.329565659009827,13,23
normal_54,0,22,15.426794278933427,0,0,0,3,29.329565659009827,13,23
normal_54,0,24,17.948972200173337,0,0,0,3,29.329565659009827,13,23
normal_54,0,26,17.03895310456242,0,0,0,3,29.329565659009827,13,23
normal_54,0,28,19.482302552268724,0,0,0,3,29.329565659009827,13,23
normal_54,0,30,16.41997143686625,0,0,0,3,29.329565659009827,13,23
normal_54,0,32,13.436352550761827,0,0,0,3,29.329565659009827,13,23
normal_54,0,34,9.985565318486602,0,0,0,3,29.329565659009827,13,23
normal_54,0,36,10.742599747466143,0,0,0,3,29.329565659009827,13,23
normal_54,0,38,13.577731926913973,0,0,0,3,29.329565659009827,13,23
normal_54,0,40,12.305113427904798,0,0,0,3,29.329565659009827,13,23
normal_54,0,42,12.525686650137432,0,0,0,3,29.329565659009827,13,23
normal_54,0,44,14.195910420602873,0,0,0,3,29.329565659009827,13,23
normal_55,0,0,5.49417335598952,0,0,0,3,29.329565659009827,13,23
normal_55,0,2,7.019873033465593,0,0,0,3,29.329565659009827,13,23
normal_55,0,4,6.742125969549841,0,0,0,3,29.329565659009827,13,23
normal_55,0,6,6.877815181716738,0,0,0,3,29.329565659009827,13,23
normal_55,0,8,7.3059496317157135,0,0,0,3,29.329565659009827,13,23
normal_55,0,10,6.501803943198095,0,0,0,3,29.329565659009827,13,23
normal_55,0,12,4.605485481006226,0,0,0,3,29.329565659009827,13,23
normal_55,0,14,9.168174029436585,0,0,0,3,29.329565659009827,13,23
normal_55,0,16,6.5076486611497835,0,0,0,3,29.329565659009827,13,23
normal_55,0,18,6.859091552895942,0,0,0,3,29.329565659009827,13,23
normal_55,0,20,6.242294695591957,0,0,0,3,29.329565659009827,13,23
normal_55,0,22,2.556567671371047,0,0,0,3,29.329565659009827,13,23
normal_55,0,24,4.174995583098381,0,0,0,3,29.329565659009827,13,23
normal_55,0,26,5.031320558070676,0,0,0,3,29.329565659009827,13,23
normal_55,0,28,3.5580811826462413,0,0,0,3,29.329565659009827,13,23
normal_55,0,30,7.193206915887793,0,0,0,3,29.329565659009827,13,23
normal_55,0,32,13.756391733788524,0,0,0,3,29.329565659009827,13,23
normal_55,0,34,10.30509290814326,0,0,0,3,29.329565659009827,13,23
normal_55,0,36,7.301223485288417,0,0,0,3,29.329565659009827,13,23
normal_55,0,38,6.876060720528491,0,0,0,3,29.329565659009827,13,23
normal_55,0,40,5.715046842765826,0,0,0,3,29.329565659009827,13,23
normal_55,0,42,5.837341323204724,0,0,0,3,29.329565659009827,13,23
normal_55,0,44,5.534435118719255,0,0,0,3,29.329565659009827,13,23
normal_63,0,0,16.441079299294895,0,0,0,3,29.329565659009827,13,23
normal_63,0,2,19.90540647332165,0,0,0,3,29.329565659009827,13,23
normal_63,0,4,20.13152975454304,0,0,0,3,29.329565659009827,13,23
normal_63,0,6,21.027580823886566,0,0,0,3,29.329565659009827,13,23
normal_63,0,8,16.46034915847261,0,0,0,3,29.329565659009827,13,23
normal_63,0,10,17.21606706150522,0,0,0,3,29.329565659009827,13,23
normal_63,0,12,16.81601878391704,0,0,0,3,29.329565659009827,13,23
normal_63,0,14,17.161773783649537,0,0,0,3,29.329565659009827,13,23
normal_63,0,16,17.532064163070533,0,0,0,3,29.329565659009827,13,23
normal_63,0,18,17.44011001628194,0,0,0,3,29.329565659009827,13,23
normal_63,0,20,19.51090806906339,0,0,0,3,29.329565659009827,13,23
normal_63,0,22,16.196416762575826,0,0,0,3,29.329565659009827,13,23
normal_63,0,24,14.856619049027337,0,0,0,3,29.329565659009827,13,23
normal_63,0,26,14.769375388679075,0,0,0,3,29.329565659009827,13,23
normal_63,0,28,15.81561160087377,0,0,0,3,29.329565659009827,13,23
normal_63,0,30,19.336259621310855,0,0,0,3,29.329565659009827,13,23
normal_63,0,32,18.712981044561662,0,0,0,3,29.329565659009827,13,23
normal_63,0,34,18.139899397918676,0,0,0,3,29.329565659009827,13,23
normal_63,0,36,18.31556330557254,0,0,0,3,29.329565659009827,13,23
normal_63,0,38,19.607971460823347,0,0,0,3,29.329565659009827,13,23
normal_63,0,40,20.04713044656086,0,0,0,3,29.329565659009827,13,23
normal_63,0,42,18.9359271474789,0,0,0,3,29.329565659009827,13,23
normal_63,0,44,17.230516031853593,0,0,0,3,29.329565659009827,13,23
normal_68,0,0,8.219333328544343,0,0,0,3,29.329565659009827,13,23
normal_68,0,2,80.56692298560236,1,1,0,3,29.329565659009827,13,23
normal_68,0,4,94.18198826454696,1,2,0,3,29.329565659009827,13,23
normal_68,0,6,40.70510859312652,1,3,0,3,29.329565659009827,13,23
normal_68,0,8,61.320819944466166,1,4,0,3,29.329565659009827,13,23
normal_68,0,10,60.00497913951445,1,5,0,3,29.329565659009827,13,23
normal_68,0,12,31.577289460079513,1,6,0,3,29.329565659009827,13,23
normal_68,0,14,23.67114033866734,0,0,0,3,29.329565659009827,13,23
normal_68,0,16,23.271186641157968,0,0,0,3,29.329565659009827,13,23
normal_68,0,18,32.32638232706668,1,1,0,3,29.329565659009827,13,23
normal_68,0,20,27.624481557038184,0,0,0,3,29.329565659009827,13,23
normal_68,0,22,13.895408188715171,0,0,0,3,29.329565659009827,13,23
normal_68,0,24,31.197456651065608,1,1,0,3,29.329565659009827,13,23
normal_68,0,26,16.774924731885964,0,0,0,3,29.329565659009827,13,23
normal_68,0,28,10.74457806816915,0,0,0,3,29.329565659009827,13,23
normal_68,0,30,11.123083952855225,0,0,0,3,29.329565659009827,13,23
normal_68,0,32,14.7214449498443,0,0,0,3,29.329565659009827,13,23
normal_68,0,34,19.78563506351273,0,0,0,3,29.329565659009827,13,23
normal_68,0,36,21.496180830337092,0,0,0,3,29.329565659009827,13,23
normal_68,0,38,26.345701476130813,0,0,0,3,29.329565659009827,13,23
normal_68,0,40,24.638698020471253,0,0,0,3,29.329565659009827,13,23
normal_68,0,42,29.266172515302916,0,0,0,3,29.329565659009827,13,23
normal_68,0,44,20.928621232821637,0,0,0,3,29.329565659009827,13,23
normal_80,0,0,15.802959962704291,0,0,0,3,29.329565659009827,13,23
normal_80,0,2,20.121491047736846,0,0,0,3,29.329565659009827,13,23
normal_80,0,4,18.187262459309164,0,0,0,3,29.329565659009827,13,23
normal_80,0,6,17.819241648753987,0,0,0,3,29.329565659009827,13,23
normal_80,0,8,15.917953742416538,0,0,0,3,29.329565659009827,13,23
normal_80,0,10,16.907620845863736,0,0,0,3,29.329565659009827,13,23
normal_80,0,12,18.373611066902253,0,0,0,3,29.329565659009827,13,23
normal_80,0,14,16.934931550682553,0,0,0,3,29.329565659009827,13,23
normal_80,0,16,14.245485867954224,0,0,0,3,29.329565659009827,13,23
normal_80,0,18,19.019931107796015,0,0,0,3,29.329565659009827,13,23
normal_80,0,20,20.77524122972481,0,0,0,3,29.329565659009827,13,23
normal_80,0,22,16.789806193976734,0,0,0,3,29.329565659009827,13,23
normal_80,0,24,19.988070114952574,0,0,0,3,29.329565659009827,13,23
normal_80,0,26,17.184264097402203,0,0,0,3,29.329565659009827,13,23
normal_80,0,28,15.146050453396407,0,0,0,3,29.329565659009827,13,23
normal_80,0,30,14.983879637567634,0,0,0,3,29.329565659009827,13,23
normal_80,0,32,14.067485307124498,0,0,0,3,29.329565659009827,13,23
normal_80,0,34,11.567166372347023,0,0,0,3,29.329565659009827,13,23
normal_80,0,36,9.028277631928638,0,0,0,3,29.329565659009827,13,23
normal_80,0,38,13.15556794844094,0,0,0,3,29.329565659009827,13,23
normal_80,0,40,13.573156042641042,0,0,0,3,29.329565659009827,13,23
normal_80,0,42,14.507710273192984,0,0,0,3,29.329565659009827,13,23
normal_80,0,44,12.880121615601047,0,0,0,3,29.329565659009827,13,23
normal_85,0,0,12.714058106655093,0,0,0,3,29.329565659009827,13,23
normal_85,0,2,11.911429105340163,0,0,0,3,29.329565659009827,13,23
normal_85,0,4,12.041216418131778,0,0,0,3,29.329565659009827,13,23
normal_85,0,6,10.951601286810734,0,0,0,3,29.329565659009827,13,23
normal_85,0,8,12.81089046689171,0,0,0,3,29.329565659009827,13,23
normal_85,0,10,13.999238809383616,0,0,0,3,29.329565659009827,13,23
normal_85,0,12,13.883210586294457,0,0,0,3,29.329565659009827,13,23
normal_85,0,14,13.858073454365229,0,0,0,3,29.329565659009827,13,23
normal_85,0,16,13.93060889696596,0,0,0,3,29.329565659009827,13,23
normal_85,0,18,16.684814704924698,0,0,0,3,29.329565659009827,13,23
normal_85,0,20,15.902666430268015,0,0,0,3,29.329565659009827,13,23
normal_85,0,22,16.649717192940866,0,0,0,3,29.329565659009827,13,23
normal_85,0,24,17.103986992418246,0,0,0,3,29.329565659009827,13,23
normal_85,0,26,15.322644369064653,0,0,0,3,29.329565659009827,13,23
normal_85,0,28,14.56492245269422,0,0,0,3,29.329565659009827,13,23
normal_85,0,30,12.706693768615793,0,0,0,3,29.329565659009827,13,23
normal_85,0,32,11.398870008895258,0,0,0,3,29.329565659009827,13,23
normal_85,0,34,12.949172402690818,0,0,0,3,29.329565659009827,13,23
normal_85,0,36,13.23111797854818,0,0,0,3,29.329565659009827,13,23
normal_85,0,38,14.823853341824075,0,0,0,3,29.329565659009827,13,23
normal_85,0,40,13.570858901674244,0,0,0,3,29.329565659009827,13,23
normal_85,0,42,15.336168090054286,0,0,0,3,29.329565659009827,13,23
normal_85,0,44,14.943686491366648,0,0,0,3,29.329565659009827,13,23
normal_88,0,0,24.516036090821984,0,0,0,3,29.329565659009827,13,23
normal_88,0,2,32.13914322001945,1,1,0,3,29.329565659009827,13,23
normal_88,0,4,25.514279687165875,0,0,0,3,29.329565659009827,13,23
normal_88,0,6,29.856871494568168,1,1,0,3,29.329565659009827,13,23
normal_88,0,8,27.35062412531904,0,0,0,3,29.329565659009827,13,23
normal_88,0,10,30.668011332351576,1,1,0,3,29.329565659009827,13,23
normal_88,0,12,34.033715248527,1,2,0,3,29.329565659009827,13,23
normal_88,0,14,21.699740531516632,0,0,0,3,29.329565659009827,13,23
normal_88,0,16,22.606792126156734,0,0,0,3,29.329565659009827,13,23
normal_88,0,18,24.10027261094358,0,0,0,3,29.329565659009827,13,23
normal_93,0,0,12.876555663035987,0,0,0,3,29.329565659009827,13,23
normal_93,0,2,14.191326456320093,0,0,0,3,29.329565659009827,13,23
normal_93,0,4,15.421739618088713,0,0,0,3,29.329565659009827,13,23
normal_93,0,6,13.909452179277556,0,0,0,3,29.329565659009827,13,23
normal_93,0,8,15.652977168868944,0,0,0,3,29.329565659009827,13,23
normal_93,0,10,16.548338823751923,0,0,0,3,29.329565659009827,13,23
normal_93,0,12,16.559888738987226,0,0,0,3,29.329565659009827,13,23
normal_93,0,14,13.77808735150462,0,0,0,3,29.329565659009827,13,23
normal_93,0,16,12.99395534492463,0,0,0,3,29.329565659009827,13,23
normal_93,0,18,12.080475654737239,0,0,0,3,29.329565659009827,13,23
normal_96,0,0,14.611800359226502,0,0,0,3,29.329565659009827,13,23
normal_96,0,2,11.796306943808045,0,0,0,3,29.329565659009827,13,23
normal_96,0,4,8.666009812853142,0,0,0,3,29.329565659009827,13,23
normal_96,0,6,10.263153094535387,0,0,0,3,29.329565659009827,13,23
normal_96,0,8,11.68923644142626,0,0,0,3,29.329565659009827,13,23
normal_96,0,10,10.643230776926938,0,0,0,3,29.329565659009827,13,23
normal_96,0,12,10.619925250462888,0,0,0,3,29.329565659009827,13,23
normal_96,0,14,13.940365068763613,0,0,0,3,29.329565659009827,13,23
normal_96,0,16,15.385382278895236,0,0,0,3,29.329565659009827,13,23
normal_96,0,18,14.254507258265285,0,0,0,3,29.329565659009827,13,23
normal_96,0,20,10.885371896541761,0,0,0,3,29.329565659009827,13,23
normal_96,0,22,14.25382041560054,0,0,0,3,29.329565659009827,13,23
normal_96,0,24,15.011028072155078,0,0,0,3,29.329565659009827,13,23
normal_96,0,26,18.740679519821896,0,0,0,3,29.329565659009827,13,23
normal_96,0,28,15.644174499502824,0,0,0,3,29.329565659009827,13,23
normal_96,0,30,11.7297750462184,0,0,0,3,29.329565659009827,13,23
normal_96,0,32,10.918842514417033,0,0,0,3,29.329565659009827,13,23
normal_96,0,34,11.984205360182063,0,0,0,3,29.329565659009827,13,23
normal_96,0,36,11.770147397294206,0,0,0,3,29.329565659009827,13,23
normal_96,0,38,13.874392508163172,0,0,0,3,29.329565659009827,13,23
normal_96,0,40,17.010062145523076,0,0,0,3,29.329565659009827,13,23
normal_96,0,42,19.19847138512151,0,0,0,3,29.329565659009827,13,23
normal_96,0,44,16.34804554013544,0,0,0,3,29.329565659009827,13,23
normal_110,0,0,14.429640090929963,0,0,0,3,29.329565659009827,13,23
normal_110,0,2,14.437976525986892,0,0,0,3,29.329565659009827,13,23
normal_110,0,4,12.952184678255396,0,0,0,3,29.329565659009827,13,23
normal_110,0,6,12.719734270352602,0,0,0,3,29.329565659009827,13,23
normal_110,0,8,9.523890088306395,0,0,0,3,29.329565659009827,13,23
normal_110,0,10,10.18278157584678,0,0,0,3,29.329565659009827,13,23
normal_110,0,12,12.079141401706647,0,0,0,3,29.329565659009827,13,23
normal_110,0,14,11.556980836133173,0,0,0,3,29.329565659009827,13,23
normal_110,0,16,8.810797578793167,0,0,0,3,29.329565659009827,13,23
normal_110,0,18,10.582001215803041,0,0,0,3,29.329565659009827,13,23
normal_110,0,20,9.289683923650134,0,0,0,3,29.329565659009827,13,23
normal_110,0,22,14.140355366809494,0,0,0,3,29.329565659009827,13,23
normal_110,0,24,11.383521763854281,0,0,0,3,29.329565659009827,13,23
normal_110,0,26,15.556846533854163,0,0,0,3,29.329565659009827,13,23
normal_110,0,28,11.270149295953335,0,0,0,3,29.329565659009827,13,23
normal_110,0,30,18.84528093965351,0,0,0,3,29.329565659009827,13,23
normal_110,0,32,16.540620702779492,0,0,0,3,29.329565659009827,13,23
normal_120,0,0,11.598830254225993,0,0,0,3,29.329565659009827,13,23
normal_120,0,2,12.892106234443366,0,0,0,3,29.329565659009827,13,23
normal_120,0,4,14.312559004193302,0,0,0,3,29.329565659009827,13,23
normal_120,0,6,17.64106805793516,0,0,0,3,29.329565659009827,13,23
normal_120,0,8,14.136357096932874,0,0,0,3,29.329565659009827,13,23
normal_120,0,10,12.530182423552484,0,0,0,3,29.329565659009827,13,23
normal_120,0,12,12.904380444401427,0,0,0,3,29.329565659009827,13,23
normal_120,0,14,11.607901650811453,0,0,0,3,29.329565659009827,13,23
normal_120,0,16,9.476524740592494,0,0,0,3,29.329565659009827,13,23
normal_120,0,18,10.782128515670163,0,0,0,3,29.329565659009827,13,23
normal_120,0,20,13.537057114836259,0,0,0,3,29.329565659009827,13,23
normal_120,0,22,11.33389271147569,0,0,0,3,29.329565659009827,13,23
normal_120,0,24,9.634368766918898,0,0,0,3,29.329565659009827,13,23
normal_120,0,26,12.362344605277068,0,0,0,3,29.329565659009827,13,23
normal_120,0,28,12.969087198299276,0,0,0,3,29.329565659009827,13,23
normal_120,0,30,14.273493652401262,0,0,0,3,29.329565659009827,13,23
normal_120,0,32,13.018214442689782,0,0,0,3,29.329565659009827,13,23
normal_120,0,34,14.060558458336976,0,0,0,3,29.329565659009827,13,23
normal_120,0,36,16.50057031558637,0,0,0,3,29.329565659009827,13,23
normal_120,0,38,13.154784027242224,0,0,0,3,29.329565659009827,13,23
normal_120,0,40,11.865916636086089,0,0,0,3,29.329565659009827,13,23
normal_120,0,42,13.241463550078198,0,0,0,3,29.329565659009827,13,23
normal_120,0,44,12.635131681098414,0,0,0,3,29.329565659009827,13,23
normal_121,0,0,11.023395636137474,0,0,0,3,29.329565659009827,13,23
normal_121,0,2,10.589269124073688,0,0,0,3,29.329565659009827,13,23
normal_121,0,4,6.057052771153392,0,0,0,3,29.329565659009827,13,23
normal_121,0,6,6.498942028671442,0,0,0,3,29.329565659009827,13,23
normal_121,0,8,6.833105094081212,0,0,0,3,29.329565659009827,13,23
normal_121,0,10,5.965336084140895,0,0,0,3,29.329565659009827,13,23
normal_121,0,12,7.005337488634159,0,0,0,3,29.329565659009827,13,23
normal_121,0,14,9.591684758231581,0,0,0,3,29.329565659009827,13,23
normal_121,0,16,11.18539526809665,0,0,0,3,29.329565659009827,13,23
normal_121,0,18,7.862277745852678,0,0,0,3,29.329565659009827,13,23
normal_121,0,20,4.493848800485851,0,0,0,3,29.329565659009827,13,23
normal_121,0,22,4.95933643432323,0,0,0,3,29.329565659009827,13,23
normal_121,0,24,7.7471593104091125,0,0,0,3,29.329565659009827,13,23
normal_121,0,26,4.8547057901149255,0,0,0,3,29.329565659009827,13,23
normal_121,0,28,4.072792939442249,0,0,0,3,29.329565659009827,13,23
normal_121,0,30,3.5280279686809854,0,0,0,3,29.329565659009827,13,23
normal_121,0,32,5.59561729377451,0,0,0,3,29.329565659009827,13,23
normal_121,0,34,5.195878128791288,0,0,0,3,29.329565659009827,13,23
normal_121,0,36,4.081006601183378,0,0,0,3,29.329565659009827,13,23
normal_121,0,38,4.066208172363815,0,0,0,3,29.329565659009827,13,23
normal_121,0,40,7.307426603106208,0,0,0,3,29.329565659009827,13,23
normal_121,0,42,3.5804011195047516,0,0,0,3,29.329565659009827,13,23
normal_121,0,44,4.630410060505831,0,0,0,3,29.329565659009827,13,23
normal_123,0,0,15.050426679307707,0,0,0,3,29.329565659009827,13,23
normal_123,0,2,11.558221237297591,0,0,0,3,29.329565659009827,13,23
normal_123,0,4,12.32159098574845,0,0,0,3,29.329565659009827,13,23
normal_123,0,6,15.31295061936649,0,0,0,3,29.329565659009827,13,23
normal_123,0,8,16.042811459161534,0,0,0,3,29.329565659009827,13,23
normal_123,0,10,24.72996498710555,0,0,0,3,29.329565659009827,13,23
normal_123,0,12,29.561086978858224,1,1,0,3,29.329565659009827,13,23
normal_123,0,14,28.503847103851086,0,0,0,3,29.329565659009827,13,23
normal_123,0,16,31.67894234748681,1,1,0,3,29.329565659009827,13,23
normal_123,0,18,32.82609795265317,1,2,0,3,29.329565659009827,13,23
normal_123,0,20,35.12799714467922,1,3,0,3,29.329565659009827,13,23
normal_123,0,22,27.762821582063058,0,0,0,3,29.329565659009827,13,23
normal_123,0,24,23.331568937005255,0,0,0,3,29.329565659009827,13,23
normal_153,0,0,12.40258040702929,0,0,0,3,29.329565659009827,13,23
normal_153,0,2,7.612122985003262,0,0,0,3,29.329565659009827,13,23
normal_153,0,4,6.49905389501281,0,0,0,3,29.329565659009827,13,23
normal_153,0,6,11.923126379817761,0,0,0,3,29.329565659009827,13,23
normal_153,0,8,9.719228693893905,0,0,0,3,29.329565659009827,13,23
normal_153,0,10,8.02062886982089,0,0,0,3,29.329565659009827,13,23
normal_153,0,12,6.706550582421471,0,0,0,3,29.329565659009827,13,23
normal_153,0,14,8.361006310062855,0,0,0,3,29.329565659009827,13,23
normal_153,0,16,10.151901266014264,0,0,0,3,29.329565659009827,13,23
normal_153,0,18,10.005694890074476,0,0,0,3,29.329565659009827,13,23
normal_153,0,20,5.987659466382341,0,0,0,3,29.329565659009827,13,23
normal_153,0,22,6.561737917407609,0,0,0,3,29.329565659009827,13,23
normal_153,0,24,7.052930719733575,0,0,0,3,29.329565659009827,13,23
normal_153,0,26,7.03629742232377,0,0,0,3,29.329565659009827,13,23
normal_153,0,28,7.076700840108464,0,0,0,3,29.329565659009827,13,23
normal_153,0,30,11.240915709407755,0,0,0,3,29.329565659009827,13,23
normal_153,0,32,8.212609818237317,0,0,0,3,29.329565659009827,13,23
normal_153,0,34,7.295815388756894,0,0,0,3,29.329565659009827,13,23
normal_153,0,36,6.7925464672459555,0,0,0,3,29.329565659009827,13,23
normal_153,0,38,6.113201118489551,0,0,0,3,29.329565659009827,13,23
normal_153,0,40,16.24225768628412,0,0,0,3,29.329565659009827,13,23
normal_153,0,42,9.482840022946744,0,0,0,3,29.329565659009827,13,23
normal_153,0,44,12.579196604428638,0,0,0,3,29.329565659009827,13,23
normal_154,0,0,12.595866482306873,0,0,0,3,29.329565659009827,13,23
normal_154,0,2,14.277784225044856,0,0,0,3,29.329565659009827,13,23
normal_154,0,4,12.616409755470313,0,0,0,3,29.329565659009827,13,23
normal_154,0,6,10.656016840002026,0,0,0,3,29.329565659009827,13,23
normal_154,0,8,11.41957298329947,0,0,0,3,29.329565659009827,13,23
normal_154,0,10,14.32389786604226,0,0,0,3,29.329565659009827,13,23
normal_154,0,12,14.541375893141632,0,0,0,3,29.329565659009827,13,23
normal_154,0,14,15.769496313625929,0,0,0,3,29.329565659009827,13,23
normal_154,0,16,18.20898411295811,0,0,0,3,29.329565659009827,13,23
normal_154,0,18,20.586752890015656,0,0,0,3,29.329565659009827,13,23
normal_154,0,20,12.98399504366115,0,0,0,3,29.329565659009827,13,23
normal_154,0,22,9.590121366557494,0,0,0,3,29.329565659009827,13,23
normal_154,0,24,10.166037029780872,0,0,0,3,29.329565659009827,13,23
normal_154,0,26,10.132001601147335,0,0,0,3,29.329565659009827,13,23
normal_154,0,28,8.360936986334691,0,0,0,3,29.329565659009827,13,23
normal_154,0,30,7.276100591883057,0,0,0,3,29.329565659009827,13,23
normal_154,0,32,12.965860757325622,0,0,0,3,29.329565659009827,13,23
normal_154,0,34,14.2994216490578,0,0,0,3,29.329565659009827,13,23
normal_154,0,36,15.723111417508344,0,0,0,3,29.329565659009827,13,23
normal_154,0,38,12.936967200843895,0,0,0,3,29.329565659009827,13,23
normal_154,0,40,13.520879628901028,0,0,0,3,29.329565659009827,13,23
normal_154,0,42,11.022422970426343,0,0,0,3,29.329565659009827,13,23
normal_154,0,44,11.492781019348092,0,0,0,3,29.329565659009827,13,23
normal_172,0,0,11.189508101347425,0,0,0,3,29.329565659009827,13,23
normal_172,0,2,14.685396860715876,0,0,0,3,29.329565659009827,13,23
normal_172,0,4,15.544090897685292,0,0,0,3,29.329565659009827,13,23
normal_172,0,6,14.665135337569671,0,0,0,3,29.329565659009827,13,23
normal_172,0,8,12.173863851414644,0,0,0,3,29.329565659009827,13,23
normal_172,0,10,12.936616681612279,0,0,0,3,29.329565659009827,13,23
normal_172,0,12,13.043067387122395,0,0,0,3,29.329565659009827,13,23
normal_172,0,14,13.944009809712963,0,0,0,3,29.329565659009827,13,23
normal_172,0,16,16.340405201612196,0,0,0,3,29.329565659009827,13,23
normal_172,0,18,14.829214203847085,0,0,0,3,29.329565659009827,13,23
normal_172,0,20,16.56097230022009,0,0,0,3,29.329565659009827,13,23
normal_172,0,22,16.900013042911333,0,0,0,3,29.329565659009827,13,23
normal_189,0,0,18.083043574471983,0,0,0,3,29.329565659009827,13,23
normal_189,0,2,14.78426589642022,0,0,0,3,29.329565659009827,13,23
normal_189,0,4,15.805665824008004,0,0,0,3,29.329565659009827,13,23
normal_189,0,6,13.770736032962956,0,0,0,3,29.329565659009827,13,23
normal_189,0,8,15.229071409649931,0,0,0,3,29.329565659009827,13,23
normal_189,0,10,19.33712430009246,0,0,0,3,29.329565659009827,13,23
normal_189,0,12,19.160227964863875,0,0,0,3,29.329565659009827,13,23
normal_189,0,14,18.580942346224965,0,0,0,3,29.329565659009827,13,23
normal_189,0,16,15.740246678196517,0,0,0,3,29.329565659009827,13,23
normal_189,0,18,16.204712662591273,0,0,0,3,29.329565659009827,13,23
normal_189,0,20,16.375012133679693,0,0,0,3,29.329565659009827,13,23
normal_189,0,22,17.44308449918785,0,0,0,3,29.329565659009827,13,23
normal_189,0,24,16.45464543354245,0,0,0,3,29.329565659009827,13,23
normal_189,0,26,16.40173856953835,0,0,0,3,29.329565659009827,13,23
normal_189,0,28,17.424906053532677,0,0,0,3,29.329565659009827,13,23
normal_189,0,30,17.19040711609733,0,0,0,3,29.329565659009827,13,23
normal_189,0,32,18.25247911674728,0,0,0,3,29.329565659009827,13,23
normal_189,0,34,17.296303637105282,0,0,0,3,29.329565659009827,13,23
normal_189,0,36,18.33625887560881,0,0,0,3,29.329565659009827,13,23
normal_189,0,38,18.01183695686915,0,0,0,3,29.329565659009827,13,23
normal_189,0,40,20.49548585861794,0,0,0,3,29.329565659009827,13,23
normal_189,0,42,19.397599903001037,0,0,0,3,29.329565659009827,13,23
normal_189,0,44,22.059041413632716,0,0,0,3,29.329565659009827,13,23
normal_195,0,0,11.364983567328881,0,0,0,3,29.329565659009827,13,23
normal_195,0,2,8.975144923769218,0,0,0,3,29.329565659009827,13,23
normal_195,0,4,8.927410691081,0,0,0,3,29.329565659009827,13,23
normal_195,0,6,9.63648897750549,0,0,0,3,29.329565659009827,13,23
normal_195,0,8,10.663932459668878,0,0,0,3,29.329565659009827,13,23
normal_195,0,10,9.816879286596548,0,0,0,3,29.329565659009827,13,23
normal_195,0,12,14.532866495016977,0,0,0,3,29.329565659009827,13,23
normal_195,0,14,16.981659024911757,0,0,0,3,29.329565659009827,13,23
normal_195,0,16,15.400673091707185,0,0,0,3,29.329565659009827,13,23
normal_195,0,18,10.54554659502241,0,0,0,3,29.329565659009827,13,23
normal_195,0,20,10.95897446988208,0,0,0,3,29.329565659009827,13,23
normal_195,0,22,10.349814335862032,0,0,0,3,29.329565659009827,13,23
normal_195,0,24,10.229322725540285,0,0,0,3,29.329565659009827,13,23
normal_195,0,26,6.684837670669819,0,0,0,3,29.329565659009827,13,23
normal_195,0,28,6.337980927299439,0,0,0,3,29.329565659009827,13,23
normal_195,0,30,7.6295575325623615,0,0,0,3,29.329565659009827,13,23
normal_195,0,32,8.6536760494171,0,0,0,3,29.329565659009827,13,23
normal_195,0,34,7.855855189567154,0,0,0,3,29.329565659009827,13,23
normal_195,0,36,8.420057142417221,0,0,0,3,29.329565659009827,13,23
normal_204,0,0,13.637562878613974,0,0,0,3,29.329565659009827,13,23
normal_204,0,2,10.096704965859185,0,0,0,3,29.329565659009827,13,23
normal_204,0,4,11.868171660429208,0,0,0,3,29.329565659009827,13,23
normal_204,0,6,7.894409581881162,0,0,0,3,29.329565659009827,13,23
normal_204,0,8,8.98543636244464,0,0,0,3,29.329565659009827,13,23
normal_204,0,10,10.659446537680019,0,0,0,3,29.329565659009827,13,23
normal_204,0,12,11.660274567853278,0,0,0,3,29.329565659009827,13,23
normal_204,0,14,13.298055003946358,0,0,0,3,29.329565659009827,13,23
normal_204,0,16,15.670164552179921,0,0,0,3,29.329565659009827,13,23
normal_204,0,18,17.9673166629227,0,0,0,3,29.329565659009827,13,23
normal_204,0,20,15.934987276763689,0,0,0,3,29.329565659009827,13,23
normal_204,0,22,16.747825379531704,0,0,0,3,29.329565659009827,13,23
normal_204,0,24,11.446017786747456,0,0,0,3,29.329565659009827,13,23
normal_204,0,26,11.468188975250492,0,0,0,3,29.329565659009827,13,23
normal_204,0,28,11.931165250032851,0,0,0,3,29.329565659009827,13,23
normal_204,0,30,11.521996480201036,0,0,0,3,29.329565659009827,13,23
normal_204,0,32,9.391762776624315,0,0,0,3,29.329565659009827,13,23
normal_204,0,34,9.598585751887907,0,0,0,3,29.329565659009827,13,23
normal_204,0,36,11.561412382348145,0,0,0,3,29.329565659009827,13,23
normal_204,0,38,10.97471916890897,0,0,0,3,29.329565659009827,13,23
normal_204,0,40,12.561064524768671,0,0,0,3,29.329565659009827,13,23
normal_204,0,42,10.177282991512536,0,0,0,3,29.329565659009827,13,23
normal_204,0,44,14.081395787172916,0,0,0,3,29.329565659009827,13,23
normal_219,0,0,7.273372398867602,0,0,0,3,29.329565659009827,13,23
normal_219,0,2,6.53842784806922,0,0,0,3,29.329565659009827,13,23
normal_219,0,4,3.6405937827160773,0,0,0,3,29.329565659009827,13,23
normal_219,0,6,5.307039152937955,0,0,0,3,29.329565659009827,13,23
normal_219,0,8,5.638355482818301,0,0,0,3,29.329565659009827,13,23
normal_219,0,10,5.198850108212311,0,0,0,3,29.329565659009827,13,23
normal_219,0,12,2.7574651243496078,0,0,0,3,29.329565659009827,13,23
normal_219,0,14,3.8049878099164296,0,0,0,3,29.329565659009827,13,23
normal_219,0,16,4.308478945257809,0,0,0,3,29.329565659009827,13,23
normal_219,0,18,4.7722362830885094,0,0,0,3,29.329565659009827,13,23
normal_219,0,20,4.625739056246016,0,0,0,3,29.329565659009827,13,23
normal_219,0,22,7.71059699402925,0,0,0,3,29.329565659009827,13,23
normal_219,0,24,9.349774980504181,0,0,0,3,29.329565659009827,13,23
normal_219,0,26,10.726996787950469,0,0,0,3,29.329565659009827,13,23
normal_219,0,28,9.695187610042643,0,0,0,3,29.329565659009827,13,23
normal_219,0,30,15.148335757106093,0,0,0,3,29.329565659009827,13,23
normal_219,0,32,14.96179300059987,0,0,0,3,29.329565659009827,13,23
normal_228,0,0,14.81460523183982,0,0,0,3,29.329565659009827,13,23
normal_228,0,2,15.041842181169914,0,0,0,3,29.329565659009827,13,23
normal_228,0,4,18.154903152138125,0,0,0,3,29.329565659009827,13,23
normal_228,0,6,18.9035652119891,0,0,0,3,29.329565659009827,13,23
normal_228,0,8,18.423981237364952,0,0,0,3,29.329565659009827,13,23
normal_228,0,10,22.736275386240823,0,0,0,3,29.329565659009827,13,23
normal_228,0,12,23.80983813205556,0,0,0,3,29.329565659009827,13,23
normal_228,0,14,17.02981176455794,0,0,0,3,29.329565659009827,13,23
normal_228,0,16,20.99293119144517,0,0,0,3,29.329565659009827,13,23
normal_228,0,18,19.034036308410577,0,0,0,3,29.329565659009827,13,23
normal_228,0,20,18.70887404467037,0,0,0,3,29.329565659009827,13,23
normal_228,0,22,16.70438810050388,0,0,0,3,29.329565659009827,13,23
normal_228,0,24,13.687135211441994,0,0,0,3,29.329565659009827,13,23
normal_228,0,26,13.388726064616584,0,0,0,3,29.329565659009827,13,23
normal_228,0,28,15.715507631425519,0,0,0,3,29.329565659009827,13,23
normal_228,0,30,14.51918233394171,0,0,0,3,29.329565659009827,13,23
normal_228,0,32,16.303956189860603,0,0,0,3,29.329565659009827,13,23
normal_228,0,34,19.894836548445003,0,0,0,3,29.329565659009827,13,23
normal_228,0,36,19.831808124463528,0,0,0,3,29.329565659009827,13,23
normal_228,0,38,21.498777479407387,0,0,0,3,29.329565659009827,13,23
normal_228,0,40,19.913726088444484,0,0,0,3,29.329565659009827,13,23
normal_228,0,42,17.491367054253878,0,0,0,3,29.329565659009827,13,23
normal_228,0,44,16.837949739103482,0,0,0,3,29.329565659009827,13,23
normal_248,0,0,15.372421168846158,0,0,0,3,29.329565659009827,13,23
normal_248,0,2,12.354038049795733,0,0,0,3,29.329565659009827,13,23
normal_248,0,4,17.03472713763234,0,0,0,3,29.329565659009827,13,23
normal_248,0,6,10.306147120198327,0,0,0,3,29.329565659009827,13,23
normal_248,0,8,13.11793746518813,0,0,0,3,29.329565659009827,13,23
normal_248,0,10,8.550204330473042,0,0,0,3,29.329565659009827,13,23
normal_248,0,12,7.989873652776101,0,0,0,3,29.329565659009827,13,23
normal_248,0,14,10.558218691246271,0,0,0,3,29.329565659009827,13,23
normal_248,0,16,5.509642238107225,0,0,0,3,29.329565659009827,13,23
normal_248,0,18,6.811766405233426,0,0,0,3,29.329565659009827,13,23
normal_248,0,20,10.570730998494216,0,0,0,3,29.329565659009827,13,23
normal_248,0,22,11.690565463935505,0,0,0,3,29.329565659009827,13,23
normal_248,0,24,13.657077162496527,0,0,0,3,29.329565659009827,13,23
normal_248,0,26,8.841193932922485,0,0,0,3,29.329565659009827,13,23
normal_248,0,28,11.913796800383869,0,0,0,3,29.329565659009827,13,23
normal_248,0,30,14.048018919643102,0,0,0,3,29.329565659009827,13,23
normal_248,0,32,14.860942930200943,0,0,0,3,29.329565659009827,13,23
normal_248,0,34,10.172066560077159,0,0,0,3,29.329565659009827,13,23
normal_248,0,36,9.609522065939116,0,0,0,3,29.329565659009827,13,23
normal_248,0,38,10.490747054511036,0,0,0,3,29.329565659009827,13,23
normal_248,0,40,13.847038019186613,0,0,0,3,29.329565659009827,13,23
normal_248,0,42,16.34493890223943,0,0,0,3,29.329565659009827,13,23
normal_248,0,44,13.867304978750468,0,0,0,3,29.329565659009827,13,23
normal_267,0,0,8.928063578231576,0,0,0,3,29.329565659009827,13,23
normal_267,0,2,6.482620869223631,0,0,0,3,29.329565659009827,13,23
normal_267,0,4,9.065450627397688,0,0,0,3,29.329565659009827,13,23
normal_267,0,6,4.314107852088275,0,0,0,3,29.329565659009827,13,23
normal_267,0,8,7.393733891887777,0,0,0,3,29.329565659009827,13,23
normal_267,0,10,6.0913500003515795,0,0,0,3,29.329565659009827,13,23
normal_267,0,12,13.169094833757766,0,0,0,3,29.329565659009827,13,23
normal_267,0,14,15.024220793310523,0,0,0,3,29.329565659009827,13,23
normal_267,0,16,14.86701675737846,0,0,0,3,29.329565659009827,13,23
normal_267,0,18,14.817886182569556,0,0,0,3,29.329565659009827,13,23
normal_267,0,20,17.148111838820423,0,0,0,3,29.329565659009827,13,23
normal_267,0,22,9.921717231760683,0,0,0,3,29.329565659009827,13,23
normal_267,0,24,8.397584045506571,0,0,0,3,29.329565659009827,13,23
normal_267,0,26,11.853934894409868,0,0,0,3,29.329565659009827,13,23
normal_267,0,28,12.229809479828381,0,0,0,3,29.329565659009827,13,23
normal_267,0,30,16.153077700460415,0,0,0,3,29.329565659009827,13,23
normal_267,0,32,14.180930068360755,0,0,0,3,29.329565659009827,13,23
normal_267,0,34,21.493926694908772,0,0,0,3,29.329565659009827,13,23
normal_271,0,0,16.550052865786025,0,0,0,3,29.329565659009827,13,23
normal_271,0,2,17.279978810790226,0,0,0,3,29.329565659009827,13,23
normal_271,0,4,17.879597359862924,0,0,0,3,29.329565659009827,13,23
normal_271,0,6,18.22625048915144,0,0,0,3,29.329565659009827,13,23
normal_271,0,8,17.907674608992647,0,0,0,3,29.329565659009827,13,23
normal_271,0,10,15.63041998332405,0,0,0,3,29.329565659009827,13,23
normal_271,0,12,19.698499597157163,0,0,0,3,29.329565659009827,13,23
normal_271,0,14,20.741903363935343,0,0,0,3,29.329565659009827,13,23
normal_271,0,16,20.363897104814868,0,0,0,3,29.329565659009827,13,23
normal_271,0,18,17.922485199976254,0,0,0,3,29.329565659009827,13,23
normal_271,0,20,19.54511379254197,0,0,0,3,29.329565659009827,13,23
normal_271,0,22,22.16601117666547,0,0,0,3,29.329565659009827,13,23
normal_271,0,24,19.686094457468208,0,0,0,3,29.329565659009827,13,23
normal_271,0,26,16.43628859160738,0,0,0,3,29.329565659009827,13,23
normal_271,0,28,25.24342015155423,0,0,0,3,29.329565659009827,13,23
normal_271,0,30,25.261132321589287,0,0,0,3,29.329565659009827,13,23
normal_271,0,32,19.522434689735807,0,0,0,3,29.329565659009827,13,23
normal_271,0,34,16.903699966685643,0,0,0,3,29.329565659009827,13,23
normal_271,0,36,16.298152276440053,0,0,0,3,29.329565659009827,13,23
normal_271,0,38,17.282958725099032,0,0,0,3,29.329565659009827,13,23
normal_271,0,40,16.057410021242365,0,0,0,3,29.329565659009827,13,23
normal_271,0,42,14.032805772177058,0,0,0,3,29.329565659009827,13,23
normal_271,0,44,11.570861327085082,0,0,0,3,29.329565659009827,13,23
normal_281,0,0,16.4322966385705,0,0,0,3,29.329565659009827,13,23
normal_281,0,2,12.133251165589778,0,0,0,3,29.329565659009827,13,23
normal_281,0,4,15.60258405514715,0,0,0,3,29.329565659009827,13,23
normal_281,0,6,15.517453564254243,0,0,0,3,29.329565659009827,13,23
normal_281,0,8,18.313911019849286,0,0,0,3,29.329565659009827,13,23
normal_281,0,10,19.93221677354902,0,0,0,3,29.329565659009827,13,23
normal_281,0,12,16.94918040218892,0,0,0,3,29.329565659009827,13,23
normal_281,0,14,21.84426479910654,0,0,0,3,29.329565659009827,13,23
normal_281,0,16,24.277210442238975,0,0,0,3,29.329565659009827,13,23
normal_281,0,18,22.42535349452906,0,0,0,3,29.329565659009827,13,23
normal_281,0,20,18.26966003142876,0,0,0,3,29.329565659009827,13,23
normal_281,0,22,15.883757081302358,0,0,0,3,29.329565659009827,13,23
normal_281,0,24,16.005242131358475,0,0,0,3,29.329565659009827,13,23
normal_281,0,26,15.875851098636746,0,0,0,3,29.329565659009827,13,23
normal_281,0,28,15.519547821658588,0,0,0,3,29.329565659009827,13,23
normal_281,0,30,13.728958858166367,0,0,0,3,29.329565659009827,13,23
normal_281,0,32,18.821592251207772,0,0,0,3,29.329565659009827,13,23
normal_281,0,34,17.961358495401154,0,0,0,3,29.329565659009827,13,23
normal_281,0,36,17.28234111456043,0,0,0,3,29.329565659009827,13,23
normal_281,0,38,22.040513378037247,0,0,0,3,29.329565659009827,13,23
normal_281,0,40,19.23066658440073,0,0,0,3,29.329565659009827,13,23
normal_281,0,42,21.004060705374457,0,0,0,3,29.329565659009827,13,23
normal_281,0,44,21.32527801925043,0,0,0,3,29.329565659009827,13,23
normal_283,0,0,5.0566174006456786,0,0,0,3,29.329565659009827,13,23
normal_283,0,2,3.743189215760791,0,0,0,3,29.329565659009827,13,23
normal_283,0,4,7.229336332292994,0,0,0,3,29.329565659009827,13,23
normal_283,0,6,6.044631341049609,0,0,0,3,29.329565659009827,13,23
normal_283,0,8,7.14221398460366,0,0,0,3,29.329565659009827,13,23
normal_283,0,10,7.436782239907514,0,0,0,3,29.329565659009827,13,23
normal_283,0,12,6.785361492262441,0,0,0,3,29.329565659009827,13,23
normal_283,0,14,12.088028887761954,0,0,0,3,29.329565659009827,13,23
normal_283,0,16,12.431044658046348,0,0,0,3,29.329565659009827,13,23
normal_283,0,18,17.563032673644337,0,0,0,3,29.329565659009827,13,23
normal_283,0,20,13.864606220496846,0,0,0,3,29.329565659009827,13,23
normal_283,0,22,14.304287775571808,0,0,0,3,29.329565659009827,13,23
normal_283,0,24,13.5403686050038,0,0,0,3,29.329565659009827,13,23
normal_283,0,26,12.746581860610098,0,0,0,3,29.329565659009827,13,23
normal_283,0,28,14.99535249423799,0,0,0,3,29.329565659009827,13,23
normal_287,0,0,16.541842322913958,0,0,0,3,29.329565659009827,13,23
normal_287,0,2,15.725840474736453,0,0,0,3,29.329565659009827,13,23
normal_287,0,4,15.019252951081633,0,0,0,3,29.329565659009827,13,23
normal_287,0,6,17.693531003444676,0,0,0,3,29.329565659009827,13,23
normal_287,0,8,18.082579491039564,0,0,0,3,29.329565659009827,13,23
normal_287,0,10,20.16401483393276,0,0,0,3,29.329565659009827,13,23
normal_287,0,12,23.106745331605325,0,0,0,3,29.329565659009827,13,23
normal_287,0,14,19.998951506829467,0,0,0,3,29.329565659009827,13,23
normal_287,0,16,19.68632749116958,0,0,0,3,29.329565659009827,13,23
normal_287,0,18,16.18694516189389,0,0,0,3,29.329565659009827,13,23
normal_287,0,20,14.65679740531677,0,0,0,3,29.329565659009827,13,23
normal_287,0,22,15.449313989394833,0,0,0,3,29.329565659009827,13,23
normal_287,0,24,17.04657899410057,0,0,0,3,29.329565659009827,13,23
normal_287,0,26,17.228636828633068,0,0,0,3,29.329565659009827,13,23
normal_287,0,28,18.22013459347792,0,0,0,3,29.329565659009827,13,23
normal_287,0,30,16.0505093143424,0,0,0,3,29.329565659009827,13,23
normal_287,0,32,15.863638414177196,0,0,0,3,29.329565659009827,13,23
normal_287,0,34,18.647340312854045,0,0,0,3,29.329565659009827,13,23
normal_287,0,36,19.89915077228112,0,0,0,3,29.329565659009827,13,23
normal_287,0,38,16.649974078716365,0,0,0,3,29.329565659009827,13,23
normal_287,0,40,18.731508911864655,0,0,0,3,29.329565659009827,13,23
normal_287,0,42,18.598592145497346,0,0,0,3,29.329565659009827,13,23
normal_287,0,44,16.982942226040823,0,0,0,3,29.329565659009827,13,23
normal_293,0,0,15.560311538126408,0,0,0,3,29.329565659009827,13,23
normal_293,0,2,15.404514645674787,0,0,0,3,29.329565659009827,13,23
normal_293,0,4,18.030765926834306,0,0,0,3,29.329565659009827,13,23
normal_293,0,6,16.322595731914816,0,0,0,3,29.329565659009827,13,23
normal_293,0,8,15.748603537184568,0,0,0,3,29.329565659009827,13,23
normal_293,0,10,17.950682518160153,0,0,0,3,29.329565659009827,13,23
normal_293,0,12,16.27851953713112,0,0,0,3,29.329565659009827,13,23
normal_293,0,14,20.602280236606,0,0,0,3,29.329565659009827,13,23
normal_293,0,16,22.702188208875317,0,0,0,3,29.329565659009827,13,23
normal_293,0,18,20.451437036253093,0,0,0,3,29.329565659009827,13,23
normal_293,0,20,21.820198608784334,0,0,0,3,29.329565659009827,13,23
normal_293,0,22,18.45683002330298,0,0,0,3,29.329565659009827,13,23
normal_293,0,24,15.784710755764026,0,0,0,3,29.329565659009827,13,23
normal_293,0,26,15.190550454609323,0,0,0,3,29.329565659009827,13,23
normal_293,0,28,13.355611492998769,0,0,0,3,29.329565659009827,13,23
normal_293,0,30,14.189381097500183,0,0,0,3,29.329565659009827,13,23
normal_293,0,32,13.895337713568152,0,0,0,3,29.329565659009827,13,23
normal_293,0,34,13.252814651724181,0,0,0,3,29.329565659009827,13,23
normal_293,0,36,15.048367084012508,0,0,0,3,29.329565659009827,13,23
normal_293,0,38,16.399570150026204,0,0,0,3,29.329565659009827,13,23
normal_293,0,40,15.9344363519407,0,0,0,3,29.329565659009827,13,23
normal_293,0,42,16.14121950033891,0,0,0,3,29.329565659009827,13,23
normal_293,0,44,18.48370031343497,0,0,0,3,29.329565659009827,13,23
normal_296,0,0,20.580709950599065,0,0,0,3,29.329565659009827,13,23
normal_296,0,2,20.937273545933603,0,0,0,3,29.329565659009827,13,23
normal_296,0,4,14.11639770253924,0,0,0,3,29.329565659009827,13,23
normal_296,0,6,13.085327294951858,0,0,0,3,29.329565659009827,13,23
normal_296,0,8,15.296480278449659,0,0,0,3,29.329565659009827,13,23
normal_296,0,10,22.65757332640815,0,0,0,3,29.329565659009827,13,23
normal_296,0,12,22.77580616780955,0,0,0,3,29.329565659009827,13,23
normal_296,0,14,14.373910505303966,0,0,0,3,29.329565659009827,13,23
normal_296,0,16,17.410627569161825,0,0,0,3,29.329565659009827,13,23
normal_296,0,18,16.9203474245318,0,0,0,3,29.329565659009827,13,23
normal_296,0,20,14.795037313417827,0,0,0,3,29.329565659009827,13,23
normal_296,0,22,17.640870883794236,0,0,0,3,29.329565659009827,13,23
normal_296,0,24,19.3428477603689,0,0,0,3,29.329565659009827,13,23
normal_297,0,0,14.780869710674002,0,0,0,3,29.329565659009827,13,23
normal_297,0,2,14.937690229018786,0,0,0,3,29.329565659009827,13,23
normal_297,0,4,12.298104015328038,0,0,0,3,29.329565659009827,13,23
normal_297,0,6,8.24327034362843,0,0,0,3,29.329565659009827,13,23
normal_297,0,8,8.00347788567949,0,0,0,3,29.329565659009827,13,23
normal_297,0,10,9.278397161745684,0,0,0,3,29.329565659009827,13,23
normal_297,0,12,14.658072073464899,0,0,0,3,29.329565659009827,13,23
normal_297,0,14,14.652396354924223,0,0,0,3,29.329565659009827,13,23
normal_306,0,0,10.75786834713504,0,0,0,3,29.329565659009827,13,23
normal_306,0,2,10.908313775319945,0,0,0,3,29.329565659009827,13,23
normal_306,0,4,13.78571337262842,0,0,0,3,29.329565659009827,13,23
normal_306,0,6,16.375237189515055,0,0,0,3,29.329565659009827,13,23
normal_306,0,8,12.715372852313271,0,0,0,3,29.329565659009827,13,23
normal_306,0,10,13.48297664846079,0,0,0,3,29.329565659009827,13,23
normal_306,0,12,12.89661408047138,0,0,0,3,29.329565659009827,13,23
normal_306,0,14,13.905256528403486,0,0,0,3,29.329565659009827,13,23
normal_306,0,16,10.431463376238888,0,0,0,3,29.329565659009827,13,23
normal_306,0,18,11.616336274434232,0,0,0,3,29.329565659009827,13,23
normal_306,0,20,11.82961327646238,0,0,0,3,29.329565659009827,13,23
normal_306,0,22,12.178949542783045,0,0,0,3,29.329565659009827,13,23
normal_306,0,24,10.374996099331801,0,0,0,3,29.329565659009827,13,23
normal_306,0,26,9.037374545311222,0,0,0,3,29.329565659009827,13,23
normal_306,0,28,10.069125241856963,0,0,0,3,29.329565659009827,13,23
normal_306,0,30,12.399866879132599,0,0,0,3,29.329565659009827,13,23
normal_306,0,32,11.43923451454894,0,0,0,3,29.329565659009827,13,23
normal_312,0,0,14.430460627129879,0,0,0,3,29.329565659009827,13,23
normal_312,0,2,9.993124904202663,0,0,0,3,29.329565659009827,13,23
normal_312,0,4,10.299865766396678,0,0,0,3,29.329565659009827,13,23
normal_312,0,6,11.780841639170506,0,0,0,3,29.329565659009827,13,23
normal_312,0,8,8.724634794282478,0,0,0,3,29.329565659009827,13,23
normal_312,0,10,11.640871158891956,0,0,0,3,29.329565659009827,13,23
normal_312,0,12,13.09765957437015,0,0,0,3,29.329565659009827,13,23
normal_312,0,14,15.088683218995937,0,0,0,3,29.329565659009827,13,23
normal_312,0,16,15.147962200361926,0,0,0,3,29.329565659009827,13,23
normal_312,0,18,18.891730396208754,0,0,0,3,29.329565659009827,13,23
normal_312,0,20,19.491731038575704,0,0,0,3,29.329565659009827,13,23
normal_312,0,22,16.13821621407922,0,0,0,3,29.329565659009827,13,23
normal_312,0,24,16.8558636382504,0,0,0,3,29.329565659009827,13,23
normal_312,0,26,15.815802931027104,0,0,0,3,29.329565659009827,13,23
normal_312,0,28,17.489522402929925,0,0,0,3,29.329565659009827,13,23
normal_312,0,30,11.691223428957315,0,0,0,3,29.329565659009827,13,23
normal_312,0,32,8.551444302736689,0,0,0,3,29.329565659009827,13,23
normal_316,0,0,5.750098972283189,0,0,0,3,29.329565659009827,13,23
normal_316,0,2,8.301744647792693,0,0,0,3,29.329565659009827,13,23
normal_316,0,4,10.822952733773871,0,0,0,3,29.329565659009827,13,23
normal_316,0,6,7.051094371123322,0,0,0,3,29.329565659009827,13,23
normal_316,0,8,19.11775377118757,0,0,0,3,29.329565659009827,13,23
normal_316,0,10,10.457662197210379,0,0,0,3,29.329565659009827,13,23
normal_316,0,12,10.156070422949023,0,0,0,3,29.329565659009827,13,23
normal_316,0,14,12.466566582569053,0,0,0,3,29.329565659009827,13,23
normal_316,0,16,10.726021945966012,0,0,0,3,29.329565659009827,13,23
normal_316,0,18,13.94235712942822,0,0,0,3,29.329565659009827,13,23
normal_316,0,20,13.644468675734037,0,0,0,3,29.329565659009827,13,23
normal_316,0,22,9.47813903135245,0,0,0,3,29.329565659009827,13,23
normal_316,0,24,10.350041863722065,0,0,0,3,29.329565659009827,13,23
normal_316,0,26,8.515662014163937,0,0,0,3,29.329565659009827,13,23
normal_316,0,28,9.17905827429049,0,0,0,3,29.329565659009827,13,23
normal_316,0,30,6.324536669472584,0,0,0,3,29.329565659009827,13,23
normal_316,0,32,7.937764495744466,0,0,0,3,29.329565659009827,13,23
normal_316,0,34,5.286297231850342,0,0,0,3,29.329565659009827,13,23
normal_316,0,36,5.545988930610704,0,0,0,3,29.329565659009827,13,23
normal_316,0,38,7.040035557499451,0,0,0,3,29.329565659009827,13,23
normal_316,0,40,4.135511705442153,0,0,0,3,29.329565659009827,13,23
normal_316,0,42,5.643197016054894,0,0,0,3,29.329565659009827,13,23
normal_316,0,44,8.49368766722213,0,0,0,3,29.329565659009827,13,23
normal_319,0,0,9.885599250609856,0,0,0,3,29.329565659009827,13,23
normal_319,0,2,4.814438173843958,0,0,0,3,29.329565659009827,13,23
normal_319,0,4,7.4540475430920035,0,0,0,3,29.329565659009827,13,23
normal_319,0,6,9.316523101034084,0,0,0,3,29.329565659009827,13,23
normal_319,0,8,11.561398829664684,0,0,0,3,29.329565659009827,13,23
normal_319,0,10,9.87557691582899,0,0,0,3,29.329565659009827,13,23
normal_319,0,12,5.777633968821236,0,0,0,3,29.329565659009827,13,23
normal_319,0,14,5.801284934008911,0,0,0,3,29.329565659009827,13,23
normal_319,0,16,6.696865223320578,0,0,0,3,29.329565659009827,13,23
normal_319,0,18,6.362220961033178,0,0,0,3,29.329565659009827,13,23
normal_319,0,20,5.698001111963705,0,0,0,3,29.329565659009827,13,23
normal_319,0,22,10.4824913997077,0,0,0,3,29.329565659009827,13,23
normal_319,0,24,6.553408232866599,0,0,0,3,29.329565659009827,13,23
normal_319,0,26,5.069522862175368,0,0,0,3,29.329565659009827,13,23
normal_330,0,0,15.97049139006886,0,0,0,3,29.329565659009827,13,23
normal_330,0,2,16.618462733641618,0,0,0,3,29.329565659009827,13,23
normal_330,0,4,16.831222087419857,0,0,0,3,29.329565659009827,13,23
normal_330,0,6,14.153512490227989,0,0,0,3,29.329565659009827,13,23
normal_330,0,8,12.140706166486709,0,0,0,3,29.329565659009827,13,23
normal_330,0,10,10.03370004771243,0,0,0,3,29.329565659009827,13,23
normal_330,0,12,11.199611998898273,0,0,0,3,29.329565659009827,13,23
normal_330,0,14,9.073802311176856,0,0,0,3,29.329565659009827,13,23
normal_330,0,16,8.872284920614259,0,0,0,3,29.329565659009827,13,23
normal_330,0,18,9.534876138514353,0,0,0,3,29.329565659009827,13,23
normal_330,0,20,11.300706763703761,0,0,0,3,29.329565659009827,13,23
normal_330,0,22,12.343653637900406,0,0,0,3,29.329565659009827,13,23
normal_330,0,24,9.241345178899191,0,0,0,3,29.329565659009827,13,23
normal_330,0,26,11.550371737924271,0,0,0,3,29.329565659009827,13,23
normal_330,0,28,12.945673264437925,0,0,0,3,29.329565659009827,13,23
normal_330,0,30,13.66121653052079,0,0,0,3,29.329565659009827,13,23
normal_330,0,32,10.536230734943379,0,0,0,3,29.329565659009827,13,23
normal_330,0,34,9.132036448026907,0,0,0,3,29.329565659009827,13,23
normal_330,0,36,8.209488570031006,0,0,0,3,29.329565659009827,13,23
normal_330,0,38,8.428052975095905,0,0,0,3,29.329565659009827,13,23
normal_330,0,40,9.103610366624014,0,0,0,3,29.329565659009827,13,23
normal_330,0,42,9.199698937398207,0,0,0,3,29.329565659009827,13,23
normal_330,0,44,11.650558867312775,0,0,0,3,29.329565659009827,13,23
normal_335,0,0,18.265435705118254,0,0,0,3,29.329565659009827,13,23
normal_335,0,2,15.60615137383703,0,0,0,3,29.329565659009827,13,23
normal_335,0,4,14.181446721550179,0,0,0,3,29.329565659009827,13,23
normal_335,0,6,14.649002868020498,0,0,0,3,29.329565659009827,13,23
normal_335,0,8,14.16284443680949,0,0,0,3,29.329565659009827,13,23
normal_335,0,10,13.346188762641354,0,0,0,3,29.329565659009827,13,23
normal_335,0,12,16.4599531964285,0,0,0,3,29.329565659009827,13,23
normal_335,0,14,15.965074362023307,0,0,0,3,29.329565659009827,13,23
normal_335,0,16,16.22621801780775,0,0,0,3,29.329565659009827,13,23
normal_335,0,18,18.98464195523257,0,0,0,3,29.329565659009827,13,23
normal_335,0,20,18.187381678468263,0,0,0,3,29.329565659009827,13,23
normal_335,0,22,18.18728097808779,0,0,0,3,29.329565659009827,13,23
normal_335,0,24,13.842303716115413,0,0,0,3,29.329565659009827,13,23
normal_335,0,26,12.695928286184618,0,0,0,3,29.329565659009827,13,23
normal_335,0,28,14.787952988773895,0,0,0,3,29.329565659009827,13,23
normal_335,0,30,16.536431370695826,0,0,0,3,29.329565659009827,13,23
normal_335,0,32,17.87816122365814,0,0,0,3,29.329565659009827,13,23
normal_335,0,34,16.711448635993793,0,0,0,3,29.329565659009827,13,23
normal_335,0,36,19.33928692151812,0,0,0,3,29.329565659009827,13,23
normal_335,0,38,24.619598394181768,0,0,0,3,29.329565659009827,13,23
normal_335,0,40,27.266336769666864,0,0,0,3,29.329565659009827,13,23
normal_335,0,42,27.303998855724764,0,0,0,3,29.329565659009827,13,23
normal_335,0,44,17.13645591321095,0,0,0,3,29.329565659009827,13,23
normal_336,0,0,8.390814518229485,0,0,0,3,29.329565659009827,13,23
normal_336,0,2,7.5660826476693,0,0,0,3,29.329565659009827,13,23
normal_336,0,4,14.346381837220752,0,0,0,3,29.329565659009827,13,23
normal_336,0,6,11.025941691459707,0,0,0,3,29.329565659009827,13,23
normal_336,0,8,8.973647167365632,0,0,0,3,29.329565659009827,13,23
normal_336,0,10,8.282304829152686,0,0,0,3,29.329565659009827,13,23
normal_336,0,12,8.356398475197986,0,0,0,3,29.329565659009827,13,23
normal_336,0,14,11.485364814578679,0,0,0,3,29.329565659009827,13,23
normal_336,0,16,12.08231229873515,0,0,0,3,29.329565659009827,13,23
normal_336,0,18,7.2043340897138295,0,0,0,3,29.329565659009827,13,23
normal_336,0,20,9.221760905286834,0,0,0,3,29.329565659009827,13,23
normal_336,0,22,7.298392340961279,0,0,0,3,29.329565659009827,13,23
normal_336,0,24,5.963734608756403,0,0,0,3,29.329565659009827,13,23
normal_336,0,26,5.001770512194113,0,0,0,3,29.329565659009827,13,23
normal_336,0,28,7.936529061598584,0,0,0,3,29.329565659009827,13,23
normal_336,0,30,8.851597237191658,0,0,0,3,29.329565659009827,13,23
normal_336,0,32,6.718634092869789,0,0,0,3,29.329565659009827,13,23
normal_336,0,34,10.817209144171553,0,0,0,3,29.329565659009827,13,23
normal_336,0,36,13.085760963935115,0,0,0,3,29.329565659009827,13,23
normal_336,0,38,13.881485072675304,0,0,0,3,29.329565659009827,13,23
normal_336,0,40,14.571673831146782,0,0,0,3,29.329565659009827,13,23
normal_342,0,0,9.504911520414199,0,0,0,3,29.329565659009827,13,23
normal_342,0,2,8.374820818087514,0,0,0,3,29.329565659009827,13,23
normal_342,0,4,7.022807154336989,0,0,0,3,29.329565659009827,13,23
normal_342,0,6,5.767600903249816,0,0,0,3,29.329565659009827,13,23
normal_342,0,8,5.87538392324903,0,0,0,3,29.329565659009827,13,23
normal_342,0,10,3.3351505474645253,0,0,0,3,29.329565659009827,13,23
normal_342,0,12,4.2423117072979455,0,0,0,3,29.329565659009827,13,23
normal_342,0,14,7.2544797412654844,0,0,0,3,29.329565659009827,13,23
normal_342,0,16,7.683366686735067,0,0,0,3,29.329565659009827,13,23
normal_342,0,18,8.770390779796436,0,0,0,3,29.329565659009827,13,23
normal_342,0,20,8.195051270583019,0,0,0,3,29.329565659009827,13,23
normal_342,0,22,9.626396757949735,0,0,0,3,29.329565659009827,13,23
normal_342,0,24,11.667034324081689,0,0,0,3,29.329565659009827,13,23
normal_342,0,26,10.335727328282513,0,0,0,3,29.329565659009827,13,23
normal_342,0,28,9.466087434778839,0,0,0,3,29.329565659009827,13,23
normal_342,0,30,8.501787577673975,0,0,0,3,29.329565659009827,13,23
normal_342,0,32,10.7697945526538,0,0,0,3,29.329565659009827,13,23
normal_342,0,34,12.324344828328252,0,0,0,3,29.329565659009827,13,23
normal_342,0,36,8.934013786620554,0,0,0,3,29.329565659009827,13,23
normal_342,0,38,7.284263899897919,0,0,0,3,29.329565659009827,13,23
normal_342,0,40,9.540492857768516,0,0,0,3,29.329565659009827,13,23
normal_342,0,42,10.120031442478195,0,0,0,3,29.329565659009827,13,23
normal_342,0,44,9.252728052589783,0,0,0,3,29.329565659009827,13,23
normal_345,0,0,14.645255405358279,0,0,0,3,29.329565659009827,13,23
normal_345,0,2,12.850377288347001,0,0,0,3,29.329565659009827,13,23
normal_345,0,4,6.790120585286334,0,0,0,3,29.329565659009827,13,23
normal_345,0,6,5.86758646805557,0,0,0,3,29.329565659009827,13,23
normal_345,0,8,5.65593094965531,0,0,0,3,29.329565659009827,13,23
normal_345,0,10,7.42490258273103,0,0,0,3,29.329565659009827,13,23
normal_345,0,12,12.807737820686688,0,0,0,3,29.329565659009827,13,23
normal_345,0,14,6.791719685037197,0,0,0,3,29.329565659009827,13,23
normal_345,0,16,8.760126726396633,0,0,0,3,29.329565659009827,13,23
normal_348,0,0,7.965076729735424,0,0,0,3,29.329565659009827,13,23
normal_348,0,2,10.901593359140653,0,0,0,3,29.329565659009827,13,23
normal_348,0,4,12.889804334117233,0,0,0,3,29.329565659009827,13,23
normal_348,0,6,11.80928802461544,0,0,0,3,29.329565659009827,13,23
normal_348,0,8,13.051933140871508,0,0,0,3,29.329565659009827,13,23
normal_348,0,10,11.164369430862518,0,0,0,3,29.329565659009827,13,23
normal_348,0,12,10.221555146347132,0,0,0,3,29.329565659009827,13,23
normal_348,0,14,8.288143866070069,0,0,0,3,29.329565659009827,13,23
normal_348,0,16,5.901756072787258,0,0,0,3,29.329565659009827,13,23
normal_348,0,18,5.149965760401381,0,0,0,3,29.329565659009827,13,23
normal_348,0,20,6.487345721754626,0,0,0,3,29.329565659009827,13,23
normal_348,0,22,8.710473398867986,0,0,0,3,29.329565659009827,13,23
normal_348,0,24,8.515714942829115,0,0,0,3,29.329565659009827,13,23
normal_348,0,26,10.020944616708055,0,0,0,3,29.329565659009827,13,23
normal_348,0,28,10.38473579079911,0,0,0,3,29.329565659009827,13,23
normal_348,0,30,9.262075881176605,0,0,0,3,29.329565659009827,13,23
normal_348,0,32,7.974510365791101,0,0,0,3,29.329565659009827,13,23
normal_348,0,34,6.206017404245712,0,0,0,3,29.329565659009827,13,23
normal_348,0,36,8.673601061819898,0,0,0,3,29.329565659009827,13,23
normal_348,0,38,13.740858635661048,0,0,0,3,29.329565659009827,13,23
normal_348,0,40,11.5413184995047,0,0,0,3,29.329565659009827,13,23
normal_348,0,42,11.393755869701101,0,0,0,3,29.329565659009827,13,23
normal_348,0,44,16.123747719376148,0,0,0,3,29.329565659009827,13,23
normal_350,0,0,8.029253125340333,0,0,0,3,29.329565659009827,13,23
normal_350,0,2,9.430332809019191,0,0,0,3,29.329565659009827,13,23
normal_350,0,4,9.845855370528339,0,0,0,3,29.329565659009827,13,23
normal_350,0,6,9.390100287528842,0,0,0,3,29.329565659009827,13,23
normal_350,0,8,10.076843206539056,0,0,0,3,29.329565659009827,13,23
normal_350,0,10,10.03766308704457,0,0,0,3,29.329565659009827,13,23
normal_350,0,12,8.689707609446774,0,0,0,3,29.329565659009827,13,23
normal_350,0,14,6.865712342622242,0,0,0,3,29.329565659009827,13,23
normal_350,0,16,9.6219425281292,0,0,0,3,29.329565659009827,13,23
normal_350,0,18,10.992112133918885,0,0,0,3,29.329565659009827,13,23
normal_350,0,20,7.383373438233322,0,0,0,3,29.329565659009827,13,23
normal_350,0,22,6.341357117575641,0,0,0,3,29.329565659009827,13,23
normal_350,0,24,4.994574436612085,0,0,0,3,29.329565659009827,13,23
normal_350,0,26,8.22519537865643,0,0,0,3,29.329565659009827,13,23
normal_350,0,28,7.6171378808285555,0,0,0,3,29.329565659009827,13,23
normal_350,0,30,5.360739037268419,0,0,0,3,29.329565659009827,13,23
normal_350,0,32,5.273394909311584,0,0,0,3,29.329565659009827,13,23
normal_350,0,34,6.61519457443898,0,0,0,3,29.329565659009827,13,23
normal_350,0,36,9.152060503799923,0,0,0,3,29.329565659009827,13,23
normal_357,0,0,7.5236562337902795,0,0,0,3,29.329565659009827,13,23
normal_357,0,2,7.351781644261034,0,0,0,3,29.329565659009827,13,23
normal_357,0,4,4.368906796816636,0,0,0,3,29.329565659009827,13,23
normal_357,0,6,3.449263889146552,0,0,0,3,29.329565659009827,13,23
normal_357,0,8,8.297788079420172,0,0,0,3,29.329565659009827,13,23
normal_357,0,10,5.559049526709434,0,0,0,3,29.329565659009827,13,23
normal_357,0,12,7.017509131333155,0,0,0,3,29.329565659009827,13,23
normal_357,0,14,5.804943984032962,0,0,0,3,29.329565659009827,13,23
normal_357,0,16,4.016662705323958,0,0,0,3,29.329565659009827,13,23
normal_357,0,18,4.11879522206282,0,0,0,3,29.329565659009827,13,23
normal_357,0,20,6.9000459541413175,0,0,0,3,29.329565659009827,13,23
normal_357,0,22,5.251737498748325,0,0,0,3,29.329565659009827,13,23
normal_357,0,24,3.8607996077847364,0,0,0,3,29.329565659009827,13,23
normal_357,0,26,6.394454726267408,0,0,0,3,29.329565659009827,13,23
normal_362,0,0,22.222610816008196,0,0,0,3,29.329565659009827,13,23
normal_362,0,2,19.4424241826541,0,0,0,3,29.329565659009827,13,23
normal_362,0,4,20.349564412027185,0,0,0,3,29.329565659009827,13,23
normal_362,0,6,22.115513575173768,0,0,0,3,29.329565659009827,13,23
normal_362,0,8,22.92176379073946,0,0,0,3,29.329565659009827,13,23
normal_362,0,10,20.437017225489054,0,0,0,3,29.329565659009827,13,23
normal_362,0,12,16.53455369444588,0,0,0,3,29.329565659009827,13,23
normal_362,0,14,16.239931660289407,0,0,0,3,29.329565659009827,13,23
normal_362,0,16,19.537779640657266,0,0,0,3,29.329565659009827,13,23
normal_362,0,18,22.028171998358086,0,0,0,3,29.329565659009827,13,23
normal_362,0,20,17.8252240206622,0,0,0,3,29.329565659009827,13,23
normal_362,0,22,22.63249888189714,0,0,0,3,29.329565659009827,13,23
normal_362,0,24,29.125334961877673,0,0,0,3,29.329565659009827,13,23
normal_362,0,26,21.660294175119834,0,0,0,3,29.329565659009827,13,23
normal_362,0,28,21.0419003837909,0,0,0,3,29.329565659009827,13,23
normal_362,0,30,21.356952895145213,0,0,0,3,29.329565659009827,13,23
normal_362,0,32,18.0908071123753,0,0,0,3,29.329565659009827,13,23
normal_362,0,34,17.420302256356404,0,0,0,3,29.329565659009827,13,23
normal_362,0,36,19.29717974265138,0,0,0,3,29.329565659009827,13,23
normal_362,0,38,20.37640135971384,0,0,0,3,29.329565659009827,13,23
normal_362,0,40,19.741701644912425,0,0,0,3,29.329565659009827,13,23
normal_362,0,42,17.105178286508107,0,0,0,3,29.329565659009827,13,23
normal_362,0,44,16.876904733708237,0,0,0,3,29.329565659009827,13,23
normal_368,0,0,13.815556122473629,0,0,0,3,29.329565659009827,13,23
normal_368,0,2,11.861130306598945,0,0,0,3,29.329565659009827,13,23
normal_368,0,4,13.133066490322289,0,0,0,3,29.329565659009827,13,23
normal_368,0,6,17.162220058099177,0,0,0,3,29.329565659009827,13,23
normal_368,0,8,18.4478797293421,0,0,0,3,29.329565659009827,13,23
normal_368,0,10,17.662209516876345,0,0,0,3,29.329565659009827,13,23
normal_368,0,12,15.456198372564144,0,0,0,3,29.329565659009827,13,23
normal_368,0,14,14.772855110694232,0,0,0,3,29.329565659009827,13,23
normal_368,0,16,14.333382396965566,0,0,0,3,29.329565659009827,13,23
normal_368,0,18,14.775579140110159,0,0,0,3,29.329565659009827,13,23
normal_368,0,20,11.55845973938853,0,0,0,3,29.329565659009827,13,23
normal_368,0,22,16.377841492168344,0,0,0,3,29.329565659009827,13,23
normal_368,0,24,17.875213907716766,0,0,0,3,29.329565659009827,13,23
normal_368,0,26,18.168666623349083,0,0,0,3,29.329565659009827,13,23
normal_368,0,28,20.208034920112713,0,0,0,3,29.329565659009827,13,23
normal_368,0,30,18.981894027053894,0,0,0,3,29.329565659009827,13,23
normal_368,0,32,18.672434251299347,0,0,0,3,29.329565659009827,13,23
normal_369,0,0,12.540107367475077,0,0,0,3,29.329565659009827,13,23
normal_369,0,2,11.96046624567327,0,0,0,3,29.329565659009827,13,23
normal_369,0,4,8.792236626695248,0,0,0,3,29.329565659009827,13,23
normal_369,0,6,10.748423597061453,0,0,0,3,29.329565659009827,13,23
normal_369,0,8,16.53697207135514,0,0,0,3,29.329565659009827,13,23
normal_369,0,10,17.736520455828696,0,0,0,3,29.329565659009827,13,23
normal_369,0,12,19.129443328525667,0,0,0,3,29.329565659009827,13,23
normal_369,0,14,31.204897102597982,1,1,0,3,29.329565659009827,13,23
normal_369,0,16,19.092347107651477,0,0,0,3,29.329565659009827,13,23
normal_369,0,18,18.41931791877464,0,0,0,3,29.329565659009827,13,23
normal_369,0,20,31.269562753179834,1,1,0,3,29.329565659009827,13,23
normal_369,0,22,18.270392746953895,0,0,0,3,29.329565659009827,13,23
normal_373,0,0,11.294729955607014,0,0,0,3,29.329565659009827,13,23
normal_373,0,2,11.309758448165473,0,0,0,3,29.329565659009827,13,23
normal_373,0,4,10.160328470167848,0,0,0,3,29.329565659009827,13,23
normal_373,0,6,10.466241608853467,0,0,0,3,29.329565659009827,13,23
normal_373,0,8,12.90485765292627,0,0,0,3,29.329565659009827,13,23
normal_373,0,10,11.808615406397317,0,0,0,3,29.329565659009827,13,23
normal_373,0,12,10.870896813826132,0,0,0,3,29.329565659009827,13,23
normal_373,0,14,13.290237210897434,0,0,0,3,29.329565659009827,13,23
normal_373,0,16,14.686621290136614,0,0,0,3,29.329565659009827,13,23
normal_373,0,18,17.50759488656368,0,0,0,3,29.329565659009827,13,23
normal_373,0,20,17.195200966107272,0,0,0,3,29.329565659009827,13,23
normal_373,0,22,13.689265743230303,0,0,0,3,29.329565659009827,13,23
normal_373,0,24,13.438873892544386,0,0,0,3,29.329565659009827,13,23
normal_373,0,26,13.962123261325832,0,0,0,3,29.329565659009827,13,23
normal_373,0,28,14.103532185048321,0,0,0,3,29.329565659009827,13,23
normal_373,0,30,14.217526020371452,0,0,0,3,29.329565659009827,13,23
normal_373,0,32,15.910903335208678,0,0,0,3,29.329565659009827,13,23
normal_373,0,34,14.973330957810612,0,0,0,3,29.329565659009827,13,23
normal_373,0,36,18.966184068167216,0,0,0,3,29.329565659009827,13,23
normal_373,0,38,22.03171598376831,0,0,0,3,29.329565659009827,13,23
normal_373,0,40,22.169920350308157,0,0,0,3,29.329565659009827,13,23
normal_373,0,42,19.206353353340017,0,0,0,3,29.329565659009827,13,23
normal_373,0,44,13.743034521994659,0,0,0,3,29.329565659009827,13,23
normal_378,0,0,6.688812120758423,0,0,0,3,29.329565659009827,13,23
normal_378,0,2,7.961518250201538,0,0,0,3,29.329565659009827,13,23
normal_378,0,4,11.087590876912273,0,0,0,3,29.329565659009827,13,23
normal_378,0,6,10.781720580982899,0,0,0,3,29.329565659009827,13,23
normal_378,0,8,12.212194879733424,0,0,0,3,29.329565659009827,13,23
normal_378,0,10,13.409411448677455,0,0,0,3,29.329565659009827,13,23
normal_378,0,12,11.427348742935386,0,0,0,3,29.329565659009827,13,23
normal_378,0,14,7.207615023773768,0,0,0,3,29.329565659009827,13,23
normal_378,0,16,4.486760008209726,0,0,0,3,29.329565659009827,13,23
normal_378,0,18,8.105241213798669,0,0,0,3,29.329565659009827,13,23
normal_378,0,20,7.390814347759442,0,0,0,3,29.329565659009827,13,23
normal_378,0,22,8.536680690167854,0,0,0,3,29.329565659009827,13,23
normal_378,0,24,6.514930295055601,0,0,0,3,29.329565659009827,13,23
normal_378,0,26,6.890656426193584,0,0,0,3,29.329565659009827,13,23
normal_378,0,28,5.483128341062452,0,0,0,3,29.329565659009827,13,23
normal_378,0,30,9.231315651265707,0,0,0,3,29.329565659009827,13,23
normal_378,0,32,10.51342308413321,0,0,0,3,29.329565659009827,13,23
normal_378,0,34,13.113435553188367,0,0,0,3,29.329565659009827,13,23
normal_378,0,36,9.292063573975826,0,0,0,3,29.329565659009827,13,23
normal_378,0,38,5.476446556853317,0,0,0,3,29.329565659009827,13,23
normal_378,0,40,7.242516883419035,0,0,0,3,29.329565659009827,13,23
normal_378,0,42,9.129015531372167,0,0,0,3,29.329565659009827,13,23
normal_378,0,44,9.05479608722597,0,0,0,3,29.329565659009827,13,23
normal_381,0,0,22.514748819754548,0,0,0,3,29.329565659009827,13,23
normal_381,0,2,19.595824867713507,0,0,0,3,29.329565659009827,13,23
normal_381,0,4,16.053703809754307,0,0,0,3,29.329565659009827,13,23
normal_381,0,6,17.343764255321002,0,0,0,3,29.329565659009827,13,23
normal_381,0,8,18.667505698944563,0,0,0,3,29.329565659009827,13,23
normal_381,0,10,17.033117727531028,0,0,0,3,29.329565659009827,13,23
normal_381,0,12,15.270789976027533,0,0,0,3,29.329565659009827,13,23
normal_381,0,14,15.586084667601355,0,0,0,3,29.329565659009827,13,23
normal_381,0,16,16.07341696136497,0,0,0,3,29.329565659009827,13,23
normal_381,0,18,12.367206896079399,0,0,0,3,29.329565659009827,13,23
normal_381,0,20,12.535223013583403,0,0,0,3,29.329565659009827,13,23
normal_381,0,22,12.325787844878167,0,0,0,3,29.329565659009827,13,23
normal_381,0,24,18.49078169019854,0,0,0,3,29.329565659009827,13,23
normal_385,0,0,14.971644278177212,0,0,0,3,29.329565659009827,13,23
normal_385,0,2,12.441978532924535,0,0,0,3,29.329565659009827,13,23
normal_385,0,4,9.217252266415285,0,0,0,3,29.329565659009827,13,23
normal_385,0,6,9.6017338345645,0,0,0,3,29.329565659009827,13,23
normal_385,0,8,10.781391523965965,0,0,0,3,29.329565659009827,13,23
normal_385,0,10,12.496083011951105,0,0,0,3,29.329565659009827,13,23
normal_385,0,12,11.083904901052655,0,0,0,3,29.329565659009827,13,23
normal_385,0,14,9.928845219432908,0,0,0,3,29.329565659009827,13,23
normal_385,0,16,11.152484575143847,0,0,0,3,29.329565659009827,13,23
normal_385,0,18,9.673899545763975,0,0,0,3,29.329565659009827,13,23
normal_385,0,20,10.824558106180321,0,0,0,3,29.329565659009827,13,23
normal_385,0,22,10.531328743179053,0,0,0,3,29.329565659009827,13,23
normal_385,0,24,11.683500663429006,0,0,0,3,29.329565659009827,13,23
normal_385,0,26,11.649060478522008,0,0,0,3,29.329565659009827,13,23
normal_385,0,28,14.363390593570262,0,0,0,3,29.329565659009827,13,23
normal_385,0,30,12.296641500270304,0,0,0,3,29.329565659009827,13,23
normal_385,0,32,8.133720352215228,0,0,0,3,29.329565659009827,13,23
normal_385,0,34,8.567959602117494,0,0,0,3,29.329565659009827,13,23
normal_385,0,36,11.73382338073112,0,0,0,3,29.329565659009827,13,23
normal_385,0,38,11.866963485000127,0,0,0,3,29.329565659009827,13,23
normal_385,0,40,10.94670629360322,0,0,0,3,29.329565659009827,13,23
normal_385,0,42,12.831300723087788,0,0,0,3,29.329565659009827,13,23
normal_385,0,44,15.070708179773765,0,0,0,3,29.329565659009827,13,23
normal_391,0,0,12.87658839814341,0,0,0,3,29.329565659009827,13,23
normal_391,0,2,13.460527611977705,0,0,0,3,29.329565659009827,13,23
normal_391,0,4,15.790637754595195,0,0,0,3,29.329565659009827,13,23
normal_391,0,6,18.143043627791897,0,0,0,3,29.329565659009827,13,23
normal_391,0,8,16.13695629304127,0,0,0,3,29.329565659009827,13,23
normal_391,0,10,17.0969429940382,0,0,0,3,29.329565659009827,13,23
normal_391,0,12,15.511678992828479,0,0,0,3,29.329565659009827,13,23
normal_391,0,14,12.40146485235729,0,0,0,3,29.329565659009827,13,23
normal_391,0,16,12.375432899650761,0,0,0,3,29.329565659009827,13,23
normal_391,0,18,11.531973933397369,0,0,0,3,29.329565659009827,13,23
normal_391,0,20,7.572925686498344,0,0,0,3,29.329565659009827,13,23
normal_391,0,22,10.815432743084717,0,0,0,3,29.329565659009827,13,23
normal_391,0,24,9.743783848354338,0,0,0,3,29.329565659009827,13,23
normal_391,0,26,13.645799868966625,0,0,0,3,29.329565659009827,13,23
normal_391,0,28,13.068646680087356,0,0,0,3,29.329565659009827,13,23
normal_391,0,30,13.094687988400919,0,0,0,3,29.329565659009827,13,23
normal_391,0,32,14.16094025714977,0,0,0,3,29.329565659009827,13,23
normal_391,0,34,15.797668010728598,0,0,0,3,29.329565659009827,13,23
normal_391,0,36,13.378438963184722,0,0,0,3,29.329565659009827,13,23
normal_391,0,38,9.017056651040178,0,0,0,3,29.329565659009827,13,23
normal_391,0,40,8.367525456685817,0,0,0,3,29.329565659009827,13,23
normal_391,0,42,8.7584615531051,0,0,0,3,29.329565659009827,13,23
normal_391,0,44,11.378295578472434,0,0,0,3,29.329565659009827,13,23
normal_401,0,0,26.30989444192642,0,0,0,3,29.329565659009827,13,23
normal_401,0,2,18.748235983469304,0,0,0,3,29.329565659009827,13,23
normal_401,0,4,19.57828023190088,0,0,0,3,29.329565659009827,13,23
normal_401,0,6,14.296918791990578,0,0,0,3,29.329565659009827,13,23
normal_401,0,8,15.832610058343993,0,0,0,3,29.329565659009827,13,23
normal_401,0,10,16.21713891258439,0,0,0,3,29.329565659009827,13,23
normal_401,0,12,13.758967445224785,0,0,0,3,29.329565659009827,13,23
normal_401,0,14,15.50055597412569,0,0,0,3,29.329565659009827,13,23
normal_401,0,16,15.22444301952369,0,0,0,3,29.329565659009827,13,23
normal_401,0,18,14.807073243425506,0,0,0,3,29.329565659009827,13,23
normal_401,0,20,14.492695187098468,0,0,0,3,29.329565659009827,13,23
normal_401,0,22,14.250376421150083,0,0,0,3,29.329565659009827,13,23
normal_401,0,24,14.430040985797108,0,0,0,3,29.329565659009827,13,23
normal_401,0,26,16.404310671232867,0,0,0,3,29.329565659009827,13,23
normal_401,0,28,23.309426560112055,0,0,0,3,29.329565659009827,13,23
normal_401,0,30,21.97112309218412,0,0,0,3,29.329565659009827,13,23
normal_401,0,32,18.935491933717856,0,0,0,3,29.329565659009827,13,23
normal_401,0,34,19.499039704849693,0,0,0,3,29.329565659009827,13,23
normal_401,0,36,18.842152790540634,0,0,0,3,29.329565659009827,13,23
normal_401,0,38,22.50610290873668,0,0,0,3,29.329565659009827,13,23
normal_401,0,40,21.126966289146925,0,0,0,3,29.329565659009827,13,23
normal_401,0,42,20.569868170324096,0,0,0,3,29.329565659009827,13,23
normal_401,0,44,25.293561507351516,0,0,0,3,29.329565659009827,13,23
normal_412,0,0,20.73640348522582,0,0,0,3,29.329565659009827,13,23
normal_412,0,2,18.77493095254429,0,0,0,3,29.329565659009827,13,23
normal_412,0,4,14.602109472650337,0,0,0,3,29.329565659009827,13,23
normal_412,0,6,13.688721698853044,0,0,0,3,29.329565659009827,13,23
normal_412,0,8,14.432951256398585,0,0,0,3,29.329565659009827,13,23
normal_412,0,10,13.485797274871635,0,0,0,3,29.329565659009827,13,23
normal_412,0,12,18.45569322421226,0,0,0,3,29.329565659009827,13,23
normal_412,0,14,16.372289217524347,0,0,0,3,29.329565659009827,13,23
normal_412,0,16,13.810011251323902,0,0,0,3,29.329565659009827,13,23
normal_412,0,18,16.696667867543212,0,0,0,3,29.329565659009827,13,23
normal_412,0,20,20.135152454934687,0,0,0,3,29.329565659009827,13,23
normal_412,0,22,16.997150454386425,0,0,0,3,29.329565659009827,13,23
normal_412,0,24,13.262966507753013,0,0,0,3,29.329565659009827,13,23
normal_412,0,26,13.06412388159857,0,0,0,3,29.329565659009827,13,23
normal_412,0,28,13.41588946911759,0,0,0,3,29.329565659009827,13,23
normal_412,0,30,13.563950304194107,0,0,0,3,29.329565659009827,13,23
normal_412,0,32,14.732810614215989,0,0,0,3,29.329565659009827,13,23
normal_412,0,34,15.073993548224339,0,0,0,3,29.329565659009827,13,23
normal_412,0,36,20.553640203371973,0,0,0,3,29.329565659009827,13,23
normal_412,0,38,18.547877040897642,0,0,0,3,29.329565659009827,13,23
normal_412,0,40,16.268389383716986,0,0,0,3,29.329565659009827,13,23
normal_412,0,42,19.418686853964164,0,0,0,3,29.329565659009827,13,23
normal_412,0,44,19.764057549270294,0,0,0,3,29.329565659009827,13,23
normal_414,0,0,22.272986436878764,0,0,0,3,29.329565659009827,13,23
normal_414,0,2,30.165774519327478,1,1,0,3,29.329565659009827,13,23
normal_414,0,4,22.74327296509661,0,0,0,3,29.329565659009827,13,23
normal_414,0,6,37.18716963626475,1,1,0,3,29.329565659009827,13,23
normal_414,0,8,39.473005264638275,1,2,0,3,29.329565659009827,13,23
normal_414,0,10,45.933300756832,1,3,0,3,29.329565659009827,13,23
normal_414,0,12,33.79029603451667,1,4,0,3,29.329565659009827,13,23
normal_414,0,14,46.490818496700115,1,5,0,3,29.329565659009827,13,23
normal_414,0,16,33.53067466947119,1,6,0,3,29.329565659009827,13,23
normal_414,0,18,41.60818308525239,1,7,0,3,29.329565659009827,13,23
normal_414,0,20,31.849665350914645,1,8,0,3,29.329565659009827,13,23
normal_414,0,22,26.0397383478866,0,0,0,3,29.329565659009827,13,23
normal_418,0,0,10.928809125071878,0,0,0,3,29.329565659009827,13,23
normal_418,0,2,8.609942412451478,0,0,0,3,29.329565659009827,13,23
normal_418,0,4,9.57365495811293,0,0,0,3,29.329565659009827,13,23
normal_418,0,6,9.617301308497293,0,0,0,3,29.329565659009827,13,23
normal_418,0,8,7.707539299062445,0,0,0,3,29.329565659009827,13,23
normal_418,0,10,7.41882858975034,0,0,0,3,29.329565659009827,13,23
normal_418,0,12,10.506419171304453,0,0,0,3,29.329565659009827,13,23
normal_418,0,14,12.778513621373897,0,0,0,3,29.329565659009827,13,23
normal_418,0,16,13.531332235911192,0,0,0,3,29.329565659009827,13,23
normal_418,0,18,12.22791731269443,0,0,0,3,29.329565659009827,13,23
normal_418,0,20,9.936108230486521,0,0,0,3,29.329565659009827,13,23
normal_418,0,22,10.840644056504223,0,0,0,3,29.329565659009827,13,23
normal_418,0,24,10.14725802470904,0,0,0,3,29.329565659009827,13,23
normal_418,0,26,9.656041217707115,0,0,0,3,29.329565659009827,13,23
normal_418,0,28,8.246004140238258,0,0,0,3,29.329565659009827,13,23
normal_418,0,30,8.175542447887834,0,0,0,3,29.329565659009827,13,23
normal_418,0,32,10.744835454771325,0,0,0,3,29.329565659009827,13,23
normal_418,0,34,8.490878210439815,0,0,0,3,29.329565659009827,13,23
normal_418,0,36,6.576068485666011,0,0,0,3,29.329565659009827,13,23
normal_418,0,38,7.813399817075945,0,0,0,3,29.329565659009827,13,23
normal_418,0,40,9.562204602520554,0,0,0,3,29.329565659009827,13,23
normal_418,0,42,11.847360908724962,0,0,0,3,29.329565659009827,13,23
normal_418,0,44,10.582280321982175,0,0,0,3,29.329565659009827,13,23
normal_424,0,0,15.014000864108633,0,0,0,3,29.329565659009827,13,23
normal_424,0,2,15.408593143443525,0,0,0,3,29.329565659009827,13,23
normal_424,0,4,14.494811094399541,0,0,0,3,29.329565659009827,13,23
normal_424,0,6,9.039587555798231,0,0,0,3,29.329565659009827,13,23
normal_424,0,8,10.476648385335041,0,0,0,3,29.329565659009827,13,23
normal_424,0,10,9.51997470256084,0,0,0,3,29.329565659009827,13,23
normal_424,0,12,9.919981365311006,0,0,0,3,29.329565659009827,13,23
normal_424,0,14,9.911865366287694,0,0,0,3,29.329565659009827,13,23
normal_424,0,16,7.442886963971952,0,0,0,3,29.329565659009827,13,23
normal_424,0,18,10.026746001853073,0,0,0,3,29.329565659009827,13,23
normal_424,0,20,10.009501313713578,0,0,0,3,29.329565659009827,13,23
normal_424,0,22,10.325173664630059,0,0,0,3,29.329565659009827,13,23
normal_424,0,24,9.51783297733187,0,0,0,3,29.329565659009827,13,23
normal_424,0,26,10.795326711700168,0,0,0,3,29.329565659009827,13,23
normal_424,0,28,9.968665600635761,0,0,0,3,29.329565659009827,13,23
normal_424,0,30,10.803549094483161,0,0,0,3,29.329565659009827,13,23
normal_424,0,32,9.207410113529505,0,0,0,3,29.329565659009827,13,23
normal_424,0,34,10.592516042285498,0,0,0,3,29.329565659009827,13,23
normal_424,0,36,12.173580645241511,0,0,0,3,29.329565659009827,13,23
normal_424,0,38,10.479862803026595,0,0,0,3,29.329565659009827,13,23
normal_424,0,40,11.511837761607712,0,0,0,3,29.329565659009827,13,23
normal_424,0,42,13.72298944769878,0,0,0,3,29.329565659009827,13,23
normal_424,0,44,12.140770154323858,0,0,0,3,29.329565659009827,13,23
normal_429,0,0,12.202667086157225,0,0,0,3,29.329565659009827,13,23
normal_429,0,2,12.357933823163767,0,0,0,3,29.329565659009827,13,23
normal_429,0,4,12.612297382838854,0,0,0,3,29.329565659009827,13,23
normal_429,0,6,13.687062002684444,0,0,0,3,29.329565659009827,13,23
normal_429,0,8,14.770477278407586,0,0,0,3,29.329565659009827,13,23
normal_429,0,10,14.08333503873689,0,0,0,3,29.329565659009827,13,23
normal_429,0,12,10.13001341541767,0,0,0,3,29.329565659009827,13,23
normal_429,0,14,11.16589229943109,0,0,0,3,29.329565659009827,13,23
normal_429,0,16,10.03127061330525,0,0,0,3,29.329565659009827,13,23
normal_429,0,18,7.450654003186636,0,0,0,3,29.329565659009827,13,23
normal_429,0,20,8.025699756031864,0,0,0,3,29.329565659009827,13,23
normal_429,0,22,8.491938635488522,0,0,0,3,29.329565659009827,13,23
normal_429,0,24,10.49877376220497,0,0,0,3,29.329565659009827,13,23
normal_429,0,26,12.035093992139593,0,0,0,3,29.329565659009827,13,23
normal_429,0,28,11.626699123132195,0,0,0,3,29.329565659009827,13,23
normal_429,0,30,10.884951226051443,0,0,0,3,29.329565659009827,13,23
normal_429,0,32,11.464160000466059,0,0,0,3,29.329565659009827,13,23
normal_429,0,34,12.835893198960587,0,0,0,3,29.329565659009827,13,23
normal_429,0,36,12.625472664618112,0,0,0,3,29.329565659009827,13,23
normal_429,0,38,13.32853937068956,0,0,0,3,29.329565659009827,13,23
normal_429,0,40,12.815256957483292,0,0,0,3,29.329565659009827,13,23
normal_429,0,42,15.45936471282937,0,0,0,3,29.329565659009827,13,23
normal_429,0,44,14.765457155716721,0,0,0,3,29.329565659009827,13,23
normal_435,0,0,6.548316447172883,0,0,0,3,29.329565659009827,13,23
normal_435,0,2,9.933522161779623,0,0,0,3,29.329565659009827,13,23
normal_435,0,4,9.249503093029912,0,0,0,3,29.329565659009827,13,23
normal_435,0,6,8.202119693818739,0,0,0,3,29.329565659009827,13,23
normal_435,0,8,7.075318208623183,0,0,0,3,29.329565659009827,13,23
normal_435,0,10,7.8574041823871,0,0,0,3,29.329565659009827,13,23
normal_435,0,12,12.808498560551445,0,0,0,3,29.329565659009827,13,23
normal_435,0,14,15.759164776734618,0,0,0,3,29.329565659009827,13,23
normal_435,0,16,12.925831386823369,0,0,0,3,29.329565659009827,13,23
normal_435,0,18,11.456094772146358,0,0,0,3,29.329565659009827,13,23
normal_435,0,20,8.77939244827418,0,0,0,3,29.329565659009827,13,23
normal_435,0,22,9.959359799747915,0,0,0,3,29.329565659009827,13,23
normal_435,0,24,7.922154233992734,0,0,0,3,29.329565659009827,13,23
normal_435,0,26,7.821496520566926,0,0,0,3,29.329565659009827,13,23
normal_435,0,28,9.15152019699194,0,0,0,3,29.329565659009827,13,23
normal_435,0,30,8.367537183200547,0,0,0,3,29.329565659009827,13,23
normal_435,0,32,10.14073407372466,0,0,0,3,29.329565659009827,13,23
normal_435,0,34,7.991672288016829,0,0,0,3,29.329565659009827,13,23
normal_435,0,36,7.681994504227091,0,0,0,3,29.329565659009827,13,23
normal_435,0,38,8.151215134923856,0,0,0,3,29.329565659009827,13,23
normal_435,0,40,7.462992747302098,0,0,0,3,29.329565659009827,13,23
normal_435,0,42,5.966891014164449,0,0,0,3,29.329565659009827,13,23
normal_435,0,44,9.039244135998409,0,0,0,3,29.329565659009827,13,23
normal_436,0,0,17.74759130212572,0,0,0,3,29.329565659009827,13,23
normal_436,0,2,19.214804596003443,0,0,0,3,29.329565659009827,13,23
normal_436,0,4,19.07263928514683,0,0,0,3,29.329565659009827,13,23
normal_436,0,6,15.405708630535408,0,0,0,3,29.329565659009827,13,23
normal_436,0,8,19.1514696276404,0,0,0,3,29.329565659009827,13,23
normal_436,0,10,18.548850408995243,0,0,0,3,29.329565659009827,13,23
normal_436,0,12,17.651548022019192,0,0,0,3,29.329565659009827,13,23
normal_436,0,14,19.122899252029956,0,0,0,3,29.329565659009827,13,23
normal_436,0,16,17.562380086535406,0,0,0,3,29.329565659009827,13,23
normal_436,0,18,16.148187983762195,0,0,0,3,29.329565659009827,13,23
normal_436,0,20,15.526768656388548,0,0,0,3,29.329565659009827,13,23
normal_436,0,22,18.852977837636544,0,0,0,3,29.329565659009827,13,23
normal_436,0,24,21.602637009594176,0,0,0,3,29.329565659009827,13,23
normal_436,0,26,15.249644824354727,0,0,0,3,29.329565659009827,13,23
normal_436,0,28,19.084046903910348,0,0,0,3,29.329565659009827,13,23
normal_436,0,30,20.35678534950992,0,0,0,3,29.329565659009827,13,23
normal_437,0,0,5.382498598888285,0,0,0,3,29.329565659009827,13,23
normal_437,0,2,6.281413242147321,0,0,0,3,29.329565659009827,13,23
normal_437,0,4,8.00889308511114,0,0,0,3,29.329565659009827,13,23
normal_437,0,6,12.295159427940206,0,0,0,3,29.329565659009827,13,23
normal_437,0,8,13.08665154768252,0,0,0,3,29.329565659009827,13,23
normal_437,0,10,5.122267177596579,0,0,0,3,29.329565659009827,13,23
normal_437,0,12,3.77102766531386,0,0,0,3,29.329565659009827,13,23
normal_437,0,14,8.509959236526027,0,0,0,3,29.329565659009827,13,23
normal_437,0,16,9.458301069816585,0,0,0,3,29.329565659009827,13,23
normal_439,0,0,12.994403837927512,0,0,0,3,29.329565659009827,13,23
normal_439,0,2,13.962013624248796,0,0,0,3,29.329565659009827,13,23
normal_439,0,4,12.874348680941054,0,0,0,3,29.329565659009827,13,23
normal_439,0,6,11.00909996452582,0,0,0,3,29.329565659009827,13,23
normal_439,0,8,10.23633202066083,0,0,0,3,29.329565659009827,13,23
normal_439,0,10,12.722939711954968,0,0,0,3,29.329565659009827,13,23
normal_439,0,12,11.650792140694316,0,0,0,3,29.329565659009827,13,23
normal_439,0,14,11.110653068796841,0,0,0,3,29.329565659009827,13,23
normal_439,0,16,15.534964588967672,0,0,0,3,29.329565659009827,13,23
normal_439,0,18,16.5010488846552,0,0,0,3,29.329565659009827,13,23
normal_439,0,20,14.955465838382386,0,0,0,3,29.329565659009827,13,23
normal_439,0,22,11.379140632646434,0,0,0,3,29.329565659009827,13,23
normal_439,0,24,11.047703845235526,0,0,0,3,29.329565659009827,13,23
normal_439,0,26,10.605693608066773,0,0,0,3,29.329565659009827,13,23
normal_439,0,28,9.606526879284138,0,0,0,3,29.329565659009827,13,23
normal_439,0,30,6.639500738776727,0,0,0,3,29.329565659009827,13,23
normal_439,0,32,5.091870759399839,0,0,0,3,29.329565659009827,13,23
normal_439,0,34,7.921591062207964,0,0,0,3,29.329565659009827,13,23
normal_439,0,36,9.236723557892931,0,0,0,3,29.329565659009827,13,23
normal_439,0,38,9.888245045640561,0,0,0,3,29.329565659009827,13,23
normal_439,0,40,12.138717180800052,0,0,0,3,29.329565659009827,13,23
normal_439,0,42,13.673334891489677,0,0,0,3,29.329565659009827,13,23
normal_439,0,44,17.516519906024275,0,0,0,3,29.329565659009827,13,23
normal_450,0,0,32.789920969276565,1,1,0,3,29.329565659009827,13,23
normal_450,0,2,26.010644335388555,0,0,0,3,29.329565659009827,13,23
normal_450,0,4,39.18683587429596,1,1,0,3,29.329565659009827,13,23
normal_450,0,6,24.296247366273292,0,0,0,3,29.329565659009827,13,23
normal_450,0,8,29.85305243307825,1,1,0,3,29.329565659009827,13,23
normal_450,0,10,19.28047419926395,0,0,0,3,29.329565659009827,13,23
normal_450,0,12,18.407218256888157,0,0,0,3,29.329565659009827,13,23
normal_450,0,14,11.34072535438465,0,0,0,3,29.329565659009827,13,23
normal_450,0,16,14.29683017998196,0,0,0,3,29.329565659009827,13,23
normal_450,0,18,9.690859215165172,0,0,0,3,29.329565659009827,13,23
normal_450,0,20,15.692252858495168,0,0,0,3,29.329565659009827,13,23
normal_450,0,22,14.089198572272092,0,0,0,3,29.329565659009827,13,23
normal_450,0,24,17.399856883774092,0,0,0,3,29.329565659009827,13,23
normal_450,0,26,15.771818835217658,0,0,0,3,29.329565659009827,13,23
normal_450,0,28,13.444366117984334,0,0,0,3,29.329565659009827,13,23
normal_450,0,30,16.59649748656384,0,0,0,3,29.329565659009827,13,23
normal_450,0,32,17.034643492226692,0,0,0,3,29.329565659009827,13,23
normal_450,0,34,11.266124675852774,0,0,0,3,29.329565659009827,13,23
normal_450,0,36,12.032491624489825,0,0,0,3,29.329565659009827,13,23
normal_450,0,38,15.634373279714845,0,0,0,3,29.329565659009827,13,23
normal_450,0,40,17.819026546661014,0,0,0,3,29.329565659009827,13,23
normal_450,0,42,21.460332022616093,0,0,0,3,29.329565659009827,13,23
normal_450,0,44,22.791147933447196,0,0,0,3,29.329565659009827,13,23
normal_458,0,0,14.25185434303094,0,0,0,3,29.329565659009827,13,23
normal_458,0,2,13.219058714682218,0,0,0,3,29.329565659009827,13,23
normal_458,0,4,20.09353014568028,0,0,0,3,29.329565659009827,13,23
normal_458,0,6,20.85627766349943,0,0,0,3,29.329565659009827,13,23
normal_458,0,8,15.10264041663933,0,0,0,3,29.329565659009827,13,23
normal_458,0,10,10.567056199262634,0,0,0,3,29.329565659009827,13,23
normal_458,0,12,11.782804284209298,0,0,0,3,29.329565659009827,13,23
normal_458,0,14,10.571606699574087,0,0,0,3,29.329565659009827,13,23
normal_458,0,16,8.607008499381855,0,0,0,3,29.329565659009827,13,23
normal_458,0,18,9.65075983515245,0,0,0,3,29.329565659009827,13,23
normal_458,0,20,10.14582668103827,0,0,0,3,29.329565659009827,13,23
normal_458,0,22,11.253742688034444,0,0,0,3,29.329565659009827,13,23
normal_465,0,0,10.609066187297314,0,0,0,3,29.329565659009827,13,23
normal_465,0,2,9.797070374849675,0,0,0,3,29.329565659009827,13,23
normal_465,0,4,10.551582649643844,0,0,0,3,29.329565659009827,13,23
normal_465,0,6,25.41453793725509,0,0,0,3,29.329565659009827,13,23
normal_465,0,8,13.747124168143808,0,0,0,3,29.329565659009827,13,23
normal_465,0,10,15.402611804307192,0,0,0,3,29.329565659009827,13,23
normal_465,0,12,13.817005628459254,0,0,0,3,29.329565659009827,13,23
normal_465,0,14,13.821542639180045,0,0,0,3,29.329565659009827,13,23
normal_468,0,0,17.071590696903744,0,0,0,3,29.329565659009827,13,23
normal_468,0,2,17.279858791364703,0,0,0,3,29.329565659009827,13,23
normal_468,0,4,16.289182584756126,0,0,0,3,29.329565659009827,13,23
normal_468,0,6,19.777728042201176,0,0,0,3,29.329565659009827,13,23
normal_468,0,8,18.400659841351143,0,0,0,3,29.329565659009827,13,23
normal_468,0,10,16.354303816020924,0,0,0,3,29.329565659009827,13,23
normal_468,0,12,15.419806443764353,0,0,0,3,29.329565659009827,13,23
normal_468,0,14,14.795340944533484,0,0,0,3,29.329565659009827,13,23
normal_468,0,16,15.437714829568385,0,0,0,3,29.329565659009827,13,23
normal_468,0,18,14.251955259478745,0,0,0,3,29.329565659009827,13,23
normal_468,0,20,13.270268027720661,0,0,0,3,29.329565659009827,13,23
normal_468,0,22,16.969612085598452,0,0,0,3,29.329565659009827,13,23
normal_468,0,24,15.823379670025295,0,0,0,3,29.329565659009827,13,23
normal_468,0,26,16.023165372492375,0,0,0,3,29.329565659009827,13,23
normal_468,0,28,19.237754251307223,0,0,0,3,29.329565659009827,13,23
normal_468,0,30,20.578687013279513,0,0,0,3,29.329565659009827,13,23
normal_468,0,32,18.39600532292021,0,0,0,3,29.329565659009827,13,23
normal_468,0,34,20.841440090355448,0,0,0,3,29.329565659009827,13,23
normal_468,0,36,20.644114494046025,0,0,0,3,29.329565659009827,13,23
normal_468,0,38,20.448991875362065,0,0,0,3,29.329565659009827,13,23
normal_468,0,40,19.400931208584407,0,0,0,3,29.329565659009827,13,23
normal_468,0,42,18.969392418638776,0,0,0,3,29.329565659009827,13,23
normal_468,0,44,20.887810078178607,0,0,0,3,29.329565659009827,13,23
normal_474,0,0,3.646365223374228,0,0,0,3,29.329565659009827,13,23
normal_474,0,2,5.302090648608357,0,0,0,3,29.329565659009827,13,23
normal_474,0,4,6.661347699263849,0,0,0,3,29.329565659009827,13,23
normal_474,0,6,5.564003061565987,0,0,0,3,29.329565659009827,13,23
normal_474,0,8,3.610302230225117,0,0,0,3,29.329565659009827,13,23
normal_474,0,10,4.17519833705369,0,0,0,3,29.329565659009827,13,23
normal_474,0,12,4.933981133315066,0,0,0,3,29.329565659009827,13,23
normal_474,0,14,3.7375977012712402,0,0,0,3,29.329565659009827,13,23
normal_474,0,16,4.151354804619611,0,0,0,3,29.329565659009827,13,23
normal_474,0,18,4.967767666175284,0,0,0,3,29.329565659009827,13,23
normal_474,0,20,6.8104379075434425,0,0,0,3,29.329565659009827,13,23
normal_474,0,22,5.550592930156894,0,0,0,3,29.329565659009827,13,23
normal_474,0,24,5.5825759418957865,0,0,0,3,29.329565659009827,13,23
normal_474,0,26,6.506167461201814,0,0,0,3,29.329565659009827,13,23
normal_474,0,28,5.872199231512009,0,0,0,3,29.329565659009827,13,23
normal_474,0,30,5.001368624228345,0,0,0,3,29.329565659009827,13,23
normal_474,0,32,6.982853093184116,0,0,0,3,29.329565659009827,13,23
normal_474,0,34,6.365372627646131,0,0,0,3,29.329565659009827,13,23
normal_474,0,36,6.700287508635689,0,0,0,3,29.329565659009827,13,23
normal_474,0,38,9.356460281084448,0,0,0,3,29.329565659009827,13,23
normal_474,0,40,10.634066844939415,0,0,0,3,29.329565659009827,13,23
normal_474,0,42,9.907961484085213,0,0,0,3,29.329565659009827,13,23
normal_474,0,44,11.112037076634511,0,0,0,3,29.329565659009827,13,23
normal_476,0,0,7.060005746851385,0,0,0,3,29.329565659009827,13,23
normal_476,0,2,5.008615626170346,0,0,0,3,29.329565659009827,13,23
normal_476,0,4,3.9155649201123497,0,0,0,3,29.329565659009827,13,23
normal_476,0,6,3.799396299171788,0,0,0,3,29.329565659009827,13,23
normal_476,0,8,3.1187341765620573,0,0,0,3,29.329565659009827,13,23
normal_476,0,10,3.1032772155317327,0,0,0,3,29.329565659009827,13,23
normal_476,0,12,3.2119665828174306,0,0,0,3,29.329565659009827,13,23
normal_476,0,14,5.654756530647151,0,0,0,3,29.329565659009827,13,23
normal_476,0,16,5.975024148190605,0,0,0,3,29.329565659009827,13,23
normal_476,0,18,5.1189197071182395,0,0,0,3,29.329565659009827,13,23
normal_476,0,20,4.558523644654435,0,0,0,3,29.329565659009827,13,23
normal_476,0,22,6.227166401716669,0,0,0,3,29.329565659009827,13,23
normal_478,0,0,5.326328602966909,0,0,0,3,29.329565659009827,13,23
normal_478,0,2,6.336413740920122,0,0,0,3,29.329565659009827,13,23
normal_478,0,4,7.367569308020799,0,0,0,3,29.329565659009827,13,23
normal_478,0,6,5.866885034649893,0,0,0,3,29.329565659009827,13,23
normal_478,0,8,6.396434864131446,0,0,0,3,29.329565659009827,13,23
normal_478,0,10,5.582661601569702,0,0,0,3,29.329565659009827,13,23
normal_478,0,12,5.861420320291976,0,0,0,3,29.329565659009827,13,23
normal_478,0,14,5.306889285105628,0,0,0,3,29.329565659009827,13,23
normal_478,0,16,7.346488161902442,0,0,0,3,29.329565659009827,13,23
normal_478,0,18,7.334701948341196,0,0,0,3,29.329565659009827,13,23
normal_478,0,20,6.8139710336201915,0,0,0,3,29.329565659009827,13,23
normal_478,0,22,5.1041508993836855,0,0,0,3,29.329565659009827,13,23
normal_478,0,24,8.138639242369083,0,0,0,3,29.329565659009827,13,23
normal_478,0,26,3.805993334300331,0,0,0,3,29.329565659009827,13,23
normal_478,0,28,3.622334672815452,0,0,0,3,29.329565659009827,13,23
normal_478,0,30,8.36587866388451,0,0,0,3,29.329565659009827,13,23
normal_478,0,32,8.719248766198739,0,0,0,3,29.329565659009827,13,23
normal_478,0,34,14.131369332823782,0,0,0,3,29.329565659009827,13,23
normal_478,0,36,13.943498652776324,0,0,0,3,29.329565659009827,13,23
normal_478,0,38,10.901034904955536,0,0,0,3,29.329565659009827,13,23
normal_478,0,40,10.849510806314,0,0,0,3,29.329565659009827,13,23
normal_478,0,42,8.01492673729721,0,0,0,3,29.329565659009827,13,23
normal_478,0,44,8.046770236971753,0,0,0,3,29.329565659009827,13,23
normal_494,0,0,4.948513942023132,0,0,0,3,29.329565659009827,13,23
normal_494,0,2,5.185527538271873,0,0,0,3,29.329565659009827,13,23
normal_494,0,4,5.229766239276984,0,0,0,3,29.329565659009827,13,23
normal_494,0,6,6.522517075177363,0,0,0,3,29.329565659009827,13,23
normal_494,0,8,7.271134588849127,0,0,0,3,29.329565659009827,13,23
normal_494,0,10,4.126089832299161,0,0,0,3,29.329565659009827,13,23
normal_494,0,12,4.147720082691395,0,0,0,3,29.329565659009827,13,23
normal_494,0,14,7.109742364084997,0,0,0,3,29.329565659009827,13,23
normal_494,0,16,9.49298822568969,0,0,0,3,29.329565659009827,13,23
normal_494,0,18,9.681525645013455,0,0,0,3,29.329565659009827,13,23
normal_494,0,20,7.0971344392870135,0,0,0,3,29.329565659009827,13,23
normal_494,0,22,7.1466635693741045,0,0,0,3,29.329565659009827,13,23
normal_494,0,24,10.548734416201812,0,0,0,3,29.329565659009827,13,23
normal_494,0,26,5.310205821301318,0,0,0,3,29.329565659009827,13,23
normal_494,0,28,10.32166457989942,0,0,0,3,29.329565659009827,13,23
normal_494,0,30,9.460131789893904,0,0,0,3,29.329565659009827,13,23
normal_494,0,32,12.653712662975352,0,0,0,3,29.329565659009827,13,23
normal_494,0,34,14.692906467559283,0,0,0,3,29.329565659009827,13,23
normal_510,0,0,9.923318823487403,0,0,0,3,29.329565659009827,13,23
normal_510,0,2,7.033384731393368,0,0,0,3,29.329565659009827,13,23
normal_510,0,4,6.5050497173261865,0,0,0,3,29.329565659009827,13,23
normal_510,0,6,5.053407745356984,0,0,0,3,29.329565659009827,13,23
normal_510,0,8,5.561412695236466,0,0,0,3,29.329565659009827,13,23
normal_510,0,10,5.230663026994006,0,0,0,3,29.329565659009827,13,23
normal_510,0,12,4.952727412998784,0,0,0,3,29.329565659009827,13,23
normal_510,0,14,4.58538897690495,0,0,0,3,29.329565659009827,13,23
normal_510,0,16,4.3809569790288965,0,0,0,3,29.329565659009827,13,23
normal_510,0,18,4.839406291541938,0,0,0,3,29.329565659009827,13,23
normal_510,0,20,4.450126557227395,0,0,0,3,29.329565659009827,13,23
normal_510,0,22,4.420438663585589,0,0,0,3,29.329565659009827,13,23
normal_510,0,24,8.347638591263285,0,0,0,3,29.329565659009827,13,23
normal_510,0,26,9.545951435006751,0,0,0,3,29.329565659009827,13,23
normal_510,0,28,11.051673896734432,0,0,0,3,29.329565659009827,13,23
normal_510,0,30,8.957905575017044,0,0,0,3,29.329565659009827,13,23
normal_510,0,32,8.00983187635712,0,0,0,3,29.329565659009827,13,23
normal_510,0,34,9.278575605995808,0,0,0,3,29.329565659009827,13,23
normal_510,0,36,6.556787500138527,0,0,0,3,29.329565659009827,13,23
normal_510,0,38,9.661441656444769,0,0,0,3,29.329565659009827,13,23
normal_510,0,40,7.912441274597321,0,0,0,3,29.329565659009827,13,23
normal_510,0,42,9.396943667003992,0,0,0,3,29.329565659009827,13,23
normal_510,0,44,11.533904634086884,0,0,0,3,29.329565659009827,13,23
normal_512,0,0,4.222439694344207,0,0,0,3,29.329565659009827,13,23
normal_512,0,2,3.4820510296489022,0,0,0,3,29.329565659009827,13,23
normal_512,0,4,4.037947002124604,0,0,0,3,29.329565659009827,13,23
normal_512,0,6,3.970017955928554,0,0,0,3,29.329565659009827,13,23
normal_512,0,8,3.61727344161086,0,0,0,3,29.329565659009827,13,23
normal_512,0,10,3.981085319456163,0,0,0,3,29.329565659009827,13,23
normal_512,0,12,4.468598713086553,0,0,0,3,29.329565659009827,13,23
normal_512,0,14,3.9735175112645638,0,0,0,3,29.329565659009827,13,23
normal_512,0,16,4.75883281418301,0,0,0,3,29.329565659009827,13,23
normal_512,0,18,6.711621301357489,0,0,0,3,29.329565659009827,13,23
normal_512,0,20,8.893799608741853,0,0,0,3,29.329565659009827,13,23
normal_512,0,22,11.361262308480416,0,0,0,3,29.329565659009827,13,23
normal_512,0,24,9.994636840285022,0,0,0,3,29.329565659009827,13,23
normal_512,0,26,6.173871087406412,0,0,0,3,29.329565659009827,13,23
normal_512,0,28,7.197100314242119,0,0,0,3,29.329565659009827,13,23
normal_512,0,30,5.269873717600587,0,0,0,3,29.329565659009827,13,23
normal_512,0,32,8.822210164617152,0,0,0,3,29.329565659009827,13,23
normal_515,0,0,6.2946566685009255,0,0,0,3,29.329565659009827,13,23
normal_515,0,2,7.981606090673317,0,0,0,3,29.329565659009827,13,23
normal_515,0,4,6.496015023451966,0,0,0,3,29.329565659009827,13,23
normal_515,0,6,7.577208037609208,0,0,0,3,29.329565659009827,13,23
normal_515,0,8,7.335841807953919,0,0,0,3,29.329565659009827,13,23
normal_515,0,10,6.3227591924372755,0,0,0,3,29.329565659009827,13,23
normal_515,0,12,9.142667131650324,0,0,0,3,29.329565659009827,13,23
normal_515,0,14,7.388949609057934,0,0,0,3,29.329565659009827,13,23
normal_515,0,16,5.789761705495707,0,0,0,3,29.329565659009827,13,23
normal_515,0,18,4.738510674239139,0,0,0,3,29.329565659009827,13,23
normal_515,0,20,4.904458064999945,0,0,0,3,29.329565659009827,13,23
normal_515,0,22,4.990740247569045,0,0,0,3,29.329565659009827,13,23
normal_515,0,24,5.921795443496911,0,0,0,3,29.329565659009827,13,23
normal_515,0,26,6.568710600752973,0,0,0,3,29.329565659009827,13,23
normal_515,0,28,8.354996569132535,0,0,0,3,29.329565659009827,13,23
normal_515,0,30,9.337270588594459,0,0,0,3,29.329565659009827,13,23
normal_515,0,32,8.206974376121465,0,0,0,3,29.329565659009827,13,23
normal_515,0,34,4.5530465511651546,0,0,0,3,29.329565659009827,13,23
normal_515,0,36,4.041917302417645,0,0,0,3,29.329565659009827,13,23
normal_515,0,38,4.203980302878892,0,0,0,3,29.329565659009827,13,23
normal_515,0,40,5.777668017207746,0,0,0,3,29.329565659009827,13,23
normal_515,0,42,5.045321928352753,0,0,0,3,29.329565659009827,13,23
normal_515,0,44,4.615566347215966,0,0,0,3,29.329565659009827,13,23
normal_520,0,0,7.013121788154626,0,0,0,3,29.329565659009827,13,23
normal_520,0,2,6.565621172755636,0,0,0,3,29.329565659009827,13,23
normal_520,0,4,7.495670606058743,0,0,0,3,29.329565659009827,13,23
normal_520,0,6,7.222654546775559,0,0,0,3,29.329565659009827,13,23
normal_520,0,8,6.0339999431034785,0,0,0,3,29.329565659009827,13,23
normal_520,0,10,5.413387472315131,0,0,0,3,29.329565659009827,13,23
normal_520,0,12,7.571216581244989,0,0,0,3,29.329565659009827,13,23
normal_520,0,14,9.373199395817752,0,0,0,3,29.329565659009827,13,23
normal_520,0,16,8.44414485088048,0,0,0,3,29.329565659009827,13,23
normal_520,0,18,10.289940441944113,0,0,0,3,29.329565659009827,13,23
normal_520,0,20,13.681611396818122,0,0,0,3,29.329565659009827,13,23
normal_520,0,22,14.992927965665217,0,0,0,3,29.329565659009827,13,23
normal_520,0,24,7.946489807759415,0,0,0,3,29.329565659009827,13,23
normal_520,0,26,11.728896506339709,0,0,0,3,29.329565659009827,13,23
normal_520,0,28,7.269071067019687,0,0,0,3,29.329565659009827,13,23
normal_520,0,30,11.433227939760801,0,0,0,3,29.329565659009827,13,23
normal_520,0,32,12.987130863268534,0,0,0,3,29.329565659009827,13,23
normal_520,0,34,12.293239456206157,0,0,0,3,29.329565659009827,13,23
normal_520,0,36,8.824491048252687,0,0,0,3,29.329565659009827,13,23
normal_520,0,38,8.145622381713256,0,0,0,3,29.329565659009827,13,23
normal_520,0,40,6.233679069530008,0,0,0,3,29.329565659009827,13,23
normal_520,0,42,7.972142103243409,0,0,0,3,29.329565659009827,13,23
normal_520,0,44,6.168546112372002,0,0,0,3,29.329565659009827,13,23
normal_521,0,0,4.232429774308637,0,0,0,3,29.329565659009827,13,23
normal_521,0,2,5.314826713988473,0,0,0,3,29.329565659009827,13,23
normal_521,0,4,5.549784524721375,0,0,0,3,29.329565659009827,13,23
normal_521,0,6,6.427166999893857,0,0,0,3,29.329565659009827,13,23
normal_521,0,8,7.137767440096563,0,0,0,3,29.329565659009827,13,23
normal_521,0,10,5.483263197077268,0,0,0,3,29.329565659009827,13,23
normal_521,0,12,5.707287333733784,0,0,0,3,29.329565659009827,13,23
normal_521,0,14,5.557962928088251,0,0,0,3,29.329565659009827,13,23
normal_521,0,16,6.647537794745823,0,0,0,3,29.329565659009827,13,23
normal_521,0,18,5.982289723030729,0,0,0,3,29.329565659009827,13,23
normal_521,0,20,5.164230470422058,0,0,0,3,29.329565659009827,13,23
normal_521,0,22,6.252087711031202,0,0,0,3,29.329565659009827,13,23
normal_521,0,24,5.5675441663109115,0,0,0,3,29.329565659009827,13,23
normal_521,0,26,3.120130105058913,0,0,0,3,29.329565659009827,13,23
normal_521,0,28,5.882631714268203,0,0,0,3,29.329565659009827,13,23
normal_521,0,30,5.460105422065512,0,0,0,3,29.329565659009827,13,23
normal_521,0,32,6.9770295682626555,0,0,0,3,29.329565659009827,13,23
normal_521,0,34,7.9079196128438545,0,0,0,3,29.329565659009827,13,23
normal_521,0,36,8.44821246852216,0,0,0,3,29.329565659009827,13,23
normal_521,0,38,8.79483341289666,0,0,0,3,29.329565659009827,13,23
normal_521,0,40,7.058233567028893,0,0,0,3,29.329565659009827,13,23
normal_521,0,42,6.2541357911718904,0,0,0,3,29.329565659009827,13,23
normal_521,0,44,6.09841517094238,0,0,0,3,29.329565659009827,13,23
normal_522,0,0,5.21371965772982,0,0,0,3,29.329565659009827,13,23
normal_522,0,2,7.815828833647806,0,0,0,3,29.329565659009827,13,23
normal_522,0,4,9.784235650630855,0,0,0,3,29.329565659009827,13,23
normal_522,0,6,7.3606243012686745,0,0,0,3,29.329565659009827,13,23
normal_522,0,8,8.201429905588478,0,0,0,3,29.329565659009827,13,23
normal_522,0,10,8.865032813493613,0,0,0,3,29.329565659009827,13,23
normal_522,0,12,7.482645458317083,0,0,0,3,29.329565659009827,13,23
normal_522,0,14,3.99118416517179,0,0,0,3,29.329565659009827,13,23
normal_522,0,16,4.242877887753906,0,0,0,3,29.329565659009827,13,23
normal_522,0,18,3.733680465090206,0,0,0,3,29.329565659009827,13,23
normal_522,0,20,3.8368913294675577,0,0,0,3,29.329565659009827,13,23
normal_522,0,22,4.661598421803894,0,0,0,3,29.329565659009827,13,23
normal_522,0,24,4.123395147994012,0,0,0,3,29.329565659009827,13,23
normal_522,0,26,3.478471334526136,0,0,0,3,29.329565659009827,13,23
normal_522,0,28,3.9658342188785825,0,0,0,3,29.329565659009827,13,23
normal_522,0,30,3.72768076160944,0,0,0,3,29.329565659009827,13,23
normal_522,0,32,4.165544006320016,0,0,0,3,29.329565659009827,13,23
normal_522,0,34,3.3235332299653706,0,0,0,3,29.329565659009827,13,23
normal_528,0,0,7.0096717334177905,0,0,0,3,29.329565659009827,13,23
normal_528,0,2,8.3576845504681,0,0,0,3,29.329565659009827,13,23
normal_528,0,4,8.674092354174853,0,0,0,3,29.329565659009827,13,23
normal_528,0,6,10.126029789072525,0,0,0,3,29.329565659009827,13,23
normal_528,0,8,9.625095866543989,0,0,0,3,29.329565659009827,13,23
normal_528,0,10,8.375437166290013,0,0,0,3,29.329565659009827,13,23
normal_528,0,12,6.123860191548635,0,0,0,3,29.329565659009827,13,23
normal_528,0,14,6.1866036650044265,0,0,0,3,29.329565659009827,13,23
normal_528,0,16,5.644861440744521,0,0,0,3,29.329565659009827,13,23
normal_528,0,18,5.665254369248417,0,0,0,3,29.329565659009827,13,23
normal_528,0,20,6.580709302352806,0,0,0,3,29.329565659009827,13,23
normal_528,0,22,6.069558178134556,0,0,0,3,29.329565659009827,13,23
normal_528,0,24,6.760806718818883,0,0,0,3,29.329565659009827,13,23
normal_528,0,26,3.6464446759938602,0,0,0,3,29.329565659009827,13,23
normal_528,0,28,2.998599788301535,0,0,0,3,29.329565659009827,13,23
normal_528,0,30,4.308934599624158,0,0,0,3,29.329565659009827,13,23
normal_533,0,0,5.928203882212035,0,0,0,3,29.329565659009827,13,23
normal_533,0,2,4.719764375288723,0,0,0,3,29.329565659009827,13,23
normal_533,0,4,3.4504579040834,0,0,0,3,29.329565659009827,13,23
normal_533,0,6,3.1743767819134954,0,0,0,3,29.329565659009827,13,23
normal_533,0,8,3.9752673784721733,0,0,0,3,29.329565659009827,13,23
normal_533,0,10,5.8351106089770495,0,0,0,3,29.329565659009827,13,23
normal_533,0,12,6.647274031837044,0,0,0,3,29.329565659009827,13,23
normal_533,0,14,6.9568134658791445,0,0,0,3,29.329565659009827,13,23
normal_533,0,16,6.6765804960417405,0,0,0,3,29.329565659009827,13,23
normal_533,0,18,9.168709979839825,0,0,0,3,29.329565659009827,13,23
normal_533,0,20,5.990626277325811,0,0,0,3,29.329565659009827,13,23
normal_533,0,22,7.186755002809242,0,0,0,3,29.329565659009827,13,23
normal_533,0,24,6.397514488100477,0,0,0,3,29.329565659009827,13,23
normal_533,0,26,5.87825176645898,0,0,0,3,29.329565659009827,13,23
normal_533,0,28,5.745965851926258,0,0,0,3,29.329565659009827,13,23
normal_533,0,30,4.371893958326004,0,0,0,3,29.329565659009827,13,23
normal_533,0,32,2.325840108832779,0,0,0,3,29.329565659009827,13,23
normal_533,0,34,2.3317884649234393,0,0,0,3,29.329565659009827,13,23
normal_533,0,36,3.2256397434723887,0,0,0,3,29.329565659009827,13,23
normal_533,0,38,3.083432016388076,0,0,0,3,29.329565659009827,13,23
normal_533,0,40,3.08778069646038,0,0,0,3,29.329565659009827,13,23
normal_533,0,42,3.6975065363986483,0,0,0,3,29.329565659009827,13,23
normal_533,0,44,4.449860358770135,0,0,0,3,29.329565659009827,13,23
normal_546,0,0,10.109567822925847,0,0,0,3,29.329565659009827,13,23
normal_546,0,2,7.089320284005217,0,0,0,3,29.329565659009827,13,23
normal_546,0,4,7.998630514724199,0,0,0,3,29.329565659009827,13,23
normal_546,0,6,8.474076909646218,0,0,0,3,29.329565659009827,13,23
normal_546,0,8,8.542237755159487,0,0,0,3,29.329565659009827,13,23
normal_546,0,10,6.636499147956268,0,0,0,3,29.329565659009827,13,23
normal_546,0,12,5.990902282337523,0,0,0,3,29.329565659009827,13,23
normal_546,0,14,6.4103769871280125,0,0,0,3,29.329565659009827,13,23
normal_546,0,16,5.5352349177060765,0,0,0,3,29.329565659009827,13,23
normal_553,0,0,5.781796050615011,0,0,0,3,29.329565659009827,13,23
normal_553,0,2,6.1433709628891195,0,0,0,3,29.329565659009827,13,23
normal_553,0,4,6.113372044507429,0,0,0,3,29.329565659009827,13,23
normal_553,0,6,6.467257840916446,0,0,0,3,29.329565659009827,13,23
normal_553,0,8,4.272501178684181,0,0,0,3,29.329565659009827,13,23
normal_553,0,10,4.992866722562297,0,0,0,3,29.329565659009827,13,23
normal_553,0,12,3.180573423249563,0,0,0,3,29.329565659009827,13,23
normal_553,0,14,4.5399466799239026,0,0,0,3,29.329565659009827,13,23
normal_553,0,16,5.074592307277382,0,0,0,3,29.329565659009827,13,23
normal_553,0,18,4.813274751940194,0,0,0,3,29.329565659009827,13,23
normal_553,0,20,5.299180089793749,0,0,0,3,29.329565659009827,13,23
normal_553,0,22,5.948426887312078,0,0,0,3,29.329565659009827,13,23
normal_553,0,24,6.698406594425309,0,0,0,3,29.329565659009827,13,23
normal_553,0,26,7.174888077227029,0,0,0,3,29.329565659009827,13,23
normal_565,0,0,9.387538964885811,0,0,0,3,29.329565659009827,13,23
normal_565,0,2,9.259706900941904,0,0,0,3,29.329565659009827,13,23
normal_565,0,4,9.341474559176596,0,0,0,3,29.329565659009827,13,23
normal_565,0,6,9.683171502108008,0,0,0,3,29.329565659009827,13,23
normal_565,0,8,9.764496585207066,0,0,0,3,29.329565659009827,13,23
normal_565,0,10,11.228107717198196,0,0,0,3,29.329565659009827,13,23
normal_565,0,12,14.472755938796874,0,0,0,3,29.329565659009827,13,23
normal_565,0,14,14.12117978393496,0,0,0,3,29.329565659009827,13,23
normal_565,0,16,11.527401044305968,0,0,0,3,29.329565659009827,13,23
normal_565,0,18,10.900418308069073,0,0,0,3,29.329565659009827,13,23
normal_565,0,20,10.575803501522811,0,0,0,3,29.329565659009827,13,23
normal_565,0,22,12.004419345809007,0,0,0,3,29.329565659009827,13,23
normal_565,0,24,11.361425518969396,0,0,0,3,29.329565659009827,13,23
normal_578,0,0,6.117095286315908,0,0,0,3,29.329565659009827,13,23
normal_578,0,2,18.586888466359383,0,0,0,3,29.329565659009827,13,23
normal_578,0,4,21.416691709482407,0,0,0,3,29.329565659009827,13,23
normal_578,0,6,19.388048353532106,0,0,0,3,29.329565659009827,13,23
normal_578,0,8,9.411903901801976,0,0,0,3,29.329565659009827,13,23
normal_578,0,10,16.37408012560069,0,0,0,3,29.329565659009827,13,23
normal_578,0,12,15.262576545649585,0,0,0,3,29.329565659009827,13,23
normal_578,0,14,9.191357279897224,0,0,0,3,29.329565659009827,13,23
normal_578,0,16,6.33069816979977,0,0,0,3,29.329565659009827,13,23
normal_578,0,18,9.123713990990478,0,0,0,3,29.329565659009827,13,23
normal_578,0,20,8.39931442522646,0,0,0,3,29.329565659009827,13,23
normal_578,0,22,7.517112540557738,0,0,0,3,29.329565659009827,13,23
normal_578,0,24,7.563517609781424,0,0,0,3,29.329565659009827,13,23
normal_578,0,26,14.600512530822945,0,0,0,3,29.329565659009827,13,23
normal_578,0,28,13.691680971915906,0,0,0,3,29.329565659009827,13,23
normal_578,0,30,7.966179939934743,0,0,0,3,29.329565659009827,13,23
normal_582,0,0,14.696128367623745,0,0,0,3,29.329565659009827,13,23
normal_582,0,2,9.156373309142229,0,0,0,3,29.329565659009827,13,23
normal_582,0,4,8.530128454189374,0,0,0,3,29.329565659009827,13,23
normal_582,0,6,6.8072022347109895,0,0,0,3,29.329565659009827,13,23
normal_582,0,8,10.658093565022606,0,0,0,3,29.329565659009827,13,23
normal_582,0,10,7.311244863054964,0,0,0,3,29.329565659009827,13,23
normal_582,0,12,5.963952065118455,0,0,0,3,29.329565659009827,13,23
normal_582,0,14,7.221758583837326,0,0,0,3,29.329565659009827,13,23
normal_582,0,16,10.347294674520498,0,0,0,3,29.329565659009827,13,23
normal_582,0,18,10.989247647101774,0,0,0,3,29.329565659009827,13,23
normal_582,0,20,8.38171569855869,0,0,0,3,29.329565659009827,13,23
normal_582,0,22,6.285782095199447,0,0,0,3,29.329565659009827,13,23
normal_582,0,24,6.34149510893552,0,0,0,3,29.329565659009827,13,23
normal_582,0,26,6.888190076457899,0,0,0,3,29.329565659009827,13,23
normal_582,0,28,6.480760500900726,0,0,0,3,29.329565659009827,13,23
normal_582,0,30,5.583875457481085,0,0,0,3,29.329565659009827,13,23
normal_582,0,32,5.887294800727451,0,0,0,3,29.329565659009827,13,23
normal_582,0,34,8.513643741683678,0,0,0,3,29.329565659009827,13,23
normal_582,0,36,10.112647571468809,0,0,0,3,29.329565659009827,13,23
normal_582,0,38,8.675213242125341,0,0,0,3,29.329565659009827,13,23
normal_582,0,40,9.141437965533685,0,0,0,3,29.329565659009827,13,23
normal_582,0,42,6.302946149585046,0,0,0,3,29.329565659009827,13,23
normal_582,0,44,5.407863188594549,0,0,0,3,29.329565659009827,13,23
normal_584,0,0,22.160702756323502,0,0,0,3,29.329565659009827,13,23
normal_584,0,2,17.51567284770594,0,0,0,3,29.329565659009827,13,23
normal_584,0,4,12.090581064625907,0,0,0,3,29.329565659009827,13,23
normal_584,0,6,14.602817726404412,0,0,0,3,29.329565659009827,13,23
normal_584,0,8,13.223068574976418,0,0,0,3,29.329565659009827,13,23
normal_584,0,10,16.702527535139343,0,0,0,3,29.329565659009827,13,23
normal_584,0,12,16.419162489902643,0,0,0,3,29.329565659009827,13,23
normal_584,0,14,15.930666402130543,0,0,0,3,29.329565659009827,13,23
normal_584,0,16,15.933639018149062,0,0,0,3,29.329565659009827,13,23
normal_584,0,18,18.948286513414224,0,0,0,3,29.329565659009827,13,23
normal_584,0,20,16.673658680360614,0,0,0,3,29.329565659009827,13,23
normal_584,0,22,17.682522865163143,0,0,0,3,29.329565659009827,13,23
normal_584,0,24,15.488036246921073,0,0,0,3,29.329565659009827,13,23
normal_584,0,26,17.53843348439916,0,0,0,3,29.329565659009827,13,23
normal_584,0,28,16.804959258653493,0,0,0,3,29.329565659009827,13,23
normal_584,0,30,18.884719036061085,0,0,0,3,29.329565659009827,13,23
normal_584,0,32,13.525040757250961,0,0,0,3,29.329565659009827,13,23
anomaly_2,1,0,365.2975453105769,1,1,0,3,29.329565659009827,13,23
anomaly_2,1,2,460.2775300258187,1,2,0,3,29.329565659009827,13,23
anomaly_2,1,4,1014.6119944043736,1,3,0,3,29.329565659009827,13,23
anomaly_2,1,6,1048.4413116579374,1,4,0,3,29.329565659009827,13,23
anomaly_2,1,8,994.9371185159313,1,5,0,3,29.329565659009827,13,23
anomaly_2,1,10,926.2506800405902,1,6,0,3,29.329565659009827,13,23
anomaly_2,1,12,780.5894228112919,1,7,0,3,29.329565659009827,13,23
anomaly_2,1,14,914.346556169908,1,8,0,3,29.329565659009827,13,23
anomaly_2,1,16,760.1389101373128,1,9,0,3,29.329565659009827,13,23
anomaly_2,1,18,1029.1306713159433,1,10,0,3,29.329565659009827,13,23
anomaly_2,1,20,1445.583805283573,1,11,0,3,29.329565659009827,13,23
anomaly_2,1,22,858.220850198531,1,12,0,3,29.329565659009827,13,23
anomaly_2,1,24,111.54325789452798,1,13,1,3,29.329565659009827,13,23
anomaly_2,1,26,148.1410491635938,1,14,1,3,29.329565659009827,13,23
anomaly_2,1,28,297.7831046320149,1,15,1,3,29.329565659009827,13,23
anomaly_2,1,30,330.6946978082,1,16,1,3,29.329565659009827,13,23
anomaly_2,1,32,79.53795668265279,1,17,1,3,29.329565659009827,13,23
anomaly_2,1,34,84.76158961805731,1,18,1,3,29.329565659009827,13,23
anomaly_2,1,36,324.33505569251923,1,19,1,3,29.329565659009827,13,23
anomaly_2,1,38,276.71032038547224,1,20,1,3,29.329565659009827,13,23
anomaly_2,1,40,181.62071189517036,1,21,1,3,29.329565659009827,13,23
anomaly_2,1,42,177.7599343237251,1,22,1,3,29.329565659009827,13,23
anomaly_2,1,44,176.54728786338904,1,23,1,3,29.329565659009827,13,23
anomaly_4,1,0,31.676616892658437,1,1,0,3,29.329565659009827,13,23
anomaly_4,1,2,138.90136145827572,1,2,0,3,29.329565659009827,13,23
anomaly_4,1,4,136.3811377293467,1,3,0,3,29.329565659009827,13,23
anomaly_4,1,6,409.5629226534456,1,4,0,3,29.329565659009827,13,23
anomaly_4,1,8,290.52469852317466,1,5,0,3,29.329565659009827,13,23
anomaly_4,1,10,118.39781813662638,1,6,0,3,29.329565659009827,13,23
anomaly_4,1,12,194.6742579603951,1,7,0,3,29.329565659009827,13,23
anomaly_4,1,14,456.27869020095994,1,8,0,3,29.329565659009827,13,23
anomaly_4,1,16,420.6126907621305,1,9,0,3,29.329565659009827,13,23
anomaly_4,1,18,162.07533039274423,1,10,0,3,29.329565659009827,13,23
anomaly_4,1,20,176.55127641566727,1,11,0,3,29.329565659009827,13,23
anomaly_4,1,22,99.42187910134932,1,12,0,3,29.329565659009827,13,23
anomaly_4,1,24,120.79300667123813,1,13,1,3,29.329565659009827,13,23
anomaly_4,1,26,159.45473931845865,1,14,1,3,29.329565659009827,13,23
anomaly_16,1,0,111.26406739076523,1,1,0,3,29.329565659009827,13,23
anomaly_16,1,2,93.38720034996034,1,2,0,3,29.329565659009827,13,23
anomaly_16,1,4,95.86881799739865,1,3,0,3,29.329565659009827,13,23
anomaly_16,1,6,21.374988617545878,0,0,0,3,29.329565659009827,13,23
anomaly_16,1,8,54.23843000543624,1,1,0,3,29.329565659009827,13,23
anomaly_16,1,10,87.89997240422008,1,2,0,3,29.329565659009827,13,23
anomaly_16,1,12,39.26760410237982,1,3,0,3,29.329565659009827,13,23
anomaly_16,1,14,63.768453204997364,1,4,0,3,29.329565659009827,13,23
anomaly_16,1,16,194.20982440187612,1,5,0,3,29.329565659009827,13,23
anomaly_16,1,18,244.46157126784365,1,6,0,3,29.329565659009827,13,23
anomaly_16,1,20,283.29278429824484,1,7,0,3,29.329565659009827,13,23
anomaly_16,1,22,205.56465365136876,1,8,0,3,29.329565659009827,13,23
anomaly_16,1,24,150.1523536486643,1,9,0,3,29.329565659009827,13,23
anomaly_16,1,26,152.09343531391852,1,10,0,3,29.329565659009827,13,23
anomaly_16,1,28,596.5614648818497,1,11,0,3,29.329565659009827,13,23
anomaly_16,1,30,997.7115426565482,1,12,0,3,29.329565659009827,13,23
anomaly_16,1,32,1567.0390007450937,1,13,1,3,29.329565659009827,13,23
anomaly_16,1,34,1072.126261626724,1,14,1,3,29.329565659009827,13,23
anomaly_16,1,36,746.5648846317171,1,15,1,3,29.329565659009827,13,23
anomaly_16,1,38,956.1012856543749,1,16,1,3,29.329565659009827,13,23
anomaly_16,1,40,644.2922702937008,1,17,1,3,29.329565659009827,13,23
anomaly_16,1,42,872.4045171570681,1,18,1,3,29.329565659009827,13,23
anomaly_16,1,44,665.1709794483284,1,19,1,3,29.329565659009827,13,23
normal_7,0,0,7.770886116562211,0,0,0,4,31.38530266519422,18,36
normal_7,0,2,7.0273013648550515,0,0,0,4,31.38530266519422,18,36
normal_7,0,4,5.686044756260644,0,0,0,4,31.38530266519422,18,36
normal_7,0,6,7.275635307244452,0,0,0,4,31.38530266519422,18,36
normal_7,0,8,9.433857128201472,0,0,0,4,31.38530266519422,18,36
normal_7,0,10,16.193023407262054,0,0,0,4,31.38530266519422,18,36
normal_7,0,12,14.584621640786487,0,0,0,4,31.38530266519422,18,36
normal_7,0,14,20.320057109438235,0,0,0,4,31.38530266519422,18,36
normal_7,0,16,10.596614819924604,0,0,0,4,31.38530266519422,18,36
normal_7,0,18,10.959465260733682,0,0,0,4,31.38530266519422,18,36
normal_7,0,20,14.167885927876467,0,0,0,4,31.38530266519422,18,36
normal_7,0,22,12.680121185463097,0,0,0,4,31.38530266519422,18,36
normal_7,0,24,13.02292431846582,0,0,0,4,31.38530266519422,18,36
normal_7,0,26,8.676661604265318,0,0,0,4,31.38530266519422,18,36
normal_7,0,28,9.566919245127892,0,0,0,4,31.38530266519422,18,36
normal_7,0,30,10.06686077895085,0,0,0,4,31.38530266519422,18,36
normal_7,0,32,12.794564629967182,0,0,0,4,31.38530266519422,18,36
normal_7,0,34,11.148240820202526,0,0,0,4,31.38530266519422,18,36
normal_7,0,36,10.970374468820562,0,0,0,4,31.38530266519422,18,36
normal_7,0,38,11.639154822636124,0,0,0,4,31.38530266519422,18,36
normal_7,0,40,21.68383201750132,0,0,0,4,31.38530266519422,18,36
normal_7,0,42,14.19833628420074,0,0,0,4,31.38530266519422,18,36
normal_7,0,44,36.989748314579415,1,1,0,4,31.38530266519422,18,36
normal_17,0,0,8.904583397266508,0,0,0,4,31.38530266519422,18,36
normal_17,0,2,8.52331678565008,0,0,0,4,31.38530266519422,18,36
normal_17,0,4,11.635232346657842,0,0,0,4,31.38530266519422,18,36
normal_17,0,6,11.852916285578857,0,0,0,4,31.38530266519422,18,36
normal_17,0,8,16.389553232799994,0,0,0,4,31.38530266519422,18,36
normal_17,0,10,15.5853866211828,0,0,0,4,31.38530266519422,18,36
normal_17,0,12,24.102106516229238,0,0,0,4,31.38530266519422,18,36
normal_17,0,14,24.350581460340948,0,0,0,4,31.38530266519422,18,36
normal_17,0,16,26.618872676858278,0,0,0,4,31.38530266519422,18,36
normal_17,0,18,15.778227809436485,0,0,0,4,31.38530266519422,18,36
normal_17,0,20,17.375914577572125,0,0,0,4,31.38530266519422,18,36
normal_17,0,22,11.636923788344683,0,0,0,4,31.38530266519422,18,36
normal_17,0,24,9.965719720274869,0,0,0,4,31.38530266519422,18,36
normal_17,0,26,8.023012437772362,0,0,0,4,31.38530266519422,18,36
normal_17,0,28,7.391223207359032,0,0,0,4,31.38530266519422,18,36
normal_17,0,30,9.440090550233661,0,0,0,4,31.38530266519422,18,36
normal_17,0,32,10.831091942923795,0,0,0,4,31.38530266519422,18,36
normal_17,0,34,9.061045900218636,0,0,0,4,31.38530266519422,18,36
normal_17,0,36,17.604970289293398,0,0,0,4,31.38530266519422,18,36
normal_17,0,38,17.56220962371769,0,0,0,4,31.38530266519422,18,36
normal_17,0,40,18.020138117329463,0,0,0,4,31.38530266519422,18,36
normal_17,0,42,14.997290619632862,0,0,0,4,31.38530266519422,18,36
normal_17,0,44,14.123804518723382,0,0,0,4,31.38530266519422,18,36
normal_28,0,0,12.105560357279082,0,0,0,4,31.38530266519422,18,36
normal_28,0,2,9.389074153969952,0,0,0,4,31.38530266519422,18,36
normal_28,0,4,7.3490419713909025,0,0,0,4,31.38530266519422,18,36
normal_28,0,6,8.096814396670668,0,0,0,4,31.38530266519422,18,36
normal_28,0,8,8.801916323017842,0,0,0,4,31.38530266519422,18,36
normal_28,0,10,7.108316165364399,0,0,0,4,31.38530266519422,18,36
normal_28,0,12,10.306737466704634,0,0,0,4,31.38530266519422,18,36
normal_28,0,14,6.646823750377547,0,0,0,4,31.38530266519422,18,36
normal_28,0,16,8.196025005908004,0,0,0,4,31.38530266519422,18,36
normal_28,0,18,5.5799786223785794,0,0,0,4,31.38530266519422,18,36
normal_28,0,20,3.8644841587342675,0,0,0,4,31.38530266519422,18,36
normal_28,0,22,6.058057136756352,0,0,0,4,31.38530266519422,18,36
normal_28,0,24,6.252035479605563,0,0,0,4,31.38530266519422,18,36
normal_28,0,26,6.905072391549314,0,0,0,4,31.38530266519422,18,36
normal_28,0,28,10.53358046227564,0,0,0,4,31.38530266519422,18,36
normal_28,0,30,14.218718962700407,0,0,0,4,31.38530266519422,18,36
normal_28,0,32,18.66649802332844,0,0,0,4,31.38530266519422,18,36
normal_28,0,34,10.41183720530277,0,0,0,4,31.38530266519422,18,36
normal_28,0,36,4.74505579538659,0,0,0,4,31.38530266519422,18,36
normal_28,0,38,6.986836726677317,0,0,0,4,31.38530266519422,18,36
normal_28,0,40,10.605582011504275,0,0,0,4,31.38530266519422,18,36
normal_28,0,42,10.090277471037616,0,0,0,4,31.38530266519422,18,36
normal_28,0,44,8.310936235351031,0,0,0,4,31.38530266519422,18,36
normal_31,0,0,13.073756499539604,0,0,0,4,31.38530266519422,18,36
normal_31,0,2,13.293178566487642,0,0,0,4,31.38530266519422,18,36
normal_31,0,4,13.302989761720115,0,0,0,4,31.38530266519422,18,36
normal_31,0,6,13.61650732358613,0,0,0,4,31.38530266519422,18,36
normal_31,0,8,14.497188538437939,0,0,0,4,31.38530266519422,18,36
normal_31,0,10,12.088508078177217,0,0,0,4,31.38530266519422,18,36
normal_31,0,12,12.932555787340064,0,0,0,4,31.38530266519422,18,36
normal_31,0,14,15.731870994797813,0,0,0,4,31.38530266519422,18,36
normal_31,0,16,19.718218569997212,0,0,0,4,31.38530266519422,18,36
normal_31,0,18,13.204658483928844,0,0,0,4,31.38530266519422,18,36
normal_31,0,20,17.732454203285492,0,0,0,4,31.38530266519422,18,36
normal_31,0,22,14.80777228257393,0,0,0,4,31.38530266519422,18,36
normal_34,0,0,17.721201432940813,0,0,0,4,31.38530266519422,18,36
normal_34,0,2,18.286744820016448,0,0,0,4,31.38530266519422,18,36
normal_34,0,4,15.355309801059926,0,0,0,4,31.38530266519422,18,36
normal_34,0,6,22.274714409415104,0,0,0,4,31.38530266519422,18,36
normal_34,0,8,12.887119632925312,0,0,0,4,31.38530266519422,18,36
normal_34,0,10,11.82520867400392,0,0,0,4,31.38530266519422,18,36
normal_34,0,12,8.48769182633999,0,0,0,4,31.38530266519422,18,36
normal_34,0,14,11.649805955176907,0,0,0,4,31.38530266519422,18,36
normal_34,0,16,13.08936370296152,0,0,0,4,31.38530266519422,18,36
normal_34,0,18,12.8937343654784,0,0,0,4,31.38530266519422,18,36
normal_34,0,20,11.895283468607552,0,0,0,4,31.38530266519422,18,36
normal_34,0,22,22.65833959555121,0,0,0,4,31.38530266519422,18,36
normal_34,0,24,26.713736377172733,0,0,0,4,31.38530266519422,18,36
normal_34,0,26,24.89073896246911,0,0,0,4,31.38530266519422,18,36
normal_34,0,28,22.297394172852112,0,0,0,4,31.38530266519422,18,36
normal_34,0,30,19.36585053324766,0,0,0,4,31.38530266519422,18,36
normal_34,0,32,21.053612517158342,0,0,0,4,31.38530266519422,18,36
normal_34,0,34,15.48888473762785,0,0,0,4,31.38530266519422,18,36
normal_34,0,36,12.206584026709987,0,0,0,4,31.38530266519422,18,36
normal_34,0,38,14.314314374477897,0,0,0,4,31.38530266519422,18,36
normal_34,0,40,24.984393793653197,0,0,0,4,31.38530266519422,18,36
normal_34,0,42,28.26377551874815,0,0,0,4,31.38530266519422,18,36
normal_34,0,44,22.3308139001345,0,0,0,4,31.38530266519422,18,36
normal_52,0,0,8.798374508823784,0,0,0,4,31.38530266519422,18,36
normal_52,0,2,10.257689870044068,0,0,0,4,31.38530266519422,18,36
normal_52,0,4,7.832926902090479,0,0,0,4,31.38530266519422,18,36
normal_52,0,6,10.45535214241091,0,0,0,4,31.38530266519422,18,36
normal_52,0,8,10.017642400015411,0,0,0,4,31.38530266519422,18,36
normal_52,0,10,5.636276613604674,0,0,0,4,31.38530266519422,18,36
normal_52,0,12,9.296476982975484,0,0,0,4,31.38530266519422,18,36
normal_52,0,14,11.867986965366352,0,0,0,4,31.38530266519422,18,36
normal_52,0,16,10.379545033422215,0,0,0,4,31.38530266519422,18,36
normal_52,0,18,9.335447786868047,0,0,0,4,31.38530266519422,18,36
normal_52,0,20,5.816028062409829,0,0,0,4,31.38530266519422,18,36
normal_52,0,22,8.115033342314204,0,0,0,4,31.38530266519422,18,36
normal_52,0,24,5.759900141020261,0,0,0,4,31.38530266519422,18,36
normal_52,0,26,3.6595600790898386,0,0,0,4,31.38530266519422,18,36
normal_52,0,28,7.284014661449534,0,0,0,4,31.38530266519422,18,36
normal_52,0,30,9.291305418415009,0,0,0,4,31.38530266519422,18,36
normal_52,0,32,12.384778677300007,0,0,0,4,31.38530266519422,18,36
normal_52,0,34,10.58172254567758,0,0,0,4,31.38530266519422,18,36
normal_52,0,36,7.247833228019503,0,0,0,4,31.38530266519422,18,36
normal_52,0,38,10.025774296802506,0,0,0,4,31.38530266519422,18,36
normal_52,0,40,8.316903141435809,0,0,0,4,31.38530266519422,18,36
normal_52,0,42,7.912462912026673,0,0,0,4,31.38530266519422,18,36
normal_52,0,44,9.8155670682811,0,0,0,4,31.38530266519422,18,36
normal_59,0,0,9.503854669025701,0,0,0,4,31.38530266519422,18,36
normal_59,0,2,7.703218677882559,0,0,0,4,31.38530266519422,18,36
normal_59,0,4,15.59854153782387,0,0,0,4,31.38530266519422,18,36
normal_59,0,6,11.846678130977013,0,0,0,4,31.38530266519422,18,36
normal_59,0,8,7.7039817928891265,0,0,0,4,31.38530266519422,18,36
normal_59,0,10,6.850795541693619,0,0,0,4,31.38530266519422,18,36
normal_59,0,12,8.240117212390135,0,0,0,4,31.38530266519422,18,36
normal_59,0,14,9.76887762847343,0,0,0,4,31.38530266519422,18,36
normal_59,0,16,8.885776380796033,0,0,0,4,31.38530266519422,18,36
normal_59,0,18,10.810803092599285,0,0,0,4,31.38530266519422,18,36
normal_59,0,20,16.216749168025334,0,0,0,4,31.38530266519422,18,36
normal_59,0,22,19.996460190414005,0,0,0,4,31.38530266519422,18,36
normal_59,0,24,21.150537179147463,0,0,0,4,31.38530266519422,18,36
normal_59,0,26,18.24808085216612,0,0,0,4,31.38530266519422,18,36
normal_59,0,28,11.997394598372805,0,0,0,4,31.38530266519422,18,36
normal_59,0,30,7.790642817318204,0,0,0,4,31.38530266519422,18,36
normal_59,0,32,5.561236607411989,0,0,0,4,31.38530266519422,18,36
normal_59,0,34,4.854682568806796,0,0,0,4,31.38530266519422,18,36
normal_59,0,36,6.899559707404696,0,0,0,4,31.38530266519422,18,36
normal_59,0,38,9.210529654532563,0,0,0,4,31.38530266519422,18,36
normal_59,0,40,9.343628665021889,0,0,0,4,31.38530266519422,18,36
normal_59,0,42,9.458177174424394,0,0,0,4,31.38530266519422,18,36
normal_59,0,44,11.29415376254322,0,0,0,4,31.38530266519422,18,36
normal_61,0,0,11.266582214462897,0,0,0,4,31.38530266519422,18,36
normal_61,0,2,13.469292389829102,0,0,0,4,31.38530266519422,18,36
normal_61,0,4,11.033512638447707,0,0,0,4,31.38530266519422,18,36
normal_61,0,6,14.238544307238863,0,0,0,4,31.38530266519422,18,36
normal_61,0,8,15.669319684348375,0,0,0,4,31.38530266519422,18,36
normal_61,0,10,12.757611711736786,0,0,0,4,31.38530266519422,18,36
normal_61,0,12,11.873228523436275,0,0,0,4,31.38530266519422,18,36
normal_61,0,14,13.387803003289523,0,0,0,4,31.38530266519422,18,36
normal_61,0,16,15.383106027629092,0,0,0,4,31.38530266519422,18,36
normal_61,0,18,12.386692503106184,0,0,0,4,31.38530266519422,18,36
normal_61,0,20,12.616684987130492,0,0,0,4,31.38530266519422,18,36
normal_61,0,22,16.975451881090788,0,0,0,4,31.38530266519422,18,36
normal_61,0,24,15.70753750143023,0,0,0,4,31.38530266519422,18,36
normal_61,0,26,14.67248218075652,0,0,0,4,31.38530266519422,18,36
normal_61,0,28,12.756967684672771,0,0,0,4,31.38530266519422,18,36
normal_61,0,30,11.711447287418311,0,0,0,4,31.38530266519422,18,36
normal_61,0,32,11.324399703956237,0,0,0,4,31.38530266519422,18,36
normal_61,0,34,10.574987378403165,0,0,0,4,31.38530266519422,18,36
normal_61,0,36,11.010780442604357,0,0,0,4,31.38530266519422,18,36
normal_61,0,38,9.92138415606179,0,0,0,4,31.38530266519422,18,36
normal_61,0,40,13.487726965056,0,0,0,4,31.38530266519422,18,36
normal_61,0,42,16.463191251911738,0,0,0,4,31.38530266519422,18,36
normal_61,0,44,19.573891694179792,0,0,0,4,31.38530266519422,18,36
normal_66,0,0,18.582262145663588,0,0,0,4,31.38530266519422,18,36
normal_66,0,2,10.480985620513048,0,0,0,4,31.38530266519422,18,36
normal_66,0,4,15.115964543956954,0,0,0,4,31.38530266519422,18,36
normal_66,0,6,15.764429523085763,0,0,0,4,31.38530266519422,18,36
normal_66,0,8,14.248230659599683,0,0,0,4,31.38530266519422,18,36
normal_66,0,10,16.079218032739064,0,0,0,4,31.38530266519422,18,36
normal_66,0,12,16.744982500790375,0,0,0,4,31.38530266519422,18,36
normal_66,0,14,14.306403482456004,0,0,0,4,31.38530266519422,18,36
normal_66,0,16,23.47844476803099,0,0,0,4,31.38530266519422,18,36
normal_66,0,18,21.488772196672244,0,0,0,4,31.38530266519422,18,36
normal_66,0,20,14.855206035634172,0,0,0,4,31.38530266519422,18,36
normal_66,0,22,15.956499144930856,0,0,0,4,31.38530266519422,18,36
normal_66,0,24,20.10786166982761,0,0,0,4,31.38530266519422,18,36
normal_66,0,26,9.492216028263071,0,0,0,4,31.38530266519422,18,36
normal_66,0,28,12.398163586787406,0,0,0,4,31.38530266519422,18,36
normal_66,0,30,14.355945571530947,0,0,0,4,31.38530266519422,18,36
normal_66,0,32,24.209059431814534,0,0,0,4,31.38530266519422,18,36
normal_66,0,34,21.129250336411214,0,0,0,4,31.38530266519422,18,36
normal_66,0,36,17.404616572687008,0,0,0,4,31.38530266519422,18,36
normal_66,0,38,14.667320829622234,0,0,0,4,31.38530266519422,18,36
normal_66,0,40,12.150425444088398,0,0,0,4,31.38530266519422,18,36
normal_66,0,42,7.68367612169613,0,0,0,4,31.38530266519422,18,36
normal_66,0,44,7.341174100717556,0,0,0,4,31.38530266519422,18,36
normal_69,0,0,14.55593383696747,0,0,0,4,31.38530266519422,18,36
normal_69,0,2,14.672695566065524,0,0,0,4,31.38530266519422,18,36
normal_69,0,4,15.936221715893387,0,0,0,4,31.38530266519422,18,36
normal_69,0,6,18.957763958643447,0,0,0,4,31.38530266519422,18,36
normal_69,0,8,19.901911627527863,0,0,0,4,31.38530266519422,18,36
normal_69,0,10,16.98427609700769,0,0,0,4,31.38530266519422,18,36
normal_69,0,12,15.216520068167288,0,0,0,4,31.38530266519422,18,36
normal_69,0,14,14.189226234654335,0,0,0,4,31.38530266519422,18,36
normal_69,0,16,14.147299468357897,0,0,0,4,31.38530266519422,18,36
normal_69,0,18,14.963923703621058,0,0,0,4,31.38530266519422,18,36
normal_69,0,20,14.991645757783813,0,0,0,4,31.38530266519422,18,36
normal_69,0,22,16.784008411413513,0,0,0,4,31.38530266519422,18,36
normal_69,0,24,18.87752492873375,0,0,0,4,31.38530266519422,18,36
normal_69,0,26,19.287374658189357,0,0,0,4,31.38530266519422,18,36
normal_69,0,28,17.47143059594535,0,0,0,4,31.38530266519422,18,36
normal_69,0,30,12.901026986370331,0,0,0,4,31.38530266519422,18,36
normal_69,0,32,19.44299924258383,0,0,0,4,31.38530266519422,18,36
normal_69,0,34,22.0741098375874,0,0,0,4,31.38530266519422,18,36
normal_69,0,36,21.9883946775861,0,0,0,4,31.38530266519422,18,36
normal_69,0,38,16.770550528966208,0,0,0,4,31.38530266519422,18,36
normal_69,0,40,14.704966302540534,0,0,0,4,31.38530266519422,18,36
normal_69,0,42,13.115543647921113,0,0,0,4,31.38530266519422,18,36
normal_69,0,44,11.255125748189027,0,0,0,4,31.38530266519422,18,36
normal_70,0,0,5.886355613466609,0,0,0,4,31.38530266519422,18,36
normal_70,0,2,3.9076384575567915,0,0,0,4,31.38530266519422,18,36
normal_70,0,4,2.079443951228915,0,0,0,4,31.38530266519422,18,36
normal_70,0,6,3.194224748788217,0,0,0,4,31.38530266519422,18,36
normal_70,0,8,4.82785524999609,0,0,0,4,31.38530266519422,18,36
normal_70,0,10,4.494853912249015,0,0,0,4,31.38530266519422,18,36
normal_70,0,12,5.611177851289552,0,0,0,4,31.38530266519422,18,36
normal_70,0,14,9.066406470613481,0,0,0,4,31.38530266519422,18,36
normal_70,0,16,12.234517335077788,0,0,0,4,31.38530266519422,18,36
normal_70,0,18,8.589830381047275,0,0,0,4,31.38530266519422,18,36
normal_70,0,20,4.8150967662194395,0,0,0,4,31.38530266519422,18,36
normal_70,0,22,5.985346486721427,0,0,0,4,31.38530266519422,18,36
normal_70,0,24,8.238008579923518,0,0,0,4,31.38530266519422,18,36
normal_70,0,26,5.693541079213761,0,0,0,4,31.38530266519422,18,36
normal_70,0,28,6.6732582789139645,0,0,0,4,31.38530266519422,18,36
normal_70,0,30,4.023218385687178,0,0,0,4,31.38530266519422,18,36
normal_70,0,32,4.659334782067812,0,0,0,4,31.38530266519422,18,36
normal_70,0,34,4.0620828600763685,0,0,0,4,31.38530266519422,18,36
normal_70,0,36,8.621990180246904,0,0,0,4,31.38530266519422,18,36
normal_70,0,38,5.946149088193312,0,0,0,4,31.38530266519422,18,36
normal_70,0,40,8.45530235750553,0,0,0,4,31.38530266519422,18,36
normal_70,0,42,12.012952120452193,0,0,0,4,31.38530266519422,18,36
normal_70,0,44,8.191870145469398,0,0,0,4,31.38530266519422,18,36
normal_72,0,0,13.833219675022733,0,0,0,4,31.38530266519422,18,36
normal_72,0,2,18.824828924993533,0,0,0,4,31.38530266519422,18,36
normal_72,0,4,18.687707573102987,0,0,0,4,31.38530266519422,18,36
normal_72,0,6,13.45772837166595,0,0,0,4,31.38530266519422,18,36
normal_72,0,8,14.631462670717493,0,0,0,4,31.38530266519422,18,36
normal_72,0,10,12.58493731960347,0,0,0,4,31.38530266519422,18,36
normal_72,0,12,14.940859248821482,0,0,0,4,31.38530266519422,18,36
normal_72,0,14,16.351378285665778,0,0,0,4,31.38530266519422,18,36
normal_72,0,16,14.087715357862049,0,0,0,4,31.38530266519422,18,36
normal_72,0,18,14.68665848320833,0,0,0,4,31.38530266519422,18,36
normal_72,0,20,12.66338603770173,0,0,0,4,31.38530266519422,18,36
normal_72,0,22,17.11506102884157,0,0,0,4,31.38530266519422,18,36
normal_72,0,24,17.039000750801005,0,0,0,4,31.38530266519422,18,36
normal_72,0,26,14.61008567868992,0,0,0,4,31.38530266519422,18,36
normal_72,0,28,18.398279910225515,0,0,0,4,31.38530266519422,18,36
normal_72,0,30,14.450073363395605,0,0,0,4,31.38530266519422,18,36
normal_72,0,32,12.542170382757604,0,0,0,4,31.38530266519422,18,36
normal_72,0,34,10.609803953535435,0,0,0,4,31.38530266519422,18,36
normal_72,0,36,11.471289953937783,0,0,0,4,31.38530266519422,18,36
normal_72,0,38,9.486981478474247,0,0,0,4,31.38530266519422,18,36
normal_72,0,40,10.704233554661366,0,0,0,4,31.38530266519422,18,36
normal_72,0,42,10.739109260643964,0,0,0,4,31.38530266519422,18,36
normal_72,0,44,14.71452313694353,0,0,0,4,31.38530266519422,18,36
normal_73,0,0,8.634673936734988,0,0,0,4,31.38530266519422,18,36
normal_73,0,2,9.778288543077618,0,0,0,4,31.38530266519422,18,36
normal_73,0,4,11.409737849909607,0,0,0,4,31.38530266519422,18,36
normal_73,0,6,10.965633974611105,0,0,0,4,31.38530266519422,18,36
normal_73,0,8,11.007203248777572,0,0,0,4,31.38530266519422,18,36
normal_73,0,10,4.685798574415018,0,0,0,4,31.38530266519422,18,36
normal_73,0,12,3.718891631009163,0,0,0,4,31.38530266519422,18,36
normal_73,0,14,10.934535012388697,0,0,0,4,31.38530266519422,18,36
normal_73,0,16,5.598601628393648,0,0,0,4,31.38530266519422,18,36
normal_73,0,18,8.7860822215298,0,0,0,4,31.38530266519422,18,36
normal_73,0,20,13.658094097922342,0,0,0,4,31.38530266519422,18,36
normal_73,0,22,3.4454100472265794,0,0,0,4,31.38530266519422,18,36
normal_73,0,24,5.2663751916774695,0,0,0,4,31.38530266519422,18,36
normal_73,0,26,6.903425547850321,0,0,0,4,31.38530266519422,18,36
normal_73,0,28,4.221930595766484,0,0,0,4,31.38530266519422,18,36
normal_73,0,30,3.983722352244611,0,0,0,4,31.38530266519422,18,36
normal_73,0,32,6.281655933046647,0,0,0,4,31.38530266519422,18,36
normal_73,0,34,5.512187680996347,0,0,0,4,31.38530266519422,18,36
normal_73,0,36,5.90836538638911,0,0,0,4,31.38530266519422,18,36
normal_73,0,38,5.811989032451122,0,0,0,4,31.38530266519422,18,36
normal_73,0,40,7.596779131492226,0,0,0,4,31.38530266519422,18,36
normal_73,0,42,8.695256651646663,0,0,0,4,31.38530266519422,18,36
normal_73,0,44,6.773377579547069,0,0,0,4,31.38530266519422,18,36
normal_76,0,0,13.13469332354922,0,0,0,4,31.38530266519422,18,36
normal_76,0,2,14.657890156714993,0,0,0,4,31.38530266519422,18,36
normal_76,0,4,14.361928560759464,0,0,0,4,31.38530266519422,18,36
normal_76,0,6,12.991087880520599,0,0,0,4,31.38530266519422,18,36
normal_76,0,8,10.710028717500816,0,0,0,4,31.38530266519422,18,36
normal_76,0,10,14.190950141013513,0,0,0,4,31.38530266519422,18,36
normal_76,0,12,16.71110162154924,0,0,0,4,31.38530266519422,18,36
normal_76,0,14,17.56031512408627,0,0,0,4,31.38530266519422,18,36
normal_76,0,16,16.084008247053212,0,0,0,4,31.38530266519422,18,36
normal_76,0,18,19.011608021504557,0,0,0,4,31.38530266519422,18,36
normal_76,0,20,17.966241506469235,0,0,0,4,31.38530266519422,18,36
normal_76,0,22,16.229166643215613,0,0,0,4,31.38530266519422,18,36
normal_76,0,24,15.714816284911908,0,0,0,4,31.38530266519422,18,36
normal_76,0,26,18.20049450142334,0,0,0,4,31.38530266519422,18,36
normal_76,0,28,19.44327283012266,0,0,0,4,31.38530266519422,18,36
normal_76,0,30,20.173506306666805,0,0,0,4,31.38530266519422,18,36
normal_76,0,32,13.168574331103208,0,0,0,4,31.38530266519422,18,36
normal_76,0,34,15.045340552664598,0,0,0,4,31.38530266519422,18,36
normal_76,0,36,12.828782687926855,0,0,0,4,31.38530266519422,18,36
normal_76,0,38,9.746012809226489,0,0,0,4,31.38530266519422,18,36
normal_76,0,40,9.472401581083878,0,0,0,4,31.38530266519422,18,36
normal_76,0,42,8.81475039525872,0,0,0,4,31.38530266519422,18,36
normal_76,0,44,13.01339099621782,0,0,0,4,31.38530266519422,18,36
normal_81,0,0,6.846615276205799,0,0,0,4,31.38530266519422,18,36
normal_81,0,2,7.547721508932669,0,0,0,4,31.38530266519422,18,36
normal_81,0,4,8.046427679269,0,0,0,4,31.38530266519422,18,36
normal_81,0,6,7.763254711213376,0,0,0,4,31.38530266519422,18,36
normal_81,0,8,8.334037724179858,0,0,0,4,31.38530266519422,18,36
normal_81,0,10,5.337977834525041,0,0,0,4,31.38530266519422,18,36
normal_81,0,12,4.856141658517965,0,0,0,4,31.38530266519422,18,36
normal_81,0,14,10.03808734331362,0,0,0,4,31.38530266519422,18,36
normal_81,0,16,10.824020802898183,0,0,0,4,31.38530266519422,18,36
normal_81,0,18,10.706682427137439,0,0,0,4,31.38530266519422,18,36
normal_81,0,20,11.427502029095658,0,0,0,4,31.38530266519422,18,36
normal_81,0,22,12.358702582196079,0,0,0,4,31.38530266519422,18,36
normal_81,0,24,10.77274212059113,0,0,0,4,31.38530266519422,18,36
normal_81,0,26,9.454387611358918,0,0,0,4,31.38530266519422,18,36
normal_81,0,28,3.99504854218507,0,0,0,4,31.38530266519422,18,36
normal_81,0,30,6.10552290318472,0,0,0,4,31.38530266519422,18,36
normal_81,0,32,11.531059698557222,0,0,0,4,31.38530266519422,18,36
normal_81,0,34,5.038073110236367,0,0,0,4,31.38530266519422,18,36
normal_81,0,36,3.688718437103735,0,0,0,4,31.38530266519422,18,36
normal_82,0,0,12.86293938173728,0,0,0,4,31.38530266519422,18,36
normal_82,0,2,14.484200093361629,0,0,0,4,31.38530266519422,18,36
normal_82,0,4,15.189117280716356,0,0,0,4,31.38530266519422,18,36
normal_82,0,6,10.921840612445425,0,0,0,4,31.38530266519422,18,36
normal_82,0,8,12.672058892594366,0,0,0,4,31.38530266519422,18,36
normal_82,0,10,10.460911457611369,0,0,0,4,31.38530266519422,18,36
normal_82,0,12,11.777586691038234,0,0,0,4,31.38530266519422,18,36
normal_82,0,14,9.710813709337362,0,0,0,4,31.38530266519422,18,36
normal_82,0,16,8.363304702319994,0,0,0,4,31.38530266519422,18,36
normal_82,0,18,9.374318162730152,0,0,0,4,31.38530266519422,18,36
normal_82,0,20,8.640718572170277,0,0,0,4,31.38530266519422,18,36
normal_82,0,22,10.47449124690916,0,0,0,4,31.38530266519422,18,36
normal_82,0,24,15.28789631141127,0,0,0,4,31.38530266519422,18,36
normal_82,0,26,16.53641882929714,0,0,0,4,31.38530266519422,18,36
normal_92,0,0,17.386507599915483,0,0,0,4,31.38530266519422,18,36
normal_92,0,2,21.377963917870456,0,0,0,4,31.38530266519422,18,36
normal_92,0,4,18.604185092724776,0,0,0,4,31.38530266519422,18,36
normal_92,0,6,13.298487932844006,0,0,0,4,31.38530266519422,18,36
normal_92,0,8,10.590063056030651,0,0,0,4,31.38530266519422,18,36
normal_92,0,10,8.553306841999117,0,0,0,4,31.38530266519422,18,36
normal_92,0,12,9.918191399590071,0,0,0,4,31.38530266519422,18,36
normal_92,0,14,9.827628303301449,0,0,0,4,31.38530266519422,18,36
normal_92,0,16,4.650876919801669,0,0,0,4,31.38530266519422,18,36
normal_92,0,18,7.2264879535448685,0,0,0,4,31.38530266519422,18,36
normal_92,0,20,15.022135335278284,0,0,0,4,31.38530266519422,18,36
normal_92,0,22,9.673884546490694,0,0,0,4,31.38530266519422,18,36
normal_92,0,24,9.15118592966243,0,0,0,4,31.38530266519422,18,36
normal_92,0,26,15.611438923909555,0,0,0,4,31.38530266519422,18,36
normal_92,0,28,6.431862407554126,0,0,0,4,31.38530266519422,18,36
normal_92,0,30,7.815503866598644,0,0,0,4,31.38530266519422,18,36
normal_97,0,0,3.4146415934974184,0,0,0,4,31.38530266519422,18,36
normal_97,0,2,3.4511944087904247,0,0,0,4,31.38530266519422,18,36
normal_97,0,4,7.375040309593481,0,0,0,4,31.38530266519422,18,36
normal_97,0,6,6.035834058408191,0,0,0,4,31.38530266519422,18,36
normal_97,0,8,6.177556902026276,0,0,0,4,31.38530266519422,18,36
normal_97,0,10,6.130067034628712,0,0,0,4,31.38530266519422,18,36
normal_97,0,12,2.544060204180513,0,0,0,4,31.38530266519422,18,36
normal_97,0,14,4.348357847070432,0,0,0,4,31.38530266519422,18,36
normal_97,0,16,8.411077485928933,0,0,0,4,31.38530266519422,18,36
normal_97,0,18,5.85162306848086,0,0,0,4,31.38530266519422,18,36
normal_97,0,20,5.516520198380327,0,0,0,4,31.38530266519422,18,36
normal_97,0,22,4.691991976525715,0,0,0,4,31.38530266519422,18,36
normal_97,0,24,5.19514072110883,0,0,0,4,31.38530266519422,18,36
normal_97,0,26,4.418974978776301,0,0,0,4,31.38530266519422,18,36
normal_97,0,28,6.315957784122324,0,0,0,4,31.38530266519422,18,36
normal_97,0,30,7.243830100402677,0,0,0,4,31.38530266519422,18,36
normal_97,0,32,9.408894199691844,0,0,0,4,31.38530266519422,18,36
normal_98,0,0,14.374860454884482,0,0,0,4,31.38530266519422,18,36
normal_98,0,2,17.500832601922397,0,0,0,4,31.38530266519422,18,36
normal_98,0,4,14.870143989040187,0,0,0,4,31.38530266519422,18,36
normal_98,0,6,16.463147779353015,0,0,0,4,31.38530266519422,18,36
normal_98,0,8,22.970454822357024,0,0,0,4,31.38530266519422,18,36
normal_98,0,10,24.182913881515297,0,0,0,4,31.38530266519422,18,36
normal_98,0,12,22.667792190243798,0,0,0,4,31.38530266519422,18,36
normal_98,0,14,17.47365348937494,0,0,0,4,31.38530266519422,18,36
normal_98,0,16,15.04292674909196,0,0,0,4,31.38530266519422,18,36
normal_98,0,18,12.467801772617571,0,0,0,4,31.38530266519422,18,36
normal_98,0,20,11.262839801453211,0,0,0,4,31.38530266519422,18,36
normal_104,0,0,17.69581196871148,0,0,0,4,31.38530266519422,18,36
normal_104,0,2,9.99210620769248,0,0,0,4,31.38530266519422,18,36
normal_104,0,4,8.939056623205406,0,0,0,4,31.38530266519422,18,36
normal_104,0,6,10.911620699667756,0,0,0,4,31.38530266519422,18,36
normal_104,0,8,11.636502888272897,0,0,0,4,31.38530266519422,18,36
normal_104,0,10,13.352179801598435,0,0,0,4,31.38530266519422,18,36
normal_104,0,12,14.245236532348144,0,0,0,4,31.38530266519422,18,36
normal_104,0,14,15.357909778210272,0,0,0,4,31.38530266519422,18,36
normal_104,0,16,23.434560890442174,0,0,0,4,31.38530266519422,18,36
normal_104,0,18,22.891408831904087,0,0,0,4,31.38530266519422,18,36
normal_104,0,20,13.313111684761509,0,0,0,4,31.38530266519422,18,36
normal_104,0,22,11.70706500675582,0,0,0,4,31.38530266519422,18,36
normal_104,0,24,12.494008520331613,0,0,0,4,31.38530266519422,18,36
normal_104,0,26,16.279710287596387,0,0,0,4,31.38530266519422,18,36
normal_104,0,28,9.679475182236287,0,0,0,4,31.38530266519422,18,36
normal_106,0,0,10.344082355471903,0,0,0,4,31.38530266519422,18,36
normal_106,0,2,8.35431963678369,0,0,0,4,31.38530266519422,18,36
normal_106,0,4,9.540346724893562,0,0,0,4,31.38530266519422,18,36
normal_106,0,6,7.873469192236699,0,0,0,4,31.38530266519422,18,36
normal_106,0,8,7.597030235175245,0,0,0,4,31.38530266519422,18,36
normal_106,0,10,9.701236588571176,0,0,0,4,31.38530266519422,18,36
normal_106,0,12,12.440763788818906,0,0,0,4,31.38530266519422,18,36
normal_106,0,14,16.915359154338702,0,0,0,4,31.38530266519422,18,36
normal_106,0,16,14.948224569578777,0,0,0,4,31.38530266519422,18,36
normal_109,0,0,16.300219084823382,0,0,0,4,31.38530266519422,18,36
normal_109,0,2,15.435422640820255,0,0,0,4,31.38530266519422,18,36
normal_109,0,4,18.294826711301358,0,0,0,4,31.38530266519422,18,36
normal_109,0,6,15.540803278778716,0,0,0,4,31.38530266519422,18,36
normal_109,0,8,18.228372412719843,0,0,0,4,31.38530266519422,18,36
normal_109,0,10,19.059949708348178,0,0,0,4,31.38530266519422,18,36
normal_109,0,12,17.16997434514684,0,0,0,4,31.38530266519422,18,36
normal_109,0,14,17.77446594310679,0,0,0,4,31.38530266519422,18,36
normal_109,0,16,16.12727394473823,0,0,0,4,31.38530266519422,18,36
normal_109,0,18,16.851805552053214,0,0,0,4,31.38530266519422,18,36
normal_109,0,20,16.324990109852752,0,0,0,4,31.38530266519422,18,36
normal_109,0,22,11.991332042355463,0,0,0,4,31.38530266519422,18,36
normal_109,0,24,13.64462812629564,0,0,0,4,31.38530266519422,18,36
normal_109,0,26,13.723379509243157,0,0,0,4,31.38530266519422,18,36
normal_109,0,28,14.02759808426013,0,0,0,4,31.38530266519422,18,36
normal_109,0,30,14.657963541509297,0,0,0,4,31.38530266519422,18,36
normal_109,0,32,20.460353995285114,0,0,0,4,31.38530266519422,18,36
normal_109,0,34,22.82679726429678,0,0,0,4,31.38530266519422,18,36
normal_109,0,36,18.097493290592876,0,0,0,4,31.38530266519422,18,36
normal_109,0,38,24.69506569528833,0,0,0,4,31.38530266519422,18,36
normal_109,0,40,22.616739454986195,0,0,0,4,31.38530266519422,18,36
normal_109,0,42,19.555500252578213,0,0,0,4,31.38530266519422,18,36
normal_109,0,44,21.275679263535178,0,0,0,4,31.38530266519422,18,36
normal_111,0,0,18.582403799299385,0,0,0,4,31.38530266519422,18,36
normal_111,0,2,5.397560922091117,0,0,0,4,31.38530266519422,18,36
normal_111,0,4,6.136645899428513,0,0,0,4,31.38530266519422,18,36
normal_111,0,6,12.677494449138997,0,0,0,4,31.38530266519422,18,36
normal_111,0,8,7.093632289252282,0,0,0,4,31.38530266519422,18,36
normal_111,0,10,8.030982186467966,0,0,0,4,31.38530266519422,18,36
normal_111,0,12,8.95219925969565,0,0,0,4,31.38530266519422,18,36
normal_111,0,14,8.579770751039264,0,0,0,4,31.38530266519422,18,36
normal_111,0,16,8.557992005584598,0,0,0,4,31.38530266519422,18,36
normal_111,0,18,14.427427542823784,0,0,0,4,31.38530266519422,18,36
normal_117,0,0,11.70157393901811,0,0,0,4,31.38530266519422,18,36
normal_117,0,2,11.734423770345566,0,0,0,4,31.38530266519422,18,36
normal_117,0,4,13.399426060069679,0,0,0,4,31.38530266519422,18,36
normal_117,0,6,13.683107618556438,0,0,0,4,31.38530266519422,18,36
normal_117,0,8,12.152692444518479,0,0,0,4,31.38530266519422,18,36
normal_117,0,10,12.048957185085763,0,0,0,4,31.38530266519422,18,36
normal_117,0,12,12.958255739694708,0,0,0,4,31.38530266519422,18,36
normal_117,0,14,13.701987409032114,0,0,0,4,31.38530266519422,18,36
normal_117,0,16,12.185699767841156,0,0,0,4,31.38530266519422,18,36
normal_117,0,18,13.10913372990424,0,0,0,4,31.38530266519422,18,36
normal_117,0,20,12.336403575172877,0,0,0,4,31.38530266519422,18,36
normal_117,0,22,7.123562258666161,0,0,0,4,31.38530266519422,18,36
normal_127,0,0,6.920324005015557,0,0,0,4,31.38530266519422,18,36
normal_127,0,2,9.27149012754645,0,0,0,4,31.38530266519422,18,36
normal_127,0,4,8.010918049595736,0,0,0,4,31.38530266519422,18,36
normal_127,0,6,10.109426082006346,0,0,0,4,31.38530266519422,18,36
normal_127,0,8,4.002583115598954,0,0,0,4,31.38530266519422,18,36
normal_127,0,10,3.307349000105063,0,0,0,4,31.38530266519422,18,36
normal_127,0,12,5.967417837649386,0,0,0,4,31.38530266519422,18,36
normal_127,0,14,8.220218773749158,0,0,0,4,31.38530266519422,18,36
normal_127,0,16,8.03888197200168,0,0,0,4,31.38530266519422,18,36
normal_127,0,18,5.78202801166959,0,0,0,4,31.38530266519422,18,36
normal_127,0,20,6.1093538363416044,0,0,0,4,31.38530266519422,18,36
normal_127,0,22,9.60872259132665,0,0,0,4,31.38530266519422,18,36
normal_127,0,24,10.061225748359814,0,0,0,4,31.38530266519422,18,36
normal_127,0,26,8.552651714286313,0,0,0,4,31.38530266519422,18,36
normal_127,0,28,5.475820624528313,0,0,0,4,31.38530266519422,18,36
normal_127,0,30,10.130495467180786,0,0,0,4,31.38530266519422,18,36
normal_127,0,32,7.584549962659227,0,0,0,4,31.38530266519422,18,36
normal_127,0,34,6.064527245399721,0,0,0,4,31.38530266519422,18,36
normal_127,0,36,3.561417636403715,0,0,0,4,31.38530266519422,18,36
normal_127,0,38,4.978045099183463,0,0,0,4,31.38530266519422,18,36
normal_127,0,40,6.198887942830179,0,0,0,4,31.38530266519422,18,36
normal_127,0,42,4.956681637535113,0,0,0,4,31.38530266519422,18,36
normal_127,0,44,4.384039930289119,0,0,0,4,31.38530266519422,18,36
normal_129,0,0,17.169791523755933,0,0,0,4,31.38530266519422,18,36
normal_129,0,2,16.39135229353353,0,0,0,4,31.38530266519422,18,36
normal_129,0,4,14.726531907387987,0,0,0,4,31.38530266519422,18,36
normal_129,0,6,13.668376578506752,0,0,0,4,31.38530266519422,18,36
normal_129,0,8,14.431524987937154,0,0,0,4,31.38530266519422,18,36
normal_129,0,10,15.86602013553242,0,0,0,4,31.38530266519422,18,36
normal_129,0,12,14.701943887309993,0,0,0,4,31.38530266519422,18,36
normal_129,0,14,12.902350616421579,0,0,0,4,31.38530266519422,18,36
normal_129,0,16,13.057614578280354,0,0,0,4,31.38530266519422,18,36
normal_129,0,18,13.735309865242543,0,0,0,4,31.38530266519422,18,36
normal_129,0,20,11.949270375761444,0,0,0,4,31.38530266519422,18,36
normal_129,0,22,9.468327320883052,0,0,0,4,31.38530266519422,18,36
normal_129,0,24,11.11622913648967,0,0,0,4,31.38530266519422,18,36
normal_129,0,26,12.551392840786471,0,0,0,4,31.38530266519422,18,36
normal_129,0,28,15.960165193763414,0,0,0,4,31.38530266519422,18,36
normal_129,0,30,12.968650062688766,0,0,0,4,31.38530266519422,18,36
normal_132,0,0,5.0806225923303225,0,0,0,4,31.38530266519422,18,36
normal_132,0,2,5.650420987011614,0,0,0,4,31.38530266519422,18,36
normal_132,0,4,6.993631800996306,0,0,0,4,31.38530266519422,18,36
normal_132,0,6,4.972392938018119,0,0,0,4,31.38530266519422,18,36
normal_132,0,8,5.149925908803824,0,0,0,4,31.38530266519422,18,36
normal_132,0,10,6.720756732435153,0,0,0,4,31.38530266519422,18,36
normal_132,0,12,3.561911102126882,0,0,0,4,31.38530266519422,18,36
normal_132,0,14,4.79899335071084,0,0,0,4,31.38530266519422,18,36
normal_132,0,16,6.803187028944783,0,0,0,4,31.38530266519422,18,36
normal_132,0,18,6.403664167325777,0,0,0,4,31.38530266519422,18,36
normal_132,0,20,3.5102545096234175,0,0,0,4,31.38530266519422,18,36
normal_132,0,22,3.796912364009175,0,0,0,4,31.38530266519422,18,36
normal_132,0,24,4.793444561602828,0,0,0,4,31.38530266519422,18,36
normal_132,0,26,9.43471839899368,0,0,0,4,31.38530266519422,18,36
normal_132,0,28,7.099356332821636,0,0,0,4,31.38530266519422,18,36
normal_132,0,30,8.157717564375508,0,0,0,4,31.38530266519422,18,36
normal_132,0,32,4.944604304388555,0,0,0,4,31.38530266519422,18,36
normal_132,0,34,6.189499825149356,0,0,0,4,31.38530266519422,18,36
normal_132,0,36,5.37612154911176,0,0,0,4,31.38530266519422,18,36
normal_132,0,38,4.454617985555483,0,0,0,4,31.38530266519422,18,36
normal_132,0,40,5.604027862803369,0,0,0,4,31.38530266519422,18,36
normal_132,0,42,8.507076814093164,0,0,0,4,31.38530266519422,18,36
normal_132,0,44,4.152484543541228,0,0,0,4,31.38530266519422,18,36
normal_133,0,0,11.711080239657022,0,0,0,4,31.38530266519422,18,36
normal_133,0,2,11.585443340847844,0,0,0,4,31.38530266519422,18,36
normal_133,0,4,6.817453200463327,0,0,0,4,31.38530266519422,18,36
normal_133,0,6,8.228885585246008,0,0,0,4,31.38530266519422,18,36
normal_133,0,8,8.58210395326603,0,0,0,4,31.38530266519422,18,36
normal_133,0,10,6.535479072216934,0,0,0,4,31.38530266519422,18,36
normal_133,0,12,6.709431579541644,0,0,0,4,31.38530266519422,18,36
normal_133,0,14,7.618602559617922,0,0,0,4,31.38530266519422,18,36
normal_133,0,16,8.641037467840135,0,0,0,4,31.38530266519422,18,36
normal_133,0,18,7.025792381066027,0,0,0,4,31.38530266519422,18,36
normal_133,0,20,6.124925930426053,0,0,0,4,31.38530266519422,18,36
normal_133,0,22,9.8225292518987,0,0,0,4,31.38530266519422,18,36
normal_133,0,24,6.594938335644818,0,0,0,4,31.38530266519422,18,36
normal_133,0,26,7.519092138498409,0,0,0,4,31.38530266519422,18,36
normal_133,0,28,9.87637132247872,0,0,0,4,31.38530266519422,18,36
normal_133,0,30,13.313501353826085,0,0,0,4,31.38530266519422,18,36
normal_133,0,32,11.438052236383822,0,0,0,4,31.38530266519422,18,36
normal_133,0,34,11.881868072875637,0,0,0,4,31.38530266519422,18,36
normal_133,0,36,12.570097177508933,0,0,0,4,31.38530266519422,18,36
normal_133,0,38,9.326579117975083,0,0,0,4,31.38530266519422,18,36
normal_133,0,40,8.787251520673443,0,0,0,4,31.38530266519422,18,36
normal_133,0,42,23.122239165605276,0,0,0,4,31.38530266519422,18,36
normal_133,0,44,12.023041739895376,0,0,0,4,31.38530266519422,18,36
normal_134,0,0,17.961773348337466,0,0,0,4,31.38530266519422,18,36
normal_134,0,2,18.461201896484866,0,0,0,4,31.38530266519422,18,36
normal_134,0,4,17.495109238914434,0,0,0,4,31.38530266519422,18,36
normal_134,0,6,16.23283784770055,0,0,0,4,31.38530266519422,18,36
normal_134,0,8,18.22475625775432,0,0,0,4,31.38530266519422,18,36
normal_134,0,10,18.026994305485353,0,0,0,4,31.38530266519422,18,36
normal_134,0,12,16.584146893507064,0,0,0,4,31.38530266519422,18,36
normal_134,0,14,15.84874958156855,0,0,0,4,31.38530266519422,18,36
normal_134,0,16,20.589659381137146,0,0,0,4,31.38530266519422,18,36
normal_134,0,18,23.433298808725773,0,0,0,4,31.38530266519422,18,36
normal_134,0,20,18.374657908411137,0,0,0,4,31.38530266519422,18,36
normal_134,0,22,21.22136157442106,0,0,0,4,31.38530266519422,18,36
normal_134,0,24,22.302531533440387,0,0,0,4,31.38530266519422,18,36
normal_134,0,26,18.099722825121347,0,0,0,4,31.38530266519422,18,36
normal_134,0,28,15.49827672987284,0,0,0,4,31.38530266519422,18,36
normal_134,0,30,18.24050919088183,0,0,0,4,31.38530266519422,18,36
normal_137,0,0,11.098251086114395,0,0,0,4,31.38530266519422,18,36
normal_137,0,2,11.245392116267771,0,0,0,4,31.38530266519422,18,36
normal_137,0,4,12.312171008276184,0,0,0,4,31.38530266519422,18,36
normal_137,0,6,13.168424819897872,0,0,0,4,31.38530266519422,18,36
normal_137,0,8,10.8787360371281,0,0,0,4,31.38530266519422,18,36
normal_137,0,10,10.12598639174562,0,0,0,4,31.38530266519422,18,36
normal_137,0,12,9.195330371343548,0,0,0,4,31.38530266519422,18,36
normal_137,0,14,9.000588781718314,0,0,0,4,31.38530266519422,18,36
normal_137,0,16,9.855151749675343,0,0,0,4,31.38530266519422,18,36
normal_137,0,18,9.298285390222741,0,0,0,4,31.38530266519422,18,36
normal_137,0,20,7.952172024927447,0,0,0,4,31.38530266519422,18,36
normal_137,0,22,12.680435543679183,0,0,0,4,31.38530266519422,18,36
normal_137,0,24,13.065277000989107,0,0,0,4,31.38530266519422,18,36
normal_137,0,26,12.11854511830064,0,0,0,4,31.38530266519422,18,36
normal_137,0,28,11.098736728531817,0,0,0,4,31.38530266519422,18,36
normal_137,0,30,9.066270011744864,0,0,0,4,31.38530266519422,18,36
normal_137,0,32,12.364401893968633,0,0,0,4,31.38530266519422,18,36
normal_137,0,34,9.717596344179876,0,0,0,4,31.38530266519422,18,36
normal_137,0,36,10.934722907992368,0,0,0,4,31.38530266519422,18,36
normal_137,0,38,11.18248412921891,0,0,0,4,31.38530266519422,18,36
normal_137,0,40,13.921930299962163,0,0,0,4,31.38530266519422,18,36
normal_137,0,42,10.74534691248157,0,0,0,4,31.38530266519422,18,36
normal_137,0,44,12.775421570649767,0,0,0,4,31.38530266519422,18,36
normal_140,0,0,5.695792703960615,0,0,0,4,31.38530266519422,18,36
normal_140,0,2,7.057253436353233,0,0,0,4,31.38530266519422,18,36
normal_140,0,4,8.383240552302452,0,0,0,4,31.38530266519422,18,36
normal_140,0,6,6.260669716064211,0,0,0,4,31.38530266519422,18,36
normal_140,0,8,8.509147138664291,0,0,0,4,31.38530266519422,18,36
normal_140,0,10,9.783493538033108,0,0,0,4,31.38530266519422,18,36
normal_140,0,12,9.63710195403141,0,0,0,4,31.38530266519422,18,36
normal_140,0,14,9.486825340847059,0,0,0,4,31.38530266519422,18,36
normal_140,0,16,8.96953711635066,0,0,0,4,31.38530266519422,18,36
normal_140,0,18,10.966166929564475,0,0,0,4,31.38530266519422,18,36
normal_140,0,20,9.227350301727977,0,0,0,4,31.38530266519422,18,36
normal_140,0,22,6.9287038514735855,0,0,0,4,31.38530266519422,18,36
normal_140,0,24,8.729425865231976,0,0,0,4,31.38530266519422,18,36
normal_140,0,26,8.485455182393839,0,0,0,4,31.38530266519422,18,36
normal_140,0,28,11.802804328833078,0,0,0,4,31.38530266519422,18,36
normal_140,0,30,11.865057568156153,0,0,0,4,31.38530266519422,18,36
normal_155,0,0,9.47645353840127,0,0,0,4,31.38530266519422,18,36
normal_155,0,2,9.962183379278562,0,0,0,4,31.38530266519422,18,36
normal_155,0,4,7.171305796831836,0,0,0,4,31.38530266519422,18,36
normal_155,0,6,8.25252011629311,0,0,0,4,31.38530266519422,18,36
normal_155,0,8,4.908811183893188,0,0,0,4,31.38530266519422,18,36
normal_155,0,10,5.144438598229013,0,0,0,4,31.38530266519422,18,36
normal_155,0,12,3.67194232787405,0,0,0,4,31.38530266519422,18,36
normal_155,0,14,4.228698014659164,0,0,0,4,31.38530266519422,18,36
normal_155,0,16,4.536554994129566,0,0,0,4,31.38530266519422,18,36
normal_155,0,18,6.8964585790537,0,0,0,4,31.38530266519422,18,36
normal_155,0,20,7.9599128310069345,0,0,0,4,31.38530266519422,18,36
normal_155,0,22,7.3397720202787085,0,0,0,4,31.38530266519422,18,36
normal_155,0,24,8.895738684747839,0,0,0,4,31.38530266519422,18,36
normal_155,0,26,10.638854252768361,0,0,0,4,31.38530266519422,18,36
normal_155,0,28,9.670204766383518,0,0,0,4,31.38530266519422,18,36
normal_155,0,30,11.662558524643238,0,0,0,4,31.38530266519422,18,36
normal_155,0,32,10.072054946898696,0,0,0,4,31.38530266519422,18,36
normal_155,0,34,10.351990822961525,0,0,0,4,31.38530266519422,18,36
normal_155,0,36,9.522433984710558,0,0,0,4,31.38530266519422,18,36
normal_155,0,38,12.30636214196847,0,0,0,4,31.38530266519422,18,36
normal_155,0,40,8.92861935061995,0,0,0,4,31.38530266519422,18,36
normal_155,0,42,8.320547780549827,0,0,0,4,31.38530266519422,18,36
normal_156,0,0,15.490931103326409,0,0,0,4,31.38530266519422,18,36
normal_156,0,2,14.605669511823795,0,0,0,4,31.38530266519422,18,36
normal_156,0,4,14.52850846112158,0,0,0,4,31.38530266519422,18,36
normal_156,0,6,12.673322989337448,0,0,0,4,31.38530266519422,18,36
normal_156,0,8,13.183291700397541,0,0,0,4,31.38530266519422,18,36
normal_156,0,10,15.838509151261084,0,0,0,4,31.38530266519422,18,36
normal_156,0,12,15.988840355655878,0,0,0,4,31.38530266519422,18,36
normal_156,0,14,14.393229783484982,0,0,0,4,31.38530266519422,18,36
normal_156,0,16,23.643616432387496,0,0,0,4,31.38530266519422,18,36
normal_156,0,18,24.167414515265122,0,0,0,4,31.38530266519422,18,36
normal_156,0,20,24.173195729604235,0,0,0,4,31.38530266519422,18,36
normal_156,0,22,17.572430681704763,0,0,0,4,31.38530266519422,18,36
normal_156,0,24,19.387788981584535,0,0,0,4,31.38530266519422,18,36
normal_156,0,26,17.80963707923685,0,0,0,4,31.38530266519422,18,36
normal_156,0,28,14.812076549376405,0,0,0,4,31.38530266519422,18,36
normal_165,0,0,5.4502001341238335,0,0,0,4,31.38530266519422,18,36
normal_165,0,2,6.052780987200474,0,0,0,4,31.38530266519422,18,36
normal_165,0,4,11.376570652796824,0,0,0,4,31.38530266519422,18,36
normal_165,0,6,7.063131830572906,0,0,0,4,31.38530266519422,18,36
normal_165,0,8,7.898929070255061,0,0,0,4,31.38530266519422,18,36
normal_165,0,10,13.85686131316542,0,0,0,4,31.38530266519422,18,36
normal_165,0,12,20.641945943798376,0,0,0,4,31.38530266519422,18,36
normal_165,0,14,24.36218629668305,0,0,0,4,31.38530266519422,18,36
normal_165,0,16,18.58013110638696,0,0,0,4,31.38530266519422,18,36
normal_165,0,18,21.58183665780791,0,0,0,4,31.38530266519422,18,36
normal_165,0,20,23.407642984835135,0,0,0,4,31.38530266519422,18,36
normal_165,0,22,15.14903624144573,0,0,0,4,31.38530266519422,18,36
normal_165,0,24,11.314814832652957,0,0,0,4,31.38530266519422,18,36
normal_165,0,26,11.38754142257961,0,0,0,4,31.38530266519422,18,36
normal_165,0,28,10.443944378787364,0,0,0,4,31.38530266519422,18,36
normal_165,0,30,9.703869191402662,0,0,0,4,31.38530266519422,18,36
normal_165,0,32,12.951613954761292,0,0,0,4,31.38530266519422,18,36
normal_165,0,34,8.216425411476418,0,0,0,4,31.38530266519422,18,36
normal_165,0,36,12.160435894479377,0,0,0,4,31.38530266519422,18,36
normal_165,0,38,11.309532263008416,0,0,0,4,31.38530266519422,18,36
normal_165,0,40,13.02005714637914,0,0,0,4,31.38530266519422,18,36
normal_165,0,42,11.975063547523114,0,0,0,4,31.38530266519422,18,36
normal_165,0,44,20.489999099533872,0,0,0,4,31.38530266519422,18,36
normal_170,0,0,9.736022385586292,0,0,0,4,31.38530266519422,18,36
normal_170,0,2,16.983069304948927,0,0,0,4,31.38530266519422,18,36
normal_170,0,4,16.384199590064934,0,0,0,4,31.38530266519422,18,36
normal_170,0,6,16.192665511343016,0,0,0,4,31.38530266519422,18,36
normal_170,0,8,14.481746035261276,0,0,0,4,31.38530266519422,18,36
normal_170,0,10,18.812740495818762,0,0,0,4,31.38530266519422,18,36
normal_170,0,12,20.36115316046566,0,0,0,4,31.38530266519422,18,36
normal_170,0,14,7.213440342571321,0,0,0,4,31.38530266519422,18,36
normal_170,0,16,4.337518834807293,0,0,0,4,31.38530266519422,18,36
normal_170,0,18,4.365873757298264,0,0,0,4,31.38530266519422,18,36
normal_170,0,20,5.592499179250074,0,0,0,4,31.38530266519422,18,36
normal_170,0,22,7.668097906275145,0,0,0,4,31.38530266519422,18,36
normal_170,0,24,6.825393431382181,0,0,0,4,31.38530266519422,18,36
normal_170,0,26,7.604797800507606,0,0,0,4,31.38530266519422,18,36
normal_170,0,28,9.062178840435028,0,0,0,4,31.38530266519422,18,36
normal_170,0,30,12.990710535119334,0,0,0,4,31.38530266519422,18,36
normal_170,0,32,11.513109003692634,0,0,0,4,31.38530266519422,18,36
normal_170,0,34,9.134405079968062,0,0,0,4,31.38530266519422,18,36
normal_170,0,36,16.635997339726647,0,0,0,4,31.38530266519422,18,36
normal_170,0,38,13.52019399967543,0,0,0,4,31.38530266519422,18,36
normal_170,0,40,11.896924047342743,0,0,0,4,31.38530266519422,18,36
normal_170,0,42,11.45219635031175,0,0,0,4,31.38530266519422,18,36
normal_170,0,44,10.187875873699298,0,0,0,4,31.38530266519422,18,36
normal_180,0,0,11.577849469050937,0,0,0,4,31.38530266519422,18,36
normal_180,0,2,13.182294347664408,0,0,0,4,31.38530266519422,18,36
normal_180,0,4,13.292353118043374,0,0,0,4,31.38530266519422,18,36
normal_180,0,6,16.86257999043486,0,0,0,4,31.38530266519422,18,36
normal_180,0,8,16.265301234775688,0,0,0,4,31.38530266519422,18,36
normal_180,0,10,16.813183829042046,0,0,0,4,31.38530266519422,18,36
normal_180,0,12,17.198080709354063,0,0,0,4,31.38530266519422,18,36
normal_180,0,14,17.255521618171866,0,0,0,4,31.38530266519422,18,36
normal_184,0,0,4.003065884725565,0,0,0,4,31.38530266519422,18,36
normal_184,0,2,6.084964111733038,0,0,0,4,31.38530266519422,18,36
normal_184,0,4,14.381653878554683,0,0,0,4,31.38530266519422,18,36
normal_184,0,6,8.113840297164511,0,0,0,4,31.38530266519422,18,36
normal_184,0,8,8.235543659163092,0,0,0,4,31.38530266519422,18,36
normal_184,0,10,5.050698635374443,0,0,0,4,31.38530266519422,18,36
normal_184,0,12,6.571296568840733,0,0,0,4,31.38530266519422,18,36
normal_184,0,14,6.3445837493641815,0,0,0,4,31.38530266519422,18,36
normal_184,0,16,10.28479412706,0,0,0,4,31.38530266519422,18,36
normal_184,0,18,11.570478450892919,0,0,0,4,31.38530266519422,18,36
normal_184,0,20,11.42011205844163,0,0,0,4,31.38530266519422,18,36
normal_184,0,22,5.8888911861035105,0,0,0,4,31.38530266519422,18,36
normal_184,0,24,4.732341786704863,0,0,0,4,31.38530266519422,18,36
normal_184,0,26,8.29150762378542,0,0,0,4,31.38530266519422,18,36
normal_194,0,0,20.56149826432039,0,0,0,4,31.38530266519422,18,36
normal_194,0,2,14.735480284747695,0,0,0,4,31.38530266519422,18,36
normal_194,0,4,12.825612546619897,0,0,0,4,31.38530266519422,18,36
normal_194,0,6,9.631577776569566,0,0,0,4,31.38530266519422,18,36
normal_194,0,8,14.858451953301847,0,0,0,4,31.38530266519422,18,36
normal_194,0,10,14.553484709633025,0,0,0,4,31.38530266519422,18,36
normal_194,0,12,20.67752705830865,0,0,0,4,31.38530266519422,18,36
normal_194,0,14,22.18012046474475,0,0,0,4,31.38530266519422,18,36
normal_194,0,16,19.24597217218809,0,0,0,4,31.38530266519422,18,36
normal_194,0,18,17.547091135919686,0,0,0,4,31.38530266519422,18,36
normal_194,0,20,18.59717779881545,0,0,0,4,31.38530266519422,18,36
normal_194,0,22,15.143608774822422,0,0,0,4,31.38530266519422,18,36
normal_194,0,24,14.231334504394473,0,0,0,4,31.38530266519422,18,36
normal_194,0,26,10.969787796803303,0,0,0,4,31.38530266519422,18,36
normal_194,0,28,12.693342615806756,0,0,0,4,31.38530266519422,18,36
normal_194,0,30,11.598173300990526,0,0,0,4,31.38530266519422,18,36
normal_194,0,32,13.775461717094503,0,0,0,4,31.38530266519422,18,36
normal_194,0,34,13.575582507329548,0,0,0,4,31.38530266519422,18,36
normal_194,0,36,15.342503776463285,0,0,0,4,31.38530266519422,18,36
normal_194,0,38,15.579514335850892,0,0,0,4,31.38530266519422,18,36
normal_194,0,40,16.797453030919822,0,0,0,4,31.38530266519422,18,36
normal_194,0,42,19.93487645274654,0,0,0,4,31.38530266519422,18,36
normal_194,0,44,18.875654245814168,0,0,0,4,31.38530266519422,18,36
normal_201,0,0,5.123980515884394,0,0,0,4,31.38530266519422,18,36
normal_201,0,2,2.3611535093011446,0,0,0,4,31.38530266519422,18,36
normal_201,0,4,4.009004816849025,0,0,0,4,31.38530266519422,18,36
normal_201,0,6,5.528680477060724,0,0,0,4,31.38530266519422,18,36
normal_201,0,8,4.961836618965799,0,0,0,4,31.38530266519422,18,36
normal_201,0,10,2.4589496976585288,0,0,0,4,31.38530266519422,18,36
normal_201,0,12,3.8745025128285264,0,0,0,4,31.38530266519422,18,36
normal_201,0,14,8.844366741432637,0,0,0,4,31.38530266519422,18,36
normal_201,0,16,6.035282202527182,0,0,0,4,31.38530266519422,18,36
normal_201,0,18,5.108437030013888,0,0,0,4,31.38530266519422,18,36
normal_201,0,20,4.440483039997116,0,0,0,4,31.38530266519422,18,36
normal_201,0,22,4.885181913820554,0,0,0,4,31.38530266519422,18,36
normal_201,0,24,4.787249268251598,0,0,0,4,31.38530266519422,18,36
normal_201,0,26,5.192372559979534,0,0,0,4,31.38530266519422,18,36
normal_201,0,28,5.067619192804003,0,0,0,4,31.38530266519422,18,36
normal_222,0,0,23.53847064436497,0,0,0,4,31.38530266519422,18,36
normal_222,0,2,20.47530837017121,0,0,0,4,31.38530266519422,18,36
normal_222,0,4,15.883649322969163,0,0,0,4,31.38530266519422,18,36
normal_222,0,6,15.638541296644325,0,0,0,4,31.38530266519422,18,36
normal_222,0,8,16.263256621151722,0,0,0,4,31.38530266519422,18,36
normal_222,0,10,14.53464977706287,0,0,0,4,31.38530266519422,18,36
normal_222,0,12,17.248992076376194,0,0,0,4,31.38530266519422,18,36
normal_222,0,14,19.782187351952913,0,0,0,4,31.38530266519422,18,36
normal_222,0,16,20.7504180130836,0,0,0,4,31.38530266519422,18,36
normal_222,0,18,14.899486311692556,0,0,0,4,31.38530266519422,18,36
normal_222,0,20,17.099138194486486,0,0,0,4,31.38530266519422,18,36
normal_222,0,22,18.08765986886653,0,0,0,4,31.38530266519422,18,36
normal_222,0,24,14.270863946989827,0,0,0,4,31.38530266519422,18,36
normal_222,0,26,19.9123053220893,0,0,0,4,31.38530266519422,18,36
normal_222,0,28,21.785398365476244,0,0,0,4,31.38530266519422,18,36
normal_222,0,30,17.3743493404457,0,0,0,4,31.38530266519422,18,36
normal_222,0,32,17.398435355395048,0,0,0,4,31.38530266519422,18,36
normal_222,0,34,17.671297251160734,0,0,0,4,31.38530266519422,18,36
normal_222,0,36,15.268800761106608,0,0,0,4,31.38530266519422,18,36
normal_222,0,38,17.67962913414877,0,0,0,4,31.38530266519422,18,36
normal_222,0,40,18.17781206035498,0,0,0,4,31.38530266519422,18,36
normal_222,0,42,22.382051700427123,0,0,0,4,31.38530266519422,18,36
normal_222,0,44,21.608364849610084,0,0,0,4,31.38530266519422,18,36
normal_230,0,0,9.536219302316326,0,0,0,4,31.38530266519422,18,36
normal_230,0,2,7.441239647237404,0,0,0,4,31.38530266519422,18,36
normal_230,0,4,8.646838302612961,0,0,0,4,31.38530266519422,18,36
normal_230,0,6,10.064854687730453,0,0,0,4,31.38530266519422,18,36
normal_230,0,8,15.730645989513157,0,0,0,4,31.38530266519422,18,36
normal_230,0,10,13.693083065136985,0,0,0,4,31.38530266519422,18,36
normal_230,0,12,14.920496094207774,0,0,0,4,31.38530266519422,18,36
normal_230,0,14,15.418637003679054,0,0,0,4,31.38530266519422,18,36
normal_230,0,16,15.227455128232616,0,0,0,4,31.38530266519422,18,36
normal_230,0,18,11.977272494644032,0,0,0,4,31.38530266519422,18,36
normal_230,0,20,11.49634685097401,0,0,0,4,31.38530266519422,18,36
normal_230,0,22,8.932826692619694,0,0,0,4,31.38530266519422,18,36
normal_230,0,24,9.993261206442696,0,0,0,4,31.38530266519422,18,36
normal_230,0,26,9.992255355626973,0,0,0,4,31.38530266519422,18,36
normal_230,0,28,8.01997149141464,0,0,0,4,31.38530266519422,18,36
normal_230,0,30,11.308821370979835,0,0,0,4,31.38530266519422,18,36
normal_230,0,32,12.41561580322409,0,0,0,4,31.38530266519422,18,36
normal_230,0,34,11.152824717993159,0,0,0,4,31.38530266519422,18,36
normal_230,0,36,11.634721735423504,0,0,0,4,31.38530266519422,18,36
normal_230,0,38,11.636374889345484,0,0,0,4,31.38530266519422,18,36
normal_234,0,0,13.57750811358271,0,0,0,4,31.38530266519422,18,36
normal_234,0,2,7.396308362131854,0,0,0,4,31.38530266519422,18,36
normal_234,0,4,12.016292178269662,0,0,0,4,31.38530266519422,18,36
normal_234,0,6,10.627853894265119,0,0,0,4,31.38530266519422,18,36
normal_234,0,8,10.954564371443976,0,0,0,4,31.38530266519422,18,36
normal_234,0,10,9.123571367531358,0,0,0,4,31.38530266519422,18,36
normal_234,0,12,10.900024470711834,0,0,0,4,31.38530266519422,18,36
normal_234,0,14,11.977472951349517,0,0,0,4,31.38530266519422,18,36
normal_234,0,16,9.992260616350935,0,0,0,4,31.38530266519422,18,36
normal_234,0,18,8.918655956576439,0,0,0,4,31.38530266519422,18,36
normal_234,0,20,8.325848223689695,0,0,0,4,31.38530266519422,18,36
normal_234,0,22,10.45910775672691,0,0,0,4,31.38530266519422,18,36
normal_234,0,24,9.398069549839136,0,0,0,4,31.38530266519422,18,36
normal_234,0,26,9.509380392114993,0,0,0,4,31.38530266519422,18,36
normal_234,0,28,9.189560434028763,0,0,0,4,31.38530266519422,18,36
normal_234,0,30,9.973469821806132,0,0,0,4,31.38530266519422,18,36
normal_234,0,32,9.574426713238626,0,0,0,4,31.38530266519422,18,36
normal_234,0,34,11.653338305891475,0,0,0,4,31.38530266519422,18,36
normal_234,0,36,10.177992796550557,0,0,0,4,31.38530266519422,18,36
normal_234,0,38,10.370249145531325,0,0,0,4,31.38530266519422,18,36
normal_234,0,40,7.264651244687196,0,0,0,4,31.38530266519422,18,36
normal_234,0,42,5.258353264979792,0,0,0,4,31.38530266519422,18,36
normal_234,0,44,12.561295348716818,0,0,0,4,31.38530266519422,18,36
normal_240,0,0,10.992326912892427,0,0,0,4,31.38530266519422,18,36
normal_240,0,2,9.402404529232193,0,0,0,4,31.38530266519422,18,36
normal_240,0,4,9.073848668065464,0,0,0,4,31.38530266519422,18,36
normal_240,0,6,11.430721664618398,0,0,0,4,31.38530266519422,18,36
normal_240,0,8,12.35856449493688,0,0,0,4,31.38530266519422,18,36
normal_240,0,10,12.489329373686944,0,0,0,4,31.38530266519422,18,36
normal_240,0,12,10.983816836453501,0,0,0,4,31.38530266519422,18,36
normal_240,0,14,10.867664068884325,0,0,0,4,31.38530266519422,18,36
normal_240,0,16,14.715567683232399,0,0,0,4,31.38530266519422,18,36
normal_240,0,18,16.0886851861982,0,0,0,4,31.38530266519422,18,36
normal_240,0,20,13.64256132775578,0,0,0,4,31.38530266519422,18,36
normal_240,0,22,10.641578886013306,0,0,0,4,31.38530266519422,18,36
normal_240,0,24,13.935392469028441,0,0,0,4,31.38530266519422,18,36
normal_240,0,26,13.196577248634625,0,0,0,4,31.38530266519422,18,36
normal_240,0,28,9.057550804855786,0,0,0,4,31.38530266519422,18,36
normal_240,0,30,8.935540429432669,0,0,0,4,31.38530266519422,18,36
normal_240,0,32,11.22601900562463,0,0,0,4,31.38530266519422,18,36
normal_240,0,34,11.975672999697682,0,0,0,4,31.38530266519422,18,36
normal_240,0,36,13.465479077070668,0,0,0,4,31.38530266519422,18,36
normal_240,0,38,11.019779949103247,0,0,0,4,31.38530266519422,18,36
normal_240,0,40,11.40533269256336,0,0,0,4,31.38530266519422,18,36
normal_240,0,42,9.943823578282721,0,0,0,4,31.38530266519422,18,36
normal_240,0,44,10.935874730938377,0,0,0,4,31.38530266519422,18,36
normal_242,0,0,17.5517384837783,0,0,0,4,31.38530266519422,18,36
normal_242,0,2,16.35438934328449,0,0,0,4,31.38530266519422,18,36
normal_242,0,4,17.04818564890959,0,0,0,4,31.38530266519422,18,36
normal_242,0,6,16.819834386356785,0,0,0,4,31.38530266519422,18,36
normal_242,0,8,15.994952496202608,0,0,0,4,31.38530266519422,18,36
normal_242,0,10,13.628410329786663,0,0,0,4,31.38530266519422,18,36
normal_242,0,12,13.354643932602054,0,0,0,4,31.38530266519422,18,36
normal_242,0,14,16.15978201071632,0,0,0,4,31.38530266519422,18,36
normal_242,0,16,15.751230936101557,0,0,0,4,31.38530266519422,18,36
normal_242,0,18,15.901160474219354,0,0,0,4,31.38530266519422,18,36
normal_242,0,20,17.858132580743273,0,0,0,4,31.38530266519422,18,36
normal_242,0,22,17.106939050683977,0,0,0,4,31.38530266519422,18,36
normal_242,0,24,18.884783135189938,0,0,0,4,31.38530266519422,18,36
normal_242,0,26,21.02537900807204,0,0,0,4,31.38530266519422,18,36
normal_242,0,28,21.782841922855134,0,0,0,4,31.38530266519422,18,36
normal_242,0,30,24.780200617882247,0,0,0,4,31.38530266519422,18,36
normal_242,0,32,22.549796229969402,0,0,0,4,31.38530266519422,18,36
normal_242,0,34,20.973378280076382,0,0,0,4,31.38530266519422,18,36
normal_242,0,36,18.67204254687159,0,0,0,4,31.38530266519422,18,36
normal_242,0,38,14.912113685302112,0,0,0,4,31.38530266519422,18,36
normal_252,0,0,12.18207997450548,0,0,0,4,31.38530266519422,18,36
normal_252,0,2,15.45198270414864,0,0,0,4,31.38530266519422,18,36
normal_252,0,4,15.840269026293376,0,0,0,4,31.38530266519422,18,36
normal_252,0,6,15.450184628419976,0,0,0,4,31.38530266519422,18,36
normal_252,0,8,18.262486314193843,0,0,0,4,31.38530266519422,18,36
normal_252,0,10,18.400510855197453,0,0,0,4,31.38530266519422,18,36
normal_252,0,12,16.940082143096696,0,0,0,4,31.38530266519422,18,36
normal_252,0,14,11.348039450589098,0,0,0,4,31.38530266519422,18,36
normal_252,0,16,10.362293314534455,0,0,0,4,31.38530266519422,18,36
normal_252,0,18,11.09360950044917,0,0,0,4,31.38530266519422,18,36
normal_252,0,20,13.927092544864493,0,0,0,4,31.38530266519422,18,36
normal_252,0,22,13.06845125941979,0,0,0,4,31.38530266519422,18,36
normal_252,0,24,15.217135647556765,0,0,0,4,31.38530266519422,18,36
normal_252,0,26,16.214988377678672,0,0,0,4,31.38530266519422,18,36
normal_252,0,28,16.331946694889858,0,0,0,4,31.38530266519422,18,36
normal_252,0,30,16.377571631040382,0,0,0,4,31.38530266519422,18,36
normal_252,0,32,14.451117682628057,0,0,0,4,31.38530266519422,18,36
normal_252,0,34,16.437153013243044,0,0,0,4,31.38530266519422,18,36
normal_252,0,36,14.182096836059403,0,0,0,4,31.38530266519422,18,36
normal_252,0,38,10.237790329155835,0,0,0,4,31.38530266519422,18,36
normal_252,0,40,6.788933934105713,0,0,0,4,31.38530266519422,18,36
normal_252,0,42,8.741434213187913,0,0,0,4,31.38530266519422,18,36
normal_252,0,44,11.076580737321072,0,0,0,4,31.38530266519422,18,36
normal_253,0,0,6.8009135154494915,0,0,0,4,31.38530266519422,18,36
normal_253,0,2,7.5556112456002955,0,0,0,4,31.38530266519422,18,36
normal_253,0,4,7.350234303220373,0,0,0,4,31.38530266519422,18,36
normal_253,0,6,10.457171386595098,0,0,0,4,31.38530266519422,18,36
normal_253,0,8,9.731493621869832,0,0,0,4,31.38530266519422,18,36
normal_253,0,10,6.886825745041086,0,0,0,4,31.38530266519422,18,36
normal_253,0,12,4.263599503279187,0,0,0,4,31.38530266519422,18,36
normal_253,0,14,4.748804208188896,0,0,0,4,31.38530266519422,18,36
normal_253,0,16,7.927174672164462,0,0,0,4,31.38530266519422,18,36
normal_253,0,18,7.847146833575765,0,0,0,4,31.38530266519422,18,36
normal_253,0,20,7.952816637225872,0,0,0,4,31.38530266519422,18,36
normal_253,0,22,7.637390119245781,0,0,0,4,31.38530266519422,18,36
normal_253,0,24,5.11339810356677,0,0,0,4,31.38530266519422,18,36
normal_253,0,26,5.742756328827896,0,0,0,4,31.38530266519422,18,36
normal_253,0,28,5.926149890551081,0,0,0,4,31.38530266519422,18,36
normal_253,0,30,6.067788564589651,0,0,0,4,31.38530266519422,18,36
normal_253,0,32,7.769432143667071,0,0,0,4,31.38530266519422,18,36
normal_253,0,34,6.1213598506952165,0,0,0,4,31.38530266519422,18,36
normal_253,0,36,6.415826634013094,0,0,0,4,31.38530266519422,18,36
normal_253,0,38,5.969601165190826,0,0,0,4,31.38530266519422,18,36
normal_253,0,40,5.634055076147093,0,0,0,4,31.38530266519422,18,36
normal_253,0,42,6.83626998095386,0,0,0,4,31.38530266519422,18,36
normal_253,0,44,7.272156792594839,0,0,0,4,31.38530266519422,18,36
normal_272,0,0,12.346158847818378,0,0,0,4,31.38530266519422,18,36
normal_272,0,2,11.964399361180874,0,0,0,4,31.38530266519422,18,36
normal_272,0,4,12.368888716247836,0,0,0,4,31.38530266519422,18,36
normal_272,0,6,16.713280506701643,0,0,0,4,31.38530266519422,18,36
normal_272,0,8,17.386468381847564,0,0,0,4,31.38530266519422,18,36
normal_272,0,10,14.966930566550117,0,0,0,4,31.38530266519422,18,36
normal_272,0,12,9.481639921917102,0,0,0,4,31.38530266519422,18,36
normal_272,0,14,11.127554573576104,0,0,0,4,31.38530266519422,18,36
normal_272,0,16,12.51754293291981,0,0,0,4,31.38530266519422,18,36
normal_272,0,18,12.583703352949396,0,0,0,4,31.38530266519422,18,36
normal_272,0,20,13.62614241002736,0,0,0,4,31.38530266519422,18,36
normal_272,0,22,16.334412249416246,0,0,0,4,31.38530266519422,18,36
normal_272,0,24,16.903533964179296,0,0,0,4,31.38530266519422,18,36
normal_272,0,26,16.913296086200166,0,0,0,4,31.38530266519422,18,36
normal_272,0,28,14.594500947301498,0,0,0,4,31.38530266519422,18,36
normal_272,0,30,16.725041833638745,0,0,0,4,31.38530266519422,18,36
normal_272,0,32,15.688016341769659,0,0,0,4,31.38530266519422,18,36
normal_272,0,34,19.077886531673133,0,0,0,4,31.38530266519422,18,36
normal_272,0,36,12.955846957356664,0,0,0,4,31.38530266519422,18,36
normal_272,0,38,12.446660230122728,0,0,0,4,31.38530266519422,18,36
normal_272,0,40,9.108892892325219,0,0,0,4,31.38530266519422,18,36
normal_272,0,42,8.308357857492453,0,0,0,4,31.38530266519422,18,36
normal_272,0,44,9.557390871795022,0,0,0,4,31.38530266519422,18,36
normal_274,0,0,7.916341616438113,0,0,0,4,31.38530266519422,18,36
normal_274,0,2,9.245267851221158,0,0,0,4,31.38530266519422,18,36
normal_274,0,4,9.177645499783189,0,0,0,4,31.38530266519422,18,36
normal_274,0,6,8.850557572977852,0,0,0,4,31.38530266519422,18,36
normal_274,0,8,10.22260110154819,0,0,0,4,31.38530266519422,18,36
normal_274,0,10,10.373589896633769,0,0,0,4,31.38530266519422,18,36
normal_274,0,12,13.985756635872377,0,0,0,4,31.38530266519422,18,36
normal_274,0,14,12.205502913169436,0,0,0,4,31.38530266519422,18,36
normal_274,0,16,12.904322104812838,0,0,0,4,31.38530266519422,18,36
normal_274,0,18,12.417305133782595,0,0,0,4,31.38530266519422,18,36
normal_274,0,20,13.917590798053507,0,0,0,4,31.38530266519422,18,36
normal_274,0,22,8.609587035683067,0,0,0,4,31.38530266519422,18,36
normal_274,0,24,12.450880286463367,0,0,0,4,31.38530266519422,18,36
normal_274,0,26,10.233576729793569,0,0,0,4,31.38530266519422,18,36
normal_274,0,28,9.652404580946133,0,0,0,4,31.38530266519422,18,36
normal_274,0,30,8.338804469396713,0,0,0,4,31.38530266519422,18,36
normal_274,0,32,10.37236858523115,0,0,0,4,31.38530266519422,18,36
normal_274,0,34,9.863444481071241,0,0,0,4,31.38530266519422,18,36
normal_274,0,36,9.387791448632502,0,0,0,4,31.38530266519422,18,36
normal_274,0,38,10.216865134323676,0,0,0,4,31.38530266519422,18,36
normal_274,0,40,13.367117503547377,0,0,0,4,31.38530266519422,18,36
normal_275,0,0,10.36138173102352,0,0,0,4,31.38530266519422,18,36
normal_275,0,2,11.542142241134504,0,0,0,4,31.38530266519422,18,36
normal_275,0,4,13.345080279200278,0,0,0,4,31.38530266519422,18,36
normal_275,0,6,11.59317008013379,0,0,0,4,31.38530266519422,18,36
normal_275,0,8,13.42811033353777,0,0,0,4,31.38530266519422,18,36
normal_275,0,10,10.953654084497964,0,0,0,4,31.38530266519422,18,36
normal_275,0,12,9.162163323782615,0,0,0,4,31.38530266519422,18,36
normal_275,0,14,8.641396072577342,0,0,0,4,31.38530266519422,18,36
normal_275,0,16,9.27514188610475,0,0,0,4,31.38530266519422,18,36
normal_275,0,18,10.391606550739532,0,0,0,4,31.38530266519422,18,36
normal_275,0,20,10.215837708526584,0,0,0,4,31.38530266519422,18,36
normal_275,0,22,8.362174602978179,0,0,0,4,31.38530266519422,18,36
normal_275,0,24,7.0885391978129295,0,0,0,4,31.38530266519422,18,36
normal_275,0,26,7.9741635125200245,0,0,0,4,31.38530266519422,18,36
normal_275,0,28,9.263301557167472,0,0,0,4,31.38530266519422,18,36
normal_275,0,30,9.81723411998868,0,0,0,4,31.38530266519422,18,36
normal_275,0,32,9.420519679094486,0,0,0,4,31.38530266519422,18,36
normal_275,0,34,4.404029691583492,0,0,0,4,31.38530266519422,18,36
normal_275,0,36,6.735714535960599,0,0,0,4,31.38530266519422,18,36
normal_275,0,38,16.522759113554827,0,0,0,4,31.38530266519422,18,36
normal_275,0,40,8.553152186346892,0,0,0,4,31.38530266519422,18,36
normal_275,0,42,10.446547030387784,0,0,0,4,31.38530266519422,18,36
normal_275,0,44,11.103602807577744,0,0,0,4,31.38530266519422,18,36
normal_276,0,0,9.69319300608391,0,0,0,4,31.38530266519422,18,36
normal_276,0,2,10.611707689436804,0,0,0,4,31.38530266519422,18,36
normal_276,0,4,7.348019025705562,0,0,0,4,31.38530266519422,18,36
normal_276,0,6,5.604074223274732,0,0,0,4,31.38530266519422,18,36
normal_276,0,8,8.202472551268729,0,0,0,4,31.38530266519422,18,36
normal_276,0,10,8.42506025582943,0,0,0,4,31.38530266519422,18,36
normal_276,0,12,9.162237202894405,0,0,0,4,31.38530266519422,18,36
normal_276,0,14,7.6135191183666295,0,0,0,4,31.38530266519422,18,36
normal_276,0,16,10.561120301966886,0,0,0,4,31.38530266519422,18,36
normal_276,0,18,7.282303057663492,0,0,0,4,31.38530266519422,18,36
normal_276,0,20,10.25036015880177,0,0,0,4,31.38530266519422,18,36
normal_276,0,22,15.77464727926786,0,0,0,4,31.38530266519422,18,36
normal_276,0,24,13.512532279628932,0,0,0,4,31.38530266519422,18,36
normal_276,0,26,12.671553373829964,0,0,0,4,31.38530266519422,18,36
normal_276,0,28,9.143015068177082,0,0,0,4,31.38530266519422,18,36
normal_276,0,30,10.283124877412012,0,0,0,4,31.38530266519422,18,36
normal_276,0,32,9.213909419066008,0,0,0,4,31.38530266519422,18,36
normal_276,0,34,10.186833760879589,0,0,0,4,31.38530266519422,18,36
normal_276,0,36,12.909862095775862,0,0,0,4,31.38530266519422,18,36
normal_276,0,38,14.764964354892218,0,0,0,4,31.38530266519422,18,36
normal_276,0,40,11.74154054114138,0,0,0,4,31.38530266519422,18,36
normal_276,0,42,11.30351085830968,0,0,0,4,31.38530266519422,18,36
normal_278,0,0,9.728142108312355,0,0,0,4,31.38530266519422,18,36
normal_278,0,2,7.85498853293597,0,0,0,4,31.38530266519422,18,36
normal_278,0,4,6.278545650131885,0,0,0,4,31.38530266519422,18,36
normal_278,0,6,5.6413062850907245,0,0,0,4,31.38530266519422,18,36
normal_278,0,8,7.243602405720093,0,0,0,4,31.38530266519422,18,36
normal_278,0,10,9.997996017115923,0,0,0,4,31.38530266519422,18,36
normal_278,0,12,8.619132998887107,0,0,0,4,31.38530266519422,18,36
normal_278,0,14,7.707484070597092,0,0,0,4,31.38530266519422,18,36
normal_278,0,16,13.753607042010486,0,0,0,4,31.38530266519422,18,36
normal_284,0,0,27.305086143800626,0,0,0,4,31.38530266519422,18,36
normal_284,0,2,23.341238431154522,0,0,0,4,31.38530266519422,18,36
normal_284,0,4,20.735587445595456,0,0,0,4,31.38530266519422,18,36
normal_284,0,6,13.398942663439493,0,0,0,4,31.38530266519422,18,36
normal_284,0,8,18.14595089285918,0,0,0,4,31.38530266519422,18,36
normal_284,0,10,19.296910682240185,0,0,0,4,31.38530266519422,18,36
normal_284,0,12,18.347657700489734,0,0,0,4,31.38530266519422,18,36
normal_284,0,14,19.64102220031491,0,0,0,4,31.38530266519422,18,36
normal_284,0,16,26.68975425304887,0,0,0,4,31.38530266519422,18,36
normal_295,0,0,19.751534055217697,0,0,0,4,31.38530266519422,18,36
normal_295,0,2,18.748044869818404,0,0,0,4,31.38530266519422,18,36
normal_295,0,4,9.677806182295411,0,0,0,4,31.38530266519422,18,36
normal_295,0,6,9.747386098535346,0,0,0,4,31.38530266519422,18,36
normal_295,0,8,16.704918950991043,0,0,0,4,31.38530266519422,18,36
normal_295,0,10,14.232479649562435,0,0,0,4,31.38530266519422,18,36
normal_295,0,12,13.487722475649498,0,0,0,4,31.38530266519422,18,36
normal_295,0,14,7.4542493225103845,0,0,0,4,31.38530266519422,18,36
normal_295,0,16,6.478346071634247,0,0,0,4,31.38530266519422,18,36
normal_295,0,18,6.479138128245302,0,0,0,4,31.38530266519422,18,36
normal_295,0,20,11.548766043976995,0,0,0,4,31.38530266519422,18,36
normal_295,0,22,6.4554101488601745,0,0,0,4,31.38530266519422,18,36
normal_295,0,24,5.208326202022933,0,0,0,4,31.38530266519422,18,36
normal_295,0,26,6.157951616650379,0,0,0,4,31.38530266519422,18,36
normal_295,0,28,5.32265071138334,0,0,0,4,31.38530266519422,18,36
normal_295,0,30,8.394084690557303,0,0,0,4,31.38530266519422,18,36
normal_295,0,32,8.191837162340391,0,0,0,4,31.38530266519422,18,36
normal_295,0,34,7.187300349257154,0,0,0,4,31.38530266519422,18,36
normal_295,0,36,12.079765325417599,0,0,0,4,31.38530266519422,18,36
normal_307,0,0,6.517409263050846,0,0,0,4,31.38530266519422,18,36
normal_307,0,2,8.501925634792208,0,0,0,4,31.38530266519422,18,36
normal_307,0,4,9.347405307929352,0,0,0,4,31.38530266519422,18,36
normal_307,0,6,4.013812248899514,0,0,0,4,31.38530266519422,18,36
normal_307,0,8,4.652122886158446,0,0,0,4,31.38530266519422,18,36
normal_307,0,10,5.589561569359208,0,0,0,4,31.38530266519422,18,36
normal_307,0,12,6.308934787557488,0,0,0,4,31.38530266519422,18,36
normal_307,0,14,5.813042098990438,0,0,0,4,31.38530266519422,18,36
normal_307,0,16,3.633096931861723,0,0,0,4,31.38530266519422,18,36
normal_307,0,18,4.157789373409276,0,0,0,4,31.38530266519422,18,36
normal_307,0,20,6.40591003613184,0,0,0,4,31.38530266519422,18,36
normal_307,0,22,6.976822241931035,0,0,0,4,31.38530266519422,18,36
normal_307,0,24,6.968212274907074,0,0,0,4,31.38530266519422,18,36
normal_307,0,26,4.945238643499181,0,0,0,4,31.38530266519422,18,36
normal_307,0,28,14.428663280026441,0,0,0,4,31.38530266519422,18,36
normal_307,0,30,6.206254311301539,0,0,0,4,31.38530266519422,18,36
normal_326,0,0,18.55437991470946,0,0,0,4,31.38530266519422,18,36
normal_326,0,2,18.03215763255816,0,0,0,4,31.38530266519422,18,36
normal_326,0,4,14.270333597817443,0,0,0,4,31.38530266519422,18,36
normal_326,0,6,12.957463297772922,0,0,0,4,31.38530266519422,18,36
normal_326,0,8,13.27749642023212,0,0,0,4,31.38530266519422,18,36
normal_326,0,10,16.29222241564184,0,0,0,4,31.38530266519422,18,36
normal_326,0,12,16.935964852554026,0,0,0,4,31.38530266519422,18,36
normal_326,0,14,20.671128042071288,0,0,0,4,31.38530266519422,18,36
normal_326,0,16,20.69070327417886,0,0,0,4,31.38530266519422,18,36
normal_326,0,18,19.35324227621988,0,0,0,4,31.38530266519422,18,36
normal_326,0,20,21.222449331452754,0,0,0,4,31.38530266519422,18,36
normal_326,0,22,22.33643730273924,0,0,0,4,31.38530266519422,18,36
normal_326,0,24,16.12738974060871,0,0,0,4,31.38530266519422,18,36
normal_329,0,0,12.728797313513944,0,0,0,4,31.38530266519422,18,36
normal_329,0,2,11.935182760395936,0,0,0,4,31.38530266519422,18,36
normal_329,0,4,17.89696608856878,0,0,0,4,31.38530266519422,18,36
normal_329,0,6,17.897506318845643,0,0,0,4,31.38530266519422,18,36
normal_329,0,8,16.50836076763677,0,0,0,4,31.38530266519422,18,36
normal_329,0,10,12.625877144094604,0,0,0,4,31.38530266519422,18,36
normal_329,0,12,12.229571786212297,0,0,0,4,31.38530266519422,18,36
normal_329,0,14,15.63933305050459,0,0,0,4,31.38530266519422,18,36
normal_329,0,16,15.707775257609867,0,0,0,4,31.38530266519422,18,36
normal_329,0,18,14.402646465661881,0,0,0,4,31.38530266519422,18,36
normal_329,0,20,16.558093184971234,0,0,0,4,31.38530266519422,18,36
normal_329,0,22,12.690630696100458,0,0,0,4,31.38530266519422,18,36
normal_329,0,24,12.058779219294111,0,0,0,4,31.38530266519422,18,36
normal_329,0,26,9.743112887970135,0,0,0,4,31.38530266519422,18,36
normal_329,0,28,10.522086436283702,0,0,0,4,31.38530266519422,18,36
normal_329,0,30,13.159124159054569,0,0,0,4,31.38530266519422,18,36
normal_329,0,32,12.932629264118988,0,0,0,4,31.38530266519422,18,36
normal_329,0,34,19.60991429883183,0,0,0,4,31.38530266519422,18,36
normal_329,0,36,19.126316169009474,0,0,0,4,31.38530266519422,18,36
normal_329,0,38,21.367706903640848,0,0,0,4,31.38530266519422,18,36
normal_329,0,40,25.286331489795533,0,0,0,4,31.38530266519422,18,36
normal_329,0,42,22.170949155107117,0,0,0,4,31.38530266519422,18,36
normal_329,0,44,26.58328292148934,0,0,0,4,31.38530266519422,18,36
normal_339,0,0,21.113579019872944,0,0,0,4,31.38530266519422,18,36
normal_339,0,2,13.469070128390825,0,0,0,4,31.38530266519422,18,36
normal_339,0,4,13.158819443345857,0,0,0,4,31.38530266519422,18,36
normal_339,0,6,9.654846707699722,0,0,0,4,31.38530266519422,18,36
normal_339,0,8,11.911080372155691,0,0,0,4,31.38530266519422,18,36
normal_339,0,10,14.45244984975268,0,0,0,4,31.38530266519422,18,36
normal_339,0,12,11.249128696330322,0,0,0,4,31.38530266519422,18,36
normal_339,0,14,10.409230080359556,0,0,0,4,31.38530266519422,18,36
normal_341,0,0,9.658001146144496,0,0,0,4,31.38530266519422,18,36
normal_341,0,2,6.67942378878716,0,0,0,4,31.38530266519422,18,36
normal_341,0,4,9.527633579442309,0,0,0,4,31.38530266519422,18,36
normal_341,0,6,8.21161792486471,0,0,0,4,31.38530266519422,18,36
normal_341,0,8,12.340223018416973,0,0,0,4,31.38530266519422,18,36
normal_341,0,10,13.053581029852566,0,0,0,4,31.38530266519422,18,36
normal_341,0,12,12.159744497774813,0,0,0,4,31.38530266519422,18,36
normal_341,0,14,15.565788029547324,0,0,0,4,31.38530266519422,18,36
normal_341,0,16,15.217937545790699,0,0,0,4,31.38530266519422,18,36
normal_341,0,18,14.833300513605927,0,0,0,4,31.38530266519422,18,36
normal_341,0,20,13.091742136747355,0,0,0,4,31.38530266519422,18,36
normal_341,0,22,14.460017667367543,0,0,0,4,31.38530266519422,18,36
normal_341,0,24,15.049091909781401,0,0,0,4,31.38530266519422,18,36
normal_341,0,26,17.868139253980235,0,0,0,4,31.38530266519422,18,36
normal_341,0,28,12.67117025143978,0,0,0,4,31.38530266519422,18,36
normal_341,0,30,13.336257764503033,0,0,0,4,31.38530266519422,18,36
normal_341,0,32,15.585500428578614,0,0,0,4,31.38530266519422,18,36
normal_341,0,34,13.744622337913816,0,0,0,4,31.38530266519422,18,36
normal_341,0,36,12.781686180940287,0,0,0,4,31.38530266519422,18,36
normal_341,0,38,13.339292819346298,0,0,0,4,31.38530266519422,18,36
normal_341,0,40,13.401014758738679,0,0,0,4,31.38530266519422,18,36
normal_341,0,42,12.18044191819509,0,0,0,4,31.38530266519422,18,36
normal_341,0,44,15.83153923765712,0,0,0,4,31.38530266519422,18,36
normal_343,0,0,17.65926243866151,0,0,0,4,31.38530266519422,18,36
normal_343,0,2,15.657156845536125,0,0,0,4,31.38530266519422,18,36
normal_343,0,4,17.451607827503654,0,0,0,4,31.38530266519422,18,36
normal_343,0,6,18.98039867091948,0,0,0,4,31.38530266519422,18,36
normal_343,0,8,20.82515063151849,0,0,0,4,31.38530266519422,18,36
normal_343,0,10,20.02316952763225,0,0,0,4,31.38530266519422,18,36
normal_343,0,12,23.51320778138853,0,0,0,4,31.38530266519422,18,36
normal_343,0,14,17.23677506079097,0,0,0,4,31.38530266519422,18,36
normal_343,0,16,20.624944118755074,0,0,0,4,31.38530266519422,18,36
normal_343,0,18,21.848313647905655,0,0,0,4,31.38530266519422,18,36
normal_343,0,20,18.755893257743548,0,0,0,4,31.38530266519422,18,36
normal_343,0,22,17.24544775860149,0,0,0,4,31.38530266519422,18,36
normal_343,0,24,15.779877539471403,0,0,0,4,31.38530266519422,18,36
normal_343,0,26,14.107401160819629,0,0,0,4,31.38530266519422,18,36
normal_343,0,28,13.226751094617633,0,0,0,4,31.38530266519422,18,36
normal_343,0,30,13.645867251733666,0,0,0,4,31.38530266519422,18,36
normal_343,0,32,12.15650249286229,0,0,0,4,31.38530266519422,18,36
normal_343,0,34,16.73510660314313,0,0,0,4,31.38530266519422,18,36
normal_343,0,36,17.115894621230233,0,0,0,4,31.38530266519422,18,36
normal_343,0,38,16.220526721187742,0,0,0,4,31.38530266519422,18,36
normal_343,0,40,21.636825111914895,0,0,0,4,31.38530266519422,18,36
normal_344,0,0,10.896398425939163,0,0,0,4,31.38530266519422,18,36
normal_344,0,2,12.717359140265492,0,0,0,4,31.38530266519422,18,36
normal_344,0,4,11.936954528044085,0,0,0,4,31.38530266519422,18,36
normal_344,0,6,13.334052900597166,0,0,0,4,31.38530266519422,18,36
normal_344,0,8,15.486758611176858,0,0,0,4,31.38530266519422,18,36
normal_344,0,10,15.643937264608516,0,0,0,4,31.38530266519422,18,36
normal_344,0,12,13.432230788135175,0,0,0,4,31.38530266519422,18,36
normal_344,0,14,14.876243652121351,0,0,0,4,31.38530266519422,18,36
normal_344,0,16,13.569908770911786,0,0,0,4,31.38530266519422,18,36
normal_344,0,18,10.159909110014032,0,0,0,4,31.38530266519422,18,36
normal_344,0,20,11.093366675457752,0,0,0,4,31.38530266519422,18,36
normal_344,0,22,8.799131623205108,0,0,0,4,31.38530266519422,18,36
normal_344,0,24,9.89688524291389,0,0,0,4,31.38530266519422,18,36
normal_344,0,26,10.368121733233266,0,0,0,4,31.38530266519422,18,36
normal_344,0,28,8.636507035262015,0,0,0,4,31.38530266519422,18,36
normal_375,0,0,7.706547048639869,0,0,0,4,31.38530266519422,18,36
normal_375,0,2,7.8691284570474505,0,0,0,4,31.38530266519422,18,36
normal_375,0,4,12.559915184769224,0,0,0,4,31.38530266519422,18,36
normal_375,0,6,11.634328010301349,0,0,0,4,31.38530266519422,18,36
normal_375,0,8,17.261271253997485,0,0,0,4,31.38530266519422,18,36
normal_375,0,10,12.143369281285434,0,0,0,4,31.38530266519422,18,36
normal_375,0,12,8.73098077113913,0,0,0,4,31.38530266519422,18,36
normal_375,0,14,7.110644529072633,0,0,0,4,31.38530266519422,18,36
normal_375,0,16,8.720001043507661,0,0,0,4,31.38530266519422,18,36
normal_375,0,18,14.73825493821788,0,0,0,4,31.38530266519422,18,36
normal_375,0,20,12.594330229024724,0,0,0,4,31.38530266519422,18,36
normal_375,0,22,12.514951813806022,0,0,0,4,31.38530266519422,18,36
normal_375,0,24,17.129195940745916,0,0,0,4,31.38530266519422,18,36
normal_396,0,0,15.707963289565773,0,0,0,4,31.38530266519422,18,36
normal_396,0,2,11.640879651840462,0,0,0,4,31.38530266519422,18,36
normal_396,0,4,9.121508222353153,0,0,0,4,31.38530266519422,18,36
normal_396,0,6,10.242459993049676,0,0,0,4,31.38530266519422,18,36
normal_396,0,8,13.523471859290964,0,0,0,4,31.38530266519422,18,36
normal_396,0,10,15.68614947983521,0,0,0,4,31.38530266519422,18,36
normal_396,0,12,13.088203001624251,0,0,0,4,31.38530266519422,18,36
normal_396,0,14,13.89059546937635,0,0,0,4,31.38530266519422,18,36
normal_396,0,16,13.535226147071855,0,0,0,4,31.38530266519422,18,36
normal_396,0,18,12.259427745641089,0,0,0,4,31.38530266519422,18,36
normal_396,0,20,12.86564182688755,0,0,0,4,31.38530266519422,18,36
normal_396,0,22,12.95418467576351,0,0,0,4,31.38530266519422,18,36
normal_396,0,24,12.111543113371804,0,0,0,4,31.38530266519422,18,36
normal_396,0,26,11.777325945345773,0,0,0,4,31.38530266519422,18,36
normal_396,0,28,9.827279808017392,0,0,0,4,31.38530266519422,18,36
normal_396,0,30,7.162407638856437,0,0,0,4,31.38530266519422,18,36
normal_396,0,32,9.018227344241895,0,0,0,4,31.38530266519422,18,36
normal_396,0,34,11.336973148127278,0,0,0,4,31.38530266519422,18,36
normal_396,0,36,12.336979339729838,0,0,0,4,31.38530266519422,18,36
normal_396,0,38,13.978049785694479,0,0,0,4,31.38530266519422,18,36
normal_396,0,40,16.015726676176417,0,0,0,4,31.38530266519422,18,36
normal_396,0,42,18.191295054236473,0,0,0,4,31.38530266519422,18,36
normal_396,0,44,18.489266280878198,0,0,0,4,31.38530266519422,18,36
normal_399,0,0,10.063669440191761,0,0,0,4,31.38530266519422,18,36
normal_399,0,2,9.271255205432103,0,0,0,4,31.38530266519422,18,36
normal_399,0,4,10.657455911454981,0,0,0,4,31.38530266519422,18,36
normal_399,0,6,12.40969909706729,0,0,0,4,31.38530266519422,18,36
normal_399,0,8,9.322944560748892,0,0,0,4,31.38530266519422,18,36
normal_399,0,10,12.555602447929616,0,0,0,4,31.38530266519422,18,36
normal_399,0,12,14.326896244197941,0,0,0,4,31.38530266519422,18,36
normal_399,0,14,17.193647959496726,0,0,0,4,31.38530266519422,18,36
normal_399,0,16,14.262931891937466,0,0,0,4,31.38530266519422,18,36
normal_431,0,0,21.502378001086058,0,0,0,4,31.38530266519422,18,36
normal_431,0,2,19.500912374588065,0,0,0,4,31.38530266519422,18,36
normal_431,0,4,18.74068358219199,0,0,0,4,31.38530266519422,18,36
normal_431,0,6,16.950085800839126,0,0,0,4,31.38530266519422,18,36
normal_431,0,8,13.723415259162218,0,0,0,4,31.38530266519422,18,36
normal_431,0,10,16.914885215709496,0,0,0,4,31.38530266519422,18,36
normal_431,0,12,16.482367262168996,0,0,0,4,31.38530266519422,18,36
normal_431,0,14,17.196049398588237,0,0,0,4,31.38530266519422,18,36
normal_431,0,16,18.22087026305618,0,0,0,4,31.38530266519422,18,36
normal_431,0,18,18.79497998887636,0,0,0,4,31.38530266519422,18,36
normal_431,0,20,17.709900667095066,0,0,0,4,31.38530266519422,18,36
normal_431,0,22,16.150006762697434,0,0,0,4,31.38530266519422,18,36
normal_445,0,0,19.271644221505237,0,0,0,4,31.38530266519422,18,36
normal_445,0,2,17.758929884303992,0,0,0,4,31.38530266519422,18,36
normal_445,0,4,17.03133044782821,0,0,0,4,31.38530266519422,18,36
normal_445,0,6,19.022048489938992,0,0,0,4,31.38530266519422,18,36
normal_445,0,8,18.6028514391949,0,0,0,4,31.38530266519422,18,36
normal_445,0,10,16.979864097407138,0,0,0,4,31.38530266519422,18,36
normal_445,0,12,12.42113515275927,0,0,0,4,31.38530266519422,18,36
normal_445,0,14,14.819090194873334,0,0,0,4,31.38530266519422,18,36
normal_445,0,16,15.997938704061914,0,0,0,4,31.38530266519422,18,36
normal_445,0,18,16.375878127298673,0,0,0,4,31.38530266519422,18,36
normal_445,0,20,17.490188687643272,0,0,0,4,31.38530266519422,18,36
normal_445,0,22,19.21237403066467,0,0,0,4,31.38530266519422,18,36
normal_445,0,24,14.550489063473238,0,0,0,4,31.38530266519422,18,36
normal_445,0,26,17.363910937824276,0,0,0,4,31.38530266519422,18,36
normal_445,0,28,16.70610363576753,0,0,0,4,31.38530266519422,18,36
normal_445,0,30,19.295830842405852,0,0,0,4,31.38530266519422,18,36
normal_445,0,32,17.390661695282763,0,0,0,4,31.38530266519422,18,36
normal_445,0,34,14.540918305081892,0,0,0,4,31.38530266519422,18,36
normal_445,0,36,13.335464944666143,0,0,0,4,31.38530266519422,18,36
normal_445,0,38,16.943765910069892,0,0,0,4,31.38530266519422,18,36
normal_445,0,40,16.81403546804852,0,0,0,4,31.38530266519422,18,36
normal_445,0,42,17.403081158270577,0,0,0,4,31.38530266519422,18,36
normal_445,0,44,15.29041419876611,0,0,0,4,31.38530266519422,18,36
normal_448,0,0,15.865418759863813,0,0,0,4,31.38530266519422,18,36
normal_448,0,2,17.40721411130157,0,0,0,4,31.38530266519422,18,36
normal_448,0,4,17.349991595791774,0,0,0,4,31.38530266519422,18,36
normal_448,0,6,19.982351028734236,0,0,0,4,31.38530266519422,18,36
normal_448,0,8,18.446757716023125,0,0,0,4,31.38530266519422,18,36
normal_448,0,10,21.67754640828382,0,0,0,4,31.38530266519422,18,36
normal_448,0,12,25.38476451828524,0,0,0,4,31.38530266519422,18,36
normal_448,0,14,20.376626610685943,0,0,0,4,31.38530266519422,18,36
normal_448,0,16,23.087578229272562,0,0,0,4,31.38530266519422,18,36
normal_457,0,0,4.379689862067684,0,0,0,4,31.38530266519422,18,36
normal_457,0,2,6.756192041955146,0,0,0,4,31.38530266519422,18,36
normal_457,0,4,7.631839970880676,0,0,0,4,31.38530266519422,18,36
normal_457,0,6,10.25706643501075,0,0,0,4,31.38530266519422,18,36
normal_457,0,8,4.587728217066515,0,0,0,4,31.38530266519422,18,36
normal_457,0,10,10.088879273181593,0,0,0,4,31.38530266519422,18,36
normal_457,0,12,9.81650589530524,0,0,0,4,31.38530266519422,18,36
normal_457,0,14,10.445011722094193,0,0,0,4,31.38530266519422,18,36
normal_457,0,16,5.225412488372121,0,0,0,4,31.38530266519422,18,36
normal_457,0,18,9.450526465954523,0,0,0,4,31.38530266519422,18,36
normal_457,0,20,9.2680536476674,0,0,0,4,31.38530266519422,18,36
normal_457,0,22,6.785541024985971,0,0,0,4,31.38530266519422,18,36
normal_457,0,24,4.581178330461537,0,0,0,4,31.38530266519422,18,36
normal_457,0,26,7.371847332335044,0,0,0,4,31.38530266519422,18,36
normal_457,0,28,9.286110777117354,0,0,0,4,31.38530266519422,18,36
normal_457,0,30,7.293019004364838,0,0,0,4,31.38530266519422,18,36
normal_457,0,32,3.531576262145861,0,0,0,4,31.38530266519422,18,36
normal_457,0,34,4.349908267923419,0,0,0,4,31.38530266519422,18,36
normal_470,0,0,15.898108013643306,0,0,0,4,31.38530266519422,18,36
normal_470,0,2,21.88920665497776,0,0,0,4,31.38530266519422,18,36
normal_470,0,4,24.671664724664502,0,0,0,4,31.38530266519422,18,36
normal_470,0,6,21.221867575132737,0,0,0,4,31.38530266519422,18,36
normal_470,0,8,20.039862935788175,0,0,0,4,31.38530266519422,18,36
normal_470,0,10,18.265031641990596,0,0,0,4,31.38530266519422,18,36
normal_470,0,12,17.139044225104577,0,0,0,4,31.38530266519422,18,36
normal_470,0,14,15.054861487689399,0,0,0,4,31.38530266519422,18,36
normal_470,0,16,14.808142953820857,0,0,0,4,31.38530266519422,18,36
normal_470,0,18,17.782009294063904,0,0,0,4,31.38530266519422,18,36
normal_470,0,20,17.16179520565884,0,0,0,4,31.38530266519422,18,36
normal_470,0,22,19.522183051281345,0,0,0,4,31.38530266519422,18,36
normal_470,0,24,24.134533629743114,0,0,0,4,31.38530266519422,18,36
normal_470,0,26,24.09286970639379,0,0,0,4,31.38530266519422,18,36
normal_470,0,28,19.75517540643808,0,0,0,4,31.38530266519422,18,36
normal_470,0,30,23.04205890635062,0,0,0,4,31.38530266519422,18,36
normal_470,0,32,19.203666043219137,0,0,0,4,31.38530266519422,18,36
normal_486,0,0,7.057231479140364,0,0,0,4,31.38530266519422,18,36
normal_486,0,2,9.808304711014788,0,0,0,4,31.38530266519422,18,36
normal_486,0,4,4.349865932960536,0,0,0,4,31.38530266519422,18,36
normal_486,0,6,6.162389994443828,0,0,0,4,31.38530266519422,18,36
normal_486,0,8,6.756766763277637,0,0,0,4,31.38530266519422,18,36
normal_486,0,10,10.514031740982313,0,0,0,4,31.38530266519422,18,36
normal_486,0,12,9.23100181443922,0,0,0,4,31.38530266519422,18,36
normal_486,0,14,10.568839029257695,0,0,0,4,31.38530266519422,18,36
normal_486,0,16,6.151375724359796,0,0,0,4,31.38530266519422,18,36
normal_486,0,18,6.848088704166229,0,0,0,4,31.38530266519422,18,36
normal_486,0,20,7.13559544329144,0,0,0,4,31.38530266519422,18,36
normal_486,0,22,7.260982845283891,0,0,0,4,31.38530266519422,18,36
normal_486,0,24,4.983971956983837,0,0,0,4,31.38530266519422,18,36
normal_486,0,26,5.319973384958516,0,0,0,4,31.38530266519422,18,36
normal_486,0,28,5.333383378238888,0,0,0,4,31.38530266519422,18,36
normal_486,0,30,5.418547922236684,0,0,0,4,31.38530266519422,18,36
normal_486,0,32,4.869339198931412,0,0,0,4,31.38530266519422,18,36
normal_486,0,34,5.368267339160029,0,0,0,4,31.38530266519422,18,36
normal_486,0,36,6.401229040786249,0,0,0,4,31.38530266519422,18,36
normal_486,0,38,5.380186442362655,0,0,0,4,31.38530266519422,18,36
normal_487,0,0,5.848379004242242,0,0,0,4,31.38530266519422,18,36
normal_487,0,2,8.954323441573838,0,0,0,4,31.38530266519422,18,36
normal_487,0,4,8.323625870765236,0,0,0,4,31.38530266519422,18,36
normal_487,0,6,6.296460145960673,0,0,0,4,31.38530266519422,18,36
normal_487,0,8,5.495761672195847,0,0,0,4,31.38530266519422,18,36
normal_487,0,10,5.263442389344138,0,0,0,4,31.38530266519422,18,36
normal_487,0,12,6.582425526855912,0,0,0,4,31.38530266519422,18,36
normal_487,0,14,7.296808732144198,0,0,0,4,31.38530266519422,18,36
normal_487,0,16,9.703540382651793,0,0,0,4,31.38530266519422,18,36
normal_487,0,18,9.816760707841958,0,0,0,4,31.38530266519422,18,36
normal_487,0,20,11.319022012322007,0,0,0,4,31.38530266519422,18,36
normal_487,0,22,14.366161006052689,0,0,0,4,31.38530266519422,18,36
normal_487,0,24,13.655070856684684,0,0,0,4,31.38530266519422,18,36
normal_487,0,26,9.595435474607747,0,0,0,4,31.38530266519422,18,36
normal_487,0,28,11.543367727119737,0,0,0,4,31.38530266519422,18,36
normal_487,0,30,9.077224740643537,0,0,0,4,31.38530266519422,18,36
normal_487,0,32,9.929542323465228,0,0,0,4,31.38530266519422,18,36
normal_487,0,34,7.128760524219271,0,0,0,4,31.38530266519422,18,36
normal_487,0,36,5.163565420185524,0,0,0,4,31.38530266519422,18,36
normal_487,0,38,3.6709756737583414,0,0,0,4,31.38530266519422,18,36
normal_498,0,0,9.859722487643424,0,0,0,4,31.38530266519422,18,36
normal_498,0,2,8.09689535356757,0,0,0,4,31.38530266519422,18,36
normal_498,0,4,6.780149198866876,0,0,0,4,31.38530266519422,18,36
normal_498,0,6,6.538205425005044,0,0,0,4,31.38530266519422,18,36
normal_498,0,8,2.8299932697594725,0,0,0,4,31.38530266519422,18,36
normal_498,0,10,3.218881120325725,0,0,0,4,31.38530266519422,18,36
normal_498,0,12,4.022229540508519,0,0,0,4,31.38530266519422,18,36
normal_498,0,14,4.966704346445554,0,0,0,4,31.38530266519422,18,36
normal_498,0,16,4.562974900528613,0,0,0,4,31.38530266519422,18,36
normal_498,0,18,4.531702462531212,0,0,0,4,31.38530266519422,18,36
normal_498,0,20,5.702717539228533,0,0,0,4,31.38530266519422,18,36
normal_498,0,22,6.385591915379663,0,0,0,4,31.38530266519422,18,36
normal_498,0,24,6.077419071361202,0,0,0,4,31.38530266519422,18,36
normal_498,0,26,8.592394113952267,0,0,0,4,31.38530266519422,18,36
normal_498,0,28,6.550016538010053,0,0,0,4,31.38530266519422,18,36
normal_498,0,30,6.839585895009199,0,0,0,4,31.38530266519422,18,36
normal_498,0,32,9.07322554170528,0,0,0,4,31.38530266519422,18,36
normal_498,0,34,5.859719470296757,0,0,0,4,31.38530266519422,18,36
normal_498,0,36,6.473763486247661,0,0,0,4,31.38530266519422,18,36
normal_498,0,38,7.103524642050104,0,0,0,4,31.38530266519422,18,36
normal_498,0,40,10.521251618123557,0,0,0,4,31.38530266519422,18,36
normal_498,0,42,8.413147173442644,0,0,0,4,31.38530266519422,18,36
normal_498,0,44,9.138478153924348,0,0,0,4,31.38530266519422,18,36
normal_500,0,0,9.031530731707623,0,0,0,4,31.38530266519422,18,36
normal_500,0,2,8.190366037379407,0,0,0,4,31.38530266519422,18,36
normal_500,0,4,7.715710686891441,0,0,0,4,31.38530266519422,18,36
normal_500,0,6,5.265007601713777,0,0,0,4,31.38530266519422,18,36
normal_500,0,8,5.031505629314425,0,0,0,4,31.38530266519422,18,36
normal_500,0,10,6.948083379541423,0,0,0,4,31.38530266519422,18,36
normal_500,0,12,6.754106176183226,0,0,0,4,31.38530266519422,18,36
normal_500,0,14,7.704249919137837,0,0,0,4,31.38530266519422,18,36
normal_500,0,16,6.436063341367666,0,0,0,4,31.38530266519422,18,36
normal_500,0,18,6.411047400462318,0,0,0,4,31.38530266519422,18,36
normal_500,0,20,8.138883398414851,0,0,0,4,31.38530266519422,18,36
normal_500,0,22,7.798483653265905,0,0,0,4,31.38530266519422,18,36
normal_500,0,24,11.444812772629296,0,0,0,4,31.38530266519422,18,36
normal_500,0,26,9.343585663338375,0,0,0,4,31.38530266519422,18,36
normal_500,0,28,9.007187943403936,0,0,0,4,31.38530266519422,18,36
normal_500,0,30,10.204101503184873,0,0,0,4,31.38530266519422,18,36
normal_500,0,32,7.726655939830259,0,0,0,4,31.38530266519422,18,36
normal_500,0,34,9.826305901065897,0,0,0,4,31.38530266519422,18,36
normal_500,0,36,10.526029248535144,0,0,0,4,31.38530266519422,18,36
normal_500,0,38,13.053468538890574,0,0,0,4,31.38530266519422,18,36
normal_500,0,40,12.89256000897334,0,0,0,4,31.38530266519422,18,36
normal_500,0,42,13.476485418479792,0,0,0,4,31.38530266519422,18,36
normal_500,0,44,10.10870055595872,0,0,0,4,31.38530266519422,18,36
normal_502,0,0,4.903073297465404,0,0,0,4,31.38530266519422,18,36
normal_502,0,2,6.742048894508001,0,0,0,4,31.38530266519422,18,36
normal_502,0,4,9.286408394115757,0,0,0,4,31.38530266519422,18,36
normal_502,0,6,12.335832703048617,0,0,0,4,31.38530266519422,18,36
normal_502,0,8,10.066965610972131,0,0,0,4,31.38530266519422,18,36
normal_502,0,10,8.082988094350187,0,0,0,4,31.38530266519422,18,36
normal_502,0,12,8.821424756631721,0,0,0,4,31.38530266519422,18,36
normal_502,0,14,5.152507727464497,0,0,0,4,31.38530266519422,18,36
normal_502,0,16,7.986729421704511,0,0,0,4,31.38530266519422,18,36
normal_502,0,18,8.342907169645187,0,0,0,4,31.38530266519422,18,36
normal_505,0,0,5.204869646396312,0,0,0,4,31.38530266519422,18,36
normal_505,0,2,7.621373486562714,0,0,0,4,31.38530266519422,18,36
normal_505,0,4,7.10352562896866,0,0,0,4,31.38530266519422,18,36
normal_505,0,6,10.162037220073195,0,0,0,4,31.38530266519422,18,36
normal_505,0,8,9.09170682688503,0,0,0,4,31.38530266519422,18,36
normal_505,0,10,7.776988453498049,0,0,0,4,31.38530266519422,18,36
normal_505,0,12,10.024040826533339,0,0,0,4,31.38530266519422,18,36
normal_505,0,14,9.180175261509433,0,0,0,4,31.38530266519422,18,36
normal_505,0,16,7.8585669871484,0,0,0,4,31.38530266519422,18,36
normal_505,0,18,7.9124312034824555,0,0,0,4,31.38530266519422,18,36
normal_505,0,20,6.223456138133671,0,0,0,4,31.38530266519422,18,36
normal_505,0,22,5.239324586529166,0,0,0,4,31.38530266519422,18,36
normal_505,0,24,5.1173076153059185,0,0,0,4,31.38530266519422,18,36
normal_505,0,26,6.26550470649579,0,0,0,4,31.38530266519422,18,36
normal_505,0,28,4.817011235640123,0,0,0,4,31.38530266519422,18,36
normal_505,0,30,5.024202639734173,0,0,0,4,31.38530266519422,18,36
normal_505,0,32,5.232223664465539,0,0,0,4,31.38530266519422,18,36
normal_505,0,34,5.3753237166374666,0,0,0,4,31.38530266519422,18,36
normal_505,0,36,6.137767092480959,0,0,0,4,31.38530266519422,18,36
normal_505,0,38,8.497815861807565,0,0,0,4,31.38530266519422,18,36
normal_505,0,40,10.528952040355628,0,0,0,4,31.38530266519422,18,36
normal_505,0,42,10.102470411069074,0,0,0,4,31.38530266519422,18,36
normal_505,0,44,7.73631660348855,0,0,0,4,31.38530266519422,18,36
normal_506,0,0,6.782007926549932,0,0,0,4,31.38530266519422,18,36
normal_506,0,2,7.7966704043081565,0,0,0,4,31.38530266519422,18,36
normal_506,0,4,9.256961170516172,0,0,0,4,31.38530266519422,18,36
normal_506,0,6,8.0608702381015,0,0,0,4,31.38530266519422,18,36
normal_506,0,8,5.501239254596979,0,0,0,4,31.38530266519422,18,36
normal_506,0,10,9.013756521015669,0,0,0,4,31.38530266519422,18,36
normal_506,0,12,8.726932645990901,0,0,0,4,31.38530266519422,18,36
normal_506,0,14,8.037493320237084,0,0,0,4,31.38530266519422,18,36
normal_506,0,16,5.969346630239579,0,0,0,4,31.38530266519422,18,36
normal_506,0,18,6.134689659685031,0,0,0,4,31.38530266519422,18,36
normal_506,0,20,8.318315991869483,0,0,0,4,31.38530266519422,18,36
normal_506,0,22,7.817720922286699,0,0,0,4,31.38530266519422,18,36
normal_506,0,24,6.915537345806396,0,0,0,4,31.38530266519422,18,36
normal_506,0,26,7.82499541651439,0,0,0,4,31.38530266519422,18,36
normal_506,0,28,7.0640061765603805,0,0,0,4,31.38530266519422,18,36
normal_506,0,30,5.235902312022198,0,0,0,4,31.38530266519422,18,36
normal_506,0,32,4.758522369065096,0,0,0,4,31.38530266519422,18,36
normal_506,0,34,5.961797862974996,0,0,0,4,31.38530266519422,18,36
normal_506,0,36,5.6600519025727785,0,0,0,4,31.38530266519422,18,36
normal_506,0,38,7.626910873860418,0,0,0,4,31.38530266519422,18,36
normal_506,0,40,9.151570967368391,0,0,0,4,31.38530266519422,18,36
normal_506,0,42,10.268138541893013,0,0,0,4,31.38530266519422,18,36
normal_506,0,44,6.987846474049855,0,0,0,4,31.38530266519422,18,36
normal_513,0,0,12.686887167479327,0,0,0,4,31.38530266519422,18,36
normal_513,0,2,11.543391329558698,0,0,0,4,31.38530266519422,18,36
normal_513,0,4,9.518252167653644,0,0,0,4,31.38530266519422,18,36
normal_513,0,6,7.292024422741483,0,0,0,4,31.38530266519422,18,36
normal_513,0,8,11.281324597415452,0,0,0,4,31.38530266519422,18,36
normal_513,0,10,9.915026998377199,0,0,0,4,31.38530266519422,18,36
normal_513,0,12,9.210734272913792,0,0,0,4,31.38530266519422,18,36
normal_513,0,14,9.01429222150508,0,0,0,4,31.38530266519422,18,36
normal_513,0,16,7.364437344373412,0,0,0,4,31.38530266519422,18,36
normal_513,0,18,6.358119000327124,0,0,0,4,31.38530266519422,18,36
normal_513,0,20,5.105810811978203,0,0,0,4,31.38530266519422,18,36
normal_525,0,0,5.784476789860912,0,0,0,4,31.38530266519422,18,36
normal_525,0,2,5.111373386333724,0,0,0,4,31.38530266519422,18,36
normal_525,0,4,5.584238099971409,0,0,0,4,31.38530266519422,18,36
normal_525,0,6,6.039305724736185,0,0,0,4,31.38530266519422,18,36
normal_525,0,8,6.047583423670427,0,0,0,4,31.38530266519422,18,36
normal_525,0,10,6.039753057539488,0,0,0,4,31.38530266519422,18,36
normal_525,0,12,6.379330434320598,0,0,0,4,31.38530266519422,18,36
normal_525,0,14,6.755107837335404,0,0,0,4,31.38530266519422,18,36
normal_525,0,16,5.636191496733705,0,0,0,4,31.38530266519422,18,36
normal_525,0,18,4.504824014206169,0,0,0,4,31.38530266519422,18,36
normal_525,0,20,4.334302315950494,0,0,0,4,31.38530266519422,18,36
normal_525,0,22,3.661301214348616,0,0,0,4,31.38530266519422,18,36
normal_525,0,24,5.871942299564217,0,0,0,4,31.38530266519422,18,36
normal_525,0,26,7.701233234546697,0,0,0,4,31.38530266519422,18,36
normal_525,0,28,8.55923769863394,0,0,0,4,31.38530266519422,18,36
normal_525,0,30,4.919331543270874,0,0,0,4,31.38530266519422,18,36
normal_525,0,32,4.420111282708164,0,0,0,4,31.38530266519422,18,36
normal_525,0,34,7.425826586217385,0,0,0,4,31.38530266519422,18,36
normal_525,0,36,4.636213934335796,0,0,0,4,31.38530266519422,18,36
normal_525,0,38,4.82745039797846,0,0,0,4,31.38530266519422,18,36
normal_525,0,40,6.042082770151802,0,0,0,4,31.38530266519422,18,36
normal_525,0,42,8.600806398618678,0,0,0,4,31.38530266519422,18,36
normal_525,0,44,8.18328075203247,0,0,0,4,31.38530266519422,18,36
normal_527,0,0,10.218099126089875,0,0,0,4,31.38530266519422,18,36
normal_527,0,2,12.303788059590612,0,0,0,4,31.38530266519422,18,36
normal_527,0,4,15.682952484478559,0,0,0,4,31.38530266519422,18,36
normal_527,0,6,12.730057843540475,0,0,0,4,31.38530266519422,18,36
normal_527,0,8,14.203238818577994,0,0,0,4,31.38530266519422,18,36
normal_527,0,10,10.504436890695743,0,0,0,4,31.38530266519422,18,36
normal_527,0,12,10.071332508769508,0,0,0,4,31.38530266519422,18,36
normal_527,0,14,8.070506089269763,0,0,0,4,31.38530266519422,18,36
normal_527,0,16,7.345993799547606,0,0,0,4,31.38530266519422,18,36
normal_527,0,18,6.862664304204736,0,0,0,4,31.38530266519422,18,36
normal_527,0,20,5.251491171736723,0,0,0,4,31.38530266519422,18,36
normal_527,0,22,6.545874787515061,0,0,0,4,31.38530266519422,18,36
normal_527,0,24,5.044293592175584,0,0,0,4,31.38530266519422,18,36
normal_527,0,26,3.8212756082501587,0,0,0,4,31.38530266519422,18,36
normal_527,0,28,7.3336219955978335,0,0,0,4,31.38530266519422,18,36
normal_527,0,30,5.937533902905369,0,0,0,4,31.38530266519422,18,36
normal_527,0,32,7.999070092948561,0,0,0,4,31.38530266519422,18,36
normal_527,0,34,8.130863175360275,0,0,0,4,31.38530266519422,18,36
normal_527,0,36,11.122474140670482,0,0,0,4,31.38530266519422,18,36
normal_527,0,38,9.511596652722373,0,0,0,4,31.38530266519422,18,36
normal_527,0,40,5.7273133757255845,0,0,0,4,31.38530266519422,18,36
normal_527,0,42,4.594507784136528,0,0,0,4,31.38530266519422,18,36
normal_527,0,44,6.220347525674122,0,0,0,4,31.38530266519422,18,36
normal_532,0,0,5.056848076883207,0,0,0,4,31.38530266519422,18,36
normal_532,0,2,6.776219147464373,0,0,0,4,31.38530266519422,18,36
normal_532,0,4,7.051986588510047,0,0,0,4,31.38530266519422,18,36
normal_532,0,6,8.943873456981189,0,0,0,4,31.38530266519422,18,36
normal_532,0,8,4.903364221109799,0,0,0,4,31.38530266519422,18,36
normal_532,0,10,6.893604764811169,0,0,0,4,31.38530266519422,18,36
normal_532,0,12,4.090649029496956,0,0,0,4,31.38530266519422,18,36
normal_532,0,14,7.100542546548579,0,0,0,4,31.38530266519422,18,36
normal_532,0,16,4.251620409580709,0,0,0,4,31.38530266519422,18,36
normal_532,0,18,6.37305500246807,0,0,0,4,31.38530266519422,18,36
normal_532,0,20,7.974785361570877,0,0,0,4,31.38530266519422,18,36
normal_532,0,22,6.739972293509393,0,0,0,4,31.38530266519422,18,36
normal_532,0,24,4.737650713034465,0,0,0,4,31.38530266519422,18,36
normal_532,0,26,6.8765926016982535,0,0,0,4,31.38530266519422,18,36
normal_532,0,28,5.740605817517096,0,0,0,4,31.38530266519422,18,36
normal_532,0,30,5.468021438920753,0,0,0,4,31.38530266519422,18,36
normal_532,0,32,4.8750349995085855,0,0,0,4,31.38530266519422,18,36
normal_532,0,34,5.119133563155455,0,0,0,4,31.38530266519422,18,36
normal_532,0,36,5.657238525895581,0,0,0,4,31.38530266519422,18,36
normal_532,0,38,4.043109648791293,0,0,0,4,31.38530266519422,18,36
normal_532,0,40,5.945215394710991,0,0,0,4,31.38530266519422,18,36
normal_532,0,42,5.539112277902287,0,0,0,4,31.38530266519422,18,36
normal_532,0,44,6.477890301585489,0,0,0,4,31.38530266519422,18,36
normal_535,0,0,4.165856049776802,0,0,0,4,31.38530266519422,18,36
normal_535,0,2,2.738175358417557,0,0,0,4,31.38530266519422,18,36
normal_535,0,4,7.2525643439833125,0,0,0,4,31.38530266519422,18,36
normal_535,0,6,8.27511753661243,0,0,0,4,31.38530266519422,18,36
normal_535,0,8,7.982781695171201,0,0,0,4,31.38530266519422,18,36
normal_535,0,10,7.782746812615094,0,0,0,4,31.38530266519422,18,36
normal_535,0,12,7.025887919186526,0,0,0,4,31.38530266519422,18,36
normal_535,0,14,8.30549205299852,0,0,0,4,31.38530266519422,18,36
normal_535,0,16,7.322989089240868,0,0,0,4,31.38530266519422,18,36
normal_535,0,18,9.449911959323671,0,0,0,4,31.38530266519422,18,36
normal_535,0,20,8.905043665228602,0,0,0,4,31.38530266519422,18,36
normal_537,0,0,4.681204762734961,0,0,0,4,31.38530266519422,18,36
normal_537,0,2,4.081591521584695,0,0,0,4,31.38530266519422,18,36
normal_537,0,4,4.520824978733012,0,0,0,4,31.38530266519422,18,36
normal_537,0,6,5.340446109778584,0,0,0,4,31.38530266519422,18,36
normal_537,0,8,3.8664989324789665,0,0,0,4,31.38530266519422,18,36
normal_537,0,10,4.643159436614718,0,0,0,4,31.38530266519422,18,36
normal_537,0,12,4.876854455325431,0,0,0,4,31.38530266519422,18,36
normal_537,0,14,4.173810531886301,0,0,0,4,31.38530266519422,18,36
normal_537,0,16,5.3313177084524055,0,0,0,4,31.38530266519422,18,36
normal_537,0,18,5.343922336758071,0,0,0,4,31.38530266519422,18,36
normal_537,0,20,8.744625305660545,0,0,0,4,31.38530266519422,18,36
normal_537,0,22,6.231174196631861,0,0,0,4,31.38530266519422,18,36
normal_537,0,24,6.970818977824728,0,0,0,4,31.38530266519422,18,36
normal_537,0,26,8.096274649222273,0,0,0,4,31.38530266519422,18,36
normal_537,0,28,7.047265680991442,0,0,0,4,31.38530266519422,18,36
normal_537,0,30,4.800470148497976,0,0,0,4,31.38530266519422,18,36
normal_537,0,32,5.344250097915635,0,0,0,4,31.38530266519422,18,36
normal_537,0,34,5.106945174180527,0,0,0,4,31.38530266519422,18,36
normal_537,0,36,7.3362859579274735,0,0,0,4,31.38530266519422,18,36
normal_537,0,38,4.912123078487708,0,0,0,4,31.38530266519422,18,36
normal_537,0,40,6.166220807852864,0,0,0,4,31.38530266519422,18,36
normal_537,0,42,6.0879176296427975,0,0,0,4,31.38530266519422,18,36
normal_537,0,44,5.82419874840188,0,0,0,4,31.38530266519422,18,36
normal_543,0,0,3.907080193146202,0,0,0,4,31.38530266519422,18,36
normal_543,0,2,6.76434520686217,0,0,0,4,31.38530266519422,18,36
normal_543,0,4,8.462132151370604,0,0,0,4,31.38530266519422,18,36
normal_543,0,6,7.283738666880073,0,0,0,4,31.38530266519422,18,36
normal_543,0,8,5.699149127555208,0,0,0,4,31.38530266519422,18,36
normal_543,0,10,5.911840419934,0,0,0,4,31.38530266519422,18,36
normal_543,0,12,8.072396206758995,0,0,0,4,31.38530266519422,18,36
normal_543,0,14,4.411913488655539,0,0,0,4,31.38530266519422,18,36
normal_543,0,16,6.8212300887201485,0,0,0,4,31.38530266519422,18,36
normal_543,0,18,7.580348453938628,0,0,0,4,31.38530266519422,18,36
normal_543,0,20,8.767969230243343,0,0,0,4,31.38530266519422,18,36
normal_543,0,22,7.443676345348994,0,0,0,4,31.38530266519422,18,36
normal_543,0,24,6.445647992306235,0,0,0,4,31.38530266519422,18,36
normal_543,0,26,7.635083150916931,0,0,0,4,31.38530266519422,18,36
normal_543,0,28,8.29139674448263,0,0,0,4,31.38530266519422,18,36
normal_543,0,30,6.421371443713393,0,0,0,4,31.38530266519422,18,36
normal_543,0,32,4.1234612660106365,0,0,0,4,31.38530266519422,18,36
normal_543,0,34,4.626712133319064,0,0,0,4,31.38530266519422,18,36
normal_543,0,36,3.886835934950705,0,0,0,4,31.38530266519422,18,36
normal_543,0,38,3.44614590682473,0,0,0,4,31.38530266519422,18,36
normal_543,0,40,3.377915978060872,0,0,0,4,31.38530266519422,18,36
normal_543,0,42,3.501605086818785,0,0,0,4,31.38530266519422,18,36
normal_543,0,44,3.1645672496026203,0,0,0,4,31.38530266519422,18,36
normal_544,0,0,3.69981766521619,0,0,0,4,31.38530266519422,18,36
normal_544,0,2,3.8098014040253707,0,0,0,4,31.38530266519422,18,36
normal_544,0,4,5.698082433896575,0,0,0,4,31.38530266519422,18,36
normal_544,0,6,5.421659232692506,0,0,0,4,31.38530266519422,18,36
normal_544,0,8,5.5932236087929805,0,0,0,4,31.38530266519422,18,36
normal_544,0,10,7.139605137785428,0,0,0,4,31.38530266519422,18,36
normal_544,0,12,9.59282035393085,0,0,0,4,31.38530266519422,18,36
normal_544,0,14,9.756255655550346,0,0,0,4,31.38530266519422,18,36
normal_544,0,16,7.765859495626688,0,0,0,4,31.38530266519422,18,36
normal_544,0,18,9.69565896011284,0,0,0,4,31.38530266519422,18,36
normal_544,0,20,7.582776191004362,0,0,0,4,31.38530266519422,18,36
normal_544,0,22,8.725970052432947,0,0,0,4,31.38530266519422,18,36
normal_544,0,24,9.541839245161297,0,0,0,4,31.38530266519422,18,36
normal_544,0,26,8.604656509007011,0,0,0,4,31.38530266519422,18,36
normal_544,0,28,6.277497779154833,0,0,0,4,31.38530266519422,18,36
normal_544,0,30,9.548705362614852,0,0,0,4,31.38530266519422,18,36
normal_544,0,32,7.0874441332224825,0,0,0,4,31.38530266519422,18,36
normal_544,0,34,8.042437522833701,0,0,0,4,31.38530266519422,18,36
normal_544,0,36,4.799438551486009,0,0,0,4,31.38530266519422,18,36
normal_544,0,38,5.869924355731931,0,0,0,4,31.38530266519422,18,36
normal_544,0,40,5.912925448073944,0,0,0,4,31.38530266519422,18,36
normal_544,0,42,5.072054364458497,0,0,0,4,31.38530266519422,18,36
normal_544,0,44,5.606309106654525,0,0,0,4,31.38530266519422,18,36
normal_558,0,0,6.610671723864113,0,0,0,4,31.38530266519422,18,36
normal_558,0,2,8.516189933453127,0,0,0,4,31.38530266519422,18,36
normal_558,0,4,10.097556701451413,0,0,0,4,31.38530266519422,18,36
normal_558,0,6,8.54785826314525,0,0,0,4,31.38530266519422,18,36
normal_558,0,8,9.874837711343755,0,0,0,4,31.38530266519422,18,36
normal_558,0,10,5.497924450791424,0,0,0,4,31.38530266519422,18,36
normal_558,0,12,5.503521045848392,0,0,0,4,31.38530266519422,18,36
normal_558,0,14,4.376757093584128,0,0,0,4,31.38530266519422,18,36
normal_558,0,16,4.884208254004989,0,0,0,4,31.38530266519422,18,36
normal_558,0,18,5.3033324996304145,0,0,0,4,31.38530266519422,18,36
normal_558,0,20,5.879766008769786,0,0,0,4,31.38530266519422,18,36
normal_558,0,22,4.207019657206648,0,0,0,4,31.38530266519422,18,36
normal_558,0,24,6.221019951464578,0,0,0,4,31.38530266519422,18,36
normal_558,0,26,5.128123179180453,0,0,0,4,31.38530266519422,18,36
normal_558,0,28,7.651328563632963,0,0,0,4,31.38530266519422,18,36
normal_558,0,30,6.1886965547122745,0,0,0,4,31.38530266519422,18,36
normal_558,0,32,7.132692052209281,0,0,0,4,31.38530266519422,18,36
normal_558,0,34,5.899167369718577,0,0,0,4,31.38530266519422,18,36
normal_558,0,36,8.29016295780702,0,0,0,4,31.38530266519422,18,36
normal_558,0,38,6.165418440627581,0,0,0,4,31.38530266519422,18,36
normal_558,0,40,8.653649694606969,0,0,0,4,31.38530266519422,18,36
normal_563,0,0,21.290819971549684,0,0,0,4,31.38530266519422,18,36
normal_563,0,2,12.125988792724584,0,0,0,4,31.38530266519422,18,36
normal_563,0,4,11.126219674396518,0,0,0,4,31.38530266519422,18,36
normal_563,0,6,9.230643861386865,0,0,0,4,31.38530266519422,18,36
normal_563,0,8,8.921625837088087,0,0,0,4,31.38530266519422,18,36
normal_563,0,10,6.989583123716933,0,0,0,4,31.38530266519422,18,36
normal_563,0,12,5.015957087644396,0,0,0,4,31.38530266519422,18,36
normal_563,0,14,5.578266099569079,0,0,0,4,31.38530266519422,18,36
normal_563,0,16,6.037546409671644,0,0,0,4,31.38530266519422,18,36
normal_563,0,18,6.844221111142405,0,0,0,4,31.38530266519422,18,36
normal_563,0,20,7.2034538092666525,0,0,0,4,31.38530266519422,18,36
normal_563,0,22,7.742675359861988,0,0,0,4,31.38530266519422,18,36
normal_563,0,24,11.78813961946623,0,0,0,4,31.38530266519422,18,36
normal_563,0,26,12.930440059628008,0,0,0,4,31.38530266519422,18,36
normal_563,0,28,8.297478670057501,0,0,0,4,31.38530266519422,18,36
normal_563,0,30,8.004910067732748,0,0,0,4,31.38530266519422,18,36
normal_563,0,32,9.43724041440359,0,0,0,4,31.38530266519422,18,36
normal_563,0,34,8.647930498271815,0,0,0,4,31.38530266519422,18,36
normal_563,0,36,6.466860166772103,0,0,0,4,31.38530266519422,18,36
normal_563,0,38,4.590555749162343,0,0,0,4,31.38530266519422,18,36
normal_563,0,40,5.42192581878428,0,0,0,4,31.38530266519422,18,36
normal_563,0,42,7.58791352183249,0,0,0,4,31.38530266519422,18,36
normal_563,0,44,9.01417653625673,0,0,0,4,31.38530266519422,18,36
normal_570,0,0,26.74371698614098,0,0,0,4,31.38530266519422,18,36
normal_570,0,2,56.55642250849456,1,1,0,4,31.38530266519422,18,36
normal_570,0,4,83.01859712755285,1,2,0,4,31.38530266519422,18,36
normal_570,0,6,42.474470736228085,1,3,0,4,31.38530266519422,18,36
normal_570,0,8,89.17130091659396,1,4,0,4,31.38530266519422,18,36
normal_570,0,10,42.372347362358354,1,5,0,4,31.38530266519422,18,36
normal_570,0,12,34.06079941955746,1,6,0,4,31.38530266519422,18,36
normal_570,0,14,28.131134866980705,0,0,0,4,31.38530266519422,18,36
normal_570,0,16,37.78923439160915,1,1,0,4,31.38530266519422,18,36
normal_570,0,18,48.243045697907085,1,2,0,4,31.38530266519422,18,36
normal_570,0,20,39.26085142556889,1,3,0,4,31.38530266519422,18,36
normal_570,0,22,16.780153122595294,0,0,0,4,31.38530266519422,18,36
normal_570,0,24,17.41490418433618,0,0,0,4,31.38530266519422,18,36
normal_570,0,26,11.538930898940658,0,0,0,4,31.38530266519422,18,36
normal_570,0,28,22.767153481285348,0,0,0,4,31.38530266519422,18,36
normal_570,0,30,19.61305690193037,0,0,0,4,31.38530266519422,18,36
normal_570,0,32,18.93044434660285,0,0,0,4,31.38530266519422,18,36
normal_570,0,34,26.07839108418137,0,0,0,4,31.38530266519422,18,36
normal_570,0,36,30.79799391957907,0,0,0,4,31.38530266519422,18,36
normal_570,0,38,31.736828379967257,1,1,0,4,31.38530266519422,18,36
normal_572,0,0,12.103801431319132,0,0,0,4,31.38530266519422,18,36
normal_572,0,2,17.585641304552222,0,0,0,4,31.38530266519422,18,36
normal_572,0,4,14.890680109436731,0,0,0,4,31.38530266519422,18,36
normal_572,0,6,11.432008412538178,0,0,0,4,31.38530266519422,18,36
normal_572,0,8,9.61144002625527,0,0,0,4,31.38530266519422,18,36
normal_572,0,10,11.440814577182174,0,0,0,4,31.38530266519422,18,36
normal_572,0,12,17.377693439932028,0,0,0,4,31.38530266519422,18,36
normal_572,0,14,17.690965392918297,0,0,0,4,31.38530266519422,18,36
normal_572,0,16,13.356561651113756,0,0,0,4,31.38530266519422,18,36
normal_572,0,18,17.23825363281302,0,0,0,4,31.38530266519422,18,36
normal_572,0,20,17.88663219711268,0,0,0,4,31.38530266519422,18,36
normal_572,0,22,15.471478610470617,0,0,0,4,31.38530266519422,18,36
normal_572,0,24,15.764170147174001,0,0,0,4,31.38530266519422,18,36
normal_585,0,0,12.639515566876117,0,0,0,4,31.38530266519422,18,36
normal_585,0,2,13.03740543086074,0,0,0,4,31.38530266519422,18,36
normal_585,0,4,11.001795666441014,0,0,0,4,31.38530266519422,18,36
normal_585,0,6,11.543726927320776,0,0,0,4,31.38530266519422,18,36
normal_585,0,8,14.148557284180988,0,0,0,4,31.38530266519422,18,36
normal_585,0,10,14.928715366523557,0,0,0,4,31.38530266519422,18,36
normal_585,0,12,10.883719884738388,0,0,0,4,31.38530266519422,18,36
normal_585,0,14,10.794722308153915,0,0,0,4,31.38530266519422,18,36
normal_585,0,16,10.389449845071436,0,0,0,4,31.38530266519422,18,36
normal_585,0,18,12.875697673004353,0,0,0,4,31.38530266519422,18,36
normal_585,0,20,11.470071088216203,0,0,0,4,31.38530266519422,18,36
normal_587,0,0,12.95301960984172,0,0,0,4,31.38530266519422,18,36
normal_587,0,2,11.180932536534842,0,0,0,4,31.38530266519422,18,36
normal_587,0,4,12.31155551555422,0,0,0,4,31.38530266519422,18,36
normal_587,0,6,10.484745666253843,0,0,0,4,31.38530266519422,18,36
normal_587,0,8,10.478313274449167,0,0,0,4,31.38530266519422,18,36
normal_587,0,10,11.030002806794373,0,0,0,4,31.38530266519422,18,36
normal_587,0,12,11.388408931365637,0,0,0,4,31.38530266519422,18,36
normal_587,0,14,10.299939300768084,0,0,0,4,31.38530266519422,18,36
normal_587,0,16,14.121070406774994,0,0,0,4,31.38530266519422,18,36
normal_587,0,18,13.964937192636098,0,0,0,4,31.38530266519422,18,36
normal_587,0,20,14.400842886184735,0,0,0,4,31.38530266519422,18,36
normal_587,0,22,15.409037117021802,0,0,0,4,31.38530266519422,18,36
normal_587,0,24,16.402214190996432,0,0,0,4,31.38530266519422,18,36
normal_587,0,26,14.686804761864703,0,0,0,4,31.38530266519422,18,36
normal_587,0,28,13.760761618682423,0,0,0,4,31.38530266519422,18,36
normal_587,0,30,11.64759681398434,0,0,0,4,31.38530266519422,18,36
normal_587,0,32,11.708967853767076,0,0,0,4,31.38530266519422,18,36
normal_587,0,34,13.821593352159375,0,0,0,4,31.38530266519422,18,36
normal_587,0,36,12.278510177857559,0,0,0,4,31.38530266519422,18,36
normal_587,0,38,10.581096634842252,0,0,0,4,31.38530266519422,18,36
normal_587,0,40,16.75763153361857,0,0,0,4,31.38530266519422,18,36
normal_587,0,42,17.13806852937655,0,0,0,4,31.38530266519422,18,36
normal_587,0,44,14.722655622123696,0,0,0,4,31.38530266519422,18,36
normal_599,0,0,16.176224010286045,0,0,0,4,31.38530266519422,18,36
normal_599,0,2,17.746231668395115,0,0,0,4,31.38530266519422,18,36
normal_599,0,4,9.066966924019313,0,0,0,4,31.38530266519422,18,36
normal_599,0,6,10.687801953528732,0,0,0,4,31.38530266519422,18,36
normal_599,0,8,14.339708247579415,0,0,0,4,31.38530266519422,18,36
normal_599,0,10,8.993353800156717,0,0,0,4,31.38530266519422,18,36
normal_599,0,12,10.705780038134895,0,0,0,4,31.38530266519422,18,36
normal_599,0,14,7.438397149569148,0,0,0,4,31.38530266519422,18,36
normal_599,0,16,9.299363016203943,0,0,0,4,31.38530266519422,18,36
normal_599,0,18,6.29554408250225,0,0,0,4,31.38530266519422,18,36
normal_599,0,20,5.838946794381411,0,0,0,4,31.38530266519422,18,36
normal_599,0,22,5.833167043647024,0,0,0,4,31.38530266519422,18,36
normal_599,0,24,4.718557982932475,0,0,0,4,31.38530266519422,18,36
normal_599,0,26,4.204542033023632,0,0,0,4,31.38530266519422,18,36
normal_599,0,28,6.114344162093566,0,0,0,4,31.38530266519422,18,36
normal_599,0,30,5.723115270312006,0,0,0,4,31.38530266519422,18,36
normal_599,0,32,7.8954634251528555,0,0,0,4,31.38530266519422,18,36
normal_599,0,34,5.424877079508122,0,0,0,4,31.38530266519422,18,36
normal_599,0,36,9.197651806166263,0,0,0,4,31.38530266519422,18,36
normal_599,0,38,11.436227401948932,0,0,0,4,31.38530266519422,18,36
anomaly_8,1,0,696.7783362585783,1,1,0,4,31.38530266519422,18,36
anomaly_8,1,2,1165.3751914687655,1,2,0,4,31.38530266519422,18,36
anomaly_8,1,4,743.9780818584663,1,3,0,4,31.38530266519422,18,36
anomaly_8,1,6,870.0544554624364,1,4,0,4,31.38530266519422,18,36
anomaly_8,1,8,933.0776737440152,1,5,0,4,31.38530266519422,18,36
anomaly_8,1,10,863.6291216998859,1,6,0,4,31.38530266519422,18,36
anomaly_8,1,12,401.12789611571384,1,7,0,4,31.38530266519422,18,36
anomaly_8,1,14,468.30696354762233,1,8,0,4,31.38530266519422,18,36
anomaly_8,1,16,541.05887995602,1,9,0,4,31.38530266519422,18,36
anomaly_8,1,18,661.3671579740782,1,10,0,4,31.38530266519422,18,36
anomaly_8,1,20,225.49216978108248,1,11,0,4,31.38530266519422,18,36
anomaly_8,1,22,112.40386435697094,1,12,0,4,31.38530266519422,18,36
anomaly_8,1,24,171.50027748113538,1,13,0,4,31.38530266519422,18,36
anomaly_8,1,26,245.77656348723715,1,14,0,4,31.38530266519422,18,36
anomaly_8,1,28,193.65885634392544,1,15,0,4,31.38530266519422,18,36
anomaly_8,1,30,429.9210382471649,1,16,0,4,31.38530266519422,18,36
anomaly_8,1,32,483.8725377374079,1,17,0,4,31.38530266519422,18,36
anomaly_8,1,34,371.8126848793819,1,18,1,4,31.38530266519422,18,36
anomaly_17,1,0,697.731784385927,1,1,0,4,31.38530266519422,18,36
anomaly_17,1,2,639.201284613089,1,2,0,4,31.38530266519422,18,36
anomaly_17,1,4,199.15170180674477,1,3,0,4,31.38530266519422,18,36
anomaly_17,1,6,121.44897034081275,1,4,0,4,31.38530266519422,18,36
anomaly_17,1,8,240.03080034156727,1,5,0,4,31.38530266519422,18,36
anomaly_17,1,10,457.92646131640674,1,6,0,4,31.38530266519422,18,36
anomaly_17,1,12,454.1071464244076,1,7,0,4,31.38530266519422,18,36
anomaly_17,1,14,94.02455954939073,1,8,0,4,31.38530266519422,18,36
anomaly_17,1,16,166.463018611653,1,9,0,4,31.38530266519422,18,36
anomaly_17,1,18,75.19350230325631,1,10,0,4,31.38530266519422,18,36
anomaly_17,1,20,42.48448968483652,1,11,0,4,31.38530266519422,18,36
anomaly_17,1,22,131.02000197664216,1,12,0,4,31.38530266519422,18,36
anomaly_17,1,24,53.97694377627357,1,13,0,4,31.38530266519422,18,36
anomaly_17,1,26,71.32795596944132,1,14,0,4,31.38530266519422,18,36
anomaly_17,1,28,34.381474325305696,1,15,0,4,31.38530266519422,18,36
anomaly_17,1,30,248.08718779672546,1,16,0,4,31.38530266519422,18,36
anomaly_17,1,32,134.0096981003052,1,17,0,4,31.38530266519422,18,36
anomaly_17,1,34,346.2699481851823,1,18,1,4,31.38530266519422,18,36
anomaly_17,1,36,325.59211426954397,1,19,1,4,31.38530266519422,18,36
anomaly_17,1,38,292.2388109936253,1,20,1,4,31.38530266519422,18,36
anomaly_17,1,40,894.6559422697801,1,21,1,4,31.38530266519422,18,36
anomaly_17,1,42,743.3348148759707,1,22,1,4,31.38530266519422,18,36
anomaly_17,1,44,1052.6448882009754,1,23,1,4,31.38530266519422,18,36
anomaly_18,1,0,987.0921534016186,1,1,0,4,31.38530266519422,18,36
anomaly_18,1,2,666.7043733712105,1,2,0,4,31.38530266519422,18,36
anomaly_18,1,4,1207.2228409429779,1,3,0,4,31.38530266519422,18,36
anomaly_18,1,6,879.8383064091647,1,4,0,4,31.38530266519422,18,36
anomaly_18,1,8,1295.0557789461861,1,5,0,4,31.38530266519422,18,36
anomaly_18,1,10,693.194583876452,1,6,0,4,31.38530266519422,18,36
anomaly_18,1,12,569.5240429875386,1,7,0,4,31.38530266519422,18,36
anomaly_18,1,14,315.6529567758993,1,8,0,4,31.38530266519422,18,36
anomaly_18,1,16,62.34699464675465,1,9,0,4,31.38530266519422,18,36
anomaly_18,1,18,67.24067182948815,1,10,0,4,31.38530266519422,18,36
anomaly_18,1,20,87.29739382612127,1,11,0,4,31.38530266519422,18,36
anomaly_18,1,22,103.1086387128898,1,12,0,4,31.38530266519422,18,36
anomaly_18,1,24,88.6807082139345,1,13,0,4,31.38530266519422,18,36
anomaly_18,1,26,270.2546648890738,1,14,0,4,31.38530266519422,18,36
anomaly_18,1,28,166.82174297211498,1,15,0,4,31.38530266519422,18,36
anomaly_18,1,30,186.95108356631238,1,16,0,4,31.38530266519422,18,36
normal_2,0,0,11.27457475697645,0,0,0,5,32.96180546610837,19,39
normal_2,0,2,12.553181606533737,0,0,0,5,32.96180546610837,19,39
normal_2,0,4,10.364879814466878,0,0,0,5,32.96180546610837,19,39
normal_2,0,6,8.379272689551138,0,0,0,5,32.96180546610837,19,39
normal_2,0,8,9.694212312504568,0,0,0,5,32.96180546610837,19,39
normal_2,0,10,13.157406209278102,0,0,0,5,32.96180546610837,19,39
normal_2,0,12,11.21565176275575,0,0,0,5,32.96180546610837,19,39
normal_2,0,14,9.769585999824574,0,0,0,5,32.96180546610837,19,39
normal_2,0,16,13.054628819400238,0,0,0,5,32.96180546610837,19,39
normal_2,0,18,15.029047939754646,0,0,0,5,32.96180546610837,19,39
normal_2,0,20,14.572471922312332,0,0,0,5,32.96180546610837,19,39
normal_2,0,22,11.24461714643739,0,0,0,5,32.96180546610837,19,39
normal_2,0,24,10.916944733922186,0,0,0,5,32.96180546610837,19,39
normal_2,0,26,14.031072124441073,0,0,0,5,32.96180546610837,19,39
normal_2,0,28,12.92842596252964,0,0,0,5,32.96180546610837,19,39
normal_2,0,30,12.852025219807164,0,0,0,5,32.96180546610837,19,39
normal_2,0,32,13.85819584788689,0,0,0,5,32.96180546610837,19,39
normal_12,0,0,11.014745797424977,0,0,0,5,32.96180546610837,19,39
normal_12,0,2,6.625991522765399,0,0,0,5,32.96180546610837,19,39
normal_12,0,4,7.204472641547214,0,0,0,5,32.96180546610837,19,39
normal_12,0,6,5.285283669284219,0,0,0,5,32.96180546610837,19,39
normal_12,0,8,5.404396282253601,0,0,0,5,32.96180546610837,19,39
normal_12,0,10,3.08916301332386,0,0,0,5,32.96180546610837,19,39
normal_12,0,12,4.688371536703812,0,0,0,5,32.96180546610837,19,39
normal_12,0,14,8.493361278631548,0,0,0,5,32.96180546610837,19,39
normal_12,0,16,6.531090120763813,0,0,0,5,32.96180546610837,19,39
normal_12,0,18,9.998813162532418,0,0,0,5,32.96180546610837,19,39
normal_12,0,20,14.09379759968248,0,0,0,5,32.96180546610837,19,39
normal_12,0,22,11.14883963025305,0,0,0,5,32.96180546610837,19,39
normal_12,0,24,8.747679170635948,0,0,0,5,32.96180546610837,19,39
normal_12,0,26,10.050860274207063,0,0,0,5,32.96180546610837,19,39
normal_12,0,28,10.214678520886396,0,0,0,5,32.96180546610837,19,39
normal_12,0,30,10.744537353200517,0,0,0,5,32.96180546610837,19,39
normal_12,0,32,7.4030893662174115,0,0,0,5,32.96180546610837,19,39
normal_12,0,34,6.220151851979175,0,0,0,5,32.96180546610837,19,39
normal_12,0,36,4.113791560770016,0,0,0,5,32.96180546610837,19,39
normal_12,0,38,3.602589057037816,0,0,0,5,32.96180546610837,19,39
normal_12,0,40,6.795121319613258,0,0,0,5,32.96180546610837,19,39
normal_12,0,42,7.86367456590249,0,0,0,5,32.96180546610837,19,39
normal_12,0,44,8.086521892493142,0,0,0,5,32.96180546610837,19,39
normal_14,0,0,20.9099919253386,0,0,0,5,32.96180546610837,19,39
normal_14,0,2,16.49236800764472,0,0,0,5,32.96180546610837,19,39
normal_14,0,4,12.243699101216222,0,0,0,5,32.96180546610837,19,39
normal_14,0,6,11.485991787911097,0,0,0,5,32.96180546610837,19,39
normal_14,0,8,9.280053132626051,0,0,0,5,32.96180546610837,19,39
normal_14,0,10,13.129087469677206,0,0,0,5,32.96180546610837,19,39
normal_14,0,12,13.324526614800837,0,0,0,5,32.96180546610837,19,39
normal_14,0,14,12.63609356411418,0,0,0,5,32.96180546610837,19,39
normal_14,0,16,12.00854770601057,0,0,0,5,32.96180546610837,19,39
normal_14,0,18,13.172712715412972,0,0,0,5,32.96180546610837,19,39
normal_14,0,20,12.38385471333097,0,0,0,5,32.96180546610837,19,39
normal_16,0,0,16.70350734107597,0,0,0,5,32.96180546610837,19,39
normal_16,0,2,16.088158863316938,0,0,0,5,32.96180546610837,19,39
normal_16,0,4,13.251340628910654,0,0,0,5,32.96180546610837,19,39
normal_16,0,6,19.507986208438467,0,0,0,5,32.96180546610837,19,39
normal_16,0,8,16.849692418960206,0,0,0,5,32.96180546610837,19,39
normal_16,0,10,15.589585797774486,0,0,0,5,32.96180546610837,19,39
normal_16,0,12,11.605808083432608,0,0,0,5,32.96180546610837,19,39
normal_16,0,14,12.262259698274937,0,0,0,5,32.96180546610837,19,39
normal_16,0,16,13.30143768355473,0,0,0,5,32.96180546610837,19,39
normal_16,0,18,14.898123306216917,0,0,0,5,32.96180546610837,19,39
normal_16,0,20,16.920335807669332,0,0,0,5,32.96180546610837,19,39
normal_16,0,22,18.68034179631363,0,0,0,5,32.96180546610837,19,39
normal_16,0,24,16.908067757629098,0,0,0,5,32.96180546610837,19,39
normal_16,0,26,19.124169265342896,0,0,0,5,32.96180546610837,19,39
normal_16,0,28,19.926342540551722,0,0,0,5,32.96180546610837,19,39
normal_16,0,30,18.391816545705105,0,0,0,5,32.96180546610837,19,39
normal_16,0,32,16.39331752862846,0,0,0,5,32.96180546610837,19,39
normal_16,0,34,16.314075033173193,0,0,0,5,32.96180546610837,19,39
normal_16,0,36,13.70491072737281,0,0,0,5,32.96180546610837,19,39
normal_16,0,38,13.08851189132962,0,0,0,5,32.96180546610837,19,39
normal_16,0,40,11.563158859252074,0,0,0,5,32.96180546610837,19,39
normal_16,0,42,14.177643593236473,0,0,0,5,32.96180546610837,19,39
normal_16,0,44,14.032036708878973,0,0,0,5,32.96180546610837,19,39
normal_23,0,0,11.686900719774627,0,0,0,5,32.96180546610837,19,39
normal_23,0,2,12.906901774643929,0,0,0,5,32.96180546610837,19,39
normal_23,0,4,12.384084028310786,0,0,0,5,32.96180546610837,19,39
normal_23,0,6,12.467648707539452,0,0,0,5,32.96180546610837,19,39
normal_23,0,8,13.567793001541526,0,0,0,5,32.96180546610837,19,39
normal_23,0,10,11.628375724753766,0,0,0,5,32.96180546610837,19,39
normal_23,0,12,10.9822596108617,0,0,0,5,32.96180546610837,19,39
normal_23,0,14,10.617344316783438,0,0,0,5,32.96180546610837,19,39
normal_23,0,16,9.478643343751868,0,0,0,5,32.96180546610837,19,39
normal_23,0,18,10.40652257756373,0,0,0,5,32.96180546610837,19,39
normal_23,0,20,12.48606326193962,0,0,0,5,32.96180546610837,19,39
normal_23,0,22,13.744687094287093,0,0,0,5,32.96180546610837,19,39
normal_23,0,24,11.0665406362251,0,0,0,5,32.96180546610837,19,39
normal_23,0,26,13.14574926364429,0,0,0,5,32.96180546610837,19,39
normal_23,0,28,15.53323541698416,0,0,0,5,32.96180546610837,19,39
normal_23,0,30,13.797400785998793,0,0,0,5,32.96180546610837,19,39
normal_23,0,32,12.931569086668578,0,0,0,5,32.96180546610837,19,39
normal_23,0,34,13.020411532814789,0,0,0,5,32.96180546610837,19,39
normal_23,0,36,13.033466443645272,0,0,0,5,32.96180546610837,19,39
normal_23,0,38,9.732090561668512,0,0,0,5,32.96180546610837,19,39
normal_23,0,40,7.447395664293037,0,0,0,5,32.96180546610837,19,39
normal_23,0,42,7.854898392445238,0,0,0,5,32.96180546610837,19,39
normal_23,0,44,9.48638843437203,0,0,0,5,32.96180546610837,19,39
normal_35,0,0,13.011556811871824,0,0,0,5,32.96180546610837,19,39
normal_35,0,2,11.453027550813587,0,0,0,5,32.96180546610837,19,39
normal_35,0,4,13.427399432481899,0,0,0,5,32.96180546610837,19,39
normal_35,0,6,11.585141156829554,0,0,0,5,32.96180546610837,19,39
normal_35,0,8,10.05751419448222,0,0,0,5,32.96180546610837,19,39
normal_35,0,10,9.926057864665468,0,0,0,5,32.96180546610837,19,39
normal_35,0,12,10.707549396357756,0,0,0,5,32.96180546610837,19,39
normal_35,0,14,11.3729574415951,0,0,0,5,32.96180546610837,19,39
normal_35,0,16,12.86497251549166,0,0,0,5,32.96180546610837,19,39
normal_35,0,18,14.69140291801158,0,0,0,5,32.96180546610837,19,39
normal_35,0,20,16.528106447637725,0,0,0,5,32.96180546610837,19,39
normal_35,0,22,16.113348137964806,0,0,0,5,32.96180546610837,19,39
normal_35,0,24,14.26733352802621,0,0,0,5,32.96180546610837,19,39
normal_35,0,26,15.299562360325915,0,0,0,5,32.96180546610837,19,39
normal_35,0,28,19.99821713557419,0,0,0,5,32.96180546610837,19,39
normal_35,0,30,17.461454863747655,0,0,0,5,32.96180546610837,19,39
normal_35,0,32,17.361409850879173,0,0,0,5,32.96180546610837,19,39
normal_35,0,34,14.233711252588037,0,0,0,5,32.96180546610837,19,39
normal_35,0,36,13.939213792774428,0,0,0,5,32.96180546610837,19,39
normal_35,0,38,14.898545512000714,0,0,0,5,32.96180546610837,19,39
normal_35,0,40,14.82371458579645,0,0,0,5,32.96180546610837,19,39
normal_35,0,42,10.80580428261014,0,0,0,5,32.96180546610837,19,39
normal_35,0,44,12.673370682902338,0,0,0,5,32.96180546610837,19,39
normal_37,0,0,9.967489401275214,0,0,0,5,32.96180546610837,19,39
normal_37,0,2,12.381367637242144,0,0,0,5,32.96180546610837,19,39
normal_37,0,4,13.199049420617149,0,0,0,5,32.96180546610837,19,39
normal_37,0,6,10.646196723016782,0,0,0,5,32.96180546610837,19,39
normal_37,0,8,13.423337509204842,0,0,0,5,32.96180546610837,19,39
normal_37,0,10,15.63898062048518,0,0,0,5,32.96180546610837,19,39
normal_37,0,12,14.89354979525765,0,0,0,5,32.96180546610837,19,39
normal_37,0,14,12.2590871082288,0,0,0,5,32.96180546610837,19,39
normal_37,0,16,10.558529092510298,0,0,0,5,32.96180546610837,19,39
normal_37,0,18,11.434567557704085,0,0,0,5,32.96180546610837,19,39
normal_37,0,20,12.532590649554514,0,0,0,5,32.96180546610837,19,39
normal_37,0,22,11.916519138144366,0,0,0,5,32.96180546610837,19,39
normal_37,0,24,10.046052911241603,0,0,0,5,32.96180546610837,19,39
normal_37,0,26,11.247061171160663,0,0,0,5,32.96180546610837,19,39
normal_37,0,28,13.337828406756076,0,0,0,5,32.96180546610837,19,39
normal_37,0,30,13.540608677321371,0,0,0,5,32.96180546610837,19,39
normal_37,0,32,12.731824092567763,0,0,0,5,32.96180546610837,19,39
normal_38,0,0,7.243011765923543,0,0,0,5,32.96180546610837,19,39
normal_38,0,2,8.114927603297327,0,0,0,5,32.96180546610837,19,39
normal_38,0,4,10.799584089263677,0,0,0,5,32.96180546610837,19,39
normal_38,0,6,10.181967593248661,0,0,0,5,32.96180546610837,19,39
normal_38,0,8,8.491186635056895,0,0,0,5,32.96180546610837,19,39
normal_38,0,10,11.522668193573883,0,0,0,5,32.96180546610837,19,39
normal_38,0,12,10.096274539755363,0,0,0,5,32.96180546610837,19,39
normal_38,0,14,12.723888881206543,0,0,0,5,32.96180546610837,19,39
normal_38,0,16,9.92973598956777,0,0,0,5,32.96180546610837,19,39
normal_38,0,18,9.039111995294444,0,0,0,5,32.96180546610837,19,39
normal_49,0,0,8.554801266890616,0,0,0,5,32.96180546610837,19,39
normal_49,0,2,7.880194307766661,0,0,0,5,32.96180546610837,19,39
normal_49,0,4,6.3324899693858505,0,0,0,5,32.96180546610837,19,39
normal_49,0,6,5.991250572490214,0,0,0,5,32.96180546610837,19,39
normal_49,0,8,8.031443479026455,0,0,0,5,32.96180546610837,19,39
normal_49,0,10,7.650098464459949,0,0,0,5,32.96180546610837,19,39
normal_49,0,12,6.484202813517109,0,0,0,5,32.96180546610837,19,39
normal_49,0,14,9.534700667233656,0,0,0,5,32.96180546610837,19,39
normal_49,0,16,12.605438324272901,0,0,0,5,32.96180546610837,19,39
normal_49,0,18,14.320975691741381,0,0,0,5,32.96180546610837,19,39
normal_49,0,20,10.76174970638033,0,0,0,5,32.96180546610837,19,39
normal_49,0,22,10.583917696917073,0,0,0,5,32.96180546610837,19,39
normal_49,0,24,9.875948601639093,0,0,0,5,32.96180546610837,19,39
normal_49,0,26,6.802408147305379,0,0,0,5,32.96180546610837,19,39
normal_49,0,28,5.776413048865169,0,0,0,5,32.96180546610837,19,39
normal_49,0,30,11.735996471654616,0,0,0,5,32.96180546610837,19,39
normal_49,0,32,10.765604580617998,0,0,0,5,32.96180546610837,19,39
normal_49,0,34,11.038187182709887,0,0,0,5,32.96180546610837,19,39
normal_49,0,36,6.899358963722583,0,0,0,5,32.96180546610837,19,39
normal_49,0,38,3.851349196564728,0,0,0,5,32.96180546610837,19,39
normal_49,0,40,6.565976743880508,0,0,0,5,32.96180546610837,19,39
normal_49,0,42,6.679229091018629,0,0,0,5,32.96180546610837,19,39
normal_49,0,44,5.878018080673509,0,0,0,5,32.96180546610837,19,39
normal_50,0,0,25.324289016360737,0,0,0,5,32.96180546610837,19,39
normal_50,0,2,29.501151777874696,0,0,0,5,32.96180546610837,19,39
normal_50,0,4,38.299187984513225,1,1,0,5,32.96180546610837,19,39
normal_50,0,6,24.386105551874255,0,0,0,5,32.96180546610837,19,39
normal_50,0,8,21.735239365804112,0,0,0,5,32.96180546610837,19,39
normal_50,0,10,9.129680469996742,0,0,0,5,32.96180546610837,19,39
normal_50,0,12,9.578069496423689,0,0,0,5,32.96180546610837,19,39
normal_50,0,14,8.257906881702201,0,0,0,5,32.96180546610837,19,39
normal_50,0,16,13.065777048590455,0,0,0,5,32.96180546610837,19,39
normal_50,0,18,10.93801378729557,0,0,0,5,32.96180546610837,19,39
normal_50,0,20,14.918304647098674,0,0,0,5,32.96180546610837,19,39
normal_50,0,22,25.124593628127815,0,0,0,5,32.96180546610837,19,39
normal_50,0,24,21.3286507547859,0,0,0,5,32.96180546610837,19,39
normal_50,0,26,21.864764889052342,0,0,0,5,32.96180546610837,19,39
normal_50,0,28,28.564005653481587,0,0,0,5,32.96180546610837,19,39
normal_50,0,30,24.410260197359857,0,0,0,5,32.96180546610837,19,39
normal_50,0,32,23.815466132026234,0,0,0,5,32.96180546610837,19,39
normal_50,0,34,27.6756114380993,0,0,0,5,32.96180546610837,19,39
normal_60,0,0,14.124050691651217,0,0,0,5,32.96180546610837,19,39
normal_60,0,2,13.180983616453243,0,0,0,5,32.96180546610837,19,39
normal_60,0,4,12.15951911293513,0,0,0,5,32.96180546610837,19,39
normal_60,0,6,13.604901547407271,0,0,0,5,32.96180546610837,19,39
normal_60,0,8,13.777075014500989,0,0,0,5,32.96180546610837,19,39
normal_60,0,10,12.909473272827267,0,0,0,5,32.96180546610837,19,39
normal_60,0,12,11.968737835301562,0,0,0,5,32.96180546610837,19,39
normal_60,0,14,13.439948423401457,0,0,0,5,32.96180546610837,19,39
normal_60,0,16,10.506997816803734,0,0,0,5,32.96180546610837,19,39
normal_60,0,18,10.359035114057741,0,0,0,5,32.96180546610837,19,39
normal_60,0,20,11.110131030869903,0,0,0,5,32.96180546610837,19,39
normal_60,0,22,10.63527651222774,0,0,0,5,32.96180546610837,19,39
normal_60,0,24,10.640433980239463,0,0,0,5,32.96180546610837,19,39
normal_60,0,26,12.194516235536904,0,0,0,5,32.96180546610837,19,39
normal_60,0,28,12.302791384150172,0,0,0,5,32.96180546610837,19,39
normal_60,0,30,12.883431072685429,0,0,0,5,32.96180546610837,19,39
normal_60,0,32,11.39514717506422,0,0,0,5,32.96180546610837,19,39
normal_60,0,34,12.60660355745813,0,0,0,5,32.96180546610837,19,39
normal_60,0,36,14.295581515994238,0,0,0,5,32.96180546610837,19,39
normal_60,0,38,15.314956153722033,0,0,0,5,32.96180546610837,19,39
normal_60,0,40,14.718534662287642,0,0,0,5,32.96180546610837,19,39
normal_60,0,42,14.56708448639446,0,0,0,5,32.96180546610837,19,39
normal_60,0,44,16.318062482284084,0,0,0,5,32.96180546610837,19,39
normal_64,0,0,16.02401353738262,0,0,0,5,32.96180546610837,19,39
normal_64,0,2,13.416152414712913,0,0,0,5,32.96180546610837,19,39
normal_64,0,4,16.8837595489143,0,0,0,5,32.96180546610837,19,39
normal_64,0,6,15.171122632396296,0,0,0,5,32.96180546610837,19,39
normal_64,0,8,7.1368960648442075,0,0,0,5,32.96180546610837,19,39
normal_64,0,10,7.646446761378867,0,0,0,5,32.96180546610837,19,39
normal_64,0,12,8.402245496908936,0,0,0,5,32.96180546610837,19,39
normal_64,0,14,7.74354797708794,0,0,0,5,32.96180546610837,19,39
normal_64,0,16,8.92482370151869,0,0,0,5,32.96180546610837,19,39
normal_64,0,18,11.25594540162408,0,0,0,5,32.96180546610837,19,39
normal_64,0,20,14.273714673257052,0,0,0,5,32.96180546610837,19,39
normal_64,0,22,14.577061731310206,0,0,0,5,32.96180546610837,19,39
normal_64,0,24,14.796063432832437,0,0,0,5,32.96180546610837,19,39
normal_64,0,26,15.475821041321927,0,0,0,5,32.96180546610837,19,39
normal_64,0,28,15.536300344054055,0,0,0,5,32.96180546610837,19,39
normal_64,0,30,10.775561926425526,0,0,0,5,32.96180546610837,19,39
normal_64,0,32,8.818506930247443,0,0,0,5,32.96180546610837,19,39
normal_64,0,34,9.857683685749045,0,0,0,5,32.96180546610837,19,39
normal_64,0,36,11.471196716407256,0,0,0,5,32.96180546610837,19,39
normal_64,0,38,12.11808710586539,0,0,0,5,32.96180546610837,19,39
normal_64,0,40,10.932413594584114,0,0,0,5,32.96180546610837,19,39
normal_64,0,42,11.103816412905195,0,0,0,5,32.96180546610837,19,39
normal_64,0,44,11.401532259718987,0,0,0,5,32.96180546610837,19,39
normal_65,0,0,18.689364706869803,0,0,0,5,32.96180546610837,19,39
normal_65,0,2,23.1834856874932,0,0,0,5,32.96180546610837,19,39
normal_65,0,4,16.91566876913157,0,0,0,5,32.96180546610837,19,39
normal_65,0,6,16.680216653480215,0,0,0,5,32.96180546610837,19,39
normal_65,0,8,27.82847678837864,0,0,0,5,32.96180546610837,19,39
normal_65,0,10,25.85806042038104,0,0,0,5,32.96180546610837,19,39
normal_65,0,12,25.88253103716298,0,0,0,5,32.96180546610837,19,39
normal_65,0,14,31.666627621210136,0,0,0,5,32.96180546610837,19,39
normal_65,0,16,15.142948789177664,0,0,0,5,32.96180546610837,19,39
normal_65,0,18,13.377271752484612,0,0,0,5,32.96180546610837,19,39
normal_65,0,20,14.594433386164932,0,0,0,5,32.96180546610837,19,39
normal_65,0,22,11.861746525555567,0,0,0,5,32.96180546610837,19,39
normal_65,0,24,14.732828845205399,0,0,0,5,32.96180546610837,19,39
normal_65,0,26,18.011274715216064,0,0,0,5,32.96180546610837,19,39
normal_65,0,28,12.530074007278225,0,0,0,5,32.96180546610837,19,39
normal_65,0,30,6.388320937414579,0,0,0,5,32.96180546610837,19,39
normal_65,0,32,11.330468582376355,0,0,0,5,32.96180546610837,19,39
normal_65,0,34,11.316720815749598,0,0,0,5,32.96180546610837,19,39
normal_65,0,36,17.03685590990153,0,0,0,5,32.96180546610837,19,39
normal_65,0,38,18.396469209724383,0,0,0,5,32.96180546610837,19,39
normal_65,0,40,16.33879973359553,0,0,0,5,32.96180546610837,19,39
normal_65,0,42,22.570290436761994,0,0,0,5,32.96180546610837,19,39
normal_65,0,44,21.545620013493107,0,0,0,5,32.96180546610837,19,39
normal_67,0,0,14.960791509708674,0,0,0,5,32.96180546610837,19,39
normal_67,0,2,15.8876024891036,0,0,0,5,32.96180546610837,19,39
normal_67,0,4,16.21585436627461,0,0,0,5,32.96180546610837,19,39
normal_67,0,6,11.585657233339674,0,0,0,5,32.96180546610837,19,39
normal_67,0,8,11.853550415439607,0,0,0,5,32.96180546610837,19,39
normal_67,0,10,12.181348000311113,0,0,0,5,32.96180546610837,19,39
normal_67,0,12,10.910584959950127,0,0,0,5,32.96180546610837,19,39
normal_67,0,14,9.77775440573097,0,0,0,5,32.96180546610837,19,39
normal_67,0,16,10.983414695120146,0,0,0,5,32.96180546610837,19,39
normal_67,0,18,13.63306657556981,0,0,0,5,32.96180546610837,19,39
normal_67,0,20,12.516521138668042,0,0,0,5,32.96180546610837,19,39
normal_67,0,22,10.162750559174006,0,0,0,5,32.96180546610837,19,39
normal_67,0,24,12.545579452997142,0,0,0,5,32.96180546610837,19,39
normal_67,0,26,15.145629246748955,0,0,0,5,32.96180546610837,19,39
normal_67,0,28,15.79503190698498,0,0,0,5,32.96180546610837,19,39
normal_67,0,30,11.438345871913294,0,0,0,5,32.96180546610837,19,39
normal_67,0,32,10.4840404652677,0,0,0,5,32.96180546610837,19,39
normal_67,0,34,12.082100042704175,0,0,0,5,32.96180546610837,19,39
normal_67,0,36,11.749266299801361,0,0,0,5,32.96180546610837,19,39
normal_67,0,38,10.457803307512421,0,0,0,5,32.96180546610837,19,39
normal_67,0,40,11.496837907189306,0,0,0,5,32.96180546610837,19,39
normal_67,0,42,11.663462364839122,0,0,0,5,32.96180546610837,19,39
normal_67,0,44,12.38469569169795,0,0,0,5,32.96180546610837,19,39
normal_74,0,0,22.792987753160695,0,0,0,5,32.96180546610837,19,39
normal_74,0,2,29.967270503421535,0,0,0,5,32.96180546610837,19,39
normal_74,0,4,16.221675293202043,0,0,0,5,32.96180546610837,19,39
normal_74,0,6,12.841466465332429,0,0,0,5,32.96180546610837,19,39
normal_74,0,8,12.234003145872382,0,0,0,5,32.96180546610837,19,39
normal_74,0,10,14.484187469280966,0,0,0,5,32.96180546610837,19,39
normal_74,0,12,11.816639186085208,0,0,0,5,32.96180546610837,19,39
normal_74,0,14,13.208679818645344,0,0,0,5,32.96180546610837,19,39
normal_74,0,16,21.532742306613162,0,0,0,5,32.96180546610837,19,39
normal_74,0,18,12.536716880755376,0,0,0,5,32.96180546610837,19,39
normal_74,0,20,8.389917550478726,0,0,0,5,32.96180546610837,19,39
normal_74,0,22,9.59101764498952,0,0,0,5,32.96180546610837,19,39
normal_74,0,24,11.985862719926503,0,0,0,5,32.96180546610837,19,39
normal_74,0,26,14.672796214688372,0,0,0,5,32.96180546610837,19,39
normal_74,0,28,18.02671896197694,0,0,0,5,32.96180546610837,19,39
normal_74,0,30,15.812959106941934,0,0,0,5,32.96180546610837,19,39
normal_74,0,32,10.56081235672117,0,0,0,5,32.96180546610837,19,39
normal_74,0,34,16.389951602071104,0,0,0,5,32.96180546610837,19,39
normal_74,0,36,22.93469992885602,0,0,0,5,32.96180546610837,19,39
normal_74,0,38,21.538440198996575,0,0,0,5,32.96180546610837,19,39
normal_74,0,40,28.746391906776164,0,0,0,5,32.96180546610837,19,39
normal_74,0,42,26.901570523356032,0,0,0,5,32.96180546610837,19,39
normal_74,0,44,23.309367973512504,0,0,0,5,32.96180546610837,19,39
normal_91,0,0,12.996488527666836,0,0,0,5,32.96180546610837,19,39
normal_91,0,2,10.342776426816659,0,0,0,5,32.96180546610837,19,39
normal_91,0,4,13.041457003298424,0,0,0,5,32.96180546610837,19,39
normal_91,0,6,11.260478449194698,0,0,0,5,32.96180546610837,19,39
normal_91,0,8,11.229743296559237,0,0,0,5,32.96180546610837,19,39
normal_91,0,10,10.26629952653049,0,0,0,5,32.96180546610837,19,39
normal_91,0,12,10.946430164792817,0,0,0,5,32.96180546610837,19,39
normal_91,0,14,13.532655082385604,0,0,0,5,32.96180546610837,19,39
normal_91,0,16,15.008564857866913,0,0,0,5,32.96180546610837,19,39
normal_91,0,18,13.09671684091346,0,0,0,5,32.96180546610837,19,39
normal_91,0,20,11.842095491531442,0,0,0,5,32.96180546610837,19,39
normal_91,0,22,10.400715486685087,0,0,0,5,32.96180546610837,19,39
normal_91,0,24,7.835958364843004,0,0,0,5,32.96180546610837,19,39
normal_91,0,26,9.724585839694882,0,0,0,5,32.96180546610837,19,39
normal_91,0,28,16.856543864922383,0,0,0,5,32.96180546610837,19,39
normal_91,0,30,15.737316462299312,0,0,0,5,32.96180546610837,19,39
normal_91,0,32,16.36213378748051,0,0,0,5,32.96180546610837,19,39
normal_91,0,34,15.419238501355823,0,0,0,5,32.96180546610837,19,39
normal_91,0,36,14.985458789079413,0,0,0,5,32.96180546610837,19,39
normal_91,0,38,12.045295139380283,0,0,0,5,32.96180546610837,19,39
normal_91,0,40,13.377569613588467,0,0,0,5,32.96180546610837,19,39
normal_91,0,42,12.313346796676901,0,0,0,5,32.96180546610837,19,39
normal_91,0,44,8.646120575078111,0,0,0,5,32.96180546610837,19,39
normal_105,0,0,6.683356667680576,0,0,0,5,32.96180546610837,19,39
normal_105,0,2,9.175901284308095,0,0,0,5,32.96180546610837,19,39
normal_105,0,4,7.595000440958223,0,0,0,5,32.96180546610837,19,39
normal_105,0,6,6.036809777360728,0,0,0,5,32.96180546610837,19,39
normal_105,0,8,5.504098376794422,0,0,0,5,32.96180546610837,19,39
normal_105,0,10,6.303009529590613,0,0,0,5,32.96180546610837,19,39
normal_105,0,12,10.777826552396121,0,0,0,5,32.96180546610837,19,39
normal_105,0,14,9.083767361316124,0,0,0,5,32.96180546610837,19,39
normal_105,0,16,8.714728901577471,0,0,0,5,32.96180546610837,19,39
normal_105,0,18,3.6673949396325862,0,0,0,5,32.96180546610837,19,39
normal_105,0,20,8.552899698086213,0,0,0,5,32.96180546610837,19,39
normal_105,0,22,7.8091469409721945,0,0,0,5,32.96180546610837,19,39
normal_105,0,24,6.877191645621563,0,0,0,5,32.96180546610837,19,39
normal_105,0,26,7.708805891780378,0,0,0,5,32.96180546610837,19,39
normal_105,0,28,8.671773274613885,0,0,0,5,32.96180546610837,19,39
normal_113,0,0,5.581830214168902,0,0,0,5,32.96180546610837,19,39
normal_113,0,2,7.862616870733963,0,0,0,5,32.96180546610837,19,39
normal_113,0,4,7.289933820086451,0,0,0,5,32.96180546610837,19,39
normal_113,0,6,11.094204225056375,0,0,0,5,32.96180546610837,19,39
normal_113,0,8,13.324658860127865,0,0,0,5,32.96180546610837,19,39
normal_113,0,10,13.802176903506917,0,0,0,5,32.96180546610837,19,39
normal_113,0,12,7.0322535672773725,0,0,0,5,32.96180546610837,19,39
normal_113,0,14,7.490329029305526,0,0,0,5,32.96180546610837,19,39
normal_113,0,16,9.07697366062387,0,0,0,5,32.96180546610837,19,39
normal_113,0,18,9.69670461396984,0,0,0,5,32.96180546610837,19,39
normal_113,0,20,7.3723285906918665,0,0,0,5,32.96180546610837,19,39
normal_113,0,22,8.91909186907736,0,0,0,5,32.96180546610837,19,39
normal_113,0,24,6.704878244793146,0,0,0,5,32.96180546610837,19,39
normal_113,0,26,10.122871743937747,0,0,0,5,32.96180546610837,19,39
normal_113,0,28,12.44010196676419,0,0,0,5,32.96180546610837,19,39
normal_113,0,30,7.142441017641252,0,0,0,5,32.96180546610837,19,39
normal_113,0,32,6.83078099708693,0,0,0,5,32.96180546610837,19,39
normal_113,0,34,8.714642164450236,0,0,0,5,32.96180546610837,19,39
normal_113,0,36,12.364774503902082,0,0,0,5,32.96180546610837,19,39
normal_113,0,38,25.511022029060644,0,0,0,5,32.96180546610837,19,39
normal_113,0,40,19.717529967774603,0,0,0,5,32.96180546610837,19,39
normal_113,0,42,20.33871981650081,0,0,0,5,32.96180546610837,19,39
normal_113,0,44,10.019196996229894,0,0,0,5,32.96180546610837,19,39
normal_116,0,0,6.743618901145496,0,0,0,5,32.96180546610837,19,39
normal_116,0,2,7.594407116138056,0,0,0,5,32.96180546610837,19,39
normal_116,0,4,5.866502944163096,0,0,0,5,32.96180546610837,19,39
normal_116,0,6,7.204098868790264,0,0,0,5,32.96180546610837,19,39
normal_116,0,8,7.926573881500178,0,0,0,5,32.96180546610837,19,39
normal_116,0,10,9.814962680572135,0,0,0,5,32.96180546610837,19,39
normal_116,0,12,7.051451609728912,0,0,0,5,32.96180546610837,19,39
normal_116,0,14,6.9144577350617675,0,0,0,5,32.96180546610837,19,39
normal_116,0,16,6.1024484372579995,0,0,0,5,32.96180546610837,19,39
normal_116,0,18,8.595088871679442,0,0,0,5,32.96180546610837,19,39
normal_116,0,20,8.752318499249567,0,0,0,5,32.96180546610837,19,39
normal_116,0,22,10.69931164544907,0,0,0,5,32.96180546610837,19,39
normal_135,0,0,9.326367167516345,0,0,0,5,32.96180546610837,19,39
normal_135,0,2,8.392288378259826,0,0,0,5,32.96180546610837,19,39
normal_135,0,4,6.625578413227064,0,0,0,5,32.96180546610837,19,39
normal_135,0,6,6.635142841225264,0,0,0,5,32.96180546610837,19,39
normal_135,0,8,7.94867914433305,0,0,0,5,32.96180546610837,19,39
normal_135,0,10,6.9498596586343835,0,0,0,5,32.96180546610837,19,39
normal_135,0,12,3.9209218570377273,0,0,0,5,32.96180546610837,19,39
normal_135,0,14,6.261671945038775,0,0,0,5,32.96180546610837,19,39
normal_135,0,16,5.306533784782574,0,0,0,5,32.96180546610837,19,39
normal_138,0,0,23.271198071706234,0,0,0,5,32.96180546610837,19,39
normal_138,0,2,21.65725002974165,0,0,0,5,32.96180546610837,19,39
normal_138,0,4,20.076100816655522,0,0,0,5,32.96180546610837,19,39
normal_138,0,6,20.08774045100189,0,0,0,5,32.96180546610837,19,39
normal_138,0,8,16.12712306307937,0,0,0,5,32.96180546610837,19,39
normal_138,0,10,11.29411307890641,0,0,0,5,32.96180546610837,19,39
normal_138,0,12,10.260246568698511,0,0,0,5,32.96180546610837,19,39
normal_138,0,14,7.636734679848687,0,0,0,5,32.96180546610837,19,39
normal_138,0,16,6.981004416326566,0,0,0,5,32.96180546610837,19,39
normal_138,0,18,6.913281260256542,0,0,0,5,32.96180546610837,19,39
normal_138,0,20,6.907063256731972,0,0,0,5,32.96180546610837,19,39
normal_138,0,22,11.216751581140107,0,0,0,5,32.96180546610837,19,39
normal_138,0,24,11.149102912415959,0,0,0,5,32.96180546610837,19,39
normal_138,0,26,8.320421006249141,0,0,0,5,32.96180546610837,19,39
normal_138,0,28,6.586320932974211,0,0,0,5,32.96180546610837,19,39
normal_138,0,30,7.355804369353092,0,0,0,5,32.96180546610837,19,39
normal_138,0,32,11.283803889966576,0,0,0,5,32.96180546610837,19,39
normal_138,0,34,13.3950123606153,0,0,0,5,32.96180546610837,19,39
normal_138,0,36,14.612115865632383,0,0,0,5,32.96180546610837,19,39
normal_138,0,38,20.44348662449949,0,0,0,5,32.96180546610837,19,39
normal_138,0,40,15.783976839092071,0,0,0,5,32.96180546610837,19,39
normal_138,0,42,15.617318695784661,0,0,0,5,32.96180546610837,19,39
normal_139,0,0,7.746634078327639,0,0,0,5,32.96180546610837,19,39
normal_139,0,2,10.004658030703133,0,0,0,5,32.96180546610837,19,39
normal_139,0,4,11.741412096115196,0,0,0,5,32.96180546610837,19,39
normal_139,0,6,6.812081103025528,0,0,0,5,32.96180546610837,19,39
normal_139,0,8,4.632728642635275,0,0,0,5,32.96180546610837,19,39
normal_139,0,10,5.139189657772962,0,0,0,5,32.96180546610837,19,39
normal_139,0,12,9.293241187713617,0,0,0,5,32.96180546610837,19,39
normal_139,0,14,13.126016084423,0,0,0,5,32.96180546610837,19,39
normal_139,0,16,8.929441789996073,0,0,0,5,32.96180546610837,19,39
normal_139,0,18,14.395572178530847,0,0,0,5,32.96180546610837,19,39
normal_139,0,20,17.657125804133077,0,0,0,5,32.96180546610837,19,39
normal_139,0,22,15.092583119437261,0,0,0,5,32.96180546610837,19,39
normal_139,0,24,10.1768511303037,0,0,0,5,32.96180546610837,19,39
normal_139,0,26,14.77915070676517,0,0,0,5,32.96180546610837,19,39
normal_139,0,28,12.732013753573208,0,0,0,5,32.96180546610837,19,39
normal_139,0,30,15.327728324121084,0,0,0,5,32.96180546610837,19,39
normal_139,0,32,5.382679308146211,0,0,0,5,32.96180546610837,19,39
normal_139,0,34,4.013048939739232,0,0,0,5,32.96180546610837,19,39
normal_139,0,36,6.547485595604315,0,0,0,5,32.96180546610837,19,39
normal_139,0,38,6.44582410113264,0,0,0,5,32.96180546610837,19,39
normal_139,0,40,6.877171981095905,0,0,0,5,32.96180546610837,19,39
normal_139,0,42,5.437645320632024,0,0,0,5,32.96180546610837,19,39
normal_141,0,0,29.389682495398855,0,0,0,5,32.96180546610837,19,39
normal_141,0,2,25.17284808734572,0,0,0,5,32.96180546610837,19,39
normal_141,0,4,29.739779391434183,0,0,0,5,32.96180546610837,19,39
normal_141,0,6,25.403432074967405,0,0,0,5,32.96180546610837,19,39
normal_141,0,8,19.373004280668532,0,0,0,5,32.96180546610837,19,39
normal_141,0,10,25.63189542929097,0,0,0,5,32.96180546610837,19,39
normal_141,0,12,25.94395183366087,0,0,0,5,32.96180546610837,19,39
normal_141,0,14,15.37632547250689,0,0,0,5,32.96180546610837,19,39
normal_141,0,16,19.232946733229074,0,0,0,5,32.96180546610837,19,39
normal_141,0,18,19.305114270407678,0,0,0,5,32.96180546610837,19,39
normal_145,0,0,18.538411368197774,0,0,0,5,32.96180546610837,19,39
normal_145,0,2,26.515140854744075,0,0,0,5,32.96180546610837,19,39
normal_145,0,4,19.42326579838754,0,0,0,5,32.96180546610837,19,39
normal_145,0,6,22.485771220148184,0,0,0,5,32.96180546610837,19,39
normal_145,0,8,26.32428514307068,0,0,0,5,32.96180546610837,19,39
normal_145,0,10,19.387567933709317,0,0,0,5,32.96180546610837,19,39
normal_145,0,12,16.17989885877942,0,0,0,5,32.96180546610837,19,39
normal_145,0,14,16.101318759778536,0,0,0,5,32.96180546610837,19,39
normal_145,0,16,8.88841898644952,0,0,0,5,32.96180546610837,19,39
normal_145,0,18,9.548044291300666,0,0,0,5,32.96180546610837,19,39
normal_145,0,20,15.106633478851004,0,0,0,5,32.96180546610837,19,39
normal_145,0,22,12.42930612233754,0,0,0,5,32.96180546610837,19,39
normal_145,0,24,10.660272634185551,0,0,0,5,32.96180546610837,19,39
normal_145,0,26,13.597058299751973,0,0,0,5,32.96180546610837,19,39
normal_145,0,28,8.541530060459602,0,0,0,5,32.96180546610837,19,39
normal_145,0,30,12.829010569367377,0,0,0,5,32.96180546610837,19,39
normal_145,0,32,16.696200765515325,0,0,0,5,32.96180546610837,19,39
normal_145,0,34,18.07432864338296,0,0,0,5,32.96180546610837,19,39
normal_145,0,36,15.767217755511387,0,0,0,5,32.96180546610837,19,39
normal_145,0,38,20.39674272709115,0,0,0,5,32.96180546610837,19,39
normal_145,0,40,20.180287105389958,0,0,0,5,32.96180546610837,19,39
normal_145,0,42,24.79430339474422,0,0,0,5,32.96180546610837,19,39
normal_145,0,44,29.8901663734042,0,0,0,5,32.96180546610837,19,39
normal_162,0,0,17.999146505455347,0,0,0,5,32.96180546610837,19,39
normal_162,0,2,13.309417888527763,0,0,0,5,32.96180546610837,19,39
normal_162,0,4,16.231582045103313,0,0,0,5,32.96180546610837,19,39
normal_162,0,6,13.216913353732723,0,0,0,5,32.96180546610837,19,39
normal_162,0,8,12.108539819395624,0,0,0,5,32.96180546610837,19,39
normal_162,0,10,10.782763489513126,0,0,0,5,32.96180546610837,19,39
normal_162,0,12,8.925963857357916,0,0,0,5,32.96180546610837,19,39
normal_162,0,14,8.943002815050459,0,0,0,5,32.96180546610837,19,39
normal_162,0,16,12.201708258086947,0,0,0,5,32.96180546610837,19,39
normal_162,0,18,12.969243511491891,0,0,0,5,32.96180546610837,19,39
normal_162,0,20,13.429675025263808,0,0,0,5,32.96180546610837,19,39
normal_171,0,0,22.299450272765025,0,0,0,5,32.96180546610837,19,39
normal_171,0,2,20.677165414038843,0,0,0,5,32.96180546610837,19,39
normal_171,0,4,32.10968862515953,0,0,0,5,32.96180546610837,19,39
normal_171,0,6,21.769157748902682,0,0,0,5,32.96180546610837,19,39
normal_171,0,8,15.034028560922122,0,0,0,5,32.96180546610837,19,39
normal_171,0,10,15.028077567896517,0,0,0,5,32.96180546610837,19,39
normal_171,0,12,12.659574697672348,0,0,0,5,32.96180546610837,19,39
normal_171,0,14,12.894073064132366,0,0,0,5,32.96180546610837,19,39
normal_171,0,16,17.616153815749957,0,0,0,5,32.96180546610837,19,39
normal_171,0,18,15.484575525400565,0,0,0,5,32.96180546610837,19,39
normal_171,0,20,18.928122838829772,0,0,0,5,32.96180546610837,19,39
normal_171,0,22,26.183280552764845,0,0,0,5,32.96180546610837,19,39
normal_171,0,24,21.34993676737005,0,0,0,5,32.96180546610837,19,39
normal_171,0,26,22.375730340120413,0,0,0,5,32.96180546610837,19,39
normal_171,0,28,16.978967715451727,0,0,0,5,32.96180546610837,19,39
normal_171,0,30,17.746633778410626,0,0,0,5,32.96180546610837,19,39
normal_171,0,32,21.922300917954708,0,0,0,5,32.96180546610837,19,39
normal_171,0,34,17.896466348742408,0,0,0,5,32.96180546610837,19,39
normal_171,0,36,19.231386795500885,0,0,0,5,32.96180546610837,19,39
normal_176,0,0,15.63802907446822,0,0,0,5,32.96180546610837,19,39
normal_176,0,2,13.570569529647667,0,0,0,5,32.96180546610837,19,39
normal_176,0,4,11.22482812875439,0,0,0,5,32.96180546610837,19,39
normal_176,0,6,10.264502937818195,0,0,0,5,32.96180546610837,19,39
normal_176,0,8,11.837615528844811,0,0,0,5,32.96180546610837,19,39
normal_176,0,10,9.265808262803645,0,0,0,5,32.96180546610837,19,39
normal_176,0,12,8.993230156840108,0,0,0,5,32.96180546610837,19,39
normal_176,0,14,9.111218547181592,0,0,0,5,32.96180546610837,19,39
normal_176,0,16,13.214066550482253,0,0,0,5,32.96180546610837,19,39
normal_176,0,18,13.1667064964789,0,0,0,5,32.96180546610837,19,39
normal_176,0,20,12.859795511468183,0,0,0,5,32.96180546610837,19,39
normal_176,0,22,10.206943191800974,0,0,0,5,32.96180546610837,19,39
normal_176,0,24,16.20584101401868,0,0,0,5,32.96180546610837,19,39
normal_176,0,26,18.824318006916975,0,0,0,5,32.96180546610837,19,39
normal_176,0,28,19.147263560343376,0,0,0,5,32.96180546610837,19,39
normal_176,0,30,12.947608472652439,0,0,0,5,32.96180546610837,19,39
normal_176,0,32,27.536163987521846,0,0,0,5,32.96180546610837,19,39
normal_176,0,34,12.960237831670877,0,0,0,5,32.96180546610837,19,39
normal_176,0,36,19.88288317420076,0,0,0,5,32.96180546610837,19,39
normal_176,0,38,16.24850423787498,0,0,0,5,32.96180546610837,19,39
normal_176,0,40,15.171651804471594,0,0,0,5,32.96180546610837,19,39
normal_176,0,42,19.26318059930874,0,0,0,5,32.96180546610837,19,39
normal_176,0,44,24.376491675140432,0,0,0,5,32.96180546610837,19,39
normal_193,0,0,26.94496481578683,0,0,0,5,32.96180546610837,19,39
normal_193,0,2,15.246294641230858,0,0,0,5,32.96180546610837,19,39
normal_193,0,4,11.590290150778388,0,0,0,5,32.96180546610837,19,39
normal_193,0,6,12.175362440601951,0,0,0,5,32.96180546610837,19,39
normal_193,0,8,11.787090252377334,0,0,0,5,32.96180546610837,19,39
normal_193,0,10,12.967915164417608,0,0,0,5,32.96180546610837,19,39
normal_193,0,12,13.55938603349178,0,0,0,5,32.96180546610837,19,39
normal_193,0,14,17.480032177176263,0,0,0,5,32.96180546610837,19,39
normal_193,0,16,7.841544759237059,0,0,0,5,32.96180546610837,19,39
normal_193,0,18,8.056025486239413,0,0,0,5,32.96180546610837,19,39
normal_193,0,20,11.195153480487502,0,0,0,5,32.96180546610837,19,39
normal_193,0,22,16.625856568015102,0,0,0,5,32.96180546610837,19,39
normal_193,0,24,14.053993603768571,0,0,0,5,32.96180546610837,19,39
normal_193,0,26,16.71302448514225,0,0,0,5,32.96180546610837,19,39
normal_193,0,28,9.266652082341341,0,0,0,5,32.96180546610837,19,39
normal_193,0,30,12.595765081483183,0,0,0,5,32.96180546610837,19,39
normal_193,0,32,6.964348490258004,0,0,0,5,32.96180546610837,19,39
normal_193,0,34,12.312957627136983,0,0,0,5,32.96180546610837,19,39
normal_193,0,36,15.189444734426818,0,0,0,5,32.96180546610837,19,39
normal_193,0,38,10.997665005507168,0,0,0,5,32.96180546610837,19,39
normal_193,0,40,12.485151481701534,0,0,0,5,32.96180546610837,19,39
normal_193,0,42,8.716946177500699,0,0,0,5,32.96180546610837,19,39
normal_193,0,44,7.126342214979762,0,0,0,5,32.96180546610837,19,39
normal_196,0,0,8.138380777122762,0,0,0,5,32.96180546610837,19,39
normal_196,0,2,8.569827264826198,0,0,0,5,32.96180546610837,19,39
normal_196,0,4,15.27690529695948,0,0,0,5,32.96180546610837,19,39
normal_196,0,6,30.952158086238104,0,0,0,5,32.96180546610837,19,39
normal_196,0,8,19.32126489079234,0,0,0,5,32.96180546610837,19,39
normal_196,0,10,20.908490055270928,0,0,0,5,32.96180546610837,19,39
normal_196,0,12,41.544296912039364,1,1,0,5,32.96180546610837,19,39
normal_196,0,14,11.043451320245298,0,0,0,5,32.96180546610837,19,39
normal_196,0,16,6.612644373923672,0,0,0,5,32.96180546610837,19,39
normal_196,0,18,13.383166317560883,0,0,0,5,32.96180546610837,19,39
normal_196,0,20,9.803195994065568,0,0,0,5,32.96180546610837,19,39
normal_196,0,22,8.475093744043122,0,0,0,5,32.96180546610837,19,39
normal_196,0,24,6.636937535291147,0,0,0,5,32.96180546610837,19,39
normal_199,0,0,16.916417356627754,0,0,0,5,32.96180546610837,19,39
normal_199,0,2,17.312467267157643,0,0,0,5,32.96180546610837,19,39
normal_199,0,4,14.917501206193565,0,0,0,5,32.96180546610837,19,39
normal_199,0,6,13.309830394526436,0,0,0,5,32.96180546610837,19,39
normal_199,0,8,18.40933601822401,0,0,0,5,32.96180546610837,19,39
normal_199,0,10,15.470895217955169,0,0,0,5,32.96180546610837,19,39
normal_199,0,12,17.73728586957971,0,0,0,5,32.96180546610837,19,39
normal_199,0,14,20.073319889945758,0,0,0,5,32.96180546610837,19,39
normal_199,0,16,17.708393490076496,0,0,0,5,32.96180546610837,19,39
normal_199,0,18,16.985366494581616,0,0,0,5,32.96180546610837,19,39
normal_199,0,20,17.309501075234543,0,0,0,5,32.96180546610837,19,39
normal_199,0,22,18.1564912455582,0,0,0,5,32.96180546610837,19,39
normal_199,0,24,19.141916562586115,0,0,0,5,32.96180546610837,19,39
normal_199,0,26,15.072556565958585,0,0,0,5,32.96180546610837,19,39
normal_199,0,28,10.691314378361872,0,0,0,5,32.96180546610837,19,39
normal_199,0,30,13.823866296917489,0,0,0,5,32.96180546610837,19,39
normal_199,0,32,13.376923919073977,0,0,0,5,32.96180546610837,19,39
normal_199,0,34,12.902887292346964,0,0,0,5,32.96180546610837,19,39
normal_199,0,36,17.487835415865945,0,0,0,5,32.96180546610837,19,39
normal_199,0,38,16.617420957920128,0,0,0,5,32.96180546610837,19,39
normal_199,0,40,15.972777512299631,0,0,0,5,32.96180546610837,19,39
normal_199,0,42,17.028360973619215,0,0,0,5,32.96180546610837,19,39
normal_199,0,44,16.344216598613077,0,0,0,5,32.96180546610837,19,39
normal_202,0,0,30.71671064285646,0,0,0,5,32.96180546610837,19,39
normal_202,0,2,29.533956280984416,0,0,0,5,32.96180546610837,19,39
normal_202,0,4,17.438426647315705,0,0,0,5,32.96180546610837,19,39
normal_202,0,6,18.49385940074534,0,0,0,5,32.96180546610837,19,39
normal_202,0,8,17.952926580944517,0,0,0,5,32.96180546610837,19,39
normal_202,0,10,32.35754428873942,0,0,0,5,32.96180546610837,19,39
normal_202,0,12,13.88563123417285,0,0,0,5,32.96180546610837,19,39
normal_202,0,14,12.19321946220623,0,0,0,5,32.96180546610837,19,39
normal_202,0,16,11.075706559119476,0,0,0,5,32.96180546610837,19,39
normal_213,0,0,21.893576218338467,0,0,0,5,32.96180546610837,19,39
normal_213,0,2,18.295787570980448,0,0,0,5,32.96180546610837,19,39
normal_213,0,4,16.82910330682354,0,0,0,5,32.96180546610837,19,39
normal_213,0,6,16.36323205673737,0,0,0,5,32.96180546610837,19,39
normal_213,0,8,16.150412994006118,0,0,0,5,32.96180546610837,19,39
normal_213,0,10,17.414206729865253,0,0,0,5,32.96180546610837,19,39
normal_213,0,12,16.320443984577242,0,0,0,5,32.96180546610837,19,39
normal_213,0,14,15.066091049835245,0,0,0,5,32.96180546610837,19,39
normal_213,0,16,17.702637545571957,0,0,0,5,32.96180546610837,19,39
normal_213,0,18,18.78406809871685,0,0,0,5,32.96180546610837,19,39
normal_213,0,20,13.351148387844747,0,0,0,5,32.96180546610837,19,39
normal_213,0,22,19.238436083365666,0,0,0,5,32.96180546610837,19,39
normal_213,0,24,19.484123617644386,0,0,0,5,32.96180546610837,19,39
normal_213,0,26,22.703834573166,0,0,0,5,32.96180546610837,19,39
normal_213,0,28,19.427936631077355,0,0,0,5,32.96180546610837,19,39
normal_213,0,30,17.085035885749825,0,0,0,5,32.96180546610837,19,39
normal_213,0,32,12.082210917238553,0,0,0,5,32.96180546610837,19,39
normal_218,0,0,7.678913866616908,0,0,0,5,32.96180546610837,19,39
normal_218,0,2,9.81675492754271,0,0,0,5,32.96180546610837,19,39
normal_218,0,4,8.735354358895625,0,0,0,5,32.96180546610837,19,39
normal_218,0,6,12.039163030992352,0,0,0,5,32.96180546610837,19,39
normal_218,0,8,13.075459743762485,0,0,0,5,32.96180546610837,19,39
normal_218,0,10,18.321438457046803,0,0,0,5,32.96180546610837,19,39
normal_218,0,12,15.319650473615495,0,0,0,5,32.96180546610837,19,39
normal_218,0,14,13.538340249009766,0,0,0,5,32.96180546610837,19,39
normal_218,0,16,14.076270255040425,0,0,0,5,32.96180546610837,19,39
normal_218,0,18,15.512724042132213,0,0,0,5,32.96180546610837,19,39
normal_218,0,20,14.02062774522341,0,0,0,5,32.96180546610837,19,39
normal_218,0,22,13.589442465123478,0,0,0,5,32.96180546610837,19,39
normal_218,0,24,12.217147043128156,0,0,0,5,32.96180546610837,19,39
normal_218,0,26,12.316651790793841,0,0,0,5,32.96180546610837,19,39
normal_218,0,28,11.083715194207084,0,0,0,5,32.96180546610837,19,39
normal_218,0,30,11.858446039997915,0,0,0,5,32.96180546610837,19,39
normal_218,0,32,10.785768739076486,0,0,0,5,32.96180546610837,19,39
normal_218,0,34,13.335718207135987,0,0,0,5,32.96180546610837,19,39
normal_218,0,36,13.577962154097156,0,0,0,5,32.96180546610837,19,39
normal_218,0,38,11.578652908684568,0,0,0,5,32.96180546610837,19,39
normal_218,0,40,9.524515671367364,0,0,0,5,32.96180546610837,19,39
normal_218,0,42,11.86435244378143,0,0,0,5,32.96180546610837,19,39
normal_218,0,44,10.990377519061944,0,0,0,5,32.96180546610837,19,39
normal_220,0,0,14.478781554634326,0,0,0,5,32.96180546610837,19,39
normal_220,0,2,14.770297452355592,0,0,0,5,32.96180546610837,19,39
normal_220,0,4,13.218605057976056,0,0,0,5,32.96180546610837,19,39
normal_220,0,6,11.607454430767584,0,0,0,5,32.96180546610837,19,39
normal_220,0,8,12.751283466723972,0,0,0,5,32.96180546610837,19,39
normal_220,0,10,14.41925770017615,0,0,0,5,32.96180546610837,19,39
normal_220,0,12,12.767656091687952,0,0,0,5,32.96180546610837,19,39
normal_220,0,14,20.131498157836585,0,0,0,5,32.96180546610837,19,39
normal_220,0,16,19.8966954910924,0,0,0,5,32.96180546610837,19,39
normal_220,0,18,20.08259794914841,0,0,0,5,32.96180546610837,19,39
normal_241,0,0,6.835445618744391,0,0,0,5,32.96180546610837,19,39
normal_241,0,2,6.424974835361732,0,0,0,5,32.96180546610837,19,39
normal_241,0,4,9.854410503839395,0,0,0,5,32.96180546610837,19,39
normal_241,0,6,4.388193584578932,0,0,0,5,32.96180546610837,19,39
normal_241,0,8,4.81545204403687,0,0,0,5,32.96180546610837,19,39
normal_241,0,10,5.421299665936824,0,0,0,5,32.96180546610837,19,39
normal_241,0,12,8.838569828979114,0,0,0,5,32.96180546610837,19,39
normal_241,0,14,9.518051336473157,0,0,0,5,32.96180546610837,19,39
normal_241,0,16,8.808734639850435,0,0,0,5,32.96180546610837,19,39
normal_241,0,18,9.594175863853646,0,0,0,5,32.96180546610837,19,39
normal_241,0,20,12.035901291706837,0,0,0,5,32.96180546610837,19,39
normal_241,0,22,12.666914501844072,0,0,0,5,32.96180546610837,19,39
normal_241,0,24,9.171955961706072,0,0,0,5,32.96180546610837,19,39
normal_241,0,26,8.869443612948514,0,0,0,5,32.96180546610837,19,39
normal_241,0,28,7.076387739038514,0,0,0,5,32.96180546610837,19,39
normal_241,0,30,8.682575857081169,0,0,0,5,32.96180546610837,19,39
normal_241,0,32,7.2551738237076595,0,0,0,5,32.96180546610837,19,39
normal_241,0,34,7.852357559657699,0,0,0,5,32.96180546610837,19,39
normal_241,0,36,9.003861315937382,0,0,0,5,32.96180546610837,19,39
normal_241,0,38,10.250488636243876,0,0,0,5,32.96180546610837,19,39
normal_241,0,40,8.206525721186347,0,0,0,5,32.96180546610837,19,39
normal_241,0,42,6.60257593610906,0,0,0,5,32.96180546610837,19,39
normal_241,0,44,10.009997154193062,0,0,0,5,32.96180546610837,19,39
normal_259,0,0,20.210805402974906,0,0,0,5,32.96180546610837,19,39
normal_259,0,2,20.653933493713502,0,0,0,5,32.96180546610837,19,39
normal_259,0,4,19.60097374758213,0,0,0,5,32.96180546610837,19,39
normal_259,0,6,14.077625704293917,0,0,0,5,32.96180546610837,19,39
normal_259,0,8,15.879503832102406,0,0,0,5,32.96180546610837,19,39
normal_259,0,10,15.524555183332357,0,0,0,5,32.96180546610837,19,39
normal_259,0,12,16.721996790793085,0,0,0,5,32.96180546610837,19,39
normal_259,0,14,10.944547479293622,0,0,0,5,32.96180546610837,19,39
normal_259,0,16,12.228420822540105,0,0,0,5,32.96180546610837,19,39
normal_259,0,18,14.925528581818767,0,0,0,5,32.96180546610837,19,39
normal_259,0,20,8.069479611838736,0,0,0,5,32.96180546610837,19,39
normal_259,0,22,8.389969844150375,0,0,0,5,32.96180546610837,19,39
normal_259,0,24,13.303897489036366,0,0,0,5,32.96180546610837,19,39
normal_259,0,26,10.835804478286336,0,0,0,5,32.96180546610837,19,39
normal_259,0,28,16.312323537545534,0,0,0,5,32.96180546610837,19,39
normal_259,0,30,18.03900469269823,0,0,0,5,32.96180546610837,19,39
normal_259,0,32,15.210746604201434,0,0,0,5,32.96180546610837,19,39
normal_259,0,34,7.432678853537418,0,0,0,5,32.96180546610837,19,39
normal_259,0,36,12.524123151017864,0,0,0,5,32.96180546610837,19,39
normal_259,0,38,16.492210143622454,0,0,0,5,32.96180546610837,19,39
normal_259,0,40,17.17312910553679,0,0,0,5,32.96180546610837,19,39
normal_262,0,0,15.878974524489532,0,0,0,5,32.96180546610837,19,39
normal_262,0,2,16.78040355343914,0,0,0,5,32.96180546610837,19,39
normal_262,0,4,16.41961894226636,0,0,0,5,32.96180546610837,19,39
normal_262,0,6,13.214572243558043,0,0,0,5,32.96180546610837,19,39
normal_262,0,8,11.633612528124113,0,0,0,5,32.96180546610837,19,39
normal_262,0,10,11.492733387879182,0,0,0,5,32.96180546610837,19,39
normal_262,0,12,11.825244961385383,0,0,0,5,32.96180546610837,19,39
normal_262,0,14,12.005484601640243,0,0,0,5,32.96180546610837,19,39
normal_262,0,16,10.763143513865357,0,0,0,5,32.96180546610837,19,39
normal_273,0,0,10.436356639743185,0,0,0,5,32.96180546610837,19,39
normal_273,0,2,15.33895260709808,0,0,0,5,32.96180546610837,19,39
normal_273,0,4,14.992767396191873,0,0,0,5,32.96180546610837,19,39
normal_273,0,6,18.54158961928507,0,0,0,5,32.96180546610837,19,39
normal_273,0,8,6.848356210554169,0,0,0,5,32.96180546610837,19,39
normal_273,0,10,3.90350058115782,0,0,0,5,32.96180546610837,19,39
normal_273,0,12,6.330062543105661,0,0,0,5,32.96180546610837,19,39
normal_273,0,14,4.091667496126442,0,0,0,5,32.96180546610837,19,39
normal_273,0,16,4.978999939538681,0,0,0,5,32.96180546610837,19,39
normal_273,0,18,6.99917414038667,0,0,0,5,32.96180546610837,19,39
normal_273,0,20,9.720336849973155,0,0,0,5,32.96180546610837,19,39
normal_273,0,22,12.392003277698763,0,0,0,5,32.96180546610837,19,39
normal_273,0,24,13.079214995685698,0,0,0,5,32.96180546610837,19,39
normal_273,0,26,11.519530818085626,0,0,0,5,32.96180546610837,19,39
normal_273,0,28,10.023645935365508,0,0,0,5,32.96180546610837,19,39
normal_273,0,30,11.594003306736258,0,0,0,5,32.96180546610837,19,39
normal_273,0,32,13.617967705939805,0,0,0,5,32.96180546610837,19,39
normal_273,0,34,10.451239227985598,0,0,0,5,32.96180546610837,19,39
normal_273,0,36,10.930574307909955,0,0,0,5,32.96180546610837,19,39
normal_273,0,38,8.727938697025413,0,0,0,5,32.96180546610837,19,39
normal_286,0,0,9.082906939997432,0,0,0,5,32.96180546610837,19,39
normal_286,0,2,10.231241185114092,0,0,0,5,32.96180546610837,19,39
normal_286,0,4,14.931207513026726,0,0,0,5,32.96180546610837,19,39
normal_286,0,6,10.514138973381991,0,0,0,5,32.96180546610837,19,39
normal_286,0,8,14.218611650292173,0,0,0,5,32.96180546610837,19,39
normal_286,0,10,17.292084033061762,0,0,0,5,32.96180546610837,19,39
normal_286,0,12,17.85031222347645,0,0,0,5,32.96180546610837,19,39
normal_286,0,14,6.889830997988123,0,0,0,5,32.96180546610837,19,39
normal_286,0,16,9.605863145320264,0,0,0,5,32.96180546610837,19,39
normal_286,0,18,11.418163424170835,0,0,0,5,32.96180546610837,19,39
normal_286,0,20,15.0405318681568,0,0,0,5,32.96180546610837,19,39
normal_286,0,22,15.02321434066923,0,0,0,5,32.96180546610837,19,39
normal_286,0,24,13.245834621737876,0,0,0,5,32.96180546610837,19,39
normal_286,0,26,17.213300445186785,0,0,0,5,32.96180546610837,19,39
normal_286,0,28,39.92234775707425,1,1,0,5,32.96180546610837,19,39
normal_286,0,30,27.874502556357044,0,0,0,5,32.96180546610837,19,39
normal_286,0,32,15.112218177773991,0,0,0,5,32.96180546610837,19,39
normal_286,0,34,15.932368912626075,0,0,0,5,32.96180546610837,19,39
normal_286,0,36,11.116117687508195,0,0,0,5,32.96180546610837,19,39
normal_286,0,38,11.245779405569758,0,0,0,5,32.96180546610837,19,39
normal_286,0,40,10.375587447174443,0,0,0,5,32.96180546610837,19,39
normal_286,0,42,11.192650160443467,0,0,0,5,32.96180546610837,19,39
normal_286,0,44,11.97541594939993,0,0,0,5,32.96180546610837,19,39
normal_300,0,0,7.62131475037945,0,0,0,5,32.96180546610837,19,39
normal_300,0,2,8.112208705175327,0,0,0,5,32.96180546610837,19,39
normal_300,0,4,6.8599892147465855,0,0,0,5,32.96180546610837,19,39
normal_300,0,6,5.356511639574177,0,0,0,5,32.96180546610837,19,39
normal_300,0,8,4.512553199618618,0,0,0,5,32.96180546610837,19,39
normal_300,0,10,4.748603651827307,0,0,0,5,32.96180546610837,19,39
normal_300,0,12,5.92994350035606,0,0,0,5,32.96180546610837,19,39
normal_300,0,14,2.9292851861253872,0,0,0,5,32.96180546610837,19,39
normal_300,0,16,2.380496789678951,0,0,0,5,32.96180546610837,19,39
normal_300,0,18,5.827171623643919,0,0,0,5,32.96180546610837,19,39
normal_300,0,20,4.523977604067872,0,0,0,5,32.96180546610837,19,39
normal_300,0,22,5.4052385213152085,0,0,0,5,32.96180546610837,19,39
normal_300,0,24,6.4415697794756746,0,0,0,5,32.96180546610837,19,39
normal_300,0,26,7.262854208835172,0,0,0,5,32.96180546610837,19,39
normal_300,0,28,8.443692299018407,0,0,0,5,32.96180546610837,19,39
normal_300,0,30,11.344428448811389,0,0,0,5,32.96180546610837,19,39
normal_300,0,32,7.907074609812311,0,0,0,5,32.96180546610837,19,39
normal_300,0,34,7.497447252265696,0,0,0,5,32.96180546610837,19,39
normal_300,0,36,7.632787152930671,0,0,0,5,32.96180546610837,19,39
normal_300,0,38,4.866541016591182,0,0,0,5,32.96180546610837,19,39
normal_300,0,40,3.920694104863979,0,0,0,5,32.96180546610837,19,39
normal_300,0,42,6.181214074492851,0,0,0,5,32.96180546610837,19,39
normal_302,0,0,20.491718340545987,0,0,0,5,32.96180546610837,19,39
normal_302,0,2,20.039416273993357,0,0,0,5,32.96180546610837,19,39
normal_302,0,4,25.24403677324124,0,0,0,5,32.96180546610837,19,39
normal_302,0,6,32.58290811579225,0,0,0,5,32.96180546610837,19,39
normal_302,0,8,35.84825821284743,1,1,0,5,32.96180546610837,19,39
normal_302,0,10,29.031467203413726,0,0,0,5,32.96180546610837,19,39
normal_302,0,12,22.74624668055182,0,0,0,5,32.96180546610837,19,39
normal_302,0,14,27.48092872022295,0,0,0,5,32.96180546610837,19,39
normal_313,0,0,8.44594535867323,0,0,0,5,32.96180546610837,19,39
normal_313,0,2,7.603731037356629,0,0,0,5,32.96180546610837,19,39
normal_313,0,4,12.25571425305537,0,0,0,5,32.96180546610837,19,39
normal_313,0,6,3.387926598241121,0,0,0,5,32.96180546610837,19,39
normal_313,0,8,2.1612417913497066,0,0,0,5,32.96180546610837,19,39
normal_313,0,10,4.840379814477467,0,0,0,5,32.96180546610837,19,39
normal_313,0,12,7.221153674928628,0,0,0,5,32.96180546610837,19,39
normal_313,0,14,5.800580250846771,0,0,0,5,32.96180546610837,19,39
normal_313,0,16,3.8325055168080424,0,0,0,5,32.96180546610837,19,39
normal_313,0,18,6.0372757592117186,0,0,0,5,32.96180546610837,19,39
normal_318,0,0,19.75506642669137,0,0,0,5,32.96180546610837,19,39
normal_318,0,2,21.220421345243405,0,0,0,5,32.96180546610837,19,39
normal_318,0,4,23.497416407037825,0,0,0,5,32.96180546610837,19,39
normal_318,0,6,20.288713722601717,0,0,0,5,32.96180546610837,19,39
normal_318,0,8,17.491004047220347,0,0,0,5,32.96180546610837,19,39
normal_318,0,10,16.954371591418557,0,0,0,5,32.96180546610837,19,39
normal_318,0,12,16.74283943305403,0,0,0,5,32.96180546610837,19,39
normal_318,0,14,11.811694261383165,0,0,0,5,32.96180546610837,19,39
normal_318,0,16,13.28563150392816,0,0,0,5,32.96180546610837,19,39
normal_318,0,18,17.261407901812305,0,0,0,5,32.96180546610837,19,39
normal_318,0,20,17.402516872116234,0,0,0,5,32.96180546610837,19,39
normal_318,0,22,17.039358152211694,0,0,0,5,32.96180546610837,19,39
normal_318,0,24,17.266178341321996,0,0,0,5,32.96180546610837,19,39
normal_318,0,26,16.159124350612693,0,0,0,5,32.96180546610837,19,39
normal_318,0,28,19.76042022036174,0,0,0,5,32.96180546610837,19,39
normal_318,0,30,18.21155425891947,0,0,0,5,32.96180546610837,19,39
normal_318,0,32,17.583856016746562,0,0,0,5,32.96180546610837,19,39
normal_318,0,34,16.148597586870334,0,0,0,5,32.96180546610837,19,39
normal_318,0,36,16.06354067448199,0,0,0,5,32.96180546610837,19,39
normal_324,0,0,7.4826862893319435,0,0,0,5,32.96180546610837,19,39
normal_324,0,2,6.900961131146557,0,0,0,5,32.96180546610837,19,39
normal_324,0,4,6.364028907732627,0,0,0,5,32.96180546610837,19,39
normal_324,0,6,5.145314871348673,0,0,0,5,32.96180546610837,19,39
normal_324,0,8,7.9765921247143226,0,0,0,5,32.96180546610837,19,39
normal_324,0,10,9.838526268191174,0,0,0,5,32.96180546610837,19,39
normal_324,0,12,6.632784441498644,0,0,0,5,32.96180546610837,19,39
normal_324,0,14,7.891420514355274,0,0,0,5,32.96180546610837,19,39
normal_324,0,16,6.822758044290357,0,0,0,5,32.96180546610837,19,39
normal_324,0,18,11.746469168581068,0,0,0,5,32.96180546610837,19,39
normal_324,0,20,12.374088219408932,0,0,0,5,32.96180546610837,19,39
normal_324,0,22,14.336792026541417,0,0,0,5,32.96180546610837,19,39
normal_324,0,24,15.823990040552651,0,0,0,5,32.96180546610837,19,39
normal_324,0,26,11.27675704562495,0,0,0,5,32.96180546610837,19,39
normal_324,0,28,6.176604623002905,0,0,0,5,32.96180546610837,19,39
normal_324,0,30,12.23974165738057,0,0,0,5,32.96180546610837,19,39
normal_324,0,32,12.019877911476259,0,0,0,5,32.96180546610837,19,39
normal_324,0,34,11.669141964900076,0,0,0,5,32.96180546610837,19,39
normal_324,0,36,6.755228267672257,0,0,0,5,32.96180546610837,19,39
normal_324,0,38,9.906782598195663,0,0,0,5,32.96180546610837,19,39
normal_324,0,40,10.339371856345828,0,0,0,5,32.96180546610837,19,39
normal_324,0,42,13.86570580006559,0,0,0,5,32.96180546610837,19,39
normal_324,0,44,8.186088409078586,0,0,0,5,32.96180546610837,19,39
normal_331,0,0,6.041359898030863,0,0,0,5,32.96180546610837,19,39
normal_331,0,2,6.849714412614089,0,0,0,5,32.96180546610837,19,39
normal_331,0,4,11.167780943421256,0,0,0,5,32.96180546610837,19,39
normal_331,0,6,12.309415768897834,0,0,0,5,32.96180546610837,19,39
normal_331,0,8,10.323348079900663,0,0,0,5,32.96180546610837,19,39
normal_331,0,10,6.35362531051026,0,0,0,5,32.96180546610837,19,39
normal_331,0,12,4.872706711619457,0,0,0,5,32.96180546610837,19,39
normal_331,0,14,12.961016385612734,0,0,0,5,32.96180546610837,19,39
normal_331,0,16,11.343048650518135,0,0,0,5,32.96180546610837,19,39
normal_331,0,18,10.950918880253717,0,0,0,5,32.96180546610837,19,39
normal_331,0,20,9.53753954855642,0,0,0,5,32.96180546610837,19,39
normal_331,0,22,4.7245874398279595,0,0,0,5,32.96180546610837,19,39
normal_331,0,24,6.609431027320785,0,0,0,5,32.96180546610837,19,39
normal_331,0,26,10.166717302986452,0,0,0,5,32.96180546610837,19,39
normal_331,0,28,11.81647718369242,0,0,0,5,32.96180546610837,19,39
normal_331,0,30,11.658987507223229,0,0,0,5,32.96180546610837,19,39
normal_331,0,32,14.309339444689595,0,0,0,5,32.96180546610837,19,39
normal_331,0,34,16.74129042175993,0,0,0,5,32.96180546610837,19,39
normal_331,0,36,14.894805176335295,0,0,0,5,32.96180546610837,19,39
normal_337,0,0,6.372456021502087,0,0,0,5,32.96180546610837,19,39
normal_337,0,2,5.4499529432786185,0,0,0,5,32.96180546610837,19,39
normal_337,0,4,9.814586265309645,0,0,0,5,32.96180546610837,19,39
normal_337,0,6,7.105531103343531,0,0,0,5,32.96180546610837,19,39
normal_337,0,8,7.859952356241977,0,0,0,5,32.96180546610837,19,39
normal_337,0,10,9.685504333497787,0,0,0,5,32.96180546610837,19,39
normal_337,0,12,9.27369689613807,0,0,0,5,32.96180546610837,19,39
normal_337,0,14,7.289420117266952,0,0,0,5,32.96180546610837,19,39
normal_337,0,16,10.737047264831022,0,0,0,5,32.96180546610837,19,39
normal_337,0,18,9.108785104943943,0,0,0,5,32.96180546610837,19,39
normal_337,0,20,17.07629729637622,0,0,0,5,32.96180546610837,19,39
normal_337,0,22,24.93693591194084,0,0,0,5,32.96180546610837,19,39
normal_337,0,24,11.810210899093843,0,0,0,5,32.96180546610837,19,39
normal_337,0,26,19.68454088415129,0,0,0,5,32.96180546610837,19,39
normal_337,0,28,19.66535835708312,0,0,0,5,32.96180546610837,19,39
normal_338,0,0,4.328539638385932,0,0,0,5,32.96180546610837,19,39
normal_338,0,2,5.004696551187547,0,0,0,5,32.96180546610837,19,39
normal_338,0,4,6.700218841880579,0,0,0,5,32.96180546610837,19,39
normal_338,0,6,6.558590424980876,0,0,0,5,32.96180546610837,19,39
normal_338,0,8,7.740347138444953,0,0,0,5,32.96180546610837,19,39
normal_338,0,10,9.712115777174965,0,0,0,5,32.96180546610837,19,39
normal_338,0,12,9.778830324628105,0,0,0,5,32.96180546610837,19,39
normal_338,0,14,11.631397641876912,0,0,0,5,32.96180546610837,19,39
normal_338,0,16,9.24763070267769,0,0,0,5,32.96180546610837,19,39
normal_338,0,18,11.311365158627147,0,0,0,5,32.96180546610837,19,39
normal_338,0,20,11.46107904123872,0,0,0,5,32.96180546610837,19,39
normal_338,0,22,13.490027746501747,0,0,0,5,32.96180546610837,19,39
normal_338,0,24,7.602098331608841,0,0,0,5,32.96180546610837,19,39
normal_338,0,26,7.551926740256111,0,0,0,5,32.96180546610837,19,39
normal_351,0,0,6.148153405079344,0,0,0,5,32.96180546610837,19,39
normal_351,0,2,10.32624688272768,0,0,0,5,32.96180546610837,19,39
normal_351,0,4,10.221522110347207,0,0,0,5,32.96180546610837,19,39
normal_351,0,6,12.620213983288012,0,0,0,5,32.96180546610837,19,39
normal_351,0,8,10.073572348295913,0,0,0,5,32.96180546610837,19,39
normal_351,0,10,11.307034648949108,0,0,0,5,32.96180546610837,19,39
normal_351,0,12,16.81206851208766,0,0,0,5,32.96180546610837,19,39
normal_351,0,14,10.71844983173927,0,0,0,5,32.96180546610837,19,39
normal_351,0,16,10.360112227094879,0,0,0,5,32.96180546610837,19,39
normal_351,0,18,5.527235097315825,0,0,0,5,32.96180546610837,19,39
normal_351,0,20,4.884790662199168,0,0,0,5,32.96180546610837,19,39
normal_351,0,22,5.3847965593065465,0,0,0,5,32.96180546610837,19,39
normal_354,0,0,6.960555909427921,0,0,0,5,32.96180546610837,19,39
normal_354,0,2,6.020370256035562,0,0,0,5,32.96180546610837,19,39
normal_354,0,4,3.3029715777869693,0,0,0,5,32.96180546610837,19,39
normal_354,0,6,8.56941235514433,0,0,0,5,32.96180546610837,19,39
normal_354,0,8,9.323510493916682,0,0,0,5,32.96180546610837,19,39
normal_354,0,10,8.545307593936066,0,0,0,5,32.96180546610837,19,39
normal_354,0,12,5.024993217939302,0,0,0,5,32.96180546610837,19,39
normal_354,0,14,7.0440742751414325,0,0,0,5,32.96180546610837,19,39
normal_354,0,16,12.068006993210656,0,0,0,5,32.96180546610837,19,39
normal_354,0,18,10.76908599289526,0,0,0,5,32.96180546610837,19,39
normal_354,0,20,12.593124817835118,0,0,0,5,32.96180546610837,19,39
normal_354,0,22,11.395383511486527,0,0,0,5,32.96180546610837,19,39
normal_354,0,24,17.030148355343353,0,0,0,5,32.96180546610837,19,39
normal_354,0,26,15.316946187643524,0,0,0,5,32.96180546610837,19,39
normal_354,0,28,13.09385961838949,0,0,0,5,32.96180546610837,19,39
normal_354,0,30,9.986746261855924,0,0,0,5,32.96180546610837,19,39
normal_354,0,32,11.53013080296208,0,0,0,5,32.96180546610837,19,39
normal_354,0,34,10.127750604810885,0,0,0,5,32.96180546610837,19,39
normal_354,0,36,8.220852994611652,0,0,0,5,32.96180546610837,19,39
normal_354,0,38,11.063481716531967,0,0,0,5,32.96180546610837,19,39
normal_354,0,40,14.184378249520895,0,0,0,5,32.96180546610837,19,39
normal_354,0,42,14.221754869847599,0,0,0,5,32.96180546610837,19,39
normal_354,0,44,8.438712486503304,0,0,0,5,32.96180546610837,19,39
normal_360,0,0,27.561993724585232,0,0,0,5,32.96180546610837,19,39
normal_360,0,2,25.131111111434258,0,0,0,5,32.96180546610837,19,39
normal_360,0,4,30.80318016192675,0,0,0,5,32.96180546610837,19,39
normal_360,0,6,29.82745758872571,0,0,0,5,32.96180546610837,19,39
normal_360,0,8,21.57734746131143,0,0,0,5,32.96180546610837,19,39
normal_360,0,10,21.52275232654742,0,0,0,5,32.96180546610837,19,39
normal_360,0,12,20.57578578697856,0,0,0,5,32.96180546610837,19,39
normal_360,0,14,22.001390333559375,0,0,0,5,32.96180546610837,19,39
normal_360,0,16,21.75630852570206,0,0,0,5,32.96180546610837,19,39
normal_360,0,18,17.534905893701062,0,0,0,5,32.96180546610837,19,39
normal_360,0,20,28.23945718691103,0,0,0,5,32.96180546610837,19,39
normal_360,0,22,26.940674758968765,0,0,0,5,32.96180546610837,19,39
normal_360,0,24,33.22980112242968,1,1,0,5,32.96180546610837,19,39
normal_360,0,26,29.701151929959206,0,0,0,5,32.96180546610837,19,39
normal_360,0,28,26.944838846014626,0,0,0,5,32.96180546610837,19,39
normal_360,0,30,23.447080398547673,0,0,0,5,32.96180546610837,19,39
normal_360,0,32,14.02768365284403,0,0,0,5,32.96180546610837,19,39
normal_360,0,34,14.128744279580227,0,0,0,5,32.96180546610837,19,39
normal_360,0,36,19.165640459037565,0,0,0,5,32.96180546610837,19,39
normal_360,0,38,18.7281884359049,0,0,0,5,32.96180546610837,19,39
normal_360,0,40,21.655850788375698,0,0,0,5,32.96180546610837,19,39
normal_360,0,42,15.535619579685186,0,0,0,5,32.96180546610837,19,39
normal_360,0,44,13.46661242399205,0,0,0,5,32.96180546610837,19,39
normal_361,0,0,10.530785186247964,0,0,0,5,32.96180546610837,19,39
normal_361,0,2,11.50965355598975,0,0,0,5,32.96180546610837,19,39
normal_361,0,4,9.410628910221256,0,0,0,5,32.96180546610837,19,39
normal_361,0,6,7.431655523676394,0,0,0,5,32.96180546610837,19,39
normal_361,0,8,12.600089359360917,0,0,0,5,32.96180546610837,19,39
normal_361,0,10,8.813264951346621,0,0,0,5,32.96180546610837,19,39
normal_361,0,12,9.353876602094264,0,0,0,5,32.96180546610837,19,39
normal_361,0,14,9.790191547778745,0,0,0,5,32.96180546610837,19,39
normal_361,0,16,7.628380931098415,0,0,0,5,32.96180546610837,19,39
normal_361,0,18,8.677251216360249,0,0,0,5,32.96180546610837,19,39
normal_361,0,20,10.284886157330758,0,0,0,5,32.96180546610837,19,39
normal_361,0,22,9.55949607276355,0,0,0,5,32.96180546610837,19,39
normal_361,0,24,6.590111217294512,0,0,0,5,32.96180546610837,19,39
normal_361,0,26,6.2481644056314725,0,0,0,5,32.96180546610837,19,39
normal_361,0,28,9.237870331472504,0,0,0,5,32.96180546610837,19,39
normal_361,0,30,13.449334070219336,0,0,0,5,32.96180546610837,19,39
normal_361,0,32,8.836184265640695,0,0,0,5,32.96180546610837,19,39
normal_361,0,34,6.267774850099668,0,0,0,5,32.96180546610837,19,39
normal_361,0,36,8.749310395243663,0,0,0,5,32.96180546610837,19,39
normal_361,0,38,8.073948309403868,0,0,0,5,32.96180546610837,19,39
normal_361,0,40,15.89380134686722,0,0,0,5,32.96180546610837,19,39
normal_361,0,42,5.697268685439651,0,0,0,5,32.96180546610837,19,39
normal_361,0,44,7.827778019862187,0,0,0,5,32.96180546610837,19,39
normal_364,0,0,7.6593023302048735,0,0,0,5,32.96180546610837,19,39
normal_364,0,2,4.977364818610466,0,0,0,5,32.96180546610837,19,39
normal_364,0,4,8.77321214784163,0,0,0,5,32.96180546610837,19,39
normal_364,0,6,7.811735600513455,0,0,0,5,32.96180546610837,19,39
normal_364,0,8,10.366907990787658,0,0,0,5,32.96180546610837,19,39
normal_364,0,10,7.11336966192471,0,0,0,5,32.96180546610837,19,39
normal_364,0,12,7.638352889087184,0,0,0,5,32.96180546610837,19,39
normal_364,0,14,4.197248578327234,0,0,0,5,32.96180546610837,19,39
normal_364,0,16,5.573510247213964,0,0,0,5,32.96180546610837,19,39
normal_372,0,0,9.164588660824343,0,0,0,5,32.96180546610837,19,39
normal_372,0,2,10.532809496836835,0,0,0,5,32.96180546610837,19,39
normal_372,0,4,9.419675456357172,0,0,0,5,32.96180546610837,19,39
normal_372,0,6,13.215837522890416,0,0,0,5,32.96180546610837,19,39
normal_372,0,8,7.985216732749491,0,0,0,5,32.96180546610837,19,39
normal_372,0,10,8.084500511759256,0,0,0,5,32.96180546610837,19,39
normal_372,0,12,4.60243585703829,0,0,0,5,32.96180546610837,19,39
normal_372,0,14,5.745162229945318,0,0,0,5,32.96180546610837,19,39
normal_372,0,16,9.566456762942117,0,0,0,5,32.96180546610837,19,39
normal_372,0,18,13.061874762299897,0,0,0,5,32.96180546610837,19,39
normal_372,0,20,11.033262573297957,0,0,0,5,32.96180546610837,19,39
normal_372,0,22,6.447853175267158,0,0,0,5,32.96180546610837,19,39
normal_372,0,24,7.4263838222838645,0,0,0,5,32.96180546610837,19,39
normal_372,0,26,5.840970058964015,0,0,0,5,32.96180546610837,19,39
normal_372,0,28,4.907652537545071,0,0,0,5,32.96180546610837,19,39
normal_372,0,30,5.379810509180518,0,0,0,5,32.96180546610837,19,39
normal_372,0,32,6.176221292446624,0,0,0,5,32.96180546610837,19,39
normal_372,0,34,8.141886401711217,0,0,0,5,32.96180546610837,19,39
normal_372,0,36,9.290947621416725,0,0,0,5,32.96180546610837,19,39
normal_372,0,38,7.423283407506498,0,0,0,5,32.96180546610837,19,39
normal_372,0,40,13.61793711053046,0,0,0,5,32.96180546610837,19,39
normal_372,0,42,9.079382601112563,0,0,0,5,32.96180546610837,19,39
normal_372,0,44,8.728904763683385,0,0,0,5,32.96180546610837,19,39
normal_374,0,0,15.9209358749948,0,0,0,5,32.96180546610837,19,39
normal_374,0,2,13.016178171935332,0,0,0,5,32.96180546610837,19,39
normal_374,0,4,15.69038427900116,0,0,0,5,32.96180546610837,19,39
normal_374,0,6,14.809118455768903,0,0,0,5,32.96180546610837,19,39
normal_374,0,8,9.770179036623466,0,0,0,5,32.96180546610837,19,39
normal_374,0,10,10.62453203368754,0,0,0,5,32.96180546610837,19,39
normal_374,0,12,9.47815690592649,0,0,0,5,32.96180546610837,19,39
normal_374,0,14,10.938171353790699,0,0,0,5,32.96180546610837,19,39
normal_374,0,16,12.602395886258785,0,0,0,5,32.96180546610837,19,39
normal_374,0,18,12.615087581474512,0,0,0,5,32.96180546610837,19,39
normal_374,0,20,14.496763086255246,0,0,0,5,32.96180546610837,19,39
normal_374,0,22,19.18995879467015,0,0,0,5,32.96180546610837,19,39
normal_374,0,24,17.784208703212993,0,0,0,5,32.96180546610837,19,39
normal_374,0,26,16.752456142746173,0,0,0,5,32.96180546610837,19,39
normal_374,0,28,15.78751750267159,0,0,0,5,32.96180546610837,19,39
normal_374,0,30,14.861349505576312,0,0,0,5,32.96180546610837,19,39
normal_374,0,32,15.08682757847135,0,0,0,5,32.96180546610837,19,39
normal_374,0,34,12.318886902151746,0,0,0,5,32.96180546610837,19,39
normal_374,0,36,9.43709932093167,0,0,0,5,32.96180546610837,19,39
normal_374,0,38,10.915428142508706,0,0,0,5,32.96180546610837,19,39
normal_379,0,0,12.333765764176645,0,0,0,5,32.96180546610837,19,39
normal_379,0,2,11.477721867359017,0,0,0,5,32.96180546610837,19,39
normal_379,0,4,12.84132936234672,0,0,0,5,32.96180546610837,19,39
normal_379,0,6,13.329276868744731,0,0,0,5,32.96180546610837,19,39
normal_379,0,8,10.740222631095056,0,0,0,5,32.96180546610837,19,39
normal_379,0,10,11.23441487239404,0,0,0,5,32.96180546610837,19,39
normal_379,0,12,9.62858366049707,0,0,0,5,32.96180546610837,19,39
normal_379,0,14,6.136322879248281,0,0,0,5,32.96180546610837,19,39
normal_379,0,16,7.44778050822333,0,0,0,5,32.96180546610837,19,39
normal_379,0,18,10.004937050405605,0,0,0,5,32.96180546610837,19,39
normal_379,0,20,11.404349825271812,0,0,0,5,32.96180546610837,19,39
normal_379,0,22,9.56019419215783,0,0,0,5,32.96180546610837,19,39
normal_379,0,24,10.693807104462495,0,0,0,5,32.96180546610837,19,39
normal_379,0,26,11.340236389621419,0,0,0,5,32.96180546610837,19,39
normal_379,0,28,8.310656346578096,0,0,0,5,32.96180546610837,19,39
normal_379,0,30,6.368117114374385,0,0,0,5,32.96180546610837,19,39
normal_379,0,32,8.295790013402005,0,0,0,5,32.96180546610837,19,39
normal_379,0,34,7.929681375748505,0,0,0,5,32.96180546610837,19,39
normal_379,0,36,9.930061906355736,0,0,0,5,32.96180546610837,19,39
normal_379,0,38,8.070770089479685,0,0,0,5,32.96180546610837,19,39
normal_379,0,40,13.783822005390782,0,0,0,5,32.96180546610837,19,39
normal_379,0,42,12.285203733471736,0,0,0,5,32.96180546610837,19,39
normal_379,0,44,10.435771027862234,0,0,0,5,32.96180546610837,19,39
normal_380,0,0,17.690494489371638,0,0,0,5,32.96180546610837,19,39
normal_380,0,2,26.45887368597815,0,0,0,5,32.96180546610837,19,39
normal_380,0,4,26.154433013713405,0,0,0,5,32.96180546610837,19,39
normal_380,0,6,25.610507579535675,0,0,0,5,32.96180546610837,19,39
normal_380,0,8,27.65737755669402,0,0,0,5,32.96180546610837,19,39
normal_380,0,10,22.861951021400543,0,0,0,5,32.96180546610837,19,39
normal_380,0,12,17.758962003954558,0,0,0,5,32.96180546610837,19,39
normal_380,0,14,15.942088478601667,0,0,0,5,32.96180546610837,19,39
normal_380,0,16,15.955236837167154,0,0,0,5,32.96180546610837,19,39
normal_380,0,18,16.413227165526045,0,0,0,5,32.96180546610837,19,39
normal_380,0,20,16.15856513007634,0,0,0,5,32.96180546610837,19,39
normal_380,0,22,15.851043282435093,0,0,0,5,32.96180546610837,19,39
normal_380,0,24,20.201266943655767,0,0,0,5,32.96180546610837,19,39
normal_380,0,26,20.06255031227264,0,0,0,5,32.96180546610837,19,39
normal_380,0,28,19.18552946002657,0,0,0,5,32.96180546610837,19,39
normal_380,0,30,20.330708812769853,0,0,0,5,32.96180546610837,19,39
normal_380,0,32,21.096574648341672,0,0,0,5,32.96180546610837,19,39
normal_380,0,34,19.52829364283924,0,0,0,5,32.96180546610837,19,39
normal_380,0,36,21.190427507026065,0,0,0,5,32.96180546610837,19,39
normal_380,0,38,20.89520404203851,0,0,0,5,32.96180546610837,19,39
normal_384,0,0,22.388474098603403,0,0,0,5,32.96180546610837,19,39
normal_384,0,2,14.919651817826924,0,0,0,5,32.96180546610837,19,39
normal_384,0,4,15.855606963887139,0,0,0,5,32.96180546610837,19,39
normal_384,0,6,18.03225797770113,0,0,0,5,32.96180546610837,19,39
normal_384,0,8,16.685955813969642,0,0,0,5,32.96180546610837,19,39
normal_384,0,10,17.8206647326051,0,0,0,5,32.96180546610837,19,39
normal_384,0,12,15.221001497589668,0,0,0,5,32.96180546610837,19,39
normal_384,0,14,14.463442629340111,0,0,0,5,32.96180546610837,19,39
normal_384,0,16,13.844046743123538,0,0,0,5,32.96180546610837,19,39
normal_384,0,18,14.71387847646238,0,0,0,5,32.96180546610837,19,39
normal_384,0,20,14.774466283697777,0,0,0,5,32.96180546610837,19,39
normal_384,0,22,14.129546822563263,0,0,0,5,32.96180546610837,19,39
normal_384,0,24,14.189815288682173,0,0,0,5,32.96180546610837,19,39
normal_384,0,26,13.755165102270436,0,0,0,5,32.96180546610837,19,39
normal_384,0,28,17.434551073287295,0,0,0,5,32.96180546610837,19,39
normal_384,0,30,17.17762430687225,0,0,0,5,32.96180546610837,19,39
normal_384,0,32,14.857143084496338,0,0,0,5,32.96180546610837,19,39
normal_384,0,34,18.240037226884155,0,0,0,5,32.96180546610837,19,39
normal_384,0,36,16.053136810346913,0,0,0,5,32.96180546610837,19,39
normal_384,0,38,13.817566772842676,0,0,0,5,32.96180546610837,19,39
normal_384,0,40,11.987484775406344,0,0,0,5,32.96180546610837,19,39
normal_384,0,42,12.553999181634156,0,0,0,5,32.96180546610837,19,39
normal_384,0,44,14.696662968186414,0,0,0,5,32.96180546610837,19,39
normal_402,0,0,12.798733339641606,0,0,0,5,32.96180546610837,19,39
normal_402,0,2,12.909869685232058,0,0,0,5,32.96180546610837,19,39
normal_402,0,4,11.610279117610899,0,0,0,5,32.96180546610837,19,39
normal_402,0,6,13.27677941388567,0,0,0,5,32.96180546610837,19,39
normal_402,0,8,15.282877051644524,0,0,0,5,32.96180546610837,19,39
normal_402,0,10,14.848236607133666,0,0,0,5,32.96180546610837,19,39
normal_402,0,12,15.314232941456675,0,0,0,5,32.96180546610837,19,39
normal_402,0,14,15.165885873746962,0,0,0,5,32.96180546610837,19,39
normal_402,0,16,16.89831438235197,0,0,0,5,32.96180546610837,19,39
normal_402,0,18,15.16837720227741,0,0,0,5,32.96180546610837,19,39
normal_402,0,20,12.936492485685523,0,0,0,5,32.96180546610837,19,39
normal_402,0,22,9.492330731461099,0,0,0,5,32.96180546610837,19,39
normal_402,0,24,10.82011026708646,0,0,0,5,32.96180546610837,19,39
normal_402,0,26,10.667108836449396,0,0,0,5,32.96180546610837,19,39
normal_402,0,28,13.153208538962659,0,0,0,5,32.96180546610837,19,39
normal_402,0,30,10.96183876468117,0,0,0,5,32.96180546610837,19,39
normal_402,0,32,12.173709214993401,0,0,0,5,32.96180546610837,19,39
normal_402,0,34,12.62260398405045,0,0,0,5,32.96180546610837,19,39
normal_402,0,36,11.998391857606503,0,0,0,5,32.96180546610837,19,39
normal_402,0,38,11.445977144474394,0,0,0,5,32.96180546610837,19,39
normal_402,0,40,12.119998987490023,0,0,0,5,32.96180546610837,19,39
normal_407,0,0,15.034058514092575,0,0,0,5,32.96180546610837,19,39
normal_407,0,2,8.694419483939868,0,0,0,5,32.96180546610837,19,39
normal_407,0,4,7.8139546494336765,0,0,0,5,32.96180546610837,19,39
normal_407,0,6,9.52217311920727,0,0,0,5,32.96180546610837,19,39
normal_407,0,8,11.952419422531301,0,0,0,5,32.96180546610837,19,39
normal_407,0,10,11.74461050165759,0,0,0,5,32.96180546610837,19,39
normal_407,0,12,11.104668094400067,0,0,0,5,32.96180546610837,19,39
normal_407,0,14,12.436064882606312,0,0,0,5,32.96180546610837,19,39
normal_407,0,16,14.100510828556743,0,0,0,5,32.96180546610837,19,39
normal_407,0,18,13.689502058654757,0,0,0,5,32.96180546610837,19,39
normal_407,0,20,14.184214679179137,0,0,0,5,32.96180546610837,19,39
normal_407,0,22,15.409040475328975,0,0,0,5,32.96180546610837,19,39
normal_407,0,24,14.315577009146159,0,0,0,5,32.96180546610837,19,39
normal_407,0,26,11.035785807956719,0,0,0,5,32.96180546610837,19,39
normal_407,0,28,8.958547431805945,0,0,0,5,32.96180546610837,19,39
normal_407,0,30,8.970329398944948,0,0,0,5,32.96180546610837,19,39
normal_407,0,32,11.041682766882268,0,0,0,5,32.96180546610837,19,39
normal_407,0,34,11.532820721577403,0,0,0,5,32.96180546610837,19,39
normal_407,0,36,12.607916036175908,0,0,0,5,32.96180546610837,19,39
normal_407,0,38,14.12485416840265,0,0,0,5,32.96180546610837,19,39
normal_407,0,40,14.568325407761671,0,0,0,5,32.96180546610837,19,39
normal_407,0,42,15.196890041996843,0,0,0,5,32.96180546610837,19,39
normal_407,0,44,12.691673724212686,0,0,0,5,32.96180546610837,19,39
normal_413,0,0,7.911873902306943,0,0,0,5,32.96180546610837,19,39
normal_413,0,2,7.804174161737478,0,0,0,5,32.96180546610837,19,39
normal_413,0,4,4.562231148287396,0,0,0,5,32.96180546610837,19,39
normal_413,0,6,4.678084305339111,0,0,0,5,32.96180546610837,19,39
normal_413,0,8,5.8491322444556095,0,0,0,5,32.96180546610837,19,39
normal_413,0,10,7.828801589478741,0,0,0,5,32.96180546610837,19,39
normal_413,0,12,11.947971261896473,0,0,0,5,32.96180546610837,19,39
normal_413,0,14,9.838056567473751,0,0,0,5,32.96180546610837,19,39
normal_413,0,16,7.352081046447167,0,0,0,5,32.96180546610837,19,39
normal_413,0,18,3.9729944579547114,0,0,0,5,32.96180546610837,19,39
normal_413,0,20,4.78710332073606,0,0,0,5,32.96180546610837,19,39
normal_413,0,22,4.927602146427205,0,0,0,5,32.96180546610837,19,39
normal_413,0,24,4.662580709556711,0,0,0,5,32.96180546610837,19,39
normal_413,0,26,10.073046269920686,0,0,0,5,32.96180546610837,19,39
normal_413,0,28,13.225366103297533,0,0,0,5,32.96180546610837,19,39
normal_413,0,30,9.689848597671876,0,0,0,5,32.96180546610837,19,39
normal_413,0,32,6.661750621709888,0,0,0,5,32.96180546610837,19,39
normal_413,0,34,6.91891882572218,0,0,0,5,32.96180546610837,19,39
normal_423,0,0,29.126592681091402,0,0,0,5,32.96180546610837,19,39
normal_423,0,2,17.36137269777018,0,0,0,5,32.96180546610837,19,39
normal_423,0,4,18.67005248142924,0,0,0,5,32.96180546610837,19,39
normal_423,0,6,21.03883627327383,0,0,0,5,32.96180546610837,19,39
normal_423,0,8,23.617470357925807,0,0,0,5,32.96180546610837,19,39
normal_423,0,10,30.093348258837583,0,0,0,5,32.96180546610837,19,39
normal_423,0,12,21.489351779600653,0,0,0,5,32.96180546610837,19,39
normal_423,0,14,34.304041147676315,1,1,0,5,32.96180546610837,19,39
normal_423,0,16,34.30153053723789,1,2,0,5,32.96180546610837,19,39
normal_423,0,18,33.75712393665215,1,3,0,5,32.96180546610837,19,39
normal_423,0,20,29.17833889687362,0,0,0,5,32.96180546610837,19,39
normal_423,0,22,17.08773444060496,0,0,0,5,32.96180546610837,19,39
normal_423,0,24,22.405754774672687,0,0,0,5,32.96180546610837,19,39
normal_423,0,26,20.666590386212523,0,0,0,5,32.96180546610837,19,39
normal_423,0,28,14.864282507918762,0,0,0,5,32.96180546610837,19,39
normal_423,0,30,14.758792958496162,0,0,0,5,32.96180546610837,19,39
normal_423,0,32,24.349394265689654,0,0,0,5,32.96180546610837,19,39
normal_423,0,34,26.707461029331615,0,0,0,5,32.96180546610837,19,39
normal_423,0,36,28.880570549057666,0,0,0,5,32.96180546610837,19,39
normal_423,0,38,32.01588925046336,0,0,0,5,32.96180546610837,19,39
normal_423,0,40,34.87987693516952,1,1,0,5,32.96180546610837,19,39
normal_423,0,42,31.565790616867744,0,0,0,5,32.96180546610837,19,39
normal_423,0,44,34.23108051528061,1,1,0,5,32.96180546610837,19,39
normal_425,0,0,14.45347488712907,0,0,0,5,32.96180546610837,19,39
normal_425,0,2,15.579256953639614,0,0,0,5,32.96180546610837,19,39
normal_425,0,4,12.819624348836754,0,0,0,5,32.96180546610837,19,39
normal_425,0,6,12.252057015374577,0,0,0,5,32.96180546610837,19,39
normal_425,0,8,8.14951647962169,0,0,0,5,32.96180546610837,19,39
normal_425,0,10,9.701150354963726,0,0,0,5,32.96180546610837,19,39
normal_425,0,12,10.171273845972328,0,0,0,5,32.96180546610837,19,39
normal_425,0,14,6.976198577051286,0,0,0,5,32.96180546610837,19,39
normal_425,0,16,4.6025061732753505,0,0,0,5,32.96180546610837,19,39
normal_425,0,18,7.4652228618316485,0,0,0,5,32.96180546610837,19,39
normal_425,0,20,10.353863580505344,0,0,0,5,32.96180546610837,19,39
normal_425,0,22,8.068241654148117,0,0,0,5,32.96180546610837,19,39
normal_425,0,24,10.28607996834195,0,0,0,5,32.96180546610837,19,39
normal_425,0,26,13.587574209836546,0,0,0,5,32.96180546610837,19,39
normal_425,0,28,18.681604800713345,0,0,0,5,32.96180546610837,19,39
normal_425,0,30,17.01681832454184,0,0,0,5,32.96180546610837,19,39
normal_432,0,0,6.675507343258454,0,0,0,5,32.96180546610837,19,39
normal_432,0,2,3.914062134859762,0,0,0,5,32.96180546610837,19,39
normal_432,0,4,4.800730314924685,0,0,0,5,32.96180546610837,19,39
normal_432,0,6,9.098193842330094,0,0,0,5,32.96180546610837,19,39
normal_432,0,8,11.444611009096423,0,0,0,5,32.96180546610837,19,39
normal_432,0,10,9.910981423171414,0,0,0,5,32.96180546610837,19,39
normal_432,0,12,7.012599388141876,0,0,0,5,32.96180546610837,19,39
normal_432,0,14,3.9897726926911554,0,0,0,5,32.96180546610837,19,39
normal_432,0,16,7.254908432242026,0,0,0,5,32.96180546610837,19,39
normal_432,0,18,8.504724048963116,0,0,0,5,32.96180546610837,19,39
normal_432,0,20,10.43397221183819,0,0,0,5,32.96180546610837,19,39
normal_441,0,0,19.799552807951557,0,0,0,5,32.96180546610837,19,39
normal_441,0,2,21.348597372557137,0,0,0,5,32.96180546610837,19,39
normal_441,0,4,19.284313636859917,0,0,0,5,32.96180546610837,19,39
normal_441,0,6,17.37471773440621,0,0,0,5,32.96180546610837,19,39
normal_441,0,8,17.971807726692845,0,0,0,5,32.96180546610837,19,39
normal_441,0,10,18.03978359831093,0,0,0,5,32.96180546610837,19,39
normal_441,0,12,20.962426177365383,0,0,0,5,32.96180546610837,19,39
normal_441,0,14,22.783186513261242,0,0,0,5,32.96180546610837,19,39
normal_441,0,16,25.10584235448414,0,0,0,5,32.96180546610837,19,39
normal_441,0,18,27.233405625428514,0,0,0,5,32.96180546610837,19,39
normal_441,0,20,24.413337156900447,0,0,0,5,32.96180546610837,19,39
normal_441,0,22,22.51873657562009,0,0,0,5,32.96180546610837,19,39
normal_441,0,24,27.066113733971797,0,0,0,5,32.96180546610837,19,39
normal_441,0,26,24.706863347052995,0,0,0,5,32.96180546610837,19,39
normal_441,0,28,28.689814335595358,0,0,0,5,32.96180546610837,19,39
normal_446,0,0,21.559042531648497,0,0,0,5,32.96180546610837,19,39
normal_446,0,2,17.09679026354292,0,0,0,5,32.96180546610837,19,39
normal_446,0,4,20.604144730037117,0,0,0,5,32.96180546610837,19,39
normal_446,0,6,21.959136989072455,0,0,0,5,32.96180546610837,19,39
normal_446,0,8,19.857824044757297,0,0,0,5,32.96180546610837,19,39
normal_446,0,10,18.591840751562614,0,0,0,5,32.96180546610837,19,39
normal_446,0,12,15.463064652324967,0,0,0,5,32.96180546610837,19,39
normal_446,0,14,17.59337153745002,0,0,0,5,32.96180546610837,19,39
normal_446,0,16,14.768736635482016,0,0,0,5,32.96180546610837,19,39
normal_446,0,18,12.497604140646953,0,0,0,5,32.96180546610837,19,39
normal_446,0,20,11.147391046410489,0,0,0,5,32.96180546610837,19,39
normal_446,0,22,12.617994994949047,0,0,0,5,32.96180546610837,19,39
normal_446,0,24,14.007317357141979,0,0,0,5,32.96180546610837,19,39
normal_446,0,26,16.547991924935715,0,0,0,5,32.96180546610837,19,39
normal_446,0,28,14.834661624186761,0,0,0,5,32.96180546610837,19,39
normal_446,0,30,19.547366118649787,0,0,0,5,32.96180546610837,19,39
normal_446,0,32,20.246843951857976,0,0,0,5,32.96180546610837,19,39
normal_446,0,34,14.334115491375236,0,0,0,5,32.96180546610837,19,39
normal_446,0,36,13.85681847941983,0,0,0,5,32.96180546610837,19,39
normal_446,0,38,17.044744431147045,0,0,0,5,32.96180546610837,19,39
normal_447,0,0,11.49119682668046,0,0,0,5,32.96180546610837,19,39
normal_447,0,2,7.599699184891451,0,0,0,5,32.96180546610837,19,39
normal_447,0,4,6.699793096304503,0,0,0,5,32.96180546610837,19,39
normal_447,0,6,9.0543991455926,0,0,0,5,32.96180546610837,19,39
normal_447,0,8,8.732174881966785,0,0,0,5,32.96180546610837,19,39
normal_447,0,10,9.384688033890855,0,0,0,5,32.96180546610837,19,39
normal_447,0,12,6.3774860720188,0,0,0,5,32.96180546610837,19,39
normal_447,0,14,6.209130476152281,0,0,0,5,32.96180546610837,19,39
normal_447,0,16,4.570785165844755,0,0,0,5,32.96180546610837,19,39
normal_447,0,18,6.205147616441551,0,0,0,5,32.96180546610837,19,39
normal_447,0,20,10.082423553541622,0,0,0,5,32.96180546610837,19,39
normal_447,0,22,10.043384958747195,0,0,0,5,32.96180546610837,19,39
normal_447,0,24,10.636719064409137,0,0,0,5,32.96180546610837,19,39
normal_447,0,26,13.43310988918037,0,0,0,5,32.96180546610837,19,39
normal_461,0,0,22.39581363940989,0,0,0,5,32.96180546610837,19,39
normal_461,0,2,20.820844131779516,0,0,0,5,32.96180546610837,19,39
normal_461,0,4,17.769252724016763,0,0,0,5,32.96180546610837,19,39
normal_461,0,6,32.153027082109574,0,0,0,5,32.96180546610837,19,39
normal_461,0,8,29.183982092818308,0,0,0,5,32.96180546610837,19,39
normal_461,0,10,32.90418201924528,0,0,0,5,32.96180546610837,19,39
normal_461,0,12,29.25883760581424,0,0,0,5,32.96180546610837,19,39
normal_461,0,14,22.608771936826464,0,0,0,5,32.96180546610837,19,39
normal_461,0,16,29.395208206441094,0,0,0,5,32.96180546610837,19,39
normal_461,0,18,22.60630657877269,0,0,0,5,32.96180546610837,19,39
normal_461,0,20,23.32085013608752,0,0,0,5,32.96180546610837,19,39
normal_461,0,22,20.417635889482707,0,0,0,5,32.96180546610837,19,39
normal_461,0,24,21.109669577684578,0,0,0,5,32.96180546610837,19,39
normal_461,0,26,17.816046706882325,0,0,0,5,32.96180546610837,19,39
normal_461,0,28,20.76465117798984,0,0,0,5,32.96180546610837,19,39
normal_461,0,30,29.631486465007793,0,0,0,5,32.96180546610837,19,39
normal_461,0,32,25.63544042580902,0,0,0,5,32.96180546610837,19,39
normal_461,0,34,26.514984767626526,0,0,0,5,32.96180546610837,19,39
normal_461,0,36,51.271304441656845,1,1,0,5,32.96180546610837,19,39
normal_461,0,38,42.48515312812803,1,2,0,5,32.96180546610837,19,39
normal_461,0,40,35.51099626688742,1,3,0,5,32.96180546610837,19,39
normal_461,0,42,37.370813125551194,1,4,0,5,32.96180546610837,19,39
normal_461,0,44,29.471699471937754,0,0,0,5,32.96180546610837,19,39
normal_464,0,0,3.537735471712647,0,0,0,5,32.96180546610837,19,39
normal_464,0,2,3.9076100657966633,0,0,0,5,32.96180546610837,19,39
normal_464,0,4,6.501553867842094,0,0,0,5,32.96180546610837,19,39
normal_464,0,6,5.298386483510165,0,0,0,5,32.96180546610837,19,39
normal_464,0,8,4.928708074479076,0,0,0,5,32.96180546610837,19,39
normal_464,0,10,7.728016197012526,0,0,0,5,32.96180546610837,19,39
normal_464,0,12,11.037458599661822,0,0,0,5,32.96180546610837,19,39
normal_464,0,14,10.107725819368232,0,0,0,5,32.96180546610837,19,39
normal_464,0,16,10.196291514295979,0,0,0,5,32.96180546610837,19,39
normal_464,0,18,8.082342722030347,0,0,0,5,32.96180546610837,19,39
normal_464,0,20,6.651232509932732,0,0,0,5,32.96180546610837,19,39
normal_464,0,22,11.97197279451585,0,0,0,5,32.96180546610837,19,39
normal_464,0,24,10.179094764674158,0,0,0,5,32.96180546610837,19,39
normal_464,0,26,8.4346808474094,0,0,0,5,32.96180546610837,19,39
normal_464,0,28,10.258745574748751,0,0,0,5,32.96180546610837,19,39
normal_467,0,0,15.146611835081924,0,0,0,5,32.96180546610837,19,39
normal_467,0,2,12.760458742895196,0,0,0,5,32.96180546610837,19,39
normal_467,0,4,9.60999939551517,0,0,0,5,32.96180546610837,19,39
normal_467,0,6,8.998114109565602,0,0,0,5,32.96180546610837,19,39
normal_467,0,8,8.375438147013938,0,0,0,5,32.96180546610837,19,39
normal_467,0,10,8.028726556493538,0,0,0,5,32.96180546610837,19,39
normal_467,0,12,3.300018817074351,0,0,0,5,32.96180546610837,19,39
normal_467,0,14,5.420862165270556,0,0,0,5,32.96180546610837,19,39
normal_467,0,16,6.972447326931112,0,0,0,5,32.96180546610837,19,39
normal_467,0,18,7.688589017797098,0,0,0,5,32.96180546610837,19,39
normal_467,0,20,6.901273681242003,0,0,0,5,32.96180546610837,19,39
normal_467,0,22,5.935187232723028,0,0,0,5,32.96180546610837,19,39
normal_467,0,24,7.193287558116329,0,0,0,5,32.96180546610837,19,39
normal_467,0,26,6.761322722691984,0,0,0,5,32.96180546610837,19,39
normal_467,0,28,5.5510323510448085,0,0,0,5,32.96180546610837,19,39
normal_467,0,30,3.691044370287662,0,0,0,5,32.96180546610837,19,39
normal_467,0,32,9.186112154544716,0,0,0,5,32.96180546610837,19,39
normal_467,0,34,8.263145987716115,0,0,0,5,32.96180546610837,19,39
normal_467,0,36,8.912485341939849,0,0,0,5,32.96180546610837,19,39
normal_467,0,38,7.196338881259728,0,0,0,5,32.96180546610837,19,39
normal_467,0,40,12.60050825633946,0,0,0,5,32.96180546610837,19,39
normal_467,0,42,14.244227712091472,0,0,0,5,32.96180546610837,19,39
normal_467,0,44,14.978137899900776,0,0,0,5,32.96180546610837,19,39
normal_479,0,0,7.4561339120601415,0,0,0,5,32.96180546610837,19,39
normal_479,0,2,11.77063410366239,0,0,0,5,32.96180546610837,19,39
normal_479,0,4,13.063986237928136,0,0,0,5,32.96180546610837,19,39
normal_479,0,6,10.764987072159503,0,0,0,5,32.96180546610837,19,39
normal_479,0,8,8.391526338072598,0,0,0,5,32.96180546610837,19,39
normal_479,0,10,7.80387454130863,0,0,0,5,32.96180546610837,19,39
normal_479,0,12,7.993730626825706,0,0,0,5,32.96180546610837,19,39
normal_479,0,14,9.729080482260965,0,0,0,5,32.96180546610837,19,39
normal_479,0,16,9.574662079636344,0,0,0,5,32.96180546610837,19,39
normal_479,0,18,9.263135430738943,0,0,0,5,32.96180546610837,19,39
normal_479,0,20,6.726412460687323,0,0,0,5,32.96180546610837,19,39
normal_479,0,22,5.135855106676978,0,0,0,5,32.96180546610837,19,39
normal_479,0,24,7.386504803925126,0,0,0,5,32.96180546610837,19,39
normal_479,0,26,6.710579111030608,0,0,0,5,32.96180546610837,19,39
normal_479,0,28,7.306728898716394,0,0,0,5,32.96180546610837,19,39
normal_479,0,30,5.735179944016621,0,0,0,5,32.96180546610837,19,39
normal_479,0,32,6.880089986152495,0,0,0,5,32.96180546610837,19,39
normal_479,0,34,8.646805401962833,0,0,0,5,32.96180546610837,19,39
normal_479,0,36,7.61699760697809,0,0,0,5,32.96180546610837,19,39
normal_479,0,38,6.297705770612111,0,0,0,5,32.96180546610837,19,39
normal_479,0,40,7.1095301270661,0,0,0,5,32.96180546610837,19,39
normal_479,0,42,7.393052944757779,0,0,0,5,32.96180546610837,19,39
normal_479,0,44,8.74711275872343,0,0,0,5,32.96180546610837,19,39
normal_480,0,0,6.218998223101894,0,0,0,5,32.96180546610837,19,39
normal_480,0,2,10.153275826009281,0,0,0,5,32.96180546610837,19,39
normal_480,0,4,9.1508339241886,0,0,0,5,32.96180546610837,19,39
normal_480,0,6,11.276174372028562,0,0,0,5,32.96180546610837,19,39
normal_480,0,8,12.257813402281034,0,0,0,5,32.96180546610837,19,39
normal_480,0,10,8.15291838369882,0,0,0,5,32.96180546610837,19,39
normal_480,0,12,10.14496827692712,0,0,0,5,32.96180546610837,19,39
normal_480,0,14,8.92223452044113,0,0,0,5,32.96180546610837,19,39
normal_480,0,16,8.172063620071686,0,0,0,5,32.96180546610837,19,39
normal_480,0,18,8.051291392116216,0,0,0,5,32.96180546610837,19,39
normal_480,0,20,6.106003347540133,0,0,0,5,32.96180546610837,19,39
normal_480,0,22,5.282869834802268,0,0,0,5,32.96180546610837,19,39
normal_480,0,24,6.146871477027593,0,0,0,5,32.96180546610837,19,39
normal_480,0,26,6.930416688738034,0,0,0,5,32.96180546610837,19,39
normal_480,0,28,6.833057923064309,0,0,0,5,32.96180546610837,19,39
normal_480,0,30,7.516647241272678,0,0,0,5,32.96180546610837,19,39
normal_480,0,32,5.6184108028003115,0,0,0,5,32.96180546610837,19,39
normal_480,0,34,5.227149272733901,0,0,0,5,32.96180546610837,19,39
normal_480,0,36,4.356771778964104,0,0,0,5,32.96180546610837,19,39
normal_480,0,38,8.616043439292897,0,0,0,5,32.96180546610837,19,39
normal_480,0,40,8.67048405968828,0,0,0,5,32.96180546610837,19,39
normal_480,0,42,7.352531965349683,0,0,0,5,32.96180546610837,19,39
normal_480,0,44,6.319766370713797,0,0,0,5,32.96180546610837,19,39
normal_481,0,0,3.805329802975641,0,0,0,5,32.96180546610837,19,39
normal_481,0,2,4.74466341609367,0,0,0,5,32.96180546610837,19,39
normal_481,0,4,5.783769470955736,0,0,0,5,32.96180546610837,19,39
normal_481,0,6,5.366634918983322,0,0,0,5,32.96180546610837,19,39
normal_481,0,8,4.898598251664964,0,0,0,5,32.96180546610837,19,39
normal_481,0,10,4.877599837556657,0,0,0,5,32.96180546610837,19,39
normal_481,0,12,5.270430176108589,0,0,0,5,32.96180546610837,19,39
normal_481,0,14,6.1336218488661105,0,0,0,5,32.96180546610837,19,39
normal_481,0,16,7.219015124167313,0,0,0,5,32.96180546610837,19,39
normal_481,0,18,6.106999326591341,0,0,0,5,32.96180546610837,19,39
normal_481,0,20,6.846213186067668,0,0,0,5,32.96180546610837,19,39
normal_481,0,22,8.50526667433788,0,0,0,5,32.96180546610837,19,39
normal_481,0,24,8.804175064285813,0,0,0,5,32.96180546610837,19,39
normal_481,0,26,5.5991966780242635,0,0,0,5,32.96180546610837,19,39
normal_481,0,28,7.993637726512525,0,0,0,5,32.96180546610837,19,39
normal_481,0,30,8.40252665100052,0,0,0,5,32.96180546610837,19,39
normal_481,0,32,11.184640676305376,0,0,0,5,32.96180546610837,19,39
normal_481,0,34,10.663804437288315,0,0,0,5,32.96180546610837,19,39
normal_481,0,36,12.239714462155595,0,0,0,5,32.96180546610837,19,39
normal_481,0,38,12.218455615161918,0,0,0,5,32.96180546610837,19,39
normal_481,0,40,12.524005615497876,0,0,0,5,32.96180546610837,19,39
normal_481,0,42,10.099986431409127,0,0,0,5,32.96180546610837,19,39
normal_481,0,44,9.767866508888075,0,0,0,5,32.96180546610837,19,39
normal_482,0,0,4.1618397689585995,0,0,0,5,32.96180546610837,19,39
normal_482,0,2,4.226026491073512,0,0,0,5,32.96180546610837,19,39
normal_482,0,4,4.181833913170209,0,0,0,5,32.96180546610837,19,39
normal_482,0,6,4.786314055653052,0,0,0,5,32.96180546610837,19,39
normal_482,0,8,6.931012876538958,0,0,0,5,32.96180546610837,19,39
normal_482,0,10,5.827986615305343,0,0,0,5,32.96180546610837,19,39
normal_482,0,12,7.241089424696611,0,0,0,5,32.96180546610837,19,39
normal_482,0,14,10.50071877894915,0,0,0,5,32.96180546610837,19,39
normal_482,0,16,11.508941836362586,0,0,0,5,32.96180546610837,19,39
normal_482,0,18,7.441242050603577,0,0,0,5,32.96180546610837,19,39
normal_482,0,20,4.722902028735844,0,0,0,5,32.96180546610837,19,39
normal_482,0,22,5.493437684541689,0,0,0,5,32.96180546610837,19,39
normal_482,0,24,8.191192477363234,0,0,0,5,32.96180546610837,19,39
normal_482,0,26,6.149114821713585,0,0,0,5,32.96180546610837,19,39
normal_482,0,28,6.41040544556699,0,0,0,5,32.96180546610837,19,39
normal_482,0,30,6.175502860346345,0,0,0,5,32.96180546610837,19,39
normal_482,0,32,11.248838995309633,0,0,0,5,32.96180546610837,19,39
normal_482,0,34,14.41842800149585,0,0,0,5,32.96180546610837,19,39
normal_482,0,36,8.322383714383854,0,0,0,5,32.96180546610837,19,39
normal_483,0,0,8.440989382439252,0,0,0,5,32.96180546610837,19,39
normal_483,0,2,9.882245114474511,0,0,0,5,32.96180546610837,19,39
normal_483,0,4,10.153601888515091,0,0,0,5,32.96180546610837,19,39
normal_483,0,6,10.657322850423336,0,0,0,5,32.96180546610837,19,39
normal_483,0,8,8.999986408194127,0,0,0,5,32.96180546610837,19,39
normal_483,0,10,10.246588992131914,0,0,0,5,32.96180546610837,19,39
normal_483,0,12,8.209995470001655,0,0,0,5,32.96180546610837,19,39
normal_483,0,14,3.8863377517367885,0,0,0,5,32.96180546610837,19,39
normal_483,0,16,2.937350566587172,0,0,0,5,32.96180546610837,19,39
normal_483,0,18,3.084852417875515,0,0,0,5,32.96180546610837,19,39
normal_483,0,20,3.1877409508577146,0,0,0,5,32.96180546610837,19,39
normal_483,0,22,2.084940834936399,0,0,0,5,32.96180546610837,19,39
normal_483,0,24,2.3995650840393674,0,0,0,5,32.96180546610837,19,39
normal_483,0,26,3.472818377946775,0,0,0,5,32.96180546610837,19,39
normal_483,0,28,4.5498723178583,0,0,0,5,32.96180546610837,19,39
normal_483,0,30,4.678091606319137,0,0,0,5,32.96180546610837,19,39
normal_483,0,32,6.096295455291896,0,0,0,5,32.96180546610837,19,39
normal_483,0,34,6.908026762935656,0,0,0,5,32.96180546610837,19,39
normal_483,0,36,4.743531391562869,0,0,0,5,32.96180546610837,19,39
normal_483,0,38,3.7977098607372866,0,0,0,5,32.96180546610837,19,39
normal_483,0,40,4.001263725302933,0,0,0,5,32.96180546610837,19,39
normal_483,0,42,3.416044120300486,0,0,0,5,32.96180546610837,19,39
normal_483,0,44,6.663708782642338,0,0,0,5,32.96180546610837,19,39
normal_484,0,0,7.942369953837576,0,0,0,5,32.96180546610837,19,39
normal_484,0,2,6.480388276455978,0,0,0,5,32.96180546610837,19,39
normal_484,0,4,5.206040394598951,0,0,0,5,32.96180546610837,19,39
normal_484,0,6,6.463161570884827,0,0,0,5,32.96180546610837,19,39
normal_484,0,8,8.165644585512482,0,0,0,5,32.96180546610837,19,39
normal_484,0,10,9.866099896827343,0,0,0,5,32.96180546610837,19,39
normal_484,0,12,5.793004390347503,0,0,0,5,32.96180546610837,19,39
normal_484,0,14,4.894520363381337,0,0,0,5,32.96180546610837,19,39
normal_484,0,16,6.712469284668992,0,0,0,5,32.96180546610837,19,39
normal_484,0,18,5.803344583354899,0,0,0,5,32.96180546610837,19,39
normal_484,0,20,6.413684799501908,0,0,0,5,32.96180546610837,19,39
normal_484,0,22,5.865441608247663,0,0,0,5,32.96180546610837,19,39
normal_484,0,24,10.818779441875355,0,0,0,5,32.96180546610837,19,39
normal_484,0,26,10.402678958859408,0,0,0,5,32.96180546610837,19,39
normal_484,0,28,11.004888286297273,0,0,0,5,32.96180546610837,19,39
normal_484,0,30,8.177038520388518,0,0,0,5,32.96180546610837,19,39
normal_484,0,32,10.582779501052707,0,0,0,5,32.96180546610837,19,39
normal_484,0,34,11.04279575488372,0,0,0,5,32.96180546610837,19,39
normal_484,0,36,10.62766006263636,0,0,0,5,32.96180546610837,19,39
normal_484,0,38,11.80908432720666,0,0,0,5,32.96180546610837,19,39
normal_489,0,0,9.238924215928476,0,0,0,5,32.96180546610837,19,39
normal_489,0,2,5.754071194771791,0,0,0,5,32.96180546610837,19,39
normal_489,0,4,6.9324799591528095,0,0,0,5,32.96180546610837,19,39
normal_489,0,6,5.601525534065292,0,0,0,5,32.96180546610837,19,39
normal_489,0,8,3.6619376044447476,0,0,0,5,32.96180546610837,19,39
normal_489,0,10,3.655979601891027,0,0,0,5,32.96180546610837,19,39
normal_489,0,12,4.476805066639897,0,0,0,5,32.96180546610837,19,39
normal_489,0,14,5.738974679152574,0,0,0,5,32.96180546610837,19,39
normal_489,0,16,4.378882974538927,0,0,0,5,32.96180546610837,19,39
normal_489,0,18,5.600824783600542,0,0,0,5,32.96180546610837,19,39
normal_493,0,0,10.103713069851436,0,0,0,5,32.96180546610837,19,39
normal_493,0,2,10.876428287154098,0,0,0,5,32.96180546610837,19,39
normal_493,0,4,7.309460066497115,0,0,0,5,32.96180546610837,19,39
normal_493,0,6,8.10854327880872,0,0,0,5,32.96180546610837,19,39
normal_493,0,8,5.033490945439042,0,0,0,5,32.96180546610837,19,39
normal_493,0,10,8.305858581394524,0,0,0,5,32.96180546610837,19,39
normal_493,0,12,9.039365323984748,0,0,0,5,32.96180546610837,19,39
normal_493,0,14,6.699930571311339,0,0,0,5,32.96180546610837,19,39
normal_493,0,16,5.737737279047665,0,0,0,5,32.96180546610837,19,39
normal_493,0,18,6.771287912318713,0,0,0,5,32.96180546610837,19,39
normal_493,0,20,5.972180911730776,0,0,0,5,32.96180546610837,19,39
normal_493,0,22,9.645526143296554,0,0,0,5,32.96180546610837,19,39
normal_493,0,24,11.665313524900485,0,0,0,5,32.96180546610837,19,39
normal_493,0,26,9.515394675330915,0,0,0,5,32.96180546610837,19,39
normal_493,0,28,8.159621997131886,0,0,0,5,32.96180546610837,19,39
normal_493,0,30,5.157017326866352,0,0,0,5,32.96180546610837,19,39
normal_493,0,32,4.062456364658493,0,0,0,5,32.96180546610837,19,39
normal_493,0,34,4.770066330003231,0,0,0,5,32.96180546610837,19,39
normal_493,0,36,4.278593130972012,0,0,0,5,32.96180546610837,19,39
normal_493,0,38,4.830821716101975,0,0,0,5,32.96180546610837,19,39
normal_493,0,40,6.246135895719723,0,0,0,5,32.96180546610837,19,39
normal_493,0,42,5.518740591009239,0,0,0,5,32.96180546610837,19,39
normal_493,0,44,8.371471742270137,0,0,0,5,32.96180546610837,19,39
normal_495,0,0,7.82774603207046,0,0,0,5,32.96180546610837,19,39
normal_495,0,2,7.0055807228993245,0,0,0,5,32.96180546610837,19,39
normal_495,0,4,6.982470376038403,0,0,0,5,32.96180546610837,19,39
normal_495,0,6,3.701289198933326,0,0,0,5,32.96180546610837,19,39
normal_495,0,8,6.401627437549141,0,0,0,5,32.96180546610837,19,39
normal_495,0,10,7.746039433414155,0,0,0,5,32.96180546610837,19,39
normal_495,0,12,9.273235488168135,0,0,0,5,32.96180546610837,19,39
normal_495,0,14,12.256210015683449,0,0,0,5,32.96180546610837,19,39
normal_495,0,16,13.462055020535965,0,0,0,5,32.96180546610837,19,39
normal_495,0,18,10.940919076149374,0,0,0,5,32.96180546610837,19,39
normal_495,0,20,8.289587995478053,0,0,0,5,32.96180546610837,19,39
normal_495,0,22,8.97489007647229,0,0,0,5,32.96180546610837,19,39
normal_501,0,0,6.715865925208562,0,0,0,5,32.96180546610837,19,39
normal_501,0,2,11.173651808824706,0,0,0,5,32.96180546610837,19,39
normal_501,0,4,13.296901548826154,0,0,0,5,32.96180546610837,19,39
normal_501,0,6,10.478295288199792,0,0,0,5,32.96180546610837,19,39
normal_501,0,8,7.317372759979704,0,0,0,5,32.96180546610837,19,39
normal_501,0,10,7.156317927731616,0,0,0,5,32.96180546610837,19,39
normal_501,0,12,8.229431829425943,0,0,0,5,32.96180546610837,19,39
normal_501,0,14,5.102125003132922,0,0,0,5,32.96180546610837,19,39
normal_501,0,16,5.660454323143333,0,0,0,5,32.96180546610837,19,39
normal_501,0,18,5.365952533601374,0,0,0,5,32.96180546610837,19,39
normal_501,0,20,7.918940133777356,0,0,0,5,32.96180546610837,19,39
normal_501,0,22,10.17410708840673,0,0,0,5,32.96180546610837,19,39
normal_501,0,24,7.44531704133734,0,0,0,5,32.96180546610837,19,39
normal_501,0,26,8.622019014820284,0,0,0,5,32.96180546610837,19,39
normal_501,0,28,8.028970658178382,0,0,0,5,32.96180546610837,19,39
normal_501,0,30,6.968563537712007,0,0,0,5,32.96180546610837,19,39
normal_501,0,32,7.418396273510853,0,0,0,5,32.96180546610837,19,39
normal_507,0,0,4.313416876909342,0,0,0,5,32.96180546610837,19,39
normal_507,0,2,7.076107904505458,0,0,0,5,32.96180546610837,19,39
normal_507,0,4,5.670395550815166,0,0,0,5,32.96180546610837,19,39
normal_507,0,6,7.721348273230278,0,0,0,5,32.96180546610837,19,39
normal_507,0,8,9.044719985146985,0,0,0,5,32.96180546610837,19,39
normal_507,0,10,9.632506836456912,0,0,0,5,32.96180546610837,19,39
normal_507,0,12,9.694924855891022,0,0,0,5,32.96180546610837,19,39
normal_507,0,14,9.519218497266042,0,0,0,5,32.96180546610837,19,39
normal_507,0,16,10.604980260904084,0,0,0,5,32.96180546610837,19,39
normal_507,0,18,9.443895599829132,0,0,0,5,32.96180546610837,19,39
normal_507,0,20,6.556163268863276,0,0,0,5,32.96180546610837,19,39
normal_507,0,22,4.842935211156668,0,0,0,5,32.96180546610837,19,39
normal_507,0,24,5.300611218570667,0,0,0,5,32.96180546610837,19,39
normal_507,0,26,5.392269311880013,0,0,0,5,32.96180546610837,19,39
normal_507,0,28,4.96377156805212,0,0,0,5,32.96180546610837,19,39
normal_507,0,30,6.228027095748111,0,0,0,5,32.96180546610837,19,39
normal_507,0,32,6.705174246106801,0,0,0,5,32.96180546610837,19,39
normal_523,0,0,11.14005459734589,0,0,0,5,32.96180546610837,19,39
normal_523,0,2,10.49796458996226,0,0,0,5,32.96180546610837,19,39
normal_523,0,4,9.934671241772756,0,0,0,5,32.96180546610837,19,39
normal_523,0,6,9.215936457186658,0,0,0,5,32.96180546610837,19,39
normal_523,0,8,9.686760335220306,0,0,0,5,32.96180546610837,19,39
normal_523,0,10,7.815044424661866,0,0,0,5,32.96180546610837,19,39
normal_523,0,12,7.637904942699129,0,0,0,5,32.96180546610837,19,39
normal_523,0,14,7.346400848131829,0,0,0,5,32.96180546610837,19,39
normal_523,0,16,7.428996134929104,0,0,0,5,32.96180546610837,19,39
normal_523,0,18,6.193506840483316,0,0,0,5,32.96180546610837,19,39
normal_523,0,20,7.303971597381911,0,0,0,5,32.96180546610837,19,39
normal_534,0,0,6.181643374778547,0,0,0,5,32.96180546610837,19,39
normal_534,0,2,5.118995578776163,0,0,0,5,32.96180546610837,19,39
normal_534,0,4,5.11071364033136,0,0,0,5,32.96180546610837,19,39
normal_534,0,6,5.178428903399876,0,0,0,5,32.96180546610837,19,39
normal_534,0,8,4.111397040439588,0,0,0,5,32.96180546610837,19,39
normal_534,0,10,4.315328480554609,0,0,0,5,32.96180546610837,19,39
normal_534,0,12,4.595456290908462,0,0,0,5,32.96180546610837,19,39
normal_534,0,14,5.593059299272726,0,0,0,5,32.96180546610837,19,39
normal_534,0,16,6.417099626145596,0,0,0,5,32.96180546610837,19,39
normal_534,0,18,7.4141556695911275,0,0,0,5,32.96180546610837,19,39
normal_534,0,20,9.334954535772386,0,0,0,5,32.96180546610837,19,39
normal_534,0,22,8.364026727815105,0,0,0,5,32.96180546610837,19,39
normal_534,0,24,9.5327986815002,0,0,0,5,32.96180546610837,19,39
normal_534,0,26,5.419040221204025,0,0,0,5,32.96180546610837,19,39
normal_534,0,28,7.8733222068881075,0,0,0,5,32.96180546610837,19,39
normal_534,0,30,6.100013489168855,0,0,0,5,32.96180546610837,19,39
normal_534,0,32,9.480872968861568,0,0,0,5,32.96180546610837,19,39
normal_538,0,0,3.744006670085033,0,0,0,5,32.96180546610837,19,39
normal_538,0,2,3.8662305831122477,0,0,0,5,32.96180546610837,19,39
normal_538,0,4,3.626708039881695,0,0,0,5,32.96180546610837,19,39
normal_538,0,6,6.905284607054324,0,0,0,5,32.96180546610837,19,39
normal_538,0,8,7.489698788938716,0,0,0,5,32.96180546610837,19,39
normal_538,0,10,8.370812821245803,0,0,0,5,32.96180546610837,19,39
normal_538,0,12,6.7492812975625895,0,0,0,5,32.96180546610837,19,39
normal_538,0,14,6.18798446125278,0,0,0,5,32.96180546610837,19,39
normal_538,0,16,4.083796749928641,0,0,0,5,32.96180546610837,19,39
normal_538,0,18,6.108060088651512,0,0,0,5,32.96180546610837,19,39
normal_538,0,20,6.577000686924864,0,0,0,5,32.96180546610837,19,39
normal_538,0,22,8.245710386960985,0,0,0,5,32.96180546610837,19,39
normal_538,0,24,9.243983458118938,0,0,0,5,32.96180546610837,19,39
normal_538,0,26,9.181187969775243,0,0,0,5,32.96180546610837,19,39
normal_538,0,28,9.722513959240581,0,0,0,5,32.96180546610837,19,39
normal_538,0,30,9.310925776814084,0,0,0,5,32.96180546610837,19,39
normal_538,0,32,8.77991892984404,0,0,0,5,32.96180546610837,19,39
normal_538,0,34,8.000072375139709,0,0,0,5,32.96180546610837,19,39
normal_538,0,36,9.903908739686758,0,0,0,5,32.96180546610837,19,39
normal_538,0,38,8.552113902981693,0,0,0,5,32.96180546610837,19,39
normal_538,0,40,7.395897207794381,0,0,0,5,32.96180546610837,19,39
normal_538,0,42,6.187638067092966,0,0,0,5,32.96180546610837,19,39
normal_538,0,44,6.0685595053070225,0,0,0,5,32.96180546610837,19,39
normal_540,0,0,9.514243978502947,0,0,0,5,32.96180546610837,19,39
normal_540,0,2,10.804600470028483,0,0,0,5,32.96180546610837,19,39
normal_540,0,4,9.469840446183206,0,0,0,5,32.96180546610837,19,39
normal_540,0,6,7.552912395774215,0,0,0,5,32.96180546610837,19,39
normal_540,0,8,5.055071570241444,0,0,0,5,32.96180546610837,19,39
normal_540,0,10,4.65478842383174,0,0,0,5,32.96180546610837,19,39
normal_540,0,12,4.924107580116751,0,0,0,5,32.96180546610837,19,39
normal_540,0,14,5.064083273513009,0,0,0,5,32.96180546610837,19,39
normal_540,0,16,4.280598890926495,0,0,0,5,32.96180546610837,19,39
normal_540,0,18,6.620707866149896,0,0,0,5,32.96180546610837,19,39
normal_571,0,0,10.132718507483444,0,0,0,5,32.96180546610837,19,39
normal_571,0,2,6.990094013943078,0,0,0,5,32.96180546610837,19,39
normal_571,0,4,6.325210896848781,0,0,0,5,32.96180546610837,19,39
normal_571,0,6,5.129165985586629,0,0,0,5,32.96180546610837,19,39
normal_571,0,8,7.015209007401521,0,0,0,5,32.96180546610837,19,39
normal_571,0,10,5.555612257199985,0,0,0,5,32.96180546610837,19,39
normal_571,0,12,7.899405126770326,0,0,0,5,32.96180546610837,19,39
normal_571,0,14,3.57685682068418,0,0,0,5,32.96180546610837,19,39
normal_571,0,16,8.294275039871946,0,0,0,5,32.96180546610837,19,39
normal_571,0,18,11.817105926152493,0,0,0,5,32.96180546610837,19,39
normal_571,0,20,11.037844328284491,0,0,0,5,32.96180546610837,19,39
normal_571,0,22,5.452012407719377,0,0,0,5,32.96180546610837,19,39
normal_571,0,24,6.410125794124506,0,0,0,5,32.96180546610837,19,39
normal_571,0,26,5.595276842167957,0,0,0,5,32.96180546610837,19,39
normal_571,0,28,6.98474000222192,0,0,0,5,32.96180546610837,19,39
normal_571,0,30,4.574080554856603,0,0,0,5,32.96180546610837,19,39
normal_571,0,32,4.163751997316847,0,0,0,5,32.96180546610837,19,39
normal_571,0,34,9.409832112631966,0,0,0,5,32.96180546610837,19,39
normal_571,0,36,15.064554042031306,0,0,0,5,32.96180546610837,19,39
normal_573,0,0,15.749491707765523,0,0,0,5,32.96180546610837,19,39
normal_573,0,2,17.590505595063444,0,0,0,5,32.96180546610837,19,39
normal_573,0,4,10.584939579073493,0,0,0,5,32.96180546610837,19,39
normal_573,0,6,10.591236488771099,0,0,0,5,32.96180546610837,19,39
normal_573,0,8,11.490739075111184,0,0,0,5,32.96180546610837,19,39
normal_573,0,10,12.751895908666995,0,0,0,5,32.96180546610837,19,39
normal_573,0,12,12.219198533193966,0,0,0,5,32.96180546610837,19,39
normal_573,0,14,13.32035372392482,0,0,0,5,32.96180546610837,19,39
normal_575,0,0,13.850414127838247,0,0,0,5,32.96180546610837,19,39
normal_575,0,2,13.200529902654683,0,0,0,5,32.96180546610837,19,39
normal_575,0,4,12.02461874453825,0,0,0,5,32.96180546610837,19,39
normal_575,0,6,11.612305003896834,0,0,0,5,32.96180546610837,19,39
normal_575,0,8,11.444128354792348,0,0,0,5,32.96180546610837,19,39
normal_575,0,10,11.022238851561443,0,0,0,5,32.96180546610837,19,39
normal_575,0,12,9.749451911848718,0,0,0,5,32.96180546610837,19,39
normal_575,0,14,7.113123412069354,0,0,0,5,32.96180546610837,19,39
normal_575,0,16,6.449829132391352,0,0,0,5,32.96180546610837,19,39
normal_575,0,18,6.995392543656401,0,0,0,5,32.96180546610837,19,39
normal_575,0,20,7.952773462898294,0,0,0,5,32.96180546610837,19,39
normal_575,0,22,7.977109600761243,0,0,0,5,32.96180546610837,19,39
normal_575,0,24,8.285185430584653,0,0,0,5,32.96180546610837,19,39
normal_575,0,26,10.385156569229588,0,0,0,5,32.96180546610837,19,39
normal_575,0,28,9.122345219965219,0,0,0,5,32.96180546610837,19,39
normal_575,0,30,8.836486521015834,0,0,0,5,32.96180546610837,19,39
normal_575,0,32,9.322931459870073,0,0,0,5,32.96180546610837,19,39
normal_575,0,34,10.423103411434592,0,0,0,5,32.96180546610837,19,39
normal_575,0,36,14.008806385475172,0,0,0,5,32.96180546610837,19,39
normal_575,0,38,8.908731972626999,0,0,0,5,32.96180546610837,19,39
normal_575,0,40,11.894729715984308,0,0,0,5,32.96180546610837,19,39
normal_575,0,42,11.15823191228109,0,0,0,5,32.96180546610837,19,39
normal_575,0,44,12.207615964209426,0,0,0,5,32.96180546610837,19,39
normal_579,0,0,12.529641202044278,0,0,0,5,32.96180546610837,19,39
normal_579,0,2,12.581741290862684,0,0,0,5,32.96180546610837,19,39
normal_579,0,4,11.657896476201621,0,0,0,5,32.96180546610837,19,39
normal_579,0,6,12.274503127051561,0,0,0,5,32.96180546610837,19,39
normal_579,0,8,14.670492033493687,0,0,0,5,32.96180546610837,19,39
normal_579,0,10,13.523101857559656,0,0,0,5,32.96180546610837,19,39
normal_579,0,12,15.058766521555404,0,0,0,5,32.96180546610837,19,39
normal_579,0,14,12.66493642886266,0,0,0,5,32.96180546610837,19,39
normal_579,0,16,13.040408591723706,0,0,0,5,32.96180546610837,19,39
normal_579,0,18,12.383419068505033,0,0,0,5,32.96180546610837,19,39
normal_579,0,20,13.426045670355698,0,0,0,5,32.96180546610837,19,39
normal_579,0,22,13.192766246538298,0,0,0,5,32.96180546610837,19,39
normal_579,0,24,12.267604743874035,0,0,0,5,32.96180546610837,19,39
normal_579,0,26,17.439495568131726,0,0,0,5,32.96180546610837,19,39
normal_579,0,28,20.98318750196499,0,0,0,5,32.96180546610837,19,39
normal_579,0,30,18.372280935426133,0,0,0,5,32.96180546610837,19,39
normal_589,0,0,10.782353295755538,0,0,0,5,32.96180546610837,19,39
normal_589,0,2,7.1463479725264785,0,0,0,5,32.96180546610837,19,39
normal_589,0,4,5.179795736468777,0,0,0,5,32.96180546610837,19,39
normal_589,0,6,6.628048421682468,0,0,0,5,32.96180546610837,19,39
normal_589,0,8,13.630661820497746,0,0,0,5,32.96180546610837,19,39
normal_589,0,10,12.473180693848521,0,0,0,5,32.96180546610837,19,39
normal_589,0,12,12.681369347942713,0,0,0,5,32.96180546610837,19,39
normal_589,0,14,13.409273169767218,0,0,0,5,32.96180546610837,19,39
normal_589,0,16,12.976615294102045,0,0,0,5,32.96180546610837,19,39
normal_589,0,18,8.57229768926454,0,0,0,5,32.96180546610837,19,39
normal_589,0,20,8.829692035943308,0,0,0,5,32.96180546610837,19,39
normal_589,0,22,10.984107497228429,0,0,0,5,32.96180546610837,19,39
normal_589,0,24,8.458590351871699,0,0,0,5,32.96180546610837,19,39
normal_589,0,26,7.6177749979790885,0,0,0,5,32.96180546610837,19,39
normal_589,0,28,6.362756520263652,0,0,0,5,32.96180546610837,19,39
normal_589,0,30,8.991152667714394,0,0,0,5,32.96180546610837,19,39
normal_589,0,32,15.232236257010284,0,0,0,5,32.96180546610837,19,39
normal_589,0,34,12.57953810422671,0,0,0,5,32.96180546610837,19,39
normal_589,0,36,8.290044353839223,0,0,0,5,32.96180546610837,19,39
normal_598,0,0,13.067963567024565,0,0,0,5,32.96180546610837,19,39
normal_598,0,2,13.366505240250968,0,0,0,5,32.96180546610837,19,39
normal_598,0,4,12.672037998059938,0,0,0,5,32.96180546610837,19,39
normal_598,0,6,12.325846714334821,0,0,0,5,32.96180546610837,19,39
normal_598,0,8,13.763587561654118,0,0,0,5,32.96180546610837,19,39
normal_598,0,10,13.443719255156301,0,0,0,5,32.96180546610837,19,39
normal_598,0,12,15.154466511591039,0,0,0,5,32.96180546610837,19,39
normal_598,0,14,14.17638632204146,0,0,0,5,32.96180546610837,19,39
normal_598,0,16,13.066401610785958,0,0,0,5,32.96180546610837,19,39
normal_598,0,18,10.456645337090352,0,0,0,5,32.96180546610837,19,39
normal_598,0,20,10.517984311859607,0,0,0,5,32.96180546610837,19,39
normal_598,0,22,9.18707155623403,0,0,0,5,32.96180546610837,19,39
normal_598,0,24,7.643371648435819,0,0,0,5,32.96180546610837,19,39
normal_598,0,26,8.395115875190971,0,0,0,5,32.96180546610837,19,39
normal_598,0,28,11.480051701079148,0,0,0,5,32.96180546610837,19,39
normal_598,0,30,12.344734206163915,0,0,0,5,32.96180546610837,19,39
normal_598,0,32,11.147365035125803,0,0,0,5,32.96180546610837,19,39
normal_598,0,34,10.839571617507895,0,0,0,5,32.96180546610837,19,39
normal_598,0,36,11.609226633886049,0,0,0,5,32.96180546610837,19,39
normal_598,0,38,11.71484004044322,0,0,0,5,32.96180546610837,19,39
normal_598,0,40,11.454778882644359,0,0,0,5,32.96180546610837,19,39
normal_598,0,42,9.71302304531671,0,0,0,5,32.96180546610837,19,39
normal_598,0,44,10.191119878681201,0,0,0,5,32.96180546610837,19,39
anomaly_3,1,0,300.3496990315602,1,1,0,5,32.96180546610837,19,39
anomaly_3,1,2,266.7990432787024,1,2,0,5,32.96180546610837,19,39
anomaly_3,1,4,458.97041395996877,1,3,0,5,32.96180546610837,19,39
anomaly_3,1,6,325.853350309008,1,4,0,5,32.96180546610837,19,39
anomaly_3,1,8,168.80283324753282,1,5,0,5,32.96180546610837,19,39
anomaly_3,1,10,731.6494374263372,1,6,0,5,32.96180546610837,19,39
anomaly_3,1,12,1042.364843304864,1,7,0,5,32.96180546610837,19,39
anomaly_3,1,14,1164.9855540023405,1,8,0,5,32.96180546610837,19,39
anomaly_3,1,16,991.4738116253542,1,9,0,5,32.96180546610837,19,39
anomaly_3,1,18,668.7884440107232,1,10,0,5,32.96180546610837,19,39
anomaly_3,1,20,1004.7862428991814,1,11,0,5,32.96180546610837,19,39
anomaly_3,1,22,650.400699087623,1,12,0,5,32.96180546610837,19,39
anomaly_3,1,24,1043.7228772555025,1,13,0,5,32.96180546610837,19,39
anomaly_3,1,26,776.9593923811442,1,14,0,5,32.96180546610837,19,39
anomaly_3,1,28,927.7120160097041,1,15,0,5,32.96180546610837,19,39
anomaly_3,1,30,657.0368578914182,1,16,0,5,32.96180546610837,19,39
anomaly_3,1,32,1440.2151115229306,1,17,0,5,32.96180546610837,19,39
anomaly_3,1,34,1718.1457518585448,1,18,0,5,32.96180546610837,19,39
anomaly_3,1,36,1726.1942599020642,1,19,1,5,32.96180546610837,19,39
anomaly_3,1,38,297.6343899098647,1,20,1,5,32.96180546610837,19,39
anomaly_3,1,40,174.3733088819767,1,21,1,5,32.96180546610837,19,39
anomaly_3,1,42,59.98402644322741,1,22,1,5,32.96180546610837,19,39
anomaly_13,1,0,1144.6423971572692,1,1,0,5,32.96180546610837,19,39
anomaly_13,1,2,1752.46507496226,1,2,0,5,32.96180546610837,19,39
anomaly_13,1,4,1359.7332484086162,1,3,0,5,32.96180546610837,19,39
anomaly_13,1,6,1322.1883122571085,1,4,0,5,32.96180546610837,19,39
anomaly_13,1,8,1218.249585348661,1,5,0,5,32.96180546610837,19,39
anomaly_13,1,10,1167.732530826167,1,6,0,5,32.96180546610837,19,39
anomaly_13,1,12,148.5827313235439,1,7,0,5,32.96180546610837,19,39
anomaly_13,1,14,120.95222436587147,1,8,0,5,32.96180546610837,19,39
anomaly_13,1,16,319.23684330272044,1,9,0,5,32.96180546610837,19,39
anomaly_13,1,18,489.25024872725777,1,10,0,5,32.96180546610837,19,39
anomaly_13,1,20,356.5676158821556,1,11,0,5,32.96180546610837,19,39
anomaly_13,1,22,217.88379285010197,1,12,0,5,32.96180546610837,19,39
anomaly_13,1,24,133.8823164522232,1,13,0,5,32.96180546610837,19,39
anomaly_13,1,26,139.06260173269095,1,14,0,5,32.96180546610837,19,39
anomaly_13,1,28,167.2391240336457,1,15,0,5,32.96180546610837,19,39
anomaly_13,1,30,141.53015250144887,1,16,0,5,32.96180546610837,19,39
anomaly_13,1,32,139.53716686443164,1,17,0,5,32.96180546610837,19,39
anomaly_13,1,34,156.036321653874,1,18,0,5,32.96180546610837,19,39
anomaly_13,1,36,99.07397305837887,1,19,1,5,32.96180546610837,19,39
anomaly_19,1,0,59.25490199714242,1,1,0,5,32.96180546610837,19,39
anomaly_19,1,2,207.03604392617956,1,2,0,5,32.96180546610837,19,39
anomaly_19,1,4,130.05022035134516,1,3,0,5,32.96180546610837,19,39
anomaly_19,1,6,1503.5802477550142,1,4,0,5,32.96180546610837,19,39
anomaly_19,1,8,3367.807174630704,1,5,0,5,32.96180546610837,19,39
anomaly_19,1,10,2712.9340286687307,1,6,0,5,32.96180546610837,19,39
anomaly_19,1,12,1919.1630689641852,1,7,0,5,32.96180546610837,19,39
anomaly_19,1,14,852.7044455925034,1,8,0,5,32.96180546610837,19,39
anomaly_19,1,16,294.92491535685906,1,9,0,5,32.96180546610837,19,39
anomaly_19,1,18,314.81092001920575,1,10,0,5,32.96180546610837,19,39
