group,label,start,score,warning,run_count,run_alarm_trigger,fold,warning_threshold,markov_k,upper_k
normal_1,0,0,0.016052531,0,0,0,1,0.1724259853363037,5,9
normal_1,0,5,0.005012265,0,0,0,1,0.1724259853363037,5,9
normal_1,0,10,0.011347978,0,0,0,1,0.1724259853363037,5,9
normal_1,0,15,0.053129535,0,0,0,1,0.1724259853363037,5,9
normal_1,0,20,0.0024126803,0,0,0,1,0.1724259853363037,5,9
normal_1,0,25,0.0044656466,0,0,0,1,0.1724259853363037,5,9
normal_1,0,30,0.035232726,0,0,0,1,0.1724259853363037,5,9
normal_3,0,0,0.01231601,0,0,0,1,0.1724259853363037,5,9
normal_3,0,5,0.08964477,0,0,0,1,0.1724259853363037,5,9
normal_3,0,10,0.0053618564,0,0,0,1,0.1724259853363037,5,9
normal_8,0,0,0.012120216,0,0,0,1,0.1724259853363037,5,9
normal_8,0,5,0.008712241,0,0,0,1,0.1724259853363037,5,9
normal_8,0,10,0.0024845398,0,0,0,1,0.1724259853363037,5,9
normal_8,0,15,0.0057604434,0,0,0,1,0.1724259853363037,5,9
normal_8,0,20,0.15598585,0,0,0,1,0.1724259853363037,5,9
normal_8,0,25,0.0032890846,0,0,0,1,0.1724259853363037,5,9
normal_8,0,30,0.007580379,0,0,0,1,0.1724259853363037,5,9
normal_51,0,0,0.0023508195,0,0,0,1,0.1724259853363037,5,9
normal_51,0,5,0.0042824275,0,0,0,1,0.1724259853363037,5,9
normal_51,0,10,0.032050744,0,0,0,1,0.1724259853363037,5,9
normal_56,0,0,0.03418869,0,0,0,1,0.1724259853363037,5,9
normal_56,0,5,0.0033938484,0,0,0,1,0.1724259853363037,5,9
normal_56,0,10,0.007761954,0,0,0,1,0.1724259853363037,5,9
normal_56,0,15,0.028380701,0,0,0,1,0.1724259853363037,5,9
normal_56,0,20,0.0025630787,0,0,0,1,0.1724259853363037,5,9
normal_56,0,25,0.0052651083,0,0,0,1,0.1724259853363037,5,9
normal_56,0,30,0.09617348,0,0,0,1,0.1724259853363037,5,9
normal_56,0,35,0.0042307978,0,0,0,1,0.1724259853363037,5,9
normal_56,0,40,0.0048190714,0,0,0,1,0.1724259853363037,5,9
normal_58,0,0,0.028993573,0,0,0,1,0.1724259853363037,5,9
normal_58,0,5,0.023243014,0,0,0,1,0.1724259853363037,5,9
normal_58,0,10,0.0034112027,0,0,0,1,0.1724259853363037,5,9
normal_58,0,15,0.009202698,0,0,0,1,0.1724259853363037,5,9
normal_58,0,20,0.045040783,0,0,0,1,0.1724259853363037,5,9
normal_58,0,25,0.0051146634,0,0,0,1,0.1724259853363037,5,9
normal_58,0,30,0.010206847,0,0,0,1,0.1724259853363037,5,9
normal_58,0,35,0.07655064,0,0,0,1,0.1724259853363037,5,9
normal_58,0,40,0.010575327,0,0,0,1,0.1724259853363037,5,9
normal_62,0,0,0.009151129,0,0,0,1,0.1724259853363037,5,9
normal_62,0,5,0.0067051174,0,0,0,1,0.1724259853363037,5,9
normal_62,0,10,0.060172066,0,0,0,1,0.1724259853363037,5,9
normal_62,0,15,0.020209722,0,0,0,1,0.1724259853363037,5,9
normal_62,0,20,0.005316659,0,0,0,1,0.1724259853363037,5,9
normal_62,0,25,0.014148402,0,0,0,1,0.1724259853363037,5,9
normal_62,0,30,0.04630307,0,0,0,1,0.1724259853363037,5,9
normal_62,0,35,0.005384103,0,0,0,1,0.1724259853363037,5,9
normal_62,0,40,0.010476523,0,0,0,1,0.1724259853363037,5,9
normal_71,0,0,0.0065158284,0,0,0,1,0.1724259853363037,5,9
normal_71,0,5,0.005475752,0,0,0,1,0.1724259853363037,5,9
normal_71,0,10,0.029640377,0,0,0,1,0.1724259853363037,5,9
normal_71,0,15,0.032161936,0,0,0,1,0.1724259853363037,5,9
normal_71,0,20,0.0037378094,0,0,0,1,0.1724259853363037,5,9
normal_71,0,25,0.006813657,0,0,0,1,0.1724259853363037,5,9
normal_71,0,30,0.06808134,0,0,0,1,0.1724259853363037,5,9
normal_71,0,35,0.003871877,0,0,0,1,0.1724259853363037,5,9
normal_71,0,40,0.0042732996,0,0,0,1,0.1724259853363037,5,9
normal_77,0,0,0.011226249,0,0,0,1,0.1724259853363037,5,9
normal_77,0,5,0.009863394,0,0,0,1,0.1724259853363037,5,9
normal_77,0,10,0.0022986794,0,0,0,1,0.1724259853363037,5,9
normal_77,0,15,0.0056350916,0,0,0,1,0.1724259853363037,5,9
normal_77,0,20,0.064559534,0,0,0,1,0.1724259853363037,5,9
normal_77,0,25,0.0031909843,0,0,0,1,0.1724259853363037,5,9
normal_77,0,30,0.013094654,0,0,0,1,0.1724259853363037,5,9
normal_77,0,35,0.076310694,0,0,0,1,0.1724259853363037,5,9
normal_77,0,40,0.003742781,0,0,0,1,0.1724259853363037,5,9
normal_79,0,0,0.16804098,0,0,0,1,0.1724259853363037,5,9
normal_79,0,5,0.006224085,0,0,0,1,0.1724259853363037,5,9
normal_79,0,10,0.0059328377,0,0,0,1,0.1724259853363037,5,9
normal_79,0,15,0.034402974,0,0,0,1,0.1724259853363037,5,9
normal_79,0,20,0.0060846177,0,0,0,1,0.1724259853363037,5,9
normal_79,0,25,0.0038743233,0,0,0,1,0.1724259853363037,5,9
normal_79,0,30,0.02979614,0,0,0,1,0.1724259853363037,5,9
normal_79,0,35,0.036950547,0,0,0,1,0.1724259853363037,5,9
normal_79,0,40,0.0039172675,0,0,0,1,0.1724259853363037,5,9
normal_86,0,0,0.0067317546,0,0,0,1,0.1724259853363037,5,9
normal_86,0,5,0.033130772,0,0,0,1,0.1724259853363037,5,9
normal_86,0,10,0.0845667,0,0,0,1,0.1724259853363037,5,9
normal_86,0,15,0.004518278,0,0,0,1,0.1724259853363037,5,9
normal_86,0,20,0.010637742,0,0,0,1,0.1724259853363037,5,9
normal_86,0,25,0.057689272,0,0,0,1,0.1724259853363037,5,9
normal_86,0,30,0.0037555264,0,0,0,1,0.1724259853363037,5,9
normal_86,0,35,0.005592571,0,0,0,1,0.1724259853363037,5,9
normal_87,0,0,0.1725819,1,1,0,1,0.1724259853363037,5,9
normal_87,0,5,0.0077216574,0,0,0,1,0.1724259853363037,5,9
normal_87,0,10,0.0061516627,0,0,0,1,0.1724259853363037,5,9
normal_87,0,15,0.03971552,0,0,0,1,0.1724259853363037,5,9
normal_87,0,20,0.011048721,0,0,0,1,0.1724259853363037,5,9
normal_95,0,0,0.057028305,0,0,0,1,0.1724259853363037,5,9
normal_95,0,5,0.0037784704,0,0,0,1,0.1724259853363037,5,9
normal_95,0,10,0.0053563304,0,0,0,1,0.1724259853363037,5,9
normal_95,0,15,0.15126298,0,0,0,1,0.1724259853363037,5,9
normal_95,0,20,0.0056966874,0,0,0,1,0.1724259853363037,5,9
normal_95,0,25,0.0076896846,0,0,0,1,0.1724259853363037,5,9
normal_95,0,30,0.040017866,0,0,0,1,0.1724259853363037,5,9
normal_95,0,35,0.006551667,0,0,0,1,0.1724259853363037,5,9
normal_95,0,40,0.0022226665,0,0,0,1,0.1724259853363037,5,9
normal_99,0,0,0.0065308595,0,0,0,1,0.1724259853363037,5,9
normal_99,0,5,0.007522042,0,0,0,1,0.1724259853363037,5,9
normal_99,0,10,0.2573756,1,1,0,1,0.1724259853363037,5,9
normal_102,0,0,0.0023182,0,0,0,1,0.1724259853363037,5,9
normal_102,0,5,0.0029688326,0,0,0,1,0.1724259853363037,5,9
normal_102,0,10,0.0127555,0,0,0,1,0.1724259853363037,5,9
normal_102,0,15,0.011571788,0,0,0,1,0.1724259853363037,5,9
normal_102,0,20,0.0028607503,0,0,0,1,0.1724259853363037,5,9
normal_102,0,25,0.01242719,0,0,0,1,0.1724259853363037,5,9
normal_102,0,30,0.16531493,0,0,0,1,0.1724259853363037,5,9
normal_102,0,35,0.0027301265,0,0,0,1,0.1724259853363037,5,9
normal_102,0,40,0.0046495236,0,0,0,1,0.1724259853363037,5,9
normal_103,0,0,0.011809798,0,0,0,1,0.1724259853363037,5,9
normal_103,0,5,0.24231687,1,1,0,1,0.1724259853363037,5,9
normal_103,0,10,0.006843907,0,0,0,1,0.1724259853363037,5,9
normal_103,0,15,0.0056942813,0,0,0,1,0.1724259853363037,5,9
normal_103,0,20,0.023105899,0,0,0,1,0.1724259853363037,5,9
normal_103,0,25,0.008939619,0,0,0,1,0.1724259853363037,5,9
normal_103,0,30,0.0050547435,0,0,0,1,0.1724259853363037,5,9
normal_103,0,35,0.021645727,0,0,0,1,0.1724259853363037,5,9
normal_115,0,0,0.0036845484,0,0,0,1,0.1724259853363037,5,9
normal_115,0,5,0.0061632064,0,0,0,1,0.1724259853363037,5,9
normal_115,0,10,0.017696997,0,0,0,1,0.1724259853363037,5,9
normal_115,0,15,0.0038817322,0,0,0,1,0.1724259853363037,5,9
normal_115,0,20,0.003378781,0,0,0,1,0.1724259853363037,5,9
normal_115,0,25,0.015077414,0,0,0,1,0.1724259853363037,5,9
normal_115,0,30,0.011742923,0,0,0,1,0.1724259853363037,5,9
normal_130,0,0,0.032372992,0,0,0,1,0.1724259853363037,5,9
normal_130,0,5,0.004514278,0,0,0,1,0.1724259853363037,5,9
normal_130,0,10,0.007567742,0,0,0,1,0.1724259853363037,5,9
normal_147,0,0,0.035539836,0,0,0,1,0.1724259853363037,5,9
normal_147,0,5,0.0069453837,0,0,0,1,0.1724259853363037,5,9
normal_147,0,10,0.010143541,0,0,0,1,0.1724259853363037,5,9
normal_147,0,15,0.06427529,0,0,0,1,0.1724259853363037,5,9
normal_147,0,20,0.018207094,0,0,0,1,0.1724259853363037,5,9
normal_147,0,25,0.0051855175,0,0,0,1,0.1724259853363037,5,9
normal_147,0,30,0.021693569,0,0,0,1,0.1724259853363037,5,9
normal_160,0,0,0.005554082,0,0,0,1,0.1724259853363037,5,9
normal_160,0,5,0.019476723,0,0,0,1,0.1724259853363037,5,9
normal_160,0,10,0.053748034,0,0,0,1,0.1724259853363037,5,9
normal_160,0,15,0.005997145,0,0,0,1,0.1724259853363037,5,9
normal_160,0,20,0.008638737,0,0,0,1,0.1724259853363037,5,9
normal_160,0,25,0.09064974,0,0,0,1,0.1724259853363037,5,9
normal_160,0,30,0.006284858,0,0,0,1,0.1724259853363037,5,9
normal_160,0,35,0.0075572594,0,0,0,1,0.1724259853363037,5,9
normal_160,0,40,0.0562722,0,0,0,1,0.1724259853363037,5,9
normal_167,0,0,0.005517952,0,0,0,1,0.1724259853363037,5,9
normal_167,0,5,0.026320923,0,0,0,1,0.1724259853363037,5,9
normal_167,0,10,0.0046536983,0,0,0,1,0.1724259853363037,5,9
normal_167,0,15,0.0045370534,0,0,0,1,0.1724259853363037,5,9
normal_167,0,20,0.020424195,0,0,0,1,0.1724259853363037,5,9
normal_173,0,0,0.030575557,0,0,0,1,0.1724259853363037,5,9
normal_173,0,5,0.015684107,0,0,0,1,0.1724259853363037,5,9
normal_173,0,10,0.0025671842,0,0,0,1,0.1724259853363037,5,9
normal_173,0,15,0.00614943,0,0,0,1,0.1724259853363037,5,9
normal_177,0,0,0.011327854,0,0,0,1,0.1724259853363037,5,9
normal_177,0,5,0.0040725255,0,0,0,1,0.1724259853363037,5,9
normal_177,0,10,0.0113335755,0,0,0,1,0.1724259853363037,5,9
normal_177,0,15,0.25131968,1,1,0,1,0.1724259853363037,5,9
normal_177,0,20,0.0037038815,0,0,0,1,0.1724259853363037,5,9
normal_177,0,25,0.0047562043,0,0,0,1,0.1724259853363037,5,9
normal_177,0,30,0.018820599,0,0,0,1,0.1724259853363037,5,9
normal_177,0,35,0.0038002604,0,0,0,1,0.1724259853363037,5,9
normal_177,0,40,0.0034579984,0,0,0,1,0.1724259853363037,5,9
normal_178,0,0,0.00946822,0,0,0,1,0.1724259853363037,5,9
normal_178,0,5,0.0061597843,0,0,0,1,0.1724259853363037,5,9
normal_178,0,10,0.068769716,0,0,0,1,0.1724259853363037,5,9
normal_178,0,15,0.013735814,0,0,0,1,0.1724259853363037,5,9
normal_178,0,20,0.006105662,0,0,0,1,0.1724259853363037,5,9
normal_178,0,25,0.012146684,0,0,0,1,0.1724259853363037,5,9
normal_178,0,30,0.6466926,1,1,0,1,0.1724259853363037,5,9
normal_178,0,35,0.004727355,0,0,0,1,0.1724259853363037,5,9
normal_183,0,0,0.050331417,0,0,0,1,0.1724259853363037,5,9
normal_183,0,5,0.015143709,0,0,0,1,0.1724259853363037,5,9
normal_183,0,10,0.004571479,0,0,0,1,0.1724259853363037,5,9
normal_183,0,15,0.0116886245,0,0,0,1,0.1724259853363037,5,9
normal_183,0,20,0.041797508,0,0,0,1,0.1724259853363037,5,9
normal_183,0,25,0.0039183823,0,0,0,1,0.1724259853363037,5,9
normal_183,0,30,0.009840769,0,0,0,1,0.1724259853363037,5,9
normal_183,0,35,0.10358073,0,0,0,1,0.1724259853363037,5,9
normal_185,0,0,0.01835156,0,0,0,1,0.1724259853363037,5,9
normal_185,0,5,0.059574094,0,0,0,1,0.1724259853363037,5,9
normal_185,0,10,0.0063639744,0,0,0,1,0.1724259853363037,5,9
normal_185,0,15,0.0072847693,0,0,0,1,0.1724259853363037,5,9
normal_185,0,20,0.32521474,1,1,0,1,0.1724259853363037,5,9
normal_188,0,0,0.013055809,0,0,0,1,0.1724259853363037,5,9
normal_188,0,5,0.005849933,0,0,0,1,0.1724259853363037,5,9
normal_188,0,10,0.022524958,0,0,0,1,0.1724259853363037,5,9
normal_188,0,15,0.026325343,0,0,0,1,0.1724259853363037,5,9
normal_188,0,20,0.004392101,0,0,0,1,0.1724259853363037,5,9
normal_188,0,25,0.014196623,0,0,0,1,0.1724259853363037,5,9
normal_188,0,30,0.08416371,0,0,0,1,0.1724259853363037,5,9
normal_188,0,35,0.0073582362,0,0,0,1,0.1724259853363037,5,9
normal_188,0,40,0.009872852,0,0,0,1,0.1724259853363037,5,9
normal_190,0,0,0.005375043,0,0,0,1,0.1724259853363037,5,9
normal_190,0,5,0.014089337,0,0,0,1,0.1724259853363037,5,9
normal_190,0,10,0.07908624,0,0,0,1,0.1724259853363037,5,9
normal_190,0,15,0.0038384045,0,0,0,1,0.1724259853363037,5,9
normal_190,0,20,0.00488621,0,0,0,1,0.1724259853363037,5,9
normal_190,0,25,0.022222504,0,0,0,1,0.1724259853363037,5,9
normal_206,0,0,0.016789991,0,0,0,1,0.1724259853363037,5,9
normal_206,0,5,0.07096817,0,0,0,1,0.1724259853363037,5,9
normal_206,0,10,0.004510833,0,0,0,1,0.1724259853363037,5,9
normal_206,0,15,0.008324229,0,0,0,1,0.1724259853363037,5,9
normal_206,0,20,0.109657116,0,0,0,1,0.1724259853363037,5,9
normal_207,0,0,0.007548274,0,0,0,1,0.1724259853363037,5,9
normal_207,0,5,0.037854582,0,0,0,1,0.1724259853363037,5,9
normal_207,0,10,0.016977094,0,0,0,1,0.1724259853363037,5,9
normal_212,0,0,0.005252078,0,0,0,1,0.1724259853363037,5,9
normal_212,0,5,0.031221122,0,0,0,1,0.1724259853363037,5,9
normal_212,0,10,0.024788598,0,0,0,1,0.1724259853363037,5,9
normal_212,0,15,0.008499617,0,0,0,1,0.1724259853363037,5,9
normal_212,0,20,0.011433986,0,0,0,1,0.1724259853363037,5,9
normal_212,0,25,0.13618146,0,0,0,1,0.1724259853363037,5,9
normal_212,0,30,0.0028742084,0,0,0,1,0.1724259853363037,5,9
normal_212,0,35,0.0044838293,0,0,0,1,0.1724259853363037,5,9
normal_212,0,40,0.049404684,0,0,0,1,0.1724259853363037,5,9
normal_223,0,0,0.006085333,0,0,0,1,0.1724259853363037,5,9
normal_223,0,5,0.03397532,0,0,0,1,0.1724259853363037,5,9
normal_223,0,10,0.013571625,0,0,0,1,0.1724259853363037,5,9
normal_223,0,15,0.0049310387,0,0,0,1,0.1724259853363037,5,9
normal_223,0,20,0.015028442,0,0,0,1,0.1724259853363037,5,9
normal_223,0,25,0.12455179,0,0,0,1,0.1724259853363037,5,9
normal_223,0,30,0.0048275567,0,0,0,1,0.1724259853363037,5,9
normal_223,0,35,0.0057678297,0,0,0,1,0.1724259853363037,5,9
normal_223,0,40,0.05170289,0,0,0,1,0.1724259853363037,5,9
normal_224,0,0,0.008770151,0,0,0,1,0.1724259853363037,5,9
normal_224,0,5,0.009728682,0,0,0,1,0.1724259853363037,5,9
normal_224,0,10,0.27635115,1,1,0,1,0.1724259853363037,5,9
normal_224,0,15,0.012706374,0,0,0,1,0.1724259853363037,5,9
normal_224,0,20,0.005587826,0,0,0,1,0.1724259853363037,5,9
normal_224,0,25,0.04706051,0,0,0,1,0.1724259853363037,5,9
normal_224,0,30,0.041119467,0,0,0,1,0.1724259853363037,5,9
normal_225,0,0,0.017193059,0,0,0,1,0.1724259853363037,5,9
normal_225,0,5,0.003575332,0,0,0,1,0.1724259853363037,5,9
normal_225,0,10,0.0029262211,0,0,0,1,0.1724259853363037,5,9
normal_225,0,15,0.007409275,0,0,0,1,0.1724259853363037,5,9
normal_229,0,0,0.0047448464,0,0,0,1,0.1724259853363037,5,9
normal_229,0,5,0.024253827,0,0,0,1,0.1724259853363037,5,9
normal_229,0,10,0.0027650266,0,0,0,1,0.1724259853363037,5,9
normal_229,0,15,0.0024953769,0,0,0,1,0.1724259853363037,5,9
normal_229,0,20,0.0062918128,0,0,0,1,0.1724259853363037,5,9
normal_229,0,25,0.009440864,0,0,0,1,0.1724259853363037,5,9
normal_229,0,30,0.0025980524,0,0,0,1,0.1724259853363037,5,9
normal_229,0,35,0.009939896,0,0,0,1,0.1724259853363037,5,9
normal_229,0,40,0.05487731,0,0,0,1,0.1724259853363037,5,9
normal_237,0,0,0.13833219,0,0,0,1,0.1724259853363037,5,9
normal_237,0,5,0.0077468045,0,0,0,1,0.1724259853363037,5,9
normal_237,0,10,0.006145855,0,0,0,1,0.1724259853363037,5,9
normal_237,0,15,0.035577472,0,0,0,1,0.1724259853363037,5,9
normal_243,0,0,0.0064299027,0,0,0,1,0.1724259853363037,5,9
normal_243,0,5,0.003481867,0,0,0,1,0.1724259853363037,5,9
normal_243,0,10,0.008024195,0,0,0,1,0.1724259853363037,5,9
normal_243,0,15,0.013157534,0,0,0,1,0.1724259853363037,5,9
normal_246,0,0,0.09609306,0,0,0,1,0.1724259853363037,5,9
normal_246,0,5,0.0074731214,0,0,0,1,0.1724259853363037,5,9
normal_246,0,10,0.005566474,0,0,0,1,0.1724259853363037,5,9
normal_246,0,15,0.02679764,0,0,0,1,0.1724259853363037,5,9
normal_246,0,20,0.01708065,0,0,0,1,0.1724259853363037,5,9
normal_246,0,25,0.004683418,0,0,0,1,0.1724259853363037,5,9
normal_246,0,30,0.013083505,0,0,0,1,0.1724259853363037,5,9
normal_246,0,35,0.0866276,0,0,0,1,0.1724259853363037,5,9
normal_246,0,40,0.007511484,0,0,0,1,0.1724259853363037,5,9
normal_258,0,0,0.007010969,0,0,0,1,0.1724259853363037,5,9
normal_258,0,5,0.0066124974,0,0,0,1,0.1724259853363037,5,9
normal_258,0,10,0.056416716,0,0,0,1,0.1724259853363037,5,9
normal_258,0,15,0.0139540965,0,0,0,1,0.1724259853363037,5,9
normal_258,0,20,0.0065727187,0,0,0,1,0.1724259853363037,5,9
normal_258,0,25,0.0522817,0,0,0,1,0.1724259853363037,5,9
normal_258,0,30,0.021581994,0,0,0,1,0.1724259853363037,5,9
normal_258,0,35,0.0048560924,0,0,0,1,0.1724259853363037,5,9
normal_258,0,40,0.010942156,0,0,0,1,0.1724259853363037,5,9
normal_260,0,0,0.0068422155,0,0,0,1,0.1724259853363037,5,9
normal_260,0,5,0.019686198,0,0,0,1,0.1724259853363037,5,9
normal_260,0,10,0.005994023,0,0,0,1,0.1724259853363037,5,9
normal_260,0,15,0.004527596,0,0,0,1,0.1724259853363037,5,9
normal_260,0,20,0.010299329,0,0,0,1,0.1724259853363037,5,9
normal_265,0,0,0.005920968,0,0,0,1,0.1724259853363037,5,9
normal_265,0,5,0.014168942,0,0,0,1,0.1724259853363037,5,9
normal_265,0,10,0.009251378,0,0,0,1,0.1724259853363037,5,9
normal_265,0,15,0.0036091201,0,0,0,1,0.1724259853363037,5,9
normal_265,0,20,0.008438949,0,0,0,1,0.1724259853363037,5,9
normal_265,0,25,0.022151168,0,0,0,1,0.1724259853363037,5,9
normal_265,0,30,0.0022815275,0,0,0,1,0.1724259853363037,5,9
normal_265,0,35,0.0037412806,0,0,0,1,0.1724259853363037,5,9
normal_265,0,40,0.031767655,0,0,0,1,0.1724259853363037,5,9
normal_266,0,0,0.08361807,0,0,0,1,0.1724259853363037,5,9
normal_266,0,5,0.003012087,0,0,0,1,0.1724259853363037,5,9
normal_266,0,10,0.005904438,0,0,0,1,0.1724259853363037,5,9
normal_266,0,15,0.038113102,0,0,0,1,0.1724259853363037,5,9
normal_266,0,20,0.0059410324,0,0,0,1,0.1724259853363037,5,9
normal_266,0,25,0.005112487,0,0,0,1,0.1724259853363037,5,9
normal_266,0,30,0.01288677,0,0,0,1,0.1724259853363037,5,9
normal_266,0,35,0.03760779,0,0,0,1,0.1724259853363037,5,9
normal_266,0,40,0.002836461,0,0,0,1,0.1724259853363037,5,9
normal_268,0,0,0.005895614,0,0,0,1,0.1724259853363037,5,9
normal_268,0,5,0.0469616,0,0,0,1,0.1724259853363037,5,9
normal_268,0,10,0.0023707615,0,0,0,1,0.1724259853363037,5,9
normal_268,0,15,0.0045034266,0,0,0,1,0.1724259853363037,5,9
normal_288,0,0,0.02318583,0,0,0,1,0.1724259853363037,5,9
normal_288,0,5,0.07240093,0,0,0,1,0.1724259853363037,5,9
normal_288,0,10,0.004941726,0,0,0,1,0.1724259853363037,5,9
normal_288,0,15,0.009153832,0,0,0,1,0.1724259853363037,5,9
normal_288,0,20,0.10647181,0,0,0,1,0.1724259853363037,5,9
normal_288,0,25,0.007331866,0,0,0,1,0.1724259853363037,5,9
normal_288,0,30,0.005159963,0,0,0,1,0.1724259853363037,5,9
normal_288,0,35,0.020713558,0,0,0,1,0.1724259853363037,5,9
normal_288,0,40,0.020524926,0,0,0,1,0.1724259853363037,5,9
normal_294,0,0,0.009944401,0,0,0,1,0.1724259853363037,5,9
normal_294,0,5,0.015887251,0,0,0,1,0.1724259853363037,5,9
normal_294,0,10,0.003404712,0,0,0,1,0.1724259853363037,5,9
normal_294,0,15,0.010391477,0,0,0,1,0.1724259853363037,5,9
normal_294,0,20,0.11196051,0,0,0,1,0.1724259853363037,5,9
normal_294,0,25,0.0071118968,0,0,0,1,0.1724259853363037,5,9
normal_294,0,30,0.0068152994,0,0,0,1,0.1724259853363037,5,9
normal_294,0,35,0.043019373,0,0,0,1,0.1724259853363037,5,9
normal_294,0,40,0.031609308,0,0,0,1,0.1724259853363037,5,9
normal_299,0,0,0.0028291403,0,0,0,1,0.1724259853363037,5,9
normal_299,0,5,0.0068611326,0,0,0,1,0.1724259853363037,5,9
normal_299,0,10,0.13129908,0,0,0,1,0.1724259853363037,5,9
normal_299,0,15,0.0025544174,0,0,0,1,0.1724259853363037,5,9
normal_299,0,20,0.0036809423,0,0,0,1,0.1724259853363037,5,9
normal_299,0,25,0.018162977,0,0,0,1,0.1724259853363037,5,9
normal_299,0,30,0.01533716,0,0,0,1,0.1724259853363037,5,9
normal_299,0,35,0.004592682,0,0,0,1,0.1724259853363037,5,9
normal_299,0,40,0.011530356,0,0,0,1,0.1724259853363037,5,9
normal_304,0,0,0.006664965,0,0,0,1,0.1724259853363037,5,9
normal_304,0,5,0.16456574,0,0,0,1,0.1724259853363037,5,9
normal_304,0,10,0.0025374831,0,0,0,1,0.1724259853363037,5,9
normal_304,0,15,0.005033369,0,0,0,1,0.1724259853363037,5,9
normal_304,0,20,0.015415473,0,0,0,1,0.1724259853363037,5,9
normal_304,0,25,0.003931269,0,0,0,1,0.1724259853363037,5,9
normal_304,0,30,0.005733616,0,0,0,1,0.1724259853363037,5,9
normal_304,0,35,0.01588078,0,0,0,1,0.1724259853363037,5,9
normal_304,0,40,0.022403391,0,0,0,1,0.1724259853363037,5,9
normal_305,0,0,0.03544665,0,0,0,1,0.1724259853363037,5,9
normal_305,0,5,0.013228871,0,0,0,1,0.1724259853363037,5,9
normal_305,0,10,0.0040799454,0,0,0,1,0.1724259853363037,5,9
normal_305,0,15,0.02316579,0,0,0,1,0.1724259853363037,5,9
normal_305,0,20,0.06638129,0,0,0,1,0.1724259853363037,5,9
normal_305,0,25,0.006306432,0,0,0,1,0.1724259853363037,5,9
normal_305,0,30,0.007803854,0,0,0,1,0.1724259853363037,5,9
normal_305,0,35,0.05937918,0,0,0,1,0.1724259853363037,5,9
normal_305,0,40,0.0060679354,0,0,0,1,0.1724259853363037,5,9
normal_310,0,0,0.028231954,0,0,0,1,0.1724259853363037,5,9
normal_310,0,5,0.0063299024,0,0,0,1,0.1724259853363037,5,9
normal_310,0,10,0.01866893,0,0,0,1,0.1724259853363037,5,9
normal_310,0,15,0.072500765,0,0,0,1,0.1724259853363037,5,9
normal_310,0,20,0.0064336113,0,0,0,1,0.1724259853363037,5,9
normal_310,0,25,0.008854048,0,0,0,1,0.1724259853363037,5,9
normal_310,0,30,0.12805265,0,0,0,1,0.1724259853363037,5,9
normal_310,0,35,0.008296214,0,0,0,1,0.1724259853363037,5,9
normal_310,0,40,0.004564133,0,0,0,1,0.1724259853363037,5,9
normal_311,0,0,0.0033409372,0,0,0,1,0.1724259853363037,5,9
normal_311,0,5,0.0076466263,0,0,0,1,0.1724259853363037,5,9
normal_311,0,10,0.41357973,1,1,0,1,0.1724259853363037,5,9
normal_311,0,15,0.0023366106,0,0,0,1,0.1724259853363037,5,9
normal_311,0,20,0.006564862,0,0,0,1,0.1724259853363037,5,9
normal_311,0,25,0.05127498,0,0,0,1,0.1724259853363037,5,9
normal_311,0,30,0.0037020838,0,0,0,1,0.1724259853363037,5,9
normal_311,0,35,0.005870596,0,0,0,1,0.1724259853363037,5,9
normal_311,0,40,0.015177905,0,0,0,1,0.1724259853363037,5,9
normal_349,0,0,0.008645449,0,0,0,1,0.1724259853363037,5,9
normal_349,0,5,0.029116532,0,0,0,1,0.1724259853363037,5,9
normal_349,0,10,0.0034647668,0,0,0,1,0.1724259853363037,5,9
normal_349,0,15,0.0047526187,0,0,0,1,0.1724259853363037,5,9
normal_349,0,20,0.007506232,0,0,0,1,0.1724259853363037,5,9
normal_349,0,25,0.005556229,0,0,0,1,0.1724259853363037,5,9
normal_349,0,30,0.0025211496,0,0,0,1,0.1724259853363037,5,9
normal_349,0,35,0.0058982163,0,0,0,1,0.1724259853363037,5,9
normal_349,0,40,0.025318747,0,0,0,1,0.1724259853363037,5,9
normal_356,0,0,0.004849716,0,0,0,1,0.1724259853363037,5,9
normal_356,0,5,0.0071905837,0,0,0,1,0.1724259853363037,5,9
normal_356,0,10,0.02741123,0,0,0,1,0.1724259853363037,5,9
normal_356,0,15,0.0029277212,0,0,0,1,0.1724259853363037,5,9
normal_356,0,20,0.005710435,0,0,0,1,0.1724259853363037,5,9
normal_356,0,25,0.06447849,0,0,0,1,0.1724259853363037,5,9
normal_356,0,30,0.0158691,0,0,0,1,0.1724259853363037,5,9
normal_356,0,35,0.0063562635,0,0,0,1,0.1724259853363037,5,9
normal_363,0,0,0.035177726,0,0,0,1,0.1724259853363037,5,9
normal_363,0,5,0.0022620028,0,0,0,1,0.1724259853363037,5,9
normal_363,0,10,0.0051270938,0,0,0,1,0.1724259853363037,5,9
normal_363,0,15,0.056694005,0,0,0,1,0.1724259853363037,5,9
normal_363,0,20,0.011039899,0,0,0,1,0.1724259853363037,5,9
normal_367,0,0,0.007328763,0,0,0,1,0.1724259853363037,5,9
normal_367,0,5,0.025885299,0,0,0,1,0.1724259853363037,5,9
normal_367,0,10,0.0029273385,0,0,0,1,0.1724259853363037,5,9
normal_367,0,15,0.014321015,0,0,0,1,0.1724259853363037,5,9
normal_367,0,20,0.08351209,0,0,0,1,0.1724259853363037,5,9
normal_367,0,25,0.005798256,0,0,0,1,0.1724259853363037,5,9
normal_367,0,30,0.0043594837,0,0,0,1,0.1724259853363037,5,9
normal_367,0,35,0.027491558,0,0,0,1,0.1724259853363037,5,9
normal_367,0,40,0.033813674,0,0,0,1,0.1724259853363037,5,9
normal_387,0,0,0.004383477,0,0,0,1,0.1724259853363037,5,9
normal_387,0,5,0.013662412,0,0,0,1,0.1724259853363037,5,9
normal_387,0,10,0.0022199461,0,0,0,1,0.1724259853363037,5,9
normal_387,0,15,0.006215349,0,0,0,1,0.1724259853363037,5,9
normal_390,0,0,0.005080218,0,0,0,1,0.1724259853363037,5,9
normal_390,0,5,0.01634229,0,0,0,1,0.1724259853363037,5,9
normal_390,0,10,0.009213731,0,0,0,1,0.1724259853363037,5,9
normal_390,0,15,0.0034567302,0,0,0,1,0.1724259853363037,5,9
normal_390,0,20,0.0065781544,0,0,0,1,0.1724259853363037,5,9
normal_390,0,25,0.023675675,0,0,0,1,0.1724259853363037,5,9
normal_390,0,30,0.0018166613,0,0,0,1,0.1724259853363037,5,9
normal_390,0,35,0.003815085,0,0,0,1,0.1724259853363037,5,9
normal_390,0,40,0.062190183,0,0,0,1,0.1724259853363037,5,9
normal_392,0,0,0.004541207,0,0,0,1,0.1724259853363037,5,9
normal_392,0,5,0.0107905725,0,0,0,1,0.1724259853363037,5,9
normal_392,0,10,0.057965446,0,0,0,1,0.1724259853363037,5,9
normal_392,0,15,0.012106116,0,0,0,1,0.1724259853363037,5,9
normal_392,0,20,0.0064139995,0,0,0,1,0.1724259853363037,5,9
normal_392,0,25,0.039974134,0,0,0,1,0.1724259853363037,5,9
normal_397,0,0,0.010987927,0,0,0,1,0.1724259853363037,5,9
normal_397,0,5,0.2642252,1,1,0,1,0.1724259853363037,5,9
normal_397,0,10,0.009210201,0,0,0,1,0.1724259853363037,5,9
normal_397,0,15,0.0056330017,0,0,0,1,0.1724259853363037,5,9
normal_397,0,20,0.0095540825,0,0,0,1,0.1724259853363037,5,9
normal_397,0,25,0.77999395,1,1,0,1,0.1724259853363037,5,9
normal_397,0,30,0.008757202,0,0,0,1,0.1724259853363037,5,9
normal_398,0,0,0.003946702,0,0,0,1,0.1724259853363037,5,9
normal_398,0,5,0.010216434,0,0,0,1,0.1724259853363037,5,9
normal_398,0,10,0.0043703318,0,0,0,1,0.1724259853363037,5,9
normal_398,0,15,0.0059211673,0,0,0,1,0.1724259853363037,5,9
normal_398,0,20,0.017663343,0,0,0,1,0.1724259853363037,5,9
normal_403,0,0,0.02030256,0,0,0,1,0.1724259853363037,5,9
normal_403,0,5,0.18871802,1,1,0,1,0.1724259853363037,5,9
normal_403,0,10,0.0068983347,0,0,0,1,0.1724259853363037,5,9
normal_403,0,15,0.008357553,0,0,0,1,0.1724259853363037,5,9
normal_403,0,20,0.088910855,0,0,0,1,0.1724259853363037,5,9
normal_404,0,0,0.010478155,0,0,0,1,0.1724259853363037,5,9
normal_404,0,5,0.0026930866,0,0,0,1,0.1724259853363037,5,9
normal_404,0,10,0.0050939596,0,0,0,1,0.1724259853363037,5,9
normal_406,0,0,0.004269047,0,0,0,1,0.1724259853363037,5,9
normal_406,0,5,0.015996367,0,0,0,1,0.1724259853363037,5,9
normal_406,0,10,0.0019867101,0,0,0,1,0.1724259853363037,5,9
normal_406,0,15,0.0029098378,0,0,0,1,0.1724259853363037,5,9
normal_406,0,20,0.022947965,0,0,0,1,0.1724259853363037,5,9
normal_406,0,25,0.0075994977,0,0,0,1,0.1724259853363037,5,9
normal_406,0,30,0.004545076,0,0,0,1,0.1724259853363037,5,9
normal_406,0,35,0.010402373,0,0,0,1,0.1724259853363037,5,9
normal_406,0,40,0.024128614,0,0,0,1,0.1724259853363037,5,9
normal_408,0,0,0.01325787,0,0,0,1,0.1724259853363037,5,9
normal_408,0,5,0.054310665,0,0,0,1,0.1724259853363037,5,9
normal_408,0,10,0.0047983425,0,0,0,1,0.1724259853363037,5,9
normal_408,0,15,0.006760158,0,0,0,1,0.1724259853363037,5,9
normal_408,0,20,0.08557424,0,0,0,1,0.1724259853363037,5,9
normal_408,0,25,0.010757908,0,0,0,1,0.1724259853363037,5,9
normal_411,0,0,0.032223746,0,0,0,1,0.1724259853363037,5,9
normal_411,0,5,0.0052496125,0,0,0,1,0.1724259853363037,5,9
normal_411,0,10,0.0065273647,0,0,0,1,0.1724259853363037,5,9
normal_411,0,15,0.02059816,0,0,0,1,0.1724259853363037,5,9
normal_411,0,20,0.012735377,0,0,0,1,0.1724259853363037,5,9
normal_411,0,25,0.002212502,0,0,0,1,0.1724259853363037,5,9
normal_411,0,30,0.004317608,0,0,0,1,0.1724259853363037,5,9
normal_411,0,35,0.022197414,0,0,0,1,0.1724259853363037,5,9
normal_411,0,40,0.0022798781,0,0,0,1,0.1724259853363037,5,9
normal_421,0,0,0.0065543093,0,0,0,1,0.1724259853363037,5,9
normal_421,0,5,0.060280837,0,0,0,1,0.1724259853363037,5,9
normal_421,0,10,0.0024821882,0,0,0,1,0.1724259853363037,5,9
normal_426,0,0,0.0073979595,0,0,0,1,0.1724259853363037,5,9
normal_426,0,5,0.02711114,0,0,0,1,0.1724259853363037,5,9
normal_426,0,10,0.014175564,0,0,0,1,0.1724259853363037,5,9
normal_428,0,0,0.0075721224,0,0,0,1,0.1724259853363037,5,9
normal_428,0,5,0.0021415744,0,0,0,1,0.1724259853363037,5,9
normal_428,0,10,0.0058700503,0,0,0,1,0.1724259853363037,5,9
normal_428,0,15,0.05716662,0,0,0,1,0.1724259853363037,5,9
normal_428,0,20,0.003589488,0,0,0,1,0.1724259853363037,5,9
normal_428,0,25,0.00588074,0,0,0,1,0.1724259853363037,5,9
normal_428,0,30,0.050870392,0,0,0,1,0.1724259853363037,5,9
normal_428,0,35,0.0043622768,0,0,0,1,0.1724259853363037,5,9
normal_428,0,40,0.0031210305,0,0,0,1,0.1724259853363037,5,9
normal_430,0,0,0.0067293793,0,0,0,1,0.1724259853363037,5,9
normal_430,0,5,0.0055210874,0,0,0,1,0.1724259853363037,5,9
normal_430,0,10,0.05573601,0,0,0,1,0.1724259853363037,5,9
normal_430,0,15,0.008852487,0,0,0,1,0.1724259853363037,5,9
normal_430,0,20,0.0065813893,0,0,0,1,0.1724259853363037,5,9
normal_430,0,25,0.21085617,1,1,0,1,0.1724259853363037,5,9
normal_451,0,0,0.0056898035,0,0,0,1,0.1724259853363037,5,9
normal_451,0,5,0.015180969,0,0,0,1,0.1724259853363037,5,9
normal_451,0,10,0.0068424586,0,0,0,1,0.1724259853363037,5,9
normal_451,0,15,0.0038600068,0,0,0,1,0.1724259853363037,5,9
normal_451,0,20,0.010595853,0,0,0,1,0.1724259853363037,5,9
normal_451,0,25,0.014048336,0,0,0,1,0.1724259853363037,5,9
normal_451,0,30,0.0025945331,0,0,0,1,0.1724259853363037,5,9
normal_451,0,35,0.004057156,0,0,0,1,0.1724259853363037,5,9
normal_453,0,0,0.0086984355,0,0,0,1,0.1724259853363037,5,9
normal_453,0,5,0.058881667,0,0,0,1,0.1724259853363037,5,9
normal_453,0,10,0.0067089386,0,0,0,1,0.1724259853363037,5,9
normal_463,0,0,0.0061360854,0,0,0,1,0.1724259853363037,5,9
normal_463,0,5,0.013743355,0,0,0,1,0.1724259853363037,5,9
normal_463,0,10,0.22079347,1,1,0,1,0.1724259853363037,5,9
normal_463,0,15,0.006157791,0,0,0,1,0.1724259853363037,5,9
normal_463,0,20,0.0061976667,0,0,0,1,0.1724259853363037,5,9
normal_469,0,0,0.0062317257,0,0,0,1,0.1724259853363037,5,9
normal_469,0,5,0.024212873,0,0,0,1,0.1724259853363037,5,9
normal_469,0,10,0.0029199754,0,0,0,1,0.1724259853363037,5,9
normal_469,0,15,0.0051969383,0,0,0,1,0.1724259853363037,5,9
normal_469,0,20,0.07240239,0,0,0,1,0.1724259853363037,5,9
normal_469,0,25,0.0127731245,0,0,0,1,0.1724259853363037,5,9
normal_473,0,0,0.021942124,0,0,0,1,0.1724259853363037,5,9
normal_473,0,5,0.032403283,0,0,0,1,0.1724259853363037,5,9
normal_473,0,10,0.00541399,0,0,0,1,0.1724259853363037,5,9
normal_473,0,15,0.010101743,0,0,0,1,0.1724259853363037,5,9
normal_473,0,20,0.09536841,0,0,0,1,0.1724259853363037,5,9
normal_473,0,25,0.006491722,0,0,0,1,0.1724259853363037,5,9
normal_473,0,30,0.0064277155,0,0,0,1,0.1724259853363037,5,9
normal_473,0,35,0.047354415,0,0,0,1,0.1724259853363037,5,9
normal_473,0,40,0.012038877,0,0,0,1,0.1724259853363037,5,9
normal_475,0,0,0.09476455,0,0,0,1,0.1724259853363037,5,9
normal_475,0,5,0.006429662,0,0,0,1,0.1724259853363037,5,9
normal_475,0,10,0.0059863,0,0,0,1,0.1724259853363037,5,9
normal_475,0,15,0.06458207,0,0,0,1,0.1724259853363037,5,9
normal_475,0,20,0.012297607,0,0,0,1,0.1724259853363037,5,9
normal_475,0,25,0.0050361683,0,0,0,1,0.1724259853363037,5,9
normal_485,0,0,0.05775509,0,0,0,1,0.1724259853363037,5,9
normal_485,0,5,0.012011039,0,0,0,1,0.1724259853363037,5,9
normal_485,0,10,0.005057128,0,0,0,1,0.1724259853363037,5,9
normal_485,0,15,0.020920949,0,0,0,1,0.1724259853363037,5,9
normal_485,0,20,0.050810184,0,0,0,1,0.1724259853363037,5,9
normal_485,0,25,0.0054141697,0,0,0,1,0.1724259853363037,5,9
normal_485,0,30,0.008219918,0,0,0,1,0.1724259853363037,5,9
normal_488,0,0,0.017942222,0,0,0,1,0.1724259853363037,5,9
normal_488,0,5,0.04780283,0,0,0,1,0.1724259853363037,5,9
normal_488,0,10,0.0054836106,0,0,0,1,0.1724259853363037,5,9
normal_488,0,15,0.010984907,0,0,0,1,0.1724259853363037,5,9
normal_488,0,20,0.09070526,0,0,0,1,0.1724259853363037,5,9
normal_488,0,25,0.0063613188,0,0,0,1,0.1724259853363037,5,9
normal_508,0,0,0.011302676,0,0,0,1,0.1724259853363037,5,9
normal_508,0,5,0.083128996,0,0,0,1,0.1724259853363037,5,9
normal_508,0,10,0.009260131,0,0,0,1,0.1724259853363037,5,9
normal_508,0,15,0.0050123646,0,0,0,1,0.1724259853363037,5,9
normal_511,0,0,0.011231208,0,0,0,1,0.1724259853363037,5,9
normal_511,0,5,0.006402772,0,0,0,1,0.1724259853363037,5,9
normal_511,0,10,0.028116485,0,0,0,1,0.1724259853363037,5,9
normal_511,0,15,0.038888738,0,0,0,1,0.1724259853363037,5,9
normal_511,0,20,0.004488941,0,0,0,1,0.1724259853363037,5,9
normal_511,0,25,0.014115258,0,0,0,1,0.1724259853363037,5,9
normal_511,0,30,0.097348265,0,0,0,1,0.1724259853363037,5,9
normal_511,0,35,0.005862617,0,0,0,1,0.1724259853363037,5,9
normal_511,0,40,0.0077108424,0,0,0,1,0.1724259853363037,5,9
normal_526,0,0,0.1372028,0,0,0,1,0.1724259853363037,5,9
normal_526,0,5,0.007453715,0,0,0,1,0.1724259853363037,5,9
normal_526,0,10,0.006117929,0,0,0,1,0.1724259853363037,5,9
normal_526,0,15,0.05077831,0,0,0,1,0.1724259853363037,5,9
normal_526,0,20,0.016122391,0,0,0,1,0.1724259853363037,5,9
normal_526,0,25,0.005784512,0,0,0,1,0.1724259853363037,5,9
normal_526,0,30,0.017608685,0,0,0,1,0.1724259853363037,5,9
normal_526,0,35,0.054210942,0,0,0,1,0.1724259853363037,5,9
normal_526,0,40,0.0051395623,0,0,0,1,0.1724259853363037,5,9
normal_529,0,0,0.07533627,0,0,0,1,0.1724259853363037,5,9
normal_529,0,5,0.018540503,0,0,0,1,0.1724259853363037,5,9
normal_529,0,10,0.00500055,0,0,0,1,0.1724259853363037,5,9
normal_529,0,15,0.016176486,0,0,0,1,0.1724259853363037,5,9
normal_545,0,0,0.012445516,0,0,0,1,0.1724259853363037,5,9
normal_545,0,5,0.006137403,0,0,0,1,0.1724259853363037,5,9
normal_545,0,10,0.033484217,0,0,0,1,0.1724259853363037,5,9
normal_545,0,15,0.031211583,0,0,0,1,0.1724259853363037,5,9
normal_545,0,20,0.005270768,0,0,0,1,0.1724259853363037,5,9
normal_545,0,25,0.0122142695,0,0,0,1,0.1724259853363037,5,9
normal_549,0,0,0.005148386,0,0,0,1,0.1724259853363037,5,9
normal_549,0,5,0.0063260975,0,0,0,1,0.1724259853363037,5,9
normal_549,0,10,0.09582016,0,0,0,1,0.1724259853363037,5,9
normal_549,0,15,0.01043747,0,0,0,1,0.1724259853363037,5,9
normal_549,0,20,0.005433523,0,0,0,1,0.1724259853363037,5,9
normal_549,0,25,0.029506536,0,0,0,1,0.1724259853363037,5,9
normal_549,0,30,0.026026098,0,0,0,1,0.1724259853363037,5,9
normal_549,0,35,0.0057209847,0,0,0,1,0.1724259853363037,5,9
normal_549,0,40,0.013942495,0,0,0,1,0.1724259853363037,5,9
normal_550,0,0,0.010308733,0,0,0,1,0.1724259853363037,5,9
normal_550,0,5,0.09667352,0,0,0,1,0.1724259853363037,5,9
normal_550,0,10,0.0058457525,0,0,0,1,0.1724259853363037,5,9
normal_550,0,15,0.0068212766,0,0,0,1,0.1724259853363037,5,9
normal_550,0,20,0.080097884,0,0,0,1,0.1724259853363037,5,9
normal_550,0,25,0.011611582,0,0,0,1,0.1724259853363037,5,9
normal_550,0,30,0.00526065,0,0,0,1,0.1724259853363037,5,9
normal_550,0,35,0.034861516,0,0,0,1,0.1724259853363037,5,9
normal_551,0,0,0.08306383,0,0,0,1,0.1724259853363037,5,9
normal_551,0,5,0.0097306445,0,0,0,1,0.1724259853363037,5,9
normal_551,0,10,0.00626372,0,0,0,1,0.1724259853363037,5,9
normal_551,0,15,0.032155458,0,0,0,1,0.1724259853363037,5,9
normal_551,0,20,0.022974892,0,0,0,1,0.1724259853363037,5,9
normal_551,0,25,0.0049069724,0,0,0,1,0.1724259853363037,5,9
normal_551,0,30,0.0159076,0,0,0,1,0.1724259853363037,5,9
normal_551,0,35,0.06649289,0,0,0,1,0.1724259853363037,5,9
normal_556,0,0,0.07632183,0,0,0,1,0.1724259853363037,5,9
normal_556,0,5,0.009611744,0,0,0,1,0.1724259853363037,5,9
normal_556,0,10,0.00581887,0,0,0,1,0.1724259853363037,5,9
normal_556,0,15,0.029247617,0,0,0,1,0.1724259853363037,5,9
normal_556,0,20,0.032894846,0,0,0,1,0.1724259853363037,5,9
normal_556,0,25,0.0042086956,0,0,0,1,0.1724259853363037,5,9
normal_556,0,30,0.011902123,0,0,0,1,0.1724259853363037,5,9
normal_556,0,35,0.08956375,0,0,0,1,0.1724259853363037,5,9
normal_556,0,40,0.00599079,0,0,0,1,0.1724259853363037,5,9
normal_564,0,0,0.41372767,1,1,0,1,0.1724259853363037,5,9
normal_564,0,5,0.0069982125,0,0,0,1,0.1724259853363037,5,9
normal_564,0,10,0.0034310857,0,0,0,1,0.1724259853363037,5,9
normal_564,0,15,0.01679833,0,0,0,1,0.1724259853363037,5,9
normal_564,0,20,0.026148513,0,0,0,1,0.1724259853363037,5,9
normal_564,0,25,0.004132147,0,0,0,1,0.1724259853363037,5,9
normal_564,0,30,0.008953863,0,0,0,1,0.1724259853363037,5,9
normal_569,0,0,0.0073867426,0,0,0,1,0.1724259853363037,5,9
normal_569,0,5,0.12127762,0,0,0,1,0.1724259853363037,5,9
normal_569,0,10,0.0078489715,0,0,0,1,0.1724259853363037,5,9
normal_569,0,15,0.0058851484,0,0,0,1,0.1724259853363037,5,9
normal_569,0,20,0.059805878,0,0,0,1,0.1724259853363037,5,9
normal_569,0,25,0.02295466,0,0,0,1,0.1724259853363037,5,9
normal_569,0,30,0.00469371,0,0,0,1,0.1724259853363037,5,9
normal_569,0,35,0.015656231,0,0,0,1,0.1724259853363037,5,9
normal_569,0,40,0.0704606,0,0,0,1,0.1724259853363037,5,9
normal_577,0,0,0.009867819,0,0,0,1,0.1724259853363037,5,9
normal_577,0,5,0.005047353,0,0,0,1,0.1724259853363037,5,9
normal_577,0,10,0.01104481,0,0,0,1,0.1724259853363037,5,9
normal_577,0,15,0.013872223,0,0,0,1,0.1724259853363037,5,9
normal_577,0,20,0.003441857,0,0,0,1,0.1724259853363037,5,9
normal_577,0,25,0.008582438,0,0,0,1,0.1724259853363037,5,9
normal_577,0,30,0.054385792,0,0,0,1,0.1724259853363037,5,9
normal_577,0,35,0.0050759534,0,0,0,1,0.1724259853363037,5,9
normal_580,0,0,0.016639944,0,0,0,1,0.1724259853363037,5,9
normal_580,0,5,0.0040634517,0,0,0,1,0.1724259853363037,5,9
normal_580,0,10,0.02701818,0,0,0,1,0.1724259853363037,5,9
normal_583,0,0,0.009867214,0,0,0,1,0.1724259853363037,5,9
normal_583,0,5,0.19601457,1,1,0,1,0.1724259853363037,5,9
normal_583,0,10,0.014842954,0,0,0,1,0.1724259853363037,5,9
normal_583,0,15,0.00802068,0,0,0,1,0.1724259853363037,5,9
normal_583,0,20,0.129508,0,0,0,1,0.1724259853363037,5,9
normal_583,0,25,0.016449025,0,0,0,1,0.1724259853363037,5,9
normal_583,0,30,0.0043330016,0,0,0,1,0.1724259853363037,5,9
normal_583,0,35,0.011421628,0,0,0,1,0.1724259853363037,5,9
normal_583,0,40,0.07048069,0,0,0,1,0.1724259853363037,5,9
normal_596,0,0,0.0033551732,0,0,0,1,0.1724259853363037,5,9
normal_596,0,5,0.008761868,0,0,0,1,0.1724259853363037,5,9
normal_596,0,10,0.12214527,0,0,0,1,0.1724259853363037,5,9
anomaly_12,1,0,0.8748575,1,1,0,1,0.1724259853363037,5,9
anomaly_12,1,5,0.878433,1,2,0,1,0.1724259853363037,5,9
anomaly_12,1,10,0.85930854,1,3,0,1,0.1724259853363037,5,9
anomaly_12,1,15,0.9507819,1,4,0,1,0.1724259853363037,5,9
anomaly_12,1,20,0.9597485,1,5,1,1,0.1724259853363037,5,9
anomaly_12,1,25,0.95628536,1,6,1,1,0.1724259853363037,5,9
anomaly_12,1,30,0.9646836,1,7,1,1,0.1724259853363037,5,9
anomaly_12,1,35,0.9917657,1,8,1,1,0.1724259853363037,5,9
anomaly_12,1,40,0.9850353,1,9,1,1,0.1724259853363037,5,9
anomaly_14,1,0,0.9981523,1,1,0,1,0.1724259853363037,5,9
anomaly_14,1,5,0.99603456,1,2,0,1,0.1724259853363037,5,9
anomaly_14,1,10,0.9977701,1,3,0,1,0.1724259853363037,5,9
anomaly_14,1,15,0.9969254,1,4,0,1,0.1724259853363037,5,9
normal_5,0,0,0.0077170767,0,0,0,2,0.6375898718833923,5,8
normal_5,0,5,0.008030479,0,0,0,2,0.6375898718833923,5,8
normal_5,0,10,0.03075848,0,0,0,2,0.6375898718833923,5,8
normal_5,0,15,0.00859007,0,0,0,2,0.6375898718833923,5,8
normal_5,0,20,0.0072503802,0,0,0,2,0.6375898718833923,5,8
normal_5,0,25,0.01260951,0,0,0,2,0.6375898718833923,5,8
normal_5,0,30,0.019764071,0,0,0,2,0.6375898718833923,5,8
normal_5,0,35,0.007231713,0,0,0,2,0.6375898718833923,5,8
normal_5,0,40,0.009388545,0,0,0,2,0.6375898718833923,5,8
normal_6,0,0,0.05306342,0,0,0,2,0.6375898718833923,5,8
normal_6,0,5,0.007865837,0,0,0,2,0.6375898718833923,5,8
normal_6,0,10,0.009409286,0,0,0,2,0.6375898718833923,5,8
normal_6,0,15,0.049298353,0,0,0,2,0.6375898718833923,5,8
normal_6,0,20,0.01128584,0,0,0,2,0.6375898718833923,5,8
normal_6,0,25,0.0075296853,0,0,0,2,0.6375898718833923,5,8
normal_6,0,30,0.026627619,0,0,0,2,0.6375898718833923,5,8
normal_6,0,35,0.030936936,0,0,0,2,0.6375898718833923,5,8
normal_6,0,40,0.007357822,0,0,0,2,0.6375898718833923,5,8
normal_9,0,0,0.17534086,0,0,0,2,0.6375898718833923,5,8
normal_9,0,5,0.0075546307,0,0,0,2,0.6375898718833923,5,8
normal_9,0,10,0.01080655,0,0,0,2,0.6375898718833923,5,8
normal_9,0,15,0.14303727,0,0,0,2,0.6375898718833923,5,8
normal_11,0,0,0.019761873,0,0,0,2,0.6375898718833923,5,8
normal_11,0,5,0.0066462015,0,0,0,2,0.6375898718833923,5,8
normal_11,0,10,0.0125576975,0,0,0,2,0.6375898718833923,5,8
normal_11,0,15,0.11221199,0,0,0,2,0.6375898718833923,5,8
normal_11,0,20,0.006377422,0,0,0,2,0.6375898718833923,5,8
normal_11,0,25,0.008802967,0,0,0,2,0.6375898718833923,5,8
normal_11,0,30,0.36882567,0,0,0,2,0.6375898718833923,5,8
normal_11,0,35,0.008697543,0,0,0,2,0.6375898718833923,5,8
normal_11,0,40,0.008285766,0,0,0,2,0.6375898718833923,5,8
normal_13,0,0,0.29828826,0,0,0,2,0.6375898718833923,5,8
normal_13,0,5,0.010100051,0,0,0,2,0.6375898718833923,5,8
normal_13,0,10,0.007303078,0,0,0,2,0.6375898718833923,5,8
normal_13,0,15,0.18648387,0,0,0,2,0.6375898718833923,5,8
normal_13,0,20,0.27761754,0,0,0,2,0.6375898718833923,5,8
normal_13,0,25,0.006628702,0,0,0,2,0.6375898718833923,5,8
normal_13,0,30,0.0104489215,0,0,0,2,0.6375898718833923,5,8
normal_20,0,0,0.008144442,0,0,0,2,0.6375898718833923,5,8
normal_20,0,5,0.009749717,0,0,0,2,0.6375898718833923,5,8
normal_20,0,10,0.20170887,0,0,0,2,0.6375898718833923,5,8
normal_21,0,0,0.05286694,0,0,0,2,0.6375898718833923,5,8
normal_21,0,5,0.0077740015,0,0,0,2,0.6375898718833923,5,8
normal_21,0,10,0.02390322,0,0,0,2,0.6375898718833923,5,8
normal_26,0,0,0.008056316,0,0,0,2,0.6375898718833923,5,8
normal_26,0,5,0.018463755,0,0,0,2,0.6375898718833923,5,8
normal_26,0,10,0.018454904,0,0,0,2,0.6375898718833923,5,8
normal_26,0,15,0.0072095254,0,0,0,2,0.6375898718833923,5,8
normal_29,0,0,0.010287811,0,0,0,2,0.6375898718833923,5,8
normal_29,0,5,0.007514958,0,0,0,2,0.6375898718833923,5,8
normal_29,0,10,0.023957284,0,0,0,2,0.6375898718833923,5,8
normal_29,0,15,0.014309497,0,0,0,2,0.6375898718833923,5,8
normal_29,0,20,0.00711285,0,0,0,2,0.6375898718833923,5,8
normal_29,0,25,0.012458809,0,0,0,2,0.6375898718833923,5,8
normal_29,0,30,0.13851093,0,0,0,2,0.6375898718833923,5,8
normal_29,0,35,0.0086259805,0,0,0,2,0.6375898718833923,5,8
normal_29,0,40,0.009555044,0,0,0,2,0.6375898718833923,5,8
normal_42,0,0,0.022142343,0,0,0,2,0.6375898718833923,5,8
normal_42,0,5,0.050300602,0,0,0,2,0.6375898718833923,5,8
normal_42,0,10,0.007220585,0,0,0,2,0.6375898718833923,5,8
normal_42,0,15,0.009073325,0,0,0,2,0.6375898718833923,5,8
normal_42,0,20,0.035832874,0,0,0,2,0.6375898718833923,5,8
normal_42,0,25,0.0075262114,0,0,0,2,0.6375898718833923,5,8
normal_42,0,30,0.007968728,0,0,0,2,0.6375898718833923,5,8
normal_42,0,35,0.030680355,0,0,0,2,0.6375898718833923,5,8
normal_42,0,40,0.010048346,0,0,0,2,0.6375898718833923,5,8
normal_43,0,0,0.008176866,0,0,0,2,0.6375898718833923,5,8
normal_43,0,5,0.018612506,0,0,0,2,0.6375898718833923,5,8
normal_43,0,10,0.115078256,0,0,0,2,0.6375898718833923,5,8
normal_43,0,15,0.007334976,0,0,0,2,0.6375898718833923,5,8
normal_43,0,20,0.010116602,0,0,0,2,0.6375898718833923,5,8
normal_43,0,25,0.031538475,0,0,0,2,0.6375898718833923,5,8
normal_43,0,30,0.008846426,0,0,0,2,0.6375898718833923,5,8
normal_43,0,35,0.007862161,0,0,0,2,0.6375898718833923,5,8
normal_43,0,40,0.018428013,0,0,0,2,0.6375898718833923,5,8
normal_44,0,0,0.21081917,0,0,0,2,0.6375898718833923,5,8
normal_44,0,5,0.010374866,0,0,0,2,0.6375898718833923,5,8
normal_44,0,10,0.006824565,0,0,0,2,0.6375898718833923,5,8
normal_44,0,15,0.01362866,0,0,0,2,0.6375898718833923,5,8
normal_44,0,20,0.10181083,0,0,0,2,0.6375898718833923,5,8
normal_44,0,25,0.008703765,0,0,0,2,0.6375898718833923,5,8
normal_44,0,30,0.012446764,0,0,0,2,0.6375898718833923,5,8
normal_53,0,0,0.009658597,0,0,0,2,0.6375898718833923,5,8
normal_53,0,5,0.011959132,0,0,0,2,0.6375898718833923,5,8
normal_53,0,10,0.5818225,0,0,0,2,0.6375898718833923,5,8
normal_53,0,15,0.43672985,0,0,0,2,0.6375898718833923,5,8
normal_53,0,20,0.09608051,0,0,0,2,0.6375898718833923,5,8
normal_53,0,25,0.93290913,1,1,0,2,0.6375898718833923,5,8
normal_53,0,30,0.05588013,0,0,0,2,0.6375898718833923,5,8
normal_53,0,35,0.0072754715,0,0,0,2,0.6375898718833923,5,8
normal_53,0,40,0.05778297,0,0,0,2,0.6375898718833923,5,8
normal_57,0,0,0.008516644,0,0,0,2,0.6375898718833923,5,8
normal_57,0,5,0.042376652,0,0,0,2,0.6375898718833923,5,8
normal_57,0,10,0.0109135015,0,0,0,2,0.6375898718833923,5,8
normal_57,0,15,0.0075504347,0,0,0,2,0.6375898718833923,5,8
normal_57,0,20,0.017105237,0,0,0,2,0.6375898718833923,5,8
normal_57,0,25,0.041990586,0,0,0,2,0.6375898718833923,5,8
normal_57,0,30,0.0069344467,0,0,0,2,0.6375898718833923,5,8
normal_57,0,35,0.008685182,0,0,0,2,0.6375898718833923,5,8
normal_57,0,40,0.039736047,0,0,0,2,0.6375898718833923,5,8
normal_75,0,0,0.024751531,0,0,0,2,0.6375898718833923,5,8
normal_75,0,5,0.007488377,0,0,0,2,0.6375898718833923,5,8
normal_75,0,10,0.01782878,0,0,0,2,0.6375898718833923,5,8
normal_75,0,15,0.05335437,0,0,0,2,0.6375898718833923,5,8
normal_75,0,20,0.0068690293,0,0,0,2,0.6375898718833923,5,8
normal_75,0,25,0.009240877,0,0,0,2,0.6375898718833923,5,8
normal_75,0,30,0.39007756,0,0,0,2,0.6375898718833923,5,8
normal_75,0,35,0.008929128,0,0,0,2,0.6375898718833923,5,8
normal_75,0,40,0.007977274,0,0,0,2,0.6375898718833923,5,8
normal_90,0,0,0.008632115,0,0,0,2,0.6375898718833923,5,8
normal_90,0,5,0.04199313,0,0,0,2,0.6375898718833923,5,8
normal_90,0,10,0.009328322,0,0,0,2,0.6375898718833923,5,8
normal_90,0,15,0.006945028,0,0,0,2,0.6375898718833923,5,8
normal_90,0,20,0.016111685,0,0,0,2,0.6375898718833923,5,8
normal_90,0,25,0.05662691,0,0,0,2,0.6375898718833923,5,8
normal_90,0,30,0.007646706,0,0,0,2,0.6375898718833923,5,8
normal_90,0,35,0.011773165,0,0,0,2,0.6375898718833923,5,8
normal_90,0,40,0.3307013,0,0,0,2,0.6375898718833923,5,8
normal_101,0,0,0.009574079,0,0,0,2,0.6375898718833923,5,8
normal_101,0,5,0.17108956,0,0,0,2,0.6375898718833923,5,8
normal_101,0,10,0.011841387,0,0,0,2,0.6375898718833923,5,8
normal_101,0,15,0.008380771,0,0,0,2,0.6375898718833923,5,8
normal_101,0,20,0.51910275,0,0,0,2,0.6375898718833923,5,8
normal_101,0,25,0.5169067,0,0,0,2,0.6375898718833923,5,8
normal_101,0,30,0.007218811,0,0,0,2,0.6375898718833923,5,8
normal_101,0,35,0.011888391,0,0,0,2,0.6375898718833923,5,8
normal_101,0,40,0.07274684,0,0,0,2,0.6375898718833923,5,8
normal_108,0,0,0.010562348,0,0,0,2,0.6375898718833923,5,8
normal_108,0,5,0.1413851,0,0,0,2,0.6375898718833923,5,8
normal_108,0,10,0.014286338,0,0,0,2,0.6375898718833923,5,8
normal_108,0,15,0.008140845,0,0,0,2,0.6375898718833923,5,8
normal_108,0,20,0.029759487,0,0,0,2,0.6375898718833923,5,8
normal_108,0,25,0.018801127,0,0,0,2,0.6375898718833923,5,8
normal_108,0,30,0.007040455,0,0,0,2,0.6375898718833923,5,8
normal_108,0,35,0.014006834,0,0,0,2,0.6375898718833923,5,8
normal_108,0,40,0.062314607,0,0,0,2,0.6375898718833923,5,8
normal_114,0,0,0.1016259,0,0,0,2,0.6375898718833923,5,8
normal_114,0,5,0.007419392,0,0,0,2,0.6375898718833923,5,8
normal_114,0,10,0.008041951,0,0,0,2,0.6375898718833923,5,8
normal_114,0,15,0.040484354,0,0,0,2,0.6375898718833923,5,8
normal_114,0,20,0.021774067,0,0,0,2,0.6375898718833923,5,8
normal_114,0,25,0.0073728156,0,0,0,2,0.6375898718833923,5,8
normal_114,0,30,0.01449759,0,0,0,2,0.6375898718833923,5,8
normal_114,0,35,0.086726725,0,0,0,2,0.6375898718833923,5,8
normal_114,0,40,0.0070306584,0,0,0,2,0.6375898718833923,5,8
normal_122,0,0,0.13609922,0,0,0,2,0.6375898718833923,5,8
normal_122,0,5,0.0069461204,0,0,0,2,0.6375898718833923,5,8
normal_122,0,10,0.007771732,0,0,0,2,0.6375898718833923,5,8
normal_122,0,15,0.054664344,0,0,0,2,0.6375898718833923,5,8
normal_122,0,20,0.011043059,0,0,0,2,0.6375898718833923,5,8
normal_122,0,25,0.0077386424,0,0,0,2,0.6375898718833923,5,8
normal_122,0,30,0.018472144,0,0,0,2,0.6375898718833923,5,8
normal_126,0,0,0.00809687,0,0,0,2,0.6375898718833923,5,8
normal_126,0,5,0.009471498,0,0,0,2,0.6375898718833923,5,8
normal_126,0,10,0.09268254,0,0,0,2,0.6375898718833923,5,8
normal_126,0,15,0.01701937,0,0,0,2,0.6375898718833923,5,8
normal_126,0,20,0.008137492,0,0,0,2,0.6375898718833923,5,8
normal_126,0,25,0.020011758,0,0,0,2,0.6375898718833923,5,8
normal_126,0,30,0.17133822,0,0,0,2,0.6375898718833923,5,8
normal_126,0,35,0.007400471,0,0,0,2,0.6375898718833923,5,8
normal_126,0,40,0.010025911,0,0,0,2,0.6375898718833923,5,8
normal_128,0,0,0.015867691,0,0,0,2,0.6375898718833923,5,8
normal_128,0,5,0.04886303,0,0,0,2,0.6375898718833923,5,8
normal_128,0,10,0.020040127,0,0,0,2,0.6375898718833923,5,8
normal_128,0,15,0.019452969,0,0,0,2,0.6375898718833923,5,8
normal_128,0,20,0.20698752,0,0,0,2,0.6375898718833923,5,8
normal_128,0,25,0.00833077,0,0,0,2,0.6375898718833923,5,8
normal_128,0,30,0.010525545,0,0,0,2,0.6375898718833923,5,8
normal_128,0,35,0.29108584,0,0,0,2,0.6375898718833923,5,8
normal_146,0,0,0.0076575545,0,0,0,2,0.6375898718833923,5,8
normal_146,0,5,0.07446333,0,0,0,2,0.6375898718833923,5,8
normal_146,0,10,0.04106928,0,0,0,2,0.6375898718833923,5,8
normal_146,0,15,0.007475874,0,0,0,2,0.6375898718833923,5,8
normal_146,0,20,0.011426173,0,0,0,2,0.6375898718833923,5,8
normal_146,0,25,0.10749456,0,0,0,2,0.6375898718833923,5,8
normal_146,0,30,0.006575615,0,0,0,2,0.6375898718833923,5,8
normal_146,0,35,0.013546561,0,0,0,2,0.6375898718833923,5,8
normal_146,0,40,0.3983398,0,0,0,2,0.6375898718833923,5,8
normal_148,0,0,0.0104076555,0,0,0,2,0.6375898718833923,5,8
normal_148,0,5,0.7289114,1,1,0,2,0.6375898718833923,5,8
normal_148,0,10,0.024953749,0,0,0,2,0.6375898718833923,5,8
normal_148,0,15,0.008231476,0,0,0,2,0.6375898718833923,5,8
normal_149,0,0,0.007165631,0,0,0,2,0.6375898718833923,5,8
normal_149,0,5,0.009653526,0,0,0,2,0.6375898718833923,5,8
normal_149,0,10,0.029096495,0,0,0,2,0.6375898718833923,5,8
normal_149,0,15,0.007947819,0,0,0,2,0.6375898718833923,5,8
normal_159,0,0,0.011161288,0,0,0,2,0.6375898718833923,5,8
normal_159,0,5,0.66713756,1,1,0,2,0.6375898718833923,5,8
normal_159,0,10,0.015011772,0,0,0,2,0.6375898718833923,5,8
normal_159,0,15,0.00915907,0,0,0,2,0.6375898718833923,5,8
normal_159,0,20,0.058187857,0,0,0,2,0.6375898718833923,5,8
normal_159,0,25,0.046393625,0,0,0,2,0.6375898718833923,5,8
normal_159,0,30,0.008615752,0,0,0,2,0.6375898718833923,5,8
normal_159,0,35,0.014066034,0,0,0,2,0.6375898718833923,5,8
normal_159,0,40,0.07363219,0,0,0,2,0.6375898718833923,5,8
normal_161,0,0,0.037328944,0,0,0,2,0.6375898718833923,5,8
normal_161,0,5,0.008152785,0,0,0,2,0.6375898718833923,5,8
normal_161,0,10,0.0072127613,0,0,0,2,0.6375898718833923,5,8
normal_161,0,15,0.016196366,0,0,0,2,0.6375898718833923,5,8
normal_161,0,20,0.034017198,0,0,0,2,0.6375898718833923,5,8
normal_161,0,25,0.007278947,0,0,0,2,0.6375898718833923,5,8
normal_166,0,0,0.19023883,0,0,0,2,0.6375898718833923,5,8
normal_166,0,5,0.009991505,0,0,0,2,0.6375898718833923,5,8
normal_166,0,10,0.0077499617,0,0,0,2,0.6375898718833923,5,8
normal_166,0,15,0.027794728,0,0,0,2,0.6375898718833923,5,8
normal_166,0,20,0.031522896,0,0,0,2,0.6375898718833923,5,8
normal_166,0,25,0.0067218114,0,0,0,2,0.6375898718833923,5,8
normal_166,0,30,0.011067943,0,0,0,2,0.6375898718833923,5,8
normal_179,0,0,0.08987534,0,0,0,2,0.6375898718833923,5,8
normal_179,0,5,0.9154223,1,1,0,2,0.6375898718833923,5,8
normal_179,0,10,0.8356785,1,2,0,2,0.6375898718833923,5,8
normal_179,0,15,0.0976127,0,0,0,2,0.6375898718833923,5,8
normal_179,0,20,0.15302245,0,0,0,2,0.6375898718833923,5,8
normal_182,0,0,0.011535341,0,0,0,2,0.6375898718833923,5,8
normal_182,0,5,0.03153006,0,0,0,2,0.6375898718833923,5,8
normal_182,0,10,0.008547926,0,0,0,2,0.6375898718833923,5,8
normal_182,0,15,0.009830627,0,0,0,2,0.6375898718833923,5,8
normal_182,0,20,0.075244874,0,0,0,2,0.6375898718833923,5,8
normal_182,0,25,0.0071105873,0,0,0,2,0.6375898718833923,5,8
normal_182,0,30,0.008257793,0,0,0,2,0.6375898718833923,5,8
normal_182,0,35,0.053003598,0,0,0,2,0.6375898718833923,5,8
normal_182,0,40,0.05256868,0,0,0,2,0.6375898718833923,5,8
normal_186,0,0,0.02493964,0,0,0,2,0.6375898718833923,5,8
normal_186,0,5,0.015130095,0,0,0,2,0.6375898718833923,5,8
normal_186,0,10,0.006651281,0,0,0,2,0.6375898718833923,5,8
normal_191,0,0,0.02794333,0,0,0,2,0.6375898718833923,5,8
normal_191,0,5,0.017297646,0,0,0,2,0.6375898718833923,5,8
normal_191,0,10,0.0069441963,0,0,0,2,0.6375898718833923,5,8
normal_191,0,15,0.009881502,0,0,0,2,0.6375898718833923,5,8
normal_200,0,0,0.007473599,0,0,0,2,0.6375898718833923,5,8
normal_200,0,5,0.2799787,0,0,0,2,0.6375898718833923,5,8
normal_200,0,10,0.030013328,0,0,0,2,0.6375898718833923,5,8
normal_200,0,15,0.007225211,0,0,0,2,0.6375898718833923,5,8
normal_200,0,20,0.03187623,0,0,0,2,0.6375898718833923,5,8
normal_200,0,25,0.040810443,0,0,0,2,0.6375898718833923,5,8
normal_200,0,30,0.0075798663,0,0,0,2,0.6375898718833923,5,8
normal_200,0,35,0.011389412,0,0,0,2,0.6375898718833923,5,8
normal_205,0,0,0.0069642407,0,0,0,2,0.6375898718833923,5,8
normal_205,0,5,0.012686481,0,0,0,2,0.6375898718833923,5,8
normal_205,0,10,0.04604436,0,0,0,2,0.6375898718833923,5,8
normal_205,0,15,0.0087851565,0,0,0,2,0.6375898718833923,5,8
normal_205,0,20,0.010988368,0,0,0,2,0.6375898718833923,5,8
normal_205,0,25,0.08139725,0,0,0,2,0.6375898718833923,5,8
normal_205,0,30,0.0075411187,0,0,0,2,0.6375898718833923,5,8
normal_205,0,35,0.008320955,0,0,0,2,0.6375898718833923,5,8
normal_210,0,0,0.007038829,0,0,0,2,0.6375898718833923,5,8
normal_210,0,5,0.02033746,0,0,0,2,0.6375898718833923,5,8
normal_210,0,10,0.08828163,0,0,0,2,0.6375898718833923,5,8
normal_210,0,15,0.006797406,0,0,0,2,0.6375898718833923,5,8
normal_210,0,20,0.009382719,0,0,0,2,0.6375898718833923,5,8
normal_210,0,25,0.17226309,0,0,0,2,0.6375898718833923,5,8
normal_210,0,30,0.0067437403,0,0,0,2,0.6375898718833923,5,8
normal_210,0,35,0.009411772,0,0,0,2,0.6375898718833923,5,8
normal_210,0,40,0.26728064,0,0,0,2,0.6375898718833923,5,8
normal_211,0,0,0.0076823095,0,0,0,2,0.6375898718833923,5,8
normal_211,0,5,0.008466161,0,0,0,2,0.6375898718833923,5,8
normal_211,0,10,0.028180255,0,0,0,2,0.6375898718833923,5,8
normal_211,0,15,0.00825152,0,0,0,2,0.6375898718833923,5,8
normal_211,0,20,0.008237461,0,0,0,2,0.6375898718833923,5,8
normal_211,0,25,0.030994745,0,0,0,2,0.6375898718833923,5,8
normal_211,0,30,0.011798812,0,0,0,2,0.6375898718833923,5,8
normal_211,0,35,0.00676511,0,0,0,2,0.6375898718833923,5,8
normal_211,0,40,0.010097877,0,0,0,2,0.6375898718833923,5,8
normal_214,0,0,0.0076962844,0,0,0,2,0.6375898718833923,5,8
normal_214,0,5,0.010353102,0,0,0,2,0.6375898718833923,5,8
normal_214,0,10,0.0426012,0,0,0,2,0.6375898718833923,5,8
normal_217,0,0,0.014952295,0,0,0,2,0.6375898718833923,5,8
normal_217,0,5,0.006460303,0,0,0,2,0.6375898718833923,5,8
normal_217,0,10,0.014510362,0,0,0,2,0.6375898718833923,5,8
normal_217,0,15,0.14294,0,0,0,2,0.6375898718833923,5,8
normal_217,0,20,0.007259223,0,0,0,2,0.6375898718833923,5,8
normal_217,0,25,0.009187497,0,0,0,2,0.6375898718833923,5,8
normal_217,0,30,0.13986881,0,0,0,2,0.6375898718833923,5,8
normal_217,0,35,0.010089967,0,0,0,2,0.6375898718833923,5,8
normal_217,0,40,0.008709511,0,0,0,2,0.6375898718833923,5,8
normal_231,0,0,0.0068780524,0,0,0,2,0.6375898718833923,5,8
normal_231,0,5,0.008253046,0,0,0,2,0.6375898718833923,5,8
normal_231,0,10,0.21071266,0,0,0,2,0.6375898718833923,5,8
normal_231,0,15,0.010270313,0,0,0,2,0.6375898718833923,5,8
normal_231,0,20,0.0077833007,0,0,0,2,0.6375898718833923,5,8
normal_235,0,0,0.007398737,0,0,0,2,0.6375898718833923,5,8
normal_235,0,5,0.009037781,0,0,0,2,0.6375898718833923,5,8
normal_235,0,10,0.57890147,0,0,0,2,0.6375898718833923,5,8
normal_235,0,15,0.012688387,0,0,0,2,0.6375898718833923,5,8
normal_235,0,20,0.008685945,0,0,0,2,0.6375898718833923,5,8
normal_235,0,25,0.05605698,0,0,0,2,0.6375898718833923,5,8
normal_235,0,30,0.012744918,0,0,0,2,0.6375898718833923,5,8
normal_235,0,35,0.0073794313,0,0,0,2,0.6375898718833923,5,8
normal_235,0,40,0.08246267,0,0,0,2,0.6375898718833923,5,8
normal_236,0,0,0.15373366,0,0,0,2,0.6375898718833923,5,8
normal_236,0,5,0.0080834,0,0,0,2,0.6375898718833923,5,8
normal_236,0,10,0.008251142,0,0,0,2,0.6375898718833923,5,8
normal_236,0,15,0.120376654,0,0,0,2,0.6375898718833923,5,8
normal_236,0,20,0.025054036,0,0,0,2,0.6375898718833923,5,8
normal_236,0,25,0.0070543503,0,0,0,2,0.6375898718833923,5,8
normal_236,0,30,0.012532634,0,0,0,2,0.6375898718833923,5,8
normal_247,0,0,0.19911917,0,0,0,2,0.6375898718833923,5,8
normal_247,0,5,0.012001305,0,0,0,2,0.6375898718833923,5,8
normal_247,0,10,0.0140002165,0,0,0,2,0.6375898718833923,5,8
normal_247,0,15,0.3165828,0,0,0,2,0.6375898718833923,5,8
normal_247,0,20,0.021320384,0,0,0,2,0.6375898718833923,5,8
normal_247,0,25,0.00927231,0,0,0,2,0.6375898718833923,5,8
normal_247,0,30,0.112850875,0,0,0,2,0.6375898718833923,5,8
normal_247,0,35,0.07485759,0,0,0,2,0.6375898718833923,5,8
normal_247,0,40,0.0082661435,0,0,0,2,0.6375898718833923,5,8
normal_249,0,0,0.007767832,0,0,0,2,0.6375898718833923,5,8
normal_249,0,5,0.027375905,0,0,0,2,0.6375898718833923,5,8
normal_249,0,10,0.018153993,0,0,0,2,0.6375898718833923,5,8
normal_249,0,15,0.00655927,0,0,0,2,0.6375898718833923,5,8
normal_249,0,20,0.012623779,0,0,0,2,0.6375898718833923,5,8
normal_249,0,25,0.16589701,0,0,0,2,0.6375898718833923,5,8
normal_250,0,0,0.016862186,0,0,0,2,0.6375898718833923,5,8
normal_250,0,5,0.051004782,0,0,0,2,0.6375898718833923,5,8
normal_250,0,10,0.007830172,0,0,0,2,0.6375898718833923,5,8
normal_254,0,0,0.007541568,0,0,0,2,0.6375898718833923,5,8
normal_254,0,5,0.0093084825,0,0,0,2,0.6375898718833923,5,8
normal_254,0,10,0.06179278,0,0,0,2,0.6375898718833923,5,8
normal_254,0,15,0.007487608,0,0,0,2,0.6375898718833923,5,8
normal_254,0,20,0.0073178443,0,0,0,2,0.6375898718833923,5,8
normal_254,0,25,0.024093838,0,0,0,2,0.6375898718833923,5,8
normal_255,0,0,0.008939721,0,0,0,2,0.6375898718833923,5,8
normal_255,0,5,0.26862717,0,0,0,2,0.6375898718833923,5,8
normal_255,0,10,0.011746461,0,0,0,2,0.6375898718833923,5,8
normal_255,0,15,0.008859184,0,0,0,2,0.6375898718833923,5,8
normal_277,0,0,0.0076713073,0,0,0,2,0.6375898718833923,5,8
normal_277,0,5,0.06819746,0,0,0,2,0.6375898718833923,5,8
normal_277,0,10,0.06326324,0,0,0,2,0.6375898718833923,5,8
normal_277,0,15,0.0068855444,0,0,0,2,0.6375898718833923,5,8
normal_277,0,20,0.0124374125,0,0,0,2,0.6375898718833923,5,8
normal_282,0,0,0.009177467,0,0,0,2,0.6375898718833923,5,8
normal_282,0,5,0.0077996836,0,0,0,2,0.6375898718833923,5,8
normal_282,0,10,0.024131522,0,0,0,2,0.6375898718833923,5,8
normal_282,0,15,0.009163403,0,0,0,2,0.6375898718833923,5,8
normal_282,0,20,0.007686334,0,0,0,2,0.6375898718833923,5,8
normal_282,0,25,0.01660328,0,0,0,2,0.6375898718833923,5,8
normal_282,0,30,0.012350872,0,0,0,2,0.6375898718833923,5,8
normal_282,0,35,0.0068188733,0,0,0,2,0.6375898718833923,5,8
normal_289,0,0,0.039276578,0,0,0,2,0.6375898718833923,5,8
normal_289,0,5,0.010703251,0,0,0,2,0.6375898718833923,5,8
normal_289,0,10,0.007799975,0,0,0,2,0.6375898718833923,5,8
normal_289,0,15,0.013971967,0,0,0,2,0.6375898718833923,5,8
normal_289,0,20,0.073265865,0,0,0,2,0.6375898718833923,5,8
normal_289,0,25,0.008278023,0,0,0,2,0.6375898718833923,5,8
normal_290,0,0,0.0070854533,0,0,0,2,0.6375898718833923,5,8
normal_290,0,5,0.01235836,0,0,0,2,0.6375898718833923,5,8
normal_290,0,10,0.051036056,0,0,0,2,0.6375898718833923,5,8
normal_301,0,0,0.019501433,0,0,0,2,0.6375898718833923,5,8
normal_301,0,5,0.015091724,0,0,0,2,0.6375898718833923,5,8
normal_301,0,10,0.0066631846,0,0,0,2,0.6375898718833923,5,8
normal_301,0,15,0.031827066,0,0,0,2,0.6375898718833923,5,8
normal_301,0,20,0.48672512,0,0,0,2,0.6375898718833923,5,8
normal_301,0,25,0.00879771,0,0,0,2,0.6375898718833923,5,8
normal_308,0,0,0.7094151,1,1,0,2,0.6375898718833923,5,8
normal_308,0,5,0.010561431,0,0,0,2,0.6375898718833923,5,8
normal_308,0,10,0.0085137505,0,0,0,2,0.6375898718833923,5,8
normal_317,0,0,0.006946298,0,0,0,2,0.6375898718833923,5,8
normal_317,0,5,0.010814939,0,0,0,2,0.6375898718833923,5,8
normal_317,0,10,0.13529617,0,0,0,2,0.6375898718833923,5,8
normal_317,0,15,0.007865606,0,0,0,2,0.6375898718833923,5,8
normal_317,0,20,0.008229167,0,0,0,2,0.6375898718833923,5,8
normal_317,0,25,0.054841656,0,0,0,2,0.6375898718833923,5,8
normal_317,0,30,0.010047886,0,0,0,2,0.6375898718833923,5,8
normal_317,0,35,0.007514954,0,0,0,2,0.6375898718833923,5,8
normal_317,0,40,0.02257774,0,0,0,2,0.6375898718833923,5,8
normal_323,0,0,0.14042945,0,0,0,2,0.6375898718833923,5,8
normal_323,0,5,0.007880397,0,0,0,2,0.6375898718833923,5,8
normal_323,0,10,0.00960257,0,0,0,2,0.6375898718833923,5,8
normal_323,0,15,0.039528586,0,0,0,2,0.6375898718833923,5,8
normal_323,0,20,0.0071578664,0,0,0,2,0.6375898718833923,5,8
normal_323,0,25,0.00742244,0,0,0,2,0.6375898718833923,5,8
normal_323,0,30,0.023261022,0,0,0,2,0.6375898718833923,5,8
normal_323,0,35,0.03460372,0,0,0,2,0.6375898718833923,5,8
normal_323,0,40,0.0074277436,0,0,0,2,0.6375898718833923,5,8
normal_325,0,0,0.020685416,0,0,0,2,0.6375898718833923,5,8
normal_325,0,5,0.10521776,0,0,0,2,0.6375898718833923,5,8
normal_325,0,10,0.008046346,0,0,0,2,0.6375898718833923,5,8
normal_325,0,15,0.010148805,0,0,0,2,0.6375898718833923,5,8
normal_325,0,20,0.14785182,0,0,0,2,0.6375898718833923,5,8
normal_325,0,25,0.0123655265,0,0,0,2,0.6375898718833923,5,8
normal_325,0,30,0.00877981,0,0,0,2,0.6375898718833923,5,8
normal_332,0,0,0.07297735,0,0,0,2,0.6375898718833923,5,8
normal_332,0,5,0.009213857,0,0,0,2,0.6375898718833923,5,8
normal_332,0,10,0.012652065,0,0,0,2,0.6375898718833923,5,8
normal_332,0,15,0.40502894,0,0,0,2,0.6375898718833923,5,8
normal_332,0,20,0.009021558,0,0,0,2,0.6375898718833923,5,8
normal_355,0,0,0.011125302,0,0,0,2,0.6375898718833923,5,8
normal_355,0,5,0.05013887,0,0,0,2,0.6375898718833923,5,8
normal_355,0,10,0.009199964,0,0,0,2,0.6375898718833923,5,8
normal_355,0,15,0.008470576,0,0,0,2,0.6375898718833923,5,8
normal_355,0,20,0.045159347,0,0,0,2,0.6375898718833923,5,8
normal_355,0,25,0.012144539,0,0,0,2,0.6375898718833923,5,8
normal_355,0,30,0.006558306,0,0,0,2,0.6375898718833923,5,8
normal_355,0,35,0.017087672,0,0,0,2,0.6375898718833923,5,8
normal_355,0,40,0.063018486,0,0,0,2,0.6375898718833923,5,8
normal_358,0,0,0.047271486,0,0,0,2,0.6375898718833923,5,8
normal_358,0,5,0.026287815,0,0,0,2,0.6375898718833923,5,8
normal_358,0,10,0.00984029,0,0,0,2,0.6375898718833923,5,8
normal_366,0,0,0.7025026,1,1,0,2,0.6375898718833923,5,8
normal_366,0,5,0.009436245,0,0,0,2,0.6375898718833923,5,8
normal_366,0,10,0.0074193953,0,0,0,2,0.6375898718833923,5,8
normal_366,0,15,0.020679958,0,0,0,2,0.6375898718833923,5,8
normal_366,0,20,0.014589673,0,0,0,2,0.6375898718833923,5,8
normal_366,0,25,0.00791763,0,0,0,2,0.6375898718833923,5,8
normal_366,0,30,0.010774072,0,0,0,2,0.6375898718833923,5,8
normal_366,0,35,0.029797299,0,0,0,2,0.6375898718833923,5,8
normal_366,0,40,0.0075313854,0,0,0,2,0.6375898718833923,5,8
normal_376,0,0,0.0076757153,0,0,0,2,0.6375898718833923,5,8
normal_376,0,5,0.008770229,0,0,0,2,0.6375898718833923,5,8
normal_376,0,10,0.04564868,0,0,0,2,0.6375898718833923,5,8
normal_386,0,0,0.007481388,0,0,0,2,0.6375898718833923,5,8
normal_386,0,5,0.014290623,0,0,0,2,0.6375898718833923,5,8
normal_386,0,10,0.023895513,0,0,0,2,0.6375898718833923,5,8
normal_386,0,15,0.0079623675,0,0,0,2,0.6375898718833923,5,8
normal_386,0,20,0.014872826,0,0,0,2,0.6375898718833923,5,8
normal_386,0,25,0.05318594,0,0,0,2,0.6375898718833923,5,8
normal_386,0,30,0.0073881582,0,0,0,2,0.6375898718833923,5,8
normal_393,0,0,0.028628439,0,0,0,2,0.6375898718833923,5,8
normal_393,0,5,0.007743836,0,0,0,2,0.6375898718833923,5,8
normal_393,0,10,0.012041179,0,0,0,2,0.6375898718833923,5,8
normal_393,0,15,0.12613377,0,0,0,2,0.6375898718833923,5,8
normal_409,0,0,0.013458541,0,0,0,2,0.6375898718833923,5,8
normal_409,0,5,0.0071679247,0,0,0,2,0.6375898718833923,5,8
normal_409,0,10,0.020881057,0,0,0,2,0.6375898718833923,5,8
normal_409,0,15,0.123973556,0,0,0,2,0.6375898718833923,5,8
normal_419,0,0,0.015931288,0,0,0,2,0.6375898718833923,5,8
normal_419,0,5,0.007306626,0,0,0,2,0.6375898718833923,5,8
normal_419,0,10,0.009494754,0,0,0,2,0.6375898718833923,5,8
normal_419,0,15,0.036979288,0,0,0,2,0.6375898718833923,5,8
normal_419,0,20,0.007818445,0,0,0,2,0.6375898718833923,5,8
normal_419,0,25,0.008429625,0,0,0,2,0.6375898718833923,5,8
normal_419,0,30,0.020023217,0,0,0,2,0.6375898718833923,5,8
normal_419,0,35,0.008920633,0,0,0,2,0.6375898718833923,5,8
normal_419,0,40,0.0069736517,0,0,0,2,0.6375898718833923,5,8
normal_420,0,0,0.007383502,0,0,0,2,0.6375898718833923,5,8
normal_420,0,5,0.011687495,0,0,0,2,0.6375898718833923,5,8
normal_420,0,10,0.10536544,0,0,0,2,0.6375898718833923,5,8
normal_420,0,15,0.006631252,0,0,0,2,0.6375898718833923,5,8
normal_420,0,20,0.008480711,0,0,0,2,0.6375898718833923,5,8
normal_420,0,25,0.05450566,0,0,0,2,0.6375898718833923,5,8
normal_434,0,0,0.014364104,0,0,0,2,0.6375898718833923,5,8
normal_434,0,5,0.0080675,0,0,0,2,0.6375898718833923,5,8
normal_434,0,10,0.009516344,0,0,0,2,0.6375898718833923,5,8
normal_434,0,15,0.041305162,0,0,0,2,0.6375898718833923,5,8
normal_434,0,20,0.007880225,0,0,0,2,0.6375898718833923,5,8
normal_434,0,25,0.007435809,0,0,0,2,0.6375898718833923,5,8
normal_434,0,30,0.031943258,0,0,0,2,0.6375898718833923,5,8
normal_434,0,35,0.011748604,0,0,0,2,0.6375898718833923,5,8
normal_434,0,40,0.007213868,0,0,0,2,0.6375898718833923,5,8
normal_440,0,0,0.022361513,0,0,0,2,0.6375898718833923,5,8
normal_440,0,5,0.01090242,0,0,0,2,0.6375898718833923,5,8
normal_440,0,10,0.0074001416,0,0,0,2,0.6375898718833923,5,8
normal_440,0,15,0.018869441,0,0,0,2,0.6375898718833923,5,8
normal_440,0,20,0.21413276,0,0,0,2,0.6375898718833923,5,8
normal_440,0,25,0.0070795147,0,0,0,2,0.6375898718833923,5,8
normal_440,0,30,0.008788966,0,0,0,2,0.6375898718833923,5,8
normal_440,0,35,0.048677154,0,0,0,2,0.6375898718833923,5,8
normal_444,0,0,0.008466637,0,0,0,2,0.6375898718833923,5,8
normal_444,0,5,0.012371655,0,0,0,2,0.6375898718833923,5,8
normal_444,0,10,0.025561336,0,0,0,2,0.6375898718833923,5,8
normal_444,0,15,0.01041594,0,0,0,2,0.6375898718833923,5,8
normal_444,0,20,0.0074495464,0,0,0,2,0.6375898718833923,5,8
normal_444,0,25,0.020152757,0,0,0,2,0.6375898718833923,5,8
normal_444,0,30,0.02656667,0,0,0,2,0.6375898718833923,5,8
normal_444,0,35,0.007826013,0,0,0,2,0.6375898718833923,5,8
normal_444,0,40,0.012690866,0,0,0,2,0.6375898718833923,5,8
normal_452,0,0,0.008781902,0,0,0,2,0.6375898718833923,5,8
normal_452,0,5,0.039399616,0,0,0,2,0.6375898718833923,5,8
normal_452,0,10,0.008023876,0,0,0,2,0.6375898718833923,5,8
normal_452,0,15,0.0072935643,0,0,0,2,0.6375898718833923,5,8
normal_452,0,20,0.028978283,0,0,0,2,0.6375898718833923,5,8
normal_452,0,25,0.025538702,0,0,0,2,0.6375898718833923,5,8
normal_455,0,0,0.0077943713,0,0,0,2,0.6375898718833923,5,8
normal_455,0,5,0.014004634,0,0,0,2,0.6375898718833923,5,8
normal_455,0,10,0.47043052,0,0,0,2,0.6375898718833923,5,8
normal_455,0,15,0.007597146,0,0,0,2,0.6375898718833923,5,8
normal_455,0,20,0.008259848,0,0,0,2,0.6375898718833923,5,8
normal_455,0,25,0.12836644,0,0,0,2,0.6375898718833923,5,8
normal_455,0,30,0.011188483,0,0,0,2,0.6375898718833923,5,8
normal_455,0,35,0.009601759,0,0,0,2,0.6375898718833923,5,8
normal_455,0,40,0.064433254,0,0,0,2,0.6375898718833923,5,8
normal_456,0,0,0.0069232355,0,0,0,2,0.6375898718833923,5,8
normal_456,0,5,0.016113069,0,0,0,2,0.6375898718833923,5,8
normal_456,0,10,0.035193548,0,0,0,2,0.6375898718833923,5,8
normal_456,0,15,0.0073188837,0,0,0,2,0.6375898718833923,5,8
normal_456,0,20,0.010160144,0,0,0,2,0.6375898718833923,5,8
normal_456,0,25,0.179273,0,0,0,2,0.6375898718833923,5,8
normal_456,0,30,0.010073745,0,0,0,2,0.6375898718833923,5,8
normal_456,0,35,0.0113255,0,0,0,2,0.6375898718833923,5,8
normal_456,0,40,0.17589894,0,0,0,2,0.6375898718833923,5,8
normal_462,0,0,0.012169293,0,0,0,2,0.6375898718833923,5,8
normal_462,0,5,0.058501247,0,0,0,2,0.6375898718833923,5,8
normal_462,0,10,0.00708992,0,0,0,2,0.6375898718833923,5,8
normal_462,0,15,0.008221679,0,0,0,2,0.6375898718833923,5,8
normal_462,0,20,0.029687705,0,0,0,2,0.6375898718833923,5,8
normal_462,0,25,0.008735812,0,0,0,2,0.6375898718833923,5,8
normal_462,0,30,0.0075023253,0,0,0,2,0.6375898718833923,5,8
normal_462,0,35,0.01564284,0,0,0,2,0.6375898718833923,5,8
normal_471,0,0,0.022266261,0,0,0,2,0.6375898718833923,5,8
normal_471,0,5,0.008497585,0,0,0,2,0.6375898718833923,5,8
normal_471,0,10,0.02893711,0,0,0,2,0.6375898718833923,5,8
normal_490,0,0,0.008347628,0,0,0,2,0.6375898718833923,5,8
normal_490,0,5,0.032237615,0,0,0,2,0.6375898718833923,5,8
normal_490,0,10,0.007932139,0,0,0,2,0.6375898718833923,5,8
normal_492,0,0,0.05784121,0,0,0,2,0.6375898718833923,5,8
normal_492,0,5,0.008484682,0,0,0,2,0.6375898718833923,5,8
normal_492,0,10,0.0071886503,0,0,0,2,0.6375898718833923,5,8
normal_492,0,15,0.01930248,0,0,0,2,0.6375898718833923,5,8
normal_492,0,20,0.013647095,0,0,0,2,0.6375898718833923,5,8
normal_492,0,25,0.007945711,0,0,0,2,0.6375898718833923,5,8
normal_492,0,30,0.013692838,0,0,0,2,0.6375898718833923,5,8
normal_492,0,35,0.069590956,0,0,0,2,0.6375898718833923,5,8
normal_492,0,40,0.007519978,0,0,0,2,0.6375898718833923,5,8
normal_499,0,0,0.0074985055,0,0,0,2,0.6375898718833923,5,8
normal_499,0,5,0.022340294,0,0,0,2,0.6375898718833923,5,8
normal_499,0,10,0.0123500405,0,0,0,2,0.6375898718833923,5,8
normal_499,0,15,0.007049832,0,0,0,2,0.6375898718833923,5,8
normal_499,0,20,0.010767031,0,0,0,2,0.6375898718833923,5,8
normal_499,0,25,0.023938792,0,0,0,2,0.6375898718833923,5,8
normal_499,0,30,0.0071454546,0,0,0,2,0.6375898718833923,5,8
normal_499,0,35,0.008387478,0,0,0,2,0.6375898718833923,5,8
normal_499,0,40,0.056211032,0,0,0,2,0.6375898718833923,5,8
normal_516,0,0,0.0072208005,0,0,0,2,0.6375898718833923,5,8
normal_516,0,5,0.016153889,0,0,0,2,0.6375898718833923,5,8
normal_516,0,10,0.016871825,0,0,0,2,0.6375898718833923,5,8
normal_516,0,15,0.00705744,0,0,0,2,0.6375898718833923,5,8
normal_516,0,20,0.011119029,0,0,0,2,0.6375898718833923,5,8
normal_516,0,25,0.10060218,0,0,0,2,0.6375898718833923,5,8
normal_516,0,30,0.008475236,0,0,0,2,0.6375898718833923,5,8
normal_516,0,35,0.008380358,0,0,0,2,0.6375898718833923,5,8
normal_516,0,40,0.037272207,0,0,0,2,0.6375898718833923,5,8
normal_517,0,0,0.03501498,0,0,0,2,0.6375898718833923,5,8
normal_517,0,5,0.0070467256,0,0,0,2,0.6375898718833923,5,8
normal_517,0,10,0.008408304,0,0,0,2,0.6375898718833923,5,8
normal_517,0,15,0.0698514,0,0,0,2,0.6375898718833923,5,8
normal_517,0,20,0.008152315,0,0,0,2,0.6375898718833923,5,8
normal_517,0,25,0.0075068427,0,0,0,2,0.6375898718833923,5,8
normal_517,0,30,0.020664897,0,0,0,2,0.6375898718833923,5,8
normal_518,0,0,0.007330894,0,0,0,2,0.6375898718833923,5,8
normal_518,0,5,0.019361058,0,0,0,2,0.6375898718833923,5,8
normal_518,0,10,0.013032101,0,0,0,2,0.6375898718833923,5,8
normal_518,0,15,0.007162009,0,0,0,2,0.6375898718833923,5,8
normal_539,0,0,0.0069887885,0,0,0,2,0.6375898718833923,5,8
normal_539,0,5,0.011456159,0,0,0,2,0.6375898718833923,5,8
normal_539,0,10,0.033456087,0,0,0,2,0.6375898718833923,5,8
normal_539,0,15,0.007523455,0,0,0,2,0.6375898718833923,5,8
normal_539,0,20,0.008725256,0,0,0,2,0.6375898718833923,5,8
normal_539,0,25,0.04613939,0,0,0,2,0.6375898718833923,5,8
normal_552,0,0,0.014102079,0,0,0,2,0.6375898718833923,5,8
normal_552,0,5,0.006971717,0,0,0,2,0.6375898718833923,5,8
normal_552,0,10,0.010315279,0,0,0,2,0.6375898718833923,5,8
normal_552,0,15,0.047469247,0,0,0,2,0.6375898718833923,5,8
normal_552,0,20,0.0080450745,0,0,0,2,0.6375898718833923,5,8
normal_552,0,25,0.008178045,0,0,0,2,0.6375898718833923,5,8
normal_552,0,30,0.029751766,0,0,0,2,0.6375898718833923,5,8
normal_552,0,35,0.0088505335,0,0,0,2,0.6375898718833923,5,8
normal_557,0,0,0.015753567,0,0,0,2,0.6375898718833923,5,8
normal_557,0,5,0.0068932115,0,0,0,2,0.6375898718833923,5,8
normal_557,0,10,0.010649009,0,0,0,2,0.6375898718833923,5,8
normal_557,0,15,0.047105286,0,0,0,2,0.6375898718833923,5,8
normal_557,0,20,0.0073686466,0,0,0,2,0.6375898718833923,5,8
normal_557,0,25,0.008158837,0,0,0,2,0.6375898718833923,5,8
normal_557,0,30,0.040888816,0,0,0,2,0.6375898718833923,5,8
normal_557,0,35,0.008603785,0,0,0,2,0.6375898718833923,5,8
normal_557,0,40,0.0074728215,0,0,0,2,0.6375898718833923,5,8
normal_559,0,0,0.03282904,0,0,0,2,0.6375898718833923,5,8
normal_559,0,5,0.013837218,0,0,0,2,0.6375898718833923,5,8
normal_559,0,10,0.007681437,0,0,0,2,0.6375898718833923,5,8
normal_559,0,15,0.015387036,0,0,0,2,0.6375898718833923,5,8
normal_559,0,20,0.023121096,0,0,0,2,0.6375898718833923,5,8
normal_562,0,0,0.0106005585,0,0,0,2,0.6375898718833923,5,8
normal_562,0,5,0.007757655,0,0,0,2,0.6375898718833923,5,8
normal_562,0,10,0.0197662,0,0,0,2,0.6375898718833923,5,8
normal_562,0,15,0.013758965,0,0,0,2,0.6375898718833923,5,8
normal_562,0,20,0.0072177756,0,0,0,2,0.6375898718833923,5,8
normal_562,0,25,0.010583567,0,0,0,2,0.6375898718833923,5,8
normal_562,0,30,0.024480417,0,0,0,2,0.6375898718833923,5,8
normal_562,0,35,0.007418584,0,0,0,2,0.6375898718833923,5,8
normal_562,0,40,0.008675891,0,0,0,2,0.6375898718833923,5,8
normal_568,0,0,0.09378903,0,0,0,2,0.6375898718833923,5,8
normal_568,0,5,0.008021148,0,0,0,2,0.6375898718833923,5,8
normal_568,0,10,0.0116739925,0,0,0,2,0.6375898718833923,5,8
normal_568,0,15,0.2918589,0,0,0,2,0.6375898718833923,5,8
normal_568,0,20,0.007243986,0,0,0,2,0.6375898718833923,5,8
normal_568,0,25,0.008615565,0,0,0,2,0.6375898718833923,5,8
normal_568,0,30,0.1585147,0,0,0,2,0.6375898718833923,5,8
normal_568,0,35,0.012613685,0,0,0,2,0.6375898718833923,5,8
normal_568,0,40,0.006729233,0,0,0,2,0.6375898718833923,5,8
normal_576,0,0,0.32608795,0,0,0,2,0.6375898718833923,5,8
normal_576,0,5,0.010223539,0,0,0,2,0.6375898718833923,5,8
normal_576,0,10,0.007435658,0,0,0,2,0.6375898718833923,5,8
normal_576,0,15,0.045595985,0,0,0,2,0.6375898718833923,5,8
normal_576,0,20,0.046115533,0,0,0,2,0.6375898718833923,5,8
normal_576,0,25,0.007220158,0,0,0,2,0.6375898718833923,5,8
normal_576,0,30,0.0134652285,0,0,0,2,0.6375898718833923,5,8
normal_576,0,35,0.09990909,0,0,0,2,0.6375898718833923,5,8
normal_576,0,40,0.0065730982,0,0,0,2,0.6375898718833923,5,8
normal_588,0,0,0.007116417,0,0,0,2,0.6375898718833923,5,8
normal_588,0,5,0.015599836,0,0,0,2,0.6375898718833923,5,8
normal_588,0,10,0.07505512,0,0,0,2,0.6375898718833923,5,8
normal_588,0,15,0.007421401,0,0,0,2,0.6375898718833923,5,8
normal_588,0,20,0.011618435,0,0,0,2,0.6375898718833923,5,8
normal_588,0,25,0.10373061,0,0,0,2,0.6375898718833923,5,8
normal_588,0,30,0.007640341,0,0,0,2,0.6375898718833923,5,8
normal_588,0,35,0.0071797636,0,0,0,2,0.6375898718833923,5,8
normal_588,0,40,0.06565942,0,0,0,2,0.6375898718833923,5,8
normal_590,0,0,0.060627505,0,0,0,2,0.6375898718833923,5,8
normal_590,0,5,0.0062350896,0,0,0,2,0.6375898718833923,5,8
normal_590,0,10,0.009993657,0,0,0,2,0.6375898718833923,5,8
normal_590,0,15,0.12265596,0,0,0,2,0.6375898718833923,5,8
normal_593,0,0,0.009323123,0,0,0,2,0.6375898718833923,5,8
normal_593,0,5,0.008838875,0,0,0,2,0.6375898718833923,5,8
normal_593,0,10,0.35033298,0,0,0,2,0.6375898718833923,5,8
normal_593,0,15,0.013341295,0,0,0,2,0.6375898718833923,5,8
normal_593,0,20,0.008010129,0,0,0,2,0.6375898718833923,5,8
normal_593,0,25,0.048123237,0,0,0,2,0.6375898718833923,5,8
normal_593,0,30,0.06784627,0,0,0,2,0.6375898718833923,5,8
normal_593,0,35,0.0077210725,0,0,0,2,0.6375898718833923,5,8
normal_593,0,40,0.0131693715,0,0,0,2,0.6375898718833923,5,8
normal_594,0,0,0.015527087,0,0,0,2,0.6375898718833923,5,8
normal_594,0,5,0.17469698,0,0,0,2,0.6375898718833923,5,8
normal_594,0,10,0.03507729,0,0,0,2,0.6375898718833923,5,8
normal_594,0,15,0.008747956,0,0,0,2,0.6375898718833923,5,8
normal_594,0,20,0.5127551,0,0,0,2,0.6375898718833923,5,8
normal_594,0,25,0.0134339295,0,0,0,2,0.6375898718833923,5,8
normal_594,0,30,0.009560298,0,0,0,2,0.6375898718833923,5,8
normal_594,0,35,0.045633413,0,0,0,2,0.6375898718833923,5,8
normal_595,0,0,0.008811617,0,0,0,2,0.6375898718833923,5,8
normal_595,0,5,0.07430953,0,0,0,2,0.6375898718833923,5,8
normal_595,0,10,0.033552207,0,0,0,2,0.6375898718833923,5,8
normal_595,0,15,0.00702293,0,0,0,2,0.6375898718833923,5,8
normal_595,0,20,0.018813394,0,0,0,2,0.6375898718833923,5,8
normal_595,0,25,0.03202183,0,0,0,2,0.6375898718833923,5,8
anomaly_7,1,0,0.79304993,1,1,0,2,0.6375898718833923,5,8
anomaly_7,1,5,0.52399844,0,0,0,2,0.6375898718833923,5,8
anomaly_7,1,10,0.9214811,1,1,0,2,0.6375898718833923,5,8
anomaly_7,1,15,0.41076687,0,0,0,2,0.6375898718833923,5,8
anomaly_7,1,20,0.026323356,0,0,0,2,0.6375898718833923,5,8
anomaly_7,1,25,0.9180024,1,1,0,2,0.6375898718833923,5,8
anomaly_7,1,30,0.98936534,1,2,0,2,0.6375898718833923,5,8
anomaly_7,1,35,0.9187791,1,3,0,2,0.6375898718833923,5,8
anomaly_7,1,40,0.9740502,1,4,0,2,0.6375898718833923,5,8
anomaly_9,1,0,0.9759637,1,1,0,2,0.6375898718833923,5,8
anomaly_9,1,5,0.9753465,1,2,0,2,0.6375898718833923,5,8
anomaly_9,1,10,0.962822,1,3,0,2,0.6375898718833923,5,8
anomaly_9,1,15,0.98484707,1,4,0,2,0.6375898718833923,5,8
normal_18,0,0,0.08242996,0,0,0,3,0.4759991466999054,7,13
normal_18,0,5,0.05530993,0,0,0,3,0.4759991466999054,7,13
normal_18,0,10,0.051165372,0,0,0,3,0.4759991466999054,7,13
normal_18,0,15,0.07883688,0,0,0,3,0.4759991466999054,7,13
normal_18,0,20,0.046942413,0,0,0,3,0.4759991466999054,7,13
normal_18,0,25,0.04962388,0,0,0,3,0.4759991466999054,7,13
normal_19,0,0,0.0525442,0,0,0,3,0.4759991466999054,7,13
normal_19,0,5,0.046554536,0,0,0,3,0.4759991466999054,7,13
normal_19,0,10,0.112016074,0,0,0,3,0.4759991466999054,7,13
normal_19,0,15,0.26157823,0,0,0,3,0.4759991466999054,7,13
normal_19,0,20,0.0650887,0,0,0,3,0.4759991466999054,7,13
normal_19,0,25,0.08070069,0,0,0,3,0.4759991466999054,7,13
normal_24,0,0,0.08819289,0,0,0,3,0.4759991466999054,7,13
normal_24,0,5,0.04552906,0,0,0,3,0.4759991466999054,7,13
normal_24,0,10,0.052279666,0,0,0,3,0.4759991466999054,7,13
normal_24,0,15,0.092543036,0,0,0,3,0.4759991466999054,7,13
normal_24,0,20,0.048585534,0,0,0,3,0.4759991466999054,7,13
normal_24,0,25,0.056332454,0,0,0,3,0.4759991466999054,7,13
normal_24,0,30,0.18208198,0,0,0,3,0.4759991466999054,7,13
normal_24,0,35,0.048821907,0,0,0,3,0.4759991466999054,7,13
normal_24,0,40,0.05060575,0,0,0,3,0.4759991466999054,7,13
normal_25,0,0,0.3910268,0,0,0,3,0.4759991466999054,7,13
normal_25,0,5,0.04618013,0,0,0,3,0.4759991466999054,7,13
normal_25,0,10,0.048960023,0,0,0,3,0.4759991466999054,7,13
normal_25,0,15,0.1230526,0,0,0,3,0.4759991466999054,7,13
normal_25,0,20,0.055507638,0,0,0,3,0.4759991466999054,7,13
normal_25,0,25,0.043258887,0,0,0,3,0.4759991466999054,7,13
normal_30,0,0,0.053512897,0,0,0,3,0.4759991466999054,7,13
normal_30,0,5,0.13538416,0,0,0,3,0.4759991466999054,7,13
normal_30,0,10,0.08086385,0,0,0,3,0.4759991466999054,7,13
normal_30,0,15,0.049391184,0,0,0,3,0.4759991466999054,7,13
normal_30,0,20,0.088729806,0,0,0,3,0.4759991466999054,7,13
normal_30,0,25,0.49048123,1,1,0,3,0.4759991466999054,7,13
normal_30,0,30,0.0555107,0,0,0,3,0.4759991466999054,7,13
normal_36,0,0,0.04966516,0,0,0,3,0.4759991466999054,7,13
normal_36,0,5,0.072051115,0,0,0,3,0.4759991466999054,7,13
normal_36,0,10,0.043877974,0,0,0,3,0.4759991466999054,7,13
normal_36,0,15,0.044454254,0,0,0,3,0.4759991466999054,7,13
normal_36,0,20,0.12679417,0,0,0,3,0.4759991466999054,7,13
normal_36,0,25,0.121058494,0,0,0,3,0.4759991466999054,7,13
normal_45,0,0,0.047370285,0,0,0,3,0.4759991466999054,7,13
normal_45,0,5,0.19077402,0,0,0,3,0.4759991466999054,7,13
normal_45,0,10,0.067438826,0,0,0,3,0.4759991466999054,7,13
normal_45,0,15,0.04664973,0,0,0,3,0.4759991466999054,7,13
normal_48,0,0,0.04829832,0,0,0,3,0.4759991466999054,7,13
normal_48,0,5,0.2178555,0,0,0,3,0.4759991466999054,7,13
normal_48,0,10,0.04911383,0,0,0,3,0.4759991466999054,7,13
normal_48,0,15,0.042893715,0,0,0,3,0.4759991466999054,7,13
normal_48,0,20,0.10642883,0,0,0,3,0.4759991466999054,7,13
normal_48,0,25,0.13460928,0,0,0,3,0.4759991466999054,7,13
normal_48,0,30,0.047007944,0,0,0,3,0.4759991466999054,7,13
normal_48,0,35,0.07763179,0,0,0,3,0.4759991466999054,7,13
normal_48,0,40,0.25220105,0,0,0,3,0.4759991466999054,7,13
normal_54,0,0,0.07615682,0,0,0,3,0.4759991466999054,7,13
normal_54,0,5,0.22072573,0,0,0,3,0.4759991466999054,7,13
normal_54,0,10,0.041956,0,0,0,3,0.4759991466999054,7,13
normal_54,0,15,0.04954558,0,0,0,3,0.4759991466999054,7,13
normal_54,0,20,0.28202274,0,0,0,3,0.4759991466999054,7,13
normal_54,0,25,0.04811982,0,0,0,3,0.4759991466999054,7,13
normal_54,0,30,0.04565671,0,0,0,3,0.4759991466999054,7,13
normal_54,0,35,0.22688623,0,0,0,3,0.4759991466999054,7,13
normal_54,0,40,0.06898373,0,0,0,3,0.4759991466999054,7,13
normal_55,0,0,0.05697832,0,0,0,3,0.4759991466999054,7,13
normal_55,0,5,0.10631938,0,0,0,3,0.4759991466999054,7,13
normal_55,0,10,0.04262947,0,0,0,3,0.4759991466999054,7,13
normal_55,0,15,0.05191259,0,0,0,3,0.4759991466999054,7,13
normal_55,0,20,0.09349142,0,0,0,3,0.4759991466999054,7,13
normal_55,0,25,0.044129126,0,0,0,3,0.4759991466999054,7,13
normal_55,0,30,0.04815536,0,0,0,3,0.4759991466999054,7,13
normal_55,0,35,0.06299257,0,0,0,3,0.4759991466999054,7,13
normal_55,0,40,0.047638036,0,0,0,3,0.4759991466999054,7,13
normal_63,0,0,0.106052354,0,0,0,3,0.4759991466999054,7,13
normal_63,0,5,0.04322536,0,0,0,3,0.4759991466999054,7,13
normal_63,0,10,0.07050186,0,0,0,3,0.4759991466999054,7,13
normal_63,0,15,0.14611164,0,0,0,3,0.4759991466999054,7,13
normal_63,0,20,0.040286962,0,0,0,3,0.4759991466999054,7,13
normal_63,0,25,0.052547995,0,0,0,3,0.4759991466999054,7,13
normal_63,0,30,0.34901664,0,0,0,3,0.4759991466999054,7,13
normal_63,0,35,0.07158302,0,0,0,3,0.4759991466999054,7,13
normal_63,0,40,0.05302901,0,0,0,3,0.4759991466999054,7,13
normal_68,0,0,0.11474288,0,0,0,3,0.4759991466999054,7,13
normal_68,0,5,0.7968199,1,1,0,3,0.4759991466999054,7,13
normal_68,0,10,0.6451624,1,2,0,3,0.4759991466999054,7,13
normal_68,0,15,0.075770766,0,0,0,3,0.4759991466999054,7,13
normal_68,0,20,0.7169583,1,1,0,3,0.4759991466999054,7,13
normal_68,0,25,0.05291206,0,0,0,3,0.4759991466999054,7,13
normal_68,0,30,0.049508687,0,0,0,3,0.4759991466999054,7,13
normal_68,0,35,0.16346535,0,0,0,3,0.4759991466999054,7,13
normal_68,0,40,0.12670703,0,0,0,3,0.4759991466999054,7,13
normal_80,0,0,0.056354724,0,0,0,3,0.4759991466999054,7,13
normal_80,0,5,0.068383634,0,0,0,3,0.4759991466999054,7,13
normal_80,0,10,0.4659982,0,0,0,3,0.4759991466999054,7,13
normal_80,0,15,0.07844379,0,0,0,3,0.4759991466999054,7,13
normal_80,0,20,0.04381738,0,0,0,3,0.4759991466999054,7,13
normal_80,0,25,0.08293309,0,0,0,3,0.4759991466999054,7,13
normal_80,0,30,0.113312416,0,0,0,3,0.4759991466999054,7,13
normal_80,0,35,0.041818865,0,0,0,3,0.4759991466999054,7,13
normal_80,0,40,0.057744507,0,0,0,3,0.4759991466999054,7,13
normal_85,0,0,0.042682167,0,0,0,3,0.4759991466999054,7,13
normal_85,0,5,0.05752488,0,0,0,3,0.4759991466999054,7,13
normal_85,0,10,0.3363333,0,0,0,3,0.4759991466999054,7,13
normal_85,0,15,0.05000947,0,0,0,3,0.4759991466999054,7,13
normal_85,0,20,0.04767819,0,0,0,3,0.4759991466999054,7,13
normal_85,0,25,0.15192346,0,0,0,3,0.4759991466999054,7,13
normal_85,0,30,0.05636341,0,0,0,3,0.4759991466999054,7,13
normal_85,0,35,0.04097027,0,0,0,3,0.4759991466999054,7,13
normal_85,0,40,0.071590565,0,0,0,3,0.4759991466999054,7,13
normal_88,0,0,0.07624063,0,0,0,3,0.4759991466999054,7,13
normal_88,0,5,0.051220395,0,0,0,3,0.4759991466999054,7,13
normal_88,0,10,0.2963534,0,0,0,3,0.4759991466999054,7,13
normal_93,0,0,0.071865655,0,0,0,3,0.4759991466999054,7,13
normal_93,0,5,0.042403433,0,0,0,3,0.4759991466999054,7,13
normal_93,0,10,0.07518628,0,0,0,3,0.4759991466999054,7,13
normal_96,0,0,0.16067214,0,0,0,3,0.4759991466999054,7,13
normal_96,0,5,0.04428767,0,0,0,3,0.4759991466999054,7,13
normal_96,0,10,0.05338799,0,0,0,3,0.4759991466999054,7,13
normal_96,0,15,0.4196442,0,0,0,3,0.4759991466999054,7,13
normal_96,0,20,0.070420235,0,0,0,3,0.4759991466999054,7,13
normal_96,0,25,0.05078492,0,0,0,3,0.4759991466999054,7,13
normal_96,0,30,0.0846847,0,0,0,3,0.4759991466999054,7,13
normal_96,0,35,0.0798149,0,0,0,3,0.4759991466999054,7,13
normal_96,0,40,0.04306726,0,0,0,3,0.4759991466999054,7,13
normal_110,0,0,0.055872608,0,0,0,3,0.4759991466999054,7,13
normal_110,0,5,0.13342905,0,0,0,3,0.4759991466999054,7,13
normal_110,0,10,0.04916915,0,0,0,3,0.4759991466999054,7,13
normal_110,0,15,0.044830382,0,0,0,3,0.4759991466999054,7,13
normal_110,0,20,0.08593436,0,0,0,3,0.4759991466999054,7,13
normal_110,0,25,0.10147355,0,0,0,3,0.4759991466999054,7,13
normal_120,0,0,0.07441453,0,0,0,3,0.4759991466999054,7,13
normal_120,0,5,0.1116688,0,0,0,3,0.4759991466999054,7,13
normal_120,0,10,0.040317293,0,0,0,3,0.4759991466999054,7,13
normal_120,0,15,0.049191885,0,0,0,3,0.4759991466999054,7,13
normal_120,0,20,0.16879392,0,0,0,3,0.4759991466999054,7,13
normal_120,0,25,0.04400187,0,0,0,3,0.4759991466999054,7,13
normal_120,0,30,0.049891926,0,0,0,3,0.4759991466999054,7,13
normal_120,0,35,0.32417923,0,0,0,3,0.4759991466999054,7,13
normal_120,0,40,0.06918044,0,0,0,3,0.4759991466999054,7,13
normal_121,0,0,0.44491825,0,0,0,3,0.4759991466999054,7,13
normal_121,0,5,0.046980917,0,0,0,3,0.4759991466999054,7,13
normal_121,0,10,0.04465675,0,0,0,3,0.4759991466999054,7,13
normal_121,0,15,0.07375869,0,0,0,3,0.4759991466999054,7,13
normal_121,0,20,0.054742713,0,0,0,3,0.4759991466999054,7,13
normal_121,0,25,0.043014683,0,0,0,3,0.4759991466999054,7,13
normal_121,0,30,0.052940268,0,0,0,3,0.4759991466999054,7,13
normal_121,0,35,0.0585778,0,0,0,3,0.4759991466999054,7,13
normal_121,0,40,0.044875048,0,0,0,3,0.4759991466999054,7,13
normal_123,0,0,0.041702267,0,0,0,3,0.4759991466999054,7,13
normal_123,0,5,0.061995156,0,0,0,3,0.4759991466999054,7,13
normal_123,0,10,0.66006875,1,1,0,3,0.4759991466999054,7,13
normal_123,0,15,0.28082058,0,0,0,3,0.4759991466999054,7,13
normal_153,0,0,0.05385012,0,0,0,3,0.4759991466999054,7,13
normal_153,0,5,0.050896034,0,0,0,3,0.4759991466999054,7,13
normal_153,0,10,0.08160182,0,0,0,3,0.4759991466999054,7,13
normal_153,0,15,0.046825,0,0,0,3,0.4759991466999054,7,13
normal_153,0,20,0.0470775,0,0,0,3,0.4759991466999054,7,13
normal_153,0,25,0.080922954,0,0,0,3,0.4759991466999054,7,13
normal_153,0,30,0.059610322,0,0,0,3,0.4759991466999054,7,13
normal_153,0,35,0.04479889,0,0,0,3,0.4759991466999054,7,13
normal_153,0,40,0.09429008,0,0,0,3,0.4759991466999054,7,13
normal_154,0,0,0.04440173,0,0,0,3,0.4759991466999054,7,13
normal_154,0,5,0.049021594,0,0,0,3,0.4759991466999054,7,13
normal_154,0,10,0.20632775,0,0,0,3,0.4759991466999054,7,13
normal_154,0,15,0.06779273,0,0,0,3,0.4759991466999054,7,13
normal_154,0,20,0.056854106,0,0,0,3,0.4759991466999054,7,13
normal_154,0,25,0.10933323,0,0,0,3,0.4759991466999054,7,13
normal_154,0,30,0.11815484,0,0,0,3,0.4759991466999054,7,13
normal_154,0,35,0.05650971,0,0,0,3,0.4759991466999054,7,13
normal_154,0,40,0.07076984,0,0,0,3,0.4759991466999054,7,13
normal_172,0,0,0.06391378,0,0,0,3,0.4759991466999054,7,13
normal_172,0,5,0.13568407,0,0,0,3,0.4759991466999054,7,13
normal_172,0,10,0.045111544,0,0,0,3,0.4759991466999054,7,13
normal_172,0,15,0.06432609,0,0,0,3,0.4759991466999054,7,13
normal_189,0,0,0.044094734,0,0,0,3,0.4759991466999054,7,13
normal_189,0,5,0.05634941,0,0,0,3,0.4759991466999054,7,13
normal_189,0,10,0.3848852,0,0,0,3,0.4759991466999054,7,13
normal_189,0,15,0.05290038,0,0,0,3,0.4759991466999054,7,13
normal_189,0,20,0.047490444,0,0,0,3,0.4759991466999054,7,13
normal_189,0,25,0.115056254,0,0,0,3,0.4759991466999054,7,13
normal_189,0,30,0.06276493,0,0,0,3,0.4759991466999054,7,13
normal_189,0,35,0.04295176,0,0,0,3,0.4759991466999054,7,13
normal_189,0,40,0.0781182,0,0,0,3,0.4759991466999054,7,13
normal_195,0,0,0.13643338,0,0,0,3,0.4759991466999054,7,13
normal_195,0,5,0.044573527,0,0,0,3,0.4759991466999054,7,13
normal_195,0,10,0.06148422,0,0,0,3,0.4759991466999054,7,13
normal_195,0,15,0.35924855,0,0,0,3,0.4759991466999054,7,13
normal_195,0,20,0.043643214,0,0,0,3,0.4759991466999054,7,13
normal_195,0,25,0.044560716,0,0,0,3,0.4759991466999054,7,13
normal_195,0,30,0.10853006,0,0,0,3,0.4759991466999054,7,13
normal_204,0,0,0.048634868,0,0,0,3,0.4759991466999054,7,13
normal_204,0,5,0.108372346,0,0,0,3,0.4759991466999054,7,13
normal_204,0,10,0.0806804,0,0,0,3,0.4759991466999054,7,13
normal_204,0,15,0.052002456,0,0,0,3,0.4759991466999054,7,13
normal_204,0,20,0.07646577,0,0,0,3,0.4759991466999054,7,13
normal_204,0,25,0.06681007,0,0,0,3,0.4759991466999054,7,13
normal_204,0,30,0.045068797,0,0,0,3,0.4759991466999054,7,13
normal_204,0,35,0.06454961,0,0,0,3,0.4759991466999054,7,13
normal_204,0,40,0.21126206,0,0,0,3,0.4759991466999054,7,13
normal_219,0,0,0.1868378,0,0,0,3,0.4759991466999054,7,13
normal_219,0,5,0.045467515,0,0,0,3,0.4759991466999054,7,13
normal_219,0,10,0.042527564,0,0,0,3,0.4759991466999054,7,13
normal_219,0,15,0.059419625,0,0,0,3,0.4759991466999054,7,13
normal_219,0,20,0.0567679,0,0,0,3,0.4759991466999054,7,13
normal_219,0,25,0.049612503,0,0,0,3,0.4759991466999054,7,13
normal_228,0,0,0.043795317,0,0,0,3,0.4759991466999054,7,13
normal_228,0,5,0.06615024,0,0,0,3,0.4759991466999054,7,13
normal_228,0,10,0.42692307,0,0,0,3,0.4759991466999054,7,13
normal_228,0,15,0.052327342,0,0,0,3,0.4759991466999054,7,13
normal_228,0,20,0.046338826,0,0,0,3,0.4759991466999054,7,13
normal_228,0,25,0.08890645,0,0,0,3,0.4759991466999054,7,13
normal_228,0,30,0.0708477,0,0,0,3,0.4759991466999054,7,13
normal_228,0,35,0.04382532,0,0,0,3,0.4759991466999054,7,13
normal_228,0,40,0.07402558,0,0,0,3,0.4759991466999054,7,13
normal_248,0,0,0.17329201,0,0,0,3,0.4759991466999054,7,13
normal_248,0,5,0.053377554,0,0,0,3,0.4759991466999054,7,13
normal_248,0,10,0.0622373,0,0,0,3,0.4759991466999054,7,13
normal_248,0,15,0.06739684,0,0,0,3,0.4759991466999054,7,13
normal_248,0,20,0.056747545,0,0,0,3,0.4759991466999054,7,13
normal_248,0,25,0.04926423,0,0,0,3,0.4759991466999054,7,13
normal_248,0,30,0.2685584,0,0,0,3,0.4759991466999054,7,13
normal_248,0,35,0.06699094,0,0,0,3,0.4759991466999054,7,13
normal_248,0,40,0.04923854,0,0,0,3,0.4759991466999054,7,13
normal_267,0,0,0.04811071,0,0,0,3,0.4759991466999054,7,13
normal_267,0,5,0.15964888,0,0,0,3,0.4759991466999054,7,13
normal_267,0,10,0.06326526,0,0,0,3,0.4759991466999054,7,13
normal_267,0,15,0.051872544,0,0,0,3,0.4759991466999054,7,13
normal_267,0,20,0.077457786,0,0,0,3,0.4759991466999054,7,13
normal_267,0,25,0.068595,0,0,0,3,0.4759991466999054,7,13
normal_271,0,0,0.06414535,0,0,0,3,0.4759991466999054,7,13
normal_271,0,5,0.044060986,0,0,0,3,0.4759991466999054,7,13
normal_271,0,10,0.085651286,0,0,0,3,0.4759991466999054,7,13
normal_271,0,15,0.23716319,0,0,0,3,0.4759991466999054,7,13
normal_271,0,20,0.045802817,0,0,0,3,0.4759991466999054,7,13
normal_271,0,25,0.053631652,0,0,0,3,0.4759991466999054,7,13
normal_271,0,30,0.25964925,0,0,0,3,0.4759991466999054,7,13
normal_271,0,35,0.045402147,0,0,0,3,0.4759991466999054,7,13
normal_271,0,40,0.045833565,0,0,0,3,0.4759991466999054,7,13
normal_281,0,0,0.16962817,0,0,0,3,0.4759991466999054,7,13
normal_281,0,5,0.060904466,0,0,0,3,0.4759991466999054,7,13
normal_281,0,10,0.050201844,0,0,0,3,0.4759991466999054,7,13
normal_281,0,15,0.1719894,0,0,0,3,0.4759991466999054,7,13
normal_281,0,20,0.23833299,0,0,0,3,0.4759991466999054,7,13
normal_281,0,25,0.043968435,0,0,0,3,0.4759991466999054,7,13
normal_281,0,30,0.052905418,0,0,0,3,0.4759991466999054,7,13
normal_281,0,35,0.36074772,0,0,0,3,0.4759991466999054,7,13
normal_281,0,40,0.04611997,0,0,0,3,0.4759991466999054,7,13
normal_283,0,0,0.050719116,0,0,0,3,0.4759991466999054,7,13
normal_283,0,5,0.046214357,0,0,0,3,0.4759991466999054,7,13
normal_283,0,10,0.12243839,0,0,0,3,0.4759991466999054,7,13
normal_283,0,15,0.08431755,0,0,0,3,0.4759991466999054,7,13
normal_283,0,20,0.049353886,0,0,0,3,0.4759991466999054,7,13
normal_287,0,0,0.23940648,0,0,0,3,0.4759991466999054,7,13
normal_287,0,5,0.06770494,0,0,0,3,0.4759991466999054,7,13
normal_287,0,10,0.04474716,0,0,0,3,0.4759991466999054,7,13
normal_287,0,15,0.06625837,0,0,0,3,0.4759991466999054,7,13
normal_287,0,20,0.07591551,0,0,0,3,0.4759991466999054,7,13
normal_287,0,25,0.040201426,0,0,0,3,0.4759991466999054,7,13
normal_287,0,30,0.055468455,0,0,0,3,0.4759991466999054,7,13
normal_287,0,35,0.20450348,0,0,0,3,0.4759991466999054,7,13
normal_287,0,40,0.044332307,0,0,0,3,0.4759991466999054,7,13
normal_293,0,0,0.17383449,0,0,0,3,0.4759991466999054,7,13
normal_293,0,5,0.059994243,0,0,0,3,0.4759991466999054,7,13
normal_293,0,10,0.043952778,0,0,0,3,0.4759991466999054,7,13
normal_293,0,15,0.11356367,0,0,0,3,0.4759991466999054,7,13
normal_293,0,20,0.19516842,0,0,0,3,0.4759991466999054,7,13
normal_293,0,25,0.045730148,0,0,0,3,0.4759991466999054,7,13
normal_293,0,30,0.053799096,0,0,0,3,0.4759991466999054,7,13
normal_293,0,35,0.21118858,0,0,0,3,0.4759991466999054,7,13
normal_293,0,40,0.043748464,0,0,0,3,0.4759991466999054,7,13
normal_296,0,0,0.24963295,0,0,0,3,0.4759991466999054,7,13
normal_296,0,5,0.057769276,0,0,0,3,0.4759991466999054,7,13
normal_296,0,10,0.04618952,0,0,0,3,0.4759991466999054,7,13
normal_296,0,15,0.08279244,0,0,0,3,0.4759991466999054,7,13
normal_297,0,0,0.06724701,0,0,0,3,0.4759991466999054,7,13
normal_297,0,5,0.042912543,0,0,0,3,0.4759991466999054,7,13
normal_297,0,10,0.08350164,0,0,0,3,0.4759991466999054,7,13
normal_306,0,0,0.075476676,0,0,0,3,0.4759991466999054,7,13
normal_306,0,5,0.052432455,0,0,0,3,0.4759991466999054,7,13
normal_306,0,10,0.066412844,0,0,0,3,0.4759991466999054,7,13
normal_306,0,15,0.10599265,0,0,0,3,0.4759991466999054,7,13
normal_306,0,20,0.045359157,0,0,0,3,0.4759991466999054,7,13
normal_306,0,25,0.046739224,0,0,0,3,0.4759991466999054,7,13
normal_312,0,0,0.06514687,0,0,0,3,0.4759991466999054,7,13
normal_312,0,5,0.04507756,0,0,0,3,0.4759991466999054,7,13
normal_312,0,10,0.0758691,0,0,0,3,0.4759991466999054,7,13
normal_312,0,15,0.07679483,0,0,0,3,0.4759991466999054,7,13
normal_312,0,20,0.047624443,0,0,0,3,0.4759991466999054,7,13
normal_312,0,25,0.07113594,0,0,0,3,0.4759991466999054,7,13
normal_316,0,0,0.06017715,0,0,0,3,0.4759991466999054,7,13
normal_316,0,5,0.0792221,0,0,0,3,0.4759991466999054,7,13
normal_316,0,10,0.049746934,0,0,0,3,0.4759991466999054,7,13
normal_316,0,15,0.10173078,0,0,0,3,0.4759991466999054,7,13
normal_316,0,20,0.09647297,0,0,0,3,0.4759991466999054,7,13
normal_316,0,25,0.06526562,0,0,0,3,0.4759991466999054,7,13
normal_316,0,30,0.045183767,0,0,0,3,0.4759991466999054,7,13
normal_316,0,35,0.073584065,0,0,0,3,0.4759991466999054,7,13
normal_316,0,40,0.04892714,0,0,0,3,0.4759991466999054,7,13
normal_319,0,0,0.100164175,0,0,0,3,0.4759991466999054,7,13
normal_319,0,5,0.04671916,0,0,0,3,0.4759991466999054,7,13
normal_319,0,10,0.04890004,0,0,0,3,0.4759991466999054,7,13
normal_319,0,15,0.06787144,0,0,0,3,0.4759991466999054,7,13
normal_319,0,20,0.050787874,0,0,0,3,0.4759991466999054,7,13
normal_330,0,0,0.06119601,0,0,0,3,0.4759991466999054,7,13
normal_330,0,5,0.049643595,0,0,0,3,0.4759991466999054,7,13
normal_330,0,10,0.17876978,0,0,0,3,0.4759991466999054,7,13
normal_330,0,15,0.07006426,0,0,0,3,0.4759991466999054,7,13
normal_330,0,20,0.041686818,0,0,0,3,0.4759991466999054,7,13
normal_330,0,25,0.05205099,0,0,0,3,0.4759991466999054,7,13
normal_330,0,30,0.14666028,0,0,0,3,0.4759991466999054,7,13
normal_330,0,35,0.039957777,0,0,0,3,0.4759991466999054,7,13
normal_330,0,40,0.047602225,0,0,0,3,0.4759991466999054,7,13
normal_335,0,0,0.04742401,0,0,0,3,0.4759991466999054,7,13
normal_335,0,5,0.04767434,0,0,0,3,0.4759991466999054,7,13
normal_335,0,10,0.093808524,0,0,0,3,0.4759991466999054,7,13
normal_335,0,15,0.06660669,0,0,0,3,0.4759991466999054,7,13
normal_335,0,20,0.03998366,0,0,0,3,0.4759991466999054,7,13
normal_335,0,25,0.07547708,0,0,0,3,0.4759991466999054,7,13
normal_335,0,30,0.28043997,0,0,0,3,0.4759991466999054,7,13
normal_335,0,35,0.049662035,0,0,0,3,0.4759991466999054,7,13
normal_335,0,40,0.06969302,0,0,0,3,0.4759991466999054,7,13
normal_336,0,0,0.09126464,0,0,0,3,0.4759991466999054,7,13
normal_336,0,5,0.04335635,0,0,0,3,0.4759991466999054,7,13
normal_336,0,10,0.056593463,0,0,0,3,0.4759991466999054,7,13
normal_336,0,15,0.1032796,0,0,0,3,0.4759991466999054,7,13
normal_336,0,20,0.04953618,0,0,0,3,0.4759991466999054,7,13
normal_336,0,25,0.044908486,0,0,0,3,0.4759991466999054,7,13
normal_336,0,30,0.09500048,0,0,0,3,0.4759991466999054,7,13
normal_336,0,35,0.06673557,0,0,0,3,0.4759991466999054,7,13
normal_342,0,0,0.08618406,0,0,0,3,0.4759991466999054,7,13
normal_342,0,5,0.04444204,0,0,0,3,0.4759991466999054,7,13
normal_342,0,10,0.046641942,0,0,0,3,0.4759991466999054,7,13
normal_342,0,15,0.10893773,0,0,0,3,0.4759991466999054,7,13
normal_342,0,20,0.060869105,0,0,0,3,0.4759991466999054,7,13
normal_342,0,25,0.047816038,0,0,0,3,0.4759991466999054,7,13
normal_342,0,30,0.06531871,0,0,0,3,0.4759991466999054,7,13
normal_342,0,35,0.08289667,0,0,0,3,0.4759991466999054,7,13
normal_342,0,40,0.043869782,0,0,0,3,0.4759991466999054,7,13
normal_345,0,0,0.06905178,0,0,0,3,0.4759991466999054,7,13
normal_345,0,5,0.07494829,0,0,0,3,0.4759991466999054,7,13
normal_345,0,10,0.045277428,0,0,0,3,0.4759991466999054,7,13
normal_348,0,0,0.07068299,0,0,0,3,0.4759991466999054,7,13
normal_348,0,5,0.04563319,0,0,0,3,0.4759991466999054,7,13
normal_348,0,10,0.06286132,0,0,0,3,0.4759991466999054,7,13
normal_348,0,15,0.1384576,0,0,0,3,0.4759991466999054,7,13
normal_348,0,20,0.04539775,0,0,0,3,0.4759991466999054,7,13
normal_348,0,25,0.064360976,0,0,0,3,0.4759991466999054,7,13
normal_348,0,30,0.26235798,0,0,0,3,0.4759991466999054,7,13
normal_348,0,35,0.049205948,0,0,0,3,0.4759991466999054,7,13
normal_348,0,40,0.044156022,0,0,0,3,0.4759991466999054,7,13
normal_350,0,0,0.045499977,0,0,0,3,0.4759991466999054,7,13
normal_350,0,5,0.047140367,0,0,0,3,0.4759991466999054,7,13
normal_350,0,10,0.08850276,0,0,0,3,0.4759991466999054,7,13
normal_350,0,15,0.052206136,0,0,0,3,0.4759991466999054,7,13
normal_350,0,20,0.043117575,0,0,0,3,0.4759991466999054,7,13
normal_350,0,25,0.058922283,0,0,0,3,0.4759991466999054,7,13
normal_350,0,30,0.08594519,0,0,0,3,0.4759991466999054,7,13
normal_357,0,0,0.051255792,0,0,0,3,0.4759991466999054,7,13
normal_357,0,5,0.069941364,0,0,0,3,0.4759991466999054,7,13
normal_357,0,10,0.044433013,0,0,0,3,0.4759991466999054,7,13
normal_357,0,15,0.046036553,0,0,0,3,0.4759991466999054,7,13
normal_357,0,20,0.15777718,0,0,0,3,0.4759991466999054,7,13
normal_362,0,0,0.554073,1,1,0,3,0.4759991466999054,7,13
normal_362,0,5,0.049768623,0,0,0,3,0.4759991466999054,7,13
normal_362,0,10,0.048392735,0,0,0,3,0.4759991466999054,7,13
normal_362,0,15,0.1044052,0,0,0,3,0.4759991466999054,7,13
normal_362,0,20,0.05286195,0,0,0,3,0.4759991466999054,7,13
normal_362,0,25,0.045501508,0,0,0,3,0.4759991466999054,7,13
normal_362,0,30,0.13671009,0,0,0,3,0.4759991466999054,7,13
normal_362,0,35,0.07793378,0,0,0,3,0.4759991466999054,7,13
normal_362,0,40,0.041656226,0,0,0,3,0.4759991466999054,7,13
normal_368,0,0,0.048022926,0,0,0,3,0.4759991466999054,7,13
normal_368,0,5,0.19014844,0,0,0,3,0.4759991466999054,7,13
normal_368,0,10,0.14591916,0,0,0,3,0.4759991466999054,7,13
normal_368,0,15,0.046878137,0,0,0,3,0.4759991466999054,7,13
normal_368,0,20,0.06711808,0,0,0,3,0.4759991466999054,7,13
normal_368,0,25,0.20476331,0,0,0,3,0.4759991466999054,7,13
normal_369,0,0,0.048261523,0,0,0,3,0.4759991466999054,7,13
normal_369,0,5,0.05007317,0,0,0,3,0.4759991466999054,7,13
normal_369,0,10,0.2176657,0,0,0,3,0.4759991466999054,7,13
normal_369,0,15,0.062147826,0,0,0,3,0.4759991466999054,7,13
normal_373,0,0,0.04193488,0,0,0,3,0.4759991466999054,7,13
normal_373,0,5,0.05883339,0,0,0,3,0.4759991466999054,7,13
normal_373,0,10,0.09280174,0,0,0,3,0.4759991466999054,7,13
normal_373,0,15,0.042683408,0,0,0,3,0.4759991466999054,7,13
normal_373,0,20,0.05497268,0,0,0,3,0.4759991466999054,7,13
normal_373,0,25,0.27528492,0,0,0,3,0.4759991466999054,7,13
normal_373,0,30,0.04917565,0,0,0,3,0.4759991466999054,7,13
normal_373,0,35,0.05072706,0,0,0,3,0.4759991466999054,7,13
normal_373,0,40,0.34963608,0,0,0,3,0.4759991466999054,7,13
normal_378,0,0,0.06717447,0,0,0,3,0.4759991466999054,7,13
normal_378,0,5,0.21364158,0,0,0,3,0.4759991466999054,7,13
normal_378,0,10,0.048120398,0,0,0,3,0.4759991466999054,7,13
normal_378,0,15,0.04472075,0,0,0,3,0.4759991466999054,7,13
normal_378,0,20,0.0678176,0,0,0,3,0.4759991466999054,7,13
normal_378,0,25,0.05341953,0,0,0,3,0.4759991466999054,7,13
normal_378,0,30,0.044478357,0,0,0,3,0.4759991466999054,7,13
normal_378,0,35,0.060476057,0,0,0,3,0.4759991466999054,7,13
normal_378,0,40,0.058605444,0,0,0,3,0.4759991466999054,7,13
normal_381,0,0,0.0486502,0,0,0,3,0.4759991466999054,7,13
normal_381,0,5,0.2682924,0,0,0,3,0.4759991466999054,7,13
normal_381,0,10,0.3816507,0,0,0,3,0.4759991466999054,7,13
normal_381,0,15,0.06872834,0,0,0,3,0.4759991466999054,7,13
normal_385,0,0,0.08705448,0,0,0,3,0.4759991466999054,7,13
normal_385,0,5,0.11219668,0,0,0,3,0.4759991466999054,7,13
normal_385,0,10,0.048839048,0,0,0,3,0.4759991466999054,7,13
normal_385,0,15,0.05336146,0,0,0,3,0.4759991466999054,7,13
normal_385,0,20,0.10471207,0,0,0,3,0.4759991466999054,7,13
normal_385,0,25,0.045184206,0,0,0,3,0.4759991466999054,7,13
normal_385,0,30,0.045120016,0,0,0,3,0.4759991466999054,7,13
normal_385,0,35,0.10337737,0,0,0,3,0.4759991466999054,7,13
normal_385,0,40,0.10939777,0,0,0,3,0.4759991466999054,7,13
normal_391,0,0,0.04603428,0,0,0,3,0.4759991466999054,7,13
normal_391,0,5,0.06638655,0,0,0,3,0.4759991466999054,7,13
normal_391,0,10,0.43870178,0,0,0,3,0.4759991466999054,7,13
normal_391,0,15,0.04962071,0,0,0,3,0.4759991466999054,7,13
normal_391,0,20,0.04769529,0,0,0,3,0.4759991466999054,7,13
normal_391,0,25,0.08731331,0,0,0,3,0.4759991466999054,7,13
normal_391,0,30,0.051096953,0,0,0,3,0.4759991466999054,7,13
normal_391,0,35,0.04169805,0,0,0,3,0.4759991466999054,7,13
normal_391,0,40,0.060745917,0,0,0,3,0.4759991466999054,7,13
normal_401,0,0,0.051755026,0,0,0,3,0.4759991466999054,7,13
normal_401,0,5,0.044884942,0,0,0,3,0.4759991466999054,7,13
normal_401,0,10,0.14661111,0,0,0,3,0.4759991466999054,7,13
normal_401,0,15,0.092677675,0,0,0,3,0.4759991466999054,7,13
normal_401,0,20,0.045731273,0,0,0,3,0.4759991466999054,7,13
normal_401,0,25,0.065848194,0,0,0,3,0.4759991466999054,7,13
normal_401,0,30,0.26804665,0,0,0,3,0.4759991466999054,7,13
normal_401,0,35,0.043073747,0,0,0,3,0.4759991466999054,7,13
normal_401,0,40,0.052733585,0,0,0,3,0.4759991466999054,7,13
normal_412,0,0,0.04509187,0,0,0,3,0.4759991466999054,7,13
normal_412,0,5,0.046589024,0,0,0,3,0.4759991466999054,7,13
normal_412,0,10,0.15983894,0,0,0,3,0.4759991466999054,7,13
normal_412,0,15,0.05300234,0,0,0,3,0.4759991466999054,7,13
normal_412,0,20,0.044468354,0,0,0,3,0.4759991466999054,7,13
normal_412,0,25,0.14804995,0,0,0,3,0.4759991466999054,7,13
normal_412,0,30,0.16069832,0,0,0,3,0.4759991466999054,7,13
normal_412,0,35,0.04951508,0,0,0,3,0.4759991466999054,7,13
normal_412,0,40,0.07688318,0,0,0,3,0.4759991466999054,7,13
normal_414,0,0,0.11800533,0,0,0,3,0.4759991466999054,7,13
normal_414,0,5,0.06186882,0,0,0,3,0.4759991466999054,7,13
normal_414,0,10,0.22542009,0,0,0,3,0.4759991466999054,7,13
normal_414,0,15,0.6176451,1,1,0,3,0.4759991466999054,7,13
normal_418,0,0,0.070710815,0,0,0,3,0.4759991466999054,7,13
normal_418,0,5,0.042757694,0,0,0,3,0.4759991466999054,7,13
normal_418,0,10,0.059624948,0,0,0,3,0.4759991466999054,7,13
normal_418,0,15,0.40006632,0,0,0,3,0.4759991466999054,7,13
normal_418,0,20,0.049400598,0,0,0,3,0.4759991466999054,7,13
normal_418,0,25,0.04701573,0,0,0,3,0.4759991466999054,7,13
normal_418,0,30,0.10890813,0,0,0,3,0.4759991466999054,7,13
normal_418,0,35,0.048748728,0,0,0,3,0.4759991466999054,7,13
normal_418,0,40,0.042754065,0,0,0,3,0.4759991466999054,7,13
normal_424,0,0,0.06884166,0,0,0,3,0.4759991466999054,7,13
normal_424,0,5,0.20445028,0,0,0,3,0.4759991466999054,7,13
normal_424,0,10,0.050142784,0,0,0,3,0.4759991466999054,7,13
normal_424,0,15,0.058708653,0,0,0,3,0.4759991466999054,7,13
normal_424,0,20,0.23975372,0,0,0,3,0.4759991466999054,7,13
normal_424,0,25,0.054110434,0,0,0,3,0.4759991466999054,7,13
normal_424,0,30,0.046055865,0,0,0,3,0.4759991466999054,7,13
normal_424,0,35,0.079022326,0,0,0,3,0.4759991466999054,7,13
normal_429,0,0,0.12435147,0,0,0,3,0.4759991466999054,7,13
normal_429,0,5,0.05514315,0,0,0,3,0.4759991466999054,7,13
normal_429,0,10,0.047185306,0,0,0,3,0.4759991466999054,7,13
normal_429,0,15,0.22529323,0,0,0,3,0.4759991466999054,7,13
normal_429,0,20,0.07021679,0,0,0,3,0.4759991466999054,7,13
normal_429,0,25,0.04743937,0,0,0,3,0.4759991466999054,7,13
normal_429,0,30,0.06771355,0,0,0,3,0.4759991466999054,7,13
normal_429,0,35,0.2811084,0,0,0,3,0.4759991466999054,7,13
normal_429,0,40,0.046192776,0,0,0,3,0.4759991466999054,7,13
normal_435,0,0,0.047517445,0,0,0,3,0.4759991466999054,7,13
normal_435,0,5,0.07982102,0,0,0,3,0.4759991466999054,7,13
normal_435,0,10,0.044014916,0,0,0,3,0.4759991466999054,7,13
normal_435,0,15,0.049116455,0,0,0,3,0.4759991466999054,7,13
normal_435,0,20,0.1611803,0,0,0,3,0.4759991466999054,7,13
normal_435,0,25,0.062031116,0,0,0,3,0.4759991466999054,7,13
normal_435,0,30,0.0448734,0,0,0,3,0.4759991466999054,7,13
normal_435,0,35,0.073986515,0,0,0,3,0.4759991466999054,7,13
normal_436,0,0,0.25078532,0,0,0,3,0.4759991466999054,7,13
normal_436,0,5,0.0731833,0,0,0,3,0.4759991466999054,7,13
normal_436,0,10,0.043969274,0,0,0,3,0.4759991466999054,7,13
normal_436,0,15,0.08173289,0,0,0,3,0.4759991466999054,7,13
normal_436,0,20,0.09331307,0,0,0,3,0.4759991466999054,7,13
normal_436,0,25,0.042565674,0,0,0,3,0.4759991466999054,7,13
normal_437,0,0,0.08153477,0,0,0,3,0.4759991466999054,7,13
normal_437,0,5,0.046473633,0,0,0,3,0.4759991466999054,7,13
normal_437,0,10,0.045163695,0,0,0,3,0.4759991466999054,7,13
normal_439,0,0,0.17207931,0,0,0,3,0.4759991466999054,7,13
normal_439,0,5,0.0699884,0,0,0,3,0.4759991466999054,7,13
normal_439,0,10,0.047494616,0,0,0,3,0.4759991466999054,7,13
normal_439,0,15,0.09116541,0,0,0,3,0.4759991466999054,7,13
normal_439,0,20,0.25098523,0,0,0,3,0.4759991466999054,7,13
normal_439,0,25,0.045433547,0,0,0,3,0.4759991466999054,7,13
normal_439,0,30,0.051315077,0,0,0,3,0.4759991466999054,7,13
normal_439,0,35,0.16840528,0,0,0,3,0.4759991466999054,7,13
normal_439,0,40,0.051232677,0,0,0,3,0.4759991466999054,7,13
normal_450,0,0,0.073391095,0,0,0,3,0.4759991466999054,7,13
normal_450,0,5,0.6397773,1,1,0,3,0.4759991466999054,7,13
normal_450,0,10,0.08865,0,0,0,3,0.4759991466999054,7,13
normal_450,0,15,0.047663096,0,0,0,3,0.4759991466999054,7,13
normal_450,0,20,0.33814865,0,0,0,3,0.4759991466999054,7,13
normal_450,0,25,0.18680789,0,0,0,3,0.4759991466999054,7,13
normal_450,0,30,0.043105084,0,0,0,3,0.4759991466999054,7,13
normal_450,0,35,0.061202854,0,0,0,3,0.4759991466999054,7,13
normal_450,0,40,0.12604943,0,0,0,3,0.4759991466999054,7,13
normal_458,0,0,0.09411469,0,0,0,3,0.4759991466999054,7,13
normal_458,0,5,0.050892785,0,0,0,3,0.4759991466999054,7,13
normal_458,0,10,0.0793116,0,0,0,3,0.4759991466999054,7,13
normal_458,0,15,0.11584345,0,0,0,3,0.4759991466999054,7,13
normal_465,0,0,0.051993184,0,0,0,3,0.4759991466999054,7,13
normal_465,0,5,0.049317934,0,0,0,3,0.4759991466999054,7,13
normal_465,0,10,0.11258484,0,0,0,3,0.4759991466999054,7,13
normal_468,0,0,0.05176426,0,0,0,3,0.4759991466999054,7,13
normal_468,0,5,0.16570114,0,0,0,3,0.4759991466999054,7,13
normal_468,0,10,0.05405493,0,0,0,3,0.4759991466999054,7,13
normal_468,0,15,0.04354481,0,0,0,3,0.4759991466999054,7,13
normal_468,0,20,0.062456414,0,0,0,3,0.4759991466999054,7,13
normal_468,0,25,0.077670455,0,0,0,3,0.4759991466999054,7,13
normal_468,0,30,0.041970633,0,0,0,3,0.4759991466999054,7,13
normal_468,0,35,0.066226296,0,0,0,3,0.4759991466999054,7,13
normal_474,0,0,0.054452606,0,0,0,3,0.4759991466999054,7,13
normal_474,0,5,0.042365365,0,0,0,3,0.4759991466999054,7,13
normal_474,0,10,0.053610805,0,0,0,3,0.4759991466999054,7,13
normal_474,0,15,0.06716779,0,0,0,3,0.4759991466999054,7,13
normal_474,0,20,0.04316476,0,0,0,3,0.4759991466999054,7,13
normal_474,0,25,0.04745852,0,0,0,3,0.4759991466999054,7,13
normal_474,0,30,0.094174325,0,0,0,3,0.4759991466999054,7,13
normal_474,0,35,0.046977524,0,0,0,3,0.4759991466999054,7,13
normal_474,0,40,0.045513924,0,0,0,3,0.4759991466999054,7,13
normal_476,0,0,0.06967939,0,0,0,3,0.4759991466999054,7,13
normal_476,0,5,0.04249966,0,0,0,3,0.4759991466999054,7,13
normal_476,0,10,0.046986107,0,0,0,3,0.4759991466999054,7,13
normal_476,0,15,0.075251296,0,0,0,3,0.4759991466999054,7,13
normal_478,0,0,0.059572287,0,0,0,3,0.4759991466999054,7,13
normal_478,0,5,0.064400926,0,0,0,3,0.4759991466999054,7,13
normal_478,0,10,0.04340228,0,0,0,3,0.4759991466999054,7,13
normal_478,0,15,0.05251649,0,0,0,3,0.4759991466999054,7,13
normal_478,0,20,0.08611,0,0,0,3,0.4759991466999054,7,13
normal_478,0,25,0.047185432,0,0,0,3,0.4759991466999054,7,13
normal_478,0,30,0.044699527,0,0,0,3,0.4759991466999054,7,13
normal_478,0,35,0.12920891,0,0,0,3,0.4759991466999054,7,13
normal_478,0,40,0.053036578,0,0,0,3,0.4759991466999054,7,13
normal_494,0,0,0.044542834,0,0,0,3,0.4759991466999054,7,13
normal_494,0,5,0.046169817,0,0,0,3,0.4759991466999054,7,13
normal_494,0,10,0.08084509,0,0,0,3,0.4759991466999054,7,13
normal_494,0,15,0.048491623,0,0,0,3,0.4759991466999054,7,13
normal_494,0,20,0.043633908,0,0,0,3,0.4759991466999054,7,13
normal_494,0,25,0.06318351,0,0,0,3,0.4759991466999054,7,13
normal_510,0,0,0.04868038,0,0,0,3,0.4759991466999054,7,13
normal_510,0,5,0.04466808,0,0,0,3,0.4759991466999054,7,13
normal_510,0,10,0.06830754,0,0,0,3,0.4759991466999054,7,13
normal_510,0,15,0.057634752,0,0,0,3,0.4759991466999054,7,13
normal_510,0,20,0.042372447,0,0,0,3,0.4759991466999054,7,13
normal_510,0,25,0.053532787,0,0,0,3,0.4759991466999054,7,13
normal_510,0,30,0.093695536,0,0,0,3,0.4759991466999054,7,13
normal_510,0,35,0.04366759,0,0,0,3,0.4759991466999054,7,13
normal_510,0,40,0.047037397,0,0,0,3,0.4759991466999054,7,13
normal_512,0,0,0.07336822,0,0,0,3,0.4759991466999054,7,13
normal_512,0,5,0.04581946,0,0,0,3,0.4759991466999054,7,13
normal_512,0,10,0.045853224,0,0,0,3,0.4759991466999054,7,13
normal_512,0,15,0.08465842,0,0,0,3,0.4759991466999054,7,13
normal_512,0,20,0.051770885,0,0,0,3,0.4759991466999054,7,13
normal_512,0,25,0.042584836,0,0,0,3,0.4759991466999054,7,13
normal_515,0,0,0.07909018,0,0,0,3,0.4759991466999054,7,13
normal_515,0,5,0.044412334,0,0,0,3,0.4759991466999054,7,13
normal_515,0,10,0.045493327,0,0,0,3,0.4759991466999054,7,13
normal_515,0,15,0.07654101,0,0,0,3,0.4759991466999054,7,13
normal_515,0,20,0.049957823,0,0,0,3,0.4759991466999054,7,13
normal_515,0,25,0.044188228,0,0,0,3,0.4759991466999054,7,13
normal_515,0,30,0.06531857,0,0,0,3,0.4759991466999054,7,13
normal_515,0,35,0.059922334,0,0,0,3,0.4759991466999054,7,13
normal_515,0,40,0.042929243,0,0,0,3,0.4759991466999054,7,13
normal_520,0,0,0.11052234,0,0,0,3,0.4759991466999054,7,13
normal_520,0,5,0.045812245,0,0,0,3,0.4759991466999054,7,13
normal_520,0,10,0.04770743,0,0,0,3,0.4759991466999054,7,13
normal_520,0,15,0.11470913,0,0,0,3,0.4759991466999054,7,13
normal_520,0,20,0.06834061,0,0,0,3,0.4759991466999054,7,13
normal_520,0,25,0.04368354,0,0,0,3,0.4759991466999054,7,13
normal_520,0,30,0.06698887,0,0,0,3,0.4759991466999054,7,13
normal_520,0,35,0.068469994,0,0,0,3,0.4759991466999054,7,13
normal_520,0,40,0.042974286,0,0,0,3,0.4759991466999054,7,13
normal_521,0,0,0.073003225,0,0,0,3,0.4759991466999054,7,13
normal_521,0,5,0.043362327,0,0,0,3,0.4759991466999054,7,13
normal_521,0,10,0.048101097,0,0,0,3,0.4759991466999054,7,13
normal_521,0,15,0.0756476,0,0,0,3,0.4759991466999054,7,13
normal_521,0,20,0.04499613,0,0,0,3,0.4759991466999054,7,13
normal_521,0,25,0.04442736,0,0,0,3,0.4759991466999054,7,13
normal_521,0,30,0.07597192,0,0,0,3,0.4759991466999054,7,13
normal_521,0,35,0.065539055,0,0,0,3,0.4759991466999054,7,13
normal_521,0,40,0.043295104,0,0,0,3,0.4759991466999054,7,13
normal_522,0,0,0.057595983,0,0,0,3,0.4759991466999054,7,13
normal_522,0,5,0.042685237,0,0,0,3,0.4759991466999054,7,13
normal_522,0,10,0.049732376,0,0,0,3,0.4759991466999054,7,13
normal_522,0,15,0.07666264,0,0,0,3,0.4759991466999054,7,13
normal_522,0,20,0.045485865,0,0,0,3,0.4759991466999054,7,13
normal_522,0,25,0.04481312,0,0,0,3,0.4759991466999054,7,13
normal_528,0,0,0.09345547,0,0,0,3,0.4759991466999054,7,13
normal_528,0,5,0.049256213,0,0,0,3,0.4759991466999054,7,13
normal_528,0,10,0.045156788,0,0,0,3,0.4759991466999054,7,13
normal_528,0,15,0.068340294,0,0,0,3,0.4759991466999054,7,13
normal_528,0,20,0.05335843,0,0,0,3,0.4759991466999054,7,13
normal_528,0,25,0.04331353,0,0,0,3,0.4759991466999054,7,13
normal_533,0,0,0.048508875,0,0,0,3,0.4759991466999054,7,13
normal_533,0,5,0.043183066,0,0,0,3,0.4759991466999054,7,13
normal_533,0,10,0.058688946,0,0,0,3,0.4759991466999054,7,13
normal_533,0,15,0.064510636,0,0,0,3,0.4759991466999054,7,13
normal_533,0,20,0.042176325,0,0,0,3,0.4759991466999054,7,13
normal_533,0,25,0.049971797,0,0,0,3,0.4759991466999054,7,13
normal_533,0,30,0.06626771,0,0,0,3,0.4759991466999054,7,13
normal_533,0,35,0.042539366,0,0,0,3,0.4759991466999054,7,13
normal_533,0,40,0.04540414,0,0,0,3,0.4759991466999054,7,13
normal_546,0,0,0.044418424,0,0,0,3,0.4759991466999054,7,13
normal_546,0,5,0.063488886,0,0,0,3,0.4759991466999054,7,13
normal_546,0,10,0.05061496,0,0,0,3,0.4759991466999054,7,13
normal_553,0,0,0.04210166,0,0,0,3,0.4759991466999054,7,13
normal_553,0,5,0.053283162,0,0,0,3,0.4759991466999054,7,13
normal_553,0,10,0.07258459,0,0,0,3,0.4759991466999054,7,13
normal_553,0,15,0.042847846,0,0,0,3,0.4759991466999054,7,13
normal_553,0,20,0.04767893,0,0,0,3,0.4759991466999054,7,13
normal_565,0,0,0.05156708,0,0,0,3,0.4759991466999054,7,13
normal_565,0,5,0.045926508,0,0,0,3,0.4759991466999054,7,13
normal_565,0,10,0.062019907,0,0,0,3,0.4759991466999054,7,13
normal_565,0,15,0.082425244,0,0,0,3,0.4759991466999054,7,13
normal_565,0,20,0.040239386,0,0,0,3,0.4759991466999054,7,13
normal_578,0,0,0.06999122,0,0,0,3,0.4759991466999054,7,13
normal_578,0,5,0.049758364,0,0,0,3,0.4759991466999054,7,13
normal_578,0,10,0.07498797,0,0,0,3,0.4759991466999054,7,13
normal_578,0,15,0.05855967,0,0,0,3,0.4759991466999054,7,13
normal_578,0,20,0.048004944,0,0,0,3,0.4759991466999054,7,13
normal_578,0,25,0.05702729,0,0,0,3,0.4759991466999054,7,13
normal_582,0,0,0.11363768,0,0,0,3,0.4759991466999054,7,13
normal_582,0,5,0.055953335,0,0,0,3,0.4759991466999054,7,13
normal_582,0,10,0.044476632,0,0,0,3,0.4759991466999054,7,13
normal_582,0,15,0.064593695,0,0,0,3,0.4759991466999054,7,13
normal_582,0,20,0.07166859,0,0,0,3,0.4759991466999054,7,13
normal_582,0,25,0.042465724,0,0,0,3,0.4759991466999054,7,13
normal_582,0,30,0.05014133,0,0,0,3,0.4759991466999054,7,13
normal_582,0,35,0.099468626,0,0,0,3,0.4759991466999054,7,13
normal_582,0,40,0.04602606,0,0,0,3,0.4759991466999054,7,13
normal_584,0,0,0.043604046,0,0,0,3,0.4759991466999054,7,13
normal_584,0,5,0.048934992,0,0,0,3,0.4759991466999054,7,13
normal_584,0,10,0.21889481,0,0,0,3,0.4759991466999054,7,13
normal_584,0,15,0.044788115,0,0,0,3,0.4759991466999054,7,13
normal_584,0,20,0.044260662,0,0,0,3,0.4759991466999054,7,13
normal_584,0,25,0.19043876,0,0,0,3,0.4759991466999054,7,13
anomaly_2,1,0,0.8011791,1,1,0,3,0.4759991466999054,7,13
anomaly_2,1,5,0.94030124,1,2,0,3,0.4759991466999054,7,13
anomaly_2,1,10,0.93666625,1,3,0,3,0.4759991466999054,7,13
anomaly_2,1,15,0.9464953,1,4,0,3,0.4759991466999054,7,13
anomaly_2,1,20,0.86105084,1,5,0,3,0.4759991466999054,7,13
anomaly_2,1,25,0.14259021,0,0,0,3,0.4759991466999054,7,13
anomaly_2,1,30,0.09832186,0,0,0,3,0.4759991466999054,7,13
anomaly_2,1,35,0.8312554,1,1,0,3,0.4759991466999054,7,13
anomaly_2,1,40,0.82825166,1,2,0,3,0.4759991466999054,7,13
anomaly_4,1,0,0.5513062,1,1,0,3,0.4759991466999054,7,13
anomaly_4,1,5,0.7723467,1,2,0,3,0.4759991466999054,7,13
anomaly_4,1,10,0.7826985,1,3,0,3,0.4759991466999054,7,13
anomaly_4,1,15,0.7558575,1,4,0,3,0.4759991466999054,7,13
anomaly_4,1,20,0.61452705,1,5,0,3,0.4759991466999054,7,13
anomaly_16,1,0,0.057703387,0,0,0,3,0.4759991466999054,7,13
anomaly_16,1,5,0.057106346,0,0,0,3,0.4759991466999054,7,13
anomaly_16,1,10,0.13275346,0,0,0,3,0.4759991466999054,7,13
anomaly_16,1,15,0.4835383,1,1,0,3,0.4759991466999054,7,13
anomaly_16,1,20,0.55091023,1,2,0,3,0.4759991466999054,7,13
anomaly_16,1,25,0.69401705,1,3,0,3,0.4759991466999054,7,13
anomaly_16,1,30,0.94130635,1,4,0,3,0.4759991466999054,7,13
anomaly_16,1,35,0.93390155,1,5,0,3,0.4759991466999054,7,13
anomaly_16,1,40,0.95855665,1,6,0,3,0.4759991466999054,7,13
normal_7,0,0,0.1815199,0,0,0,4,0.5289758443832397,5,9
normal_7,0,5,0.030985463,0,0,0,4,0.5289758443832397,5,9
normal_7,0,10,0.07060388,0,0,0,4,0.5289758443832397,5,9
normal_7,0,15,0.0791061,0,0,0,4,0.5289758443832397,5,9
normal_7,0,20,0.045799267,0,0,0,4,0.5289758443832397,5,9
normal_7,0,25,0.02660691,0,0,0,4,0.5289758443832397,5,9
normal_7,0,30,0.093043424,0,0,0,4,0.5289758443832397,5,9
normal_7,0,35,0.22229151,0,0,0,4,0.5289758443832397,5,9
normal_7,0,40,0.06132514,0,0,0,4,0.5289758443832397,5,9
normal_17,0,0,0.033719514,0,0,0,4,0.5289758443832397,5,9
normal_17,0,5,0.12781958,0,0,0,4,0.5289758443832397,5,9
normal_17,0,10,0.055086467,0,0,0,4,0.5289758443832397,5,9
normal_17,0,15,0.047475096,0,0,0,4,0.5289758443832397,5,9
normal_17,0,20,0.08175515,0,0,0,4,0.5289758443832397,5,9
normal_17,0,25,0.027866155,0,0,0,4,0.5289758443832397,5,9
normal_17,0,30,0.01999563,0,0,0,4,0.5289758443832397,5,9
normal_17,0,35,0.04793538,0,0,0,4,0.5289758443832397,5,9
normal_17,0,40,0.050171606,0,0,0,4,0.5289758443832397,5,9
normal_28,0,0,0.08858916,0,0,0,4,0.5289758443832397,5,9
normal_28,0,5,0.0235272,0,0,0,4,0.5289758443832397,5,9
normal_28,0,10,0.027352653,0,0,0,4,0.5289758443832397,5,9
normal_28,0,15,0.0767083,0,0,0,4,0.5289758443832397,5,9
normal_28,0,20,0.024357451,0,0,0,4,0.5289758443832397,5,9
normal_28,0,25,0.022528114,0,0,0,4,0.5289758443832397,5,9
normal_28,0,30,0.04994042,0,0,0,4,0.5289758443832397,5,9
normal_28,0,35,0.03420438,0,0,0,4,0.5289758443832397,5,9
normal_28,0,40,0.022247521,0,0,0,4,0.5289758443832397,5,9
normal_31,0,0,0.031962574,0,0,0,4,0.5289758443832397,5,9
normal_31,0,5,0.013409335,0,0,0,4,0.5289758443832397,5,9
normal_31,0,10,0.030656,0,0,0,4,0.5289758443832397,5,9
normal_31,0,15,0.06561067,0,0,0,4,0.5289758443832397,5,9
normal_34,0,0,0.14531012,0,0,0,4,0.5289758443832397,5,9
normal_34,0,5,0.21895872,0,0,0,4,0.5289758443832397,5,9
normal_34,0,10,0.023374913,0,0,0,4,0.5289758443832397,5,9
normal_34,0,15,0.11220139,0,0,0,4,0.5289758443832397,5,9
normal_34,0,20,0.03026142,0,0,0,4,0.5289758443832397,5,9
normal_34,0,25,0.019404612,0,0,0,4,0.5289758443832397,5,9
normal_34,0,30,0.10625196,0,0,0,4,0.5289758443832397,5,9
normal_34,0,35,0.5545094,1,1,0,4,0.5289758443832397,5,9
normal_34,0,40,0.2605539,0,0,0,4,0.5289758443832397,5,9
normal_52,0,0,0.031851687,0,0,0,4,0.5289758443832397,5,9
normal_52,0,5,0.04785241,0,0,0,4,0.5289758443832397,5,9
normal_52,0,10,0.0377059,0,0,0,4,0.5289758443832397,5,9
normal_52,0,15,0.027656673,0,0,0,4,0.5289758443832397,5,9
normal_52,0,20,0.042531803,0,0,0,4,0.5289758443832397,5,9
normal_52,0,25,0.046332255,0,0,0,4,0.5289758443832397,5,9
normal_52,0,30,0.0241194,0,0,0,4,0.5289758443832397,5,9
normal_52,0,35,0.03180732,0,0,0,4,0.5289758443832397,5,9
normal_52,0,40,0.22495057,0,0,0,4,0.5289758443832397,5,9
normal_59,0,0,0.051529367,0,0,0,4,0.5289758443832397,5,9
normal_59,0,5,0.03457247,0,0,0,4,0.5289758443832397,5,9
normal_59,0,10,0.018845472,0,0,0,4,0.5289758443832397,5,9
normal_59,0,15,0.035450205,0,0,0,4,0.5289758443832397,5,9
normal_59,0,20,0.109575115,0,0,0,4,0.5289758443832397,5,9
normal_59,0,25,0.027967328,0,0,0,4,0.5289758443832397,5,9
normal_59,0,30,0.020996528,0,0,0,4,0.5289758443832397,5,9
normal_59,0,35,0.051641893,0,0,0,4,0.5289758443832397,5,9
normal_59,0,40,0.028011907,0,0,0,4,0.5289758443832397,5,9
normal_61,0,0,0.021634294,0,0,0,4,0.5289758443832397,5,9
normal_61,0,5,0.07957833,0,0,0,4,0.5289758443832397,5,9
normal_61,0,10,0.06635302,0,0,0,4,0.5289758443832397,5,9
normal_61,0,15,0.025548035,0,0,0,4,0.5289758443832397,5,9
normal_61,0,20,0.106411085,0,0,0,4,0.5289758443832397,5,9
normal_61,0,25,0.40324938,0,0,0,4,0.5289758443832397,5,9
normal_61,0,30,0.03486237,0,0,0,4,0.5289758443832397,5,9
normal_61,0,35,0.027221989,0,0,0,4,0.5289758443832397,5,9
normal_61,0,40,0.12490271,0,0,0,4,0.5289758443832397,5,9
normal_66,0,0,0.03355972,0,0,0,4,0.5289758443832397,5,9
normal_66,0,5,0.05658143,0,0,0,4,0.5289758443832397,5,9
normal_66,0,10,0.031572305,0,0,0,4,0.5289758443832397,5,9
normal_66,0,15,0.028184487,0,0,0,4,0.5289758443832397,5,9
normal_66,0,20,0.12816595,0,0,0,4,0.5289758443832397,5,9
normal_66,0,25,0.023769652,0,0,0,4,0.5289758443832397,5,9
normal_66,0,30,0.020206295,0,0,0,4,0.5289758443832397,5,9
normal_66,0,35,0.15680248,0,0,0,4,0.5289758443832397,5,9
normal_66,0,40,0.03228705,0,0,0,4,0.5289758443832397,5,9
normal_69,0,0,0.016504042,0,0,0,4,0.5289758443832397,5,9
normal_69,0,5,0.05958391,0,0,0,4,0.5289758443832397,5,9
normal_69,0,10,0.04113861,0,0,0,4,0.5289758443832397,5,9
normal_69,0,15,0.017931722,0,0,0,4,0.5289758443832397,5,9
normal_69,0,20,0.06507687,0,0,0,4,0.5289758443832397,5,9
normal_69,0,25,0.23281625,0,0,0,4,0.5289758443832397,5,9
normal_69,0,30,0.029987074,0,0,0,4,0.5289758443832397,5,9
normal_69,0,35,0.107837506,0,0,0,4,0.5289758443832397,5,9
normal_69,0,40,0.11055187,0,0,0,4,0.5289758443832397,5,9
normal_70,0,0,0.01804297,0,0,0,4,0.5289758443832397,5,9
normal_70,0,5,0.03436522,0,0,0,4,0.5289758443832397,5,9
normal_70,0,10,0.05282347,0,0,0,4,0.5289758443832397,5,9
normal_70,0,15,0.024062486,0,0,0,4,0.5289758443832397,5,9
normal_70,0,20,0.030157382,0,0,0,4,0.5289758443832397,5,9
normal_70,0,25,0.04683348,0,0,0,4,0.5289758443832397,5,9
normal_70,0,30,0.022283677,0,0,0,4,0.5289758443832397,5,9
normal_70,0,35,0.019931601,0,0,0,4,0.5289758443832397,5,9
normal_70,0,40,0.08522086,0,0,0,4,0.5289758443832397,5,9
normal_72,0,0,0.077088445,0,0,0,4,0.5289758443832397,5,9
normal_72,0,5,0.025644036,0,0,0,4,0.5289758443832397,5,9
normal_72,0,10,0.018182931,0,0,0,4,0.5289758443832397,5,9
normal_72,0,15,0.04828429,0,0,0,4,0.5289758443832397,5,9
normal_72,0,20,0.044507463,0,0,0,4,0.5289758443832397,5,9
normal_72,0,25,0.018143713,0,0,0,4,0.5289758443832397,5,9
normal_72,0,30,0.02490304,0,0,0,4,0.5289758443832397,5,9
normal_72,0,35,0.0740483,0,0,0,4,0.5289758443832397,5,9
normal_72,0,40,0.015303588,0,0,0,4,0.5289758443832397,5,9
normal_73,0,0,0.0524118,0,0,0,4,0.5289758443832397,5,9
normal_73,0,5,0.0389852,0,0,0,4,0.5289758443832397,5,9
normal_73,0,10,0.018223876,0,0,0,4,0.5289758443832397,5,9
normal_73,0,15,0.03463599,0,0,0,4,0.5289758443832397,5,9
normal_73,0,20,0.07055452,0,0,0,4,0.5289758443832397,5,9
normal_73,0,25,0.018594218,0,0,0,4,0.5289758443832397,5,9
normal_73,0,30,0.027829764,0,0,0,4,0.5289758443832397,5,9
normal_73,0,35,0.048438773,0,0,0,4,0.5289758443832397,5,9
normal_73,0,40,0.022092557,0,0,0,4,0.5289758443832397,5,9
normal_76,0,0,0.063148566,0,0,0,4,0.5289758443832397,5,9
normal_76,0,5,0.056730688,0,0,0,4,0.5289758443832397,5,9
normal_76,0,10,0.029494936,0,0,0,4,0.5289758443832397,5,9
normal_76,0,15,0.05778111,0,0,0,4,0.5289758443832397,5,9
normal_76,0,20,0.24368921,0,0,0,4,0.5289758443832397,5,9
normal_76,0,25,0.034598645,0,0,0,4,0.5289758443832397,5,9
normal_76,0,30,0.11538612,0,0,0,4,0.5289758443832397,5,9
normal_76,0,35,0.20404291,0,0,0,4,0.5289758443832397,5,9
normal_76,0,40,0.04651095,0,0,0,4,0.5289758443832397,5,9
normal_81,0,0,0.056816444,0,0,0,4,0.5289758443832397,5,9
normal_81,0,5,0.023901626,0,0,0,4,0.5289758443832397,5,9
normal_81,0,10,0.025283474,0,0,0,4,0.5289758443832397,5,9
normal_81,0,15,0.07504513,0,0,0,4,0.5289758443832397,5,9
normal_81,0,20,0.032211635,0,0,0,4,0.5289758443832397,5,9
normal_81,0,25,0.022289148,0,0,0,4,0.5289758443832397,5,9
normal_81,0,30,0.04883279,0,0,0,4,0.5289758443832397,5,9
normal_82,0,0,0.020745885,0,0,0,4,0.5289758443832397,5,9
normal_82,0,5,0.026505338,0,0,0,4,0.5289758443832397,5,9
normal_82,0,10,0.1387195,0,0,0,4,0.5289758443832397,5,9
normal_82,0,15,0.023380563,0,0,0,4,0.5289758443832397,5,9
normal_82,0,20,0.020770239,0,0,0,4,0.5289758443832397,5,9
normal_92,0,0,0.099254236,0,0,0,4,0.5289758443832397,5,9
normal_92,0,5,0.07842669,0,0,0,4,0.5289758443832397,5,9
normal_92,0,10,0.021272363,0,0,0,4,0.5289758443832397,5,9
normal_92,0,15,0.029173201,0,0,0,4,0.5289758443832397,5,9
normal_92,0,20,0.12132855,0,0,0,4,0.5289758443832397,5,9
normal_92,0,25,0.08684645,0,0,0,4,0.5289758443832397,5,9
normal_97,0,0,0.017607449,0,0,0,4,0.5289758443832397,5,9
normal_97,0,5,0.034078788,0,0,0,4,0.5289758443832397,5,9
normal_97,0,10,0.039090253,0,0,0,4,0.5289758443832397,5,9
normal_97,0,15,0.0197936,0,0,0,4,0.5289758443832397,5,9
normal_97,0,20,0.032535937,0,0,0,4,0.5289758443832397,5,9
normal_97,0,25,0.0714505,0,0,0,4,0.5289758443832397,5,9
normal_98,0,0,0.022869937,0,0,0,4,0.5289758443832397,5,9
normal_98,0,5,0.2908914,0,0,0,4,0.5289758443832397,5,9
normal_98,0,10,0.09563194,0,0,0,4,0.5289758443832397,5,9
normal_98,0,15,0.0169786,0,0,0,4,0.5289758443832397,5,9
normal_104,0,0,0.061935373,0,0,0,4,0.5289758443832397,5,9
normal_104,0,5,0.03495839,0,0,0,4,0.5289758443832397,5,9
normal_104,0,10,0.06085876,0,0,0,4,0.5289758443832397,5,9
normal_104,0,15,0.57209903,1,1,0,4,0.5289758443832397,5,9
normal_104,0,20,0.21574734,0,0,0,4,0.5289758443832397,5,9
normal_106,0,0,0.2926477,0,0,0,4,0.5289758443832397,5,9
normal_106,0,5,0.027467826,0,0,0,4,0.5289758443832397,5,9
normal_106,0,10,0.02932705,0,0,0,4,0.5289758443832397,5,9
normal_109,0,0,0.017724017,0,0,0,4,0.5289758443832397,5,9
normal_109,0,5,0.037881937,0,0,0,4,0.5289758443832397,5,9
normal_109,0,10,0.017995333,0,0,0,4,0.5289758443832397,5,9
normal_109,0,15,0.020706166,0,0,0,4,0.5289758443832397,5,9
normal_109,0,20,0.058900014,0,0,0,4,0.5289758443832397,5,9
normal_109,0,25,0.028262967,0,0,0,4,0.5289758443832397,5,9
normal_109,0,30,0.01799776,0,0,0,4,0.5289758443832397,5,9
normal_109,0,35,0.03785464,0,0,0,4,0.5289758443832397,5,9
normal_109,0,40,0.10626028,0,0,0,4,0.5289758443832397,5,9
normal_111,0,0,0.07061321,0,0,0,4,0.5289758443832397,5,9
normal_111,0,5,0.078164935,0,0,0,4,0.5289758443832397,5,9
normal_111,0,10,0.047627103,0,0,0,4,0.5289758443832397,5,9
normal_117,0,0,0.12018538,0,0,0,4,0.5289758443832397,5,9
normal_117,0,5,0.03725541,0,0,0,4,0.5289758443832397,5,9
normal_117,0,10,0.015641512,0,0,0,4,0.5289758443832397,5,9
normal_117,0,15,0.059866287,0,0,0,4,0.5289758443832397,5,9
normal_127,0,0,0.018928612,0,0,0,4,0.5289758443832397,5,9
normal_127,0,5,0.057272162,0,0,0,4,0.5289758443832397,5,9
normal_127,0,10,0.035043817,0,0,0,4,0.5289758443832397,5,9
normal_127,0,15,0.018792791,0,0,0,4,0.5289758443832397,5,9
normal_127,0,20,0.061304193,0,0,0,4,0.5289758443832397,5,9
normal_127,0,25,0.08818,0,0,0,4,0.5289758443832397,5,9
normal_127,0,30,0.021743018,0,0,0,4,0.5289758443832397,5,9
normal_127,0,35,0.021756882,0,0,0,4,0.5289758443832397,5,9
normal_127,0,40,0.0460686,0,0,0,4,0.5289758443832397,5,9
normal_129,0,0,0.09463947,0,0,0,4,0.5289758443832397,5,9
normal_129,0,5,0.021076826,0,0,0,4,0.5289758443832397,5,9
normal_129,0,10,0.018232776,0,0,0,4,0.5289758443832397,5,9
normal_129,0,15,0.06003637,0,0,0,4,0.5289758443832397,5,9
normal_129,0,20,0.034488764,0,0,0,4,0.5289758443832397,5,9
normal_129,0,25,0.0138571765,0,0,0,4,0.5289758443832397,5,9
normal_132,0,0,0.055649493,0,0,0,4,0.5289758443832397,5,9
normal_132,0,5,0.03374257,0,0,0,4,0.5289758443832397,5,9
normal_132,0,10,0.017749297,0,0,0,4,0.5289758443832397,5,9
normal_132,0,15,0.036689717,0,0,0,4,0.5289758443832397,5,9
normal_132,0,20,0.037391342,0,0,0,4,0.5289758443832397,5,9
normal_132,0,25,0.019903937,0,0,0,4,0.5289758443832397,5,9
normal_132,0,30,0.05609401,0,0,0,4,0.5289758443832397,5,9
normal_132,0,35,0.08151095,0,0,0,4,0.5289758443832397,5,9
normal_132,0,40,0.022140428,0,0,0,4,0.5289758443832397,5,9
normal_133,0,0,0.0820203,0,0,0,4,0.5289758443832397,5,9
normal_133,0,5,0.01641941,0,0,0,4,0.5289758443832397,5,9
normal_133,0,10,0.021590449,0,0,0,4,0.5289758443832397,5,9
normal_133,0,15,0.087516434,0,0,0,4,0.5289758443832397,5,9
normal_133,0,20,0.043829996,0,0,0,4,0.5289758443832397,5,9
normal_133,0,25,0.024761826,0,0,0,4,0.5289758443832397,5,9
normal_133,0,30,0.08362638,0,0,0,4,0.5289758443832397,5,9
normal_133,0,35,0.033917822,0,0,0,4,0.5289758443832397,5,9
normal_134,0,0,0.017209034,0,0,0,4,0.5289758443832397,5,9
normal_134,0,5,0.0527755,0,0,0,4,0.5289758443832397,5,9
normal_134,0,10,0.02568593,0,0,0,4,0.5289758443832397,5,9
normal_134,0,15,0.0155124115,0,0,0,4,0.5289758443832397,5,9
normal_134,0,20,0.068875216,0,0,0,4,0.5289758443832397,5,9
normal_134,0,25,0.18821195,0,0,0,4,0.5289758443832397,5,9
normal_137,0,0,0.08649716,0,0,0,4,0.5289758443832397,5,9
normal_137,0,5,0.023526119,0,0,0,4,0.5289758443832397,5,9
normal_137,0,10,0.032224387,0,0,0,4,0.5289758443832397,5,9
normal_137,0,15,0.09258828,0,0,0,4,0.5289758443832397,5,9
normal_137,0,20,0.020866819,0,0,0,4,0.5289758443832397,5,9
normal_137,0,25,0.02162264,0,0,0,4,0.5289758443832397,5,9
normal_137,0,30,0.088180594,0,0,0,4,0.5289758443832397,5,9
normal_137,0,35,0.033139825,0,0,0,4,0.5289758443832397,5,9
normal_137,0,40,0.024521343,0,0,0,4,0.5289758443832397,5,9
normal_140,0,0,0.05965473,0,0,0,4,0.5289758443832397,5,9
normal_140,0,5,0.04601659,0,0,0,4,0.5289758443832397,5,9
normal_140,0,10,0.01778074,0,0,0,4,0.5289758443832397,5,9
normal_140,0,15,0.040367812,0,0,0,4,0.5289758443832397,5,9
normal_140,0,20,0.05180452,0,0,0,4,0.5289758443832397,5,9
normal_140,0,25,0.020745667,0,0,0,4,0.5289758443832397,5,9
normal_155,0,0,0.032749705,0,0,0,4,0.5289758443832397,5,9
normal_155,0,5,0.018642252,0,0,0,4,0.5289758443832397,5,9
normal_155,0,10,0.0451289,0,0,0,4,0.5289758443832397,5,9
normal_155,0,15,0.027682748,0,0,0,4,0.5289758443832397,5,9
normal_155,0,20,0.021923553,0,0,0,4,0.5289758443832397,5,9
normal_155,0,25,0.06480971,0,0,0,4,0.5289758443832397,5,9
normal_155,0,30,0.0905064,0,0,0,4,0.5289758443832397,5,9
normal_155,0,35,0.018567706,0,0,0,4,0.5289758443832397,5,9
normal_156,0,0,0.014414364,0,0,0,4,0.5289758443832397,5,9
normal_156,0,5,0.059174005,0,0,0,4,0.5289758443832397,5,9
normal_156,0,10,0.06094633,0,0,0,4,0.5289758443832397,5,9
normal_156,0,15,0.01718853,0,0,0,4,0.5289758443832397,5,9
normal_156,0,20,0.03651753,0,0,0,4,0.5289758443832397,5,9
normal_165,0,0,0.13582508,0,0,0,4,0.5289758443832397,5,9
normal_165,0,5,0.03271104,0,0,0,4,0.5289758443832397,5,9
normal_165,0,10,0.046370044,0,0,0,4,0.5289758443832397,5,9
normal_165,0,15,0.60763824,1,1,0,4,0.5289758443832397,5,9
normal_165,0,20,0.033477698,0,0,0,4,0.5289758443832397,5,9
normal_165,0,25,0.12073194,0,0,0,4,0.5289758443832397,5,9
normal_165,0,30,0.07025549,0,0,0,4,0.5289758443832397,5,9
normal_165,0,35,0.073119484,0,0,0,4,0.5289758443832397,5,9
normal_165,0,40,0.050283495,0,0,0,4,0.5289758443832397,5,9
normal_170,0,0,0.13762422,0,0,0,4,0.5289758443832397,5,9
normal_170,0,5,0.030301588,0,0,0,4,0.5289758443832397,5,9
normal_170,0,10,0.042525455,0,0,0,4,0.5289758443832397,5,9
normal_170,0,15,0.06737375,0,0,0,4,0.5289758443832397,5,9
normal_170,0,20,0.02003819,0,0,0,4,0.5289758443832397,5,9
normal_170,0,25,0.02783297,0,0,0,4,0.5289758443832397,5,9
normal_170,0,30,0.2966647,0,0,0,4,0.5289758443832397,5,9
normal_170,0,35,0.09532588,0,0,0,4,0.5289758443832397,5,9
normal_170,0,40,0.10612679,0,0,0,4,0.5289758443832397,5,9
normal_180,0,0,0.022537576,0,0,0,4,0.5289758443832397,5,9
normal_180,0,5,0.020733379,0,0,0,4,0.5289758443832397,5,9
normal_180,0,10,0.086775646,0,0,0,4,0.5289758443832397,5,9
normal_184,0,0,0.042165212,0,0,0,4,0.5289758443832397,5,9
normal_184,0,5,0.04569596,0,0,0,4,0.5289758443832397,5,9
normal_184,0,10,0.01962615,0,0,0,4,0.5289758443832397,5,9
normal_184,0,15,0.02961074,0,0,0,4,0.5289758443832397,5,9
normal_184,0,20,0.06650103,0,0,0,4,0.5289758443832397,5,9
normal_194,0,0,0.034421854,0,0,0,4,0.5289758443832397,5,9
normal_194,0,5,0.01895651,0,0,0,4,0.5289758443832397,5,9
normal_194,0,10,0.017538102,0,0,0,4,0.5289758443832397,5,9
normal_194,0,15,0.051638797,0,0,0,4,0.5289758443832397,5,9
normal_194,0,20,0.019198185,0,0,0,4,0.5289758443832397,5,9
normal_194,0,25,0.015717587,0,0,0,4,0.5289758443832397,5,9
normal_194,0,30,0.047611985,0,0,0,4,0.5289758443832397,5,9
normal_194,0,35,0.055752095,0,0,0,4,0.5289758443832397,5,9
normal_194,0,40,0.021136496,0,0,0,4,0.5289758443832397,5,9
normal_201,0,0,0.05006508,0,0,0,4,0.5289758443832397,5,9
normal_201,0,5,0.018694188,0,0,0,4,0.5289758443832397,5,9
normal_201,0,10,0.028783128,0,0,0,4,0.5289758443832397,5,9
normal_201,0,15,0.05528221,0,0,0,4,0.5289758443832397,5,9
normal_201,0,20,0.02137388,0,0,0,4,0.5289758443832397,5,9
normal_222,0,0,0.022315858,0,0,0,4,0.5289758443832397,5,9
normal_222,0,5,0.015962979,0,0,0,4,0.5289758443832397,5,9
normal_222,0,10,0.04770356,0,0,0,4,0.5289758443832397,5,9
normal_222,0,15,0.02690756,0,0,0,4,0.5289758443832397,5,9
normal_222,0,20,0.019048886,0,0,0,4,0.5289758443832397,5,9
normal_222,0,25,0.0213119,0,0,0,4,0.5289758443832397,5,9
normal_222,0,30,0.05628461,0,0,0,4,0.5289758443832397,5,9
normal_222,0,35,0.026362762,0,0,0,4,0.5289758443832397,5,9
normal_222,0,40,0.014946003,0,0,0,4,0.5289758443832397,5,9
normal_230,0,0,0.023512106,0,0,0,4,0.5289758443832397,5,9
normal_230,0,5,0.06046062,0,0,0,4,0.5289758443832397,5,9
normal_230,0,10,0.02132515,0,0,0,4,0.5289758443832397,5,9
normal_230,0,15,0.018790636,0,0,0,4,0.5289758443832397,5,9
normal_230,0,20,0.051272452,0,0,0,4,0.5289758443832397,5,9
normal_230,0,25,0.0384666,0,0,0,4,0.5289758443832397,5,9
normal_230,0,30,0.016398525,0,0,0,4,0.5289758443832397,5,9
normal_234,0,0,0.021051807,0,0,0,4,0.5289758443832397,5,9
normal_234,0,5,0.05641984,0,0,0,4,0.5289758443832397,5,9
normal_234,0,10,0.03871966,0,0,0,4,0.5289758443832397,5,9
normal_234,0,15,0.018660272,0,0,0,4,0.5289758443832397,5,9
normal_234,0,20,0.040734988,0,0,0,4,0.5289758443832397,5,9
normal_234,0,25,0.06757698,0,0,0,4,0.5289758443832397,5,9
normal_234,0,30,0.022169268,0,0,0,4,0.5289758443832397,5,9
normal_234,0,35,0.023924526,0,0,0,4,0.5289758443832397,5,9
normal_234,0,40,0.07382061,0,0,0,4,0.5289758443832397,5,9
normal_240,0,0,0.021061247,0,0,0,4,0.5289758443832397,5,9
normal_240,0,5,0.05807939,0,0,0,4,0.5289758443832397,5,9
normal_240,0,10,0.040960714,0,0,0,4,0.5289758443832397,5,9
normal_240,0,15,0.024845837,0,0,0,4,0.5289758443832397,5,9
normal_240,0,20,0.2858612,0,0,0,4,0.5289758443832397,5,9
normal_240,0,25,0.08869802,0,0,0,4,0.5289758443832397,5,9
normal_240,0,30,0.031418912,0,0,0,4,0.5289758443832397,5,9
normal_240,0,35,0.02794949,0,0,0,4,0.5289758443832397,5,9
normal_240,0,40,0.09361068,0,0,0,4,0.5289758443832397,5,9
normal_242,0,0,0.022714276,0,0,0,4,0.5289758443832397,5,9
normal_242,0,5,0.071245596,0,0,0,4,0.5289758443832397,5,9
normal_242,0,10,0.021581545,0,0,0,4,0.5289758443832397,5,9
normal_242,0,15,0.030003233,0,0,0,4,0.5289758443832397,5,9
normal_242,0,20,0.060968727,0,0,0,4,0.5289758443832397,5,9
normal_242,0,25,0.024530185,0,0,0,4,0.5289758443832397,5,9
normal_242,0,30,0.018891871,0,0,0,4,0.5289758443832397,5,9
normal_252,0,0,0.071340136,0,0,0,4,0.5289758443832397,5,9
normal_252,0,5,0.027015304,0,0,0,4,0.5289758443832397,5,9
normal_252,0,10,0.016355248,0,0,0,4,0.5289758443832397,5,9
normal_252,0,15,0.06678688,0,0,0,4,0.5289758443832397,5,9
normal_252,0,20,0.031804644,0,0,0,4,0.5289758443832397,5,9
normal_252,0,25,0.018012388,0,0,0,4,0.5289758443832397,5,9
normal_252,0,30,0.026797421,0,0,0,4,0.5289758443832397,5,9
normal_252,0,35,0.058338374,0,0,0,4,0.5289758443832397,5,9
normal_252,0,40,0.02387957,0,0,0,4,0.5289758443832397,5,9
normal_253,0,0,0.06390077,0,0,0,4,0.5289758443832397,5,9
normal_253,0,5,0.04463463,0,0,0,4,0.5289758443832397,5,9
normal_253,0,10,0.027066955,0,0,0,4,0.5289758443832397,5,9
normal_253,0,15,0.0444318,0,0,0,4,0.5289758443832397,5,9
normal_253,0,20,0.034963418,0,0,0,4,0.5289758443832397,5,9
normal_253,0,25,0.01885591,0,0,0,4,0.5289758443832397,5,9
normal_253,0,30,0.032858558,0,0,0,4,0.5289758443832397,5,9
normal_253,0,35,0.05321423,0,0,0,4,0.5289758443832397,5,9
normal_253,0,40,0.024718627,0,0,0,4,0.5289758443832397,5,9
normal_272,0,0,0.023347283,0,0,0,4,0.5289758443832397,5,9
normal_272,0,5,0.067177385,0,0,0,4,0.5289758443832397,5,9
normal_272,0,10,0.024949728,0,0,0,4,0.5289758443832397,5,9
normal_272,0,15,0.018038131,0,0,0,4,0.5289758443832397,5,9
normal_272,0,20,0.047047615,0,0,0,4,0.5289758443832397,5,9
normal_272,0,25,0.040572885,0,0,0,4,0.5289758443832397,5,9
normal_272,0,30,0.017846247,0,0,0,4,0.5289758443832397,5,9
normal_272,0,35,0.033423077,0,0,0,4,0.5289758443832397,5,9
normal_272,0,40,0.11031523,0,0,0,4,0.5289758443832397,5,9
normal_274,0,0,0.07497388,0,0,0,4,0.5289758443832397,5,9
normal_274,0,5,0.01883546,0,0,0,4,0.5289758443832397,5,9
normal_274,0,10,0.018789127,0,0,0,4,0.5289758443832397,5,9
normal_274,0,15,0.11699256,0,0,0,4,0.5289758443832397,5,9
normal_274,0,20,0.037874058,0,0,0,4,0.5289758443832397,5,9
normal_274,0,25,0.016800543,0,0,0,4,0.5289758443832397,5,9
normal_274,0,30,0.042739023,0,0,0,4,0.5289758443832397,5,9
normal_274,0,35,0.1112331,0,0,0,4,0.5289758443832397,5,9
normal_275,0,0,0.040866405,0,0,0,4,0.5289758443832397,5,9
normal_275,0,5,0.054351788,0,0,0,4,0.5289758443832397,5,9
normal_275,0,10,0.02712034,0,0,0,4,0.5289758443832397,5,9
normal_275,0,15,0.03612057,0,0,0,4,0.5289758443832397,5,9
normal_275,0,20,0.09071731,0,0,0,4,0.5289758443832397,5,9
normal_275,0,25,0.021935785,0,0,0,4,0.5289758443832397,5,9
normal_275,0,30,0.022480812,0,0,0,4,0.5289758443832397,5,9
normal_275,0,35,0.076930895,0,0,0,4,0.5289758443832397,5,9
normal_275,0,40,0.031465728,0,0,0,4,0.5289758443832397,5,9
normal_276,0,0,0.03410861,0,0,0,4,0.5289758443832397,5,9
normal_276,0,5,0.06300679,0,0,0,4,0.5289758443832397,5,9
normal_276,0,10,0.02592025,0,0,0,4,0.5289758443832397,5,9
normal_276,0,15,0.026555086,0,0,0,4,0.5289758443832397,5,9
normal_276,0,20,0.14612055,0,0,0,4,0.5289758443832397,5,9
normal_276,0,25,0.039268807,0,0,0,4,0.5289758443832397,5,9
normal_276,0,30,0.017603606,0,0,0,4,0.5289758443832397,5,9
normal_276,0,35,0.09040683,0,0,0,4,0.5289758443832397,5,9
normal_278,0,0,0.054813046,0,0,0,4,0.5289758443832397,5,9
normal_278,0,5,0.06099819,0,0,0,4,0.5289758443832397,5,9
normal_278,0,10,0.07355868,0,0,0,4,0.5289758443832397,5,9
normal_284,0,0,0.028060753,0,0,0,4,0.5289758443832397,5,9
normal_284,0,5,0.06883369,0,0,0,4,0.5289758443832397,5,9
normal_284,0,10,0.015585593,0,0,0,4,0.5289758443832397,5,9
normal_295,0,0,0.040881667,0,0,0,4,0.5289758443832397,5,9
normal_295,0,5,0.07813977,0,0,0,4,0.5289758443832397,5,9
normal_295,0,10,0.031930875,0,0,0,4,0.5289758443832397,5,9
normal_295,0,15,0.021548213,0,0,0,4,0.5289758443832397,5,9
normal_295,0,20,0.09942803,0,0,0,4,0.5289758443832397,5,9
normal_295,0,25,0.056514718,0,0,0,4,0.5289758443832397,5,9
normal_295,0,30,0.021231145,0,0,0,4,0.5289758443832397,5,9
normal_307,0,0,0.02047074,0,0,0,4,0.5289758443832397,5,9
normal_307,0,5,0.045768287,0,0,0,4,0.5289758443832397,5,9
normal_307,0,10,0.027194373,0,0,0,4,0.5289758443832397,5,9
normal_307,0,15,0.020969413,0,0,0,4,0.5289758443832397,5,9
normal_307,0,20,0.033693895,0,0,0,4,0.5289758443832397,5,9
normal_307,0,25,0.036694847,0,0,0,4,0.5289758443832397,5,9
normal_326,0,0,0.015100233,0,0,0,4,0.5289758443832397,5,9
normal_326,0,5,0.04771551,0,0,0,4,0.5289758443832397,5,9
normal_326,0,10,0.027725834,0,0,0,4,0.5289758443832397,5,9
normal_326,0,15,0.013885712,0,0,0,4,0.5289758443832397,5,9
normal_326,0,20,0.029115854,0,0,0,4,0.5289758443832397,5,9
normal_329,0,0,0.022857187,0,0,0,4,0.5289758443832397,5,9
normal_329,0,5,0.117318965,0,0,0,4,0.5289758443832397,5,9
normal_329,0,10,0.029090783,0,0,0,4,0.5289758443832397,5,9
normal_329,0,15,0.022958163,0,0,0,4,0.5289758443832397,5,9
normal_329,0,20,0.038885437,0,0,0,4,0.5289758443832397,5,9
normal_329,0,25,0.05285732,0,0,0,4,0.5289758443832397,5,9
normal_329,0,30,0.023933066,0,0,0,4,0.5289758443832397,5,9
normal_329,0,35,0.028150326,0,0,0,4,0.5289758443832397,5,9
normal_329,0,40,0.05877211,0,0,0,4,0.5289758443832397,5,9
normal_339,0,0,0.064967774,0,0,0,4,0.5289758443832397,5,9
normal_339,0,5,0.030134387,0,0,0,4,0.5289758443832397,5,9
normal_339,0,10,0.018433228,0,0,0,4,0.5289758443832397,5,9
normal_341,0,0,0.029884094,0,0,0,4,0.5289758443832397,5,9
normal_341,0,5,0.066806324,0,0,0,4,0.5289758443832397,5,9
normal_341,0,10,0.23337644,0,0,0,4,0.5289758443832397,5,9
normal_341,0,15,0.049995314,0,0,0,4,0.5289758443832397,5,9
normal_341,0,20,0.041430607,0,0,0,4,0.5289758443832397,5,9
normal_341,0,25,0.18129775,0,0,0,4,0.5289758443832397,5,9
normal_341,0,30,0.034769464,0,0,0,4,0.5289758443832397,5,9
normal_341,0,35,0.024335023,0,0,0,4,0.5289758443832397,5,9
normal_341,0,40,0.08440184,0,0,0,4,0.5289758443832397,5,9
normal_343,0,0,0.07043872,0,0,0,4,0.5289758443832397,5,9
normal_343,0,5,0.09193844,0,0,0,4,0.5289758443832397,5,9
normal_343,0,10,0.020606523,0,0,0,4,0.5289758443832397,5,9
normal_343,0,15,0.016944483,0,0,0,4,0.5289758443832397,5,9
normal_343,0,20,0.06419261,0,0,0,4,0.5289758443832397,5,9
normal_343,0,25,0.081246294,0,0,0,4,0.5289758443832397,5,9
normal_343,0,30,0.01558838,0,0,0,4,0.5289758443832397,5,9
normal_343,0,35,0.042444896,0,0,0,4,0.5289758443832397,5,9
normal_344,0,0,0.016287068,0,0,0,4,0.5289758443832397,5,9
normal_344,0,5,0.04080567,0,0,0,4,0.5289758443832397,5,9
normal_344,0,10,0.24917115,0,0,0,4,0.5289758443832397,5,9
normal_344,0,15,0.048848595,0,0,0,4,0.5289758443832397,5,9
normal_344,0,20,0.033242006,0,0,0,4,0.5289758443832397,5,9
normal_375,0,0,0.02139819,0,0,0,4,0.5289758443832397,5,9
normal_375,0,5,0.025612807,0,0,0,4,0.5289758443832397,5,9
normal_375,0,10,0.06366528,0,0,0,4,0.5289758443832397,5,9
normal_375,0,15,0.034315705,0,0,0,4,0.5289758443832397,5,9
normal_375,0,20,0.025338147,0,0,0,4,0.5289758443832397,5,9
normal_396,0,0,0.021089604,0,0,0,4,0.5289758443832397,5,9
normal_396,0,5,0.05526013,0,0,0,4,0.5289758443832397,5,9
normal_396,0,10,0.0572966,0,0,0,4,0.5289758443832397,5,9
normal_396,0,15,0.016400663,0,0,0,4,0.5289758443832397,5,9
normal_396,0,20,0.022976814,0,0,0,4,0.5289758443832397,5,9
normal_396,0,25,0.0801294,0,0,0,4,0.5289758443832397,5,9
normal_396,0,30,0.022104505,0,0,0,4,0.5289758443832397,5,9
normal_396,0,35,0.023912402,0,0,0,4,0.5289758443832397,5,9
normal_396,0,40,0.065777086,0,0,0,4,0.5289758443832397,5,9
normal_399,0,0,0.021584366,0,0,0,4,0.5289758443832397,5,9
normal_399,0,5,0.021352576,0,0,0,4,0.5289758443832397,5,9
normal_399,0,10,0.16046527,0,0,0,4,0.5289758443832397,5,9
normal_431,0,0,0.056265444,0,0,0,4,0.5289758443832397,5,9
normal_431,0,5,0.023220804,0,0,0,4,0.5289758443832397,5,9
normal_431,0,10,0.024823427,0,0,0,4,0.5289758443832397,5,9
normal_431,0,15,0.046008248,0,0,0,4,0.5289758443832397,5,9
normal_445,0,0,0.021572497,0,0,0,4,0.5289758443832397,5,9
normal_445,0,5,0.014129346,0,0,0,4,0.5289758443832397,5,9
normal_445,0,10,0.033778533,0,0,0,4,0.5289758443832397,5,9
normal_445,0,15,0.049702667,0,0,0,4,0.5289758443832397,5,9
normal_445,0,20,0.018310344,0,0,0,4,0.5289758443832397,5,9
normal_445,0,25,0.016443463,0,0,0,4,0.5289758443832397,5,9
normal_445,0,30,0.062103096,0,0,0,4,0.5289758443832397,5,9
normal_445,0,35,0.02338463,0,0,0,4,0.5289758443832397,5,9
normal_445,0,40,0.013514419,0,0,0,4,0.5289758443832397,5,9
normal_448,0,0,0.01906617,0,0,0,4,0.5289758443832397,5,9
normal_448,0,5,0.03941823,0,0,0,4,0.5289758443832397,5,9
normal_448,0,10,0.05445436,0,0,0,4,0.5289758443832397,5,9
normal_457,0,0,0.029069135,0,0,0,4,0.5289758443832397,5,9
normal_457,0,5,0.058273956,0,0,0,4,0.5289758443832397,5,9
normal_457,0,10,0.021888033,0,0,0,4,0.5289758443832397,5,9
normal_457,0,15,0.030314822,0,0,0,4,0.5289758443832397,5,9
normal_457,0,20,0.07138679,0,0,0,4,0.5289758443832397,5,9
normal_457,0,25,0.029723177,0,0,0,4,0.5289758443832397,5,9
normal_470,0,0,0.017096613,0,0,0,4,0.5289758443832397,5,9
normal_470,0,5,0.02469541,0,0,0,4,0.5289758443832397,5,9
normal_470,0,10,0.11034811,0,0,0,4,0.5289758443832397,5,9
normal_470,0,15,0.043556836,0,0,0,4,0.5289758443832397,5,9
normal_470,0,20,0.015009078,0,0,0,4,0.5289758443832397,5,9
normal_470,0,25,0.03975645,0,0,0,4,0.5289758443832397,5,9
normal_486,0,0,0.024126094,0,0,0,4,0.5289758443832397,5,9
normal_486,0,5,0.022498675,0,0,0,4,0.5289758443832397,5,9
normal_486,0,10,0.07808148,0,0,0,4,0.5289758443832397,5,9
normal_486,0,15,0.05169555,0,0,0,4,0.5289758443832397,5,9
normal_486,0,20,0.017546378,0,0,0,4,0.5289758443832397,5,9
normal_486,0,25,0.035365634,0,0,0,4,0.5289758443832397,5,9
normal_486,0,30,0.04322463,0,0,0,4,0.5289758443832397,5,9
normal_487,0,0,0.057323124,0,0,0,4,0.5289758443832397,5,9
normal_487,0,5,0.024593864,0,0,0,4,0.5289758443832397,5,9
normal_487,0,10,0.020440515,0,0,0,4,0.5289758443832397,5,9
normal_487,0,15,0.071522616,0,0,0,4,0.5289758443832397,5,9
normal_487,0,20,0.047304608,0,0,0,4,0.5289758443832397,5,9
normal_487,0,25,0.022295887,0,0,0,4,0.5289758443832397,5,9
normal_487,0,30,0.03402619,0,0,0,4,0.5289758443832397,5,9
normal_498,0,0,0.05276972,0,0,0,4,0.5289758443832397,5,9
normal_498,0,5,0.01937125,0,0,0,4,0.5289758443832397,5,9
normal_498,0,10,0.023439916,0,0,0,4,0.5289758443832397,5,9
normal_498,0,15,0.05468859,0,0,0,4,0.5289758443832397,5,9
normal_498,0,20,0.025142744,0,0,0,4,0.5289758443832397,5,9
normal_498,0,25,0.01905241,0,0,0,4,0.5289758443832397,5,9
normal_498,0,30,0.05101016,0,0,0,4,0.5289758443832397,5,9
normal_498,0,35,0.03978178,0,0,0,4,0.5289758443832397,5,9
normal_498,0,40,0.01913928,0,0,0,4,0.5289758443832397,5,9
normal_500,0,0,0.026340814,0,0,0,4,0.5289758443832397,5,9
normal_500,0,5,0.06034524,0,0,0,4,0.5289758443832397,5,9
normal_500,0,10,0.025117643,0,0,0,4,0.5289758443832397,5,9
normal_500,0,15,0.021471303,0,0,0,4,0.5289758443832397,5,9
normal_500,0,20,0.061238345,0,0,0,4,0.5289758443832397,5,9
normal_500,0,25,0.050538644,0,0,0,4,0.5289758443832397,5,9
normal_500,0,30,0.021832524,0,0,0,4,0.5289758443832397,5,9
normal_500,0,35,0.044294897,0,0,0,4,0.5289758443832397,5,9
normal_500,0,40,0.078759246,0,0,0,4,0.5289758443832397,5,9
normal_502,0,0,0.029142229,0,0,0,4,0.5289758443832397,5,9
normal_502,0,5,0.018675094,0,0,0,4,0.5289758443832397,5,9
normal_502,0,10,0.043253966,0,0,0,4,0.5289758443832397,5,9
normal_505,0,0,0.053375207,0,0,0,4,0.5289758443832397,5,9
normal_505,0,5,0.02188167,0,0,0,4,0.5289758443832397,5,9
normal_505,0,10,0.028172301,0,0,0,4,0.5289758443832397,5,9
normal_505,0,15,0.075702816,0,0,0,4,0.5289758443832397,5,9
normal_505,0,20,0.02282948,0,0,0,4,0.5289758443832397,5,9
normal_505,0,25,0.019476207,0,0,0,4,0.5289758443832397,5,9
normal_505,0,30,0.04921465,0,0,0,4,0.5289758443832397,5,9
normal_505,0,35,0.03585999,0,0,0,4,0.5289758443832397,5,9
normal_505,0,40,0.018584333,0,0,0,4,0.5289758443832397,5,9
normal_506,0,0,0.029312808,0,0,0,4,0.5289758443832397,5,9
normal_506,0,5,0.019071044,0,0,0,4,0.5289758443832397,5,9
normal_506,0,10,0.050140005,0,0,0,4,0.5289758443832397,5,9
normal_506,0,15,0.0398153,0,0,0,4,0.5289758443832397,5,9
normal_506,0,20,0.018726485,0,0,0,4,0.5289758443832397,5,9
normal_506,0,25,0.0359147,0,0,0,4,0.5289758443832397,5,9
normal_506,0,30,0.05298529,0,0,0,4,0.5289758443832397,5,9
normal_506,0,35,0.022363259,0,0,0,4,0.5289758443832397,5,9
normal_506,0,40,0.025238242,0,0,0,4,0.5289758443832397,5,9
normal_513,0,0,0.019065876,0,0,0,4,0.5289758443832397,5,9
normal_513,0,5,0.034009144,0,0,0,4,0.5289758443832397,5,9
normal_513,0,10,0.052983973,0,0,0,4,0.5289758443832397,5,9
normal_513,0,15,0.021069987,0,0,0,4,0.5289758443832397,5,9
normal_525,0,0,0.035273716,0,0,0,4,0.5289758443832397,5,9
normal_525,0,5,0.058820862,0,0,0,4,0.5289758443832397,5,9
normal_525,0,10,0.021243287,0,0,0,4,0.5289758443832397,5,9
normal_525,0,15,0.023446308,0,0,0,4,0.5289758443832397,5,9
normal_525,0,20,0.05726596,0,0,0,4,0.5289758443832397,5,9
normal_525,0,25,0.024780234,0,0,0,4,0.5289758443832397,5,9
normal_525,0,30,0.020496199,0,0,0,4,0.5289758443832397,5,9
normal_525,0,35,0.04917789,0,0,0,4,0.5289758443832397,5,9
normal_525,0,40,0.03884636,0,0,0,4,0.5289758443832397,5,9
normal_527,0,0,0.025599258,0,0,0,4,0.5289758443832397,5,9
normal_527,0,5,0.09708592,0,0,0,4,0.5289758443832397,5,9
normal_527,0,10,0.028959436,0,0,0,4,0.5289758443832397,5,9
normal_527,0,15,0.021025885,0,0,0,4,0.5289758443832397,5,9
normal_527,0,20,0.048567187,0,0,0,4,0.5289758443832397,5,9
normal_527,0,25,0.034500897,0,0,0,4,0.5289758443832397,5,9
normal_527,0,30,0.019080324,0,0,0,4,0.5289758443832397,5,9
normal_527,0,35,0.034104187,0,0,0,4,0.5289758443832397,5,9
normal_532,0,0,0.03455511,0,0,0,4,0.5289758443832397,5,9
normal_532,0,5,0.05838743,0,0,0,4,0.5289758443832397,5,9
normal_532,0,10,0.021526208,0,0,0,4,0.5289758443832397,5,9
normal_532,0,15,0.023600278,0,0,0,4,0.5289758443832397,5,9
normal_532,0,20,0.06693069,0,0,0,4,0.5289758443832397,5,9
normal_532,0,25,0.023804456,0,0,0,4,0.5289758443832397,5,9
normal_532,0,30,0.018743185,0,0,0,4,0.5289758443832397,5,9
normal_532,0,35,0.045568023,0,0,0,4,0.5289758443832397,5,9
normal_532,0,40,0.034041937,0,0,0,4,0.5289758443832397,5,9
normal_535,0,0,0.04616279,0,0,0,4,0.5289758443832397,5,9
normal_535,0,5,0.019373009,0,0,0,4,0.5289758443832397,5,9
normal_535,0,10,0.02501554,0,0,0,4,0.5289758443832397,5,9
normal_535,0,15,0.06529237,0,0,0,4,0.5289758443832397,5,9
normal_537,0,0,0.026694793,0,0,0,4,0.5289758443832397,5,9
normal_537,0,5,0.01801696,0,0,0,4,0.5289758443832397,5,9
normal_537,0,10,0.04208962,0,0,0,4,0.5289758443832397,5,9
normal_537,0,15,0.032738786,0,0,0,4,0.5289758443832397,5,9
normal_537,0,20,0.01857455,0,0,0,4,0.5289758443832397,5,9
normal_537,0,25,0.03448717,0,0,0,4,0.5289758443832397,5,9
normal_537,0,30,0.04794167,0,0,0,4,0.5289758443832397,5,9
normal_537,0,35,0.020335797,0,0,0,4,0.5289758443832397,5,9
normal_537,0,40,0.025844282,0,0,0,4,0.5289758443832397,5,9
normal_543,0,0,0.029354416,0,0,0,4,0.5289758443832397,5,9
normal_543,0,5,0.05472535,0,0,0,4,0.5289758443832397,5,9
normal_543,0,10,0.021053169,0,0,0,4,0.5289758443832397,5,9
normal_543,0,15,0.024891134,0,0,0,4,0.5289758443832397,5,9
normal_543,0,20,0.06911124,0,0,0,4,0.5289758443832397,5,9
normal_543,0,25,0.029020797,0,0,0,4,0.5289758443832397,5,9
normal_543,0,30,0.018003399,0,0,0,4,0.5289758443832397,5,9
normal_543,0,35,0.040922634,0,0,0,4,0.5289758443832397,5,9
normal_543,0,40,0.033594552,0,0,0,4,0.5289758443832397,5,9
normal_544,0,0,0.017646406,0,0,0,4,0.5289758443832397,5,9
normal_544,0,5,0.04961492,0,0,0,4,0.5289758443832397,5,9
normal_544,0,10,0.05847081,0,0,0,4,0.5289758443832397,5,9
normal_544,0,15,0.019704493,0,0,0,4,0.5289758443832397,5,9
normal_544,0,20,0.033427227,0,0,0,4,0.5289758443832397,5,9
normal_544,0,25,0.05930221,0,0,0,4,0.5289758443832397,5,9
normal_544,0,30,0.0233492,0,0,0,4,0.5289758443832397,5,9
normal_544,0,35,0.02363991,0,0,0,4,0.5289758443832397,5,9
normal_544,0,40,0.055147186,0,0,0,4,0.5289758443832397,5,9
normal_558,0,0,0.041778453,0,0,0,4,0.5289758443832397,5,9
normal_558,0,5,0.04967558,0,0,0,4,0.5289758443832397,5,9
normal_558,0,10,0.017518386,0,0,0,4,0.5289758443832397,5,9
normal_558,0,15,0.028976824,0,0,0,4,0.5289758443832397,5,9
normal_558,0,20,0.058056895,0,0,0,4,0.5289758443832397,5,9
normal_558,0,25,0.021345925,0,0,0,4,0.5289758443832397,5,9
normal_558,0,30,0.022435542,0,0,0,4,0.5289758443832397,5,9
normal_558,0,35,0.058784142,0,0,0,4,0.5289758443832397,5,9
normal_563,0,0,0.023992818,0,0,0,4,0.5289758443832397,5,9
normal_563,0,5,0.08946581,0,0,0,4,0.5289758443832397,5,9
normal_563,0,10,0.0545062,0,0,0,4,0.5289758443832397,5,9
normal_563,0,15,0.02366203,0,0,0,4,0.5289758443832397,5,9
normal_563,0,20,0.030154865,0,0,0,4,0.5289758443832397,5,9
normal_563,0,25,0.2683823,0,0,0,4,0.5289758443832397,5,9
normal_563,0,30,0.041818522,0,0,0,4,0.5289758443832397,5,9
normal_563,0,35,0.01982733,0,0,0,4,0.5289758443832397,5,9
normal_563,0,40,0.03985451,0,0,0,4,0.5289758443832397,5,9
normal_570,0,0,0.8787552,1,1,0,4,0.5289758443832397,5,9
normal_570,0,5,0.883088,1,2,0,4,0.5289758443832397,5,9
normal_570,0,10,0.9363666,1,3,0,4,0.5289758443832397,5,9
normal_570,0,15,0.7600461,1,4,0,4,0.5289758443832397,5,9
normal_570,0,20,0.93958426,1,5,1,4,0.5289758443832397,5,9
normal_570,0,25,0.15091416,0,0,0,4,0.5289758443832397,5,9
normal_570,0,30,0.05758616,0,0,0,4,0.5289758443832397,5,9
normal_572,0,0,0.079951406,0,0,0,4,0.5289758443832397,5,9
normal_572,0,5,0.031782053,0,0,0,4,0.5289758443832397,5,9
normal_572,0,10,0.015728736,0,0,0,4,0.5289758443832397,5,9
normal_572,0,15,0.038745396,0,0,0,4,0.5289758443832397,5,9
normal_572,0,20,0.07331018,0,0,0,4,0.5289758443832397,5,9
normal_585,0,0,0.06419563,0,0,0,4,0.5289758443832397,5,9
normal_585,0,5,0.03203184,0,0,0,4,0.5289758443832397,5,9
normal_585,0,10,0.029307565,0,0,0,4,0.5289758443832397,5,9
normal_585,0,15,0.09827268,0,0,0,4,0.5289758443832397,5,9
normal_587,0,0,0.16760068,0,0,0,4,0.5289758443832397,5,9
normal_587,0,5,0.02561019,0,0,0,4,0.5289758443832397,5,9
normal_587,0,10,0.015862057,0,0,0,4,0.5289758443832397,5,9
normal_587,0,15,0.031667277,0,0,0,4,0.5289758443832397,5,9
normal_587,0,20,0.106359534,0,0,0,4,0.5289758443832397,5,9
normal_587,0,25,0.01868581,0,0,0,4,0.5289758443832397,5,9
normal_587,0,30,0.018884346,0,0,0,4,0.5289758443832397,5,9
normal_587,0,35,0.06048189,0,0,0,4,0.5289758443832397,5,9
normal_587,0,40,0.021400573,0,0,0,4,0.5289758443832397,5,9
normal_599,0,0,0.07286691,0,0,0,4,0.5289758443832397,5,9
normal_599,0,5,0.1540559,0,0,0,4,0.5289758443832397,5,9
normal_599,0,10,0.03303097,0,0,0,4,0.5289758443832397,5,9
normal_599,0,15,0.022895984,0,0,0,4,0.5289758443832397,5,9
normal_599,0,20,0.090934455,0,0,0,4,0.5289758443832397,5,9
normal_599,0,25,0.046861324,0,0,0,4,0.5289758443832397,5,9
normal_599,0,30,0.020766707,0,0,0,4,0.5289758443832397,5,9
anomaly_8,1,0,0.991967,1,1,0,4,0.5289758443832397,5,9
anomaly_8,1,5,0.9811374,1,2,0,4,0.5289758443832397,5,9
anomaly_8,1,10,0.947993,1,3,0,4,0.5289758443832397,5,9
anomaly_8,1,15,0.9642406,1,4,0,4,0.5289758443832397,5,9
anomaly_8,1,20,0.9660077,1,5,1,4,0.5289758443832397,5,9
anomaly_8,1,25,0.9382141,1,6,1,4,0.5289758443832397,5,9
anomaly_8,1,30,0.9417924,1,7,1,4,0.5289758443832397,5,9
anomaly_17,1,0,0.9840215,1,1,0,4,0.5289758443832397,5,9
anomaly_17,1,5,0.9395593,1,2,0,4,0.5289758443832397,5,9
anomaly_17,1,10,0.9112525,1,3,0,4,0.5289758443832397,5,9
anomaly_17,1,15,0.63018394,1,4,0,4,0.5289758443832397,5,9
anomaly_17,1,20,0.49008307,0,0,0,4,0.5289758443832397,5,9
anomaly_17,1,25,0.30620524,0,0,0,4,0.5289758443832397,5,9
anomaly_17,1,30,0.23745513,0,0,0,4,0.5289758443832397,5,9
anomaly_17,1,35,0.33074915,0,0,0,4,0.5289758443832397,5,9
anomaly_17,1,40,0.9459771,1,1,0,4,0.5289758443832397,5,9
anomaly_18,1,0,0.9866796,1,1,0,4,0.5289758443832397,5,9
anomaly_18,1,5,0.9868181,1,2,0,4,0.5289758443832397,5,9
anomaly_18,1,10,0.968174,1,3,0,4,0.5289758443832397,5,9
anomaly_18,1,15,0.9385389,1,4,0,4,0.5289758443832397,5,9
anomaly_18,1,20,0.91152155,1,5,1,4,0.5289758443832397,5,9
anomaly_18,1,25,0.93045425,1,6,1,4,0.5289758443832397,5,9
normal_2,0,0,0.014653338,0,0,0,5,0.5887147188186646,7,13
normal_2,0,5,0.017728385,0,0,0,5,0.5887147188186646,7,13
normal_2,0,10,0.032284413,0,0,0,5,0.5887147188186646,7,13
normal_2,0,15,0.01843828,0,0,0,5,0.5887147188186646,7,13
normal_2,0,20,0.018073464,0,0,0,5,0.5887147188186646,7,13
normal_2,0,25,0.03325945,0,0,0,5,0.5887147188186646,7,13
normal_12,0,0,0.02177569,0,0,0,5,0.5887147188186646,7,13
normal_12,0,5,0.03613083,0,0,0,5,0.5887147188186646,7,13
normal_12,0,10,0.018457655,0,0,0,5,0.5887147188186646,7,13
normal_12,0,15,0.01792431,0,0,0,5,0.5887147188186646,7,13
normal_12,0,20,0.11045685,0,0,0,5,0.5887147188186646,7,13
normal_12,0,25,0.0364624,0,0,0,5,0.5887147188186646,7,13
normal_12,0,30,0.026028456,0,0,0,5,0.5887147188186646,7,13
normal_12,0,35,0.029717712,0,0,0,5,0.5887147188186646,7,13
normal_12,0,40,0.08456241,0,0,0,5,0.5887147188186646,7,13
normal_14,0,0,0.01769119,0,0,0,5,0.5887147188186646,7,13
normal_14,0,5,0.027588783,0,0,0,5,0.5887147188186646,7,13
normal_14,0,10,0.16682622,0,0,0,5,0.5887147188186646,7,13
normal_14,0,15,0.016926233,0,0,0,5,0.5887147188186646,7,13
normal_16,0,0,0.021704754,0,0,0,5,0.5887147188186646,7,13
normal_16,0,5,0.017045604,0,0,0,5,0.5887147188186646,7,13
normal_16,0,10,0.02493954,0,0,0,5,0.5887147188186646,7,13
normal_16,0,15,0.041538,0,0,0,5,0.5887147188186646,7,13
normal_16,0,20,0.018101785,0,0,0,5,0.5887147188186646,7,13
normal_16,0,25,0.014910194,0,0,0,5,0.5887147188186646,7,13
normal_16,0,30,0.032893747,0,0,0,5,0.5887147188186646,7,13
normal_16,0,35,0.03261475,0,0,0,5,0.5887147188186646,7,13
normal_16,0,40,0.013335859,0,0,0,5,0.5887147188186646,7,13
normal_23,0,0,0.019488536,0,0,0,5,0.5887147188186646,7,13
normal_23,0,5,0.021377943,0,0,0,5,0.5887147188186646,7,13
normal_23,0,10,0.037611295,0,0,0,5,0.5887147188186646,7,13
normal_23,0,15,0.033690766,0,0,0,5,0.5887147188186646,7,13
normal_23,0,20,0.020169402,0,0,0,5,0.5887147188186646,7,13
normal_23,0,25,0.027367432,0,0,0,5,0.5887147188186646,7,13
normal_23,0,30,0.06368904,0,0,0,5,0.5887147188186646,7,13
normal_23,0,35,0.021864705,0,0,0,5,0.5887147188186646,7,13
normal_23,0,40,0.019580567,0,0,0,5,0.5887147188186646,7,13
normal_35,0,0,0.017358193,0,0,0,5,0.5887147188186646,7,13
normal_35,0,5,0.020272113,0,0,0,5,0.5887147188186646,7,13
normal_35,0,10,0.033629812,0,0,0,5,0.5887147188186646,7,13
normal_35,0,15,0.026149813,0,0,0,5,0.5887147188186646,7,13
normal_35,0,20,0.028258557,0,0,0,5,0.5887147188186646,7,13
normal_35,0,25,0.023022024,0,0,0,5,0.5887147188186646,7,13
normal_35,0,30,0.026620869,0,0,0,5,0.5887147188186646,7,13
normal_35,0,35,0.022112079,0,0,0,5,0.5887147188186646,7,13
normal_35,0,40,0.018958865,0,0,0,5,0.5887147188186646,7,13
normal_37,0,0,0.016100178,0,0,0,5,0.5887147188186646,7,13
normal_37,0,5,0.019243525,0,0,0,5,0.5887147188186646,7,13
normal_37,0,10,0.04625715,0,0,0,5,0.5887147188186646,7,13
normal_37,0,15,0.021732595,0,0,0,5,0.5887147188186646,7,13
normal_37,0,20,0.024260364,0,0,0,5,0.5887147188186646,7,13
normal_37,0,25,0.05853574,0,0,0,5,0.5887147188186646,7,13
normal_38,0,0,0.024534196,0,0,0,5,0.5887147188186646,7,13
normal_38,0,5,0.045232546,0,0,0,5,0.5887147188186646,7,13
normal_38,0,10,0.02994266,0,0,0,5,0.5887147188186646,7,13
normal_49,0,0,0.017452752,0,0,0,5,0.5887147188186646,7,13
normal_49,0,5,0.020573882,0,0,0,5,0.5887147188186646,7,13
normal_49,0,10,0.051781125,0,0,0,5,0.5887147188186646,7,13
normal_49,0,15,0.020980943,0,0,0,5,0.5887147188186646,7,13
normal_49,0,20,0.023495669,0,0,0,5,0.5887147188186646,7,13
normal_49,0,25,0.07059683,0,0,0,5,0.5887147188186646,7,13
normal_49,0,30,0.022881305,0,0,0,5,0.5887147188186646,7,13
normal_49,0,35,0.02083746,0,0,0,5,0.5887147188186646,7,13
normal_49,0,40,0.033713315,0,0,0,5,0.5887147188186646,7,13
normal_50,0,0,0.027119191,0,0,0,5,0.5887147188186646,7,13
normal_50,0,5,0.9524181,1,1,0,5,0.5887147188186646,7,13
normal_50,0,10,0.2185923,0,0,0,5,0.5887147188186646,7,13
normal_50,0,15,0.018954255,0,0,0,5,0.5887147188186646,7,13
normal_50,0,20,0.02297988,0,0,0,5,0.5887147188186646,7,13
normal_50,0,25,0.3121046,0,0,0,5,0.5887147188186646,7,13
normal_50,0,30,0.016619677,0,0,0,5,0.5887147188186646,7,13
normal_60,0,0,0.037198488,0,0,0,5,0.5887147188186646,7,13
normal_60,0,5,0.03173,0,0,0,5,0.5887147188186646,7,13
normal_60,0,10,0.014460813,0,0,0,5,0.5887147188186646,7,13
normal_60,0,15,0.018810093,0,0,0,5,0.5887147188186646,7,13
normal_60,0,20,0.024786405,0,0,0,5,0.5887147188186646,7,13
normal_60,0,25,0.017205123,0,0,0,5,0.5887147188186646,7,13
normal_60,0,30,0.022742452,0,0,0,5,0.5887147188186646,7,13
normal_60,0,35,0.02903825,0,0,0,5,0.5887147188186646,7,13
normal_60,0,40,0.01611276,0,0,0,5,0.5887147188186646,7,13
normal_64,0,0,0.018015523,0,0,0,5,0.5887147188186646,7,13
normal_64,0,5,0.034869373,0,0,0,5,0.5887147188186646,7,13
normal_64,0,10,0.06051434,0,0,0,5,0.5887147188186646,7,13
normal_64,0,15,0.02450994,0,0,0,5,0.5887147188186646,7,13
normal_64,0,20,0.018485269,0,0,0,5,0.5887147188186646,7,13
normal_64,0,25,0.0253563,0,0,0,5,0.5887147188186646,7,13
normal_64,0,30,0.3829769,0,0,0,5,0.5887147188186646,7,13
normal_64,0,35,0.016759304,0,0,0,5,0.5887147188186646,7,13
normal_64,0,40,0.021985743,0,0,0,5,0.5887147188186646,7,13
normal_65,0,0,0.06657384,0,0,0,5,0.5887147188186646,7,13
normal_65,0,5,0.031692583,0,0,0,5,0.5887147188186646,7,13
normal_65,0,10,0.7279633,1,1,0,5,0.5887147188186646,7,13
normal_65,0,15,0.067888506,0,0,0,5,0.5887147188186646,7,13
normal_65,0,20,0.041195106,0,0,0,5,0.5887147188186646,7,13
normal_65,0,25,0.03611111,0,0,0,5,0.5887147188186646,7,13
normal_65,0,30,0.04614196,0,0,0,5,0.5887147188186646,7,13
normal_65,0,35,0.021654863,0,0,0,5,0.5887147188186646,7,13
normal_65,0,40,0.025688477,0,0,0,5,0.5887147188186646,7,13
normal_67,0,0,0.037694324,0,0,0,5,0.5887147188186646,7,13
normal_67,0,5,0.018404946,0,0,0,5,0.5887147188186646,7,13
normal_67,0,10,0.018969258,0,0,0,5,0.5887147188186646,7,13
normal_67,0,15,0.027260529,0,0,0,5,0.5887147188186646,7,13
normal_67,0,20,0.06092165,0,0,0,5,0.5887147188186646,7,13
normal_67,0,25,0.02170849,0,0,0,5,0.5887147188186646,7,13
normal_67,0,30,0.020542525,0,0,0,5,0.5887147188186646,7,13
normal_67,0,35,0.068163484,0,0,0,5,0.5887147188186646,7,13
normal_67,0,40,0.018851409,0,0,0,5,0.5887147188186646,7,13
normal_74,0,0,0.8408078,1,1,0,5,0.5887147188186646,7,13
normal_74,0,5,0.08112956,0,0,0,5,0.5887147188186646,7,13
normal_74,0,10,0.02524056,0,0,0,5,0.5887147188186646,7,13
normal_74,0,15,0.029461522,0,0,0,5,0.5887147188186646,7,13
normal_74,0,20,0.48987982,0,0,0,5,0.5887147188186646,7,13
normal_74,0,25,0.022271639,0,0,0,5,0.5887147188186646,7,13
normal_74,0,30,0.01953264,0,0,0,5,0.5887147188186646,7,13
normal_74,0,35,0.02572054,0,0,0,5,0.5887147188186646,7,13
normal_74,0,40,0.024938729,0,0,0,5,0.5887147188186646,7,13
normal_91,0,0,0.02288236,0,0,0,5,0.5887147188186646,7,13
normal_91,0,5,0.018175269,0,0,0,5,0.5887147188186646,7,13
normal_91,0,10,0.02568325,0,0,0,5,0.5887147188186646,7,13
normal_91,0,15,0.023234246,0,0,0,5,0.5887147188186646,7,13
normal_91,0,20,0.023316022,0,0,0,5,0.5887147188186646,7,13
normal_91,0,25,0.033037465,0,0,0,5,0.5887147188186646,7,13
normal_91,0,30,0.027373757,0,0,0,5,0.5887147188186646,7,13
normal_91,0,35,0.015941376,0,0,0,5,0.5887147188186646,7,13
normal_105,0,0,0.028423574,0,0,0,5,0.5887147188186646,7,13
normal_105,0,5,0.0394779,0,0,0,5,0.5887147188186646,7,13
normal_105,0,10,0.02045282,0,0,0,5,0.5887147188186646,7,13
normal_105,0,15,0.022706173,0,0,0,5,0.5887147188186646,7,13
normal_105,0,20,0.028688744,0,0,0,5,0.5887147188186646,7,13
normal_113,0,0,0.032244913,0,0,0,5,0.5887147188186646,7,13
normal_113,0,5,0.020725459,0,0,0,5,0.5887147188186646,7,13
normal_113,0,10,0.07390099,0,0,0,5,0.5887147188186646,7,13
normal_113,0,15,0.104658216,0,0,0,5,0.5887147188186646,7,13
normal_113,0,20,0.023966748,0,0,0,5,0.5887147188186646,7,13
normal_113,0,25,0.027229749,0,0,0,5,0.5887147188186646,7,13
normal_113,0,30,0.054164693,0,0,0,5,0.5887147188186646,7,13
normal_113,0,35,0.024854999,0,0,0,5,0.5887147188186646,7,13
normal_113,0,40,0.021060932,0,0,0,5,0.5887147188186646,7,13
normal_116,0,0,0.02453392,0,0,0,5,0.5887147188186646,7,13
normal_116,0,5,0.05306205,0,0,0,5,0.5887147188186646,7,13
normal_116,0,10,0.022307158,0,0,0,5,0.5887147188186646,7,13
normal_116,0,15,0.025231956,0,0,0,5,0.5887147188186646,7,13
normal_135,0,0,0.041303877,0,0,0,5,0.5887147188186646,7,13
normal_135,0,5,0.025157344,0,0,0,5,0.5887147188186646,7,13
normal_135,0,10,0.019599589,0,0,0,5,0.5887147188186646,7,13
normal_138,0,0,0.024567265,0,0,0,5,0.5887147188186646,7,13
normal_138,0,5,0.056914046,0,0,0,5,0.5887147188186646,7,13
normal_138,0,10,0.17246988,0,0,0,5,0.5887147188186646,7,13
normal_138,0,15,0.01944697,0,0,0,5,0.5887147188186646,7,13
normal_138,0,20,0.020808803,0,0,0,5,0.5887147188186646,7,13
normal_138,0,25,0.08494255,0,0,0,5,0.5887147188186646,7,13
normal_138,0,30,0.032000903,0,0,0,5,0.5887147188186646,7,13
normal_138,0,35,0.01973206,0,0,0,5,0.5887147188186646,7,13
normal_139,0,0,0.021056136,0,0,0,5,0.5887147188186646,7,13
normal_139,0,5,0.041643813,0,0,0,5,0.5887147188186646,7,13
normal_139,0,10,0.017679757,0,0,0,5,0.5887147188186646,7,13
normal_139,0,15,0.025274234,0,0,0,5,0.5887147188186646,7,13
normal_139,0,20,0.04876906,0,0,0,5,0.5887147188186646,7,13
normal_139,0,25,0.068662755,0,0,0,5,0.5887147188186646,7,13
normal_139,0,30,0.015910117,0,0,0,5,0.5887147188186646,7,13
normal_139,0,35,0.033409435,0,0,0,5,0.5887147188186646,7,13
normal_141,0,0,0.02594955,0,0,0,5,0.5887147188186646,7,13
normal_141,0,5,0.045105997,0,0,0,5,0.5887147188186646,7,13
normal_141,0,10,0.26442897,0,0,0,5,0.5887147188186646,7,13
normal_145,0,0,0.83651966,1,1,0,5,0.5887147188186646,7,13
normal_145,0,5,0.0244305,0,0,0,5,0.5887147188186646,7,13
normal_145,0,10,0.021247407,0,0,0,5,0.5887147188186646,7,13
normal_145,0,15,0.031378567,0,0,0,5,0.5887147188186646,7,13
normal_145,0,20,0.014053778,0,0,0,5,0.5887147188186646,7,13
normal_145,0,25,0.020398522,0,0,0,5,0.5887147188186646,7,13
normal_145,0,30,0.026105607,0,0,0,5,0.5887147188186646,7,13
normal_145,0,35,0.04983825,0,0,0,5,0.5887147188186646,7,13
normal_145,0,40,0.023907885,0,0,0,5,0.5887147188186646,7,13
normal_162,0,0,0.05788248,0,0,0,5,0.5887147188186646,7,13
normal_162,0,5,0.019948795,0,0,0,5,0.5887147188186646,7,13
normal_162,0,10,0.034964584,0,0,0,5,0.5887147188186646,7,13
normal_162,0,15,0.028143471,0,0,0,5,0.5887147188186646,7,13
normal_171,0,0,0.05913702,0,0,0,5,0.5887147188186646,7,13
normal_171,0,5,0.01712061,0,0,0,5,0.5887147188186646,7,13
normal_171,0,10,0.018778037,0,0,0,5,0.5887147188186646,7,13
normal_171,0,15,0.030196618,0,0,0,5,0.5887147188186646,7,13
normal_171,0,20,0.015360494,0,0,0,5,0.5887147188186646,7,13
normal_171,0,25,0.016391873,0,0,0,5,0.5887147188186646,7,13
normal_171,0,30,0.024716647,0,0,0,5,0.5887147188186646,7,13
normal_176,0,0,0.025164176,0,0,0,5,0.5887147188186646,7,13
normal_176,0,5,0.044039696,0,0,0,5,0.5887147188186646,7,13
normal_176,0,10,0.036865607,0,0,0,5,0.5887147188186646,7,13
normal_176,0,15,0.022743236,0,0,0,5,0.5887147188186646,7,13
normal_176,0,20,0.026255647,0,0,0,5,0.5887147188186646,7,13
normal_176,0,25,0.021725327,0,0,0,5,0.5887147188186646,7,13
normal_176,0,30,0.019031096,0,0,0,5,0.5887147188186646,7,13
normal_176,0,35,0.016926223,0,0,0,5,0.5887147188186646,7,13
normal_176,0,40,0.016861126,0,0,0,5,0.5887147188186646,7,13
normal_193,0,0,0.20342138,0,0,0,5,0.5887147188186646,7,13
normal_193,0,5,0.027490169,0,0,0,5,0.5887147188186646,7,13
normal_193,0,10,0.78332716,1,1,0,5,0.5887147188186646,7,13
normal_193,0,15,0.07561563,0,0,0,5,0.5887147188186646,7,13
normal_193,0,20,0.022986392,0,0,0,5,0.5887147188186646,7,13
normal_193,0,25,0.029021403,0,0,0,5,0.5887147188186646,7,13
normal_193,0,30,0.030736905,0,0,0,5,0.5887147188186646,7,13
normal_193,0,35,0.016800685,0,0,0,5,0.5887147188186646,7,13
normal_193,0,40,0.03847114,0,0,0,5,0.5887147188186646,7,13
normal_196,0,0,0.033778608,0,0,0,5,0.5887147188186646,7,13
normal_196,0,5,0.021163672,0,0,0,5,0.5887147188186646,7,13
normal_196,0,10,0.1122569,0,0,0,5,0.5887147188186646,7,13
normal_196,0,15,0.101708405,0,0,0,5,0.5887147188186646,7,13
normal_199,0,0,0.015986081,0,0,0,5,0.5887147188186646,7,13
normal_199,0,5,0.016435422,0,0,0,5,0.5887147188186646,7,13
normal_199,0,10,0.020392839,0,0,0,5,0.5887147188186646,7,13
normal_199,0,15,0.015220978,0,0,0,5,0.5887147188186646,7,13
normal_199,0,20,0.016751992,0,0,0,5,0.5887147188186646,7,13
normal_199,0,25,0.022931973,0,0,0,5,0.5887147188186646,7,13
normal_199,0,30,0.015230724,0,0,0,5,0.5887147188186646,7,13
normal_199,0,35,0.020987356,0,0,0,5,0.5887147188186646,7,13
normal_199,0,40,0.022092136,0,0,0,5,0.5887147188186646,7,13
normal_202,0,0,0.030647138,0,0,0,5,0.5887147188186646,7,13
normal_202,0,5,0.016315445,0,0,0,5,0.5887147188186646,7,13
normal_202,0,10,0.018451238,0,0,0,5,0.5887147188186646,7,13
normal_213,0,0,0.013868486,0,0,0,5,0.5887147188186646,7,13
normal_213,0,5,0.027225127,0,0,0,5,0.5887147188186646,7,13
normal_213,0,10,0.24688073,0,0,0,5,0.5887147188186646,7,13
normal_213,0,15,0.024986243,0,0,0,5,0.5887147188186646,7,13
normal_213,0,20,0.01990108,0,0,0,5,0.5887147188186646,7,13
normal_213,0,25,0.019076822,0,0,0,5,0.5887147188186646,7,13
normal_218,0,0,0.020193411,0,0,0,5,0.5887147188186646,7,13
normal_218,0,5,0.024510782,0,0,0,5,0.5887147188186646,7,13
normal_218,0,10,0.04147337,0,0,0,5,0.5887147188186646,7,13
normal_218,0,15,0.01919459,0,0,0,5,0.5887147188186646,7,13
normal_218,0,20,0.03190079,0,0,0,5,0.5887147188186646,7,13
normal_218,0,25,0.063152686,0,0,0,5,0.5887147188186646,7,13
normal_218,0,30,0.028218374,0,0,0,5,0.5887147188186646,7,13
normal_218,0,35,0.018054781,0,0,0,5,0.5887147188186646,7,13
normal_218,0,40,0.021847496,0,0,0,5,0.5887147188186646,7,13
normal_220,0,0,0.016977733,0,0,0,5,0.5887147188186646,7,13
normal_220,0,5,0.017101364,0,0,0,5,0.5887147188186646,7,13
normal_220,0,10,0.021698857,0,0,0,5,0.5887147188186646,7,13
normal_241,0,0,0.02700303,0,0,0,5,0.5887147188186646,7,13
normal_241,0,5,0.019282356,0,0,0,5,0.5887147188186646,7,13
normal_241,0,10,0.027291099,0,0,0,5,0.5887147188186646,7,13
normal_241,0,15,0.055828243,0,0,0,5,0.5887147188186646,7,13
normal_241,0,20,0.016589295,0,0,0,5,0.5887147188186646,7,13
normal_241,0,25,0.027277224,0,0,0,5,0.5887147188186646,7,13
normal_241,0,30,0.043573942,0,0,0,5,0.5887147188186646,7,13
normal_241,0,35,0.024076376,0,0,0,5,0.5887147188186646,7,13
normal_241,0,40,0.021779135,0,0,0,5,0.5887147188186646,7,13
normal_259,0,0,0.018233135,0,0,0,5,0.5887147188186646,7,13
normal_259,0,5,0.025300449,0,0,0,5,0.5887147188186646,7,13
normal_259,0,10,0.86721,1,1,0,5,0.5887147188186646,7,13
normal_259,0,15,0.022458179,0,0,0,5,0.5887147188186646,7,13
normal_259,0,20,0.018289333,0,0,0,5,0.5887147188186646,7,13
normal_259,0,25,0.03010558,0,0,0,5,0.5887147188186646,7,13
normal_259,0,30,0.22590932,0,0,0,5,0.5887147188186646,7,13
normal_259,0,35,0.018485311,0,0,0,5,0.5887147188186646,7,13
normal_262,0,0,0.020783203,0,0,0,5,0.5887147188186646,7,13
normal_262,0,5,0.0434224,0,0,0,5,0.5887147188186646,7,13
normal_262,0,10,0.020801028,0,0,0,5,0.5887147188186646,7,13
normal_273,0,0,0.020297777,0,0,0,5,0.5887147188186646,7,13
normal_273,0,5,0.14774764,0,0,0,5,0.5887147188186646,7,13
normal_273,0,10,0.019782968,0,0,0,5,0.5887147188186646,7,13
normal_273,0,15,0.022119554,0,0,0,5,0.5887147188186646,7,13
normal_273,0,20,0.028906576,0,0,0,5,0.5887147188186646,7,13
normal_273,0,25,0.021390144,0,0,0,5,0.5887147188186646,7,13
normal_273,0,30,0.016402487,0,0,0,5,0.5887147188186646,7,13
normal_286,0,0,0.034890406,0,0,0,5,0.5887147188186646,7,13
normal_286,0,5,0.069285475,0,0,0,5,0.5887147188186646,7,13
normal_286,0,10,0.018983608,0,0,0,5,0.5887147188186646,7,13
normal_286,0,15,0.018498788,0,0,0,5,0.5887147188186646,7,13
normal_286,0,20,0.07852128,0,0,0,5,0.5887147188186646,7,13
normal_286,0,25,0.034728575,0,0,0,5,0.5887147188186646,7,13
normal_286,0,30,0.030978763,0,0,0,5,0.5887147188186646,7,13
normal_286,0,35,0.04614605,0,0,0,5,0.5887147188186646,7,13
normal_286,0,40,0.029086765,0,0,0,5,0.5887147188186646,7,13
normal_300,0,0,0.025105007,0,0,0,5,0.5887147188186646,7,13
normal_300,0,5,0.037336465,0,0,0,5,0.5887147188186646,7,13
normal_300,0,10,0.020888181,0,0,0,5,0.5887147188186646,7,13
normal_300,0,15,0.020611081,0,0,0,5,0.5887147188186646,7,13
normal_300,0,20,0.032709543,0,0,0,5,0.5887147188186646,7,13
normal_300,0,25,0.0184996,0,0,0,5,0.5887147188186646,7,13
normal_300,0,30,0.020565102,0,0,0,5,0.5887147188186646,7,13
normal_300,0,35,0.03028851,0,0,0,5,0.5887147188186646,7,13
normal_302,0,0,0.014445828,0,0,0,5,0.5887147188186646,7,13
normal_302,0,5,0.022813704,0,0,0,5,0.5887147188186646,7,13
normal_302,0,10,0.03525275,0,0,0,5,0.5887147188186646,7,13
normal_313,0,0,0.044570245,0,0,0,5,0.5887147188186646,7,13
normal_313,0,5,0.02293631,0,0,0,5,0.5887147188186646,7,13
normal_313,0,10,0.025781691,0,0,0,5,0.5887147188186646,7,13
normal_318,0,0,0.022181615,0,0,0,5,0.5887147188186646,7,13
normal_318,0,5,0.024401711,0,0,0,5,0.5887147188186646,7,13
normal_318,0,10,0.019708559,0,0,0,5,0.5887147188186646,7,13
normal_318,0,15,0.023722116,0,0,0,5,0.5887147188186646,7,13
normal_318,0,20,0.02650948,0,0,0,5,0.5887147188186646,7,13
normal_318,0,25,0.015801875,0,0,0,5,0.5887147188186646,7,13
normal_318,0,30,0.017451918,0,0,0,5,0.5887147188186646,7,13
normal_324,0,0,0.02685078,0,0,0,5,0.5887147188186646,7,13
normal_324,0,5,0.025244161,0,0,0,5,0.5887147188186646,7,13
normal_324,0,10,0.01830996,0,0,0,5,0.5887147188186646,7,13
normal_324,0,15,0.030880725,0,0,0,5,0.5887147188186646,7,13
normal_324,0,20,0.033169705,0,0,0,5,0.5887147188186646,7,13
normal_324,0,25,0.0219984,0,0,0,5,0.5887147188186646,7,13
normal_324,0,30,0.020436337,0,0,0,5,0.5887147188186646,7,13
normal_324,0,35,0.049055535,0,0,0,5,0.5887147188186646,7,13
normal_324,0,40,0.053016197,0,0,0,5,0.5887147188186646,7,13
normal_331,0,0,0.027335204,0,0,0,5,0.5887147188186646,7,13
normal_331,0,5,0.023044702,0,0,0,5,0.5887147188186646,7,13
normal_331,0,10,0.019471705,0,0,0,5,0.5887147188186646,7,13
normal_331,0,15,0.022781538,0,0,0,5,0.5887147188186646,7,13
normal_331,0,20,0.03223539,0,0,0,5,0.5887147188186646,7,13
normal_331,0,25,0.018142316,0,0,0,5,0.5887147188186646,7,13
normal_331,0,30,0.023227705,0,0,0,5,0.5887147188186646,7,13
normal_337,0,0,0.02724045,0,0,0,5,0.5887147188186646,7,13
normal_337,0,5,0.027807035,0,0,0,5,0.5887147188186646,7,13
normal_337,0,10,0.01586986,0,0,0,5,0.5887147188186646,7,13
normal_337,0,15,0.020338684,0,0,0,5,0.5887147188186646,7,13
normal_337,0,20,0.04977806,0,0,0,5,0.5887147188186646,7,13
normal_338,0,0,0.032173686,0,0,0,5,0.5887147188186646,7,13
normal_338,0,5,0.021557562,0,0,0,5,0.5887147188186646,7,13
normal_338,0,10,0.025235223,0,0,0,5,0.5887147188186646,7,13
normal_338,0,15,0.23127523,0,0,0,5,0.5887147188186646,7,13
normal_338,0,20,0.023755124,0,0,0,5,0.5887147188186646,7,13
normal_351,0,0,0.02209688,0,0,0,5,0.5887147188186646,7,13
normal_351,0,5,0.031159077,0,0,0,5,0.5887147188186646,7,13
normal_351,0,10,0.02670135,0,0,0,5,0.5887147188186646,7,13
normal_351,0,15,0.021560764,0,0,0,5,0.5887147188186646,7,13
normal_354,0,0,0.023880403,0,0,0,5,0.5887147188186646,7,13
normal_354,0,5,0.036051583,0,0,0,5,0.5887147188186646,7,13
normal_354,0,10,0.039405674,0,0,0,5,0.5887147188186646,7,13
normal_354,0,15,0.018190233,0,0,0,5,0.5887147188186646,7,13
normal_354,0,20,0.030230666,0,0,0,5,0.5887147188186646,7,13
normal_354,0,25,0.08347506,0,0,0,5,0.5887147188186646,7,13
normal_354,0,30,0.01918681,0,0,0,5,0.5887147188186646,7,13
normal_354,0,35,0.020486707,0,0,0,5,0.5887147188186646,7,13
normal_354,0,40,0.042448338,0,0,0,5,0.5887147188186646,7,13
normal_360,0,0,0.0142651275,0,0,0,5,0.5887147188186646,7,13
normal_360,0,5,0.013134856,0,0,0,5,0.5887147188186646,7,13
normal_360,0,10,0.019421231,0,0,0,5,0.5887147188186646,7,13
normal_360,0,15,0.26632565,0,0,0,5,0.5887147188186646,7,13
normal_360,0,20,0.023058383,0,0,0,5,0.5887147188186646,7,13
normal_360,0,25,0.0259449,0,0,0,5,0.5887147188186646,7,13
normal_360,0,30,0.026063487,0,0,0,5,0.5887147188186646,7,13
normal_360,0,35,0.017232163,0,0,0,5,0.5887147188186646,7,13
normal_360,0,40,0.018740786,0,0,0,5,0.5887147188186646,7,13
normal_361,0,0,0.052761186,0,0,0,5,0.5887147188186646,7,13
normal_361,0,5,0.023123238,0,0,0,5,0.5887147188186646,7,13
normal_361,0,10,0.02838418,0,0,0,5,0.5887147188186646,7,13
normal_361,0,15,0.047005508,0,0,0,5,0.5887147188186646,7,13
normal_361,0,20,0.030498805,0,0,0,5,0.5887147188186646,7,13
normal_361,0,25,0.022639634,0,0,0,5,0.5887147188186646,7,13
normal_361,0,30,0.033246227,0,0,0,5,0.5887147188186646,7,13
normal_361,0,35,0.022600273,0,0,0,5,0.5887147188186646,7,13
normal_361,0,40,0.022816341,0,0,0,5,0.5887147188186646,7,13
normal_364,0,0,0.03766801,0,0,0,5,0.5887147188186646,7,13
normal_364,0,5,0.019985493,0,0,0,5,0.5887147188186646,7,13
normal_364,0,10,0.020061338,0,0,0,5,0.5887147188186646,7,13
normal_372,0,0,0.061529823,0,0,0,5,0.5887147188186646,7,13
normal_372,0,5,0.022113012,0,0,0,5,0.5887147188186646,7,13
normal_372,0,10,0.022627449,0,0,0,5,0.5887147188186646,7,13
normal_372,0,15,0.033055995,0,0,0,5,0.5887147188186646,7,13
normal_372,0,20,0.03639694,0,0,0,5,0.5887147188186646,7,13
normal_372,0,25,0.017698573,0,0,0,5,0.5887147188186646,7,13
normal_372,0,30,0.025472136,0,0,0,5,0.5887147188186646,7,13
normal_372,0,35,0.1033772,0,0,0,5,0.5887147188186646,7,13
normal_372,0,40,0.024149215,0,0,0,5,0.5887147188186646,7,13
normal_374,0,0,0.016056335,0,0,0,5,0.5887147188186646,7,13
normal_374,0,5,0.017878437,0,0,0,5,0.5887147188186646,7,13
normal_374,0,10,0.031363122,0,0,0,5,0.5887147188186646,7,13
normal_374,0,15,0.025243858,0,0,0,5,0.5887147188186646,7,13
normal_374,0,20,0.026171042,0,0,0,5,0.5887147188186646,7,13
normal_374,0,25,0.01662932,0,0,0,5,0.5887147188186646,7,13
normal_374,0,30,0.026879206,0,0,0,5,0.5887147188186646,7,13
normal_379,0,0,0.017954947,0,0,0,5,0.5887147188186646,7,13
normal_379,0,5,0.023387657,0,0,0,5,0.5887147188186646,7,13
normal_379,0,10,0.2816961,0,0,0,5,0.5887147188186646,7,13
normal_379,0,15,0.019574985,0,0,0,5,0.5887147188186646,7,13
normal_379,0,20,0.033645444,0,0,0,5,0.5887147188186646,7,13
normal_379,0,25,0.044743776,0,0,0,5,0.5887147188186646,7,13
normal_379,0,30,0.021131355,0,0,0,5,0.5887147188186646,7,13
normal_379,0,35,0.015404476,0,0,0,5,0.5887147188186646,7,13
normal_379,0,40,0.02860352,0,0,0,5,0.5887147188186646,7,13
normal_380,0,0,0.02504221,0,0,0,5,0.5887147188186646,7,13
normal_380,0,5,0.014812793,0,0,0,5,0.5887147188186646,7,13
normal_380,0,10,0.015697695,0,0,0,5,0.5887147188186646,7,13
normal_380,0,15,0.01934226,0,0,0,5,0.5887147188186646,7,13
normal_380,0,20,0.029648218,0,0,0,5,0.5887147188186646,7,13
normal_380,0,25,0.013317502,0,0,0,5,0.5887147188186646,7,13
normal_380,0,30,0.015670126,0,0,0,5,0.5887147188186646,7,13
normal_384,0,0,0.016387384,0,0,0,5,0.5887147188186646,7,13
normal_384,0,5,0.015174056,0,0,0,5,0.5887147188186646,7,13
normal_384,0,10,0.020219421,0,0,0,5,0.5887147188186646,7,13
normal_384,0,15,0.022344928,0,0,0,5,0.5887147188186646,7,13
normal_384,0,20,0.018014112,0,0,0,5,0.5887147188186646,7,13
normal_384,0,25,0.014207559,0,0,0,5,0.5887147188186646,7,13
normal_384,0,30,0.017996129,0,0,0,5,0.5887147188186646,7,13
normal_384,0,35,0.028555015,0,0,0,5,0.5887147188186646,7,13
normal_384,0,40,0.017824749,0,0,0,5,0.5887147188186646,7,13
normal_402,0,0,0.019348104,0,0,0,5,0.5887147188186646,7,13
normal_402,0,5,0.03807904,0,0,0,5,0.5887147188186646,7,13
normal_402,0,10,0.023387885,0,0,0,5,0.5887147188186646,7,13
normal_402,0,15,0.014433851,0,0,0,5,0.5887147188186646,7,13
normal_402,0,20,0.02123892,0,0,0,5,0.5887147188186646,7,13
normal_402,0,25,0.043341465,0,0,0,5,0.5887147188186646,7,13
normal_402,0,30,0.016823417,0,0,0,5,0.5887147188186646,7,13
normal_402,0,35,0.017914576,0,0,0,5,0.5887147188186646,7,13
normal_407,0,0,0.08064995,0,0,0,5,0.5887147188186646,7,13
normal_407,0,5,0.016681934,0,0,0,5,0.5887147188186646,7,13
normal_407,0,10,0.025337363,0,0,0,5,0.5887147188186646,7,13
normal_407,0,15,0.040218398,0,0,0,5,0.5887147188186646,7,13
normal_407,0,20,0.018288102,0,0,0,5,0.5887147188186646,7,13
normal_407,0,25,0.021560075,0,0,0,5,0.5887147188186646,7,13
normal_407,0,30,0.054498427,0,0,0,5,0.5887147188186646,7,13
normal_407,0,35,0.038197577,0,0,0,5,0.5887147188186646,7,13
normal_407,0,40,0.014147298,0,0,0,5,0.5887147188186646,7,13
normal_413,0,0,0.033840068,0,0,0,5,0.5887147188186646,7,13
normal_413,0,5,0.018686978,0,0,0,5,0.5887147188186646,7,13
normal_413,0,10,0.030413698,0,0,0,5,0.5887147188186646,7,13
normal_413,0,15,0.034447283,0,0,0,5,0.5887147188186646,7,13
normal_413,0,20,0.015701173,0,0,0,5,0.5887147188186646,7,13
normal_413,0,25,0.0243418,0,0,0,5,0.5887147188186646,7,13
normal_413,0,30,0.044416364,0,0,0,5,0.5887147188186646,7,13
normal_423,0,0,0.019925324,0,0,0,5,0.5887147188186646,7,13
normal_423,0,5,0.022958543,0,0,0,5,0.5887147188186646,7,13
normal_423,0,10,0.017090507,0,0,0,5,0.5887147188186646,7,13
normal_423,0,15,0.016746737,0,0,0,5,0.5887147188186646,7,13
normal_423,0,20,0.028637843,0,0,0,5,0.5887147188186646,7,13
normal_423,0,25,0.021295886,0,0,0,5,0.5887147188186646,7,13
normal_423,0,30,0.019516055,0,0,0,5,0.5887147188186646,7,13
normal_423,0,35,0.016983861,0,0,0,5,0.5887147188186646,7,13
normal_423,0,40,0.026198948,0,0,0,5,0.5887147188186646,7,13
normal_425,0,0,0.024779266,0,0,0,5,0.5887147188186646,7,13
normal_425,0,5,0.07633908,0,0,0,5,0.5887147188186646,7,13
normal_425,0,10,0.018596344,0,0,0,5,0.5887147188186646,7,13
normal_425,0,15,0.020020373,0,0,0,5,0.5887147188186646,7,13
normal_425,0,20,0.050373074,0,0,0,5,0.5887147188186646,7,13
normal_425,0,25,0.030843917,0,0,0,5,0.5887147188186646,7,13
normal_432,0,0,0.025943177,0,0,0,5,0.5887147188186646,7,13
normal_432,0,5,0.01845389,0,0,0,5,0.5887147188186646,7,13
normal_432,0,10,0.027144395,0,0,0,5,0.5887147188186646,7,13
normal_432,0,15,0.04870004,0,0,0,5,0.5887147188186646,7,13
normal_441,0,0,0.022234835,0,0,0,5,0.5887147188186646,7,13
normal_441,0,5,0.014251905,0,0,0,5,0.5887147188186646,7,13
normal_441,0,10,0.019476904,0,0,0,5,0.5887147188186646,7,13
normal_441,0,15,0.033008944,0,0,0,5,0.5887147188186646,7,13
normal_441,0,20,0.017416613,0,0,0,5,0.5887147188186646,7,13
normal_446,0,0,0.02537344,0,0,0,5,0.5887147188186646,7,13
normal_446,0,5,0.0144290095,0,0,0,5,0.5887147188186646,7,13
normal_446,0,10,0.024958799,0,0,0,5,0.5887147188186646,7,13
normal_446,0,15,0.041514628,0,0,0,5,0.5887147188186646,7,13
normal_446,0,20,0.014247471,0,0,0,5,0.5887147188186646,7,13
normal_446,0,25,0.020414574,0,0,0,5,0.5887147188186646,7,13
normal_446,0,30,0.03299334,0,0,0,5,0.5887147188186646,7,13
normal_447,0,0,0.035850957,0,0,0,5,0.5887147188186646,7,13
normal_447,0,5,0.033872236,0,0,0,5,0.5887147188186646,7,13
normal_447,0,10,0.021031009,0,0,0,5,0.5887147188186646,7,13
normal_447,0,15,0.030182308,0,0,0,5,0.5887147188186646,7,13
normal_447,0,20,0.03457205,0,0,0,5,0.5887147188186646,7,13
normal_461,0,0,0.059969306,0,0,0,5,0.5887147188186646,7,13
normal_461,0,5,0.01894593,0,0,0,5,0.5887147188186646,7,13
normal_461,0,10,0.025088325,0,0,0,5,0.5887147188186646,7,13
normal_461,0,15,0.014437969,0,0,0,5,0.5887147188186646,7,13
normal_461,0,20,0.014541598,0,0,0,5,0.5887147188186646,7,13
normal_461,0,25,0.021564431,0,0,0,5,0.5887147188186646,7,13
normal_461,0,30,0.4122817,0,0,0,5,0.5887147188186646,7,13
normal_461,0,35,0.09157576,0,0,0,5,0.5887147188186646,7,13
normal_461,0,40,0.016792668,0,0,0,5,0.5887147188186646,7,13
normal_464,0,0,0.02441343,0,0,0,5,0.5887147188186646,7,13
normal_464,0,5,0.015883656,0,0,0,5,0.5887147188186646,7,13
normal_464,0,10,0.024646819,0,0,0,5,0.5887147188186646,7,13
normal_464,0,15,0.06590767,0,0,0,5,0.5887147188186646,7,13
normal_464,0,20,0.023754511,0,0,0,5,0.5887147188186646,7,13
normal_467,0,0,0.020256285,0,0,0,5,0.5887147188186646,7,13
normal_467,0,5,0.020087576,0,0,0,5,0.5887147188186646,7,13
normal_467,0,10,0.04186578,0,0,0,5,0.5887147188186646,7,13
normal_467,0,15,0.017779283,0,0,0,5,0.5887147188186646,7,13
normal_467,0,20,0.027884949,0,0,0,5,0.5887147188186646,7,13
normal_467,0,25,0.039482385,0,0,0,5,0.5887147188186646,7,13
normal_467,0,30,0.029515622,0,0,0,5,0.5887147188186646,7,13
normal_467,0,35,0.023632444,0,0,0,5,0.5887147188186646,7,13
normal_467,0,40,0.03126413,0,0,0,5,0.5887147188186646,7,13
normal_479,0,0,0.044455197,0,0,0,5,0.5887147188186646,7,13
normal_479,0,5,0.037971307,0,0,0,5,0.5887147188186646,7,13
normal_479,0,10,0.018684788,0,0,0,5,0.5887147188186646,7,13
normal_479,0,15,0.024846667,0,0,0,5,0.5887147188186646,7,13
normal_479,0,20,0.042758543,0,0,0,5,0.5887147188186646,7,13
normal_479,0,25,0.019009236,0,0,0,5,0.5887147188186646,7,13
normal_479,0,30,0.021456309,0,0,0,5,0.5887147188186646,7,13
normal_479,0,35,0.03964373,0,0,0,5,0.5887147188186646,7,13
normal_479,0,40,0.024499025,0,0,0,5,0.5887147188186646,7,13
normal_480,0,0,0.061044727,0,0,0,5,0.5887147188186646,7,13
normal_480,0,5,0.020163747,0,0,0,5,0.5887147188186646,7,13
normal_480,0,10,0.020966277,0,0,0,5,0.5887147188186646,7,13
normal_480,0,15,0.036140714,0,0,0,5,0.5887147188186646,7,13
normal_480,0,20,0.02598612,0,0,0,5,0.5887147188186646,7,13
normal_480,0,25,0.01810888,0,0,0,5,0.5887147188186646,7,13
normal_480,0,30,0.027669258,0,0,0,5,0.5887147188186646,7,13
normal_480,0,35,0.03231399,0,0,0,5,0.5887147188186646,7,13
normal_480,0,40,0.018833421,0,0,0,5,0.5887147188186646,7,13
normal_481,0,0,0.0212569,0,0,0,5,0.5887147188186646,7,13
normal_481,0,5,0.040748827,0,0,0,5,0.5887147188186646,7,13
normal_481,0,10,0.022205697,0,0,0,5,0.5887147188186646,7,13
normal_481,0,15,0.017758084,0,0,0,5,0.5887147188186646,7,13
normal_481,0,20,0.029673593,0,0,0,5,0.5887147188186646,7,13
normal_481,0,25,0.035513688,0,0,0,5,0.5887147188186646,7,13
normal_481,0,30,0.021472314,0,0,0,5,0.5887147188186646,7,13
normal_481,0,35,0.031103246,0,0,0,5,0.5887147188186646,7,13
normal_481,0,40,0.046807364,0,0,0,5,0.5887147188186646,7,13
normal_482,0,0,0.033715785,0,0,0,5,0.5887147188186646,7,13
normal_482,0,5,0.037964165,0,0,0,5,0.5887147188186646,7,13
normal_482,0,10,0.01807706,0,0,0,5,0.5887147188186646,7,13
normal_482,0,15,0.02301917,0,0,0,5,0.5887147188186646,7,13
normal_482,0,20,0.086121246,0,0,0,5,0.5887147188186646,7,13
normal_482,0,25,0.020022184,0,0,0,5,0.5887147188186646,7,13
normal_482,0,30,0.024383623,0,0,0,5,0.5887147188186646,7,13
normal_483,0,0,0.031606585,0,0,0,5,0.5887147188186646,7,13
normal_483,0,5,0.017233286,0,0,0,5,0.5887147188186646,7,13
normal_483,0,10,0.02366782,0,0,0,5,0.5887147188186646,7,13
normal_483,0,15,0.029980382,0,0,0,5,0.5887147188186646,7,13
normal_483,0,20,0.017235111,0,0,0,5,0.5887147188186646,7,13
normal_483,0,25,0.022891488,0,0,0,5,0.5887147188186646,7,13
normal_483,0,30,0.04987999,0,0,0,5,0.5887147188186646,7,13
normal_483,0,35,0.022639457,0,0,0,5,0.5887147188186646,7,13
normal_483,0,40,0.021353453,0,0,0,5,0.5887147188186646,7,13
normal_484,0,0,0.029574912,0,0,0,5,0.5887147188186646,7,13
normal_484,0,5,0.03902097,0,0,0,5,0.5887147188186646,7,13
normal_484,0,10,0.018233495,0,0,0,5,0.5887147188186646,7,13
normal_484,0,15,0.024057925,0,0,0,5,0.5887147188186646,7,13
normal_484,0,20,0.03671808,0,0,0,5,0.5887147188186646,7,13
normal_484,0,25,0.021406151,0,0,0,5,0.5887147188186646,7,13
normal_484,0,30,0.023638513,0,0,0,5,0.5887147188186646,7,13
normal_489,0,0,0.047128953,0,0,0,5,0.5887147188186646,7,13
normal_489,0,5,0.018867048,0,0,0,5,0.5887147188186646,7,13
normal_489,0,10,0.020145888,0,0,0,5,0.5887147188186646,7,13
normal_493,0,0,0.0449539,0,0,0,5,0.5887147188186646,7,13
normal_493,0,5,0.021878006,0,0,0,5,0.5887147188186646,7,13
normal_493,0,10,0.027686965,0,0,0,5,0.5887147188186646,7,13
normal_493,0,15,0.04628627,0,0,0,5,0.5887147188186646,7,13
normal_493,0,20,0.020266717,0,0,0,5,0.5887147188186646,7,13
normal_493,0,25,0.024547858,0,0,0,5,0.5887147188186646,7,13
normal_493,0,30,0.054632057,0,0,0,5,0.5887147188186646,7,13
normal_493,0,35,0.021942109,0,0,0,5,0.5887147188186646,7,13
normal_493,0,40,0.021313336,0,0,0,5,0.5887147188186646,7,13
normal_495,0,0,0.027408801,0,0,0,5,0.5887147188186646,7,13
normal_495,0,5,0.04618601,0,0,0,5,0.5887147188186646,7,13
normal_495,0,10,0.019345596,0,0,0,5,0.5887147188186646,7,13
normal_495,0,15,0.026960721,0,0,0,5,0.5887147188186646,7,13
normal_501,0,0,0.050164606,0,0,0,5,0.5887147188186646,7,13
normal_501,0,5,0.021516321,0,0,0,5,0.5887147188186646,7,13
normal_501,0,10,0.024094231,0,0,0,5,0.5887147188186646,7,13
normal_501,0,15,0.039965022,0,0,0,5,0.5887147188186646,7,13
normal_501,0,20,0.025940273,0,0,0,5,0.5887147188186646,7,13
normal_501,0,25,0.018279986,0,0,0,5,0.5887147188186646,7,13
normal_507,0,0,0.018021183,0,0,0,5,0.5887147188186646,7,13
normal_507,0,5,0.028287606,0,0,0,5,0.5887147188186646,7,13
normal_507,0,10,0.04853983,0,0,0,5,0.5887147188186646,7,13
normal_507,0,15,0.018879598,0,0,0,5,0.5887147188186646,7,13
normal_507,0,20,0.022715308,0,0,0,5,0.5887147188186646,7,13
normal_507,0,25,0.04604984,0,0,0,5,0.5887147188186646,7,13
normal_523,0,0,0.021823568,0,0,0,5,0.5887147188186646,7,13
normal_523,0,5,0.026402919,0,0,0,5,0.5887147188186646,7,13
normal_523,0,10,0.03579966,0,0,0,5,0.5887147188186646,7,13
normal_523,0,15,0.022191547,0,0,0,5,0.5887147188186646,7,13
normal_534,0,0,0.037614416,0,0,0,5,0.5887147188186646,7,13
normal_534,0,5,0.017770326,0,0,0,5,0.5887147188186646,7,13
normal_534,0,10,0.02445006,0,0,0,5,0.5887147188186646,7,13
normal_534,0,15,0.03895035,0,0,0,5,0.5887147188186646,7,13
normal_534,0,20,0.02125685,0,0,0,5,0.5887147188186646,7,13
normal_534,0,25,0.024039062,0,0,0,5,0.5887147188186646,7,13
normal_538,0,0,0.031586453,0,0,0,5,0.5887147188186646,7,13
normal_538,0,5,0.017736897,0,0,0,5,0.5887147188186646,7,13
normal_538,0,10,0.025893997,0,0,0,5,0.5887147188186646,7,13
normal_538,0,15,0.051966608,0,0,0,5,0.5887147188186646,7,13
normal_538,0,20,0.018020129,0,0,0,5,0.5887147188186646,7,13
normal_538,0,25,0.02126078,0,0,0,5,0.5887147188186646,7,13
normal_538,0,30,0.040333726,0,0,0,5,0.5887147188186646,7,13
normal_538,0,35,0.026296323,0,0,0,5,0.5887147188186646,7,13
normal_538,0,40,0.019161543,0,0,0,5,0.5887147188186646,7,13
normal_540,0,0,0.028358603,0,0,0,5,0.5887147188186646,7,13
normal_540,0,5,0.018246934,0,0,0,5,0.5887147188186646,7,13
normal_540,0,10,0.02707776,0,0,0,5,0.5887147188186646,7,13
normal_571,0,0,0.028284827,0,0,0,5,0.5887147188186646,7,13
normal_571,0,5,0.047920376,0,0,0,5,0.5887147188186646,7,13
normal_571,0,10,0.02017607,0,0,0,5,0.5887147188186646,7,13
normal_571,0,15,0.023608554,0,0,0,5,0.5887147188186646,7,13
normal_571,0,20,0.07558879,0,0,0,5,0.5887147188186646,7,13
normal_571,0,25,0.025392171,0,0,0,5,0.5887147188186646,7,13
normal_571,0,30,0.028764004,0,0,0,5,0.5887147188186646,7,13
normal_573,0,0,0.02748604,0,0,0,5,0.5887147188186646,7,13
normal_573,0,5,0.039840106,0,0,0,5,0.5887147188186646,7,13
normal_573,0,10,0.033279672,0,0,0,5,0.5887147188186646,7,13
normal_575,0,0,0.023685586,0,0,0,5,0.5887147188186646,7,13
normal_575,0,5,0.021101536,0,0,0,5,0.5887147188186646,7,13
normal_575,0,10,0.032122627,0,0,0,5,0.5887147188186646,7,13
normal_575,0,15,0.02670073,0,0,0,5,0.5887147188186646,7,13
normal_575,0,20,0.016575096,0,0,0,5,0.5887147188186646,7,13
normal_575,0,25,0.021072185,0,0,0,5,0.5887147188186646,7,13
normal_575,0,30,0.021052431,0,0,0,5,0.5887147188186646,7,13
normal_575,0,35,0.018946892,0,0,0,5,0.5887147188186646,7,13
normal_575,0,40,0.029013408,0,0,0,5,0.5887147188186646,7,13
normal_579,0,0,0.04185874,0,0,0,5,0.5887147188186646,7,13
normal_579,0,5,0.030973533,0,0,0,5,0.5887147188186646,7,13
normal_579,0,10,0.01819697,0,0,0,5,0.5887147188186646,7,13
normal_579,0,15,0.027408801,0,0,0,5,0.5887147188186646,7,13
normal_579,0,20,0.030069206,0,0,0,5,0.5887147188186646,7,13
normal_579,0,25,0.02342836,0,0,0,5,0.5887147188186646,7,13
normal_589,0,0,0.016913319,0,0,0,5,0.5887147188186646,7,13
normal_589,0,5,0.02209609,0,0,0,5,0.5887147188186646,7,13
normal_589,0,10,0.06620575,0,0,0,5,0.5887147188186646,7,13
normal_589,0,15,0.024228316,0,0,0,5,0.5887147188186646,7,13
normal_589,0,20,0.023571333,0,0,0,5,0.5887147188186646,7,13
normal_589,0,25,0.047857,0,0,0,5,0.5887147188186646,7,13
normal_589,0,30,0.02982273,0,0,0,5,0.5887147188186646,7,13
normal_598,0,0,0.039414853,0,0,0,5,0.5887147188186646,7,13
normal_598,0,5,0.03508353,0,0,0,5,0.5887147188186646,7,13
normal_598,0,10,0.014612835,0,0,0,5,0.5887147188186646,7,13
normal_598,0,15,0.025577832,0,0,0,5,0.5887147188186646,7,13
normal_598,0,20,0.04809415,0,0,0,5,0.5887147188186646,7,13
normal_598,0,25,0.01443508,0,0,0,5,0.5887147188186646,7,13
normal_598,0,30,0.023320623,0,0,0,5,0.5887147188186646,7,13
normal_598,0,35,0.05697669,0,0,0,5,0.5887147188186646,7,13
normal_598,0,40,0.020237798,0,0,0,5,0.5887147188186646,7,13
anomaly_3,1,0,0.9527124,1,1,0,5,0.5887147188186646,7,13
anomaly_3,1,5,0.97629523,1,2,0,5,0.5887147188186646,7,13
anomaly_3,1,10,0.98979163,1,3,0,5,0.5887147188186646,7,13
anomaly_3,1,15,0.98708993,1,4,0,5,0.5887147188186646,7,13
anomaly_3,1,20,0.98217344,1,5,0,5,0.5887147188186646,7,13
anomaly_3,1,25,0.98013675,1,6,0,5,0.5887147188186646,7,13
anomaly_3,1,30,0.990373,1,7,1,5,0.5887147188186646,7,13
anomaly_3,1,35,0.9563897,1,8,1,5,0.5887147188186646,7,13
anomaly_13,1,0,0.99030834,1,1,0,5,0.5887147188186646,7,13
anomaly_13,1,5,0.988057,1,2,0,5,0.5887147188186646,7,13
anomaly_13,1,10,0.97947216,1,3,0,5,0.5887147188186646,7,13
anomaly_13,1,15,0.9779221,1,4,0,5,0.5887147188186646,7,13
anomaly_13,1,20,0.9848585,1,5,0,5,0.5887147188186646,7,13
anomaly_13,1,25,0.93726796,1,6,0,5,0.5887147188186646,7,13
anomaly_13,1,30,0.9399658,1,7,1,5,0.5887147188186646,7,13
anomaly_19,1,0,0.9646387,1,1,0,5,0.5887147188186646,7,13
anomaly_19,1,5,0.9901828,1,2,0,5,0.5887147188186646,7,13
anomaly_19,1,10,0.99041486,1,3,0,5,0.5887147188186646,7,13
