group,label,start,score,warning,run_count,run_alarm_trigger,fold,warning_threshold,markov_k,upper_k
normal_1,0,0,0.00028807246877927994,0,0,0,1,0.0014359777480339793,5,8
normal_1,0,5,8.028217377729152e-05,0,0,0,1,0.0014359777480339793,5,8
normal_1,0,10,8.369849761653942e-05,0,0,0,1,0.0014359777480339793,5,8
normal_1,0,15,0.00011650019951133832,0,0,0,1,0.0014359777480339793,5,8
normal_1,0,20,6.399402918582496e-05,0,0,0,1,0.0014359777480339793,5,8
normal_1,0,25,0.00011639219176342315,0,0,0,1,0.0014359777480339793,5,8
normal_1,0,30,0.000160101375643667,0,0,0,1,0.0014359777480339793,5,8
normal_3,0,0,0.00010405546896307862,0,0,0,1,0.0014359777480339793,5,8
normal_3,0,5,0.00010120079204085289,0,0,0,1,0.0014359777480339793,5,8
normal_3,0,10,6.741262865604691e-05,0,0,0,1,0.0014359777480339793,5,8
normal_8,0,0,6.779623151116995e-05,0,0,0,1,0.0014359777480339793,5,8
normal_8,0,5,0.00019860751255384616,0,0,0,1,0.0014359777480339793,5,8
normal_8,0,10,0.000103980999938312,0,0,0,1,0.0014359777480339793,5,8
normal_8,0,15,8.907938493694754e-05,0,0,0,1,0.0014359777480339793,5,8
normal_8,0,20,0.00026308750496691226,0,0,0,1,0.0014359777480339793,5,8
normal_8,0,25,0.00012132399706026221,0,0,0,1,0.0014359777480339793,5,8
normal_8,0,30,0.00020966646867289613,0,0,0,1,0.0014359777480339793,5,8
normal_51,0,0,9.97891730047119e-05,0,0,0,1,0.0014359777480339793,5,8
normal_51,0,5,8.232019362469656e-05,0,0,0,1,0.0014359777480339793,5,8
normal_51,0,10,9.328474692068338e-05,0,0,0,1,0.0014359777480339793,5,8
normal_56,0,0,0.00023214686311648686,0,0,0,1,0.0014359777480339793,5,8
normal_56,0,5,5.934121467587665e-05,0,0,0,1,0.0014359777480339793,5,8
normal_56,0,10,8.813740289096912e-05,0,0,0,1,0.0014359777480339793,5,8
normal_56,0,15,0.0001640121157862547,0,0,0,1,0.0014359777480339793,5,8
normal_56,0,20,7.2119613080007e-05,0,0,0,1,0.0014359777480339793,5,8
normal_56,0,25,0.00011256404621358369,0,0,0,1,0.0014359777480339793,5,8
normal_56,0,30,7.123911812633777e-05,0,0,0,1,0.0014359777480339793,5,8
normal_56,0,35,0.00014114984928089317,0,0,0,1,0.0014359777480339793,5,8
normal_56,0,40,0.00010836551685871139,0,0,0,1,0.0014359777480339793,5,8
normal_58,0,0,8.794560339233054e-05,0,0,0,1,0.0014359777480339793,5,8
normal_58,0,5,8.116743391286398e-05,0,0,0,1,0.0014359777480339793,5,8
normal_58,0,10,5.9924786418909984e-05,0,0,0,1,0.0014359777480339793,5,8
normal_58,0,15,9.73494479576193e-05,0,0,0,1,0.0014359777480339793,5,8
normal_58,0,20,9.10064301196469e-05,0,0,0,1,0.0014359777480339793,5,8
normal_58,0,25,7.038051989773482e-05,0,0,0,1,0.0014359777480339793,5,8
normal_58,0,30,9.990057063380714e-05,0,0,0,1,0.0014359777480339793,5,8
normal_58,0,35,6.915735460523159e-05,0,0,0,1,0.0014359777480339793,5,8
normal_58,0,40,7.09347007517981e-05,0,0,0,1,0.0014359777480339793,5,8
normal_62,0,0,8.747524346428385e-05,0,0,0,1,0.0014359777480339793,5,8
normal_62,0,5,7.992585178631561e-05,0,0,0,1,0.0014359777480339793,5,8
normal_62,0,10,0.00012219520795829004,0,0,0,1,0.0014359777480339793,5,8
normal_62,0,15,8.1177081673317e-05,0,0,0,1,0.0014359777480339793,5,8
normal_62,0,20,6.753664780630685e-05,0,0,0,1,0.0014359777480339793,5,8
normal_62,0,25,0.00013118550813867488,0,0,0,1,0.0014359777480339793,5,8
normal_62,0,30,8.562375487870149e-05,0,0,0,1,0.0014359777480339793,5,8
normal_62,0,35,6.74201625607658e-05,0,0,0,1,0.0014359777480339793,5,8
normal_62,0,40,0.00015210751124952333,0,0,0,1,0.0014359777480339793,5,8
normal_71,0,0,6.959466343231706e-05,0,0,0,1,0.0014359777480339793,5,8
normal_71,0,5,0.00012908728648012899,0,0,0,1,0.0014359777480339793,5,8
normal_71,0,10,8.794603555116215e-05,0,0,0,1,0.0014359777480339793,5,8
normal_71,0,15,0.00014311550653535468,0,0,0,1,0.0014359777480339793,5,8
normal_71,0,20,5.934121467587665e-05,0,0,0,1,0.0014359777480339793,5,8
normal_71,0,25,9.734607091027392e-05,0,0,0,1,0.0014359777480339793,5,8
normal_71,0,30,8.538475337234821e-05,0,0,0,1,0.0014359777480339793,5,8
normal_71,0,35,8.387607479108121e-05,0,0,0,1,0.0014359777480339793,5,8
normal_71,0,40,0.00011256404621358369,0,0,0,1,0.0014359777480339793,5,8
normal_77,0,0,6.779623151116995e-05,0,0,0,1,0.0014359777480339793,5,8
normal_77,0,5,0.00016561216829170844,0,0,0,1,0.0014359777480339793,5,8
normal_77,0,10,0.00010396371534906587,0,0,0,1,0.0014359777480339793,5,8
normal_77,0,15,8.908866635657331e-05,0,0,0,1,0.0014359777480339793,5,8
normal_77,0,20,0.00010840739475531879,0,0,0,1,0.0014359777480339793,5,8
normal_77,0,25,6.643253146514582e-05,0,0,0,1,0.0014359777480339793,5,8
normal_77,0,30,0.0001669005880078271,0,0,0,1,0.0014359777480339793,5,8
normal_77,0,35,7.128342663992258e-05,0,0,0,1,0.0014359777480339793,5,8
normal_77,0,40,9.023882719541138e-05,0,0,0,1,0.0014359777480339793,5,8
normal_79,0,0,7.368005319251391e-05,0,0,0,1,0.0014359777480339793,5,8
normal_79,0,5,0.0003275486126913536,0,0,0,1,0.0014359777480339793,5,8
normal_79,0,10,0.00011379464527868795,0,0,0,1,0.0014359777480339793,5,8
normal_79,0,15,6.91492867890437e-05,0,0,0,1,0.0014359777480339793,5,8
normal_79,0,20,0.0001387781345379411,0,0,0,1,0.0014359777480339793,5,8
normal_79,0,25,0.00011947725236660027,0,0,0,1,0.0014359777480339793,5,8
normal_79,0,30,9.247191841729671e-05,0,0,0,1,0.0014359777480339793,5,8
normal_79,0,35,9.59963289187391e-05,0,0,0,1,0.0014359777480339793,5,8
normal_79,0,40,6.244313502510736e-05,0,0,0,1,0.0014359777480339793,5,8
normal_86,0,0,0.00010529111791731883,0,0,0,1,0.0014359777480339793,5,8
normal_86,0,5,9.064708298860743e-05,0,0,0,1,0.0014359777480339793,5,8
normal_86,0,10,0.00011955296980708267,0,0,0,1,0.0014359777480339793,5,8
normal_86,0,15,5.935070516896637e-05,0,0,0,1,0.0014359777480339793,5,8
normal_86,0,20,9.734607091027392e-05,0,0,0,1,0.0014359777480339793,5,8
normal_86,0,25,0.00014146427733035546,0,0,0,1,0.0014359777480339793,5,8
normal_86,0,30,7.3282592820453e-05,0,0,0,1,0.0014359777480339793,5,8
normal_86,0,35,0.00011256404621358369,0,0,0,1,0.0014359777480339793,5,8
normal_87,0,0,0.0001860848015782435,0,0,0,1,0.0014359777480339793,5,8
normal_87,0,5,7.821649859135779e-05,0,0,0,1,0.0014359777480339793,5,8
normal_87,0,10,0.00010102794715939046,0,0,0,1,0.0014359777480339793,5,8
normal_87,0,15,0.00013204538094589214,0,0,0,1,0.0014359777480339793,5,8
normal_87,0,20,8.33381499206367e-05,0,0,0,1,0.0014359777480339793,5,8
normal_95,0,0,9.492978141150095e-05,0,0,0,1,0.0014359777480339793,5,8
normal_95,0,5,0.00011813286615027353,0,0,0,1,0.0014359777480339793,5,8
normal_95,0,10,0.00036425679681045245,0,0,0,1,0.0014359777480339793,5,8
normal_95,0,15,0.00012238020349250212,0,0,0,1,0.0014359777480339793,5,8
normal_95,0,20,0.0018904220657684889,1,1,0,1,0.0014359777480339793,5,8
normal_95,0,25,0.00011362697604022554,0,0,0,1,0.0014359777480339793,5,8
normal_95,0,30,6.848656674102478e-05,0,0,0,1,0.0014359777480339793,5,8
normal_95,0,35,0.001408506629446204,0,0,0,1,0.0014359777480339793,5,8
normal_95,0,40,0.00025818703453773324,0,0,0,1,0.0014359777480339793,5,8
normal_99,0,0,6.493569290531934e-05,0,0,0,1,0.0014359777480339793,5,8
normal_99,0,5,9.831151551032815e-05,0,0,0,1,0.0014359777480339793,5,8
normal_99,0,10,0.0023749899134216526,1,1,0,1,0.0014359777480339793,5,8
normal_102,0,0,0.00019159956124655081,0,0,0,1,0.0014359777480339793,5,8
normal_102,0,5,6.754704022128662e-05,0,0,0,1,0.0014359777480339793,5,8
normal_102,0,10,0.00019876123591521937,0,0,0,1,0.0014359777480339793,5,8
normal_102,0,15,8.94257613316755e-05,0,0,0,1,0.0014359777480339793,5,8
normal_102,0,20,7.615629631008627e-05,0,0,0,1,0.0014359777480339793,5,8
normal_102,0,25,0.00012839920399847663,0,0,0,1,0.0014359777480339793,5,8
normal_102,0,30,0.00064586843791132,0,0,0,1,0.0014359777480339793,5,8
normal_102,0,35,0.00010934558691990417,0,0,0,1,0.0014359777480339793,5,8
normal_102,0,40,9.406177098363778e-05,0,0,0,1,0.0014359777480339793,5,8
normal_103,0,0,0.00013098913118885926,0,0,0,1,0.0014359777480339793,5,8
normal_103,0,5,0.00457657889807648,1,1,0,1,0.0014359777480339793,5,8
normal_103,0,10,0.00026579048141089743,0,0,0,1,0.0014359777480339793,5,8
normal_103,0,15,0.00010600266453222507,0,0,0,1,0.0014359777480339793,5,8
normal_103,0,20,7.196244441779129e-05,0,0,0,1,0.0014359777480339793,5,8
normal_103,0,25,8.494133678901475e-05,0,0,0,1,0.0014359777480339793,5,8
normal_103,0,30,6.754704022128662e-05,0,0,0,1,0.0014359777480339793,5,8
normal_103,0,35,9.207536344280282e-05,0,0,0,1,0.0014359777480339793,5,8
normal_115,0,0,0.00017227789816436534,0,0,0,1,0.0014359777480339793,5,8
normal_115,0,5,9.283922264466564e-05,0,0,0,1,0.0014359777480339793,5,8
normal_115,0,10,6.848367944799173e-05,0,0,0,1,0.0014359777480339793,5,8
normal_115,0,15,8.564281585972806e-05,0,0,0,1,0.0014359777480339793,5,8
normal_115,0,20,6.754704022128662e-05,0,0,0,1,0.0014359777480339793,5,8
normal_115,0,25,0.00015946882440014208,0,0,0,1,0.0014359777480339793,5,8
normal_115,0,30,0.00014138983392568993,0,0,0,1,0.0014359777480339793,5,8
normal_130,0,0,0.00019649605502670742,0,0,0,1,0.0014359777480339793,5,8
normal_130,0,5,7.433694831621803e-05,0,0,0,1,0.0014359777480339793,5,8
normal_130,0,10,9.506965946034868e-05,0,0,0,1,0.0014359777480339793,5,8
normal_147,0,0,0.000809624492324088,0,0,0,1,0.0014359777480339793,5,8
normal_147,0,5,6.608627684798348e-05,0,0,0,1,0.0014359777480339793,5,8
normal_147,0,10,9.507798784382814e-05,0,0,0,1,0.0014359777480339793,5,8
normal_147,0,15,6.914962659041619e-05,0,0,0,1,0.0014359777480339793,5,8
normal_147,0,20,6.701695597049829e-05,0,0,0,1,0.0014359777480339793,5,8
normal_147,0,25,0.00012819261083238972,0,0,0,1,0.0014359777480339793,5,8
normal_147,0,30,8.799080334519975e-05,0,0,0,1,0.0014359777480339793,5,8
normal_160,0,0,0.00012061895671682875,0,0,0,1,0.0014359777480339793,5,8
normal_160,0,5,9.009448440425485e-05,0,0,0,1,0.0014359777480339793,5,8
normal_160,0,10,0.00025845172478450415,0,0,0,1,0.0014359777480339793,5,8
normal_160,0,15,6.49284366110593e-05,0,0,0,1,0.0014359777480339793,5,8
normal_160,0,20,9.829484618515815e-05,0,0,0,1,0.0014359777480339793,5,8
normal_160,0,25,0.00046487351992789965,0,0,0,1,0.0014359777480339793,5,8
normal_160,0,30,8.030773146497052e-05,0,0,0,1,0.0014359777480339793,5,8
normal_160,0,35,0.00010712135688632817,0,0,0,1,0.0014359777480339793,5,8
normal_160,0,40,8.7689601926935e-05,0,0,0,1,0.0014359777480339793,5,8
normal_167,0,0,0.00027171006491038266,0,0,0,1,0.0014359777480339793,5,8
normal_167,0,5,7.197231622410193e-05,0,0,0,1,0.0014359777480339793,5,8
normal_167,0,10,9.299373534118843e-05,0,0,0,1,0.0014359777480339793,5,8
normal_167,0,15,6.754964478432611e-05,0,0,0,1,0.0014359777480339793,5,8
normal_167,0,20,0.00011751065919513585,0,0,0,1,0.0014359777480339793,5,8
normal_173,0,0,7.056242443566143e-05,0,0,0,1,0.0014359777480339793,5,8
normal_173,0,5,9.645035662865655e-05,0,0,0,1,0.0014359777480339793,5,8
normal_173,0,10,5.915380285739759e-05,0,0,0,1,0.0014359777480339793,5,8
normal_173,0,15,8.395510585497896e-05,0,0,0,1,0.0014359777480339793,5,8
normal_177,0,0,0.0001657489664226071,0,0,0,1,0.0014359777480339793,5,8
normal_177,0,5,8.576270602986594e-05,0,0,0,1,0.0014359777480339793,5,8
normal_177,0,10,8.737504453177986e-05,0,0,0,1,0.0014359777480339793,5,8
normal_177,0,15,0.00016743716332247687,0,0,0,1,0.0014359777480339793,5,8
normal_177,0,20,0.00044437987094821904,0,0,0,1,0.0014359777480339793,5,8
normal_177,0,25,9.414359129851338e-05,0,0,0,1,0.0014359777480339793,5,8
normal_177,0,30,7.197231622410193e-05,0,0,0,1,0.0014359777480339793,5,8
normal_177,0,35,0.00010270729410461003,0,0,0,1,0.0014359777480339793,5,8
normal_177,0,40,6.754964478432611e-05,0,0,0,1,0.0014359777480339793,5,8
normal_178,0,0,7.949180905512426e-05,0,0,0,1,0.0014359777480339793,5,8
normal_178,0,5,0.00013197317960605664,0,0,0,1,0.0014359777480339793,5,8
normal_178,0,10,7.271928828963006e-05,0,0,0,1,0.0014359777480339793,5,8
normal_178,0,15,8.788694813238737e-05,0,0,0,1,0.0014359777480339793,5,8
normal_178,0,20,0.00012260384278899405,0,0,0,1,0.0014359777480339793,5,8
normal_178,0,25,9.351593007438605e-05,0,0,0,1,0.0014359777480339793,5,8
normal_178,0,30,8.57739589534586e-05,0,0,0,1,0.0014359777480339793,5,8
normal_178,0,35,8.786150011743212e-05,0,0,0,1,0.0014359777480339793,5,8
normal_183,0,0,6.848452741026645e-05,0,0,0,1,0.0014359777480339793,5,8
normal_183,0,5,7.021170743373945e-05,0,0,0,1,0.0014359777480339793,5,8
normal_183,0,10,6.753631593057926e-05,0,0,0,1,0.0014359777480339793,5,8
normal_183,0,15,8.477401135128628e-05,0,0,0,1,0.0014359777480339793,5,8
normal_183,0,20,8.03101980612372e-05,0,0,0,1,0.0014359777480339793,5,8
normal_183,0,25,6.492432055660694e-05,0,0,0,1,0.0014359777480339793,5,8
normal_183,0,30,0.00010108659578457824,0,0,0,1,0.0014359777480339793,5,8
normal_183,0,35,0.000604216038701268,0,0,0,1,0.0014359777480339793,5,8
normal_185,0,0,8.478096080152181e-05,0,0,0,1,0.0014359777480339793,5,8
normal_185,0,5,0.0001999888055554608,0,0,0,1,0.0014359777480339793,5,8
normal_185,0,10,0.00016085319232331724,0,0,0,1,0.0014359777480339793,5,8
normal_185,0,15,9.734654925787903e-05,0,0,0,1,0.0014359777480339793,5,8
normal_185,0,20,0.0021320765876345527,1,1,0,1,0.0014359777480339793,5,8
normal_188,0,0,6.574961502538916e-05,0,0,0,1,0.0014359777480339793,5,8
normal_188,0,5,8.165069887700112e-05,0,0,0,1,0.0014359777480339793,5,8
normal_188,0,10,0.00022418376275133725,0,0,0,1,0.0014359777480339793,5,8
normal_188,0,15,6.856728691181079e-05,0,0,0,1,0.0014359777480339793,5,8
normal_188,0,20,9.337850838450977e-05,0,0,0,1,0.0014359777480339793,5,8
normal_188,0,25,9.830290391291607e-05,0,0,0,1,0.0014359777480339793,5,8
normal_188,0,30,0.00011119511592047136,0,0,0,1,0.0014359777480339793,5,8
normal_188,0,35,6.556350587859568e-05,0,0,0,1,0.0014359777480339793,5,8
normal_188,0,40,0.00010102794715939046,0,0,0,1,0.0014359777480339793,5,8
normal_190,0,0,5.998957826651177e-05,0,0,0,1,0.0014359777480339793,5,8
normal_190,0,5,8.826610401512839e-05,0,0,0,1,0.0014359777480339793,5,8
normal_190,0,10,0.00022615463777864983,0,0,0,1,0.0014359777480339793,5,8
normal_190,0,15,0.00015808229448087145,0,0,0,1,0.0014359777480339793,5,8
normal_190,0,20,0.00011146613203719524,0,0,0,1,0.0014359777480339793,5,8
normal_190,0,25,8.271560215187018e-05,0,0,0,1,0.0014359777480339793,5,8
normal_206,0,0,8.477148706891728e-05,0,0,0,1,0.0014359777480339793,5,8
normal_206,0,5,8.28227807320761e-05,0,0,0,1,0.0014359777480339793,5,8
normal_206,0,10,0.00016084229311140967,0,0,0,1,0.0014359777480339793,5,8
normal_206,0,15,9.734534396637915e-05,0,0,0,1,0.0014359777480339793,5,8
normal_206,0,20,0.001921997396420911,1,1,0,1,0.0014359777480339793,5,8
normal_207,0,0,9.414475695091217e-05,0,0,0,1,0.0014359777480339793,5,8
normal_207,0,5,7.349176334585321e-05,0,0,0,1,0.0014359777480339793,5,8
normal_207,0,10,7.187324656731109e-05,0,0,0,1,0.0014359777480339793,5,8
normal_212,0,0,8.236267286699249e-05,0,0,0,1,0.0014359777480339793,5,8
normal_212,0,5,0.00011353169761185845,0,0,0,1,0.0014359777480339793,5,8
normal_212,0,10,0.00028700865509848484,0,0,0,1,0.0014359777480339793,5,8
normal_212,0,15,5.992710499120167e-05,0,0,0,1,0.0014359777480339793,5,8
normal_212,0,20,8.826610401512839e-05,0,0,0,1,0.0014359777480339793,5,8
normal_212,0,25,0.00017570530417799143,0,0,0,1,0.0014359777480339793,5,8
normal_212,0,30,0.0001600457472866462,0,0,0,1,0.0014359777480339793,5,8
normal_212,0,35,0.00010608087068531443,0,0,0,1,0.0014359777480339793,5,8
normal_212,0,40,9.713341432320489e-05,0,0,0,1,0.0014359777480339793,5,8
normal_223,0,0,8.512861492738308e-05,0,0,0,1,0.0014359777480339793,5,8
normal_223,0,5,0.00010690818294622856,0,0,0,1,0.0014359777480339793,5,8
normal_223,0,10,8.509036404777921e-05,0,0,0,1,0.0014359777480339793,5,8
normal_223,0,15,7.152808332277819e-05,0,0,0,1,0.0014359777480339793,5,8
normal_223,0,20,8.826610401512839e-05,0,0,0,1,0.0014359777480339793,5,8
normal_223,0,25,0.00014867104578842737,0,0,0,1,0.0014359777480339793,5,8
normal_223,0,30,0.0007473160467705081,0,0,0,1,0.0014359777480339793,5,8
normal_223,0,35,0.00027254658352971633,0,0,0,1,0.0014359777480339793,5,8
normal_223,0,40,0.00011205313377161283,0,0,0,1,0.0014359777480339793,5,8
normal_224,0,0,6.77644293320235e-05,0,0,0,1,0.0014359777480339793,5,8
normal_224,0,5,0.00012668095232921725,0,0,0,1,0.0014359777480339793,5,8
normal_224,0,10,0.0001676675229381641,0,0,0,1,0.0014359777480339793,5,8
normal_224,0,15,9.501720423589807e-05,0,0,0,1,0.0014359777480339793,5,8
normal_224,0,20,7.770458867802423e-05,0,0,0,1,0.0014359777480339793,5,8
normal_224,0,25,0.0002045444381533513,0,0,0,1,0.0014359777480339793,5,8
normal_224,0,30,6.856728691181079e-05,0,0,0,1,0.0014359777480339793,5,8
normal_225,0,0,6.848367944799173e-05,0,0,0,1,0.0014359777480339793,5,8
normal_225,0,5,0.00019557577444637476,0,0,0,1,0.0014359777480339793,5,8
normal_225,0,10,0.00011638209409566027,0,0,0,1,0.0014359777480339793,5,8
normal_225,0,15,0.00015946882440014208,0,0,0,1,0.0014359777480339793,5,8
normal_229,0,0,0.00012483736661201495,0,0,0,1,0.0014359777480339793,5,8
normal_229,0,5,6.849379687360463e-05,0,0,0,1,0.0014359777480339793,5,8
normal_229,0,10,0.00019126865393263796,0,0,0,1,0.0014359777480339793,5,8
normal_229,0,15,0.0001163853464264367,0,0,0,1,0.0014359777480339793,5,8
normal_229,0,20,8.908866635657331e-05,0,0,0,1,0.0014359777480339793,5,8
normal_229,0,25,0.00020208598201969916,0,0,0,1,0.0014359777480339793,5,8
normal_229,0,30,8.474595482019726e-05,0,0,0,1,0.0014359777480339793,5,8
normal_229,0,35,0.000172576324296707,0,0,0,1,0.0014359777480339793,5,8
normal_229,0,40,7.752641160822982e-05,0,0,0,1,0.0014359777480339793,5,8
normal_237,0,0,6.789837641685162e-05,0,0,0,1,0.0014359777480339793,5,8
normal_237,0,5,7.783544124307652e-05,0,0,0,1,0.0014359777480339793,5,8
normal_237,0,10,8.398730354279101e-05,0,0,0,1,0.0014359777480339793,5,8
normal_237,0,15,0.0018901361513881368,1,1,0,1,0.0014359777480339793,5,8
normal_243,0,0,0.0001097766481552762,0,0,0,1,0.0014359777480339793,5,8
normal_243,0,5,6.689735410442268e-05,0,0,0,1,0.0014359777480339793,5,8
normal_243,0,10,8.909210147449829e-05,0,0,0,1,0.0014359777480339793,5,8
normal_243,0,15,0.00011346454942407737,0,0,0,1,0.0014359777480339793,5,8
normal_246,0,0,0.00019676087506204277,0,0,0,1,0.0014359777480339793,5,8
normal_246,0,5,9.030545369146811e-05,0,0,0,1,0.0014359777480339793,5,8
normal_246,0,10,7.992961062413548e-05,0,0,0,1,0.0014359777480339793,5,8
normal_246,0,15,0.00011693355965260799,0,0,0,1,0.0014359777480339793,5,8
normal_246,0,20,8.626475687118892e-05,0,0,0,1,0.0014359777480339793,5,8
normal_246,0,25,7.178552916976858e-05,0,0,0,1,0.0014359777480339793,5,8
normal_246,0,30,8.914751299794332e-05,0,0,0,1,0.0014359777480339793,5,8
normal_246,0,35,0.00013043010264344969,0,0,0,1,0.0014359777480339793,5,8
normal_246,0,40,0.00033020426687493953,0,0,0,1,0.0014359777480339793,5,8
normal_258,0,0,6.492124102042108e-05,0,0,0,1,0.0014359777480339793,5,8
normal_258,0,5,0.00017015349720817278,0,0,0,1,0.0014359777480339793,5,8
normal_258,0,10,7.396999411918569e-05,0,0,0,1,0.0014359777480339793,5,8
normal_258,0,15,7.213918007697885e-05,0,0,0,1,0.0014359777480339793,5,8
normal_258,0,20,7.824445197722587e-05,0,0,0,1,0.0014359777480339793,5,8
normal_258,0,25,0.00020653063346399796,0,0,0,1,0.0014359777480339793,5,8
normal_258,0,30,8.626414395578523e-05,0,0,0,1,0.0014359777480339793,5,8
normal_258,0,35,6.753631593057926e-05,0,0,0,1,0.0014359777480339793,5,8
normal_258,0,40,0.00011077412783904925,0,0,0,1,0.0014359777480339793,5,8
normal_260,0,0,0.00015899644199821392,0,0,0,1,0.0014359777480339793,5,8
normal_260,0,5,7.128342663992258e-05,0,0,0,1,0.0014359777480339793,5,8
normal_260,0,10,0.00016262101464253295,0,0,0,1,0.0014359777480339793,5,8
normal_260,0,15,6.536219920356155e-05,0,0,0,1,0.0014359777480339793,5,8
normal_260,0,20,8.369808632797635e-05,0,0,0,1,0.0014359777480339793,5,8
normal_265,0,0,9.794193499281313e-05,0,0,0,1,0.0014359777480339793,5,8
normal_265,0,5,9.802943552911189e-05,0,0,0,1,0.0014359777480339793,5,8
normal_265,0,10,7.196753580291866e-05,0,0,0,1,0.0014359777480339793,5,8
normal_265,0,15,5.9924218650602484e-05,0,0,0,1,0.0014359777480339793,5,8
normal_265,0,20,0.00010636172698948651,0,0,0,1,0.0014359777480339793,5,8
normal_265,0,25,0.0001678676752227927,0,0,0,1,0.0014359777480339793,5,8
normal_265,0,30,0.00015866566265934908,0,0,0,1,0.0014359777480339793,5,8
normal_265,0,35,0.00010608087068531443,0,0,0,1,0.0014359777480339793,5,8
normal_265,0,40,7.267128519907034e-05,0,0,0,1,0.0014359777480339793,5,8
normal_266,0,0,0.00012919013097508234,0,0,0,1,0.0014359777480339793,5,8
normal_266,0,5,7.2119613080007e-05,0,0,0,1,0.0014359777480339793,5,8
normal_266,0,10,0.00011975661702403669,0,0,0,1,0.0014359777480339793,5,8
normal_266,0,15,0.00012706638232481848,0,0,0,1,0.0014359777480339793,5,8
normal_266,0,20,0.0002697345437017893,0,0,0,1,0.0014359777480339793,5,8
normal_266,0,25,7.09938190404309e-05,0,0,0,1,0.0014359777480339793,5,8
normal_266,0,30,9.161812111791034e-05,0,0,0,1,0.0014359777480339793,5,8
normal_266,0,35,0.00013993426460546808,0,0,0,1,0.0014359777480339793,5,8
normal_266,0,40,5.934997029321311e-05,0,0,0,1,0.0014359777480339793,5,8
normal_268,0,0,0.00012544251044700302,0,0,0,1,0.0014359777480339793,5,8
normal_268,0,5,6.848419087696852e-05,0,0,0,1,0.0014359777480339793,5,8
normal_268,0,10,0.00015496109608603383,0,0,0,1,0.0014359777480339793,5,8
normal_268,0,15,0.000604730330192063,0,0,0,1,0.0014359777480339793,5,8
normal_288,0,0,8.908910413183967e-05,0,0,0,1,0.0014359777480339793,5,8
normal_288,0,5,8.407800245828095e-05,0,0,0,1,0.0014359777480339793,5,8
normal_288,0,10,6.908365344886169e-05,0,0,0,1,0.0014359777480339793,5,8
normal_288,0,15,9.829191933778824e-05,0,0,0,1,0.0014359777480339793,5,8
normal_288,0,20,0.00013439467529933156,0,0,0,1,0.0014359777480339793,5,8
normal_288,0,25,7.782674356765558e-05,0,0,0,1,0.0014359777480339793,5,8
normal_288,0,30,8.397072042351176e-05,0,0,0,1,0.0014359777480339793,5,8
normal_288,0,35,7.797564320211972e-05,0,0,0,1,0.0014359777480339793,5,8
normal_288,0,40,7.25707378541704e-05,0,0,0,1,0.0014359777480339793,5,8
normal_294,0,0,8.907644706097999e-05,0,0,0,1,0.0014359777480339793,5,8
normal_294,0,5,0.000132270846735007,0,0,0,1,0.0014359777480339793,5,8
normal_294,0,10,6.524023862417284e-05,0,0,0,1,0.0014359777480339793,5,8
normal_294,0,15,0.0001228294898752516,0,0,0,1,0.0014359777480339793,5,8
normal_294,0,20,0.0003204351714291229,0,0,0,1,0.0014359777480339793,5,8
normal_294,0,25,7.70868060681067e-05,0,0,0,1,0.0014359777480339793,5,8
normal_294,0,30,7.938134179303492e-05,0,0,0,1,0.0014359777480339793,5,8
normal_294,0,35,8.03036037960472e-05,0,0,0,1,0.0014359777480339793,5,8
normal_294,0,40,0.00012695046199731095,0,0,0,1,0.0014359777480339793,5,8
normal_299,0,0,0.00019520420496436206,0,0,0,1,0.0014359777480339793,5,8
normal_299,0,5,0.00010607790627745232,0,0,0,1,0.0014359777480339793,5,8
normal_299,0,10,8.283877508841237e-05,0,0,0,1,0.0014359777480339793,5,8
normal_299,0,15,0.00010835417521694853,0,0,0,1,0.0014359777480339793,5,8
normal_299,0,20,8.237041059312349e-05,0,0,0,1,0.0014359777480339793,5,8
normal_299,0,25,7.056517373848223e-05,0,0,0,1,0.0014359777480339793,5,8
normal_299,0,30,0.00014135290973380933,0,0,0,1,0.0014359777480339793,5,8
normal_299,0,35,6.0001656913206385e-05,0,0,0,1,0.0014359777480339793,5,8
normal_299,0,40,8.826610401512839e-05,0,0,0,1,0.0014359777480339793,5,8
normal_304,0,0,0.001823371865650505,1,1,0,1,0.0014359777480339793,5,8
normal_304,0,5,0.0005973999157268869,0,0,0,1,0.0014359777480339793,5,8
normal_304,0,10,0.00010214537875282838,0,0,0,1,0.0014359777480339793,5,8
normal_304,0,15,0.00020156442388068933,0,0,0,1,0.0014359777480339793,5,8
normal_304,0,20,0.0002201155021868683,0,0,0,1,0.0014359777480339793,5,8
normal_304,0,25,0.00018553583653240836,0,0,0,1,0.0014359777480339793,5,8
normal_304,0,30,0.00018196829262754165,0,0,0,1,0.0014359777480339793,5,8
normal_304,0,35,8.818790820531416e-05,0,0,0,1,0.0014359777480339793,5,8
normal_304,0,40,0.00011822586205783623,0,0,0,1,0.0014359777480339793,5,8
normal_305,0,0,7.711641864917374e-05,0,0,0,1,0.0014359777480339793,5,8
normal_305,0,5,6.868727862690622e-05,0,0,0,1,0.0014359777480339793,5,8
normal_305,0,10,7.178552916976858e-05,0,0,0,1,0.0014359777480339793,5,8
normal_305,0,15,8.478096080152181e-05,0,0,0,1,0.0014359777480339793,5,8
normal_305,0,20,0.00010134661011656911,0,0,0,1,0.0014359777480339793,5,8
normal_305,0,25,6.555173700504783e-05,0,0,0,1,0.0014359777480339793,5,8
normal_305,0,30,0.00010107530018525548,0,0,0,1,0.0014359777480339793,5,8
normal_305,0,35,0.001688026302494451,1,1,0,1,0.0014359777480339793,5,8
normal_305,0,40,7.701218528512959e-05,0,0,0,1,0.0014359777480339793,5,8
normal_310,0,0,0.00010746478631699089,0,0,0,1,0.0014359777480339793,5,8
normal_310,0,5,0.00010451524893125327,0,0,0,1,0.0014359777480339793,5,8
normal_310,0,10,0.00010693243812784943,0,0,0,1,0.0014359777480339793,5,8
normal_310,0,15,0.0004500941317460997,0,0,0,1,0.0014359777480339793,5,8
normal_310,0,20,6.499332457208733e-05,0,0,0,1,0.0014359777480339793,5,8
normal_310,0,25,0.00012668095232921725,0,0,0,1,0.0014359777480339793,5,8
normal_310,0,30,0.00024405382564664973,0,0,0,1,0.0014359777480339793,5,8
normal_310,0,35,7.70781920420328e-05,0,0,0,1,0.0014359777480339793,5,8
normal_310,0,40,8.39822393864686e-05,0,0,0,1,0.0014359777480339793,5,8
normal_311,0,0,0.0005017829013881192,0,0,0,1,0.0014359777480339793,5,8
normal_311,0,5,0.0002817809173934712,0,0,0,1,0.0014359777480339793,5,8
normal_311,0,10,0.0001284286389253049,0,0,0,1,0.0014359777480339793,5,8
normal_311,0,15,0.00012771769169120625,0,0,0,1,0.0014359777480339793,5,8
normal_311,0,20,0.00011039760744343817,0,0,0,1,0.0014359777480339793,5,8
normal_311,0,25,0.00013584456478605458,0,0,0,1,0.0014359777480339793,5,8
normal_311,0,30,8.16020591315814e-05,0,0,0,1,0.0014359777480339793,5,8
normal_311,0,35,0.00013825132129887142,0,0,0,1,0.0014359777480339793,5,8
normal_311,0,40,8.22836032496962e-05,0,0,0,1,0.0014359777480339793,5,8
normal_349,0,0,0.00012425194300045973,0,0,0,1,0.0014359777480339793,5,8
normal_349,0,5,7.128342663992258e-05,0,0,0,1,0.0014359777480339793,5,8
normal_349,0,10,9.023882719541138e-05,0,0,0,1,0.0014359777480339793,5,8
normal_349,0,15,7.851165913198931e-05,0,0,0,1,0.0014359777480339793,5,8
normal_349,0,20,7.437179384392001e-05,0,0,0,1,0.0014359777480339793,5,8
normal_349,0,25,0.00011650102723192233,0,0,0,1,0.0014359777480339793,5,8
normal_349,0,30,0.00010499079297568798,0,0,0,1,0.0014359777480339793,5,8
normal_349,0,35,0.00015944606426146105,0,0,0,1,0.0014359777480339793,5,8
normal_349,0,40,0.00011932636193251879,0,0,0,1,0.0014359777480339793,5,8
normal_356,0,0,0.0001589360634151584,0,0,0,1,0.0014359777480339793,5,8
normal_356,0,5,0.00010968549149046797,0,0,0,1,0.0014359777480339793,5,8
normal_356,0,10,0.0007352304011078508,0,0,0,1,0.0014359777480339793,5,8
normal_356,0,15,9.917479560474326e-05,0,0,0,1,0.0014359777480339793,5,8
normal_356,0,20,0.00011261217887595097,0,0,0,1,0.0014359777480339793,5,8
normal_356,0,25,7.366952725111912e-05,0,0,0,1,0.0014359777480339793,5,8
normal_356,0,30,8.039630858806381e-05,0,0,0,1,0.0014359777480339793,5,8
normal_356,0,35,6.701775294377268e-05,0,0,0,1,0.0014359777480339793,5,8
normal_363,0,0,0.000122087282567132,0,0,0,1,0.0014359777480339793,5,8
normal_363,0,5,0.00018132046504242707,0,0,0,1,0.0014359777480339793,5,8
normal_363,0,10,0.00022158735854078767,0,0,0,1,0.0014359777480339793,5,8
normal_363,0,15,0.00012764183638425993,0,0,0,1,0.0014359777480339793,5,8
normal_363,0,20,6.555690159233166e-05,0,0,0,1,0.0014359777480339793,5,8
normal_367,0,0,0.0012276748585240394,0,0,0,1,0.0014359777480339793,5,8
normal_367,0,5,0.0003977778286911228,0,0,0,1,0.0014359777480339793,5,8
normal_367,0,10,0.00016368968455374755,0,0,0,1,0.0014359777480339793,5,8
normal_367,0,15,0.0030679253791811158,1,1,0,1,0.0014359777480339793,5,8
normal_367,0,20,0.0005336947919972192,0,0,0,1,0.0014359777480339793,5,8
normal_367,0,25,0.00032165908857889424,0,0,0,1,0.0014359777480339793,5,8
normal_367,0,30,9.749515325557505e-05,0,0,0,1,0.0014359777480339793,5,8
normal_367,0,35,8.231466271835084e-05,0,0,0,1,0.0014359777480339793,5,8
normal_367,0,40,0.00011837921643643591,0,0,0,1,0.0014359777480339793,5,8
normal_387,0,0,9.208418815242284e-05,0,0,0,1,0.0014359777480339793,5,8
normal_387,0,5,0.00010840321497972101,0,0,0,1,0.0014359777480339793,5,8
normal_387,0,10,6.885189375377655e-05,0,0,0,1,0.0014359777480339793,5,8
normal_387,0,15,0.00019252541240400703,0,0,0,1,0.0014359777480339793,5,8
normal_390,0,0,0.00015827371957574215,0,0,0,1,0.0014359777480339793,5,8
normal_390,0,5,0.00011385674912505737,0,0,0,1,0.0014359777480339793,5,8
normal_390,0,10,0.00028014593614998797,0,0,0,1,0.0014359777480339793,5,8
normal_390,0,15,5.8859658488115075e-05,0,0,0,1,0.0014359777480339793,5,8
normal_390,0,20,8.799523086596801e-05,0,0,0,1,0.0014359777480339793,5,8
normal_390,0,25,0.00022917821823830156,0,0,0,1,0.0014359777480339793,5,8
normal_390,0,30,0.0006374649859907904,0,0,0,1,0.0014359777480339793,5,8
normal_390,0,35,0.0001114814223542033,0,0,0,1,0.0014359777480339793,5,8
normal_390,0,40,7.267128519907034e-05,0,0,0,1,0.0014359777480339793,5,8
normal_392,0,0,6.556658931305318e-05,0,0,0,1,0.0014359777480339793,5,8
normal_392,0,5,9.829191933778824e-05,0,0,0,1,0.0014359777480339793,5,8
normal_392,0,10,0.00018549752606219103,0,0,0,1,0.0014359777480339793,5,8
normal_392,0,15,8.230698440167619e-05,0,0,0,1,0.0014359777480339793,5,8
normal_392,0,20,0.00010696571753168997,0,0,0,1,0.0014359777480339793,5,8
normal_392,0,25,0.00012207447307555785,0,0,0,1,0.0014359777480339793,5,8
normal_397,0,0,9.681071192219333e-05,0,0,0,1,0.0014359777480339793,5,8
normal_397,0,5,8.060129422343274e-05,0,0,0,1,0.0014359777480339793,5,8
normal_397,0,10,6.767995230177208e-05,0,0,0,1,0.0014359777480339793,5,8
normal_397,0,15,0.0001226365953846944,0,0,0,1,0.0014359777480339793,5,8
normal_397,0,20,8.800063682444162e-05,0,0,0,1,0.0014359777480339793,5,8
normal_397,0,25,0.0001602598525962862,0,0,0,1,0.0014359777480339793,5,8
normal_397,0,30,0.0003002899169979231,0,0,0,1,0.0014359777480339793,5,8
normal_398,0,0,0.00020156514960911897,0,0,0,1,0.0014359777480339793,5,8
normal_398,0,5,0.0001828140087362731,0,0,0,1,0.0014359777480339793,5,8
normal_398,0,10,6.938459680318621e-05,0,0,0,1,0.0014359777480339793,5,8
normal_398,0,15,7.146536550326221e-05,0,0,0,1,0.0014359777480339793,5,8
normal_398,0,20,0.00010636172698948651,0,0,0,1,0.0014359777480339793,5,8
normal_403,0,0,9.830290391291607e-05,0,0,0,1,0.0014359777480339793,5,8
normal_403,0,5,9.10064301196469e-05,0,0,0,1,0.0014359777480339793,5,8
normal_403,0,10,7.167997735729804e-05,0,0,0,1,0.0014359777480339793,5,8
normal_403,0,15,9.50691923000043e-05,0,0,0,1,0.0014359777480339793,5,8
normal_403,0,20,9.6910107351504e-05,0,0,0,1,0.0014359777480339793,5,8
normal_404,0,0,0.00012222410664125067,0,0,0,1,0.0014359777480339793,5,8
normal_404,0,5,0.00015063334635361853,0,0,0,1,0.0014359777480339793,5,8
normal_404,0,10,0.00011256838640308554,0,0,0,1,0.0014359777480339793,5,8
normal_406,0,0,9.414622222650832e-05,0,0,0,1,0.0014359777480339793,5,8
normal_406,0,5,7.117747009596676e-05,0,0,0,1,0.0014359777480339793,5,8
normal_406,0,10,0.00017360014457750371,0,0,0,1,0.0014359777480339793,5,8
normal_406,0,15,8.237041059312349e-05,0,0,0,1,0.0014359777480339793,5,8
normal_406,0,20,7.3553125878268e-05,0,0,0,1,0.0014359777480339793,5,8
normal_406,0,25,0.00011949183415355307,0,0,0,1,0.0014359777480339793,5,8
normal_406,0,30,6.0001656913206385e-05,0,0,0,1,0.0014359777480339793,5,8
normal_406,0,35,8.701153385167874e-05,0,0,0,1,0.0014359777480339793,5,8
normal_406,0,40,0.00023292475778344853,0,0,0,1,0.0014359777480339793,5,8
normal_408,0,0,8.395864537334954e-05,0,0,0,1,0.0014359777480339793,5,8
normal_408,0,5,9.061286825143209e-05,0,0,0,1,0.0014359777480339793,5,8
normal_408,0,10,6.74201625607658e-05,0,0,0,1,0.0014359777480339793,5,8
normal_408,0,15,0.00011076442470001273,0,0,0,1,0.0014359777480339793,5,8
normal_408,0,20,0.001977163704524288,1,1,0,1,0.0014359777480339793,5,8
normal_408,0,25,0.00019280368108759313,0,0,0,1,0.0014359777480339793,5,8
normal_411,0,0,9.902269445068863e-05,0,0,0,1,0.0014359777480339793,5,8
normal_411,0,5,0.0002697587006037168,0,0,0,1,0.0014359777480339793,5,8
normal_411,0,10,7.106782841007248e-05,0,0,0,1,0.0014359777480339793,5,8
normal_411,0,15,0.00011040087242101213,0,0,0,1,0.0014359777480339793,5,8
normal_411,0,20,9.64567715446691e-05,0,0,0,1,0.0014359777480339793,5,8
normal_411,0,25,5.9056500931295256e-05,0,0,0,1,0.0014359777480339793,5,8
normal_411,0,30,9.677494541751948e-05,0,0,0,1,0.0014359777480339793,5,8
normal_411,0,35,0.00016172159457628925,0,0,0,1,0.0014359777480339793,5,8
normal_411,0,40,0.0001522851382994435,0,0,0,1,0.0014359777480339793,5,8
normal_421,0,0,0.00015115859592963388,0,0,0,1,0.0014359777480339793,5,8
normal_421,0,5,6.853374920551003e-05,0,0,0,1,0.0014359777480339793,5,8
normal_421,0,10,0.00015140192812318406,0,0,0,1,0.0014359777480339793,5,8
normal_426,0,0,9.61888260499924e-05,0,0,0,1,0.0014359777480339793,5,8
normal_426,0,5,7.176490046730974e-05,0,0,0,1,0.0014359777480339793,5,8
normal_426,0,10,0.00013758494739442273,0,0,0,1,0.0014359777480339793,5,8
normal_428,0,0,0.00018532573034747766,0,0,0,1,0.0014359777480339793,5,8
normal_428,0,5,6.0049162787851653e-05,0,0,0,1,0.0014359777480339793,5,8
normal_428,0,10,0.00010389132023948518,0,0,0,1,0.0014359777480339793,5,8
normal_428,0,15,0.00012652295023809847,0,0,0,1,0.0014359777480339793,5,8
normal_428,0,20,0.00014445406506311548,0,0,0,1,0.0014359777480339793,5,8
normal_428,0,25,0.00013870458533183337,0,0,0,1,0.0014359777480339793,5,8
normal_428,0,30,7.201180977998951e-05,0,0,0,1,0.0014359777480339793,5,8
normal_428,0,35,0.00010994710722174064,0,0,0,1,0.0014359777480339793,5,8
normal_428,0,40,6.643044054235555e-05,0,0,0,1,0.0014359777480339793,5,8
normal_430,0,0,6.809750195794165e-05,0,0,0,1,0.0014359777480339793,5,8
normal_430,0,5,0.00015595949525280977,0,0,0,1,0.0014359777480339793,5,8
normal_430,0,10,9.773173695341735e-05,0,0,0,1,0.0014359777480339793,5,8
normal_430,0,15,6.701695597049829e-05,0,0,0,1,0.0014359777480339793,5,8
normal_430,0,20,0.00013047304251595813,0,0,0,1,0.0014359777480339793,5,8
normal_430,0,25,8.79558640277852e-05,0,0,0,1,0.0014359777480339793,5,8
normal_451,0,0,8.512861492738308e-05,0,0,0,1,0.0014359777480339793,5,8
normal_451,0,5,0.00023825447991204798,0,0,0,1,0.0014359777480339793,5,8
normal_451,0,10,0.00021386289199954003,0,0,0,1,0.0014359777480339793,5,8
normal_451,0,15,0.0005432732538157458,0,0,0,1,0.0014359777480339793,5,8
normal_451,0,20,0.00010636172698948651,0,0,0,1,0.0014359777480339793,5,8
normal_451,0,25,0.00021809178652563516,0,0,0,1,0.0014359777480339793,5,8
normal_451,0,30,0.00019280806914199014,0,0,0,1,0.0014359777480339793,5,8
normal_451,0,35,0.00011148453774958137,0,0,0,1,0.0014359777480339793,5,8
normal_453,0,0,0.0002511287153022816,0,0,0,1,0.0014359777480339793,5,8
normal_453,0,5,9.37242127110237e-05,0,0,0,1,0.0014359777480339793,5,8
normal_453,0,10,0.0001576267809612468,0,0,0,1,0.0014359777480339793,5,8
normal_463,0,0,0.00014066986160546227,0,0,0,1,0.0014359777480339793,5,8
normal_463,0,5,0.00010969011567404199,0,0,0,1,0.0014359777480339793,5,8
normal_463,0,10,0.00017260941096302687,0,0,0,1,0.0014359777480339793,5,8
normal_463,0,15,6.621177497118708e-05,0,0,0,1,0.0014359777480339793,5,8
normal_463,0,20,9.99042914231622e-05,0,0,0,1,0.0014359777480339793,5,8
normal_469,0,0,0.00010607869842641121,0,0,0,1,0.0014359777480339793,5,8
normal_469,0,5,0.00025617629410193605,0,0,0,1,0.0014359777480339793,5,8
normal_469,0,10,9.014725048076214e-05,0,0,0,1,0.0014359777480339793,5,8
normal_469,0,15,9.31482114233333e-05,0,0,0,1,0.0014359777480339793,5,8
normal_469,0,20,0.00012944326764984605,0,0,0,1,0.0014359777480339793,5,8
normal_469,0,25,0.00011270379839089424,0,0,0,1,0.0014359777480339793,5,8
normal_473,0,0,8.799080334519975e-05,0,0,0,1,0.0014359777480339793,5,8
normal_473,0,5,6.856728691181079e-05,0,0,0,1,0.0014359777480339793,5,8
normal_473,0,10,6.412895027426235e-05,0,0,0,1,0.0014359777480339793,5,8
normal_473,0,15,0.0001044638071268782,0,0,0,1,0.0014359777480339793,5,8
normal_473,0,20,9.632529092504622e-05,0,0,0,1,0.0014359777480339793,5,8
normal_473,0,25,8.312792728911991e-05,0,0,0,1,0.0014359777480339793,5,8
normal_473,0,30,0.00012668095232921725,0,0,0,1,0.0014359777480339793,5,8
normal_473,0,35,6.914962659041619e-05,0,0,0,1,0.0014359777480339793,5,8
normal_473,0,40,7.16235935042466e-05,0,0,0,1,0.0014359777480339793,5,8
normal_475,0,0,9.209786820806873e-05,0,0,0,1,0.0014359777480339793,5,8
normal_475,0,5,7.432864154876333e-05,0,0,0,1,0.0014359777480339793,5,8
normal_475,0,10,0.00010710938702410339,0,0,0,1,0.0014359777480339793,5,8
normal_475,0,15,8.853119729041951e-05,0,0,0,1,0.0014359777480339793,5,8
normal_475,0,20,7.932685584155639e-05,0,0,0,1,0.0014359777480339793,5,8
normal_475,0,25,0.00012061078339773408,0,0,0,1,0.0014359777480339793,5,8
normal_485,0,0,8.425154317565326e-05,0,0,0,1,0.0014359777480339793,5,8
normal_485,0,5,7.027054313031792e-05,0,0,0,1,0.0014359777480339793,5,8
normal_485,0,10,0.00012063243614028947,0,0,0,1,0.0014359777480339793,5,8
normal_485,0,15,8.478096080152181e-05,0,0,0,1,0.0014359777480339793,5,8
normal_485,0,20,0.0001367073119695906,0,0,0,1,0.0014359777480339793,5,8
normal_485,0,25,6.492403671903041e-05,0,0,0,1,0.0014359777480339793,5,8
normal_485,0,30,0.00010447548136685217,0,0,0,1,0.0014359777480339793,5,8
normal_488,0,0,9.009448440425485e-05,0,0,0,1,0.0014359777480339793,5,8
normal_488,0,5,0.00012864504635860756,0,0,0,1,0.0014359777480339793,5,8
normal_488,0,10,6.47746056206379e-05,0,0,0,1,0.0014359777480339793,5,8
normal_488,0,15,9.829484618515815e-05,0,0,0,1,0.0014359777480339793,5,8
normal_488,0,20,0.00018707343794980972,0,0,0,1,0.0014359777480339793,5,8
normal_488,0,25,7.02360691200347e-05,0,0,0,1,0.0014359777480339793,5,8
normal_508,0,0,9.506965946034868e-05,0,0,0,1,0.0014359777480339793,5,8
normal_508,0,5,8.793494865171303e-05,0,0,0,1,0.0014359777480339793,5,8
normal_508,0,10,8.853538943367924e-05,0,0,0,1,0.0014359777480339793,5,8
normal_508,0,15,7.822885540607312e-05,0,0,0,1,0.0014359777480339793,5,8
normal_511,0,0,8.710516119525169e-05,0,0,0,1,0.0014359777480339793,5,8
normal_511,0,5,9.387619992354993e-05,0,0,0,1,0.0014359777480339793,5,8
normal_511,0,10,9.072887300227774e-05,0,0,0,1,0.0014359777480339793,5,8
normal_511,0,15,7.257565592435227e-05,0,0,0,1,0.0014359777480339793,5,8
normal_511,0,20,6.033996613951777e-05,0,0,0,1,0.0014359777480339793,5,8
normal_511,0,25,9.829191933778824e-05,0,0,0,1,0.0014359777480339793,5,8
normal_511,0,30,0.00010133974258785674,0,0,0,1,0.0014359777480339793,5,8
normal_511,0,35,6.621030643204172e-05,0,0,0,1,0.0014359777480339793,5,8
normal_511,0,40,9.506186673113794e-05,0,0,0,1,0.0014359777480339793,5,8
normal_526,0,0,0.000161893906622026,0,0,0,1,0.0014359777480339793,5,8
normal_526,0,5,9.258257456839823e-05,0,0,0,1,0.0014359777480339793,5,8
normal_526,0,10,7.991692053787227e-05,0,0,0,1,0.0014359777480339793,5,8
normal_526,0,15,6.658936931658424e-05,0,0,0,1,0.0014359777480339793,5,8
normal_526,0,20,0.00010401141495182666,0,0,0,1,0.0014359777480339793,5,8
normal_526,0,25,6.68825290300038e-05,0,0,0,1,0.0014359777480339793,5,8
normal_526,0,30,8.477401135128628e-05,0,0,0,1,0.0014359777480339793,5,8
normal_526,0,35,7.287079679456492e-05,0,0,0,1,0.0014359777480339793,5,8
normal_526,0,40,6.493569290531934e-05,0,0,0,1,0.0014359777480339793,5,8
normal_529,0,0,6.658225542929772e-05,0,0,0,1,0.0014359777480339793,5,8
normal_529,0,5,0.000147139222301835,0,0,0,1,0.0014359777480339793,5,8
normal_529,0,10,8.08427067454568e-05,0,0,0,1,0.0014359777480339793,5,8
normal_529,0,15,9.009448440425485e-05,0,0,0,1,0.0014359777480339793,5,8
normal_545,0,0,7.213918007697885e-05,0,0,0,1,0.0014359777480339793,5,8
normal_545,0,5,7.770458867802423e-05,0,0,0,1,0.0014359777480339793,5,8
normal_545,0,10,8.710016334518432e-05,0,0,0,1,0.0014359777480339793,5,8
normal_545,0,15,6.857193368941583e-05,0,0,0,1,0.0014359777480339793,5,8
normal_545,0,20,6.033966962621808e-05,0,0,0,1,0.0014359777480339793,5,8
normal_545,0,25,9.8294043302033e-05,0,0,0,1,0.0014359777480339793,5,8
normal_549,0,0,6.523020109780861e-05,0,0,0,1,0.0014359777480339793,5,8
normal_549,0,5,9.507798784382814e-05,0,0,0,1,0.0014359777480339793,5,8
normal_549,0,10,8.715531198496408e-05,0,0,0,1,0.0014359777480339793,5,8
normal_549,0,15,6.574515948965483e-05,0,0,0,1,0.0014359777480339793,5,8
normal_549,0,20,8.314105995764236e-05,0,0,0,1,0.0014359777480339793,5,8
normal_549,0,25,9.044658016535115e-05,0,0,0,1,0.0014359777480339793,5,8
normal_549,0,30,6.857959714693237e-05,0,0,0,1,0.0014359777480339793,5,8
normal_549,0,35,6.035199639881546e-05,0,0,0,1,0.0014359777480339793,5,8
normal_549,0,40,9.829191933778824e-05,0,0,0,1,0.0014359777480339793,5,8
normal_550,0,0,0.00013100376934940748,0,0,0,1,0.0014359777480339793,5,8
normal_550,0,5,0.00011202715986177894,0,0,0,1,0.0014359777480339793,5,8
normal_550,0,10,6.621030643204172e-05,0,0,0,1,0.0014359777480339793,5,8
normal_550,0,15,0.00010102794715939046,0,0,0,1,0.0014359777480339793,5,8
normal_550,0,20,6.914962659041619e-05,0,0,0,1,0.0014359777480339793,5,8
normal_550,0,25,6.767995230177208e-05,0,0,0,1,0.0014359777480339793,5,8
normal_550,0,30,0.0001226316200257165,0,0,0,1,0.0014359777480339793,5,8
normal_550,0,35,8.79934234823008e-05,0,0,0,1,0.0014359777480339793,5,8
normal_551,0,0,6.589471176846825e-05,0,0,0,1,0.0014359777480339793,5,8
normal_551,0,5,6.574515948965483e-05,0,0,0,1,0.0014359777480339793,5,8
normal_551,0,10,8.493511432874927e-05,0,0,0,1,0.0014359777480339793,5,8
normal_551,0,15,7.797332133629761e-05,0,0,0,1,0.0014359777480339793,5,8
normal_551,0,20,7.523628634532015e-05,0,0,0,1,0.0014359777480339793,5,8
normal_551,0,25,6.753664780630685e-05,0,0,0,1,0.0014359777480339793,5,8
normal_551,0,30,8.477401135128628e-05,0,0,0,1,0.0014359777480339793,5,8
normal_551,0,35,0.00010771028557202974,0,0,0,1,0.0014359777480339793,5,8
normal_556,0,0,8.425154317565326e-05,0,0,0,1,0.0014359777480339793,5,8
normal_556,0,5,8.225352147154172e-05,0,0,0,1,0.0014359777480339793,5,8
normal_556,0,10,7.824813029137154e-05,0,0,0,1,0.0014359777480339793,5,8
normal_556,0,15,0.0001182986428037259,0,0,0,1,0.0014359777480339793,5,8
normal_556,0,20,6.856728691181079e-05,0,0,0,1,0.0014359777480339793,5,8
normal_556,0,25,6.412895027426235e-05,0,0,0,1,0.0014359777480339793,5,8
normal_556,0,30,9.829143634522072e-05,0,0,0,1,0.0014359777480339793,5,8
normal_556,0,35,9.64738953461868e-05,0,0,0,1,0.0014359777480339793,5,8
normal_556,0,40,0.000243522168355727,0,0,0,1,0.0014359777480339793,5,8
normal_564,0,0,6.848452741026645e-05,0,0,0,1,0.0014359777480339793,5,8
normal_564,0,5,0.0001292435061355928,0,0,0,1,0.0014359777480339793,5,8
normal_564,0,10,7.748590699343959e-05,0,0,0,1,0.0014359777480339793,5,8
normal_564,0,15,9.242487094076926e-05,0,0,0,1,0.0014359777480339793,5,8
normal_564,0,20,9.507303569078675e-05,0,0,0,1,0.0014359777480339793,5,8
normal_564,0,25,0.00011954141709064769,0,0,0,1,0.0014359777480339793,5,8
normal_564,0,30,0.00016726736263245306,0,0,0,1,0.0014359777480339793,5,8
normal_569,0,0,0.00015210751124952333,0,0,0,1,0.0014359777480339793,5,8
normal_569,0,5,0.001462475455906267,1,1,0,1,0.0014359777480339793,5,8
normal_569,0,10,7.276373445005464e-05,0,0,0,1,0.0014359777480339793,5,8
normal_569,0,15,8.493511432874927e-05,0,0,0,1,0.0014359777480339793,5,8
normal_569,0,20,0.00011128016122025369,0,0,0,1,0.0014359777480339793,5,8
normal_569,0,25,8.626475687118892e-05,0,0,0,1,0.0014359777480339793,5,8
normal_569,0,30,6.753664780630685e-05,0,0,0,1,0.0014359777480339793,5,8
normal_569,0,35,8.478096080152181e-05,0,0,0,1,0.0014359777480339793,5,8
normal_569,0,40,0.00010134661011656911,0,0,0,1,0.0014359777480339793,5,8
normal_577,0,0,7.186958506507912e-05,0,0,0,1,0.0014359777480339793,5,8
normal_577,0,5,0.00012099862520872089,0,0,0,1,0.0014359777480339793,5,8
normal_577,0,10,9.2412194097611e-05,0,0,0,1,0.0014359777480339793,5,8
normal_577,0,15,9.401674527891092e-05,0,0,0,1,0.0014359777480339793,5,8
normal_577,0,20,6.0351578247676005e-05,0,0,0,1,0.0014359777480339793,5,8
normal_577,0,25,0.00011788254764746845,0,0,0,1,0.0014359777480339793,5,8
normal_577,0,30,0.00013518349373337283,0,0,0,1,0.0014359777480339793,5,8
normal_577,0,35,6.558524932368774e-05,0,0,0,1,0.0014359777480339793,5,8
normal_580,0,0,6.790679023825675e-05,0,0,0,1,0.0014359777480339793,5,8
normal_580,0,5,6.753664780630685e-05,0,0,0,1,0.0014359777480339793,5,8
normal_580,0,10,8.477107050820609e-05,0,0,0,1,0.0014359777480339793,5,8
normal_583,0,0,9.829484618515815e-05,0,0,0,1,0.0014359777480339793,5,8
normal_583,0,5,0.0005647832699217539,0,0,0,1,0.0014359777480339793,5,8
normal_583,0,10,6.608627684798348e-05,0,0,0,1,0.0014359777480339793,5,8
normal_583,0,15,9.990057063380714e-05,0,0,0,1,0.0014359777480339793,5,8
normal_583,0,20,0.00010177874203251292,0,0,0,1,0.0014359777480339793,5,8
normal_583,0,25,8.625703044117241e-05,0,0,0,1,0.0014359777480339793,5,8
normal_583,0,30,0.0001890264288551651,0,0,0,1,0.0014359777480339793,5,8
normal_583,0,35,8.718177851886231e-05,0,0,0,1,0.0014359777480339793,5,8
normal_583,0,40,0.00026077192140716777,0,0,0,1,0.0014359777480339793,5,8
normal_596,0,0,6.416641200269317e-05,0,0,0,1,0.0014359777480339793,5,8
normal_596,0,5,9.831083438105122e-05,0,0,0,1,0.0014359777480339793,5,8
normal_596,0,10,0.0002861974744387799,0,0,0,1,0.0014359777480339793,5,8
anomaly_12,1,0,0.0005829130333500368,0,0,0,1,0.0014359777480339793,5,8
anomaly_12,1,5,0.41667611943674826,1,1,0,1,0.0014359777480339793,5,8
anomaly_12,1,10,0.3217003363747276,1,2,0,1,0.0014359777480339793,5,8
anomaly_12,1,15,0.21897216483664156,1,3,0,1,0.0014359777480339793,5,8
anomaly_12,1,20,0.9997164993428498,1,4,0,1,0.0014359777480339793,5,8
anomaly_12,1,25,0.4397883502820372,1,5,1,1,0.0014359777480339793,5,8
anomaly_12,1,30,0.9979717947599223,1,6,1,1,0.0014359777480339793,5,8
anomaly_12,1,35,0.7870121984659219,1,7,1,1,0.0014359777480339793,5,8
anomaly_12,1,40,0.9965280972702163,1,8,1,1,0.0014359777480339793,5,8
anomaly_14,1,0,0.9996667996756041,1,1,0,1,0.0014359777480339793,5,8
anomaly_14,1,5,0.9992558707428542,1,2,0,1,0.0014359777480339793,5,8
anomaly_14,1,10,0.9867622453144309,1,3,0,1,0.0014359777480339793,5,8
anomaly_14,1,15,0.999589900036279,1,4,0,1,0.0014359777480339793,5,8
normal_5,0,0,6.477923340211394e-05,0,0,0,2,0.0032022770574095367,5,8
normal_5,0,5,6.867213067907514e-05,0,0,0,2,0.0032022770574095367,5,8
normal_5,0,10,0.00020198892097901306,0,0,0,2,0.0032022770574095367,5,8
normal_5,0,15,0.0002281894588615534,0,0,0,2,0.0032022770574095367,5,8
normal_5,0,20,6.868640211802894e-05,0,0,0,2,0.0032022770574095367,5,8
normal_5,0,25,7.35896958117823e-05,0,0,0,2,0.0032022770574095367,5,8
normal_5,0,30,9.961701993719827e-05,0,0,0,2,0.0032022770574095367,5,8
normal_5,0,35,0.0002106693880098069,0,0,0,2,0.0032022770574095367,5,8
normal_5,0,40,7.776460259593506e-05,0,0,0,2,0.0032022770574095367,5,8
normal_6,0,0,0.00020042917857305924,0,0,0,2,0.0032022770574095367,5,8
normal_6,0,5,0.00020898468409643198,0,0,0,2,0.0032022770574095367,5,8
normal_6,0,10,8.446087459729651e-05,0,0,0,2,0.0032022770574095367,5,8
normal_6,0,15,0.00018949984232268026,0,0,0,2,0.0032022770574095367,5,8
normal_6,0,20,5.6452790779577346e-05,0,0,0,2,0.0032022770574095367,5,8
normal_6,0,25,9.377536049151705e-05,0,0,0,2,0.0032022770574095367,5,8
normal_6,0,30,0.00025605067863324255,0,0,0,2,0.0032022770574095367,5,8
normal_6,0,35,0.00010149212675915527,0,0,0,2,0.0032022770574095367,5,8
normal_6,0,40,0.00010187809351149621,0,0,0,2,0.0032022770574095367,5,8
normal_9,0,0,5.7093246329400295e-05,0,0,0,2,0.0032022770574095367,5,8
normal_9,0,5,9.977665437793681e-05,0,0,0,2,0.0032022770574095367,5,8
normal_9,0,10,7.232338806992647e-05,0,0,0,2,0.0032022770574095367,5,8
normal_9,0,15,0.000138151278760871,0,0,0,2,0.0032022770574095367,5,8
normal_11,0,0,8.960480152867354e-05,0,0,0,2,0.0032022770574095367,5,8
normal_11,0,5,6.338234928463236e-05,0,0,0,2,0.0032022770574095367,5,8
normal_11,0,10,7.281567961455787e-05,0,0,0,2,0.0032022770574095367,5,8
normal_11,0,15,8.747356569154436e-05,0,0,0,2,0.0032022770574095367,5,8
normal_11,0,20,7.0204216545681e-05,0,0,0,2,0.0032022770574095367,5,8
normal_11,0,25,8.270524636842227e-05,0,0,0,2,0.0032022770574095367,5,8
normal_11,0,30,0.0001018403272160726,0,0,0,2,0.0032022770574095367,5,8
normal_11,0,35,8.226823837887428e-05,0,0,0,2,0.0032022770574095367,5,8
normal_11,0,40,6.498887575690124e-05,0,0,0,2,0.0032022770574095367,5,8
normal_13,0,0,0.0001329738501951968,0,0,0,2,0.0032022770574095367,5,8
normal_13,0,5,7.391993161353566e-05,0,0,0,2,0.0032022770574095367,5,8
normal_13,0,10,6.608973423222939e-05,0,0,0,2,0.0032022770574095367,5,8
normal_13,0,15,0.00041449117343738654,0,0,0,2,0.0032022770574095367,5,8
normal_13,0,20,0.00010860730739879376,0,0,0,2,0.0032022770574095367,5,8
normal_13,0,25,7.331887754371408e-05,0,0,0,2,0.0032022770574095367,5,8
normal_13,0,30,6.71737173847011e-05,0,0,0,2,0.0032022770574095367,5,8
normal_20,0,0,6.751213849614012e-05,0,0,0,2,0.0032022770574095367,5,8
normal_20,0,5,6.459142604314005e-05,0,0,0,2,0.0032022770574095367,5,8
normal_20,0,10,0.0002589437293864414,0,0,0,2,0.0032022770574095367,5,8
normal_21,0,0,6.586569447431067e-05,0,0,0,2,0.0032022770574095367,5,8
normal_21,0,5,6.866990012749267e-05,0,0,0,2,0.0032022770574095367,5,8
normal_21,0,10,0.0007030740223731436,0,0,0,2,0.0032022770574095367,5,8
normal_26,0,0,6.624739439224243e-05,0,0,0,2,0.0032022770574095367,5,8
normal_26,0,5,7.33567959205042e-05,0,0,0,2,0.0032022770574095367,5,8
normal_26,0,10,5.7877046537018496e-05,0,0,0,2,0.0032022770574095367,5,8
normal_26,0,15,0.0001077171295921257,0,0,0,2,0.0032022770574095367,5,8
normal_29,0,0,0.00011116063427149702,0,0,0,2,0.0032022770574095367,5,8
normal_29,0,5,6.624739439224243e-05,0,0,0,2,0.0032022770574095367,5,8
normal_29,0,10,7.076895969329456e-05,0,0,0,2,0.0032022770574095367,5,8
normal_29,0,15,6.0323724079832414e-05,0,0,0,2,0.0032022770574095367,5,8
normal_29,0,20,6.867213067907514e-05,0,0,0,2,0.0032022770574095367,5,8
normal_29,0,25,6.83559516363426e-05,0,0,0,2,0.0032022770574095367,5,8
normal_29,0,30,7.193801834409458e-05,0,0,0,2,0.0032022770574095367,5,8
normal_29,0,35,9.988674747908474e-05,0,0,0,2,0.0032022770574095367,5,8
normal_29,0,40,6.79434039179656e-05,0,0,0,2,0.0032022770574095367,5,8
normal_42,0,0,0.00011865847693692996,0,0,0,2,0.0032022770574095367,5,8
normal_42,0,5,7.199218958443989e-05,0,0,0,2,0.0032022770574095367,5,8
normal_42,0,10,6.867151005613755e-05,0,0,0,2,0.0032022770574095367,5,8
normal_42,0,15,6.866990012749267e-05,0,0,0,2,0.0032022770574095367,5,8
normal_42,0,20,8.532572159118623e-05,0,0,0,2,0.0032022770574095367,5,8
normal_42,0,25,7.643514980450576e-05,0,0,0,2,0.0032022770574095367,5,8
normal_42,0,30,7.156693284925905e-05,0,0,0,2,0.0032022770574095367,5,8
normal_42,0,35,0.00018991619620780927,0,0,0,2,0.0032022770574095367,5,8
normal_42,0,40,0.00013204456273614278,0,0,0,2,0.0032022770574095367,5,8
normal_43,0,0,8.289822482703656e-05,0,0,0,2,0.0032022770574095367,5,8
normal_43,0,5,0.00045214838678250114,0,0,0,2,0.0032022770574095367,5,8
normal_43,0,10,6.586569447431067e-05,0,0,0,2,0.0032022770574095367,5,8
normal_43,0,15,6.477923340211394e-05,0,0,0,2,0.0032022770574095367,5,8
normal_43,0,20,7.12468704962212e-05,0,0,0,2,0.0032022770574095367,5,8
normal_43,0,25,0.00020857620984642597,0,0,0,2,0.0032022770574095367,5,8
normal_43,0,30,0.00023298522251812332,0,0,0,2,0.0032022770574095367,5,8
normal_43,0,35,6.866990012749267e-05,0,0,0,2,0.0032022770574095367,5,8
normal_43,0,40,9.378010385163942e-05,0,0,0,2,0.0032022770574095367,5,8
normal_44,0,0,0.0014838780356975394,0,0,0,2,0.0032022770574095367,5,8
normal_44,0,5,5.6452790779577346e-05,0,0,0,2,0.0032022770574095367,5,8
normal_44,0,10,6.929291236721264e-05,0,0,0,2,0.0032022770574095367,5,8
normal_44,0,15,0.00016654475497579778,0,0,0,2,0.0032022770574095367,5,8
normal_44,0,20,9.877941920268852e-05,0,0,0,2,0.0032022770574095367,5,8
normal_44,0,25,6.718213718509763e-05,0,0,0,2,0.0032022770574095367,5,8
normal_44,0,30,0.00019041004213167335,0,0,0,2,0.0032022770574095367,5,8
normal_53,0,0,0.0015946148916728595,0,0,0,2,0.0032022770574095367,5,8
normal_53,0,5,0.00013508472761267632,0,0,0,2,0.0032022770574095367,5,8
normal_53,0,10,0.00015541044693709777,0,0,0,2,0.0032022770574095367,5,8
normal_53,0,15,0.0005724243428582849,0,0,0,2,0.0032022770574095367,5,8
normal_53,0,20,0.0007312442958877839,0,0,0,2,0.0032022770574095367,5,8
normal_53,0,25,0.00034294945067136443,0,0,0,2,0.0032022770574095367,5,8
normal_53,0,30,0.00010572718250355681,0,0,0,2,0.0032022770574095367,5,8
normal_53,0,35,8.479453831228834e-05,0,0,0,2,0.0032022770574095367,5,8
normal_53,0,40,0.00013454989107661002,0,0,0,2,0.0032022770574095367,5,8
normal_57,0,0,6.866990012749267e-05,0,0,0,2,0.0032022770574095367,5,8
normal_57,0,5,0.00022240493585204597,0,0,0,2,0.0032022770574095367,5,8
normal_57,0,10,0.0001552538365358277,0,0,0,2,0.0032022770574095367,5,8
normal_57,0,15,7.774591972641893e-05,0,0,0,2,0.0032022770574095367,5,8
normal_57,0,20,7.914658194343636e-05,0,0,0,2,0.0032022770574095367,5,8
normal_57,0,25,6.31994335566459e-05,0,0,0,2,0.0032022770574095367,5,8
normal_57,0,30,0.00010129543819786462,0,0,0,2,0.0032022770574095367,5,8
normal_57,0,35,6.868640211802894e-05,0,0,0,2,0.0032022770574095367,5,8
normal_57,0,40,6.167923861750738e-05,0,0,0,2,0.0032022770574095367,5,8
normal_75,0,0,9.860553956414884e-05,0,0,0,2,0.0032022770574095367,5,8
normal_75,0,5,6.220696615516898e-05,0,0,0,2,0.0032022770574095367,5,8
normal_75,0,10,0.00017105278915292474,0,0,0,2,0.0032022770574095367,5,8
normal_75,0,15,8.708813339793929e-05,0,0,0,2,0.0032022770574095367,5,8
normal_75,0,20,0.00011537911464603093,0,0,0,2,0.0032022770574095367,5,8
normal_75,0,25,8.983285357106324e-05,0,0,0,2,0.0032022770574095367,5,8
normal_75,0,30,6.81236011842679e-05,0,0,0,2,0.0032022770574095367,5,8
normal_75,0,35,5.9732674510475546e-05,0,0,0,2,0.0032022770574095367,5,8
normal_75,0,40,6.62363774856409e-05,0,0,0,2,0.0032022770574095367,5,8
normal_90,0,0,7.569262144147413e-05,0,0,0,2,0.0032022770574095367,5,8
normal_90,0,5,7.369911391326166e-05,0,0,0,2,0.0032022770574095367,5,8
normal_90,0,10,0.0002660616571702074,0,0,0,2,0.0032022770574095367,5,8
normal_90,0,15,0.00011838161089709706,0,0,0,2,0.0032022770574095367,5,8
normal_90,0,20,0.00017948089654578085,0,0,0,2,0.0032022770574095367,5,8
normal_90,0,25,6.174884554464861e-05,0,0,0,2,0.0032022770574095367,5,8
normal_90,0,30,6.916951758376483e-05,0,0,0,2,0.0032022770574095367,5,8
normal_90,0,35,0.0002125017790664248,0,0,0,2,0.0032022770574095367,5,8
normal_90,0,40,0.00036616655756341066,0,0,0,2,0.0032022770574095367,5,8
normal_101,0,0,6.83583077665365e-05,0,0,0,2,0.0032022770574095367,5,8
normal_101,0,5,0.00017638558583416353,0,0,0,2,0.0032022770574095367,5,8
normal_101,0,10,9.08156030037706e-05,0,0,0,2,0.0032022770574095367,5,8
normal_101,0,15,8.190153643784795e-05,0,0,0,2,0.0032022770574095367,5,8
normal_101,0,20,7.290902829579587e-05,0,0,0,2,0.0032022770574095367,5,8
normal_101,0,25,6.443255958656493e-05,0,0,0,2,0.0032022770574095367,5,8
normal_101,0,30,7.331302388974772e-05,0,0,0,2,0.0032022770574095367,5,8
normal_101,0,35,0.0006369752936518596,0,0,0,2,0.0032022770574095367,5,8
normal_101,0,40,7.22646235009783e-05,0,0,0,2,0.0032022770574095367,5,8
normal_108,0,0,0.0001304159477741035,0,0,0,2,0.0032022770574095367,5,8
normal_108,0,5,0.0001248281009175457,0,0,0,2,0.0032022770574095367,5,8
normal_108,0,10,0.00010609298879112943,0,0,0,2,0.0032022770574095367,5,8
normal_108,0,15,6.866990012749267e-05,0,0,0,2,0.0032022770574095367,5,8
normal_108,0,20,7.602403780144485e-05,0,0,0,2,0.0032022770574095367,5,8
normal_108,0,25,9.145766855185158e-05,0,0,0,2,0.0032022770574095367,5,8
normal_108,0,30,0.00012946479464064875,0,0,0,2,0.0032022770574095367,5,8
normal_108,0,35,6.690439274642605e-05,0,0,0,2,0.0032022770574095367,5,8
normal_108,0,40,5.778218009704317e-05,0,0,0,2,0.0032022770574095367,5,8
normal_114,0,0,7.49632214158837e-05,0,0,0,2,0.0032022770574095367,5,8
normal_114,0,5,0.0003306409953419335,0,0,0,2,0.0032022770574095367,5,8
normal_114,0,10,0.00012003700990689184,0,0,0,2,0.0032022770574095367,5,8
normal_114,0,15,0.00017466096361570945,0,0,0,2,0.0032022770574095367,5,8
normal_114,0,20,5.928342868951695e-05,0,0,0,2,0.0032022770574095367,5,8
normal_114,0,25,9.59684523148548e-05,0,0,0,2,0.0032022770574095367,5,8
normal_114,0,30,0.00014574735162348657,0,0,0,2,0.0032022770574095367,5,8
normal_114,0,35,0.00020473185542203536,0,0,0,2,0.0032022770574095367,5,8
normal_114,0,40,6.234130445188263e-05,0,0,0,2,0.0032022770574095367,5,8
normal_122,0,0,8.061456248727178e-05,0,0,0,2,0.0032022770574095367,5,8
normal_122,0,5,0.0001060230445897714,0,0,0,2,0.0032022770574095367,5,8
normal_122,0,10,6.643033451956209e-05,0,0,0,2,0.0032022770574095367,5,8
normal_122,0,15,0.00010007501996283383,0,0,0,2,0.0032022770574095367,5,8
normal_122,0,20,8.374699495656613e-05,0,0,0,2,0.0032022770574095367,5,8
normal_122,0,25,7.767591585126683e-05,0,0,0,2,0.0032022770574095367,5,8
normal_122,0,30,0.0001749676318467748,0,0,0,2,0.0032022770574095367,5,8
normal_126,0,0,5.688058743770612e-05,0,0,0,2,0.0032022770574095367,5,8
normal_126,0,5,0.00011964956347943476,0,0,0,2,0.0032022770574095367,5,8
normal_126,0,10,0.0003052227723751611,0,0,0,2,0.0032022770574095367,5,8
normal_126,0,15,0.00045163691429354197,0,0,0,2,0.0032022770574095367,5,8
normal_126,0,20,9.941903287560831e-05,0,0,0,2,0.0032022770574095367,5,8
normal_126,0,25,0.00013521708469400057,0,0,0,2,0.0032022770574095367,5,8
normal_126,0,30,8.710744189158434e-05,0,0,0,2,0.0032022770574095367,5,8
normal_126,0,35,0.000284889930988068,0,0,0,2,0.0032022770574095367,5,8
normal_126,0,40,0.0002719751132616512,0,0,0,2,0.0032022770574095367,5,8
normal_128,0,0,0.00018160635161916457,0,0,0,2,0.0032022770574095367,5,8
normal_128,0,5,6.532573517842957e-05,0,0,0,2,0.0032022770574095367,5,8
normal_128,0,10,8.36576216754673e-05,0,0,0,2,0.0032022770574095367,5,8
normal_128,0,15,0.0008260601967714053,0,0,0,2,0.0032022770574095367,5,8
normal_128,0,20,8.007486458642794e-05,0,0,0,2,0.0032022770574095367,5,8
normal_128,0,25,7.557857018862016e-05,0,0,0,2,0.0032022770574095367,5,8
normal_128,0,30,0.0001134982862748303,0,0,0,2,0.0032022770574095367,5,8
normal_128,0,35,9.828754355539495e-05,0,0,0,2,0.0032022770574095367,5,8
normal_146,0,0,6.427637217861355e-05,0,0,0,2,0.0032022770574095367,5,8
normal_146,0,5,0.00013094661775197287,0,0,0,2,0.0032022770574095367,5,8
normal_146,0,10,0.0001493458088312948,0,0,0,2,0.0032022770574095367,5,8
normal_146,0,15,6.412604829324973e-05,0,0,0,2,0.0032022770574095367,5,8
normal_146,0,20,8.065969460228182e-05,0,0,0,2,0.0032022770574095367,5,8
normal_146,0,25,8.664856822973148e-05,0,0,0,2,0.0032022770574095367,5,8
normal_146,0,30,6.743380035002874e-05,0,0,0,2,0.0032022770574095367,5,8
normal_146,0,35,0.00014659889773003913,0,0,0,2,0.0032022770574095367,5,8
normal_146,0,40,7.884676093652037e-05,0,0,0,2,0.0032022770574095367,5,8
normal_148,0,0,0.00012442533746730226,0,0,0,2,0.0032022770574095367,5,8
normal_148,0,5,0.0017796709153303292,0,0,0,2,0.0032022770574095367,5,8
normal_148,0,10,0.0001185010263061779,0,0,0,2,0.0032022770574095367,5,8
normal_148,0,15,6.759033695809167e-05,0,0,0,2,0.0032022770574095367,5,8
normal_149,0,0,7.156693284925905e-05,0,0,0,2,0.0032022770574095367,5,8
normal_149,0,5,6.83583077665365e-05,0,0,0,2,0.0032022770574095367,5,8
normal_149,0,10,6.31994335566459e-05,0,0,0,2,0.0032022770574095367,5,8
normal_149,0,15,7.82771961447729e-05,0,0,0,2,0.0032022770574095367,5,8
normal_159,0,0,8.767428762046378e-05,0,0,0,2,0.0032022770574095367,5,8
normal_159,0,5,0.00019750054806583068,0,0,0,2,0.0032022770574095367,5,8
normal_159,0,10,7.593823457334689e-05,0,0,0,2,0.0032022770574095367,5,8
normal_159,0,15,0.00078724939962228,0,0,0,2,0.0032022770574095367,5,8
normal_159,0,20,0.0006544862372397933,0,0,0,2,0.0032022770574095367,5,8
normal_159,0,25,0.00025548646275074395,0,0,0,2,0.0032022770574095367,5,8
normal_159,0,30,6.643892823311018e-05,0,0,0,2,0.0032022770574095367,5,8
normal_159,0,35,6.845729824510686e-05,0,0,0,2,0.0032022770574095367,5,8
normal_159,0,40,8.563530549507415e-05,0,0,0,2,0.0032022770574095367,5,8
normal_161,0,0,7.363900027739279e-05,0,0,0,2,0.0032022770574095367,5,8
normal_161,0,5,0.00011794421436092503,0,0,0,2,0.0032022770574095367,5,8
normal_161,0,10,7.409101260108182e-05,0,0,0,2,0.0032022770574095367,5,8
normal_161,0,15,0.00016482847220936395,0,0,0,2,0.0032022770574095367,5,8
normal_161,0,20,5.9276292604363204e-05,0,0,0,2,0.0032022770574095367,5,8
normal_161,0,25,6.916951758376483e-05,0,0,0,2,0.0032022770574095367,5,8
normal_166,0,0,0.00011803070200509733,0,0,0,2,0.0032022770574095367,5,8
normal_166,0,5,8.48333053543847e-05,0,0,0,2,0.0032022770574095367,5,8
normal_166,0,10,9.95222735941991e-05,0,0,0,2,0.0032022770574095367,5,8
normal_166,0,15,8.268975155838766e-05,0,0,0,2,0.0032022770574095367,5,8
normal_166,0,20,7.409422908179753e-05,0,0,0,2,0.0032022770574095367,5,8
normal_166,0,25,8.288055743822369e-05,0,0,0,2,0.0032022770574095367,5,8
normal_166,0,30,0.00011836362228648884,0,0,0,2,0.0032022770574095367,5,8
normal_179,0,0,0.035949250290465654,1,1,0,2,0.0032022770574095367,5,8
normal_179,0,5,0.0004130356655052384,0,0,0,2,0.0032022770574095367,5,8
normal_179,0,10,0.0025195219515000053,0,0,0,2,0.0032022770574095367,5,8
normal_179,0,15,0.00024565070056880477,0,0,0,2,0.0032022770574095367,5,8
normal_179,0,20,0.0032365491669030942,1,1,0,2,0.0032022770574095367,5,8
normal_182,0,0,9.503958296162874e-05,0,0,0,2,0.0032022770574095367,5,8
normal_182,0,5,9.877941920268852e-05,0,0,0,2,0.0032022770574095367,5,8
normal_182,0,10,6.44005903171579e-05,0,0,0,2,0.0032022770574095367,5,8
normal_182,0,15,0.000128209836737057,0,0,0,2,0.0032022770574095367,5,8
normal_182,0,20,7.270856507965941e-05,0,0,0,2,0.0032022770574095367,5,8
normal_182,0,25,8.708813339793929e-05,0,0,0,2,0.0032022770574095367,5,8
normal_182,0,30,8.425330740339393e-05,0,0,0,2,0.0032022770574095367,5,8
normal_182,0,35,0.0001072141771981511,0,0,0,2,0.0032022770574095367,5,8
normal_182,0,40,6.16565669311519e-05,0,0,0,2,0.0032022770574095367,5,8
normal_186,0,0,0.000207016391849599,0,0,0,2,0.0032022770574095367,5,8
normal_186,0,5,5.742934539964255e-05,0,0,0,2,0.0032022770574095367,5,8
normal_186,0,10,6.586161552516737e-05,0,0,0,2,0.0032022770574095367,5,8
normal_191,0,0,7.987633672091919e-05,0,0,0,2,0.0032022770574095367,5,8
normal_191,0,5,6.31994335566459e-05,0,0,0,2,0.0032022770574095367,5,8
normal_191,0,10,6.866990012749267e-05,0,0,0,2,0.0032022770574095367,5,8
normal_191,0,15,9.24166809928403e-05,0,0,0,2,0.0032022770574095367,5,8
normal_200,0,0,9.423158913870729e-05,0,0,0,2,0.0032022770574095367,5,8
normal_200,0,5,0.0004104818290618569,0,0,0,2,0.0032022770574095367,5,8
normal_200,0,10,6.380344523267711e-05,0,0,0,2,0.0032022770574095367,5,8
normal_200,0,15,8.054485668145739e-05,0,0,0,2,0.0032022770574095367,5,8
normal_200,0,20,0.00021289712066556796,0,0,0,2,0.0032022770574095367,5,8
normal_200,0,25,0.00013612850409521276,0,0,0,2,0.0032022770574095367,5,8
normal_200,0,30,6.819328433128734e-05,0,0,0,2,0.0032022770574095367,5,8
normal_200,0,35,7.418869966196254e-05,0,0,0,2,0.0032022770574095367,5,8
normal_205,0,0,6.713928890071482e-05,0,0,0,2,0.0032022770574095367,5,8
normal_205,0,5,0.0002525481907457772,0,0,0,2,0.0032022770574095367,5,8
normal_205,0,10,0.000260951915826698,0,0,0,2,0.0032022770574095367,5,8
normal_205,0,15,0.00023328594178749712,0,0,0,2,0.0032022770574095367,5,8
normal_205,0,20,0.00013152648294699446,0,0,0,2,0.0032022770574095367,5,8
normal_205,0,25,0.09870491166554564,1,1,0,2,0.0032022770574095367,5,8
normal_205,0,30,0.0004540685920911588,0,0,0,2,0.0032022770574095367,5,8
normal_205,0,35,0.00014748539475771874,0,0,0,2,0.0032022770574095367,5,8
normal_210,0,0,6.77323107539962e-05,0,0,0,2,0.0032022770574095367,5,8
normal_210,0,5,6.864163875348528e-05,0,0,0,2,0.0032022770574095367,5,8
normal_210,0,10,9.509958596395068e-05,0,0,0,2,0.0032022770574095367,5,8
normal_210,0,15,5.880476070254214e-05,0,0,0,2,0.0032022770574095367,5,8
normal_210,0,20,9.534401254490728e-05,0,0,0,2,0.0032022770574095367,5,8
normal_210,0,25,0.00020198206541726803,0,0,0,2,0.0032022770574095367,5,8
normal_210,0,30,0.00014494453002363727,0,0,0,2,0.0032022770574095367,5,8
normal_210,0,35,0.00012029953769762775,0,0,0,2,0.0032022770574095367,5,8
normal_210,0,40,0.0001745069419768944,0,0,0,2,0.0032022770574095367,5,8
normal_211,0,0,7.781777874249844e-05,0,0,0,2,0.0032022770574095367,5,8
normal_211,0,5,6.794887884518351e-05,0,0,0,2,0.0032022770574095367,5,8
normal_211,0,10,0.00019104901558572758,0,0,0,2,0.0032022770574095367,5,8
normal_211,0,15,0.00023298522251812332,0,0,0,2,0.0032022770574095367,5,8
normal_211,0,20,6.83583077665365e-05,0,0,0,2,0.0032022770574095367,5,8
normal_211,0,25,9.378010385163942e-05,0,0,0,2,0.0032022770574095367,5,8
normal_211,0,30,0.00018964961314870833,0,0,0,2,0.0032022770574095367,5,8
normal_211,0,35,7.776460259593506e-05,0,0,0,2,0.0032022770574095367,5,8
normal_211,0,40,7.763366396174728e-05,0,0,0,2,0.0032022770574095367,5,8
normal_214,0,0,6.47813375843472e-05,0,0,0,2,0.0032022770574095367,5,8
normal_214,0,5,6.868863320559606e-05,0,0,0,2,0.0032022770574095367,5,8
normal_214,0,10,0.00018951825370179176,0,0,0,2,0.0032022770574095367,5,8
normal_217,0,0,8.710983130991031e-05,0,0,0,2,0.0032022770574095367,5,8
normal_217,0,5,6.114437785361778e-05,0,0,0,2,0.0032022770574095367,5,8
normal_217,0,10,0.00010424538802861602,0,0,0,2,0.0032022770574095367,5,8
normal_217,0,15,8.836261638368417e-05,0,0,0,2,0.0032022770574095367,5,8
normal_217,0,20,8.146765525262168e-05,0,0,0,2,0.0032022770574095367,5,8
normal_217,0,25,7.785548841702347e-05,0,0,0,2,0.0032022770574095367,5,8
normal_217,0,30,9.329729330833291e-05,0,0,0,2,0.0032022770574095367,5,8
normal_217,0,35,0.00010332992567903891,0,0,0,2,0.0032022770574095367,5,8
normal_217,0,40,6.46928603312306e-05,0,0,0,2,0.0032022770574095367,5,8
normal_231,0,0,7.290466680508338e-05,0,0,0,2,0.0032022770574095367,5,8
normal_231,0,5,7.741174586119192e-05,0,0,0,2,0.0032022770574095367,5,8
normal_231,0,10,0.0016718617995399292,0,0,0,2,0.0032022770574095367,5,8
normal_231,0,15,9.654978134418324e-05,0,0,0,2,0.0032022770574095367,5,8
normal_231,0,20,6.459352412534157e-05,0,0,0,2,0.0032022770574095367,5,8
normal_235,0,0,8.562622141857562e-05,0,0,0,2,0.0032022770574095367,5,8
normal_235,0,5,6.647687328532073e-05,0,0,0,2,0.0032022770574095367,5,8
normal_235,0,10,0.000106531199130754,0,0,0,2,0.0032022770574095367,5,8
normal_235,0,15,6.507571940543156e-05,0,0,0,2,0.0032022770574095367,5,8
normal_235,0,20,7.621481889978925e-05,0,0,0,2,0.0032022770574095367,5,8
normal_235,0,25,8.828580055724399e-05,0,0,0,2,0.0032022770574095367,5,8
normal_235,0,30,7.175195870567948e-05,0,0,0,2,0.0032022770574095367,5,8
normal_235,0,35,9.127287525731685e-05,0,0,0,2,0.0032022770574095367,5,8
normal_235,0,40,0.00013616636150174435,0,0,0,2,0.0032022770574095367,5,8
normal_236,0,0,6.837484444960019e-05,0,0,0,2,0.0032022770574095367,5,8
normal_236,0,5,0.00048596295500164454,0,0,0,2,0.0032022770574095367,5,8
normal_236,0,10,0.002461224446903153,0,0,0,2,0.0032022770574095367,5,8
normal_236,0,15,0.00019981345987910828,0,0,0,2,0.0032022770574095367,5,8
normal_236,0,20,7.919358913791308e-05,0,0,0,2,0.0032022770574095367,5,8
normal_236,0,25,6.265756286389813e-05,0,0,0,2,0.0032022770574095367,5,8
normal_236,0,30,0.00011930817238854214,0,0,0,2,0.0032022770574095367,5,8
normal_247,0,0,7.569907927775807e-05,0,0,0,2,0.0032022770574095367,5,8
normal_247,0,5,8.123162837219512e-05,0,0,0,2,0.0032022770574095367,5,8
normal_247,0,10,7.275250840516074e-05,0,0,0,2,0.0032022770574095367,5,8
normal_247,0,15,0.00010466334418392805,0,0,0,2,0.0032022770574095367,5,8
normal_247,0,20,7.217480758327086e-05,0,0,0,2,0.0032022770574095367,5,8
normal_247,0,25,8.284255208627564e-05,0,0,0,2,0.0032022770574095367,5,8
normal_247,0,30,0.00014158208756436853,0,0,0,2,0.0032022770574095367,5,8
normal_247,0,35,9.67499918966945e-05,0,0,0,2,0.0032022770574095367,5,8
normal_247,0,40,6.746117285495372e-05,0,0,0,2,0.0032022770574095367,5,8
normal_249,0,0,6.679424146259251e-05,0,0,0,2,0.0032022770574095367,5,8
normal_249,0,5,0.00010775375033421917,0,0,0,2,0.0032022770574095367,5,8
normal_249,0,10,0.00027910074048236017,0,0,0,2,0.0032022770574095367,5,8
normal_249,0,15,0.00013201214926110373,0,0,0,2,0.0032022770574095367,5,8
normal_249,0,20,6.517965503352972e-05,0,0,0,2,0.0032022770574095367,5,8
normal_249,0,25,6.176964730203688e-05,0,0,0,2,0.0032022770574095367,5,8
normal_250,0,0,8.738553066729001e-05,0,0,0,2,0.0032022770574095367,5,8
normal_250,0,5,7.241820619278145e-05,0,0,0,2,0.0032022770574095367,5,8
normal_250,0,10,6.499831213934106e-05,0,0,0,2,0.0032022770574095367,5,8
normal_254,0,0,8.270429494478008e-05,0,0,0,2,0.0032022770574095367,5,8
normal_254,0,5,8.17757704426812e-05,0,0,0,2,0.0032022770574095367,5,8
normal_254,0,10,0.00013374544503516578,0,0,0,2,0.0032022770574095367,5,8
normal_254,0,15,8.483405547426533e-05,0,0,0,2,0.0032022770574095367,5,8
normal_254,0,20,0.0001202547464365053,0,0,0,2,0.0032022770574095367,5,8
normal_254,0,25,7.516193484335719e-05,0,0,0,2,0.0032022770574095367,5,8
normal_255,0,0,0.00010857091612366398,0,0,0,2,0.0032022770574095367,5,8
normal_255,0,5,0.0002871319163600317,0,0,0,2,0.0032022770574095367,5,8
normal_255,0,10,9.919890252771242e-05,0,0,0,2,0.0032022770574095367,5,8
normal_255,0,15,0.0011336164276087456,0,0,0,2,0.0032022770574095367,5,8
normal_277,0,0,6.462819354267717e-05,0,0,0,2,0.0032022770574095367,5,8
normal_277,0,5,0.0003134061773723735,0,0,0,2,0.0032022770574095367,5,8
normal_277,0,10,5.695459383895584e-05,0,0,0,2,0.0032022770574095367,5,8
normal_277,0,15,0.00011499810608045922,0,0,0,2,0.0032022770574095367,5,8
normal_277,0,20,0.00012279310871607903,0,0,0,2,0.0032022770574095367,5,8
normal_282,0,0,6.680327268522739e-05,0,0,0,2,0.0032022770574095367,5,8
normal_282,0,5,6.867213067907514e-05,0,0,0,2,0.0032022770574095367,5,8
normal_282,0,10,0.000170679681550804,0,0,0,2,0.0032022770574095367,5,8
normal_282,0,15,0.00022360914494139154,0,0,0,2,0.0032022770574095367,5,8
normal_282,0,20,6.83583077665365e-05,0,0,0,2,0.0032022770574095367,5,8
normal_282,0,25,7.296223128298966e-05,0,0,0,2,0.0032022770574095367,5,8
normal_282,0,30,5.939441860577505e-05,0,0,0,2,0.0032022770574095367,5,8
normal_282,0,35,6.868640211802894e-05,0,0,0,2,0.0032022770574095367,5,8
normal_289,0,0,0.00014472482261400222,0,0,0,2,0.0032022770574095367,5,8
normal_289,0,5,0.00022271079644810244,0,0,0,2,0.0032022770574095367,5,8
normal_289,0,10,6.866990012749267e-05,0,0,0,2,0.0032022770574095367,5,8
normal_289,0,15,7.35896958117823e-05,0,0,0,2,0.0032022770574095367,5,8
normal_289,0,20,6.343583588111884e-05,0,0,0,2,0.0032022770574095367,5,8
normal_289,0,25,0.00014653942395422107,0,0,0,2,0.0032022770574095367,5,8
normal_290,0,0,0.00013285786786883705,0,0,0,2,0.0032022770574095367,5,8
normal_290,0,5,0.0002762961160470274,0,0,0,2,0.0032022770574095367,5,8
normal_290,0,10,9.846572598788914e-05,0,0,0,2,0.0032022770574095367,5,8
normal_301,0,0,7.369911391326166e-05,0,0,0,2,0.0032022770574095367,5,8
normal_301,0,5,8.75870493062592e-05,0,0,0,2,0.0032022770574095367,5,8
normal_301,0,10,0.00016839664211284986,0,0,0,2,0.0032022770574095367,5,8
normal_301,0,15,6.528395607450516e-05,0,0,0,2,0.0032022770574095367,5,8
normal_301,0,20,0.0001155687376222109,0,0,0,2,0.0032022770574095367,5,8
normal_301,0,25,8.973355439484578e-05,0,0,0,2,0.0032022770574095367,5,8
normal_308,0,0,0.00023550202470597542,0,0,0,2,0.0032022770574095367,5,8
normal_308,0,5,0.0001316238883633107,0,0,0,2,0.0032022770574095367,5,8
normal_308,0,10,6.825736116387975e-05,0,0,0,2,0.0032022770574095367,5,8
normal_317,0,0,0.00012000817235185853,0,0,0,2,0.0032022770574095367,5,8
normal_317,0,5,6.370064841279002e-05,0,0,0,2,0.0032022770574095367,5,8
normal_317,0,10,5.91356863498276e-05,0,0,0,2,0.0032022770574095367,5,8
normal_317,0,15,0.00014640417962765028,0,0,0,2,0.0032022770574095367,5,8
normal_317,0,20,0.00011944062265498606,0,0,0,2,0.0032022770574095367,5,8
normal_317,0,25,0.00028239924476178676,0,0,0,2,0.0032022770574095367,5,8
normal_317,0,30,0.008714314622005148,1,1,0,2,0.0032022770574095367,5,8
normal_317,0,35,7.404037231649353e-05,0,0,0,2,0.0032022770574095367,5,8
normal_317,0,40,9.517417540835426e-05,0,0,0,2,0.0032022770574095367,5,8
normal_323,0,0,9.644980077823505e-05,0,0,0,2,0.0032022770574095367,5,8
normal_323,0,5,0.00030267263130628885,0,0,0,2,0.0032022770574095367,5,8
normal_323,0,10,8.421377345558073e-05,0,0,0,2,0.0032022770574095367,5,8
normal_323,0,15,7.559712471346231e-05,0,0,0,2,0.0032022770574095367,5,8
normal_323,0,20,0.00015920078934060006,0,0,0,2,0.0032022770574095367,5,8
normal_323,0,25,8.1325369056092e-05,0,0,0,2,0.0032022770574095367,5,8
normal_323,0,30,0.00012345788515021576,0,0,0,2,0.0032022770574095367,5,8
normal_323,0,35,6.246229302413336e-05,0,0,0,2,0.0032022770574095367,5,8
normal_323,0,40,6.487146660064934e-05,0,0,0,2,0.0032022770574095367,5,8
normal_325,0,0,0.0005348359390406249,0,0,0,2,0.0032022770574095367,5,8
normal_325,0,5,7.257208458702312e-05,0,0,0,2,0.0032022770574095367,5,8
normal_325,0,10,7.562237032991089e-05,0,0,0,2,0.0032022770574095367,5,8
normal_325,0,15,6.867213067907514e-05,0,0,0,2,0.0032022770574095367,5,8
normal_325,0,20,0.00019861531272328333,0,0,0,2,0.0032022770574095367,5,8
normal_325,0,25,0.00012034836797608829,0,0,0,2,0.0032022770574095367,5,8
normal_325,0,30,6.83583077665365e-05,0,0,0,2,0.0032022770574095367,5,8
normal_332,0,0,6.48344270149509e-05,0,0,0,2,0.0032022770574095367,5,8
normal_332,0,5,6.609786556245614e-05,0,0,0,2,0.0032022770574095367,5,8
normal_332,0,10,0.006412908763811977,1,1,0,2,0.0032022770574095367,5,8
normal_332,0,15,9.293923765395442e-05,0,0,0,2,0.0032022770574095367,5,8
normal_332,0,20,0.00036876068037095655,0,0,0,2,0.0032022770574095367,5,8
normal_355,0,0,9.887795076397425e-05,0,0,0,2,0.0032022770574095367,5,8
normal_355,0,5,6.179818701464399e-05,0,0,0,2,0.0032022770574095367,5,8
normal_355,0,10,6.293562654828532e-05,0,0,0,2,0.0032022770574095367,5,8
normal_355,0,15,0.00010562117987937355,0,0,0,2,0.0032022770574095367,5,8
normal_355,0,20,0.0026341044578207283,0,0,0,2,0.0032022770574095367,5,8
normal_355,0,25,0.0003547666794428047,0,0,0,2,0.0032022770574095367,5,8
normal_355,0,30,6.114437785361778e-05,0,0,0,2,0.0032022770574095367,5,8
normal_355,0,35,0.0001091669371973031,0,0,0,2,0.0032022770574095367,5,8
normal_355,0,40,5.4849157862807946e-05,0,0,0,2,0.0032022770574095367,5,8
normal_358,0,0,0.00027445419895987287,0,0,0,2,0.0032022770574095367,5,8
normal_358,0,5,0.00018510358886199144,0,0,0,2,0.0032022770574095367,5,8
normal_358,0,10,6.718679544157093e-05,0,0,0,2,0.0032022770574095367,5,8
normal_366,0,0,0.00014608171385377484,0,0,0,2,0.0032022770574095367,5,8
normal_366,0,5,0.00022229975920027726,0,0,0,2,0.0032022770574095367,5,8
normal_366,0,10,7.156693284925905e-05,0,0,0,2,0.0032022770574095367,5,8
normal_366,0,15,9.757961518137327e-05,0,0,0,2,0.0032022770574095367,5,8
normal_366,0,20,9.178027663843546e-05,0,0,0,2,0.0032022770574095367,5,8
normal_366,0,25,0.0016411841378372429,0,0,0,2,0.0032022770574095367,5,8
normal_366,0,30,6.644353496059066e-05,0,0,0,2,0.0032022770574095367,5,8
normal_366,0,35,6.189832116891779e-05,0,0,0,2,0.0032022770574095367,5,8
normal_366,0,40,6.479690517911577e-05,0,0,0,2,0.0032022770574095367,5,8
normal_376,0,0,6.604202710451773e-05,0,0,0,2,0.0032022770574095367,5,8
normal_376,0,5,7.659667202946961e-05,0,0,0,2,0.0032022770574095367,5,8
normal_376,0,10,0.00010308186358073222,0,0,0,2,0.0032022770574095367,5,8
normal_386,0,0,6.298973760462609e-05,0,0,0,2,0.0032022770574095367,5,8
normal_386,0,5,7.32757653308044e-05,0,0,0,2,0.0032022770574095367,5,8
normal_386,0,10,6.586569447431067e-05,0,0,0,2,0.0032022770574095367,5,8
normal_386,0,15,9.88386961035905e-05,0,0,0,2,0.0032022770574095367,5,8
normal_386,0,20,9.270669569994189e-05,0,0,0,2,0.0032022770574095367,5,8
normal_386,0,25,6.292842635553778e-05,0,0,0,2,0.0032022770574095367,5,8
normal_386,0,30,7.172503355364879e-05,0,0,0,2,0.0032022770574095367,5,8
normal_393,0,0,7.930759132844604e-05,0,0,0,2,0.0032022770574095367,5,8
normal_393,0,5,8.502162200572839e-05,0,0,0,2,0.0032022770574095367,5,8
normal_393,0,10,7.349605020033338e-05,0,0,0,2,0.0032022770574095367,5,8
normal_393,0,15,0.00021575370522368138,0,0,0,2,0.0032022770574095367,5,8
normal_409,0,0,9.1174362729999e-05,0,0,0,2,0.0032022770574095367,5,8
normal_409,0,5,0.00019177437418873425,0,0,0,2,0.0032022770574095367,5,8
normal_409,0,10,0.00017873917895500958,0,0,0,2,0.0032022770574095367,5,8
normal_409,0,15,5.72136214376575e-05,0,0,0,2,0.0032022770574095367,5,8
normal_419,0,0,6.31994335566459e-05,0,0,0,2,0.0032022770574095367,5,8
normal_419,0,5,0.00010547083874871148,0,0,0,2,0.0032022770574095367,5,8
normal_419,0,10,6.72561725993671e-05,0,0,0,2,0.0032022770574095367,5,8
normal_419,0,15,0.00016834301447273022,0,0,0,2,0.0032022770574095367,5,8
normal_419,0,20,0.0001148867181632968,0,0,0,2,0.0032022770574095367,5,8
normal_419,0,25,6.868640211802894e-05,0,0,0,2,0.0032022770574095367,5,8
normal_419,0,30,0.00034813484251222166,0,0,0,2,0.0032022770574095367,5,8
normal_419,0,35,0.00038468343520628944,0,0,0,2,0.0032022770574095367,5,8
normal_419,0,40,7.776460259593506e-05,0,0,0,2,0.0032022770574095367,5,8
normal_420,0,0,6.215094226221824e-05,0,0,0,2,0.0032022770574095367,5,8
normal_420,0,5,8.955877111233101e-05,0,0,0,2,0.0032022770574095367,5,8
normal_420,0,10,6.947193149297173e-05,0,0,0,2,0.0032022770574095367,5,8
normal_420,0,15,0.0002635783691925672,0,0,0,2,0.0032022770574095367,5,8
normal_420,0,20,0.00012972886286521208,0,0,0,2,0.0032022770574095367,5,8
normal_420,0,25,0.00012938219078646395,0,0,0,2,0.0032022770574095367,5,8
normal_434,0,0,7.526406421015479e-05,0,0,0,2,0.0032022770574095367,5,8
normal_434,0,5,0.00010768775363035342,0,0,0,2,0.0032022770574095367,5,8
normal_434,0,10,6.867213067907514e-05,0,0,0,2,0.0032022770574095367,5,8
normal_434,0,15,7.15696744380605e-05,0,0,0,2,0.0032022770574095367,5,8
normal_434,0,20,7.614632110249e-05,0,0,0,2,0.0032022770574095367,5,8
normal_434,0,25,8.065816551143314e-05,0,0,0,2,0.0032022770574095367,5,8
normal_434,0,30,0.00033767119426771455,0,0,0,2,0.0032022770574095367,5,8
normal_434,0,35,0.0006026215830579531,0,0,0,2,0.0032022770574095367,5,8
normal_434,0,40,6.72561725993671e-05,0,0,0,2,0.0032022770574095367,5,8
normal_440,0,0,7.277318188188059e-05,0,0,0,2,0.0032022770574095367,5,8
normal_440,0,5,6.31994335566459e-05,0,0,0,2,0.0032022770574095367,5,8
normal_440,0,10,9.270669569994189e-05,0,0,0,2,0.0032022770574095367,5,8
normal_440,0,15,9.059720513932378e-05,0,0,0,2,0.0032022770574095367,5,8
normal_440,0,20,7.788803598129333e-05,0,0,0,2,0.0032022770574095367,5,8
normal_440,0,25,0.00011067929512286266,0,0,0,2,0.0032022770574095367,5,8
normal_440,0,30,7.156693284925905e-05,0,0,0,2,0.0032022770574095367,5,8
normal_440,0,35,6.561680239496178e-05,0,0,0,2,0.0032022770574095367,5,8
normal_444,0,0,8.385340254497822e-05,0,0,0,2,0.0032022770574095367,5,8
normal_444,0,5,8.298118393668919e-05,0,0,0,2,0.0032022770574095367,5,8
normal_444,0,10,0.0006551849621663876,0,0,0,2,0.0032022770574095367,5,8
normal_444,0,15,0.0002658191375172241,0,0,0,2,0.0032022770574095367,5,8
normal_444,0,20,6.866990012749267e-05,0,0,0,2,0.0032022770574095367,5,8
normal_444,0,25,0.0001429083178901301,0,0,0,2,0.0032022770574095367,5,8
normal_444,0,30,6.628537478192731e-05,0,0,0,2,0.0032022770574095367,5,8
normal_444,0,35,8.168633440405327e-05,0,0,0,2,0.0032022770574095367,5,8
normal_444,0,40,8.103101009082918e-05,0,0,0,2,0.0032022770574095367,5,8
normal_452,0,0,6.866990012749267e-05,0,0,0,2,0.0032022770574095367,5,8
normal_452,0,5,0.0016042886905452975,0,0,0,2,0.0032022770574095367,5,8
normal_452,0,10,0.00011397558618040712,0,0,0,2,0.0032022770574095367,5,8
normal_452,0,15,7.741174586119192e-05,0,0,0,2,0.0032022770574095367,5,8
normal_452,0,20,7.355370660060209e-05,0,0,0,2,0.0032022770574095367,5,8
normal_452,0,25,6.586569447431067e-05,0,0,0,2,0.0032022770574095367,5,8
normal_455,0,0,6.696708360277902e-05,0,0,0,2,0.0032022770574095367,5,8
normal_455,0,5,8.250620987937789e-05,0,0,0,2,0.0032022770574095367,5,8
normal_455,0,10,7.971178449564475e-05,0,0,0,2,0.0032022770574095367,5,8
normal_455,0,15,6.477923340211394e-05,0,0,0,2,0.0032022770574095367,5,8
normal_455,0,20,7.479508225439846e-05,0,0,0,2,0.0032022770574095367,5,8
normal_455,0,25,0.00016911845080889803,0,0,0,2,0.0032022770574095367,5,8
normal_455,0,30,0.00011372565917002787,0,0,0,2,0.0032022770574095367,5,8
normal_455,0,35,7.44155618149955e-05,0,0,0,2,0.0032022770574095367,5,8
normal_455,0,40,7.42515499756353e-05,0,0,0,2,0.0032022770574095367,5,8
normal_456,0,0,7.962268806632018e-05,0,0,0,2,0.0032022770574095367,5,8
normal_456,0,5,0.00014126187769975026,0,0,0,2,0.0032022770574095367,5,8
normal_456,0,10,5.946667342223587e-05,0,0,0,2,0.0032022770574095367,5,8
normal_456,0,15,0.00014120623192909404,0,0,0,2,0.0032022770574095367,5,8
normal_456,0,20,7.831689276332145e-05,0,0,0,2,0.0032022770574095367,5,8
normal_456,0,25,5.932142451270922e-05,0,0,0,2,0.0032022770574095367,5,8
normal_456,0,30,0.00014429453916329704,0,0,0,2,0.0032022770574095367,5,8
normal_456,0,35,8.886451430698609e-05,0,0,0,2,0.0032022770574095367,5,8
normal_456,0,40,0.00015917701978187943,0,0,0,2,0.0032022770574095367,5,8
normal_462,0,0,0.000532620249412623,0,0,0,2,0.0032022770574095367,5,8
normal_462,0,5,8.814721407364348e-05,0,0,0,2,0.0032022770574095367,5,8
normal_462,0,10,6.409389603286379e-05,0,0,0,2,0.0032022770574095367,5,8
normal_462,0,15,7.697479974667313e-05,0,0,0,2,0.0032022770574095367,5,8
normal_462,0,20,0.00017457570471704202,0,0,0,2,0.0032022770574095367,5,8
normal_462,0,25,0.00010491072948043139,0,0,0,2,0.0032022770574095367,5,8
normal_462,0,30,7.156693284925905e-05,0,0,0,2,0.0032022770574095367,5,8
normal_462,0,35,7.736343871664389e-05,0,0,0,2,0.0032022770574095367,5,8
normal_471,0,0,6.381357377491933e-05,0,0,0,2,0.0032022770574095367,5,8
normal_471,0,5,6.866990012749267e-05,0,0,0,2,0.0032022770574095367,5,8
normal_471,0,10,0.00011658552192351035,0,0,0,2,0.0032022770574095367,5,8
normal_490,0,0,6.866990012749267e-05,0,0,0,2,0.0032022770574095367,5,8
normal_490,0,5,0.00017716951577214962,0,0,0,2,0.0032022770574095367,5,8
normal_490,0,10,9.266680737559307e-05,0,0,0,2,0.0032022770574095367,5,8
normal_492,0,0,0.00017716951577214962,0,0,0,2,0.0032022770574095367,5,8
normal_492,0,5,9.212410866411418e-05,0,0,0,2,0.0032022770574095367,5,8
normal_492,0,10,6.868640211802894e-05,0,0,0,2,0.0032022770574095367,5,8
normal_492,0,15,7.302393813945219e-05,0,0,0,2,0.0032022770574095367,5,8
normal_492,0,20,6.31994335566459e-05,0,0,0,2,0.0032022770574095367,5,8
normal_492,0,25,6.866990012749267e-05,0,0,0,2,0.0032022770574095367,5,8
normal_492,0,30,6.71429266818158e-05,0,0,0,2,0.0032022770574095367,5,8
normal_492,0,35,6.321667439144427e-05,0,0,0,2,0.0032022770574095367,5,8
normal_492,0,40,6.751213849614012e-05,0,0,0,2,0.0032022770574095367,5,8
normal_499,0,0,6.866990012749267e-05,0,0,0,2,0.0032022770574095367,5,8
normal_499,0,5,7.3300924277112e-05,0,0,0,2,0.0032022770574095367,5,8
normal_499,0,10,6.320148642649885e-05,0,0,0,2,0.0032022770574095367,5,8
normal_499,0,15,6.868640211802894e-05,0,0,0,2,0.0032022770574095367,5,8
normal_499,0,20,0.0004200037181695241,0,0,0,2,0.0032022770574095367,5,8
normal_499,0,25,7.569133872741933e-05,0,0,0,2,0.0032022770574095367,5,8
normal_499,0,30,6.477923340211394e-05,0,0,0,2,0.0032022770574095367,5,8
normal_499,0,35,6.72561725993671e-05,0,0,0,2,0.0032022770574095367,5,8
normal_499,0,40,0.0001772178421880134,0,0,0,2,0.0032022770574095367,5,8
normal_516,0,0,6.868640211802894e-05,0,0,0,2,0.0032022770574095367,5,8
normal_516,0,5,7.33567959205042e-05,0,0,0,2,0.0032022770574095367,5,8
normal_516,0,10,6.0323724079832414e-05,0,0,0,2,0.0032022770574095367,5,8
normal_516,0,15,6.867213067907514e-05,0,0,0,2,0.0032022770574095367,5,8
normal_516,0,20,6.847374914900986e-05,0,0,0,2,0.0032022770574095367,5,8
normal_516,0,25,6.297574614578565e-05,0,0,0,2,0.0032022770574095367,5,8
normal_516,0,30,6.454995482524095e-05,0,0,0,2,0.0032022770574095367,5,8
normal_516,0,35,6.866990012749267e-05,0,0,0,2,0.0032022770574095367,5,8
normal_516,0,40,0.00019908097739765107,0,0,0,2,0.0032022770574095367,5,8
normal_517,0,0,6.321462102829683e-05,0,0,0,2,0.0032022770574095367,5,8
normal_517,0,5,6.477923340211394e-05,0,0,0,2,0.0032022770574095367,5,8
normal_517,0,10,6.866990012749267e-05,0,0,0,2,0.0032022770574095367,5,8
normal_517,0,15,0.0001772178421880134,0,0,0,2,0.0032022770574095367,5,8
normal_517,0,20,0.00010451431015960265,0,0,0,2,0.0032022770574095367,5,8
normal_517,0,25,7.156693284925905e-05,0,0,0,2,0.0032022770574095367,5,8
normal_517,0,30,7.288914429614873e-05,0,0,0,2,0.0032022770574095367,5,8
normal_518,0,0,6.868863320559606e-05,0,0,0,2,0.0032022770574095367,5,8
normal_518,0,5,7.337442413132738e-05,0,0,0,2,0.0032022770574095367,5,8
normal_518,0,10,6.321462102829683e-05,0,0,0,2,0.0032022770574095367,5,8
normal_518,0,15,6.866990012749267e-05,0,0,0,2,0.0032022770574095367,5,8
normal_539,0,0,6.867213067907514e-05,0,0,0,2,0.0032022770574095367,5,8
normal_539,0,5,6.826182288525286e-05,0,0,0,2,0.0032022770574095367,5,8
normal_539,0,10,7.542344093365767e-05,0,0,0,2,0.0032022770574095367,5,8
normal_539,0,15,6.477923340211394e-05,0,0,0,2,0.0032022770574095367,5,8
normal_539,0,20,6.866990012749267e-05,0,0,0,2,0.0032022770574095367,5,8
normal_539,0,25,0.00017716951577214962,0,0,0,2,0.0032022770574095367,5,8
normal_552,0,0,6.31994335566459e-05,0,0,0,2,0.0032022770574095367,5,8
normal_552,0,5,6.868863320559606e-05,0,0,0,2,0.0032022770574095367,5,8
normal_552,0,10,6.816304677012779e-05,0,0,0,2,0.0032022770574095367,5,8
normal_552,0,15,6.321462102829683e-05,0,0,0,2,0.0032022770574095367,5,8
normal_552,0,20,6.477923340211394e-05,0,0,0,2,0.0032022770574095367,5,8
normal_552,0,25,6.866990012749267e-05,0,0,0,2,0.0032022770574095367,5,8
normal_552,0,30,0.00017794970227232417,0,0,0,2,0.0032022770574095367,5,8
normal_552,0,35,0.000636645125100303,0,0,0,2,0.0032022770574095367,5,8
normal_557,0,0,6.189832116891779e-05,0,0,0,2,0.0032022770574095367,5,8
normal_557,0,5,6.72561725993671e-05,0,0,0,2,0.0032022770574095367,5,8
normal_557,0,10,6.857297547683454e-05,0,0,0,2,0.0032022770574095367,5,8
normal_557,0,15,6.586569447431067e-05,0,0,0,2,0.0032022770574095367,5,8
normal_557,0,20,6.477923340211394e-05,0,0,0,2,0.0032022770574095367,5,8
normal_557,0,25,6.866990012749267e-05,0,0,0,2,0.0032022770574095367,5,8
normal_557,0,30,0.00020824346075608836,0,0,0,2,0.0032022770574095367,5,8
normal_557,0,35,9.266379752091174e-05,0,0,0,2,0.0032022770574095367,5,8
normal_557,0,40,8.173955150665343e-05,0,0,0,2,0.0032022770574095367,5,8
normal_559,0,0,0.00025502016075607274,0,0,0,2,0.0032022770574095367,5,8
normal_559,0,5,6.230948773328563e-05,0,0,0,2,0.0032022770574095367,5,8
normal_559,0,10,6.866990012749267e-05,0,0,0,2,0.0032022770574095367,5,8
normal_559,0,15,8.587363438850086e-05,0,0,0,2,0.0032022770574095367,5,8
normal_559,0,20,6.321667439144427e-05,0,0,0,2,0.0032022770574095367,5,8
normal_562,0,0,8.713945113474338e-05,0,0,0,2,0.0032022770574095367,5,8
normal_562,0,5,6.867213067907514e-05,0,0,0,2,0.0032022770574095367,5,8
normal_562,0,10,7.590560809227869e-05,0,0,0,2,0.0032022770574095367,5,8
normal_562,0,15,9.328551340839648e-05,0,0,0,2,0.0032022770574095367,5,8
normal_562,0,20,6.769523027763978e-05,0,0,0,2,0.0032022770574095367,5,8
normal_562,0,25,0.0005190987799434929,0,0,0,2,0.0032022770574095367,5,8
normal_562,0,30,7.224726190057382e-05,0,0,0,2,0.0032022770574095367,5,8
normal_562,0,35,8.151940004083987e-05,0,0,0,2,0.0032022770574095367,5,8
normal_562,0,40,6.837473488376474e-05,0,0,0,2,0.0032022770574095367,5,8
normal_568,0,0,6.176964730203688e-05,0,0,0,2,0.0032022770574095367,5,8
normal_568,0,5,0.00011352990585753773,0,0,0,2,0.0032022770574095367,5,8
normal_568,0,10,0.0002148945063902474,0,0,0,2,0.0032022770574095367,5,8
normal_568,0,15,0.00016238718370978496,0,0,0,2,0.0032022770574095367,5,8
normal_568,0,20,0.0001363531052210111,0,0,0,2,0.0032022770574095367,5,8
normal_568,0,25,6.567845346462523e-05,0,0,0,2,0.0032022770574095367,5,8
normal_568,0,30,0.00012009701761497763,0,0,0,2,0.0032022770574095367,5,8
normal_568,0,35,0.00014055111715723968,0,0,0,2,0.0032022770574095367,5,8
normal_568,0,40,6.724835050298248e-05,0,0,0,2,0.0032022770574095367,5,8
normal_576,0,0,0.0001518158153900529,0,0,0,2,0.0032022770574095367,5,8
normal_576,0,5,6.17622119634108e-05,0,0,0,2,0.0032022770574095367,5,8
normal_576,0,10,0.00012422264583574884,0,0,0,2,0.0032022770574095367,5,8
normal_576,0,15,0.0002684846707335935,0,0,0,2,0.0032022770574095367,5,8
normal_576,0,20,8.122318120758232e-05,0,0,0,2,0.0032022770574095367,5,8
normal_576,0,25,0.00017563829481220423,0,0,0,2,0.0032022770574095367,5,8
normal_576,0,30,0.00011547601968324716,0,0,0,2,0.0032022770574095367,5,8
normal_576,0,35,0.0007799991404639425,0,0,0,2,0.0032022770574095367,5,8
normal_576,0,40,8.25385645001822e-05,0,0,0,2,0.0032022770574095367,5,8
normal_588,0,0,9.182206644024072e-05,0,0,0,2,0.0032022770574095367,5,8
normal_588,0,5,0.00022940302553062342,0,0,0,2,0.0032022770574095367,5,8
normal_588,0,10,9.026037733886814e-05,0,0,0,2,0.0032022770574095367,5,8
normal_588,0,15,9.053349436396335e-05,0,0,0,2,0.0032022770574095367,5,8
normal_588,0,20,7.362928551801556e-05,0,0,0,2,0.0032022770574095367,5,8
normal_588,0,25,6.124291887232931e-05,0,0,0,2,0.0032022770574095367,5,8
normal_588,0,30,0.00011386403377175605,0,0,0,2,0.0032022770574095367,5,8
normal_588,0,35,8.575058422391997e-05,0,0,0,2,0.0032022770574095367,5,8
normal_588,0,40,0.00028121369750294,0,0,0,2,0.0032022770574095367,5,8
normal_590,0,0,0.0002703223944405835,0,0,0,2,0.0032022770574095367,5,8
normal_590,0,5,0.00012376642673727722,0,0,0,2,0.0032022770574095367,5,8
normal_590,0,10,7.338964058722751e-05,0,0,0,2,0.0032022770574095367,5,8
normal_590,0,15,6.133340755230453e-05,0,0,0,2,0.0032022770574095367,5,8
normal_593,0,0,0.00021349452237282913,0,0,0,2,0.0032022770574095367,5,8
normal_593,0,5,0.0021041366584098,0,0,0,2,0.0032022770574095367,5,8
normal_593,0,10,0.0001775101096872817,0,0,0,2,0.0032022770574095367,5,8
normal_593,0,15,7.29669792078988e-05,0,0,0,2,0.0032022770574095367,5,8
normal_593,0,20,9.533206984088857e-05,0,0,0,2,0.0032022770574095367,5,8
normal_593,0,25,9.142286036680088e-05,0,0,0,2,0.0032022770574095367,5,8
normal_593,0,30,8.960480152867354e-05,0,0,0,2,0.0032022770574095367,5,8
normal_593,0,35,9.492768001613605e-05,0,0,0,2,0.0032022770574095367,5,8
normal_593,0,40,0.00010331077178237476,0,0,0,2,0.0032022770574095367,5,8
normal_594,0,0,7.518683685281864e-05,0,0,0,2,0.0032022770574095367,5,8
normal_594,0,5,6.31994335566459e-05,0,0,0,2,0.0032022770574095367,5,8
normal_594,0,10,6.477923340211394e-05,0,0,0,2,0.0032022770574095367,5,8
normal_594,0,15,6.867213067907514e-05,0,0,0,2,0.0032022770574095367,5,8
normal_594,0,20,0.0004496734781454386,0,0,0,2,0.0032022770574095367,5,8
normal_594,0,25,9.88561825429715e-05,0,0,0,2,0.0032022770574095367,5,8
normal_594,0,30,6.624482086804068e-05,0,0,0,2,0.0032022770574095367,5,8
normal_594,0,35,7.665449518826102e-05,0,0,0,2,0.0032022770574095367,5,8
normal_595,0,0,0.00010147325099353867,0,0,0,2,0.0032022770574095367,5,8
normal_595,0,5,7.72019771387464e-05,0,0,0,2,0.0032022770574095367,5,8
normal_595,0,10,6.48344270149509e-05,0,0,0,2,0.0032022770574095367,5,8
normal_595,0,15,6.713928890071482e-05,0,0,0,2,0.0032022770574095367,5,8
normal_595,0,20,0.00028234438393697587,0,0,0,2,0.0032022770574095367,5,8
normal_595,0,25,0.0002489943120478065,0,0,0,2,0.0032022770574095367,5,8
anomaly_7,1,0,0.9995960335800618,1,1,0,2,0.0032022770574095367,5,8
anomaly_7,1,5,0.9998086803636588,1,2,0,2,0.0032022770574095367,5,8
anomaly_7,1,10,0.0034946051853826767,1,3,0,2,0.0032022770574095367,5,8
anomaly_7,1,15,0.011753316079918166,1,4,0,2,0.0032022770574095367,5,8
anomaly_7,1,20,0.998976402633848,1,5,1,2,0.0032022770574095367,5,8
anomaly_7,1,25,0.9861955825243701,1,6,1,2,0.0032022770574095367,5,8
anomaly_7,1,30,0.9998755394818333,1,7,1,2,0.0032022770574095367,5,8
anomaly_7,1,35,0.9993820987506787,1,8,1,2,0.0032022770574095367,5,8
anomaly_7,1,40,0.6444986464742177,1,9,1,2,0.0032022770574095367,5,8
anomaly_9,1,0,0.9999189938592868,1,1,0,2,0.0032022770574095367,5,8
anomaly_9,1,5,0.9997134399803986,1,2,0,2,0.0032022770574095367,5,8
anomaly_9,1,10,0.3531783876075207,1,3,0,2,0.0032022770574095367,5,8
anomaly_9,1,15,0.9698955335355034,1,4,0,2,0.0032022770574095367,5,8
normal_18,0,0,0.0002001225548498547,0,0,0,3,0.0020524606331384977,5,10
normal_18,0,5,9.323735515429508e-05,0,0,0,3,0.0020524606331384977,5,10
normal_18,0,10,5.433970339638865e-05,0,0,0,3,0.0020524606331384977,5,10
normal_18,0,15,5.2247513444051445e-05,0,0,0,3,0.0020524606331384977,5,10
normal_18,0,20,9.248924483437158e-05,0,0,0,3,0.0020524606331384977,5,10
normal_18,0,25,0.0002872257746498899,0,0,0,3,0.0020524606331384977,5,10
normal_19,0,0,9.581111183169444e-05,0,0,0,3,0.0020524606331384977,5,10
normal_19,0,5,0.0001448445973041914,0,0,0,3,0.0020524606331384977,5,10
normal_19,0,10,0.0001587838501662652,0,0,0,3,0.0020524606331384977,5,10
normal_19,0,15,7.719212405751967e-05,0,0,0,3,0.0020524606331384977,5,10
normal_19,0,20,0.001383091825247675,0,0,0,3,0.0020524606331384977,5,10
normal_19,0,25,0.00010559627157360713,0,0,0,3,0.0020524606331384977,5,10
normal_24,0,0,5.244842296645317e-05,0,0,0,3,0.0020524606331384977,5,10
normal_24,0,5,5.508953093075167e-05,0,0,0,3,0.0020524606331384977,5,10
normal_24,0,10,5.453585096410117e-05,0,0,0,3,0.0020524606331384977,5,10
normal_24,0,15,5.268139410298437e-05,0,0,0,3,0.0020524606331384977,5,10
normal_24,0,20,5.365588343411777e-05,0,0,0,3,0.0020524606331384977,5,10
normal_24,0,25,6.944343438242027e-05,0,0,0,3,0.0020524606331384977,5,10
normal_24,0,30,0.0001234381289235373,0,0,0,3,0.0020524606331384977,5,10
normal_24,0,35,5.448316144338933e-05,0,0,0,3,0.0020524606331384977,5,10
normal_24,0,40,5.3266369826822e-05,0,0,0,3,0.0020524606331384977,5,10
normal_25,0,0,6.651811143246227e-05,0,0,0,3,0.0020524606331384977,5,10
normal_25,0,5,0.00016572809566903449,0,0,0,3,0.0020524606331384977,5,10
normal_25,0,10,5.786862563384818e-05,0,0,0,3,0.0020524606331384977,5,10
normal_25,0,15,0.00012846095660983356,0,0,0,3,0.0020524606331384977,5,10
normal_25,0,20,0.0002356749144770113,0,0,0,3,0.0020524606331384977,5,10
normal_25,0,25,7.395099370971841e-05,0,0,0,3,0.0020524606331384977,5,10
normal_30,0,0,0.00013959012216803771,0,0,0,3,0.0020524606331384977,5,10
normal_30,0,5,0.0016256666425782864,0,0,0,3,0.0020524606331384977,5,10
normal_30,0,10,7.46902166997378e-05,0,0,0,3,0.0020524606331384977,5,10
normal_30,0,15,5.916724360010583e-05,0,0,0,3,0.0020524606331384977,5,10
normal_30,0,20,0.0005552470769646746,0,0,0,3,0.0020524606331384977,5,10
normal_30,0,25,0.00040298611882821396,0,0,0,3,0.0020524606331384977,5,10
normal_30,0,30,8.523840149126985e-05,0,0,0,3,0.0020524606331384977,5,10
normal_36,0,0,5.55331501678668e-05,0,0,0,3,0.0020524606331384977,5,10
normal_36,0,5,5.364283973414436e-05,0,0,0,3,0.0020524606331384977,5,10
normal_36,0,10,5.365588343411777e-05,0,0,0,3,0.0020524606331384977,5,10
normal_36,0,15,6.365917384360295e-05,0,0,0,3,0.0020524606331384977,5,10
normal_36,0,20,0.0009151269918364301,0,0,0,3,0.0020524606331384977,5,10
normal_36,0,25,0.0006160782594864375,0,0,0,3,0.0020524606331384977,5,10
normal_45,0,0,0.001136500486037252,0,0,0,3,0.0020524606331384977,5,10
normal_45,0,5,0.0001839262055769636,0,0,0,3,0.0020524606331384977,5,10
normal_45,0,10,0.00035166223844150236,0,0,0,3,0.0020524606331384977,5,10
normal_45,0,15,5.2909779150177e-05,0,0,0,3,0.0020524606331384977,5,10
normal_48,0,0,0.00029065657649451015,0,0,0,3,0.0020524606331384977,5,10
normal_48,0,5,0.00019821015331291552,0,0,0,3,0.0020524606331384977,5,10
normal_48,0,10,8.271138370132321e-05,0,0,0,3,0.0020524606331384977,5,10
normal_48,0,15,7.456762213746911e-05,0,0,0,3,0.0020524606331384977,5,10
normal_48,0,20,0.0002010654604226377,0,0,0,3,0.0020524606331384977,5,10
normal_48,0,25,0.00024929951100828725,0,0,0,3,0.0020524606331384977,5,10
normal_48,0,30,0.0001413549765684016,0,0,0,3,0.0020524606331384977,5,10
normal_48,0,35,0.00019283912824809488,0,0,0,3,0.0020524606331384977,5,10
normal_48,0,40,8.748249728698295e-05,0,0,0,3,0.0020524606331384977,5,10
normal_54,0,0,0.00040530960865147885,0,0,0,3,0.0020524606331384977,5,10
normal_54,0,5,5.988975050398804e-05,0,0,0,3,0.0020524606331384977,5,10
normal_54,0,10,7.458339959884695e-05,0,0,0,3,0.0020524606331384977,5,10
normal_54,0,15,0.00016777748645240129,0,0,0,3,0.0020524606331384977,5,10
normal_54,0,20,0.00018985597680088806,0,0,0,3,0.0020524606331384977,5,10
normal_54,0,25,0.0002105023770872961,0,0,0,3,0.0020524606331384977,5,10
normal_54,0,30,6.502535815939225e-05,0,0,0,3,0.0020524606331384977,5,10
normal_54,0,35,0.0007926548927181276,0,0,0,3,0.0020524606331384977,5,10
normal_54,0,40,0.00013484609142573234,0,0,0,3,0.0020524606331384977,5,10
normal_55,0,0,0.0001292378394552599,0,0,0,3,0.0020524606331384977,5,10
normal_55,0,5,5.364283973414436e-05,0,0,0,3,0.0020524606331384977,5,10
normal_55,0,10,7.141606730919593e-05,0,0,0,3,0.0020524606331384977,5,10
normal_55,0,15,5.534534479445848e-05,0,0,0,3,0.0020524606331384977,5,10
normal_55,0,20,5.364283973414436e-05,0,0,0,3,0.0020524606331384977,5,10
normal_55,0,25,5.351093293808338e-05,0,0,0,3,0.0020524606331384977,5,10
normal_55,0,30,5.467995322310725e-05,0,0,0,3,0.0020524606331384977,5,10
normal_55,0,35,7.786055609556561e-05,0,0,0,3,0.0020524606331384977,5,10
normal_55,0,40,5.364283973414436e-05,0,0,0,3,0.0020524606331384977,5,10
normal_63,0,0,6.0011490220418626e-05,0,0,0,3,0.0020524606331384977,5,10
normal_63,0,5,8.930431639552935e-05,0,0,0,3,0.0020524606331384977,5,10
normal_63,0,10,8.616475833156802e-05,0,0,0,3,0.0020524606331384977,5,10
normal_63,0,15,0.0001433238736957553,0,0,0,3,0.0020524606331384977,5,10
normal_63,0,20,5.922301184635382e-05,0,0,0,3,0.0020524606331384977,5,10
normal_63,0,25,0.000140320215304653,0,0,0,3,0.0020524606331384977,5,10
normal_63,0,30,9.521417224380151e-05,0,0,0,3,0.0020524606331384977,5,10
normal_63,0,35,6.424808898905739e-05,0,0,0,3,0.0020524606331384977,5,10
normal_63,0,40,0.00011475875083328854,0,0,0,3,0.0020524606331384977,5,10
normal_68,0,0,0.0006890089445912008,0,0,0,3,0.0020524606331384977,5,10
normal_68,0,5,0.002026077568450925,0,0,0,3,0.0020524606331384977,5,10
normal_68,0,10,0.0023539341815542827,1,1,0,3,0.0020524606331384977,5,10
normal_68,0,15,0.00021637141988681998,0,0,0,3,0.0020524606331384977,5,10
normal_68,0,20,0.0007776289226447127,0,0,0,3,0.0020524606331384977,5,10
normal_68,0,25,6.455149588373505e-05,0,0,0,3,0.0020524606331384977,5,10
normal_68,0,30,7.92837701648115e-05,0,0,0,3,0.0020524606331384977,5,10
normal_68,0,35,0.00018546126824133254,0,0,0,3,0.0020524606331384977,5,10
normal_68,0,40,0.0001935320993457839,0,0,0,3,0.0020524606331384977,5,10
normal_80,0,0,8.577979542543963e-05,0,0,0,3,0.0020524606331384977,5,10
normal_80,0,5,9.773917083079243e-05,0,0,0,3,0.0020524606331384977,5,10
normal_80,0,10,0.00016243678423836282,0,0,0,3,0.0020524606331384977,5,10
normal_80,0,15,5.8228671394975666e-05,0,0,0,3,0.0020524606331384977,5,10
normal_80,0,20,0.00021208975212028169,0,0,0,3,0.0020524606331384977,5,10
normal_80,0,25,0.0003513096345355816,0,0,0,3,0.0020524606331384977,5,10
normal_80,0,30,6.569673485240339e-05,0,0,0,3,0.0020524606331384977,5,10
normal_80,0,35,6.720155012800832e-05,0,0,0,3,0.0020524606331384977,5,10
normal_80,0,40,8.96849789795325e-05,0,0,0,3,0.0020524606331384977,5,10
normal_85,0,0,6.340152921242886e-05,0,0,0,3,0.0020524606331384977,5,10
normal_85,0,5,8.964994785034869e-05,0,0,0,3,0.0020524606331384977,5,10
normal_85,0,10,0.00014823382245857724,0,0,0,3,0.0020524606331384977,5,10
normal_85,0,15,5.589047718034936e-05,0,0,0,3,0.0020524606331384977,5,10
normal_85,0,20,7.954877748477043e-05,0,0,0,3,0.0020524606331384977,5,10
normal_85,0,25,0.0008903114288435819,0,0,0,3,0.0020524606331384977,5,10
normal_85,0,30,0.00015429384814624162,0,0,0,3,0.0020524606331384977,5,10
normal_85,0,35,0.0001322372957460851,0,0,0,3,0.0020524606331384977,5,10
normal_85,0,40,0.0001293356428547622,0,0,0,3,0.0020524606331384977,5,10
normal_88,0,0,0.0003577364843328717,0,0,0,3,0.0020524606331384977,5,10
normal_88,0,5,0.005015549387425257,1,1,0,3,0.0020524606331384977,5,10
normal_88,0,10,0.0032986828120853003,1,2,0,3,0.0020524606331384977,5,10
normal_93,0,0,6.375987552542234e-05,0,0,0,3,0.0020524606331384977,5,10
normal_93,0,5,0.00014004781565904638,0,0,0,3,0.0020524606331384977,5,10
normal_93,0,10,9.024719364834747e-05,0,0,0,3,0.0020524606331384977,5,10
normal_96,0,0,7.853793000192405e-05,0,0,0,3,0.0020524606331384977,5,10
normal_96,0,5,0.0002470465293166567,0,0,0,3,0.0020524606331384977,5,10
normal_96,0,10,0.00031578579083207876,0,0,0,3,0.0020524606331384977,5,10
normal_96,0,15,0.0025665191233213537,1,1,0,3,0.0020524606331384977,5,10
normal_96,0,20,6.383278326033819e-05,0,0,0,3,0.0020524606331384977,5,10
normal_96,0,25,0.00011543825126781237,0,0,0,3,0.0020524606331384977,5,10
normal_96,0,30,6.498736173149156e-05,0,0,0,3,0.0020524606331384977,5,10
normal_96,0,35,9.294539251387494e-05,0,0,0,3,0.0020524606331384977,5,10
normal_96,0,40,0.00015680074116852,0,0,0,3,0.0020524606331384977,5,10
normal_110,0,0,0.0002662884888355984,0,0,0,3,0.0020524606331384977,5,10
normal_110,0,5,7.643859623803867e-05,0,0,0,3,0.0020524606331384977,5,10
normal_110,0,10,0.00016289790742248094,0,0,0,3,0.0020524606331384977,5,10
normal_110,0,15,7.135978954379615e-05,0,0,0,3,0.0020524606331384977,5,10
normal_110,0,20,0.0003371122743431562,0,0,0,3,0.0020524606331384977,5,10
normal_110,0,25,0.0002177652892485837,0,0,0,3,0.0020524606331384977,5,10
normal_120,0,0,0.0003133474153359427,0,0,0,3,0.0020524606331384977,5,10
normal_120,0,5,7.664750189367519e-05,0,0,0,3,0.0020524606331384977,5,10
normal_120,0,10,9.736327042164989e-05,0,0,0,3,0.0020524606331384977,5,10
normal_120,0,15,7.464827051240022e-05,0,0,0,3,0.0020524606331384977,5,10
normal_120,0,20,9.992125434255091e-05,0,0,0,3,0.0020524606331384977,5,10
normal_120,0,25,5.917887751048878e-05,0,0,0,3,0.0020524606331384977,5,10
normal_120,0,30,0.0003611325183044169,0,0,0,3,0.0020524606331384977,5,10
normal_120,0,35,0.00016238563018847074,0,0,0,3,0.0020524606331384977,5,10
normal_120,0,40,0.0005903147613219649,0,0,0,3,0.0020524606331384977,5,10
normal_121,0,0,5.229272719751988e-05,0,0,0,3,0.0020524606331384977,5,10
normal_121,0,5,6.129939806672217e-05,0,0,0,3,0.0020524606331384977,5,10
normal_121,0,10,5.5770792125975486e-05,0,0,0,3,0.0020524606331384977,5,10
normal_121,0,15,0.00038467734704540965,0,0,0,3,0.0020524606331384977,5,10
normal_121,0,20,5.300566646249248e-05,0,0,0,3,0.0020524606331384977,5,10
normal_121,0,25,5.467995322310725e-05,0,0,0,3,0.0020524606331384977,5,10
normal_121,0,30,5.552205000314635e-05,0,0,0,3,0.0020524606331384977,5,10
normal_121,0,35,5.364283973414436e-05,0,0,0,3,0.0020524606331384977,5,10
normal_121,0,40,5.364539365126438e-05,0,0,0,3,0.0020524606331384977,5,10
normal_123,0,0,7.664644774494261e-05,0,0,0,3,0.0020524606331384977,5,10
normal_123,0,5,0.00011125797705254943,0,0,0,3,0.0020524606331384977,5,10
normal_123,0,10,0.000208628310302448,0,0,0,3,0.0020524606331384977,5,10
normal_123,0,15,9.790276970782893e-05,0,0,0,3,0.0020524606331384977,5,10
normal_153,0,0,0.00021936028308194803,0,0,0,3,0.0020524606331384977,5,10
normal_153,0,5,0.00026308212794887707,0,0,0,3,0.0020524606331384977,5,10
normal_153,0,10,8.085317500675118e-05,0,0,0,3,0.0020524606331384977,5,10
normal_153,0,15,7.336036299765688e-05,0,0,0,3,0.0020524606331384977,5,10
normal_153,0,20,5.468308947079989e-05,0,0,0,3,0.0020524606331384977,5,10
normal_153,0,25,0.00013672803960677838,0,0,0,3,0.0020524606331384977,5,10
normal_153,0,30,5.3449200971349015e-05,0,0,0,3,0.0020524606331384977,5,10
normal_153,0,35,7.14823728894558e-05,0,0,0,3,0.0020524606331384977,5,10
normal_153,0,40,6.879545362912707e-05,0,0,0,3,0.0020524606331384977,5,10
normal_154,0,0,7.588549556210879e-05,0,0,0,3,0.0020524606331384977,5,10
normal_154,0,5,5.6973663559207044e-05,0,0,0,3,0.0020524606331384977,5,10
normal_154,0,10,0.00010404404475913665,0,0,0,3,0.0020524606331384977,5,10
normal_154,0,15,0.00020027887560707369,0,0,0,3,0.0020524606331384977,5,10
normal_154,0,20,0.00027664558521221604,0,0,0,3,0.0020524606331384977,5,10
normal_154,0,25,7.13236826480233e-05,0,0,0,3,0.0020524606331384977,5,10
normal_154,0,30,5.219178065087856e-05,0,0,0,3,0.0020524606331384977,5,10
normal_154,0,35,5.3289486447487845e-05,0,0,0,3,0.0020524606331384977,5,10
normal_154,0,40,5.38839071623288e-05,0,0,0,3,0.0020524606331384977,5,10
normal_172,0,0,0.00010946848292688077,0,0,0,3,0.0020524606331384977,5,10
normal_172,0,5,6.047085793243289e-05,0,0,0,3,0.0020524606331384977,5,10
normal_172,0,10,0.00011656464622444255,0,0,0,3,0.0020524606331384977,5,10
normal_172,0,15,6.282885640911877e-05,0,0,0,3,0.0020524606331384977,5,10
normal_189,0,0,6.266581480950764e-05,0,0,0,3,0.0020524606331384977,5,10
normal_189,0,5,0.00010115682580798956,0,0,0,3,0.0020524606331384977,5,10
normal_189,0,10,0.0013838296412643386,0,0,0,3,0.0020524606331384977,5,10
normal_189,0,15,0.00035860504364115933,0,0,0,3,0.0020524606331384977,5,10
normal_189,0,20,5.8676840150942176e-05,0,0,0,3,0.0020524606331384977,5,10
normal_189,0,25,5.896204561235939e-05,0,0,0,3,0.0020524606331384977,5,10
normal_189,0,30,0.0001341494415757029,0,0,0,3,0.0020524606331384977,5,10
normal_189,0,35,0.00010023535225135376,0,0,0,3,0.0020524606331384977,5,10
normal_189,0,40,0.0003590166712453211,0,0,0,3,0.0020524606331384977,5,10
normal_195,0,0,9.668597398482023e-05,0,0,0,3,0.0020524606331384977,5,10
normal_195,0,5,7.120064722526478e-05,0,0,0,3,0.0020524606331384977,5,10
normal_195,0,10,5.372461588865316e-05,0,0,0,3,0.0020524606331384977,5,10
normal_195,0,15,5.695028256337707e-05,0,0,0,3,0.0020524606331384977,5,10
normal_195,0,20,5.331055108365685e-05,0,0,0,3,0.0020524606331384977,5,10
normal_195,0,25,0.00010198803004444592,0,0,0,3,0.0020524606331384977,5,10
normal_195,0,30,8.685763664784806e-05,0,0,0,3,0.0020524606331384977,5,10
normal_204,0,0,5.3266369826822e-05,0,0,0,3,0.0020524606331384977,5,10
normal_204,0,5,5.787199552327082e-05,0,0,0,3,0.0020524606331384977,5,10
normal_204,0,10,5.769459600744255e-05,0,0,0,3,0.0020524606331384977,5,10
normal_204,0,15,0.00012252949059094563,0,0,0,3,0.0020524606331384977,5,10
normal_204,0,20,7.59503010755117e-05,0,0,0,3,0.0020524606331384977,5,10
normal_204,0,25,5.227018792297879e-05,0,0,0,3,0.0020524606331384977,5,10
normal_204,0,30,9.683387019034715e-05,0,0,0,3,0.0020524606331384977,5,10
normal_204,0,35,0.00010095267282666574,0,0,0,3,0.0020524606331384977,5,10
normal_204,0,40,5.2513171284434055e-05,0,0,0,3,0.0020524606331384977,5,10
normal_219,0,0,5.89192632210918e-05,0,0,0,3,0.0020524606331384977,5,10
normal_219,0,5,5.348511719408657e-05,0,0,0,3,0.0020524606331384977,5,10
normal_219,0,10,5.4723871127993326e-05,0,0,0,3,0.0020524606331384977,5,10
normal_219,0,15,0.0002037060858854823,0,0,0,3,0.0020524606331384977,5,10
normal_219,0,20,0.00010985402040291183,0,0,0,3,0.0020524606331384977,5,10
normal_219,0,25,6.24416068748509e-05,0,0,0,3,0.0020524606331384977,5,10
normal_228,0,0,0.0001479038156416874,0,0,0,3,0.0020524606331384977,5,10
normal_228,0,5,0.028622526428722813,1,1,0,3,0.0020524606331384977,5,10
normal_228,0,10,0.020391489159784837,1,2,0,3,0.0020524606331384977,5,10
normal_228,0,15,6.098550859243206e-05,0,0,0,3,0.0020524606331384977,5,10
normal_228,0,20,5.6525216918211466e-05,0,0,0,3,0.0020524606331384977,5,10
normal_228,0,25,0.0002054226282259821,0,0,0,3,0.0020524606331384977,5,10
normal_228,0,30,0.00015051134149845794,0,0,0,3,0.0020524606331384977,5,10
normal_228,0,35,5.84498353557272e-05,0,0,0,3,0.0020524606331384977,5,10
normal_228,0,40,0.00029768519743297715,0,0,0,3,0.0020524606331384977,5,10
normal_248,0,0,5.377864078640875e-05,0,0,0,3,0.0020524606331384977,5,10
normal_248,0,5,0.00016240162370874132,0,0,0,3,0.0020524606331384977,5,10
normal_248,0,10,6.935752762942407e-05,0,0,0,3,0.0020524606331384977,5,10
normal_248,0,15,9.778540370047978e-05,0,0,0,3,0.0020524606331384977,5,10
normal_248,0,20,0.00024198309575444287,0,0,0,3,0.0020524606331384977,5,10
normal_248,0,25,5.3289486447487845e-05,0,0,0,3,0.0020524606331384977,5,10
normal_248,0,30,0.00047900052643201277,0,0,0,3,0.0020524606331384977,5,10
normal_248,0,35,6.150715593197886e-05,0,0,0,3,0.0020524606331384977,5,10
normal_248,0,40,0.00023892513716959634,0,0,0,3,0.0020524606331384977,5,10
normal_267,0,0,0.0001130834588821182,0,0,0,3,0.0020524606331384977,5,10
normal_267,0,5,0.00020336126822690983,0,0,0,3,0.0020524606331384977,5,10
normal_267,0,10,8.782785745494315e-05,0,0,0,3,0.0020524606331384977,5,10
normal_267,0,15,0.0002520278464314974,0,0,0,3,0.0020524606331384977,5,10
normal_267,0,20,0.00010184827614177055,0,0,0,3,0.0020524606331384977,5,10
normal_267,0,25,5.4367723825561625e-05,0,0,0,3,0.0020524606331384977,5,10
normal_271,0,0,0.00012488629650689835,0,0,0,3,0.0020524606331384977,5,10
normal_271,0,5,8.993617007187713e-05,0,0,0,3,0.0020524606331384977,5,10
normal_271,0,10,6.629917222533157e-05,0,0,0,3,0.0020524606331384977,5,10
normal_271,0,15,5.9278948608607664e-05,0,0,0,3,0.0020524606331384977,5,10
normal_271,0,20,7.044912057264696e-05,0,0,0,3,0.0020524606331384977,5,10
normal_271,0,25,6.297655766052659e-05,0,0,0,3,0.0020524606331384977,5,10
normal_271,0,30,0.00016642859581293112,0,0,0,3,0.0020524606331384977,5,10
normal_271,0,35,0.00010676866359249472,0,0,0,3,0.0020524606331384977,5,10
normal_271,0,40,0.0003981492950918877,0,0,0,3,0.0020524606331384977,5,10
normal_281,0,0,0.00016473687687794692,0,0,0,3,0.0020524606331384977,5,10
normal_281,0,5,0.00042973424132836563,0,0,0,3,0.0020524606331384977,5,10
normal_281,0,10,0.006552244273178495,1,1,0,3,0.0020524606331384977,5,10
normal_281,0,15,0.04696573144834252,1,2,0,3,0.0020524606331384977,5,10
normal_281,0,20,6.129655311701754e-05,0,0,0,3,0.0020524606331384977,5,10
normal_281,0,25,5.566389648252589e-05,0,0,0,3,0.0020524606331384977,5,10
normal_281,0,30,0.00011368564748741501,0,0,0,3,0.0020524606331384977,5,10
normal_281,0,35,0.00018006991597310584,0,0,0,3,0.0020524606331384977,5,10
normal_281,0,40,0.0001079752290300815,0,0,0,3,0.0020524606331384977,5,10
normal_283,0,0,5.3632352501211554e-05,0,0,0,3,0.0020524606331384977,5,10
normal_283,0,5,5.320955027015143e-05,0,0,0,3,0.0020524606331384977,5,10
normal_283,0,10,6.911541436910562e-05,0,0,0,3,0.0020524606331384977,5,10
normal_283,0,15,6.911440674437272e-05,0,0,0,3,0.0020524606331384977,5,10
normal_283,0,20,0.00026306354166155823,0,0,0,3,0.0020524606331384977,5,10
normal_287,0,0,0.00018898094101576845,0,0,0,3,0.0020524606331384977,5,10
normal_287,0,5,9.07622424685321e-05,0,0,0,3,0.0020524606331384977,5,10
normal_287,0,10,8.456761937506356e-05,0,0,0,3,0.0020524606331384977,5,10
normal_287,0,15,8.979329460098156e-05,0,0,0,3,0.0020524606331384977,5,10
normal_287,0,20,6.449889656075289e-05,0,0,0,3,0.0020524606331384977,5,10
normal_287,0,25,9.100201301944432e-05,0,0,0,3,0.0020524606331384977,5,10
normal_287,0,30,8.4532834860691e-05,0,0,0,3,0.0020524606331384977,5,10
normal_287,0,35,6.982613220154891e-05,0,0,0,3,0.0020524606331384977,5,10
normal_287,0,40,8.827121834034786e-05,0,0,0,3,0.0020524606331384977,5,10
normal_293,0,0,0.0007376850594739842,0,0,0,3,0.0020524606331384977,5,10
normal_293,0,5,0.00010793487994427131,0,0,0,3,0.0020524606331384977,5,10
normal_293,0,10,7.909848195962331e-05,0,0,0,3,0.0020524606331384977,5,10
normal_293,0,15,8.488551254244203e-05,0,0,0,3,0.0020524606331384977,5,10
normal_293,0,20,9.634173623505353e-05,0,0,0,3,0.0020524606331384977,5,10
normal_293,0,25,6.423552855166417e-05,0,0,0,3,0.0020524606331384977,5,10
normal_293,0,30,5.784070769193376e-05,0,0,0,3,0.0020524606331384977,5,10
normal_293,0,35,6.860699105973829e-05,0,0,0,3,0.0020524606331384977,5,10
normal_293,0,40,8.564215832408456e-05,0,0,0,3,0.0020524606331384977,5,10
normal_296,0,0,0.00046186392105252843,0,0,0,3,0.0020524606331384977,5,10
normal_296,0,5,0.000134819434296804,0,0,0,3,0.0020524606331384977,5,10
normal_296,0,10,6.461521453342522e-05,0,0,0,3,0.0020524606331384977,5,10
normal_296,0,15,7.331202260808726e-05,0,0,0,3,0.0020524606331384977,5,10
normal_297,0,0,0.00014585687026477925,0,0,0,3,0.0020524606331384977,5,10
normal_297,0,5,6.718028451329884e-05,0,0,0,3,0.0020524606331384977,5,10
normal_297,0,10,6.995534904661684e-05,0,0,0,3,0.0020524606331384977,5,10
normal_306,0,0,5.394027274599579e-05,0,0,0,3,0.0020524606331384977,5,10
normal_306,0,5,0.00012893985951796785,0,0,0,3,0.0020524606331384977,5,10
normal_306,0,10,5.502750210535442e-05,0,0,0,3,0.0020524606331384977,5,10
normal_306,0,15,5.847794367978986e-05,0,0,0,3,0.0020524606331384977,5,10
normal_306,0,20,5.3284824523487606e-05,0,0,0,3,0.0020524606331384977,5,10
normal_306,0,25,6.712583935434873e-05,0,0,0,3,0.0020524606331384977,5,10
normal_312,0,0,6.906232263653493e-05,0,0,0,3,0.0020524606331384977,5,10
normal_312,0,5,7.865793401559965e-05,0,0,0,3,0.0020524606331384977,5,10
normal_312,0,10,0.00026829254030906875,0,0,0,3,0.0020524606331384977,5,10
normal_312,0,15,8.754143822434956e-05,0,0,0,3,0.0020524606331384977,5,10
normal_312,0,20,9.528049487232663e-05,0,0,0,3,0.0020524606331384977,5,10
normal_312,0,25,0.0002065628008313333,0,0,0,3,0.0020524606331384977,5,10
normal_316,0,0,6.633977177731483e-05,0,0,0,3,0.0020524606331384977,5,10
normal_316,0,5,5.374865205108386e-05,0,0,0,3,0.0020524606331384977,5,10
normal_316,0,10,9.889070113857757e-05,0,0,0,3,0.0020524606331384977,5,10
normal_316,0,15,7.243937684341683e-05,0,0,0,3,0.0020524606331384977,5,10
normal_316,0,20,5.227018792297879e-05,0,0,0,3,0.0020524606331384977,5,10
normal_316,0,25,5.149062975460401e-05,0,0,0,3,0.0020524606331384977,5,10
normal_316,0,30,8.871578093923873e-05,0,0,0,3,0.0020524606331384977,5,10
normal_316,0,35,0.00021374479772419508,0,0,0,3,0.0020524606331384977,5,10
normal_316,0,40,0.00011791723576484901,0,0,0,3,0.0020524606331384977,5,10
normal_319,0,0,5.3497924473567976e-05,0,0,0,3,0.0020524606331384977,5,10
normal_319,0,5,6.456690889997402e-05,0,0,0,3,0.0020524606331384977,5,10
normal_319,0,10,5.34704663059676e-05,0,0,0,3,0.0020524606331384977,5,10
normal_319,0,15,0.00011920837204515169,0,0,0,3,0.0020524606331384977,5,10
normal_319,0,20,8.314591260116207e-05,0,0,0,3,0.0020524606331384977,5,10
normal_330,0,0,0.0001343603401526073,0,0,0,3,0.0020524606331384977,5,10
normal_330,0,5,0.0009041523345576614,0,0,0,3,0.0020524606331384977,5,10
normal_330,0,10,0.0002387209890445134,0,0,0,3,0.0020524606331384977,5,10
normal_330,0,15,5.707281500376189e-05,0,0,0,3,0.0020524606331384977,5,10
normal_330,0,20,0.00011249364588184509,0,0,0,3,0.0020524606331384977,5,10
normal_330,0,25,5.885192217022272e-05,0,0,0,3,0.0020524606331384977,5,10
normal_330,0,30,8.188030553163723e-05,0,0,0,3,0.0020524606331384977,5,10
normal_330,0,35,8.996765454684639e-05,0,0,0,3,0.0020524606331384977,5,10
normal_330,0,40,6.75157617543321e-05,0,0,0,3,0.0020524606331384977,5,10
normal_335,0,0,5.511126900718127e-05,0,0,0,3,0.0020524606331384977,5,10
normal_335,0,5,8.888900021200555e-05,0,0,0,3,0.0020524606331384977,5,10
normal_335,0,10,0.0013895158595419548,0,0,0,3,0.0020524606331384977,5,10
normal_335,0,15,0.00010683735379977278,0,0,0,3,0.0020524606331384977,5,10
normal_335,0,20,0.0006002550583699556,0,0,0,3,0.0020524606331384977,5,10
normal_335,0,25,0.00020200410425034654,0,0,0,3,0.0020524606331384977,5,10
normal_335,0,30,0.0003808156049695152,0,0,0,3,0.0020524606331384977,5,10
normal_335,0,35,0.0014067324708980612,0,0,0,3,0.0020524606331384977,5,10
normal_335,0,40,0.03835693061399753,1,1,0,3,0.0020524606331384977,5,10
normal_336,0,0,9.358856729445826e-05,0,0,0,3,0.0020524606331384977,5,10
normal_336,0,5,0.00021515070278787832,0,0,0,3,0.0020524606331384977,5,10
normal_336,0,10,7.379079645968601e-05,0,0,0,3,0.0020524606331384977,5,10
normal_336,0,15,0.00010634731366744106,0,0,0,3,0.0020524606331384977,5,10
normal_336,0,20,0.00014957102568185373,0,0,0,3,0.0020524606331384977,5,10
normal_336,0,25,5.466720911851535e-05,0,0,0,3,0.0020524606331384977,5,10
normal_336,0,30,0.0002753774707786268,0,0,0,3,0.0020524606331384977,5,10
normal_336,0,35,5.2128980665668604e-05,0,0,0,3,0.0020524606331384977,5,10
normal_342,0,0,5.36890039306133e-05,0,0,0,3,0.0020524606331384977,5,10
normal_342,0,5,5.6596461411258856e-05,0,0,0,3,0.0020524606331384977,5,10
normal_342,0,10,5.66400111318987e-05,0,0,0,3,0.0020524606331384977,5,10
normal_342,0,15,0.00014944107689039495,0,0,0,3,0.0020524606331384977,5,10
normal_342,0,20,6.27158726924736e-05,0,0,0,3,0.0020524606331384977,5,10
normal_342,0,25,5.320955027015143e-05,0,0,0,3,0.0020524606331384977,5,10
normal_342,0,30,5.552523454783407e-05,0,0,0,3,0.0020524606331384977,5,10
normal_342,0,35,5.364283973414436e-05,0,0,0,3,0.0020524606331384977,5,10
normal_342,0,40,8.150257681801694e-05,0,0,0,3,0.0020524606331384977,5,10
normal_345,0,0,5.4016362981964784e-05,0,0,0,3,0.0020524606331384977,5,10
normal_345,0,5,5.3500992927921856e-05,0,0,0,3,0.0020524606331384977,5,10
normal_345,0,10,5.365588343411777e-05,0,0,0,3,0.0020524606331384977,5,10
normal_348,0,0,6.016167905834073e-05,0,0,0,3,0.0020524606331384977,5,10
normal_348,0,5,0.00020539857494139427,0,0,0,3,0.0020524606331384977,5,10
normal_348,0,10,7.590599205518034e-05,0,0,0,3,0.0020524606331384977,5,10
normal_348,0,15,5.216914018275844e-05,0,0,0,3,0.0020524606331384977,5,10
normal_348,0,20,5.217650168550447e-05,0,0,0,3,0.0020524606331384977,5,10
normal_348,0,25,7.791239649397176e-05,0,0,0,3,0.0020524606331384977,5,10
normal_348,0,30,6.460059946537171e-05,0,0,0,3,0.0020524606331384977,5,10
normal_348,0,35,0.00012571052493486496,0,0,0,3,0.0020524606331384977,5,10
normal_348,0,40,0.00018199336799610739,0,0,0,3,0.0020524606331384977,5,10
normal_350,0,0,0.0013066296050713209,0,0,0,3,0.0020524606331384977,5,10
normal_350,0,5,5.3547772830090756e-05,0,0,0,3,0.0020524606331384977,5,10
normal_350,0,10,0.00012920044086551868,0,0,0,3,0.0020524606331384977,5,10
normal_350,0,15,0.00010903122880232491,0,0,0,3,0.0020524606331384977,5,10
normal_350,0,20,8.237594229144027e-05,0,0,0,3,0.0020524606331384977,5,10
normal_350,0,25,5.55331501678668e-05,0,0,0,3,0.0020524606331384977,5,10
normal_350,0,30,5.216914018275844e-05,0,0,0,3,0.0020524606331384977,5,10
normal_357,0,0,5.537205836765981e-05,0,0,0,3,0.0020524606331384977,5,10
normal_357,0,5,5.364283973414436e-05,0,0,0,3,0.0020524606331384977,5,10
normal_357,0,10,5.365588343411777e-05,0,0,0,3,0.0020524606331384977,5,10
normal_357,0,15,0.00019032923421701995,0,0,0,3,0.0020524606331384977,5,10
normal_357,0,20,0.00010677010018374008,0,0,0,3,0.0020524606331384977,5,10
normal_362,0,0,9.589439872119248e-05,0,0,0,3,0.0020524606331384977,5,10
normal_362,0,5,6.422055749874451e-05,0,0,0,3,0.0020524606331384977,5,10
normal_362,0,10,7.384775953688196e-05,0,0,0,3,0.0020524606331384977,5,10
normal_362,0,15,0.00013891094772721998,0,0,0,3,0.0020524606331384977,5,10
normal_362,0,20,0.00012159899869445248,0,0,0,3,0.0020524606331384977,5,10
normal_362,0,25,8.212504400895743e-05,0,0,0,3,0.0020524606331384977,5,10
normal_362,0,30,0.0005678941494678614,0,0,0,3,0.0020524606331384977,5,10
normal_362,0,35,6.464061124605313e-05,0,0,0,3,0.0020524606331384977,5,10
normal_362,0,40,0.0001043307998410087,0,0,0,3,0.0020524606331384977,5,10
normal_368,0,0,6.579108283931034e-05,0,0,0,3,0.0020524606331384977,5,10
normal_368,0,5,0.00017956453878753204,0,0,0,3,0.0020524606331384977,5,10
normal_368,0,10,8.011386579862733e-05,0,0,0,3,0.0020524606331384977,5,10
normal_368,0,15,7.229472580878717e-05,0,0,0,3,0.0020524606331384977,5,10
normal_368,0,20,7.739524289611178e-05,0,0,0,3,0.0020524606331384977,5,10
normal_368,0,25,0.0004971835474235956,0,0,0,3,0.0020524606331384977,5,10
normal_369,0,0,0.00012776050179306002,0,0,0,3,0.0020524606331384977,5,10
normal_369,0,5,5.320955027015143e-05,0,0,0,3,0.0020524606331384977,5,10
normal_369,0,10,5.227018792297879e-05,0,0,0,3,0.0020524606331384977,5,10
normal_369,0,15,0.00013653366389690646,0,0,0,3,0.0020524606331384977,5,10
normal_373,0,0,5.739570568350987e-05,0,0,0,3,0.0020524606331384977,5,10
normal_373,0,5,0.00010592105051266903,0,0,0,3,0.0020524606331384977,5,10
normal_373,0,10,7.008164197213025e-05,0,0,0,3,0.0020524606331384977,5,10
normal_373,0,15,4.932026496672862e-05,0,0,0,3,0.0020524606331384977,5,10
normal_373,0,20,8.886794048495133e-05,0,0,0,3,0.0020524606331384977,5,10
normal_373,0,25,7.010768157176666e-05,0,0,0,3,0.0020524606331384977,5,10
normal_373,0,30,5.67848404015621e-05,0,0,0,3,0.0020524606331384977,5,10
normal_373,0,35,5.9349968891499255e-05,0,0,0,3,0.0020524606331384977,5,10
normal_373,0,40,0.00031249714122653547,0,0,0,3,0.0020524606331384977,5,10
normal_378,0,0,0.00013508560629282233,0,0,0,3,0.0020524606331384977,5,10
normal_378,0,5,0.0006184661245252626,0,0,0,3,0.0020524606331384977,5,10
normal_378,0,10,5.3698978869676525e-05,0,0,0,3,0.0020524606331384977,5,10
normal_378,0,15,5.370871095221077e-05,0,0,0,3,0.0020524606331384977,5,10
normal_378,0,20,0.00011965641870858737,0,0,0,3,0.0020524606331384977,5,10
normal_378,0,25,5.364283973414436e-05,0,0,0,3,0.0020524606331384977,5,10
normal_378,0,30,6.621288419511491e-05,0,0,0,3,0.0020524606331384977,5,10
normal_378,0,35,5.552205000314635e-05,0,0,0,3,0.0020524606331384977,5,10
normal_378,0,40,5.364283973414436e-05,0,0,0,3,0.0020524606331384977,5,10
normal_381,0,0,0.00014588012149548707,0,0,0,3,0.0020524606331384977,5,10
normal_381,0,5,0.0028303489533064723,1,1,0,3,0.0020524606331384977,5,10
normal_381,0,10,0.0005262704309265719,0,0,0,3,0.0020524606331384977,5,10
normal_381,0,15,8.610543277906605e-05,0,0,0,3,0.0020524606331384977,5,10
normal_385,0,0,6.912028613919772e-05,0,0,0,3,0.0020524606331384977,5,10
normal_385,0,5,5.2128980665668604e-05,0,0,0,3,0.0020524606331384977,5,10
normal_385,0,10,7.198211584535569e-05,0,0,0,3,0.0020524606331384977,5,10
normal_385,0,15,0.00013118200655544193,0,0,0,3,0.0020524606331384977,5,10
normal_385,0,20,8.124453615767838e-05,0,0,0,3,0.0020524606331384977,5,10
normal_385,0,25,7.795496285501784e-05,0,0,0,3,0.0020524606331384977,5,10
normal_385,0,30,5.528636306930314e-05,0,0,0,3,0.0020524606331384977,5,10
normal_385,0,35,0.0003483361131617773,0,0,0,3,0.0020524606331384977,5,10
normal_385,0,40,0.00012714873374885155,0,0,0,3,0.0020524606331384977,5,10
normal_391,0,0,0.00023081261079492256,0,0,0,3,0.0020524606331384977,5,10
normal_391,0,5,0.0008087829880752213,0,0,0,3,0.0020524606331384977,5,10
normal_391,0,10,0.0003541511852551664,0,0,0,3,0.0020524606331384977,5,10
normal_391,0,15,5.67848404015621e-05,0,0,0,3,0.0020524606331384977,5,10
normal_391,0,20,8.130731222171236e-05,0,0,0,3,0.0020524606331384977,5,10
normal_391,0,25,0.00016528893316841996,0,0,0,3,0.0020524606331384977,5,10
normal_391,0,30,8.496762970577057e-05,0,0,0,3,0.0020524606331384977,5,10
normal_391,0,35,8.02931037340053e-05,0,0,0,3,0.0020524606331384977,5,10
normal_391,0,40,6.00084239319261e-05,0,0,0,3,0.0020524606331384977,5,10
normal_401,0,0,7.84782318539592e-05,0,0,0,3,0.0020524606331384977,5,10
normal_401,0,5,0.00010775423026660586,0,0,0,3,0.0020524606331384977,5,10
normal_401,0,10,0.0001087324224637686,0,0,0,3,0.0020524606331384977,5,10
normal_401,0,15,0.00018214902472708214,0,0,0,3,0.0020524606331384977,5,10
normal_401,0,20,6.529743142188867e-05,0,0,0,3,0.0020524606331384977,5,10
normal_401,0,25,7.690892395452658e-05,0,0,0,3,0.0020524606331384977,5,10
normal_401,0,30,0.00016737389231200566,0,0,0,3,0.0020524606331384977,5,10
normal_401,0,35,0.0003347315140201621,0,0,0,3,0.0020524606331384977,5,10
normal_401,0,40,0.00015977259516000876,0,0,0,3,0.0020524606331384977,5,10
normal_412,0,0,7.615440082622939e-05,0,0,0,3,0.0020524606331384977,5,10
normal_412,0,5,5.7434597344061055e-05,0,0,0,3,0.0020524606331384977,5,10
normal_412,0,10,9.025631880330164e-05,0,0,0,3,0.0020524606331384977,5,10
normal_412,0,15,5.754284381466877e-05,0,0,0,3,0.0020524606331384977,5,10
normal_412,0,20,0.00026078585530465797,0,0,0,3,0.0020524606331384977,5,10
normal_412,0,25,0.0001826376162659959,0,0,0,3,0.0020524606331384977,5,10
normal_412,0,30,6.41034552586885e-05,0,0,0,3,0.0020524606331384977,5,10
normal_412,0,35,0.000136853018895094,0,0,0,3,0.0020524606331384977,5,10
normal_412,0,40,7.08924449866145e-05,0,0,0,3,0.0020524606331384977,5,10
normal_414,0,0,8.97473935784497e-05,0,0,0,3,0.0020524606331384977,5,10
normal_414,0,5,0.0005489449950385784,0,0,0,3,0.0020524606331384977,5,10
normal_414,0,10,0.08809431932245164,1,1,0,3,0.0020524606331384977,5,10
normal_414,0,15,0.00047619200478549477,0,0,0,3,0.0020524606331384977,5,10
normal_418,0,0,0.00011077077136599576,0,0,0,3,0.0020524606331384977,5,10
normal_418,0,5,7.914349046894494e-05,0,0,0,3,0.0020524606331384977,5,10
normal_418,0,10,0.0006245161516160796,0,0,0,3,0.0020524606331384977,5,10
normal_418,0,15,0.00012734890764375345,0,0,0,3,0.0020524606331384977,5,10
normal_418,0,20,5.258697088071284e-05,0,0,0,3,0.0020524606331384977,5,10
normal_418,0,25,5.7881993720457744e-05,0,0,0,3,0.0020524606331384977,5,10
normal_418,0,30,0.00012263388856076842,0,0,0,3,0.0020524606331384977,5,10
normal_418,0,35,0.00012051739078437391,0,0,0,3,0.0020524606331384977,5,10
normal_418,0,40,0.00011309734598414498,0,0,0,3,0.0020524606331384977,5,10
normal_424,0,0,5.814162323953702e-05,0,0,0,3,0.0020524606331384977,5,10
normal_424,0,5,0.0001931776651956388,0,0,0,3,0.0020524606331384977,5,10
normal_424,0,10,5.225635526750644e-05,0,0,0,3,0.0020524606331384977,5,10
normal_424,0,15,0.00010403288661611055,0,0,0,3,0.0020524606331384977,5,10
normal_424,0,20,5.6921565698803826e-05,0,0,0,3,0.0020524606331384977,5,10
normal_424,0,25,6.872455391705488e-05,0,0,0,3,0.0020524606331384977,5,10
normal_424,0,30,0.00014759241053831538,0,0,0,3,0.0020524606331384977,5,10
normal_424,0,35,0.00016003877306081484,0,0,0,3,0.0020524606331384977,5,10
normal_429,0,0,0.00010405688724789735,0,0,0,3,0.0020524606331384977,5,10
normal_429,0,5,7.344996292173339e-05,0,0,0,3,0.0020524606331384977,5,10
normal_429,0,10,6.27305573840737e-05,0,0,0,3,0.0020524606331384977,5,10
normal_429,0,15,0.0010341047113500924,0,0,0,3,0.0020524606331384977,5,10
normal_429,0,20,8.823041168448677e-05,0,0,0,3,0.0020524606331384977,5,10
normal_429,0,25,9.90107756285896e-05,0,0,0,3,0.0020524606331384977,5,10
normal_429,0,30,6.539041178576777e-05,0,0,0,3,0.0020524606331384977,5,10
normal_429,0,35,0.000217182023511136,0,0,0,3,0.0020524606331384977,5,10
normal_429,0,40,0.0003421163261525277,0,0,0,3,0.0020524606331384977,5,10
normal_435,0,0,6.30433368679867e-05,0,0,0,3,0.0020524606331384977,5,10
normal_435,0,5,6.203539440227966e-05,0,0,0,3,0.0020524606331384977,5,10
normal_435,0,10,0.0001712024894865988,0,0,0,3,0.0020524606331384977,5,10
normal_435,0,15,0.00010126585580985475,0,0,0,3,0.0020524606331384977,5,10
normal_435,0,20,8.117572535458383e-05,0,0,0,3,0.0020524606331384977,5,10
normal_435,0,25,0.0004600158661482315,0,0,0,3,0.0020524606331384977,5,10
normal_435,0,30,7.439133179816301e-05,0,0,0,3,0.0020524606331384977,5,10
normal_435,0,35,5.537205836765981e-05,0,0,0,3,0.0020524606331384977,5,10
normal_436,0,0,0.00017495621018591515,0,0,0,3,0.0020524606331384977,5,10
normal_436,0,5,8.787634153090712e-05,0,0,0,3,0.0020524606331384977,5,10
normal_436,0,10,8.559895277825462e-05,0,0,0,3,0.0020524606331384977,5,10
normal_436,0,15,0.00011304106522664866,0,0,0,3,0.0020524606331384977,5,10
normal_436,0,20,6.972508780925199e-05,0,0,0,3,0.0020524606331384977,5,10
normal_436,0,25,0.00014643614704225192,0,0,0,3,0.0020524606331384977,5,10
normal_437,0,0,0.0003686881133574073,0,0,0,3,0.0020524606331384977,5,10
normal_437,0,5,6.477270954762714e-05,0,0,0,3,0.0020524606331384977,5,10
normal_437,0,10,5.479852432755356e-05,0,0,0,3,0.0020524606331384977,5,10
normal_439,0,0,0.0003032334030882599,0,0,0,3,0.0020524606331384977,5,10
normal_439,0,5,0.0001440995421788301,0,0,0,3,0.0020524606331384977,5,10
normal_439,0,10,6.281137423797571e-05,0,0,0,3,0.0020524606331384977,5,10
normal_439,0,15,0.000559542771794336,0,0,0,3,0.0020524606331384977,5,10
normal_439,0,20,0.00012835142170410763,0,0,0,3,0.0020524606331384977,5,10
normal_439,0,25,0.00035882431015891943,0,0,0,3,0.0020524606331384977,5,10
normal_439,0,30,5.392530798115358e-05,0,0,0,3,0.0020524606331384977,5,10
normal_439,0,35,0.000178664876684815,0,0,0,3,0.0020524606331384977,5,10
normal_439,0,40,0.00023287547488623915,0,0,0,3,0.0020524606331384977,5,10
normal_450,0,0,0.003969355521237955,1,1,0,3,0.0020524606331384977,5,10
normal_450,0,5,0.0011934798966133627,0,0,0,3,0.0020524606331384977,5,10
normal_450,0,10,0.0002098350547077127,0,0,0,3,0.0020524606331384977,5,10
normal_450,0,15,6.529743142188867e-05,0,0,0,3,0.0020524606331384977,5,10
normal_450,0,20,8.992391503035983e-05,0,0,0,3,0.0020524606331384977,5,10
normal_450,0,25,6.700874048773755e-05,0,0,0,3,0.0020524606331384977,5,10
normal_450,0,30,6.38350287684357e-05,0,0,0,3,0.0020524606331384977,5,10
normal_450,0,35,0.00012876461809364258,0,0,0,3,0.0020524606331384977,5,10
normal_450,0,40,7.70573291398849e-05,0,0,0,3,0.0020524606331384977,5,10
normal_458,0,0,6.410410025984491e-05,0,0,0,3,0.0020524606331384977,5,10
normal_458,0,5,0.0001337936681129118,0,0,0,3,0.0020524606331384977,5,10
normal_458,0,10,0.00020482261892782906,0,0,0,3,0.0020524606331384977,5,10
normal_458,0,15,7.305616734438797e-05,0,0,0,3,0.0020524606331384977,5,10
normal_465,0,0,5.364456394150017e-05,0,0,0,3,0.0020524606331384977,5,10
normal_465,0,5,9.462770119812487e-05,0,0,0,3,0.0020524606331384977,5,10
normal_465,0,10,0.0019009970349921415,0,0,0,3,0.0020524606331384977,5,10
normal_468,0,0,0.0007422698447775645,0,0,0,3,0.0020524606331384977,5,10
normal_468,0,5,0.0004128184158730018,0,0,0,3,0.0020524606331384977,5,10
normal_468,0,10,7.65273463935203e-05,0,0,0,3,0.0020524606331384977,5,10
normal_468,0,15,0.0001159181344247106,0,0,0,3,0.0020524606331384977,5,10
normal_468,0,20,0.000150128778284387,0,0,0,3,0.0020524606331384977,5,10
normal_468,0,25,0.00011015254768646261,0,0,0,3,0.0020524606331384977,5,10
normal_468,0,30,0.00013846556232029745,0,0,0,3,0.0020524606331384977,5,10
normal_468,0,35,0.00037103183152101846,0,0,0,3,0.0020524606331384977,5,10
normal_474,0,0,5.803192851754423e-05,0,0,0,3,0.0020524606331384977,5,10
normal_474,0,5,5.3186468323417104e-05,0,0,0,3,0.0020524606331384977,5,10
normal_474,0,10,5.453585096410117e-05,0,0,0,3,0.0020524606331384977,5,10
normal_474,0,15,5.8212281910967434e-05,0,0,0,3,0.0020524606331384977,5,10
normal_474,0,20,5.6596461411258856e-05,0,0,0,3,0.0020524606331384977,5,10
normal_474,0,25,5.457603563805029e-05,0,0,0,3,0.0020524606331384977,5,10
normal_474,0,30,5.4021306621123304e-05,0,0,0,3,0.0020524606331384977,5,10
normal_474,0,35,5.226021787663363e-05,0,0,0,3,0.0020524606331384977,5,10
normal_474,0,40,6.246934195024633e-05,0,0,0,3,0.0020524606331384977,5,10
normal_476,0,0,5.268139410298437e-05,0,0,0,3,0.0020524606331384977,5,10
normal_476,0,5,5.33220056133576e-05,0,0,0,3,0.0020524606331384977,5,10
normal_476,0,10,5.467995322310725e-05,0,0,0,3,0.0020524606331384977,5,10
normal_476,0,15,5.6582702899711697e-05,0,0,0,3,0.0020524606331384977,5,10
normal_478,0,0,5.318953004874822e-05,0,0,0,3,0.0020524606331384977,5,10
normal_478,0,5,5.364283973414436e-05,0,0,0,3,0.0020524606331384977,5,10
normal_478,0,10,7.000546006469158e-05,0,0,0,3,0.0020524606331384977,5,10
normal_478,0,15,5.552523454783407e-05,0,0,0,3,0.0020524606331384977,5,10
normal_478,0,20,6.128449634867404e-05,0,0,0,3,0.0020524606331384977,5,10
normal_478,0,25,6.102014177529835e-05,0,0,0,3,0.0020524606331384977,5,10
normal_478,0,30,5.4735872357666956e-05,0,0,0,3,0.0020524606331384977,5,10
normal_478,0,35,0.0001487259390104692,0,0,0,3,0.0020524606331384977,5,10
normal_478,0,40,6.294568727013696e-05,0,0,0,3,0.0020524606331384977,5,10
normal_494,0,0,5.8933589851442775e-05,0,0,0,3,0.0020524606331384977,5,10
normal_494,0,5,5.4723871127993326e-05,0,0,0,3,0.0020524606331384977,5,10
normal_494,0,10,8.158102353714472e-05,0,0,0,3,0.0020524606331384977,5,10
normal_494,0,15,5.365588343411777e-05,0,0,0,3,0.0020524606331384977,5,10
normal_494,0,20,6.246934195024633e-05,0,0,0,3,0.0020524606331384977,5,10
normal_494,0,25,7.421495545328641e-05,0,0,0,3,0.0020524606331384977,5,10
normal_510,0,0,5.22828978687675e-05,0,0,0,3,0.0020524606331384977,5,10
normal_510,0,5,5.7317755561456195e-05,0,0,0,3,0.0020524606331384977,5,10
normal_510,0,10,5.8564896111290156e-05,0,0,0,3,0.0020524606331384977,5,10
normal_510,0,15,5.364283973414436e-05,0,0,0,3,0.0020524606331384977,5,10
normal_510,0,20,5.467995322310725e-05,0,0,0,3,0.0020524606331384977,5,10
normal_510,0,25,5.453585096410117e-05,0,0,0,3,0.0020524606331384977,5,10
normal_510,0,30,5.364283973414436e-05,0,0,0,3,0.0020524606331384977,5,10
normal_510,0,35,5.852604315509376e-05,0,0,0,3,0.0020524606331384977,5,10
normal_510,0,40,0.0001860517631584775,0,0,0,3,0.0020524606331384977,5,10
normal_512,0,0,5.330904307447342e-05,0,0,0,3,0.0020524606331384977,5,10
normal_512,0,5,5.365588343411777e-05,0,0,0,3,0.0020524606331384977,5,10
normal_512,0,10,5.7676651483459093e-05,0,0,0,3,0.0020524606331384977,5,10
normal_512,0,15,0.00010426514183795733,0,0,0,3,0.0020524606331384977,5,10
normal_512,0,20,5.138362219445408e-05,0,0,0,3,0.0020524606331384977,5,10
normal_512,0,25,5.467995322310725e-05,0,0,0,3,0.0020524606331384977,5,10
normal_515,0,0,5.364283973414436e-05,0,0,0,3,0.0020524606331384977,5,10
normal_515,0,5,5.270283004939697e-05,0,0,0,3,0.0020524606331384977,5,10
normal_515,0,10,5.983348470641025e-05,0,0,0,3,0.0020524606331384977,5,10
normal_515,0,15,8.082852087892982e-05,0,0,0,3,0.0020524606331384977,5,10
normal_515,0,20,5.368592469380148e-05,0,0,0,3,0.0020524606331384977,5,10
normal_515,0,25,5.3186468323417104e-05,0,0,0,3,0.0020524606331384977,5,10
normal_515,0,30,6.965913162184899e-05,0,0,0,3,0.0020524606331384977,5,10
normal_515,0,35,5.6582702899711697e-05,0,0,0,3,0.0020524606331384977,5,10
normal_515,0,40,7.258244631273902e-05,0,0,0,3,0.0020524606331384977,5,10
normal_520,0,0,5.965998608552693e-05,0,0,0,3,0.0020524606331384977,5,10
normal_520,0,5,5.3962220899788705e-05,0,0,0,3,0.0020524606331384977,5,10
normal_520,0,10,5.467995322310725e-05,0,0,0,3,0.0020524606331384977,5,10
normal_520,0,15,0.00015859891282708942,0,0,0,3,0.0020524606331384977,5,10
normal_520,0,20,9.386470512130537e-05,0,0,0,3,0.0020524606331384977,5,10
normal_520,0,25,0.00021857077228315641,0,0,0,3,0.0020524606331384977,5,10
normal_520,0,30,6.95546420864705e-05,0,0,0,3,0.0020524606331384977,5,10
normal_520,0,35,5.2296558295528815e-05,0,0,0,3,0.0020524606331384977,5,10
normal_520,0,40,6.608251845931325e-05,0,0,0,3,0.0020524606331384977,5,10
normal_521,0,0,5.829183155330672e-05,0,0,0,3,0.0020524606331384977,5,10
normal_521,0,5,5.6448321845242635e-05,0,0,0,3,0.0020524606331384977,5,10
normal_521,0,10,5.467995322310725e-05,0,0,0,3,0.0020524606331384977,5,10
normal_521,0,15,5.330904307447342e-05,0,0,0,3,0.0020524606331384977,5,10
normal_521,0,20,5.365588343411777e-05,0,0,0,3,0.0020524606331384977,5,10
normal_521,0,25,5.467995322310725e-05,0,0,0,3,0.0020524606331384977,5,10
normal_521,0,30,0.0001556070901093579,0,0,0,3,0.0020524606331384977,5,10
normal_521,0,35,5.221428611741508e-05,0,0,0,3,0.0020524606331384977,5,10
normal_521,0,40,5.3266369826822e-05,0,0,0,3,0.0020524606331384977,5,10
normal_522,0,0,5.369665779356473e-05,0,0,0,3,0.0020524606331384977,5,10
normal_522,0,5,6.608251845931325e-05,0,0,0,3,0.0020524606331384977,5,10
normal_522,0,10,6.30141504853809e-05,0,0,0,3,0.0020524606331384977,5,10
normal_522,0,15,5.2844241511581314e-05,0,0,0,3,0.0020524606331384977,5,10
normal_522,0,20,5.365588343411777e-05,0,0,0,3,0.0020524606331384977,5,10
normal_522,0,25,5.467995322310725e-05,0,0,0,3,0.0020524606331384977,5,10
normal_528,0,0,5.870421879034595e-05,0,0,0,3,0.0020524606331384977,5,10
normal_528,0,5,5.352807548063063e-05,0,0,0,3,0.0020524606331384977,5,10
normal_528,0,10,5.3266369826822e-05,0,0,0,3,0.0020524606331384977,5,10
normal_528,0,15,0.0001623690525455255,0,0,0,3,0.0020524606331384977,5,10
normal_528,0,20,5.364283973414436e-05,0,0,0,3,0.0020524606331384977,5,10
normal_528,0,25,5.991532551416395e-05,0,0,0,3,0.0020524606331384977,5,10
normal_533,0,0,5.365588343411777e-05,0,0,0,3,0.0020524606331384977,5,10
normal_533,0,5,5.467995322310725e-05,0,0,0,3,0.0020524606331384977,5,10
normal_533,0,10,5.552205000314635e-05,0,0,0,3,0.0020524606331384977,5,10
normal_533,0,15,5.6582702899711697e-05,0,0,0,3,0.0020524606331384977,5,10
normal_533,0,20,5.467995322310725e-05,0,0,0,3,0.0020524606331384977,5,10
normal_533,0,25,5.552205000314635e-05,0,0,0,3,0.0020524606331384977,5,10
normal_533,0,30,5.364283973414436e-05,0,0,0,3,0.0020524606331384977,5,10
normal_533,0,35,5.365588343411777e-05,0,0,0,3,0.0020524606331384977,5,10
normal_533,0,40,5.467995322310725e-05,0,0,0,3,0.0020524606331384977,5,10
normal_546,0,0,5.467995322310725e-05,0,0,0,3,0.0020524606331384977,5,10
normal_546,0,5,0.0001623690525455255,0,0,0,3,0.0020524606331384977,5,10
normal_546,0,10,8.312929355754838e-05,0,0,0,3,0.0020524606331384977,5,10
normal_553,0,0,6.0106620763958564e-05,0,0,0,3,0.0020524606331384977,5,10
normal_553,0,5,5.55331501678668e-05,0,0,0,3,0.0020524606331384977,5,10
normal_553,0,10,5.364283973414436e-05,0,0,0,3,0.0020524606331384977,5,10
normal_553,0,15,5.365588343411777e-05,0,0,0,3,0.0020524606331384977,5,10
normal_553,0,20,5.7676651483459093e-05,0,0,0,3,0.0020524606331384977,5,10
normal_565,0,0,5.705275455792087e-05,0,0,0,3,0.0020524606331384977,5,10
normal_565,0,5,8.705921582226664e-05,0,0,0,3,0.0020524606331384977,5,10
normal_565,0,10,0.0003087492889431049,0,0,0,3,0.0020524606331384977,5,10
normal_565,0,15,7.048009404181905e-05,0,0,0,3,0.0020524606331384977,5,10
normal_565,0,20,8.659695992399107e-05,0,0,0,3,0.0020524606331384977,5,10
normal_578,0,0,0.0010332913822784986,0,0,0,3,0.0020524606331384977,5,10
normal_578,0,5,0.00017378149541520823,0,0,0,3,0.0020524606331384977,5,10
normal_578,0,10,0.00011418652713325089,0,0,0,3,0.0020524606331384977,5,10
normal_578,0,15,6.128801138625877e-05,0,0,0,3,0.0020524606331384977,5,10
normal_578,0,20,5.4655676283629e-05,0,0,0,3,0.0020524606331384977,5,10
normal_578,0,25,0.00017761218662528365,0,0,0,3,0.0020524606331384977,5,10
normal_582,0,0,0.0003239234859374569,0,0,0,3,0.0020524606331384977,5,10
normal_582,0,5,5.2515413929249995e-05,0,0,0,3,0.0020524606331384977,5,10
normal_582,0,10,5.3066654594692514e-05,0,0,0,3,0.0020524606331384977,5,10
normal_582,0,15,7.51973384910874e-05,0,0,0,3,0.0020524606331384977,5,10
normal_582,0,20,5.166026198484075e-05,0,0,0,3,0.0020524606331384977,5,10
normal_582,0,25,7.075197735312126e-05,0,0,0,3,0.0020524606331384977,5,10
normal_582,0,30,5.609274575004321e-05,0,0,0,3,0.0020524606331384977,5,10
normal_582,0,35,6.682696734762736e-05,0,0,0,3,0.0020524606331384977,5,10
normal_582,0,40,6.229693779033673e-05,0,0,0,3,0.0020524606331384977,5,10
normal_584,0,0,8.630850099701639e-05,0,0,0,3,0.0020524606331384977,5,10
normal_584,0,5,0.00010717387907756444,0,0,0,3,0.0020524606331384977,5,10
normal_584,0,10,0.00012329709921813089,0,0,0,3,0.0020524606331384977,5,10
normal_584,0,15,0.00011890689330804706,0,0,0,3,0.0020524606331384977,5,10
normal_584,0,20,6.502535815939225e-05,0,0,0,3,0.0020524606331384977,5,10
normal_584,0,25,0.00013405120860536515,0,0,0,3,0.0020524606331384977,5,10
anomaly_2,1,0,0.965601215152043,1,1,0,3,0.0020524606331384977,5,10
anomaly_2,1,5,0.9934859891739521,1,2,0,3,0.0020524606331384977,5,10
anomaly_2,1,10,0.999802402515202,1,3,0,3,0.0020524606331384977,5,10
anomaly_2,1,15,0.9996008564815579,1,4,0,3,0.0020524606331384977,5,10
anomaly_2,1,20,0.7894765822048079,1,5,1,3,0.0020524606331384977,5,10
anomaly_2,1,25,0.8142707781505814,1,6,1,3,0.0020524606331384977,5,10
anomaly_2,1,30,0.8753532895595424,1,7,1,3,0.0020524606331384977,5,10
anomaly_2,1,35,0.9999058865645283,1,8,1,3,0.0020524606331384977,5,10
anomaly_2,1,40,0.999928009072463,1,9,1,3,0.0020524606331384977,5,10
anomaly_4,1,0,0.005019312037490356,1,1,0,3,0.0020524606331384977,5,10
anomaly_4,1,5,0.5772112222954409,1,2,0,3,0.0020524606331384977,5,10
anomaly_4,1,10,0.28875384606282634,1,3,0,3,0.0020524606331384977,5,10
anomaly_4,1,15,0.9014693679792035,1,4,0,3,0.0020524606331384977,5,10
anomaly_4,1,20,0.004421866138151791,1,5,1,3,0.0020524606331384977,5,10
anomaly_16,1,0,0.00026865586467025615,0,0,0,3,0.0020524606331384977,5,10
anomaly_16,1,5,0.00026865586467025615,0,0,0,3,0.0020524606331384977,5,10
anomaly_16,1,10,0.0012813574962213434,0,0,0,3,0.0020524606331384977,5,10
anomaly_16,1,15,0.13999185384860396,1,1,0,3,0.0020524606331384977,5,10
anomaly_16,1,20,0.10721826736249798,1,2,0,3,0.0020524606331384977,5,10
anomaly_16,1,25,0.2716813699044729,1,3,0,3,0.0020524606331384977,5,10
anomaly_16,1,30,0.9971165330683324,1,4,0,3,0.0020524606331384977,5,10
anomaly_16,1,35,0.9997521954720237,1,5,1,3,0.0020524606331384977,5,10
anomaly_16,1,40,0.999549321113671,1,6,1,3,0.0020524606331384977,5,10
normal_7,0,0,8.102595752231096e-05,0,0,0,4,0.0012023895817948277,7,15
normal_7,0,5,7.053368357836292e-05,0,0,0,4,0.0012023895817948277,7,15
normal_7,0,10,7.62320050616014e-05,0,0,0,4,0.0012023895817948277,7,15
normal_7,0,15,9.486483875896896e-05,0,0,0,4,0.0012023895817948277,7,15
normal_7,0,20,6.814159663136033e-05,0,0,0,4,0.0012023895817948277,7,15
normal_7,0,25,0.00011098213608963478,0,0,0,4,0.0012023895817948277,7,15
normal_7,0,30,0.0013602436596022427,1,1,0,4,0.0012023895817948277,7,15
normal_7,0,35,9.134225921780971e-05,0,0,0,4,0.0012023895817948277,7,15
normal_7,0,40,0.0007876398903246748,0,0,0,4,0.0012023895817948277,7,15
normal_17,0,0,0.0001681198340102695,0,0,0,4,0.0012023895817948277,7,15
normal_17,0,5,0.00010619369043470505,0,0,0,4,0.0012023895817948277,7,15
normal_17,0,10,6.83920652925127e-05,0,0,0,4,0.0012023895817948277,7,15
normal_17,0,15,8.607673169219629e-05,0,0,0,4,0.0012023895817948277,7,15
normal_17,0,20,0.00019523116746230878,0,0,0,4,0.0012023895817948277,7,15
normal_17,0,25,7.495941027258656e-05,0,0,0,4,0.0012023895817948277,7,15
normal_17,0,30,0.00012796105253521937,0,0,0,4,0.0012023895817948277,7,15
normal_17,0,35,0.00017877625345146702,0,0,0,4,0.0012023895817948277,7,15
normal_17,0,40,8.661068933646574e-05,0,0,0,4,0.0012023895817948277,7,15
normal_28,0,0,8.016156860059626e-05,0,0,0,4,0.0012023895817948277,7,15
normal_28,0,5,8.858529039253678e-05,0,0,0,4,0.0012023895817948277,7,15
normal_28,0,10,8.560375807980844e-05,0,0,0,4,0.0012023895817948277,7,15
normal_28,0,15,0.0003120893675189718,0,0,0,4,0.0012023895817948277,7,15
normal_28,0,20,6.467705284264609e-05,0,0,0,4,0.0012023895817948277,7,15
normal_28,0,25,7.008258591806106e-05,0,0,0,4,0.0012023895817948277,7,15
normal_28,0,30,9.682361272306009e-05,0,0,0,4,0.0012023895817948277,7,15
normal_28,0,35,8.090453998429268e-05,0,0,0,4,0.0012023895817948277,7,15
normal_28,0,40,0.000498236446957197,0,0,0,4,0.0012023895817948277,7,15
normal_31,0,0,0.00011392736918690873,0,0,0,4,0.0012023895817948277,7,15
normal_31,0,5,0.00046367665948043873,0,0,0,4,0.0012023895817948277,7,15
normal_31,0,10,8.283357641554682e-05,0,0,0,4,0.0012023895817948277,7,15
normal_31,0,15,8.10306989765947e-05,0,0,0,4,0.0012023895817948277,7,15
normal_34,0,0,0.00010713973620249167,0,0,0,4,0.0012023895817948277,7,15
normal_34,0,5,6.210766827121294e-05,0,0,0,4,0.0012023895817948277,7,15
normal_34,0,10,7.26241594814957e-05,0,0,0,4,0.0012023895817948277,7,15
normal_34,0,15,0.00020628977420109946,0,0,0,4,0.0012023895817948277,7,15
normal_34,0,20,0.00012800836569540564,0,0,0,4,0.0012023895817948277,7,15
normal_34,0,25,0.001483372517428732,1,1,0,4,0.0012023895817948277,7,15
normal_34,0,30,0.00021139878262786265,0,0,0,4,0.0012023895817948277,7,15
normal_34,0,35,7.727105680185188e-05,0,0,0,4,0.0012023895817948277,7,15
normal_34,0,40,6.523285159929949e-05,0,0,0,4,0.0012023895817948277,7,15
normal_52,0,0,8.560375807980844e-05,0,0,0,4,0.0012023895817948277,7,15
normal_52,0,5,0.00033107169053180204,0,0,0,4,0.0012023895817948277,7,15
normal_52,0,10,8.720779690013721e-05,0,0,0,4,0.0012023895817948277,7,15
normal_52,0,15,7.039037761286251e-05,0,0,0,4,0.0012023895817948277,7,15
normal_52,0,20,9.170260008981989e-05,0,0,0,4,0.0012023895817948277,7,15
normal_52,0,25,8.102595752231096e-05,0,0,0,4,0.0012023895817948277,7,15
normal_52,0,30,7.024685350931339e-05,0,0,0,4,0.0012023895817948277,7,15
normal_52,0,35,0.00011844073064511459,0,0,0,4,0.0012023895817948277,7,15
normal_52,0,40,0.00014330567514007133,0,0,0,4,0.0012023895817948277,7,15
normal_59,0,0,7.034229359088104e-05,0,0,0,4,0.0012023895817948277,7,15
normal_59,0,5,0.00011129525947398597,0,0,0,4,0.0012023895817948277,7,15
normal_59,0,10,7.053368357836292e-05,0,0,0,4,0.0012023895817948277,7,15
normal_59,0,15,7.509464134169854e-05,0,0,0,4,0.0012023895817948277,7,15
normal_59,0,20,0.00017079891483940508,0,0,0,4,0.0012023895817948277,7,15
normal_59,0,25,0.00018760694682806554,0,0,0,4,0.0012023895817948277,7,15
normal_59,0,30,7.632815537676682e-05,0,0,0,4,0.0012023895817948277,7,15
normal_59,0,35,0.00023287475076235267,0,0,0,4,0.0012023895817948277,7,15
normal_59,0,40,0.00011789506350942151,0,0,0,4,0.0012023895817948277,7,15
normal_61,0,0,0.00014353670249352593,0,0,0,4,0.0012023895817948277,7,15
normal_61,0,5,0.00014255714954337987,0,0,0,4,0.0012023895817948277,7,15
normal_61,0,10,7.363231893388748e-05,0,0,0,4,0.0012023895817948277,7,15
normal_61,0,15,6.444205170265925e-05,0,0,0,4,0.0012023895817948277,7,15
normal_61,0,20,7.024437442532348e-05,0,0,0,4,0.0012023895817948277,7,15
normal_61,0,25,8.524862521832815e-05,0,0,0,4,0.0012023895817948277,7,15
normal_61,0,30,7.296989300711183e-05,0,0,0,4,0.0012023895817948277,7,15
normal_61,0,35,9.322664456705692e-05,0,0,0,4,0.0012023895817948277,7,15
normal_61,0,40,0.0003718525347655349,0,0,0,4,0.0012023895817948277,7,15
normal_66,0,0,6.680946156261571e-05,0,0,0,4,0.0012023895817948277,7,15
normal_66,0,5,0.00012372298544370945,0,0,0,4,0.0012023895817948277,7,15
normal_66,0,10,0.0002816730346914982,0,0,0,4,0.0012023895817948277,7,15
normal_66,0,15,9.529915214273433e-05,0,0,0,4,0.0012023895817948277,7,15
normal_66,0,20,0.000127524379352183,0,0,0,4,0.0012023895817948277,7,15
normal_66,0,25,0.0001318451397175333,0,0,0,4,0.0012023895817948277,7,15
normal_66,0,30,0.00014572593470456015,0,0,0,4,0.0012023895817948277,7,15
normal_66,0,35,9.373756288466635e-05,0,0,0,4,0.0012023895817948277,7,15
normal_66,0,40,0.00013313141099515656,0,0,0,4,0.0012023895817948277,7,15
normal_69,0,0,7.238872322694814e-05,0,0,0,4,0.0012023895817948277,7,15
normal_69,0,5,9.170260008981989e-05,0,0,0,4,0.0012023895817948277,7,15
normal_69,0,10,0.0001540956852784105,0,0,0,4,0.0012023895817948277,7,15
normal_69,0,15,6.92937335151935e-05,0,0,0,4,0.0012023895817948277,7,15
normal_69,0,20,6.84631657445544e-05,0,0,0,4,0.0012023895817948277,7,15
normal_69,0,25,7.473840843987094e-05,0,0,0,4,0.0012023895817948277,7,15
normal_69,0,30,6.92303512799122e-05,0,0,0,4,0.0012023895817948277,7,15
normal_69,0,35,8.573222736760352e-05,0,0,0,4,0.0012023895817948277,7,15
normal_69,0,40,0.0001099600358259096,0,0,0,4,0.0012023895817948277,7,15
normal_70,0,0,8.223659892180401e-05,0,0,0,4,0.0012023895817948277,7,15
normal_70,0,5,7.620849675914083e-05,0,0,0,4,0.0012023895817948277,7,15
normal_70,0,10,8.102595752231096e-05,0,0,0,4,0.0012023895817948277,7,15
normal_70,0,15,6.476624603713338e-05,0,0,0,4,0.0012023895817948277,7,15
normal_70,0,20,0.00010147600580159383,0,0,0,4,0.0012023895817948277,7,15
normal_70,0,25,0.00010485729787823379,0,0,0,4,0.0012023895817948277,7,15
normal_70,0,30,0.00040667870569632657,0,0,0,4,0.0012023895817948277,7,15
normal_70,0,35,0.00013733838492567844,0,0,0,4,0.0012023895817948277,7,15
normal_70,0,40,9.080801002155185e-05,0,0,0,4,0.0012023895817948277,7,15
normal_72,0,0,9.508676796160554e-05,0,0,0,4,0.0012023895817948277,7,15
normal_72,0,5,6.202213612472772e-05,0,0,0,4,0.0012023895817948277,7,15
normal_72,0,10,7.201729185271852e-05,0,0,0,4,0.0012023895817948277,7,15
normal_72,0,15,8.072955011359723e-05,0,0,0,4,0.0012023895817948277,7,15
normal_72,0,20,0.00011145415171787772,0,0,0,4,0.0012023895817948277,7,15
normal_72,0,25,0.00466329169499889,1,1,0,4,0.0012023895817948277,7,15
normal_72,0,30,0.0001146657594668947,0,0,0,4,0.0012023895817948277,7,15
normal_72,0,35,0.00010419037693931382,0,0,0,4,0.0012023895817948277,7,15
normal_72,0,40,6.0588407506302563e-05,0,0,0,4,0.0012023895817948277,7,15
normal_73,0,0,8.916382463112845e-05,0,0,0,4,0.0012023895817948277,7,15
normal_73,0,5,8.39396888490705e-05,0,0,0,4,0.0012023895817948277,7,15
normal_73,0,10,0.00010161313861664066,0,0,0,4,0.0012023895817948277,7,15
normal_73,0,15,0.00021371167592810293,0,0,0,4,0.0012023895817948277,7,15
normal_73,0,20,8.102595752231096e-05,0,0,0,4,0.0012023895817948277,7,15
normal_73,0,25,6.476624603713338e-05,0,0,0,4,0.0012023895817948277,7,15
normal_73,0,30,8.573222736760352e-05,0,0,0,4,0.0012023895817948277,7,15
normal_73,0,35,0.00010345679431979288,0,0,0,4,0.0012023895817948277,7,15
normal_73,0,40,0.00010574902772302126,0,0,0,4,0.0012023895817948277,7,15
normal_76,0,0,0.00012604659862320585,0,0,0,4,0.0012023895817948277,7,15
normal_76,0,5,8.016156860059626e-05,0,0,0,4,0.0012023895817948277,7,15
normal_76,0,10,0.00014269415432217777,0,0,0,4,0.0012023895817948277,7,15
normal_76,0,15,0.0002401015669262629,0,0,0,4,0.0012023895817948277,7,15
normal_76,0,20,0.0001131443217315408,0,0,0,4,0.0012023895817948277,7,15
normal_76,0,25,9.12711094999412e-05,0,0,0,4,0.0012023895817948277,7,15
normal_76,0,30,6.942420649048356e-05,0,0,0,4,0.0012023895817948277,7,15
normal_76,0,35,9.195369020483897e-05,0,0,0,4,0.0012023895817948277,7,15
normal_76,0,40,9.06878802551034e-05,0,0,0,4,0.0012023895817948277,7,15
normal_81,0,0,8.102595752231096e-05,0,0,0,4,0.0012023895817948277,7,15
normal_81,0,5,6.620350659639598e-05,0,0,0,4,0.0012023895817948277,7,15
normal_81,0,10,0.00012143460820631907,0,0,0,4,0.0012023895817948277,7,15
normal_81,0,15,0.00044220589025638905,0,0,0,4,0.0012023895817948277,7,15
normal_81,0,20,6.418533021472428e-05,0,0,0,4,0.0012023895817948277,7,15
normal_81,0,25,7.049601712770726e-05,0,0,0,4,0.0012023895817948277,7,15
normal_81,0,30,9.472166075649355e-05,0,0,0,4,0.0012023895817948277,7,15
normal_82,0,0,6.379792486401648e-05,0,0,0,4,0.0012023895817948277,7,15
normal_82,0,5,7.623485924352114e-05,0,0,0,4,0.0012023895817948277,7,15
normal_82,0,10,0.00015524188070238797,0,0,0,4,0.0012023895817948277,7,15
normal_82,0,15,6.95578324992173e-05,0,0,0,4,0.0012023895817948277,7,15
normal_82,0,20,7.394276367148708e-05,0,0,0,4,0.0012023895817948277,7,15
normal_92,0,0,0.0003812577069182511,0,0,0,4,0.0012023895817948277,7,15
normal_92,0,5,0.00011483920929909745,0,0,0,4,0.0012023895817948277,7,15
normal_92,0,10,6.472866153157238e-05,0,0,0,4,0.0012023895817948277,7,15
normal_92,0,15,0.0001025759811778594,0,0,0,4,0.0012023895817948277,7,15
normal_92,0,20,0.000313931576095495,0,0,0,4,0.0012023895817948277,7,15
normal_92,0,25,6.485602949517807e-05,0,0,0,4,0.0012023895817948277,7,15
normal_97,0,0,6.849096701876966e-05,0,0,0,4,0.0012023895817948277,7,15
normal_97,0,5,7.366890262492202e-05,0,0,0,4,0.0012023895817948277,7,15
normal_97,0,10,8.524862521832815e-05,0,0,0,4,0.0012023895817948277,7,15
normal_97,0,15,6.476624603713338e-05,0,0,0,4,0.0012023895817948277,7,15
normal_97,0,20,7.874177824034296e-05,0,0,0,4,0.0012023895817948277,7,15
normal_97,0,25,0.00011910975551205705,0,0,0,4,0.0012023895817948277,7,15
normal_98,0,0,6.859820394147102e-05,0,0,0,4,0.0012023895817948277,7,15
normal_98,0,5,6.062679974622353e-05,0,0,0,4,0.0012023895817948277,7,15
normal_98,0,10,0.0014099052406327266,1,1,0,4,0.0012023895817948277,7,15
normal_98,0,15,7.800023840103262e-05,0,0,0,4,0.0012023895817948277,7,15
normal_104,0,0,9.682361272306009e-05,0,0,0,4,0.0012023895817948277,7,15
normal_104,0,5,0.00010354327363960548,0,0,0,4,0.0012023895817948277,7,15
normal_104,0,10,0.00011019426303521699,0,0,0,4,0.0012023895817948277,7,15
normal_104,0,15,0.00010862953785193376,0,0,0,4,0.0012023895817948277,7,15
normal_104,0,20,0.00010041118269430486,0,0,0,4,0.0012023895817948277,7,15
normal_106,0,0,0.00041656929701832426,0,0,0,4,0.0012023895817948277,7,15
normal_106,0,5,7.964785477547291e-05,0,0,0,4,0.0012023895817948277,7,15
normal_106,0,10,8.421751274988813e-05,0,0,0,4,0.0012023895817948277,7,15
normal_109,0,0,0.00010952170573745815,0,0,0,4,0.0012023895817948277,7,15
normal_109,0,5,0.00014768499732546866,0,0,0,4,0.0012023895817948277,7,15
normal_109,0,10,8.263786972671398e-05,0,0,0,4,0.0012023895817948277,7,15
normal_109,0,15,6.178005769207573e-05,0,0,0,4,0.0012023895817948277,7,15
normal_109,0,20,8.200462604144448e-05,0,0,0,4,0.0012023895817948277,7,15
normal_109,0,25,6.300073996639233e-05,0,0,0,4,0.0012023895817948277,7,15
normal_109,0,30,0.00032285202004315734,0,0,0,4,0.0012023895817948277,7,15
normal_109,0,35,6.753281262352801e-05,0,0,0,4,0.0012023895817948277,7,15
normal_109,0,40,8.565964338172989e-05,0,0,0,4,0.0012023895817948277,7,15
normal_111,0,0,7.630689346867102e-05,0,0,0,4,0.0012023895817948277,7,15
normal_111,0,5,9.170260008981989e-05,0,0,0,4,0.0012023895817948277,7,15
normal_111,0,10,0.00010912257466629448,0,0,0,4,0.0012023895817948277,7,15
normal_117,0,0,8.902284512631244e-05,0,0,0,4,0.0012023895817948277,7,15
normal_117,0,5,0.00011215779995237835,0,0,0,4,0.0012023895817948277,7,15
normal_117,0,10,6.114530365954533e-05,0,0,0,4,0.0012023895817948277,7,15
normal_117,0,15,0.00012591801368523408,0,0,0,4,0.0012023895817948277,7,15
normal_127,0,0,6.700404962843072e-05,0,0,0,4,0.0012023895817948277,7,15
normal_127,0,5,9.472166075649355e-05,0,0,0,4,0.0012023895817948277,7,15
normal_127,0,10,8.102595752231096e-05,0,0,0,4,0.0012023895817948277,7,15
normal_127,0,15,7.452407807197295e-05,0,0,0,4,0.0012023895817948277,7,15
normal_127,0,20,7.618859901595608e-05,0,0,0,4,0.0012023895817948277,7,15
normal_127,0,25,8.102595752231096e-05,0,0,0,4,0.0012023895817948277,7,15
normal_127,0,30,6.814159663136033e-05,0,0,0,4,0.0012023895817948277,7,15
normal_127,0,35,7.780691911264575e-05,0,0,0,4,0.0012023895817948277,7,15
normal_127,0,40,0.0003525151585295482,0,0,0,4,0.0012023895817948277,7,15
normal_129,0,0,0.00011553191602183132,0,0,0,4,0.0012023895817948277,7,15
normal_129,0,5,8.316849604490626e-05,0,0,0,4,0.0012023895817948277,7,15
normal_129,0,10,7.032225662946579e-05,0,0,0,4,0.0012023895817948277,7,15
normal_129,0,15,0.00010894828311090409,0,0,0,4,0.0012023895817948277,7,15
normal_129,0,20,8.102595752231096e-05,0,0,0,4,0.0012023895817948277,7,15
normal_129,0,25,0.00010510342428220274,0,0,0,4,0.0012023895817948277,7,15
normal_132,0,0,9.116435334138796e-05,0,0,0,4,0.0012023895817948277,7,15
normal_132,0,5,8.055037208557336e-05,0,0,0,4,0.0012023895817948277,7,15
normal_132,0,10,0.00045281707501841357,0,0,0,4,0.0012023895817948277,7,15
normal_132,0,15,7.366890262492202e-05,0,0,0,4,0.0012023895817948277,7,15
normal_132,0,20,8.090453998429268e-05,0,0,0,4,0.0012023895817948277,7,15
normal_132,0,25,6.814159663136033e-05,0,0,0,4,0.0012023895817948277,7,15
normal_132,0,30,8.573222736760352e-05,0,0,0,4,0.0012023895817948277,7,15
normal_132,0,35,0.00011652404817510798,0,0,0,4,0.0012023895817948277,7,15
normal_132,0,40,6.814159663136033e-05,0,0,0,4,0.0012023895817948277,7,15
normal_133,0,0,8.524862521832815e-05,0,0,0,4,0.0012023895817948277,7,15
normal_133,0,5,6.620350659639598e-05,0,0,0,4,0.0012023895817948277,7,15
normal_133,0,10,7.23373607634317e-05,0,0,0,4,0.0012023895817948277,7,15
normal_133,0,15,0.0002695449608285677,0,0,0,4,0.0012023895817948277,7,15
normal_133,0,20,6.353664604464169e-05,0,0,0,4,0.0012023895817948277,7,15
normal_133,0,25,6.852635042686507e-05,0,0,0,4,0.0012023895817948277,7,15
normal_133,0,30,8.724042218399496e-05,0,0,0,4,0.0012023895817948277,7,15
normal_133,0,35,7.497300417687216e-05,0,0,0,4,0.0012023895817948277,7,15
normal_134,0,0,7.778386973070886e-05,0,0,0,4,0.0012023895817948277,7,15
normal_134,0,5,8.072955011359723e-05,0,0,0,4,0.0012023895817948277,7,15
normal_134,0,10,0.00010961293972258891,0,0,0,4,0.0012023895817948277,7,15
normal_134,0,15,0.00011436760502396159,0,0,0,4,0.0012023895817948277,7,15
normal_134,0,20,6.62982962273405e-05,0,0,0,4,0.0012023895817948277,7,15
normal_134,0,25,7.473840843987094e-05,0,0,0,4,0.0012023895817948277,7,15
normal_137,0,0,9.375972458281142e-05,0,0,0,4,0.0012023895817948277,7,15
normal_137,0,5,7.420958700963408e-05,0,0,0,4,0.0012023895817948277,7,15
normal_137,0,10,7.807293968550802e-05,0,0,0,4,0.0012023895817948277,7,15
normal_137,0,15,6.300073996639233e-05,0,0,0,4,0.0012023895817948277,7,15
normal_137,0,20,6.476624603713338e-05,0,0,0,4,0.0012023895817948277,7,15
normal_137,0,25,0.00016451174813592327,0,0,0,4,0.0012023895817948277,7,15
normal_137,0,30,9.38533757059192e-05,0,0,0,4,0.0012023895817948277,7,15
normal_137,0,35,7.504837892364623e-05,0,0,0,4,0.0012023895817948277,7,15
normal_137,0,40,6.0892906228628894e-05,0,0,0,4,0.0012023895817948277,7,15
normal_140,0,0,8.844775127333928e-05,0,0,0,4,0.0012023895817948277,7,15
normal_140,0,5,7.97673864928442e-05,0,0,0,4,0.0012023895817948277,7,15
normal_140,0,10,7.049601712770726e-05,0,0,0,4,0.0012023895817948277,7,15
normal_140,0,15,7.620849675914083e-05,0,0,0,4,0.0012023895817948277,7,15
normal_140,0,20,8.110046728837162e-05,0,0,0,4,0.0012023895817948277,7,15
normal_140,0,25,9.996880220091448e-05,0,0,0,4,0.0012023895817948277,7,15
normal_155,0,0,0.0001057581174935239,0,0,0,4,0.0012023895817948277,7,15
normal_155,0,5,7.630689346867102e-05,0,0,0,4,0.0012023895817948277,7,15
normal_155,0,10,9.170260008981989e-05,0,0,0,4,0.0012023895817948277,7,15
normal_155,0,15,7.978185225502504e-05,0,0,0,4,0.0012023895817948277,7,15
normal_155,0,20,8.223659892180401e-05,0,0,0,4,0.0012023895817948277,7,15
normal_155,0,25,0.00011564595395980494,0,0,0,4,0.0012023895817948277,7,15
normal_155,0,30,0.0001352318465382412,0,0,0,4,0.0012023895817948277,7,15
normal_155,0,35,6.466919212919878e-05,0,0,0,4,0.0012023895817948277,7,15
normal_156,0,0,6.09604042589901e-05,0,0,0,4,0.0012023895817948277,7,15
normal_156,0,5,8.343137554599061e-05,0,0,0,4,0.0012023895817948277,7,15
normal_156,0,10,8.448072529845e-05,0,0,0,4,0.0012023895817948277,7,15
normal_156,0,15,6.210766827121294e-05,0,0,0,4,0.0012023895817948277,7,15
normal_156,0,20,7.249137491688815e-05,0,0,0,4,0.0012023895817948277,7,15
normal_165,0,0,8.102595752231096e-05,0,0,0,4,0.0012023895817948277,7,15
normal_165,0,5,6.620350659639598e-05,0,0,0,4,0.0012023895817948277,7,15
normal_165,0,10,0.00010469509125305919,0,0,0,4,0.0012023895817948277,7,15
normal_165,0,15,0.006570958548310924,1,1,0,4,0.0012023895817948277,7,15
normal_165,0,20,0.00010232399800917743,0,0,0,4,0.0012023895817948277,7,15
normal_165,0,25,9.71138082390659e-05,0,0,0,4,0.0012023895817948277,7,15
normal_165,0,30,9.472166075649355e-05,0,0,0,4,0.0012023895817948277,7,15
normal_165,0,35,9.211873912650601e-05,0,0,0,4,0.0012023895817948277,7,15
normal_165,0,40,7.083186869115114e-05,0,0,0,4,0.0012023895817948277,7,15
normal_170,0,0,0.0003535571018633086,0,0,0,4,0.0012023895817948277,7,15
normal_170,0,5,0.000607469972190454,0,0,0,4,0.0012023895817948277,7,15
normal_170,0,10,9.127640544748243e-05,0,0,0,4,0.0012023895817948277,7,15
normal_170,0,15,8.102595752231096e-05,0,0,0,4,0.0012023895817948277,7,15
normal_170,0,20,6.620350659639598e-05,0,0,0,4,0.0012023895817948277,7,15
normal_170,0,25,8.642608456883623e-05,0,0,0,4,0.0012023895817948277,7,15
normal_170,0,30,0.00041511985458434647,0,0,0,4,0.0012023895817948277,7,15
normal_170,0,35,6.416413109597468e-05,0,0,0,4,0.0012023895817948277,7,15
normal_170,0,40,7.630689346867102e-05,0,0,0,4,0.0012023895817948277,7,15
normal_180,0,0,6.41746068644617e-05,0,0,0,4,0.0012023895817948277,7,15
normal_180,0,5,0.00014880560489491582,0,0,0,4,0.0012023895817948277,7,15
normal_180,0,10,0.00018794224156689832,0,0,0,4,0.0012023895817948277,7,15
normal_184,0,0,0.00039321589933568837,0,0,0,4,0.0012023895817948277,7,15
normal_184,0,5,8.282401568489362e-05,0,0,0,4,0.0012023895817948277,7,15
normal_184,0,10,6.803948501674506e-05,0,0,0,4,0.0012023895817948277,7,15
normal_184,0,15,7.62320050616014e-05,0,0,0,4,0.0012023895817948277,7,15
normal_184,0,20,0.000313931576095495,0,0,0,4,0.0012023895817948277,7,15
normal_194,0,0,7.434320791043846e-05,0,0,0,4,0.0012023895817948277,7,15
normal_194,0,5,6.210766827121294e-05,0,0,0,4,0.0012023895817948277,7,15
normal_194,0,10,7.630689346867102e-05,0,0,0,4,0.0012023895817948277,7,15
normal_194,0,15,0.00015379845943641672,0,0,0,4,0.0012023895817948277,7,15
normal_194,0,20,8.263786972671398e-05,0,0,0,4,0.0012023895817948277,7,15
normal_194,0,25,6.09604042589901e-05,0,0,0,4,0.0012023895817948277,7,15
normal_194,0,30,8.343137554599061e-05,0,0,0,4,0.0012023895817948277,7,15
normal_194,0,35,7.699696711304692e-05,0,0,0,4,0.0012023895817948277,7,15
normal_194,0,40,0.000349322371527174,0,0,0,4,0.0012023895817948277,7,15
normal_201,0,0,0.00010533478203910773,0,0,0,4,0.0012023895817948277,7,15
normal_201,0,5,9.643382501523141e-05,0,0,0,4,0.0012023895817948277,7,15
normal_201,0,10,0.00011143468626732322,0,0,0,4,0.0012023895817948277,7,15
normal_201,0,15,0.00011634944287620546,0,0,0,4,0.0012023895817948277,7,15
normal_201,0,20,6.476624603713338e-05,0,0,0,4,0.0012023895817948277,7,15
normal_222,0,0,7.934527347716346e-05,0,0,0,4,0.0012023895817948277,7,15
normal_222,0,5,6.0892906228628894e-05,0,0,0,4,0.0012023895817948277,7,15
normal_222,0,10,6.712472765428637e-05,0,0,0,4,0.0012023895817948277,7,15
normal_222,0,15,6.668355812646744e-05,0,0,0,4,0.0012023895817948277,7,15
normal_222,0,20,0.0004415509722613518,0,0,0,4,0.0012023895817948277,7,15
normal_222,0,25,6.753281262352801e-05,0,0,0,4,0.0012023895817948277,7,15
normal_222,0,30,6.304796611490757e-05,0,0,0,4,0.0012023895817948277,7,15
normal_222,0,35,6.804775537043773e-05,0,0,0,4,0.0012023895817948277,7,15
normal_222,0,40,0.00010729228693512272,0,0,0,4,0.0012023895817948277,7,15
normal_230,0,0,7.741667169479724e-05,0,0,0,4,0.0012023895817948277,7,15
normal_230,0,5,0.00024029050440739066,0,0,0,4,0.0012023895817948277,7,15
normal_230,0,10,8.057463944691705e-05,0,0,0,4,0.0012023895817948277,7,15
normal_230,0,15,6.797265746621537e-05,0,0,0,4,0.0012023895817948277,7,15
normal_230,0,20,6.625660854147575e-05,0,0,0,4,0.0012023895817948277,7,15
normal_230,0,25,6.300073996639233e-05,0,0,0,4,0.0012023895817948277,7,15
normal_230,0,30,6.949063219218071e-05,0,0,0,4,0.0012023895817948277,7,15
normal_234,0,0,7.127264927111789e-05,0,0,0,4,0.0012023895817948277,7,15
normal_234,0,5,9.170260008981989e-05,0,0,0,4,0.0012023895817948277,7,15
normal_234,0,10,8.714038101405221e-05,0,0,0,4,0.0012023895817948277,7,15
normal_234,0,15,0.00048278801221464076,0,0,0,4,0.0012023895817948277,7,15
normal_234,0,20,0.0005439674346296828,0,0,0,4,0.0012023895817948277,7,15
normal_234,0,25,8.102595752231096e-05,0,0,0,4,0.0012023895817948277,7,15
normal_234,0,30,6.620350659639598e-05,0,0,0,4,0.0012023895817948277,7,15
normal_234,0,35,0.00014516320833883386,0,0,0,4,0.0012023895817948277,7,15
normal_234,0,40,0.0012413606954067714,1,1,0,4,0.0012023895817948277,7,15
normal_240,0,0,6.700404962843072e-05,0,0,0,4,0.0012023895817948277,7,15
normal_240,0,5,8.732843863580095e-05,0,0,0,4,0.0012023895817948277,7,15
normal_240,0,10,8.700980179910585e-05,0,0,0,4,0.0012023895817948277,7,15
normal_240,0,15,9.10700623849442e-05,0,0,0,4,0.0012023895817948277,7,15
normal_240,0,20,0.00013720360777429492,0,0,0,4,0.0012023895817948277,7,15
normal_240,0,25,0.00014447055875622863,0,0,0,4,0.0012023895817948277,7,15
normal_240,0,30,6.823605891497671e-05,0,0,0,4,0.0012023895817948277,7,15
normal_240,0,35,8.581644775348429e-05,0,0,0,4,0.0012023895817948277,7,15
normal_240,0,40,9.332633089436396e-05,0,0,0,4,0.0012023895817948277,7,15
normal_242,0,0,0.00010712596264779933,0,0,0,4,0.0012023895817948277,7,15
normal_242,0,5,0.00012920842547544536,0,0,0,4,0.0012023895817948277,7,15
normal_242,0,10,6.638005036074449e-05,0,0,0,4,0.0012023895817948277,7,15
normal_242,0,15,6.934733761740761e-05,0,0,0,4,0.0012023895817948277,7,15
normal_242,0,20,0.00015800557768909645,0,0,0,4,0.0012023895817948277,7,15
normal_242,0,25,9.674148911743465e-05,0,0,0,4,0.0012023895817948277,7,15
normal_242,0,30,7.201729185271852e-05,0,0,0,4,0.0012023895817948277,7,15
normal_252,0,0,0.00012613975611527778,0,0,0,4,0.0012023895817948277,7,15
normal_252,0,5,8.601560500528516e-05,0,0,0,4,0.0012023895817948277,7,15
normal_252,0,10,7.17325692676577e-05,0,0,0,4,0.0012023895817948277,7,15
normal_252,0,15,6.712472765428637e-05,0,0,0,4,0.0012023895817948277,7,15
normal_252,0,20,0.0001415219954085632,0,0,0,4,0.0012023895817948277,7,15
normal_252,0,25,6.830856581599209e-05,0,0,0,4,0.0012023895817948277,7,15
normal_252,0,30,7.870997983828227e-05,0,0,0,4,0.0012023895817948277,7,15
normal_252,0,35,6.372782938588527e-05,0,0,0,4,0.0012023895817948277,7,15
normal_252,0,40,6.804775537043773e-05,0,0,0,4,0.0012023895817948277,7,15
normal_253,0,0,0.0013491671175781667,1,1,0,4,0.0012023895817948277,7,15
normal_253,0,5,6.467705284264609e-05,0,0,0,4,0.0012023895817948277,7,15
normal_253,0,10,6.700404962843072e-05,0,0,0,4,0.0012023895817948277,7,15
normal_253,0,15,9.472166075649355e-05,0,0,0,4,0.0012023895817948277,7,15
normal_253,0,20,8.524862521832815e-05,0,0,0,4,0.0012023895817948277,7,15
normal_253,0,25,8.133600467542722e-05,0,0,0,4,0.0012023895817948277,7,15
normal_253,0,30,7.869694325739982e-05,0,0,0,4,0.0012023895817948277,7,15
normal_253,0,35,8.102595752231096e-05,0,0,0,4,0.0012023895817948277,7,15
normal_253,0,40,9.179471843175996e-05,0,0,0,4,0.0012023895817948277,7,15
normal_272,0,0,6.693936143391978e-05,0,0,0,4,0.0012023895817948277,7,15
normal_272,0,5,6.625660854147575e-05,0,0,0,4,0.0012023895817948277,7,15
normal_272,0,10,6.203338399726971e-05,0,0,0,4,0.0012023895817948277,7,15
normal_272,0,15,7.201729185271852e-05,0,0,0,4,0.0012023895817948277,7,15
normal_272,0,20,7.279370856243294e-05,0,0,0,4,0.0012023895817948277,7,15
normal_272,0,25,0.0001102651891117867,0,0,0,4,0.0012023895817948277,7,15
normal_272,0,30,9.44648593951559e-05,0,0,0,4,0.0012023895817948277,7,15
normal_272,0,35,6.931658115574154e-05,0,0,0,4,0.0012023895817948277,7,15
normal_272,0,40,0.00012273265272856428,0,0,0,4,0.0012023895817948277,7,15
normal_274,0,0,0.00011564786101910765,0,0,0,4,0.0012023895817948277,7,15
normal_274,0,5,6.476624603713338e-05,0,0,0,4,0.0012023895817948277,7,15
normal_274,0,10,7.630689346867102e-05,0,0,0,4,0.0012023895817948277,7,15
normal_274,0,15,0.00014411312186677098,0,0,0,4,0.0012023895817948277,7,15
normal_274,0,20,0.00014029732107770452,0,0,0,4,0.0012023895817948277,7,15
normal_274,0,25,6.09604042589901e-05,0,0,0,4,0.0012023895817948277,7,15
normal_274,0,30,0.0001074209044743666,0,0,0,4,0.0012023895817948277,7,15
normal_274,0,35,7.69123641088937e-05,0,0,0,4,0.0012023895817948277,7,15
normal_275,0,0,0.0002656193142591258,0,0,0,4,0.0012023895817948277,7,15
normal_275,0,5,8.102595752231096e-05,0,0,0,4,0.0012023895817948277,7,15
normal_275,0,10,7.053368357836292e-05,0,0,0,4,0.0012023895817948277,7,15
normal_275,0,15,7.618859901595608e-05,0,0,0,4,0.0012023895817948277,7,15
normal_275,0,20,0.0001066868834470657,0,0,0,4,0.0012023895817948277,7,15
normal_275,0,25,6.476624603713338e-05,0,0,0,4,0.0012023895817948277,7,15
normal_275,0,30,0.0001128394537953151,0,0,0,4,0.0012023895817948277,7,15
normal_275,0,35,0.0009751752269140357,0,0,0,4,0.0012023895817948277,7,15
normal_275,0,40,0.00016880498006491466,0,0,0,4,0.0012023895817948277,7,15
normal_276,0,0,7.778292517851616e-05,0,0,0,4,0.0012023895817948277,7,15
normal_276,0,5,8.958242742896658e-05,0,0,0,4,0.0012023895817948277,7,15
normal_276,0,10,0.00011656841648908186,0,0,0,4,0.0012023895817948277,7,15
normal_276,0,15,7.61177707228135e-05,0,0,0,4,0.0012023895817948277,7,15
normal_276,0,20,0.00010830939456299536,0,0,0,4,0.0012023895817948277,7,15
normal_276,0,25,0.00010970020488235186,0,0,0,4,0.0012023895817948277,7,15
normal_276,0,30,8.253886569362836e-05,0,0,0,4,0.0012023895817948277,7,15
normal_276,0,35,0.0001235006468927147,0,0,0,4,0.0012023895817948277,7,15
normal_278,0,0,7.618859901595608e-05,0,0,0,4,0.0012023895817948277,7,15
normal_278,0,5,8.102595752231096e-05,0,0,0,4,0.0012023895817948277,7,15
normal_278,0,10,6.814159663136033e-05,0,0,0,4,0.0012023895817948277,7,15
normal_284,0,0,8.33656108792786e-05,0,0,0,4,0.0012023895817948277,7,15
normal_284,0,5,0.000127524379352183,0,0,0,4,0.0012023895817948277,7,15
normal_284,0,10,9.567974071723385e-05,0,0,0,4,0.0012023895817948277,7,15
normal_295,0,0,7.630689346867102e-05,0,0,0,4,0.0012023895817948277,7,15
normal_295,0,5,0.00010134422493925147,0,0,0,4,0.0012023895817948277,7,15
normal_295,0,10,8.39244692659953e-05,0,0,0,4,0.0012023895817948277,7,15
normal_295,0,15,7.049601712770726e-05,0,0,0,4,0.0012023895817948277,7,15
normal_295,0,20,7.377946207696167e-05,0,0,0,4,0.0012023895817948277,7,15
normal_295,0,25,8.102595752231096e-05,0,0,0,4,0.0012023895817948277,7,15
normal_295,0,30,8.419735971665508e-05,0,0,0,4,0.0012023895817948277,7,15
normal_307,0,0,7.619254691748894e-05,0,0,0,4,0.0012023895817948277,7,15
normal_307,0,5,0.00011921417216537197,0,0,0,4,0.0012023895817948277,7,15
normal_307,0,10,0.0002310957379743412,0,0,0,4,0.0012023895817948277,7,15
normal_307,0,15,7.816311594148856e-05,0,0,0,4,0.0012023895817948277,7,15
normal_307,0,20,7.620849675914083e-05,0,0,0,4,0.0012023895817948277,7,15
normal_307,0,25,8.524862521832815e-05,0,0,0,4,0.0012023895817948277,7,15
normal_326,0,0,7.729029144725531e-05,0,0,0,4,0.0012023895817948277,7,15
normal_326,0,5,0.00014255714954337987,0,0,0,4,0.0012023895817948277,7,15
normal_326,0,10,7.984906389756889e-05,0,0,0,4,0.0012023895817948277,7,15
normal_326,0,15,6.971209983387646e-05,0,0,0,4,0.0012023895817948277,7,15
normal_326,0,20,0.00017299912143976784,0,0,0,4,0.0012023895817948277,7,15
normal_329,0,0,6.856946610308885e-05,0,0,0,4,0.0012023895817948277,7,15
normal_329,0,5,8.344411225991153e-05,0,0,0,4,0.0012023895817948277,7,15
normal_329,0,10,8.175494917797322e-05,0,0,0,4,0.0012023895817948277,7,15
normal_329,0,15,6.726232573811998e-05,0,0,0,4,0.0012023895817948277,7,15
normal_329,0,20,7.019913858958743e-05,0,0,0,4,0.0012023895817948277,7,15
normal_329,0,25,6.300073996639233e-05,0,0,0,4,0.0012023895817948277,7,15
normal_329,0,30,6.769872594909136e-05,0,0,0,4,0.0012023895817948277,7,15
normal_329,0,35,0.00010825060257042874,0,0,0,4,0.0012023895817948277,7,15
normal_329,0,40,0.00010614354938181957,0,0,0,4,0.0012023895817948277,7,15
normal_339,0,0,0.00021134018173523807,0,0,0,4,0.0012023895817948277,7,15
normal_339,0,5,6.954172544400926e-05,0,0,0,4,0.0012023895817948277,7,15
normal_339,0,10,7.608071225597405e-05,0,0,0,4,0.0012023895817948277,7,15
normal_341,0,0,0.00012439498239699478,0,0,0,4,0.0012023895817948277,7,15
normal_341,0,5,0.0001845623805434807,0,0,0,4,0.0012023895817948277,7,15
normal_341,0,10,8.816482837603785e-05,0,0,0,4,0.0012023895817948277,7,15
normal_341,0,15,6.814159663136033e-05,0,0,0,4,0.0012023895817948277,7,15
normal_341,0,20,9.264131074919308e-05,0,0,0,4,0.0012023895817948277,7,15
normal_341,0,25,0.0005254995752455819,0,0,0,4,0.0012023895817948277,7,15
normal_341,0,30,0.00018790189206363203,0,0,0,4,0.0012023895817948277,7,15
normal_341,0,35,0.00010321241604871704,0,0,0,4,0.0012023895817948277,7,15
normal_341,0,40,0.00013424955140177856,0,0,0,4,0.0012023895817948277,7,15
normal_343,0,0,6.931658115574154e-05,0,0,0,4,0.0012023895817948277,7,15
normal_343,0,5,6.863976234939165e-05,0,0,0,4,0.0012023895817948277,7,15
normal_343,0,10,0.0017138815267563753,1,1,0,4,0.0012023895817948277,7,15
normal_343,0,15,6.76376685530818e-05,0,0,0,4,0.0012023895817948277,7,15
normal_343,0,20,8.072955011359723e-05,0,0,0,4,0.0012023895817948277,7,15
normal_343,0,25,8.153751781014328e-05,0,0,0,4,0.0012023895817948277,7,15
normal_343,0,30,0.000147109119693684,0,0,0,4,0.0012023895817948277,7,15
normal_343,0,35,6.62982962273405e-05,0,0,0,4,0.0012023895817948277,7,15
normal_344,0,0,0.00012333951347628507,0,0,0,4,0.0012023895817948277,7,15
normal_344,0,5,0.00015425562972864554,0,0,0,4,0.0012023895817948277,7,15
normal_344,0,10,0.00013042081937559167,0,0,0,4,0.0012023895817948277,7,15
normal_344,0,15,6.466919212919878e-05,0,0,0,4,0.0012023895817948277,7,15
normal_344,0,20,7.62320050616014e-05,0,0,0,4,0.0012023895817948277,7,15
normal_375,0,0,9.643382501523141e-05,0,0,0,4,0.0012023895817948277,7,15
normal_375,0,5,0.0003650485148686219,0,0,0,4,0.0012023895817948277,7,15
normal_375,0,10,0.0012108128645264222,1,1,0,4,0.0012023895817948277,7,15
normal_375,0,15,7.132460134047214e-05,0,0,0,4,0.0012023895817948277,7,15
normal_375,0,20,6.849096701876966e-05,0,0,0,4,0.0012023895817948277,7,15
normal_396,0,0,7.201729185271852e-05,0,0,0,4,0.0012023895817948277,7,15
normal_396,0,5,6.951386948215386e-05,0,0,0,4,0.0012023895817948277,7,15
normal_396,0,10,0.00010588235276376464,0,0,0,4,0.0012023895817948277,7,15
normal_396,0,15,7.621018623142257e-05,0,0,0,4,0.0012023895817948277,7,15
normal_396,0,20,6.931658115574154e-05,0,0,0,4,0.0012023895817948277,7,15
normal_396,0,25,0.00011144495059898616,0,0,0,4,0.0012023895817948277,7,15
normal_396,0,30,0.00015175902155077373,0,0,0,4,0.0012023895817948277,7,15
normal_396,0,35,6.928291201727358e-05,0,0,0,4,0.0012023895817948277,7,15
normal_396,0,40,0.00021226897839315688,0,0,0,4,0.0012023895817948277,7,15
normal_399,0,0,7.236557659216825e-05,0,0,0,4,0.0012023895817948277,7,15
normal_399,0,5,6.324564780588007e-05,0,0,0,4,0.0012023895817948277,7,15
normal_399,0,10,8.344411225991153e-05,0,0,0,4,0.0012023895817948277,7,15
normal_431,0,0,8.304487739704242e-05,0,0,0,4,0.0012023895817948277,7,15
normal_431,0,5,6.15457149344193e-05,0,0,0,4,0.0012023895817948277,7,15
normal_431,0,10,7.435805464707724e-05,0,0,0,4,0.0012023895817948277,7,15
normal_431,0,15,6.297099187293378e-05,0,0,0,4,0.0012023895817948277,7,15
normal_445,0,0,8.265285600608003e-05,0,0,0,4,0.0012023895817948277,7,15
normal_445,0,5,6.638005036074449e-05,0,0,0,4,0.0012023895817948277,7,15
normal_445,0,10,6.931658115574154e-05,0,0,0,4,0.0012023895817948277,7,15
normal_445,0,15,8.211061967973304e-05,0,0,0,4,0.0012023895817948277,7,15
normal_445,0,20,6.084360728495639e-05,0,0,0,4,0.0012023895817948277,7,15
normal_445,0,25,6.76376685530818e-05,0,0,0,4,0.0012023895817948277,7,15
normal_445,0,30,7.832386987545192e-05,0,0,0,4,0.0012023895817948277,7,15
normal_445,0,35,9.651105842689018e-05,0,0,0,4,0.0012023895817948277,7,15
normal_445,0,40,0.00011436760502396159,0,0,0,4,0.0012023895817948277,7,15
normal_448,0,0,6.638005036074449e-05,0,0,0,4,0.0012023895817948277,7,15
normal_448,0,5,0.0001311923007586141,0,0,0,4,0.0012023895817948277,7,15
normal_448,0,10,0.00010274964792042066,0,0,0,4,0.0012023895817948277,7,15
normal_457,0,0,7.377946207696167e-05,0,0,0,4,0.0012023895817948277,7,15
normal_457,0,5,8.102595752231096e-05,0,0,0,4,0.0012023895817948277,7,15
normal_457,0,10,9.657854588628592e-05,0,0,0,4,0.0012023895817948277,7,15
normal_457,0,15,8.75033939540119e-05,0,0,0,4,0.0012023895817948277,7,15
normal_457,0,20,0.0003199658900970006,0,0,0,4,0.0012023895817948277,7,15
normal_457,0,25,6.485602949517807e-05,0,0,0,4,0.0012023895817948277,7,15
normal_470,0,0,5.788291728289644e-05,0,0,0,4,0.0012023895817948277,7,15
normal_470,0,5,7.766328577935976e-05,0,0,0,4,0.0012023895817948277,7,15
normal_470,0,10,0.00010631869043094693,0,0,0,4,0.0012023895817948277,7,15
normal_470,0,15,8.244514397248996e-05,0,0,0,4,0.0012023895817948277,7,15
normal_470,0,20,6.877744301143321e-05,0,0,0,4,0.0012023895817948277,7,15
normal_470,0,25,9.597515343041872e-05,0,0,0,4,0.0012023895817948277,7,15
normal_486,0,0,6.803948501674506e-05,0,0,0,4,0.0012023895817948277,7,15
normal_486,0,5,7.630689346867102e-05,0,0,0,4,0.0012023895817948277,7,15
normal_486,0,10,9.170260008981989e-05,0,0,0,4,0.0012023895817948277,7,15
normal_486,0,15,7.97673864928442e-05,0,0,0,4,0.0012023895817948277,7,15
normal_486,0,20,7.049601712770726e-05,0,0,0,4,0.0012023895817948277,7,15
normal_486,0,25,7.620849675914083e-05,0,0,0,4,0.0012023895817948277,7,15
normal_486,0,30,8.102595752231096e-05,0,0,0,4,0.0012023895817948277,7,15
normal_487,0,0,0.00044489631595734906,0,0,0,4,0.0012023895817948277,7,15
normal_487,0,5,6.964579233334271e-05,0,0,0,4,0.0012023895817948277,7,15
normal_487,0,10,8.568785227270293e-05,0,0,0,4,0.0012023895817948277,7,15
normal_487,0,15,9.170260008981989e-05,0,0,0,4,0.0012023895817948277,7,15
normal_487,0,20,0.00010744680179501287,0,0,0,4,0.0012023895817948277,7,15
normal_487,0,25,7.816311594148856e-05,0,0,0,4,0.0012023895817948277,7,15
normal_487,0,30,7.609429764507267e-05,0,0,0,4,0.0012023895817948277,7,15
normal_498,0,0,8.102595752231096e-05,0,0,0,4,0.0012023895817948277,7,15
normal_498,0,5,6.476624603713338e-05,0,0,0,4,0.0012023895817948277,7,15
normal_498,0,10,0.00015453264094090113,0,0,0,4,0.0012023895817948277,7,15
normal_498,0,15,0.0003603356998013065,0,0,0,4,0.0012023895817948277,7,15
normal_498,0,20,0.0001816733570108367,0,0,0,4,0.0012023895817948277,7,15
normal_498,0,25,7.63768343216521e-05,0,0,0,4,0.0012023895817948277,7,15
normal_498,0,30,9.170260008981989e-05,0,0,0,4,0.0012023895817948277,7,15
normal_498,0,35,8.102595752231096e-05,0,0,0,4,0.0012023895817948277,7,15
normal_498,0,40,0.0003111362714959534,0,0,0,4,0.0012023895817948277,7,15
normal_500,0,0,7.62320050616014e-05,0,0,0,4,0.0012023895817948277,7,15
normal_500,0,5,0.0005003174144781719,0,0,0,4,0.0012023895817948277,7,15
normal_500,0,10,0.0001114142239671527,0,0,0,4,0.0012023895817948277,7,15
normal_500,0,15,7.630689346867102e-05,0,0,0,4,0.0012023895817948277,7,15
normal_500,0,20,9.170260008981989e-05,0,0,0,4,0.0012023895817948277,7,15
normal_500,0,25,0.0001108834914199431,0,0,0,4,0.0012023895817948277,7,15
normal_500,0,30,0.0003175626457312289,0,0,0,4,0.0012023895817948277,7,15
normal_500,0,35,0.00035608860616631095,0,0,0,4,0.0012023895817948277,7,15
normal_500,0,40,7.74608701318332e-05,0,0,0,4,0.0012023895817948277,7,15
normal_502,0,0,8.39244692659953e-05,0,0,0,4,0.0012023895817948277,7,15
normal_502,0,5,6.700404962843072e-05,0,0,0,4,0.0012023895817948277,7,15
normal_502,0,10,9.170260008981989e-05,0,0,0,4,0.0012023895817948277,7,15
normal_505,0,0,8.102595752231096e-05,0,0,0,4,0.0012023895817948277,7,15
normal_505,0,5,6.814159663136033e-05,0,0,0,4,0.0012023895817948277,7,15
normal_505,0,10,8.573222736760352e-05,0,0,0,4,0.0012023895817948277,7,15
normal_505,0,15,0.000313931576095495,0,0,0,4,0.0012023895817948277,7,15
normal_505,0,20,9.192196718667385e-05,0,0,0,4,0.0012023895817948277,7,15
normal_505,0,25,0.00012144634086210479,0,0,0,4,0.0012023895817948277,7,15
normal_505,0,30,9.457972212462167e-05,0,0,0,4,0.0012023895817948277,7,15
normal_505,0,35,8.39396888490705e-05,0,0,0,4,0.0012023895817948277,7,15
normal_505,0,40,7.657864417104693e-05,0,0,0,4,0.0012023895817948277,7,15
normal_506,0,0,6.429742185356561e-05,0,0,0,4,0.0012023895817948277,7,15
normal_506,0,5,6.700404962843072e-05,0,0,0,4,0.0012023895817948277,7,15
normal_506,0,10,0.00012997078321810027,0,0,0,4,0.0012023895817948277,7,15
normal_506,0,15,8.700980179910585e-05,0,0,0,4,0.0012023895817948277,7,15
normal_506,0,20,0.0002158682467883517,0,0,0,4,0.0012023895817948277,7,15
normal_506,0,25,7.618859901595608e-05,0,0,0,4,0.0012023895817948277,7,15
normal_506,0,30,8.102595752231096e-05,0,0,0,4,0.0012023895817948277,7,15
normal_506,0,35,9.179471843175996e-05,0,0,0,4,0.0012023895817948277,7,15
normal_506,0,40,8.560375807980844e-05,0,0,0,4,0.0012023895817948277,7,15
normal_513,0,0,7.441240288653451e-05,0,0,0,4,0.0012023895817948277,7,15
normal_513,0,5,7.869694325739982e-05,0,0,0,4,0.0012023895817948277,7,15
normal_513,0,10,8.102595752231096e-05,0,0,0,4,0.0012023895817948277,7,15
normal_513,0,15,6.476624603713338e-05,0,0,0,4,0.0012023895817948277,7,15
normal_525,0,0,8.071909195793756e-05,0,0,0,4,0.0012023895817948277,7,15
normal_525,0,5,8.512088054409738e-05,0,0,0,4,0.0012023895817948277,7,15
normal_525,0,10,6.476624603713338e-05,0,0,0,4,0.0012023895817948277,7,15
normal_525,0,15,8.573222736760352e-05,0,0,0,4,0.0012023895817948277,7,15
normal_525,0,20,0.000313931576095495,0,0,0,4,0.0012023895817948277,7,15
normal_525,0,25,6.467705284264609e-05,0,0,0,4,0.0012023895817948277,7,15
normal_525,0,30,8.556208168913695e-05,0,0,0,4,0.0012023895817948277,7,15
normal_525,0,35,9.472166075649355e-05,0,0,0,4,0.0012023895817948277,7,15
normal_525,0,40,8.524862521832815e-05,0,0,0,4,0.0012023895817948277,7,15
normal_527,0,0,0.000126227535295427,0,0,0,4,0.0012023895817948277,7,15
normal_527,0,5,0.0003125010626124478,0,0,0,4,0.0012023895817948277,7,15
normal_527,0,10,6.467705284264609e-05,0,0,0,4,0.0012023895817948277,7,15
normal_527,0,15,6.965760709302547e-05,0,0,0,4,0.0012023895817948277,7,15
normal_527,0,20,9.457972212462167e-05,0,0,0,4,0.0012023895817948277,7,15
normal_527,0,25,0.0001391904415597466,0,0,0,4,0.0012023895817948277,7,15
normal_527,0,30,7.072645386849841e-05,0,0,0,4,0.0012023895817948277,7,15
normal_527,0,35,7.574140451793964e-05,0,0,0,4,0.0012023895817948277,7,15
normal_532,0,0,7.574140451793964e-05,0,0,0,4,0.0012023895817948277,7,15
normal_532,0,5,8.102595752231096e-05,0,0,0,4,0.0012023895817948277,7,15
normal_532,0,10,9.179471843175996e-05,0,0,0,4,0.0012023895817948277,7,15
normal_532,0,15,8.560375807980844e-05,0,0,0,4,0.0012023895817948277,7,15
normal_532,0,20,0.00031346125849350575,0,0,0,4,0.0012023895817948277,7,15
normal_532,0,25,6.467705284264609e-05,0,0,0,4,0.0012023895817948277,7,15
normal_532,0,30,6.965760709302547e-05,0,0,0,4,0.0012023895817948277,7,15
normal_532,0,35,9.472166075649355e-05,0,0,0,4,0.0012023895817948277,7,15
normal_532,0,40,0.00029343995582638456,0,0,0,4,0.0012023895817948277,7,15
normal_535,0,0,0.00014605012466441144,0,0,0,4,0.0012023895817948277,7,15
normal_535,0,5,6.803948501674506e-05,0,0,0,4,0.0012023895817948277,7,15
normal_535,0,10,0.00012902853844883508,0,0,0,4,0.0012023895817948277,7,15
normal_535,0,15,0.0005125003724020818,0,0,0,4,0.0012023895817948277,7,15
normal_537,0,0,6.467705284264609e-05,0,0,0,4,0.0012023895817948277,7,15
normal_537,0,5,6.965760709302547e-05,0,0,0,4,0.0012023895817948277,7,15
normal_537,0,10,9.170260008981989e-05,0,0,0,4,0.0012023895817948277,7,15
normal_537,0,15,8.102595752231096e-05,0,0,0,4,0.0012023895817948277,7,15
normal_537,0,20,7.083259771957288e-05,0,0,0,4,0.0012023895817948277,7,15
normal_537,0,25,7.776261639014126e-05,0,0,0,4,0.0012023895817948277,7,15
normal_537,0,30,8.090453998429268e-05,0,0,0,4,0.0012023895817948277,7,15
normal_537,0,35,6.814159663136033e-05,0,0,0,4,0.0012023895817948277,7,15
normal_537,0,40,7.62320050616014e-05,0,0,0,4,0.0012023895817948277,7,15
normal_543,0,0,0.00010782156332871292,0,0,0,4,0.0012023895817948277,7,15
normal_543,0,5,0.0001391904415597466,0,0,0,4,0.0012023895817948277,7,15
normal_543,0,10,6.476624603713338e-05,0,0,0,4,0.0012023895817948277,7,15
normal_543,0,15,7.632815537676682e-05,0,0,0,4,0.0012023895817948277,7,15
normal_543,0,20,0.00044309354305956003,0,0,0,4,0.0012023895817948277,7,15
normal_543,0,25,8.379870866709998e-05,0,0,0,4,0.0012023895817948277,7,15
normal_543,0,30,7.049601712770726e-05,0,0,0,4,0.0012023895817948277,7,15
normal_543,0,35,9.170260008981989e-05,0,0,0,4,0.0012023895817948277,7,15
normal_543,0,40,8.102595752231096e-05,0,0,0,4,0.0012023895817948277,7,15
normal_544,0,0,6.930018828689826e-05,0,0,0,4,0.0012023895817948277,7,15
normal_544,0,5,9.170260008981989e-05,0,0,0,4,0.0012023895817948277,7,15
normal_544,0,10,8.102595752231096e-05,0,0,0,4,0.0012023895817948277,7,15
normal_544,0,15,7.452407807197295e-05,0,0,0,4,0.0012023895817948277,7,15
normal_544,0,20,7.618859901595608e-05,0,0,0,4,0.0012023895817948277,7,15
normal_544,0,25,8.102595752231096e-05,0,0,0,4,0.0012023895817948277,7,15
normal_544,0,30,6.476624603713338e-05,0,0,0,4,0.0012023895817948277,7,15
normal_544,0,35,0.00012150923192463515,0,0,0,4,0.0012023895817948277,7,15
normal_544,0,40,0.00030333176210718124,0,0,0,4,0.0012023895817948277,7,15
normal_558,0,0,9.170260008981989e-05,0,0,0,4,0.0012023895817948277,7,15
normal_558,0,5,8.102595752231096e-05,0,0,0,4,0.0012023895817948277,7,15
normal_558,0,10,7.083259771957288e-05,0,0,0,4,0.0012023895817948277,7,15
normal_558,0,15,7.618859901595608e-05,0,0,0,4,0.0012023895817948277,7,15
normal_558,0,20,8.102595752231096e-05,0,0,0,4,0.0012023895817948277,7,15
normal_558,0,25,9.179471843175996e-05,0,0,0,4,0.0012023895817948277,7,15
normal_558,0,30,0.00010801905623833706,0,0,0,4,0.0012023895817948277,7,15
normal_558,0,35,0.00017402605995302733,0,0,0,4,0.0012023895817948277,7,15
normal_563,0,0,7.229118687041391e-05,0,0,0,4,0.0012023895817948277,7,15
normal_563,0,5,7.62320050616014e-05,0,0,0,4,0.0012023895817948277,7,15
normal_563,0,10,0.00011652404817510798,0,0,0,4,0.0012023895817948277,7,15
normal_563,0,15,6.814159663136033e-05,0,0,0,4,0.0012023895817948277,7,15
normal_563,0,20,7.630689346867102e-05,0,0,0,4,0.0012023895817948277,7,15
normal_563,0,25,0.00010123406649852685,0,0,0,4,0.0012023895817948277,7,15
normal_563,0,30,7.97673864928442e-05,0,0,0,4,0.0012023895817948277,7,15
normal_563,0,35,7.786779131635712e-05,0,0,0,4,0.0012023895817948277,7,15
normal_563,0,40,0.00011469570491863847,0,0,0,4,0.0012023895817948277,7,15
normal_570,0,0,0.00010757242309803441,0,0,0,4,0.0012023895817948277,7,15
normal_570,0,5,0.0002470670920866935,0,0,0,4,0.0012023895817948277,7,15
normal_570,0,10,8.016156860059626e-05,0,0,0,4,0.0012023895817948277,7,15
normal_570,0,15,0.00013284652674333747,0,0,0,4,0.0012023895817948277,7,15
normal_570,0,20,9.829975829098876e-05,0,0,0,4,0.0012023895817948277,7,15
normal_570,0,25,0.00022662543063189691,0,0,0,4,0.0012023895817948277,7,15
normal_570,0,30,8.854223972826242e-05,0,0,0,4,0.0012023895817948277,7,15
normal_572,0,0,9.474014137078637e-05,0,0,0,4,0.0012023895817948277,7,15
normal_572,0,5,8.176977535384173e-05,0,0,0,4,0.0012023895817948277,7,15
normal_572,0,10,0.0001061538997027429,0,0,0,4,0.0012023895817948277,7,15
normal_572,0,15,7.019913858958743e-05,0,0,0,4,0.0012023895817948277,7,15
normal_572,0,20,6.232863297055301e-05,0,0,0,4,0.0012023895817948277,7,15
normal_585,0,0,8.016156860059626e-05,0,0,0,4,0.0012023895817948277,7,15
normal_585,0,5,9.216833174815117e-05,0,0,0,4,0.0012023895817948277,7,15
normal_585,0,10,8.763471385823633e-05,0,0,0,4,0.0012023895817948277,7,15
normal_585,0,15,0.00022465275074854186,0,0,0,4,0.0012023895817948277,7,15
normal_587,0,0,7.019913858958743e-05,0,0,0,4,0.0012023895817948277,7,15
normal_587,0,5,6.203338399726971e-05,0,0,0,4,0.0012023895817948277,7,15
normal_587,0,10,8.230138794726564e-05,0,0,0,4,0.0012023895817948277,7,15
normal_587,0,15,5.982147139733314e-05,0,0,0,4,0.0012023895817948277,7,15
normal_587,0,20,9.590556427561045e-05,0,0,0,4,0.0012023895817948277,7,15
normal_587,0,25,8.206511999115417e-05,0,0,0,4,0.0012023895817948277,7,15
normal_587,0,30,7.871229762466228e-05,0,0,0,4,0.0012023895817948277,7,15
normal_587,0,35,0.00010945562535045552,0,0,0,4,0.0012023895817948277,7,15
normal_587,0,40,6.6288634854027e-05,0,0,0,4,0.0012023895817948277,7,15
normal_599,0,0,0.00010724589427757321,0,0,0,4,0.0012023895817948277,7,15
normal_599,0,5,0.0003530440519505973,0,0,0,4,0.0012023895817948277,7,15
normal_599,0,10,0.0001057581174935239,0,0,0,4,0.0012023895817948277,7,15
normal_599,0,15,8.74607928020479e-05,0,0,0,4,0.0012023895817948277,7,15
normal_599,0,20,0.0001350176112140357,0,0,0,4,0.0012023895817948277,7,15
normal_599,0,25,8.102595752231096e-05,0,0,0,4,0.0012023895817948277,7,15
normal_599,0,30,0.0002957278942265992,0,0,0,4,0.0012023895817948277,7,15
anomaly_8,1,0,0.9510574293279905,1,1,0,4,0.0012023895817948277,7,15
anomaly_8,1,5,0.9983136432108345,1,2,0,4,0.0012023895817948277,7,15
anomaly_8,1,10,0.9943891325938232,1,3,0,4,0.0012023895817948277,7,15
anomaly_8,1,15,0.9954230685657549,1,4,0,4,0.0012023895817948277,7,15
anomaly_8,1,20,0.9999059276790583,1,5,0,4,0.0012023895817948277,7,15
anomaly_8,1,25,0.9998862925295903,1,6,0,4,0.0012023895817948277,7,15
anomaly_8,1,30,0.9997055111443752,1,7,1,4,0.0012023895817948277,7,15
anomaly_17,1,0,0.9678314888135588,1,1,0,4,0.0012023895817948277,7,15
anomaly_17,1,5,0.9993999435148725,1,2,0,4,0.0012023895817948277,7,15
anomaly_17,1,10,0.9992277151601898,1,3,0,4,0.0012023895817948277,7,15
anomaly_17,1,15,0.9987259607936171,1,4,0,4,0.0012023895817948277,7,15
anomaly_17,1,20,0.9990683812393846,1,5,0,4,0.0012023895817948277,7,15
anomaly_17,1,25,0.9987259607936171,1,6,0,4,0.0012023895817948277,7,15
anomaly_17,1,30,0.9932364572752136,1,7,1,4,0.0012023895817948277,7,15
anomaly_17,1,35,0.9989866891607131,1,8,1,4,0.0012023895817948277,7,15
anomaly_17,1,40,0.9999348028188666,1,9,1,4,0.0012023895817948277,7,15
anomaly_18,1,0,0.9999272403862153,1,1,0,4,0.0012023895817948277,7,15
anomaly_18,1,5,0.9999194124866088,1,2,0,4,0.0012023895817948277,7,15
anomaly_18,1,10,0.9647375095411661,1,3,0,4,0.0012023895817948277,7,15
anomaly_18,1,15,0.9970128959662895,1,4,0,4,0.0012023895817948277,7,15
anomaly_18,1,20,0.9813247659776309,1,5,0,4,0.0012023895817948277,7,15
anomaly_18,1,25,0.999339325201405,1,6,0,4,0.0012023895817948277,7,15
normal_2,0,0,7.175377219803619e-05,0,0,0,5,0.0008094968481719391,5,9
normal_2,0,5,5.672208420251995e-05,0,0,0,5,0.0008094968481719391,5,9
normal_2,0,10,7.399764197955962e-05,0,0,0,5,0.0008094968481719391,5,9
normal_2,0,15,9.206789270151034e-05,0,0,0,5,0.0008094968481719391,5,9
normal_2,0,20,7.89226757031846e-05,0,0,0,5,0.0008094968481719391,5,9
normal_2,0,25,0.00013523796009808878,0,0,0,5,0.0008094968481719391,5,9
normal_12,0,0,5.7828927298730026e-05,0,0,0,5,0.0008094968481719391,5,9
normal_12,0,5,6.918960217836711e-05,0,0,0,5,0.0008094968481719391,5,9
normal_12,0,10,5.9357756636947827e-05,0,0,0,5,0.0008094968481719391,5,9
normal_12,0,15,5.838212822923396e-05,0,0,0,5,0.0008094968481719391,5,9
normal_12,0,20,6.225457802636732e-05,0,0,0,5,0.0008094968481719391,5,9
normal_12,0,25,0.00014785530198718625,0,0,0,5,0.0008094968481719391,5,9
normal_12,0,30,6.293972693773913e-05,0,0,0,5,0.0008094968481719391,5,9
normal_12,0,35,6.400206913772784e-05,0,0,0,5,0.0008094968481719391,5,9
normal_12,0,40,6.661906642483283e-05,0,0,0,5,0.0008094968481719391,5,9
normal_14,0,0,0.00010110095414617443,0,0,0,5,0.0008094968481719391,5,9
normal_14,0,5,5.528688323278849e-05,0,0,0,5,0.0008094968481719391,5,9
normal_14,0,10,6.052917903715583e-05,0,0,0,5,0.0008094968481719391,5,9
normal_14,0,15,6.287710030046212e-05,0,0,0,5,0.0008094968481719391,5,9
normal_16,0,0,6.601420609765188e-05,0,0,0,5,0.0008094968481719391,5,9
normal_16,0,5,5.872922088353965e-05,0,0,0,5,0.0008094968481719391,5,9
normal_16,0,10,7.36190718535498e-05,0,0,0,5,0.0008094968481719391,5,9
normal_16,0,15,5.718004887405417e-05,0,0,0,5,0.0008094968481719391,5,9
normal_16,0,20,5.7471179640822555e-05,0,0,0,5,0.0008094968481719391,5,9
normal_16,0,25,5.8356307042244015e-05,0,0,0,5,0.0008094968481719391,5,9
normal_16,0,30,6.400206913772784e-05,0,0,0,5,0.0008094968481719391,5,9
normal_16,0,35,8.50528644652781e-05,0,0,0,5,0.0008094968481719391,5,9
normal_16,0,40,6.54179462256636e-05,0,0,0,5,0.0008094968481719391,5,9
normal_23,0,0,6.201841435034505e-05,0,0,0,5,0.0008094968481719391,5,9
normal_23,0,5,6.285124506925157e-05,0,0,0,5,0.0008094968481719391,5,9
normal_23,0,10,6.37374282854679e-05,0,0,0,5,0.0008094968481719391,5,9
normal_23,0,15,6.189168570720026e-05,0,0,0,5,0.0008094968481719391,5,9
normal_23,0,20,6.53450243800515e-05,0,0,0,5,0.0008094968481719391,5,9
normal_23,0,25,6.069292837588152e-05,0,0,0,5,0.0008094968481719391,5,9
normal_23,0,30,7.495235364325347e-05,0,0,0,5,0.0008094968481719391,5,9
normal_23,0,35,0.00013166017384335583,0,0,0,5,0.0008094968481719391,5,9
normal_23,0,40,6.717746851030755e-05,0,0,0,5,0.0008094968481719391,5,9
normal_35,0,0,5.8454565450874844e-05,0,0,0,5,0.0008094968481719391,5,9
normal_35,0,5,5.6871595597179735e-05,0,0,0,5,0.0008094968481719391,5,9
normal_35,0,10,6.981515177329179e-05,0,0,0,5,0.0008094968481719391,5,9
normal_35,0,15,7.650443501841193e-05,0,0,0,5,0.0008094968481719391,5,9
normal_35,0,20,6.333277778409048e-05,0,0,0,5,0.0008094968481719391,5,9
normal_35,0,25,8.166570479392984e-05,0,0,0,5,0.0008094968481719391,5,9
normal_35,0,30,0.00013063569865022135,0,0,0,5,0.0008094968481719391,5,9
normal_35,0,35,8.480369951146791e-05,0,0,0,5,0.0008094968481719391,5,9
normal_35,0,40,5.9584201871912826e-05,0,0,0,5,0.0008094968481719391,5,9
normal_37,0,0,6.400538048852615e-05,0,0,0,5,0.0008094968481719391,5,9
normal_37,0,5,6.208317622306317e-05,0,0,0,5,0.0008094968481719391,5,9
normal_37,0,10,7.325234965469158e-05,0,0,0,5,0.0008094968481719391,5,9
normal_37,0,15,6.497100652244979e-05,0,0,0,5,0.0008094968481719391,5,9
normal_37,0,20,6.122337708413762e-05,0,0,0,5,0.0008094968481719391,5,9
normal_37,0,25,6.183110746270715e-05,0,0,0,5,0.0008094968481719391,5,9
normal_38,0,0,6.285638352016769e-05,0,0,0,5,0.0008094968481719391,5,9
normal_38,0,5,7.453887917407094e-05,0,0,0,5,0.0008094968481719391,5,9
normal_38,0,10,9.862828163977303e-05,0,0,0,5,0.0008094968481719391,5,9
normal_49,0,0,6.517165870989487e-05,0,0,0,5,0.0008094968481719391,5,9
normal_49,0,5,5.635995989196924e-05,0,0,0,5,0.0008094968481719391,5,9
normal_49,0,10,6.599040864477307e-05,0,0,0,5,0.0008094968481719391,5,9
normal_49,0,15,5.8866230582887536e-05,0,0,0,5,0.0008094968481719391,5,9
normal_49,0,20,9.508136634813677e-05,0,0,0,5,0.0008094968481719391,5,9
normal_49,0,25,9.64374464533062e-05,0,0,0,5,0.0008094968481719391,5,9
normal_49,0,30,0.0009260367580622811,1,1,0,5,0.0008094968481719391,5,9
normal_49,0,35,6.285124506925157e-05,0,0,0,5,0.0008094968481719391,5,9
normal_49,0,40,0.0003310949277514081,0,0,0,5,0.0008094968481719391,5,9
normal_50,0,0,6.410143674070528e-05,0,0,0,5,0.0008094968481719391,5,9
normal_50,0,5,0.00031835739641399073,0,0,0,5,0.0008094968481719391,5,9
normal_50,0,10,5.822553209626119e-05,0,0,0,5,0.0008094968481719391,5,9
normal_50,0,15,6.0804708081729145e-05,0,0,0,5,0.0008094968481719391,5,9
normal_50,0,20,0.0001045092455534132,0,0,0,5,0.0008094968481719391,5,9
normal_50,0,25,7.89811206805307e-05,0,0,0,5,0.0008094968481719391,5,9
normal_50,0,30,9.677672554702706e-05,0,0,0,5,0.0008094968481719391,5,9
normal_60,0,0,5.936118860119586e-05,0,0,0,5,0.0008094968481719391,5,9
normal_60,0,5,9.102225859066477e-05,0,0,0,5,0.0008094968481719391,5,9
normal_60,0,10,0.00014027706648032844,0,0,0,5,0.0008094968481719391,5,9
normal_60,0,15,5.7124526261772926e-05,0,0,0,5,0.0008094968481719391,5,9
normal_60,0,20,6.915431780979998e-05,0,0,0,5,0.0008094968481719391,5,9
normal_60,0,25,5.885460206843361e-05,0,0,0,5,0.0008094968481719391,5,9
normal_60,0,30,7.94137128476342e-05,0,0,0,5,0.0008094968481719391,5,9
normal_60,0,35,9.463642728347078e-05,0,0,0,5,0.0008094968481719391,5,9
normal_60,0,40,5.7187352809985186e-05,0,0,0,5,0.0008094968481719391,5,9
normal_64,0,0,6.637931546440798e-05,0,0,0,5,0.0008094968481719391,5,9
normal_64,0,5,5.6871595597179735e-05,0,0,0,5,0.0008094968481719391,5,9
normal_64,0,10,6.966801289821473e-05,0,0,0,5,0.0008094968481719391,5,9
normal_64,0,15,6.247008777686061e-05,0,0,0,5,0.0008094968481719391,5,9
normal_64,0,20,8.681817563361153e-05,0,0,0,5,0.0008094968481719391,5,9
normal_64,0,25,0.00015863810966900715,0,0,0,5,0.0008094968481719391,5,9
normal_64,0,30,6.168021382016348e-05,0,0,0,5,0.0008094968481719391,5,9
normal_64,0,35,5.8880436599683583e-05,0,0,0,5,0.0008094968481719391,5,9
normal_64,0,40,6.555035811919048e-05,0,0,0,5,0.0008094968481719391,5,9
normal_65,0,0,6.267018042971766e-05,0,0,0,5,0.0008094968481719391,5,9
normal_65,0,5,0.00011373740587608353,0,0,0,5,0.0008094968481719391,5,9
normal_65,0,10,0.007091904124885043,1,1,0,5,0.0008094968481719391,5,9
normal_65,0,15,6.189168570720026e-05,0,0,0,5,0.0008094968481719391,5,9
normal_65,0,20,7.040152232363105e-05,0,0,0,5,0.0008094968481719391,5,9
normal_65,0,25,6.407713763886724e-05,0,0,0,5,0.0008094968481719391,5,9
normal_65,0,30,7.459391878689946e-05,0,0,0,5,0.0008094968481719391,5,9
normal_65,0,35,5.8869616316573706e-05,0,0,0,5,0.0008094968481719391,5,9
normal_65,0,40,6.285638352016769e-05,0,0,0,5,0.0008094968481719391,5,9
normal_67,0,0,0.00011022960013785103,0,0,0,5,0.0008094968481719391,5,9
normal_67,0,5,4.7681398842298035e-05,0,0,0,5,0.0008094968481719391,5,9
normal_67,0,10,5.8464318851021156e-05,0,0,0,5,0.0008094968481719391,5,9
normal_67,0,15,6.659873881637112e-05,0,0,0,5,0.0008094968481719391,5,9
normal_67,0,20,6.521271157492271e-05,0,0,0,5,0.0008094968481719391,5,9
normal_67,0,25,6.355819472702299e-05,0,0,0,5,0.0008094968481719391,5,9
normal_67,0,30,5.454287013825697e-05,0,0,0,5,0.0008094968481719391,5,9
normal_67,0,35,7.358792638576039e-05,0,0,0,5,0.0008094968481719391,5,9
normal_67,0,40,8.56487023180817e-05,0,0,0,5,0.0008094968481719391,5,9
normal_74,0,0,7.515729222391045e-05,0,0,0,5,0.0008094968481719391,5,9
normal_74,0,5,6.156217964216093e-05,0,0,0,5,0.0008094968481719391,5,9
normal_74,0,10,9.68783842897691e-05,0,0,0,5,0.0008094968481719391,5,9
normal_74,0,15,5.6226036359070404e-05,0,0,0,5,0.0008094968481719391,5,9
normal_74,0,20,6.347543823444753e-05,0,0,0,5,0.0008094968481719391,5,9
normal_74,0,25,6.78723519487546e-05,0,0,0,5,0.0008094968481719391,5,9
normal_74,0,30,5.6871595597179735e-05,0,0,0,5,0.0008094968481719391,5,9
normal_74,0,35,7.652835879245844e-05,0,0,0,5,0.0008094968481719391,5,9
normal_74,0,40,0.00045548139206403156,0,0,0,5,0.0008094968481719391,5,9
normal_91,0,0,6.14221235645343e-05,0,0,0,5,0.0008094968481719391,5,9
normal_91,0,5,5.840729668701535e-05,0,0,0,5,0.0008094968481719391,5,9
normal_91,0,10,6.558843568996294e-05,0,0,0,5,0.0008094968481719391,5,9
normal_91,0,15,6.175804753753923e-05,0,0,0,5,0.0008094968481719391,5,9
normal_91,0,20,9.056692898608309e-05,0,0,0,5,0.0008094968481719391,5,9
normal_91,0,25,5.528688323278849e-05,0,0,0,5,0.0008094968481719391,5,9
normal_91,0,30,6.395454245020128e-05,0,0,0,5,0.0008094968481719391,5,9
normal_91,0,35,8.189210622794851e-05,0,0,0,5,0.0008094968481719391,5,9
normal_105,0,0,5.993275129500816e-05,0,0,0,5,0.0008094968481719391,5,9
normal_105,0,5,6.918960217836711e-05,0,0,0,5,0.0008094968481719391,5,9
normal_105,0,10,0.0001053795638065035,0,0,0,5,0.0008094968481719391,5,9
normal_105,0,15,6.285124506925157e-05,0,0,0,5,0.0008094968481719391,5,9
normal_105,0,20,7.377942289532016e-05,0,0,0,5,0.0008094968481719391,5,9
normal_113,0,0,0.00043455421986592064,0,0,0,5,0.0008094968481719391,5,9
normal_113,0,5,5.8417434972003945e-05,0,0,0,5,0.0008094968481719391,5,9
normal_113,0,10,6.239720734282796e-05,0,0,0,5,0.0008094968481719391,5,9
normal_113,0,15,9.401101215387145e-05,0,0,0,5,0.0008094968481719391,5,9
normal_113,0,20,0.00022474689641819538,0,0,0,5,0.0008094968481719391,5,9
normal_113,0,25,6.069292837588152e-05,0,0,0,5,0.0008094968481719391,5,9
normal_113,0,30,6.347543823444753e-05,0,0,0,5,0.0008094968481719391,5,9
normal_113,0,35,6.342107167636569e-05,0,0,0,5,0.0008094968481719391,5,9
normal_113,0,40,6.285124506925157e-05,0,0,0,5,0.0008094968481719391,5,9
normal_116,0,0,5.627507016357918e-05,0,0,0,5,0.0008094968481719391,5,9
normal_116,0,5,7.459391878689946e-05,0,0,0,5,0.0008094968481719391,5,9
normal_116,0,10,6.341700629260686e-05,0,0,0,5,0.0008094968481719391,5,9
normal_116,0,15,5.834372692639962e-05,0,0,0,5,0.0008094968481719391,5,9
normal_135,0,0,6.974184358191088e-05,0,0,0,5,0.0008094968481719391,5,9
normal_135,0,5,0.00014414811050313624,0,0,0,5,0.0008094968481719391,5,9
normal_135,0,10,5.833694156642272e-05,0,0,0,5,0.0008094968481719391,5,9
normal_138,0,0,9.74919759502606e-05,0,0,0,5,0.0008094968481719391,5,9
normal_138,0,5,0.00023956826935903923,0,0,0,5,0.0008094968481719391,5,9
normal_138,0,10,5.886239689250056e-05,0,0,0,5,0.0008094968481719391,5,9
normal_138,0,15,5.886797011245445e-05,0,0,0,5,0.0008094968481719391,5,9
normal_138,0,20,9.501386820404222e-05,0,0,0,5,0.0008094968481719391,5,9
normal_138,0,25,8.336088001910156e-05,0,0,0,5,0.0008094968481719391,5,9
normal_138,0,30,0.0008830256350644771,1,1,0,5,0.0008094968481719391,5,9
normal_138,0,35,5.831824837904797e-05,0,0,0,5,0.0008094968481719391,5,9
normal_139,0,0,6.518342578016437e-05,0,0,0,5,0.0008094968481719391,5,9
normal_139,0,5,6.918960217836711e-05,0,0,0,5,0.0008094968481719391,5,9
normal_139,0,10,9.78867133980468e-05,0,0,0,5,0.0008094968481719391,5,9
normal_139,0,15,6.285124506925157e-05,0,0,0,5,0.0008094968481719391,5,9
normal_139,0,20,0.0001370725793095991,0,0,0,5,0.0008094968481719391,5,9
normal_139,0,25,5.8869915711751226e-05,0,0,0,5,0.0008094968481719391,5,9
normal_139,0,30,6.53467813719541e-05,0,0,0,5,0.0008094968481719391,5,9
normal_139,0,35,6.407713763886724e-05,0,0,0,5,0.0008094968481719391,5,9
normal_141,0,0,0.0008385708478997833,1,1,0,5,0.0008094968481719391,5,9
normal_141,0,5,8.639403321603222e-05,0,0,0,5,0.0008094968481719391,5,9
normal_141,0,10,0.00012869141146176562,0,0,0,5,0.0008094968481719391,5,9
normal_145,0,0,8.546659835640073e-05,0,0,0,5,0.0008094968481719391,5,9
normal_145,0,5,6.342107167636569e-05,0,0,0,5,0.0008094968481719391,5,9
normal_145,0,10,5.6871595597179735e-05,0,0,0,5,0.0008094968481719391,5,9
normal_145,0,15,0.00012722316636300148,0,0,0,5,0.0008094968481719391,5,9
normal_145,0,20,5.472719611322467e-05,0,0,0,5,0.0008094968481719391,5,9
normal_145,0,25,8.720943360917516e-05,0,0,0,5,0.0008094968481719391,5,9
normal_145,0,30,6.654959810696252e-05,0,0,0,5,0.0008094968481719391,5,9
normal_145,0,35,0.000304489417734893,0,0,0,5,0.0008094968481719391,5,9
normal_145,0,40,0.00023148134621852893,0,0,0,5,0.0008094968481719391,5,9
normal_162,0,0,5.5735053922253856e-05,0,0,0,5,0.0008094968481719391,5,9
normal_162,0,5,6.525556726583562e-05,0,0,0,5,0.0008094968481719391,5,9
normal_162,0,10,6.20830335594907e-05,0,0,0,5,0.0008094968481719391,5,9
normal_162,0,15,7.387234148015191e-05,0,0,0,5,0.0008094968481719391,5,9
normal_171,0,0,0.0007361687668849206,0,0,0,5,0.0008094968481719391,5,9
normal_171,0,5,5.941199430998553e-05,0,0,0,5,0.0008094968481719391,5,9
normal_171,0,10,7.928193993502113e-05,0,0,0,5,0.0008094968481719391,5,9
normal_171,0,15,0.00010483765087982268,0,0,0,5,0.0008094968481719391,5,9
normal_171,0,20,0.00035465858076607053,0,0,0,5,0.0008094968481719391,5,9
normal_171,0,25,5.341845746610008e-05,0,0,0,5,0.0008094968481719391,5,9
normal_171,0,30,5.799019025181494e-05,0,0,0,5,0.0008094968481719391,5,9
normal_176,0,0,7.549275888818997e-05,0,0,0,5,0.0008094968481719391,5,9
normal_176,0,5,6.764998206253085e-05,0,0,0,5,0.0008094968481719391,5,9
normal_176,0,10,7.648442767100837e-05,0,0,0,5,0.0008094968481719391,5,9
normal_176,0,15,0.00022640895678833188,0,0,0,5,0.0008094968481719391,5,9
normal_176,0,20,0.00016276698990073192,0,0,0,5,0.0008094968481719391,5,9
normal_176,0,25,6.65913061993991e-05,0,0,0,5,0.0008094968481719391,5,9
normal_176,0,30,6.448864319256061e-05,0,0,0,5,0.0008094968481719391,5,9
normal_176,0,35,7.848891878826032e-05,0,0,0,5,0.0008094968481719391,5,9
normal_176,0,40,6.568288467564403e-05,0,0,0,5,0.0008094968481719391,5,9
normal_193,0,0,0.000127243660515302,0,0,0,5,0.0008094968481719391,5,9
normal_193,0,5,6.969344176612832e-05,0,0,0,5,0.0008094968481719391,5,9
normal_193,0,10,7.449047758366332e-05,0,0,0,5,0.0008094968481719391,5,9
normal_193,0,15,6.69602311289235e-05,0,0,0,5,0.0008094968481719391,5,9
normal_193,0,20,6.285124506925157e-05,0,0,0,5,0.0008094968481719391,5,9
normal_193,0,25,0.0007246961502232539,0,0,0,5,0.0008094968481719391,5,9
normal_193,0,30,0.00011128155175741574,0,0,0,5,0.0008094968481719391,5,9
normal_193,0,35,6.53467813719541e-05,0,0,0,5,0.0008094968481719391,5,9
normal_193,0,40,5.947860206985072e-05,0,0,0,5,0.0008094968481719391,5,9
normal_196,0,0,6.662757598033035e-05,0,0,0,5,0.0008094968481719391,5,9
normal_196,0,5,6.53467813719541e-05,0,0,0,5,0.0008094968481719391,5,9
normal_196,0,10,6.410296846220761e-05,0,0,0,5,0.0008094968481719391,5,9
normal_196,0,15,8.345993519143941e-05,0,0,0,5,0.0008094968481719391,5,9
normal_199,0,0,6.07376414489813e-05,0,0,0,5,0.0008094968481719391,5,9
normal_199,0,5,5.6935239416318825e-05,0,0,0,5,0.0008094968481719391,5,9
normal_199,0,10,6.532702040616158e-05,0,0,0,5,0.0008094968481719391,5,9
normal_199,0,15,7.268440009955735e-05,0,0,0,5,0.0008094968481719391,5,9
normal_199,0,20,5.4261064582483046e-05,0,0,0,5,0.0008094968481719391,5,9
normal_199,0,25,6.984329554758829e-05,0,0,0,5,0.0008094968481719391,5,9
normal_199,0,30,6.595672575641135e-05,0,0,0,5,0.0008094968481719391,5,9
normal_199,0,35,0.00010786904375481122,0,0,0,5,0.0008094968481719391,5,9
normal_199,0,40,8.201106248046283e-05,0,0,0,5,0.0008094968481719391,5,9
normal_202,0,0,6.599040864477307e-05,0,0,0,5,0.0008094968481719391,5,9
normal_202,0,5,6.352589545273743e-05,0,0,0,5,0.0008094968481719391,5,9
normal_202,0,10,7.874061125263837e-05,0,0,0,5,0.0008094968481719391,5,9
normal_213,0,0,9.018253119477524e-05,0,0,0,5,0.0008094968481719391,5,9
normal_213,0,5,7.618179679251223e-05,0,0,0,5,0.0008094968481719391,5,9
normal_213,0,10,6.896400924636237e-05,0,0,0,5,0.0008094968481719391,5,9
normal_213,0,15,6.197629959117571e-05,0,0,0,5,0.0008094968481719391,5,9
normal_213,0,20,5.3918750663389095e-05,0,0,0,5,0.0008094968481719391,5,9
normal_213,0,25,6.052917903715583e-05,0,0,0,5,0.0008094968481719391,5,9
normal_218,0,0,6.342107167636569e-05,0,0,0,5,0.0008094968481719391,5,9
normal_218,0,5,6.292815475668298e-05,0,0,0,5,0.0008094968481719391,5,9
normal_218,0,10,6.594755761113893e-05,0,0,0,5,0.0008094968481719391,5,9
normal_218,0,15,6.217892858007258e-05,0,0,0,5,0.0008094968481719391,5,9
normal_218,0,20,6.186052426655407e-05,0,0,0,5,0.0008094968481719391,5,9
normal_218,0,25,6.371607362600176e-05,0,0,0,5,0.0008094968481719391,5,9
normal_218,0,30,0.0001299907779918034,0,0,0,5,0.0008094968481719391,5,9
normal_218,0,35,7.153523264076077e-05,0,0,0,5,0.0008094968481719391,5,9
normal_218,0,40,5.961997215481289e-05,0,0,0,5,0.0008094968481719391,5,9
normal_220,0,0,6.658762793305601e-05,0,0,0,5,0.0008094968481719391,5,9
normal_220,0,5,5.671381150046112e-05,0,0,0,5,0.0008094968481719391,5,9
normal_220,0,10,7.89696199570734e-05,0,0,0,5,0.0008094968481719391,5,9
normal_241,0,0,6.231282427398726e-05,0,0,0,5,0.0008094968481719391,5,9
normal_241,0,5,7.704424545035092e-05,0,0,0,5,0.0008094968481719391,5,9
normal_241,0,10,6.239720734282796e-05,0,0,0,5,0.0008094968481719391,5,9
normal_241,0,15,6.924069215108156e-05,0,0,0,5,0.0008094968481719391,5,9
normal_241,0,20,0.00014153347885825367,0,0,0,5,0.0008094968481719391,5,9
normal_241,0,25,6.069292837588152e-05,0,0,0,5,0.0008094968481719391,5,9
normal_241,0,30,7.510148250757113e-05,0,0,0,5,0.0008094968481719391,5,9
normal_241,0,35,5.498228632460494e-05,0,0,0,5,0.0008094968481719391,5,9
normal_241,0,40,5.822015356695201e-05,0,0,0,5,0.0008094968481719391,5,9
normal_259,0,0,5.5061034570202604e-05,0,0,0,5,0.0008094968481719391,5,9
normal_259,0,5,5.687297410852878e-05,0,0,0,5,0.0008094968481719391,5,9
normal_259,0,10,6.914467388421999e-05,0,0,0,5,0.0008094968481719391,5,9
normal_259,0,15,6.287106949708054e-05,0,0,0,5,0.0008094968481719391,5,9
normal_259,0,20,5.835429064977436e-05,0,0,0,5,0.0008094968481719391,5,9
normal_259,0,25,5.645713315895072e-05,0,0,0,5,0.0008094968481719391,5,9
normal_259,0,30,5.823296956998943e-05,0,0,0,5,0.0008094968481719391,5,9
normal_259,0,35,6.98591818650699e-05,0,0,0,5,0.0008094968481719391,5,9
normal_262,0,0,0.00012604882555480255,0,0,0,5,0.0008094968481719391,5,9
normal_262,0,5,0.0013336878326645255,1,1,0,5,0.0008094968481719391,5,9
normal_262,0,10,6.400538048852615e-05,0,0,0,5,0.0008094968481719391,5,9
normal_273,0,0,6.464333070429191e-05,0,0,0,5,0.0008094968481719391,5,9
normal_273,0,5,7.453887917407094e-05,0,0,0,5,0.0008094968481719391,5,9
normal_273,0,10,9.762413567138293e-05,0,0,0,5,0.0008094968481719391,5,9
normal_273,0,15,5.988156386370455e-05,0,0,0,5,0.0008094968481719391,5,9
normal_273,0,20,0.00021426741412629567,0,0,0,5,0.0008094968481719391,5,9
normal_273,0,25,6.184601794077365e-05,0,0,0,5,0.0008094968481719391,5,9
normal_273,0,30,7.240711934604364e-05,0,0,0,5,0.0008094968481719391,5,9
normal_286,0,0,6.403221922798525e-05,0,0,0,5,0.0008094968481719391,5,9
normal_286,0,5,0.00010880943656028882,0,0,0,5,0.0008094968481719391,5,9
normal_286,0,10,6.517278098184703e-05,0,0,0,5,0.0008094968481719391,5,9
normal_286,0,15,0.00010728791773261515,0,0,0,5,0.0008094968481719391,5,9
normal_286,0,20,6.918960217836711e-05,0,0,0,5,0.0008094968481719391,5,9
normal_286,0,25,0.000284937012866236,0,0,0,5,0.0008094968481719391,5,9
normal_286,0,30,0.0003223727777653505,0,0,0,5,0.0008094968481719391,5,9
normal_286,0,35,0.0001324771726511609,0,0,0,5,0.0008094968481719391,5,9
normal_286,0,40,6.189168570720026e-05,0,0,0,5,0.0008094968481719391,5,9
normal_300,0,0,6.069292837588152e-05,0,0,0,5,0.0008094968481719391,5,9
normal_300,0,5,7.453887917407094e-05,0,0,0,5,0.0008094968481719391,5,9
normal_300,0,10,6.0428341711343816e-05,0,0,0,5,0.0008094968481719391,5,9
normal_300,0,15,6.285124506925157e-05,0,0,0,5,0.0008094968481719391,5,9
normal_300,0,20,6.147102924949517e-05,0,0,0,5,0.0008094968481719391,5,9
normal_300,0,25,0.0002186653271996875,0,0,0,5,0.0008094968481719391,5,9
normal_300,0,30,5.833904989462751e-05,0,0,0,5,0.0008094968481719391,5,9
normal_300,0,35,0.00010605955149450193,0,0,0,5,0.0008094968481719391,5,9
normal_302,0,0,9.056878822311328e-05,0,0,0,5,0.0008094968481719391,5,9
normal_302,0,5,0.00016120309884792462,0,0,0,5,0.0008094968481719391,5,9
normal_302,0,10,6.968518251138793e-05,0,0,0,5,0.0008094968481719391,5,9
normal_313,0,0,6.667677426533083e-05,0,0,0,5,0.0008094968481719391,5,9
normal_313,0,5,6.537731475517083e-05,0,0,0,5,0.0008094968481719391,5,9
normal_313,0,10,5.740219130992145e-05,0,0,0,5,0.0008094968481719391,5,9
normal_318,0,0,9.384199364755224e-05,0,0,0,5,0.0008094968481719391,5,9
normal_318,0,5,9.975167271359653e-05,0,0,0,5,0.0008094968481719391,5,9
normal_318,0,10,9.055475610818389e-05,0,0,0,5,0.0008094968481719391,5,9
normal_318,0,15,6.219625592560845e-05,0,0,0,5,0.0008094968481719391,5,9
normal_318,0,20,5.866501303935379e-05,0,0,0,5,0.0008094968481719391,5,9
normal_318,0,25,9.669650669685129e-05,0,0,0,5,0.0008094968481719391,5,9
normal_318,0,30,8.292818213996647e-05,0,0,0,5,0.0008094968481719391,5,9
normal_324,0,0,0.0005067870392432177,0,0,0,5,0.0008094968481719391,5,9
normal_324,0,5,6.184601794077365e-05,0,0,0,5,0.0008094968481719391,5,9
normal_324,0,10,7.039916552461345e-05,0,0,0,5,0.0008094968481719391,5,9
normal_324,0,15,6.069292837588152e-05,0,0,0,5,0.0008094968481719391,5,9
normal_324,0,20,6.918960217836711e-05,0,0,0,5,0.0008094968481719391,5,9
normal_324,0,25,0.00012903028262461306,0,0,0,5,0.0008094968481719391,5,9
normal_324,0,30,6.285124506925157e-05,0,0,0,5,0.0008094968481719391,5,9
normal_324,0,35,7.513381297900859e-05,0,0,0,5,0.0008094968481719391,5,9
normal_324,0,40,0.0003106900013583773,0,0,0,5,0.0008094968481719391,5,9
normal_331,0,0,5.906771755227666e-05,0,0,0,5,0.0008094968481719391,5,9
normal_331,0,5,6.662757598033035e-05,0,0,0,5,0.0008094968481719391,5,9
normal_331,0,10,7.04034910332541e-05,0,0,0,5,0.0008094968481719391,5,9
normal_331,0,15,5.637884926382626e-05,0,0,0,5,0.0008094968481719391,5,9
normal_331,0,20,6.918960217836711e-05,0,0,0,5,0.0008094968481719391,5,9
normal_331,0,25,6.341700629260686e-05,0,0,0,5,0.0008094968481719391,5,9
normal_331,0,30,5.834372692639962e-05,0,0,0,5,0.0008094968481719391,5,9
normal_337,0,0,6.239720734282796e-05,0,0,0,5,0.0008094968481719391,5,9
normal_337,0,5,6.837400408787882e-05,0,0,0,5,0.0008094968481719391,5,9
normal_337,0,10,0.00014114478925457354,0,0,0,5,0.0008094968481719391,5,9
normal_337,0,15,5.6226036359070404e-05,0,0,0,5,0.0008094968481719391,5,9
normal_337,0,20,8.574460305412832e-05,0,0,0,5,0.0008094968481719391,5,9
normal_338,0,0,7.459391878689946e-05,0,0,0,5,0.0008094968481719391,5,9
normal_338,0,5,0.00015235704566446507,0,0,0,5,0.0008094968481719391,5,9
normal_338,0,10,6.069292837588152e-05,0,0,0,5,0.0008094968481719391,5,9
normal_338,0,15,6.347543823444753e-05,0,0,0,5,0.0008094968481719391,5,9
normal_338,0,20,6.0428341711343816e-05,0,0,0,5,0.0008094968481719391,5,9
normal_351,0,0,6.28976550595375e-05,0,0,0,5,0.0008094968481719391,5,9
normal_351,0,5,6.974184358191088e-05,0,0,0,5,0.0008094968481719391,5,9
normal_351,0,10,0.0003359740125201385,0,0,0,5,0.0008094968481719391,5,9
normal_351,0,15,6.285514938158893e-05,0,0,0,5,0.0008094968481719391,5,9
normal_354,0,0,5.842117987408538e-05,0,0,0,5,0.0008094968481719391,5,9
normal_354,0,5,6.400206913772784e-05,0,0,0,5,0.0008094968481719391,5,9
normal_354,0,10,6.218187346165297e-05,0,0,0,5,0.0008094968481719391,5,9
normal_354,0,15,0.00013139774179740402,0,0,0,5,0.0008094968481719391,5,9
normal_354,0,20,6.718106200184283e-05,0,0,0,5,0.0008094968481719391,5,9
normal_354,0,25,7.453887917407094e-05,0,0,0,5,0.0008094968481719391,5,9
normal_354,0,30,6.389976556674984e-05,0,0,0,5,0.0008094968481719391,5,9
normal_354,0,35,5.4261064582483046e-05,0,0,0,5,0.0008094968481719391,5,9
normal_354,0,40,6.974184358191088e-05,0,0,0,5,0.0008094968481719391,5,9
normal_360,0,0,7.197712081613187e-05,0,0,0,5,0.0008094968481719391,5,9
normal_360,0,5,0.00015223558415442182,0,0,0,5,0.0008094968481719391,5,9
normal_360,0,10,7.618179679251223e-05,0,0,0,5,0.0008094968481719391,5,9
normal_360,0,15,7.364996098394033e-05,0,0,0,5,0.0008094968481719391,5,9
normal_360,0,20,6.9764470604913e-05,0,0,0,5,0.0008094968481719391,5,9
normal_360,0,25,9.336296529454141e-05,0,0,0,5,0.0008094968481719391,5,9
normal_360,0,30,9.634320729924629e-05,0,0,0,5,0.0008094968481719391,5,9
normal_360,0,35,0.0001590838761008709,0,0,0,5,0.0008094968481719391,5,9
normal_360,0,40,8.45807859585024e-05,0,0,0,5,0.0008094968481719391,5,9
normal_361,0,0,6.657961984691039e-05,0,0,0,5,0.0008094968481719391,5,9
normal_361,0,5,8.351933114716836e-05,0,0,0,5,0.0008094968481719391,5,9
normal_361,0,10,5.426316720414384e-05,0,0,0,5,0.0008094968481719391,5,9
normal_361,0,15,6.171604806448883e-05,0,0,0,5,0.0008094968481719391,5,9
normal_361,0,20,6.341929820541807e-05,0,0,0,5,0.0008094968481719391,5,9
normal_361,0,25,6.28976550595375e-05,0,0,0,5,0.0008094968481719391,5,9
normal_361,0,30,7.439039412962009e-05,0,0,0,5,0.0008094968481719391,5,9
normal_361,0,35,0.0008602665895678009,1,1,0,5,0.0008094968481719391,5,9
normal_361,0,40,5.833895735944168e-05,0,0,0,5,0.0008094968481719391,5,9
normal_364,0,0,6.218187346165297e-05,0,0,0,5,0.0008094968481719391,5,9
normal_364,0,5,7.780463169382518e-05,0,0,0,5,0.0008094968481719391,5,9
normal_364,0,10,9.501386820404222e-05,0,0,0,5,0.0008094968481719391,5,9
normal_372,0,0,7.661040942706715e-05,0,0,0,5,0.0008094968481719391,5,9
normal_372,0,5,6.69602311289235e-05,0,0,0,5,0.0008094968481719391,5,9
normal_372,0,10,6.285124506925157e-05,0,0,0,5,0.0008094968481719391,5,9
normal_372,0,15,0.0007806852392184811,0,0,0,5,0.0008094968481719391,5,9
normal_372,0,20,8.347059572791384e-05,0,0,0,5,0.0008094968481719391,5,9
normal_372,0,25,6.52177846056991e-05,0,0,0,5,0.0008094968481719391,5,9
normal_372,0,30,5.6226036359070404e-05,0,0,0,5,0.0008094968481719391,5,9
normal_372,0,35,6.971183314125916e-05,0,0,0,5,0.0008094968481719391,5,9
normal_372,0,40,0.00011996072882881145,0,0,0,5,0.0008094968481719391,5,9
normal_374,0,0,0.00013625540916719747,0,0,0,5,0.0008094968481719391,5,9
normal_374,0,5,6.539158555576818e-05,0,0,0,5,0.0008094968481719391,5,9
normal_374,0,10,7.604156828225905e-05,0,0,0,5,0.0008094968481719391,5,9
normal_374,0,15,5.718004887405417e-05,0,0,0,5,0.0008094968481719391,5,9
normal_374,0,20,0.0010218902287541895,1,1,0,5,0.0008094968481719391,5,9
normal_374,0,25,0.00033068732635627455,0,0,0,5,0.0008094968481719391,5,9
normal_374,0,30,0.0001654727202302256,0,0,0,5,0.0008094968481719391,5,9
normal_379,0,0,6.0748612349597896e-05,0,0,0,5,0.0008094968481719391,5,9
normal_379,0,5,5.637884926382626e-05,0,0,0,5,0.0008094968481719391,5,9
normal_379,0,10,7.453887917407094e-05,0,0,0,5,0.0008094968481719391,5,9
normal_379,0,15,6.342107167636569e-05,0,0,0,5,0.0008094968481719391,5,9
normal_379,0,20,5.833434645106889e-05,0,0,0,5,0.0008094968481719391,5,9
normal_379,0,25,6.343422019941357e-05,0,0,0,5,0.0008094968481719391,5,9
normal_379,0,30,0.0001474908052152959,0,0,0,5,0.0008094968481719391,5,9
normal_379,0,35,8.028917101205324e-05,0,0,0,5,0.0008094968481719391,5,9
normal_379,0,40,6.376677718129635e-05,0,0,0,5,0.0008094968481719391,5,9
normal_380,0,0,0.00016276698990073192,0,0,0,5,0.0008094968481719391,5,9
normal_380,0,5,7.053330789864167e-05,0,0,0,5,0.0008094968481719391,5,9
normal_380,0,10,6.40055381110658e-05,0,0,0,5,0.0008094968481719391,5,9
normal_380,0,15,7.8209690316836e-05,0,0,0,5,0.0008094968481719391,5,9
normal_380,0,20,7.409395757774389e-05,0,0,0,5,0.0008094968481719391,5,9
normal_380,0,25,5.526305447134578e-05,0,0,0,5,0.0008094968481719391,5,9
normal_380,0,30,7.545765143880475e-05,0,0,0,5,0.0008094968481719391,5,9
normal_384,0,0,0.0003971030927038665,0,0,0,5,0.0008094968481719391,5,9
normal_384,0,5,6.181447832151262e-05,0,0,0,5,0.0008094968481719391,5,9
normal_384,0,10,9.040846426399132e-05,0,0,0,5,0.0008094968481719391,5,9
normal_384,0,15,7.669264680948961e-05,0,0,0,5,0.0008094968481719391,5,9
normal_384,0,20,6.659407171467395e-05,0,0,0,5,0.0008094968481719391,5,9
normal_384,0,25,5.6856883789533296e-05,0,0,0,5,0.0008094968481719391,5,9
normal_384,0,30,6.186059398136132e-05,0,0,0,5,0.0008094968481719391,5,9
normal_384,0,35,9.270959130092643e-05,0,0,0,5,0.0008094968481719391,5,9
normal_384,0,40,8.501549937579093e-05,0,0,0,5,0.0008094968481719391,5,9
normal_402,0,0,0.00016427611933599165,0,0,0,5,0.0008094968481719391,5,9
normal_402,0,5,6.407713763886724e-05,0,0,0,5,0.0008094968481719391,5,9
normal_402,0,10,7.195904400357873e-05,0,0,0,5,0.0008094968481719391,5,9
normal_402,0,15,7.175377219803619e-05,0,0,0,5,0.0008094968481719391,5,9
normal_402,0,20,5.672049804764e-05,0,0,0,5,0.0008094968481719391,5,9
normal_402,0,25,6.600477900161509e-05,0,0,0,5,0.0008094968481719391,5,9
normal_402,0,30,9.207046723417427e-05,0,0,0,5,0.0008094968481719391,5,9
normal_402,0,35,0.00015709882910661403,0,0,0,5,0.0008094968481719391,5,9
normal_407,0,0,6.587782836636828e-05,0,0,0,5,0.0008094968481719391,5,9
normal_407,0,5,0.00011543049225884374,0,0,0,5,0.0008094968481719391,5,9
normal_407,0,10,7.873840942849059e-05,0,0,0,5,0.0008094968481719391,5,9
normal_407,0,15,8.253336622129493e-05,0,0,0,5,0.0008094968481719391,5,9
normal_407,0,20,6.69602311289235e-05,0,0,0,5,0.0008094968481719391,5,9
normal_407,0,25,5.990971739842435e-05,0,0,0,5,0.0008094968481719391,5,9
normal_407,0,30,5.426203180610171e-05,0,0,0,5,0.0008094968481719391,5,9
normal_407,0,35,6.232013967121314e-05,0,0,0,5,0.0008094968481719391,5,9
normal_407,0,40,9.429160655933665e-05,0,0,0,5,0.0008094968481719391,5,9
normal_413,0,0,0.00029141171192973597,0,0,0,5,0.0008094968481719391,5,9
normal_413,0,5,5.833098926112064e-05,0,0,0,5,0.0008094968481719391,5,9
normal_413,0,10,8.122892235818559e-05,0,0,0,5,0.0008094968481719391,5,9
normal_413,0,15,6.662183309290388e-05,0,0,0,5,0.0008094968481719391,5,9
normal_413,0,20,0.00021895668820900394,0,0,0,5,0.0008094968481719391,5,9
normal_413,0,25,6.073774474026021e-05,0,0,0,5,0.0008094968481719391,5,9
normal_413,0,30,7.453887917407094e-05,0,0,0,5,0.0008094968481719391,5,9
normal_423,0,0,8.453896486606931e-05,0,0,0,5,0.0008094968481719391,5,9
normal_423,0,5,0.0002242186868239578,0,0,0,5,0.0008094968481719391,5,9
normal_423,0,10,0.0006010571764840273,0,0,0,5,0.0008094968481719391,5,9
normal_423,0,15,0.0004889517934585536,0,0,0,5,0.0008094968481719391,5,9
normal_423,0,20,8.19205500407308e-05,0,0,0,5,0.0008094968481719391,5,9
normal_423,0,25,5.661426523878711e-05,0,0,0,5,0.0008094968481719391,5,9
normal_423,0,30,8.001679087468211e-05,0,0,0,5,0.0008094968481719391,5,9
normal_423,0,35,0.0008211244937606743,1,1,0,5,0.0008094968481719391,5,9
normal_423,0,40,0.000253731713130749,0,0,0,5,0.0008094968481719391,5,9
normal_425,0,0,6.630006719603025e-05,0,0,0,5,0.0008094968481719391,5,9
normal_425,0,5,6.171604806448883e-05,0,0,0,5,0.0008094968481719391,5,9
normal_425,0,10,5.886797011245445e-05,0,0,0,5,0.0008094968481719391,5,9
normal_425,0,15,6.28976550595375e-05,0,0,0,5,0.0008094968481719391,5,9
normal_425,0,20,7.449047758366332e-05,0,0,0,5,0.0008094968481719391,5,9
normal_425,0,25,8.629888086249309e-05,0,0,0,5,0.0008094968481719391,5,9
normal_432,0,0,6.184601794077365e-05,0,0,0,5,0.0008094968481719391,5,9
normal_432,0,5,6.535097045697219e-05,0,0,0,5,0.0008094968481719391,5,9
normal_432,0,10,5.952252181493374e-05,0,0,0,5,0.0008094968481719391,5,9
normal_432,0,15,6.918960217836711e-05,0,0,0,5,0.0008094968481719391,5,9
normal_441,0,0,0.00011381696202510187,0,0,0,5,0.0008094968481719391,5,9
normal_441,0,5,6.002279084104468e-05,0,0,0,5,0.0008094968481719391,5,9
normal_441,0,10,5.712974285014949e-05,0,0,0,5,0.0008094968481719391,5,9
normal_441,0,15,7.021548635040295e-05,0,0,0,5,0.0008094968481719391,5,9
normal_441,0,20,0.0003906250162852255,0,0,0,5,0.0008094968481719391,5,9
normal_446,0,0,6.232013967121314e-05,0,0,0,5,0.0008094968481719391,5,9
normal_446,0,5,9.434700867478468e-05,0,0,0,5,0.0008094968481719391,5,9
normal_446,0,10,0.000604709890831045,0,0,0,5,0.0008094968481719391,5,9
normal_446,0,15,7.298263167550235e-05,0,0,0,5,0.0008094968481719391,5,9
normal_446,0,20,5.5066104169305056e-05,0,0,0,5,0.0008094968481719391,5,9
normal_446,0,25,8.757394221847557e-05,0,0,0,5,0.0008094968481719391,5,9
normal_446,0,30,8.253336622129493e-05,0,0,0,5,0.0008094968481719391,5,9
normal_447,0,0,0.0007244043207355557,0,0,0,5,0.0008094968481719391,5,9
normal_447,0,5,6.655404056998144e-05,0,0,0,5,0.0008094968481719391,5,9
normal_447,0,10,7.04554772848419e-05,0,0,0,5,0.0008094968481719391,5,9
normal_447,0,15,6.069292837588152e-05,0,0,0,5,0.0008094968481719391,5,9
normal_447,0,20,7.666018837750232e-05,0,0,0,5,0.0008094968481719391,5,9
normal_461,0,0,6.057270294684813e-05,0,0,0,5,0.0008094968481719391,5,9
normal_461,0,5,0.00011808105941385812,0,0,0,5,0.0008094968481719391,5,9
normal_461,0,10,0.0001604066851929519,0,0,0,5,0.0008094968481719391,5,9
normal_461,0,15,0.00022790117344239968,0,0,0,5,0.0008094968481719391,5,9
normal_461,0,20,0.0002667406834871473,0,0,0,5,0.0008094968481719391,5,9
normal_461,0,25,7.658175897089427e-05,0,0,0,5,0.0008094968481719391,5,9
normal_461,0,30,7.676907207793884e-05,0,0,0,5,0.0008094968481719391,5,9
normal_461,0,35,0.0004972616677991954,0,0,0,5,0.0008094968481719391,5,9
normal_461,0,40,0.09735589532449614,1,1,0,5,0.0008094968481719391,5,9
normal_464,0,0,6.230745326845699e-05,0,0,0,5,0.0008094968481719391,5,9
normal_464,0,5,8.142390570699056e-05,0,0,0,5,0.0008094968481719391,5,9
normal_464,0,10,6.073774474026021e-05,0,0,0,5,0.0008094968481719391,5,9
normal_464,0,15,6.924069215108156e-05,0,0,0,5,0.0008094968481719391,5,9
normal_464,0,20,5.886584267060677e-05,0,0,0,5,0.0008094968481719391,5,9
normal_467,0,0,0.0002443369392411123,0,0,0,5,0.0008094968481719391,5,9
normal_467,0,5,5.637884926382626e-05,0,0,0,5,0.0008094968481719391,5,9
normal_467,0,10,6.918960217836711e-05,0,0,0,5,0.0008094968481719391,5,9
normal_467,0,15,5.886787673836484e-05,0,0,0,5,0.0008094968481719391,5,9
normal_467,0,20,5.827255581619839e-05,0,0,0,5,0.0008094968481719391,5,9
normal_467,0,25,7.518929185875894e-05,0,0,0,5,0.0008094968481719391,5,9
normal_467,0,30,0.00015517720386926603,0,0,0,5,0.0008094968481719391,5,9
normal_467,0,35,6.28786295363805e-05,0,0,0,5,0.0008094968481719391,5,9
normal_467,0,40,6.766386869174357e-05,0,0,0,5,0.0008094968481719391,5,9
normal_479,0,0,5.418944472381663e-05,0,0,0,5,0.0008094968481719391,5,9
normal_479,0,5,6.184601794077365e-05,0,0,0,5,0.0008094968481719391,5,9
normal_479,0,10,6.53491430229544e-05,0,0,0,5,0.0008094968481719391,5,9
normal_479,0,15,6.0625942510238736e-05,0,0,0,5,0.0008094968481719391,5,9
normal_479,0,20,6.352230910595251e-05,0,0,0,5,0.0008094968481719391,5,9
normal_479,0,25,5.8869616316573706e-05,0,0,0,5,0.0008094968481719391,5,9
normal_479,0,30,5.8345451016596355e-05,0,0,0,5,0.0008094968481719391,5,9
normal_479,0,35,6.914467388421999e-05,0,0,0,5,0.0008094968481719391,5,9
normal_479,0,40,6.69602311289235e-05,0,0,0,5,0.0008094968481719391,5,9
normal_480,0,0,6.222778921198384e-05,0,0,0,5,0.0008094968481719391,5,9
normal_480,0,5,9.791168463766922e-05,0,0,0,5,0.0008094968481719391,5,9
normal_480,0,10,5.833904989462751e-05,0,0,0,5,0.0008094968481719391,5,9
normal_480,0,15,7.513381297900859e-05,0,0,0,5,0.0008094968481719391,5,9
normal_480,0,20,0.0003098213259561396,0,0,0,5,0.0008094968481719391,5,9
normal_480,0,25,5.822913099581551e-05,0,0,0,5,0.0008094968481719391,5,9
normal_480,0,30,6.976363795907805e-05,0,0,0,5,0.0008094968481719391,5,9
normal_480,0,35,6.184068716876451e-05,0,0,0,5,0.0008094968481719391,5,9
normal_480,0,40,0.00015219866219022573,0,0,0,5,0.0008094968481719391,5,9
normal_481,0,0,6.27818772517314e-05,0,0,0,5,0.0008094968481719391,5,9
normal_481,0,5,7.518929185875894e-05,0,0,0,5,0.0008094968481719391,5,9
normal_481,0,10,0.00028389655260769827,0,0,0,5,0.0008094968481719391,5,9
normal_481,0,15,5.842117987408538e-05,0,0,0,5,0.0008094968481719391,5,9
normal_481,0,20,6.976363795907805e-05,0,0,0,5,0.0008094968481719391,5,9
normal_481,0,25,6.34780743569544e-05,0,0,0,5,0.0008094968481719391,5,9
normal_481,0,30,0.00014517749651289723,0,0,0,5,0.0008094968481719391,5,9
normal_481,0,35,6.069292837588152e-05,0,0,0,5,0.0008094968481719391,5,9
normal_481,0,40,6.918960217836711e-05,0,0,0,5,0.0008094968481719391,5,9
normal_482,0,0,9.674189841683093e-05,0,0,0,5,0.0008094968481719391,5,9
normal_482,0,5,6.662757598033035e-05,0,0,0,5,0.0008094968481719391,5,9
normal_482,0,10,6.530056424792332e-05,0,0,0,5,0.0008094968481719391,5,9
normal_482,0,15,5.633724900242694e-05,0,0,0,5,0.0008094968481719391,5,9
normal_482,0,20,7.453887917407094e-05,0,0,0,5,0.0008094968481719391,5,9
normal_482,0,25,5.875340494288852e-05,0,0,0,5,0.0008094968481719391,5,9
normal_482,0,30,5.989029861021506e-05,0,0,0,5,0.0008094968481719391,5,9
normal_483,0,0,6.189168570720026e-05,0,0,0,5,0.0008094968481719391,5,9
normal_483,0,5,6.539922614885476e-05,0,0,0,5,0.0008094968481719391,5,9
normal_483,0,10,5.947860206985072e-05,0,0,0,5,0.0008094968481719391,5,9
normal_483,0,15,6.918960217836711e-05,0,0,0,5,0.0008094968481719391,5,9
normal_483,0,20,6.530587493403874e-05,0,0,0,5,0.0008094968481719391,5,9
normal_483,0,25,5.8345451016596355e-05,0,0,0,5,0.0008094968481719391,5,9
normal_483,0,30,7.453887917407094e-05,0,0,0,5,0.0008094968481719391,5,9
normal_483,0,35,9.781433358148756e-05,0,0,0,5,0.0008094968481719391,5,9
normal_483,0,40,5.8340681308703235e-05,0,0,0,5,0.0008094968481719391,5,9
normal_484,0,0,6.407713763886724e-05,0,0,0,5,0.0008094968481719391,5,9
normal_484,0,5,7.453887917407094e-05,0,0,0,5,0.0008094968481719391,5,9
normal_484,0,10,9.037995515240194e-05,0,0,0,5,0.0008094968481719391,5,9
normal_484,0,15,5.426389723937135e-05,0,0,0,5,0.0008094968481719391,5,9
normal_484,0,20,6.918960217836711e-05,0,0,0,5,0.0008094968481719391,5,9
normal_484,0,25,9.781448872499065e-05,0,0,0,5,0.0008094968481719391,5,9
normal_484,0,30,6.284948753161108e-05,0,0,0,5,0.0008094968481719391,5,9
normal_489,0,0,6.924069215108156e-05,0,0,0,5,0.0008094968481719391,5,9
normal_489,0,5,5.886787673836484e-05,0,0,0,5,0.0008094968481719391,5,9
normal_489,0,10,5.8340681308703235e-05,0,0,0,5,0.0008094968481719391,5,9
normal_493,0,0,6.667677426533083e-05,0,0,0,5,0.0008094968481719391,5,9
normal_493,0,5,7.040113416833557e-05,0,0,0,5,0.0008094968481719391,5,9
normal_493,0,10,5.633724900242694e-05,0,0,0,5,0.0008094968481719391,5,9
normal_493,0,15,6.918960217836711e-05,0,0,0,5,0.0008094968481719391,5,9
normal_493,0,20,5.886797011245445e-05,0,0,0,5,0.0008094968481719391,5,9
normal_493,0,25,9.104987965620227e-05,0,0,0,5,0.0008094968481719391,5,9
normal_493,0,30,7.505271561985146e-05,0,0,0,5,0.0008094968481719391,5,9
normal_493,0,35,5.805055381181789e-05,0,0,0,5,0.0008094968481719391,5,9
normal_493,0,40,5.833531025691746e-05,0,0,0,5,0.0008094968481719391,5,9
normal_495,0,0,6.105345095344565e-05,0,0,0,5,0.0008094968481719391,5,9
normal_495,0,5,6.347543823444753e-05,0,0,0,5,0.0008094968481719391,5,9
normal_495,0,10,5.886584267060677e-05,0,0,0,5,0.0008094968481719391,5,9
normal_495,0,15,5.834372692639962e-05,0,0,0,5,0.0008094968481719391,5,9
normal_501,0,0,6.918960217836711e-05,0,0,0,5,0.0008094968481719391,5,9
normal_501,0,5,5.880464269448695e-05,0,0,0,5,0.0008094968481719391,5,9
normal_501,0,10,6.28976550595375e-05,0,0,0,5,0.0008094968481719391,5,9
normal_501,0,15,6.89149146592344e-05,0,0,0,5,0.0008094968481719391,5,9
normal_501,0,20,0.0001506472297277953,0,0,0,5,0.0008094968481719391,5,9
normal_501,0,25,5.834267392625793e-05,0,0,0,5,0.0008094968481719391,5,9
normal_507,0,0,6.535097045697219e-05,0,0,0,5,0.0008094968481719391,5,9
normal_507,0,5,6.105345095344565e-05,0,0,0,5,0.0008094968481719391,5,9
normal_507,0,10,6.347543823444753e-05,0,0,0,5,0.0008094968481719391,5,9
normal_507,0,15,5.8843455383090176e-05,0,0,0,5,0.0008094968481719391,5,9
normal_507,0,20,5.8345451016596355e-05,0,0,0,5,0.0008094968481719391,5,9
normal_507,0,25,6.918960217836711e-05,0,0,0,5,0.0008094968481719391,5,9
normal_523,0,0,0.00014528468820118574,0,0,0,5,0.0008094968481719391,5,9
normal_523,0,5,5.6226036359070404e-05,0,0,0,5,0.0008094968481719391,5,9
normal_523,0,10,6.918960217836711e-05,0,0,0,5,0.0008094968481719391,5,9
normal_523,0,15,6.341929820541807e-05,0,0,0,5,0.0008094968481719391,5,9
normal_534,0,0,7.459391878689946e-05,0,0,0,5,0.0008094968481719391,5,9
normal_534,0,5,0.0001415374364218202,0,0,0,5,0.0008094968481719391,5,9
normal_534,0,10,6.073774474026021e-05,0,0,0,5,0.0008094968481719391,5,9
normal_534,0,15,6.918960217836711e-05,0,0,0,5,0.0008094968481719391,5,9
normal_534,0,20,5.8869616316573706e-05,0,0,0,5,0.0008094968481719391,5,9
normal_534,0,25,6.284948753161108e-05,0,0,0,5,0.0008094968481719391,5,9
normal_538,0,0,6.918960217836711e-05,0,0,0,5,0.0008094968481719391,5,9
normal_538,0,5,0.0001411538367192984,0,0,0,5,0.0008094968481719391,5,9
normal_538,0,10,5.7828927298730026e-05,0,0,0,5,0.0008094968481719391,5,9
normal_538,0,15,6.171604806448883e-05,0,0,0,5,0.0008094968481719391,5,9
normal_538,0,20,5.8869616316573706e-05,0,0,0,5,0.0008094968481719391,5,9
normal_538,0,25,5.833904989462751e-05,0,0,0,5,0.0008094968481719391,5,9
normal_538,0,30,7.505089012403428e-05,0,0,0,5,0.0008094968481719391,5,9
normal_538,0,35,6.235883671374698e-05,0,0,0,5,0.0008094968481719391,5,9
normal_538,0,40,5.433584820611838e-05,0,0,0,5,0.0008094968481719391,5,9
normal_540,0,0,6.341348063254125e-05,0,0,0,5,0.0008094968481719391,5,9
normal_540,0,5,5.830748416909547e-05,0,0,0,5,0.0008094968481719391,5,9
normal_540,0,10,6.235116659246684e-05,0,0,0,5,0.0008094968481719391,5,9
normal_571,0,0,6.709764103761288e-05,0,0,0,5,0.0008094968481719391,5,9
normal_571,0,5,6.976330870520897e-05,0,0,0,5,0.0008094968481719391,5,9
normal_571,0,10,0.00024784872661673,0,0,0,5,0.0008094968481719391,5,9
normal_571,0,15,6.069292837588152e-05,0,0,0,5,0.0008094968481719391,5,9
normal_571,0,20,6.918960217836711e-05,0,0,0,5,0.0008094968481719391,5,9
normal_571,0,25,6.379779868710476e-05,0,0,0,5,0.0008094968481719391,5,9
normal_571,0,30,6.285124506925157e-05,0,0,0,5,0.0008094968481719391,5,9
normal_573,0,0,6.190781098065188e-05,0,0,0,5,0.0008094968481719391,5,9
normal_573,0,5,7.169478229028893e-05,0,0,0,5,0.0008094968481719391,5,9
normal_573,0,10,6.88929404597775e-05,0,0,0,5,0.0008094968481719391,5,9
normal_575,0,0,6.341929820541807e-05,0,0,0,5,0.0008094968481719391,5,9
normal_575,0,5,6.124805756786757e-05,0,0,0,5,0.0008094968481719391,5,9
normal_575,0,10,0.00016297449567562614,0,0,0,5,0.0008094968481719391,5,9
normal_575,0,15,7.576051346719984e-05,0,0,0,5,0.0008094968481719391,5,9
normal_575,0,20,6.230857716065794e-05,0,0,0,5,0.0008094968481719391,5,9
normal_575,0,25,9.205291768364443e-05,0,0,0,5,0.0008094968481719391,5,9
normal_575,0,30,6.1014003434908156e-05,0,0,0,5,0.0008094968481719391,5,9
normal_575,0,35,0.0001199660826347192,0,0,0,5,0.0008094968481719391,5,9
normal_575,0,40,5.637884926382626e-05,0,0,0,5,0.0008094968481719391,5,9
normal_579,0,0,6.51987473044765e-05,0,0,0,5,0.0008094968481719391,5,9
normal_579,0,5,8.777354472194205e-05,0,0,0,5,0.0008094968481719391,5,9
normal_579,0,10,9.041121027814638e-05,0,0,0,5,0.0008094968481719391,5,9
normal_579,0,15,5.633724900242694e-05,0,0,0,5,0.0008094968481719391,5,9
normal_579,0,20,7.439086738695993e-05,0,0,0,5,0.0008094968481719391,5,9
normal_579,0,25,0.00012963709979390555,0,0,0,5,0.0008094968481719391,5,9
normal_589,0,0,0.0001096755412244952,0,0,0,5,0.0008094968481719391,5,9
normal_589,0,5,5.633724900242694e-05,0,0,0,5,0.0008094968481719391,5,9
normal_589,0,10,7.453887917407094e-05,0,0,0,5,0.0008094968481719391,5,9
normal_589,0,15,6.342107167636569e-05,0,0,0,5,0.0008094968481719391,5,9
normal_589,0,20,0.00014449877049525986,0,0,0,5,0.0008094968481719391,5,9
normal_589,0,25,6.594755761113893e-05,0,0,0,5,0.0008094968481719391,5,9
normal_589,0,30,0.0014169811322052742,1,1,0,5,0.0008094968481719391,5,9
normal_598,0,0,6.069623625725884e-05,0,0,0,5,0.0008094968481719391,5,9
normal_598,0,5,0.00036880016306063256,0,0,0,5,0.0008094968481719391,5,9
normal_598,0,10,9.529803579919456e-05,0,0,0,5,0.0008094968481719391,5,9
normal_598,0,15,5.4918609258665435e-05,0,0,0,5,0.0008094968481719391,5,9
normal_598,0,20,6.900394193569913e-05,0,0,0,5,0.0008094968481719391,5,9
normal_598,0,25,5.498228632460494e-05,0,0,0,5,0.0008094968481719391,5,9
normal_598,0,30,5.68663597869874e-05,0,0,0,5,0.0008094968481719391,5,9
normal_598,0,35,7.661040942706715e-05,0,0,0,5,0.0008094968481719391,5,9
normal_598,0,40,5.7452763857775065e-05,0,0,0,5,0.0008094968481719391,5,9
anomaly_3,1,0,0.9998572817809561,1,1,0,5,0.0008094968481719391,5,9
anomaly_3,1,5,0.6327561020358978,1,2,0,5,0.0008094968481719391,5,9
anomaly_3,1,10,0.23472737752432637,1,3,0,5,0.0008094968481719391,5,9
anomaly_3,1,15,0.9998661243477053,1,4,0,5,0.0008094968481719391,5,9
anomaly_3,1,20,0.9823233187568424,1,5,1,5,0.0008094968481719391,5,9
anomaly_3,1,25,0.9336057971300518,1,6,1,5,0.0008094968481719391,5,9
anomaly_3,1,30,0.9990545878102605,1,7,1,5,0.0008094968481719391,5,9
anomaly_3,1,35,0.8435000139822676,1,8,1,5,0.0008094968481719391,5,9
anomaly_13,1,0,0.9981785293992489,1,1,0,5,0.0008094968481719391,5,9
anomaly_13,1,5,0.9947777974631314,1,2,0,5,0.0008094968481719391,5,9
anomaly_13,1,10,0.9991197072657167,1,3,0,5,0.0008094968481719391,5,9
anomaly_13,1,15,0.998398801449034,1,4,0,5,0.0008094968481719391,5,9
anomaly_13,1,20,0.9997745301284642,1,5,1,5,0.0008094968481719391,5,9
anomaly_13,1,25,0.9996405469337428,1,6,1,5,0.0008094968481719391,5,9
anomaly_13,1,30,0.9996198602378129,1,7,1,5,0.0008094968481719391,5,9
anomaly_19,1,0,0.991473154919146,1,1,0,5,0.0008094968481719391,5,9
anomaly_19,1,5,0.9997482081901566,1,2,0,5,0.0008094968481719391,5,9
anomaly_19,1,10,0.999515872554548,1,3,0,5,0.0008094968481719391,5,9
