tree
version=v4
num_class=1
num_tree_per_iteration=1
label_index=0
max_feature_idx=29
objective=binary sigmoid:1
feature_names=Column_0 Column_1 Column_2 Column_3 Column_4 Column_5 Column_6 Column_7 Column_8 Column_9 Column_10 Column_11 Column_12 Column_13 Column_14 Column_15 Column_16 Column_17 Column_18 Column_19 Column_20 Column_21 Column_22 Column_23 Column_24 Column_25 Column_26 Column_27 Column_28 Column_29
feature_infos=[-20.877008438110352:15.879495620727539] [-5.598731517791748:4.0093350410461426] [-2.3943307399749756:3.7352514266967773] [-16.278522491455078:16.85151481628418] [-5.5408487319946289:3.3571805953979492] [-2.830291748046875:3.7948434352874756] [-16.374818801879883:21.884092330932617] [-6.4099869728088379:3.6140279769897461] [-2.7635917663574219:3.4756925106048584] [-17.738506317138672:26.277589797973633] [-3.923029899597168:3.1647472381591797] [-2.6403985023498535:3.8069753646850586] [-21.213956832885742:23.965248107910156] [-5.3441686630249023:3.7688231468200684] [-2.168424129486084:3.6448769569396973] [-20.544958114624023:15.629484176635742] [-5.6624059677124023:4.0548286437988281] [-2.4095249176025391:3.3006093502044678] [-10.043928146362305:16.654644012451172] [-5.7786259651184082:3.616706371307373] [-2.8725461959838867:3.7960104942321777] [-16.196081161499023:21.617301940917969] [-6.3561911582946777:3.5772655010223389] [-3.2883191108703613:3.5110008716583252] [-18.01063346862793:26.711917877197266] [-5.0011377334594727:3.3670575618743896] [-2.6827003955841064:3.8570983409881592] [-21.159687042236328:16.664398193359375] [-5.2973036766052246:3.4788274765014648] [-2.1749832630157471:3.0958516597747803]
tree_sizes=1705 1707 1711 1716 1706 1716 1723 1710 1718 1712 1710 1606 1510 1510 1503 1710 1716 1715 1710 1512 1712 1709 1713 1713 1723 1713 1713 1719 1725 1720 1709 1403 1712 1728 1724 1301 1398 1617 1615 1718 1718 1618 1717 1717 1618 1713 1716 1726 1716 1719 1719 1721 1723 1726 1714 1713 1715 1709 1727 1718 1193 1720 1723 1722 1720 1723 1723 1719 1725 1722 1725 1723 1719 1724 1732 1726 1722 1612 1735 1728 1740 1725 1732 1737 1733 1726 1735 1725 1737 1733 1732 1736 1754 1738 1743 1747 1733 1740 1742 1758 1746 1741 1746 1752 1633 1755 1758 1752 1766 1757 1762 1757 1757 1625 1757 1753 1775 1765 1764 1744 1763 1764 1766 1759 1756 1771 1665 1767 1768 1778 1763 1771 1769 1777 1765 1776 1775 1775 1776 1335 1120 1781 1780 1228 1782 1447 1783 1776 1336 1777 1129 1790 1665 1787 1787 1781 1454 1677 1800 1800 1348 1794 1796 1686 1242 1791 1453 1812 1681 1802 1794 1697 1696 1695 1802 1570 1802 1250 1459 1810

Tree=0
num_leaves=15
num_cat=0
split_feature=9 9 25 1 24 15 3 16 21 24 9 10 3 6
split_gain=339.424 572.748 160.513 174.149 171.225 134.553 100.941 62.0617 58.1521 24.4308 20.4429 10.1199 21.1791 0.853856
threshold=-2.6409056186676021 1.0294758081436159 -1.0720849633216856 0.89613133668899547 -2.2717951536178584 0.76639518141746532 0.61313396692276012 1.787299692630768 -2.2218227386474605 0.67274904251098644 1.6010003089904787 -0.58348295092582692 1.4786952137947085 -1.8760265707969663
decision_type=2 2 2 2 2 2 2 2 2 2 2 2 2 2
left_child=13 2 3 9 -4 6 7 -3 -6 -2 -8 -7 -13 -1
right_child=1 5 4 -5 8 11 10 -9 -10 -11 -12 12 -14 -15
leaf_value=0.10000006241536405 0.0043501566998021208 -0.099999937584635948 0.072153050589569931 -0.099999937584635962 0.057530540319199582 0.099053054027110524 0.0014948717173452267 0.094749698125811271 -0.099999937584635962 0.098218766137627311 0.090989335896414253 0.0029027113079698676 0.10000006241536404 0.088802023674651523
leaf_weight=52.377316951751709 9.1261523067951185 25.032138749957088 16.595381766557693 22.46473990380764 6.0452736914157859 81.331872388720512 9.3828921914100665 4.8899442106485358 189.47403484582901 28.826185494661331 19.944886669516563 9.2545222491025925 14.284722805023193 25.219940707087517
leaf_count=11 35 195 21 175 11 20 37 2 1476 8 11 36 3 16
internal_value=6.55361e-08 -0.0171241 -0.0615624 0.0103365 -0.0820414 0.056668 -0.00356277 -0.0681734 -0.0951292 0.0756468 0.0623572 0.0906971 0.061826 0.0963606
internal_weight=514.25 436.653 272.532 60.4171 212.115 164.121 59.2499 29.9221 195.519 37.9523 29.3278 104.871 23.5392 77.5973
internal_count=2057 2030 1726 218 1508 304 245 197 1487 43 48 59 39 27
is_linear=0
shrinkage=1


Tree=1
num_leaves=15
num_cat=0
split_feature=9 9 25 1 24 15 3 22 21 24 9 10 11 6
split_gain=307.066 518.11 145.24 157.525 154.93 121.739 91.2878 56.339 52.6381 22.1493 18.5165 9.19153 19.4495 0.779476
threshold=-2.6409056186676021 1.0294758081436159 -1.0720849633216856 0.89613133668899547 -2.2717951536178584 0.76639518141746532 0.61313396692276012 2.0409362316131596 -2.2218227386474605 0.67274904251098644 1.6010003089904787 -0.58348295092582692 1.55829393863678 -1.8760265707969663
decision_type=2 2 2 2 2 2 2 2 2 2 2 2 2 2
left_child=13 2 3 9 -4 6 7 -3 -6 -2 -8 -7 -13 -1
right_child=1 5 4 -5 8 11 10 -9 -10 -11 -12 12 -14 -15
leaf_value=0.095241868592772769 0.0041326036225396755 -0.095291771920331253 0.068636149931764742 -0.09524187560948931 0.054699982031101484 0.094335404426214908 0.0014200649432307652 0.090474469988492248 -0.09524187560948931 0.093536930046215341 0.086621985332355961 0.0016762855882925228 0.095025338250763161 0.084531209687546627
leaf_weight=52.246590614318848 9.1261091232299787 24.96969543397427 16.573801696300507 22.408671677112579 6.0402744114398947 81.132699534296989 9.3828866481781024 4.8789531588554373 189.00113940238953 28.756776869297028 19.90366168320179 9.1142589747905749 14.389314040541647 25.170285105705261
leaf_count=11 35 195 21 175 11 20 37 2 1476 8 11 35 4 16
internal_value=-1.60926e-07 -0.0163052 -0.0586214 0.00984037 -0.078127 0.0539517 -0.00339167 -0.0649271 -0.0905983 0.0719991 0.0593248 0.0863593 0.0588263 0.0917595
internal_weight=513.095 435.678 271.907 60.2916 211.615 163.771 59.1352 29.8486 195.041 37.8829 29.2865 104.636 23.5036 77.4169
internal_count=2057 2030 1726 218 1508 304 245 197 1487 43 48 59 39 27
is_linear=0
shrinkage=0.05


Tree=2
num_leaves=15
num_cat=0
split_feature=9 9 27 25 27 15 3 3 22 9 10 3 6 0
split_gain=279.02 470.674 132.641 125.38 138.351 110.619 82.8694 81.8137 51.2111 16.8828 8.47798 19.0605 0.726477 0.0415906
threshold=-2.6409056186676021 1.0294758081436159 -8.4545369148254377 -1.0720849633216856 0.34992909431457525 0.76639518141746532 0.61313396692276012 -1.7885360717773435 2.0409362316131596 1.6010003089904787 -0.58348295092582692 1.4786952137947085 -1.8760265707969663 0.77725291252136242
decision_type=2 2 2 2 2 2 2 2 2 2 2 2 2 2
left_child=12 2 -2 4 -4 6 8 -5 -3 -8 13 -12 -1 -7
right_child=1 5 3 7 -6 10 9 -9 -10 -11 11 -13 -14 -15
leaf_value=0.091131779572597174 0.092716243563419801 -0.091175512850616647 -0.092447840101589254 0.034189207484120195 0.068438183846794717 0.088902240084498485 0.0013490633459874804 -0.091383607776012621 0.086488017393525018 0.082781412538662849 0.00020982390573344857 0.092488680860706787 0.080760514101409428 0.09120809052175391
leaf_weight=51.881324768066406 14.194183349609373 24.796189576387409 22.663801848888397 13.938900530338286 32.558936506509781 33.40284463763237 9.3828725218772906 186.8044573366642 4.8493338525295249 19.788415417075157 9.2427948117256165 14.182455539703369 25.031455561518669 47.173304557800293
leaf_count=11 3 195 178 37 39 10 37 1469 2 11 36 3 16 10
internal_value=-8.28732e-07 -0.0155897 -0.0560601 -0.0643103 0.00240942 0.0515618 -0.00324099 -0.0826643 -0.0621138 0.0565889 0.082555 0.0560786 0.0877564 0.0902522
internal_weight=509.891 432.978 270.16 255.966 55.2227 162.818 58.8168 200.743 29.6455 29.1713 104.001 23.4253 76.9128 80.5761
internal_count=2057 2030 1726 1723 217 304 245 1506 197 48 59 39 27 20
is_linear=0
shrinkage=0.05


Tree=3
num_leaves=15
num_cat=0
split_feature=9 9 27 25 16 15 17 3 16 23 10 4 6 21
split_gain=254.491 429.001 120.903 114.582 126.691 100.923 75.4757 75.4753 46.8869 16.2103 7.89203 17.7601 0.689049 0.0404261
threshold=-2.6409056186676021 1.0294758081436159 -8.4545369148254377 -1.0720849633216856 -0.71143212914466847 0.76639518141746532 1.732149124145508 0.61313396692276012 1.787299692630768 0.47695252299308782 -0.58348295092582692 0.33700807392597204 -1.8760265707969663 1.0475244522094729
decision_type=2 2 2 2 2 2 2 2 2 2 2 2 2 2
left_child=12 2 -2 4 -4 7 -5 8 -3 -9 13 -12 -1 -7
right_child=1 5 3 6 -6 10 -8 9 -10 -11 11 -13 -14 -15
leaf_value=0.087549095293342177 0.08893483129667748 -0.087631577882133549 0.090114904147245517 -0.087908313550774483 -0.063484843942998401 0.085347746635765817 0.031520911837252745 -0.0020416633198209592 0.08320350762190365 0.078997562834796115 -0.0019167301288989436 0.087940972174064949 0.077401188677398189 0.087633261576039012
leaf_weight=51.317963123321533 14.06103467941284 24.52793346345425 23.482075214385986 184.48818622529507 31.344115823507309 33.050228834152222 14.250837340950964 8.9071972072124499 4.8028611689805976 20.086235225200653 8.9003873467445391 14.388354063034056 24.817209452390671 46.667478561401367
leaf_count=11 3 195 5 1466 212 10 40 34 2 14 34 5 16 10
internal_value=-1.93063e-06 -0.0149542 -0.0537769 -0.0616908 0.00230198 0.0494477 -0.0793445 -0.00310726 -0.0596577 0.0541012 0.0792053 0.0535996 0.0842413 0.0866857
internal_weight=505.092 428.957 267.626 253.565 54.8262 161.331 198.739 58.3242 29.3308 28.9934 103.006 23.2887 76.1352 79.7177
internal_count=2057 2030 1726 1723 217 304 1506 245 197 48 59 39 27 20
is_linear=0
shrinkage=0.05


Tree=4
num_leaves=15
num_cat=0
split_feature=9 9 25 1 24 15 3 22 21 24 9 10 11 6
split_gain=232.866 392.061 110.566 124.236 120.143 92.3945 68.8724 42.9434 42.71 18.3417 15.5116 7.45923 17.5601 0.663279
threshold=-2.6409056186676021 1.0294758081436159 -1.0720849633216856 0.89613133668899547 -2.2717951536178584 0.76639518141746532 0.61313396692276012 2.0409362316131596 -2.2218227386474605 0.67274904251098644 1.6010003089904787 -0.58348295092582692 1.55829393863678 -1.8760265707969663
decision_type=2 2 2 2 2 2 2 2 2 2 2 2 2 2
left_child=13 2 3 9 -4 6 7 -3 -6 -2 -8 -7 -13 -1
right_child=1 5 4 -5 8 11 10 -9 -10 -11 -12 12 -14 -15
leaf_value=0.084401503296171895 0.002519418625188812 -0.084476037534961981 0.06119853384531887 -0.085980035310128336 0.050919324650098352 0.083545684588602842 -0.001115766101002724 0.080067501079003137 -0.084578009175272903 0.084297018768090162 0.077189322789169845 -0.0031887745624105575 0.086093277246394651 0.07438398680157611
leaf_weight=50.58832311630249 9.0756606757640821 24.180743575096134 16.300142347812653 21.846023075282574 6.0065321922302237 78.605826608836651 9.3728667497634905 4.7430852055549613 183.13391348719597 28.043177366256714 19.444884732365608 9.032099127769472 14.112083971500395 24.539588503539562
leaf_count=11 35 195 21 175 11 20 37 2 1476 8 11 35 4 16
internal_value=-2.4863e-06 -0.0143816 -0.0517282 0.00862378 -0.0690502 0.0475316 -0.00298653 -0.0574933 -0.080275 0.0643022 0.0517209 0.0761998 0.0512506 0.0811294
internal_weight=499.025 423.897 264.405 58.9649 205.441 159.492 57.7416 28.9238 189.14 37.1188 28.8178 101.75 23.1442 75.1279
internal_count=2057 2030 1726 218 1508 304 245 197 1487 43 48 59 39 27
is_linear=0
shrinkage=0.05


Tree=5
num_leaves=15
num_cat=0
split_feature=9 9 27 25 27 15 3 3 16 23 10 3 10 27
split_gain=213.717 359.505 102.634 96.9956 109.691 84.8151 66.8784 63.0496 39.5848 14.8654 7.09196 17.4381 0.651171 0.0400464
threshold=-2.6409056186676021 1.0294758081436159 -8.4545369148254377 -1.0720849633216856 0.34992909431457525 0.76639518141746532 -1.7885360717773435 0.61313396692276012 1.787299692630768 0.47695252299308782 -0.58348295092582692 1.4786952137947085 1.938426733016968 0.29999148845672613
decision_type=2 2 2 2 2 2 2 2 2 2 2 2 2 2
left_child=12 2 -2 4 -4 7 -5 8 -3 -9 13 -12 -1 -7
right_child=1 5 3 6 -6 10 -8 9 -10 -11 11 -13 -14 -15
leaf_value=0.073127922623248673 0.083266441722185308 -0.081727794231155504 -0.083889606116941823 0.032355349572457552 0.06152559607442605 0.079409513837493395 -0.082018899862062664 -0.0042351256882646321 0.077484939882981274 0.073776155863435014 -0.0043410405204652681 0.084643015402665139 0.082567599119042046 0.081719728613907167
leaf_weight=32.995611101388931 13.701817512512205 23.767282947897915 21.923804432153702 13.76260071992874 31.748730346560478 32.049893982708454 179.22360354661942 8.8485008031129855 4.6713491082191458 19.707174137234688 9.1658431887626648 13.787713527679443 40.933741092681885 45.23304557800293
leaf_count=18 3 195 178 37 39 10 1469 34 2 14 36 3 9 10
internal_value=-3.95973e-06 -0.0138764 -0.0499283 -0.0573272 0.00212735 0.0458224 -0.0738624 -0.00287824 -0.0555754 0.0496029 0.0735136 0.0491098 0.0783546 0.0807617
internal_weight=491.521 417.591 260.361 246.659 53.6725 157.231 192.986 56.9943 28.4386 28.5557 100.236 22.9536 73.9294 77.2829
internal_count=2057 2030 1726 1723 217 304 1506 245 197 48 59 39 27 20
is_linear=0
shrinkage=0.05


Tree=6
num_leaves=15
num_cat=0
split_feature=9 9 27 25 16 15 17 6 29 10 4 6 3 0
split_gain=196.619 330.322 94.3561 89.5723 101.872 78.1201 62.4619 58.4202 27.0101 6.77455 16.2334 0.701007 0.341118 0.0393549
threshold=-2.6409056186676021 1.0294758081436159 -8.4545369148254377 -1.0720849633216856 -0.71143212914466847 0.76639518141746532 1.732149124145508 1.0000000180025095e-35 -0.62970793247222889 -0.58348295092582692 0.33700807392597204 -1.8760265707969663 0.65245759487152111 0.77725291252136242
decision_type=2 2 2 2 2 2 2 2 2 2 2 2 2 2
left_child=11 2 -2 4 -4 7 -5 12 -9 13 -11 -1 -3 -7
right_child=1 5 3 6 -6 9 -8 8 -10 10 -12 -13 -14 -15
leaf_value=0.079287298670310924 0.080610096276327314 -0.079128596259306433 0.082363384085356317 -0.079622805778362185 -0.057815856684955494 0.076924848991067094 0.030025936635442719 -0.086852323561199138 0.044641139680587222 -0.0062168693696699039 0.080619215628896845 0.068817425802443252 -0.10091223954975731 0.079237425923221472
leaf_weight=48.802462577819824 13.451946735382078 14.452112495899202 22.619282245635986 175.45014832913876 30.35261420160532 31.439558133482933 14.026517644524573 4.3911100029945365 35.301321156322956 8.7572172582149523 13.964492142200468 23.776534989476204 2.0523605644702902 44.346400260925293
leaf_count=11 3 121 5 1466 212 10 40 36 72 34 5 16 16 10
internal_value=-6.0975e-06 -0.0134158 -0.0482851 -0.0554366 0.00204143 0.0442622 -0.0715058 -0.00277899 0.0300942 0.0710984 0.0471516 0.0758574 -0.0818374 0.0782781
internal_weight=483.184 410.605 255.901 242.449 52.9719 154.705 189.477 56.1969 39.6924 98.5077 22.7217 72.579 16.5045 75.786
internal_count=2057 2030 1726 1723 217 304 1506 245 108 59 39 27 137 20
is_linear=0
shrinkage=0.05


Tree=7
num_leaves=15
num_cat=0
split_feature=9 9 27 25 27 15 3 3 16 9 10 11 6 21
split_gain=181.276 303.844 86.9167 83.0275 94.7732 72.3019 59.6647 54.8741 34.8505 13.8066 6.54286 16.2169 0.690319 0.0390495
threshold=-2.6409056186676021 1.0294758081436159 -8.4545369148254377 -1.0720849633216856 0.34992909431457525 0.76639518141746532 -1.7885360717773435 0.61313396692276012 1.787299692630768 1.6010003089904787 -0.58348295092582692 1.55829393863678 -1.8760265707969663 1.0475244522094729
decision_type=2 2 2 2 2 2 2 2 2 2 2 2 2 2
left_child=12 2 -2 4 -4 7 -5 8 -3 -9 13 -12 -1 -7
right_child=1 5 3 6 -6 10 -8 9 -10 -11 11 -13 -14 -15
leaf_value=0.077054879129076215 0.07824071309022973 -0.077883610194124819 -0.079435846841719129 0.031240650132784771 0.057667869117505821 0.074687779769843726 -0.077355848265971403 -0.003267363094598338 0.073740665320796275 0.071178603261202275 -0.0072199345989588277 0.079603234581062263 0.066565533957457387 0.077016547824497045
leaf_weight=47.732565402984619 13.173377037048338 22.97275293618441 21.227241262793541 13.652028173208235 31.029678732156754 30.772135756909847 171.99951310455799 9.3203809559345263 4.5384494662284842 18.770611211657524 8.8969270288944262 13.598536759614943 23.36235561221838 43.375179290771484
leaf_count=11 3 195 178 37 39 10 1469 37 2 11 35 4 16 10
internal_value=-7.09869e-06 -0.0129833 -0.0467766 -0.0536991 0.00197508 0.0427485 -0.0693701 -0.00267831 -0.0528706 0.046478 0.0688842 0.0452648 0.073608 0.0760501
internal_weight=474.422 403.327 251.082 237.908 52.2569 152.245 185.652 55.6022 27.5112 28.091 96.6428 22.4955 71.0949 74.1473
internal_count=2057 2030 1726 1723 217 304 1506 245 197 48 59 39 27 20
is_linear=0
shrinkage=0.05


Tree=8
num_leaves=15
num_cat=0
split_feature=9 9 25 1 24 15 3 21 22 24 23 10 3 6
split_gain=167.494 280.302 80.3722 94.0779 89.6283 66.8572 50.4916 34.1265 32.3375 15.0167 13.122 6.33647 16.2517 0.685396
threshold=-2.6409056186676021 1.0294758081436159 -1.0720849633216856 0.89613133668899547 -2.2717951536178584 0.76639518141746532 0.61313396692276012 -2.2218227386474605 2.0409362316131596 0.67274904251098644 0.47695252299308782 -0.58348295092582692 1.4786952137947085 -1.8760265707969663
decision_type=2 2 2 2 2 2 2 2 2 2 2 2 2 2
left_child=13 2 3 9 -4 6 8 -6 -3 -2 -8 -7 -13 -1
right_child=1 5 4 -5 7 11 10 -9 -10 -11 -12 12 -14 -15
leaf_value=0.075048476980592582 0.00067438868079209451 -0.075837839141081553 0.054155794661799705 -0.077858682609740493 0.046951818690583291 0.074041381919741703 -0.0060172118670071967 -0.075262825618571727 0.071778818876044731 0.075927235054272041 0.068012778424689932 -0.0081248326113487809 0.078900806715046373 0.064487343172851375
leaf_weight=46.587226390838623 8.8590116500854474 22.438878536224369 15.547243565320967 20.449309468269348 5.9121205955743781 72.395305387675762 8.7351520806550997 168.7202605754137 4.4449392259120932 26.339308485388756 19.018273398280144 9.0389481633901596 13.197568416595459 22.920707702636719
leaf_count=11 35 195 21 175 11 20 34 1476 2 8 14 36 3 16
internal_value=-9.36797e-06 -0.0126014 -0.0454185 0.00743408 -0.0608835 0.0414444 -0.00259419 -0.0711253 -0.0514311 0.056987 0.0447125 0.0668708 0.0435257 0.0715659
internal_weight=464.604 395.096 245.827 55.6476 190.18 149.269 54.6372 174.632 26.8838 35.1983 27.7534 94.6318 22.2365 69.5079
internal_count=2057 2030 1726 218 1508 304 245 1487 197 43 48 59 39 27
is_linear=0
shrinkage=0.05


Tree=9
num_leaves=15
num_cat=0
split_feature=9 9 27 25 16 15 17 6 29 10 16 10 3 27
split_gain=155.04 259.07 75.1179 71.793 83.3773 61.9798 53.1733 47.1183 22.2798 6.14904 16.0363 0.69622 0.376841 0.0407159
threshold=-2.6409056186676021 1.0294758081436159 -8.4545369148254377 -1.0720849633216856 -0.71143212914466847 0.76639518141746532 1.732149124145508 1.0000000180025095e-35 -0.62970793247222889 -0.58348295092582692 0.41287624835968023 1.938426733016968 0.65245759487152111 0.29999148845672613
decision_type=2 2 2 2 2 2 2 2 2 2 2 2 2 2
left_child=11 2 -2 4 -4 7 -5 12 -9 13 -11 -1 -3 -7
right_child=1 5 3 6 -6 9 -8 8 -10 10 -12 -13 -14 -15
leaf_value=0.064043802516988407 0.074578462167747925 -0.073077778776883609 0.076666487487328072 -0.073706886467626742 -0.053372407133141744 0.070796694824212844 0.028726312247002395 -0.081790533332703766 0.040676202825850577 -0.013413766107834416 0.074930107727748274 0.074236500333663497 -0.096107282178266473 0.073234198468369746
leaf_weight=30.177319526672363 12.613501548767088 13.424621917307375 21.422889232635498 163.38592238724232 29.030335411429405 29.29958451539278 13.734263017773626 4.1688643246889105 34.019112318754196 8.2013670951128024 13.746844366192816 37.663110256195068 2.04724296927452 41.255188465118408
leaf_count=18 3 121 5 1466 212 10 40 36 72 33 6 9 16 10
internal_value=-1.1332e-05 -0.0122526 -0.0441924 -0.0507754 0.00184327 0.0402335 -0.065764 -0.00251588 0.0273069 0.0650319 0.0419187 0.0697025 -0.0761251 0.072222
internal_weight=454.19 386.35 240.187 227.573 50.4532 146.163 177.12 53.6598 38.188 92.503 21.9482 67.8404 15.4719 70.5548
internal_count=2057 2030 1726 1723 217 304 1506 245 108 59 39 27 137 20
is_linear=0
shrinkage=0.05


Tree=10
num_leaves=15
num_cat=0
split_feature=9 9 27 25 27 15 3 3 3 29 10 3 6 0
split_gain=143.691 239.448 69.5665 66.994 77.2114 57.6917 51.0522 44.352 30.1195 17.3082 6.04269 15.1766 0.74369 0.0415202
threshold=-2.6409056186676021 1.0294758081436159 -8.4545369148254377 -1.0720849633216856 0.34992909431457525 0.76639518141746532 -1.7885360717773435 0.61313396692276012 -4.1185138225555411 -0.62970793247222889 -0.58348295092582692 1.4786952137947085 -1.8760265707969663 0.77725291252136242
decision_type=2 2 2 2 2 2 2 2 2 2 2 2 2 2
left_child=12 2 -2 4 -4 7 -5 8 -3 -9 13 -12 -1 -7
right_child=1 5 3 6 -6 10 -8 9 -10 -11 11 -13 -14 -15
leaf_value=0.071716600531068514 0.072813582134076502 0.073776987587165568 -0.074272776415328742 0.02968641348725784 0.052963814634668677 0.069108832768176587 -0.072020859278780547 -0.093642725606427155 -0.073140857442955717 0.053863910053501822 -0.0095204210799844438 0.075392761019692972 0.060448529411699641 0.071604104777661839
leaf_weight=44.228977203369141 12.281676054000853 4.160020828247073 19.944429859519005 13.374201059341429 29.647290244698524 28.519835375249386 159.27147057652473 2.1604826450347927 21.611190944910049 25.010626070201397 8.9689479619264603 12.732317924499512 21.89046074450016 40.127120018005371
leaf_count=11 3 1 178 37 39 10 1469 17 196 31 36 3 16 10
internal_value=-1.25582e-05 -0.0119128 -0.043027 -0.0494288 0.00179275 0.0390108 -0.064142 -0.00243455 -0.0494252 0.0421351 0.063297 0.0402989 0.067986 0.0705674
internal_weight=443.929 377.81 234.519 222.237 49.5917 143.291 172.646 52.9423 25.7712 27.1711 90.3482 21.7013 66.1194 68.647
internal_count=2057 2030 1726 1723 217 304 1506 245 197 48 59 39 27 20
is_linear=0
shrinkage=0.05


Tree=11
num_leaves=14
num_cat=0
split_feature=9 9 27 25 16 15 17 3 3 2 10 11 21
split_gain=133.529 215.681 76.1059 62.9871 73.193 53.6422 48.6938 40.9618 27.9959 16.4281 5.89914 15.185 0.0417102
threshold=-3.0465246438980098 1.0294758081436159 -2.7433891296386714 -1.0720849633216856 -0.71143212914466847 0.76639518141746532 1.732149124145508 0.61313396692276012 -4.1185138225555411 -0.73192197084426869 -0.58348295092582692 1.55829393863678 1.0475244522094729
decision_type=2 2 2 2 2 2 2 2 2 2 2 2 2
left_child=-1 2 -2 4 -4 7 -5 8 -3 -9 12 -12 -7
right_child=1 5 3 6 -6 10 -8 9 -10 -11 11 -13 -14
leaf_value=0.069513602708621974 0.06125104261531733 0.072085930803351531 0.073454165444188493 -0.070935556822286847 -0.0512473414591249 0.067574676609945802 0.027826082410510357 -0.12161524752122094 -0.071520752272152752 0.050050482322576542 -0.012343404782281828 0.073534760948513619 0.070111785909582058
leaf_weight=59.553478255867958 17.025811143219471 4.0475788116455105 20.508914470672607 154.68664521723986 27.605998001992702 27.728308819234371 13.576015815138815 1.4748371392488504 21.010910332202911 25.322551019489765 8.6301816105842608 12.755119875073431 38.96239972114563
leaf_count=18 15 1 5 1468 207 10 40 12 196 36 35 4 10
internal_value=-1.54425e-05 -0.0111065 -0.0405326 -0.0485415 0.0019065 0.0379754 -0.0629671 -0.00237002 -0.0483246 0.0406026 0.0617293 0.0388781 0.0690569
internal_weight=432.889 373.335 233.403 216.378 48.1149 139.932 168.263 51.8559 25.0585 26.7974 88.076 21.3853 66.6907
internal_count=2057 2039 1735 1720 212 304 1508 245 197 48 59 39 20
is_linear=0
shrinkage=0.05


Tree=12
num_leaves=13
num_cat=0
split_feature=9 9 27 25 27 12 15 3 15 22 10 3
split_gain=124.255 199.922 70.5437 58.9801 68.3675 50.6752 48.7974 46.9167 37.8342 25.056 5.57779 0.556031
threshold=-3.0465246438980098 1.0294758081436159 -2.7433891296386714 -1.0720849633216856 0.34992909431457525 0.42993690073490148 -1.974144399166107 -1.7885360717773435 -0.058171316981315606 -1.1649461388587949 -0.39878574013710016 0.65245759487152111
decision_type=2 2 2 2 2 2 2 2 2 2 2 2
left_child=-1 2 -2 4 -4 6 -3 -5 11 -8 -10 -7
right_child=1 5 3 7 -6 8 9 -9 10 -11 -12 -13
leaf_value=0.068078343272305539 0.05953259592630359 0.06793813474404567 -0.073030650576353717 0.028720610765957211 0.05019578022012873 -0.068534095312192025 0.046812871302343025 -0.069518778115032806 0.068905220162372757 -0.07976409027624845 0.039930412991549251 -0.10434405917656925
leaf_weight=57.812724083662033 16.650985613465309 12.276987612247465 18.521128058433533 13.222042500972746 28.694818288087845 3.2418734133243552 4.8931976258754757 150.3649697303772 73.667901590466499 19.451856859028339 21.444772034883499 1.6285531297326086
leaf_count=18 15 5 173 37 39 32 9 1471 23 176 46 13
internal_value=-1.60018e-05 -0.0108294 -0.0395439 -0.0473698 0.00185846 0.0369816 -0.0133368 -0.0615785 0.0554123 -0.0543229 0.0623724 -0.0805081
internal_weight=421.872 364.059 227.454 210.803 47.2159 136.605 36.622 163.587 99.9831 24.3451 95.1127 4.87043
internal_count=2057 2039 1735 1720 212 304 190 1508 114 185 69 45
is_linear=0
shrinkage=0.05


Tree=13
num_leaves=13
num_cat=0
split_feature=9 9 27 25 16 12 15 17 15 22 10 3
split_gain=115.788 185.563 65.4795 55.2419 64.3668 46.9924 45.1975 44.6179 35.0434 23.2211 5.61194 0.43674
threshold=-3.0465246438980098 1.0294758081436159 -2.7433891296386714 -1.0720849633216856 -0.71143212914466847 0.42993690073490148 -1.974144399166107 1.732149124145508 -0.058171316981315606 -1.1649461388587949 -0.39878574013710016 0.65245759487152111
decision_type=2 2 2 2 2 2 2 2 2 2 2 2
left_child=-1 2 -2 4 -4 6 -3 -5 11 -8 -10 -7
right_child=1 5 3 7 -6 8 9 -9 10 -11 -12 -13
leaf_value=0.06675983546012669 0.057902561401646374 0.066383444028479774 0.070750558539382863 -0.068345453799513844 -0.048661308217898651 -0.067306435035101461 0.045036329786991236 0.026978450524268085 0.067533241603690022 -0.077722901353856358 0.038271745433282482 -0.09922828391172131
leaf_weight=56.05148820579052 16.273399971425533 11.944728717207907 19.542115211486816 145.43189404159784 26.708959311246872 3.1385734751820555 4.8334484323859241 13.407383546233175 71.462254039943218 18.976614214479923 21.260229378938675 1.626895986497402
leaf_count=18 15 5 5 1468 207 32 9 40 23 176 46 13
internal_value=-1.93764e-05 -0.0105749 -0.0386364 -0.0462965 0.00179288 0.0360452 -0.0129858 -0.0602993 0.0540278 -0.0528027 0.0608239 -0.0782043
internal_weight=410.658 354.606 221.364 205.09 46.2511 133.243 35.7548 158.839 97.488 23.8101 92.7225 4.76547
internal_count=2057 2039 1735 1720 212 304 190 1508 114 185 69 45
is_linear=0
shrinkage=0.05


Tree=14
num_leaves=13
num_cat=0
split_feature=9 9 27 25 27 15 3 18 11 12 3 28
split_gain=108.016 172.35 60.8121 51.875 60.2406 43.8963 43.1143 38.1245 23.2039 15.6153 19.7696 1.11604
threshold=-3.0465246438980098 1.0294758081436159 -2.7433891296386714 -1.0720849633216856 0.34992909431457525 0.52228301763534557 -1.7885360717773435 -2.8746060132980342 1.0798652768135073 0.58208873867988598 1.5921928286552431 1.1838635802268984
decision_type=2 2 2 2 2 2 2 2 2 2 2 2
left_child=-1 2 -2 4 -4 7 -5 -3 -9 10 -7 -11
right_child=1 5 3 6 -6 9 -8 8 -10 11 -12 -13
leaf_value=0.065544651629054179 0.056349878428448713 0.069960093334336365 -0.070541188350425693 0.027808783641399049 0.047716857109865091 -0.086770493899366169 -0.067149982471056593 -0.075064500213228275 0.011571311082076053 0.065919013667981086 0.070113574423518552 0.052309059290305972
leaf_weight=54.28106002509594 15.895381353795527 11.907203681766985 17.61581002175808 13.060349538922308 27.705796390771866 4.14346084743738 141.03075660020113 16.814117260277275 14.303204163908957 58.475659653544426 3.896418571472168 20.289022073149681
leaf_count=18 15 4 173 37 39 36 1471 162 60 20 1 21
internal_value=-2.02277e-05 -0.0103319 -0.0377688 -0.0452711 0.00175178 0.0351694 -0.0591015 -0.00612691 -0.035242 0.0556379 -0.0107388 0.0624132
internal_weight=399.418 345.137 215.308 199.413 45.3216 129.829 154.091 43.0245 31.1173 86.8046 8.03988 78.7647
internal_count=2057 2039 1735 1720 212 304 1508 226 222 78 37 41
is_linear=0
shrinkage=0.05


Tree=15
num_leaves=15
num_cat=0
split_feature=22 16 22 27 13 24 27 0 0 21 0 22 0 21
split_gain=101.152 191.812 72.178 68.0042 69.4348 47.251 22.0485 21.4053 22.3622 16.6334 14.1053 6.173 12.0959 3.04993
threshold=0.87612155079841625 -0.89030838012695301 -0.47045595943927759 -0.79297393560409535 -0.22817680984735486 1.630087196826935 1.8966376185417178 6.7847740650177011 -2.5856623649597164 -0.73751699924468983 6.7847740650177011 1.9471156001091006 3.2807285785675053 -0.52724197506904591
decision_type=2 2 2 2 2 2 2 2 2 2 2 2 2 2
left_child=1 2 9 13 -5 7 -7 8 -3 10 -1 12 -6 -2
right_child=3 5 -4 4 11 6 -8 -9 -10 -11 -12 -13 -14 -15
leaf_value=-0.069806865175159424 0.068753475054942489 0.065239505918705476 -0.072884630847915535 -0.069969678040628522 -0.070720679974055276 -0.071792480017517521 0.068057372125109858 0.065285813713054683 -0.064304766219515627 0.065237086890424581 0.065239505918705462 0.070874945217027183 0.069055412837231156 0.047737847508336984
leaf_weight=4.4660722836852065 59.772999420762062 3.4098091125488272 12.236555077135561 24.706469930708408 2.6089255958795574 3.7308528423309317 11.523052796721457 3.4153199195861808 144.7401652187109 71.189441949129105 3.4098091125488281 14.891104459762571 3.8054277896881104 24.275653466582298
leaf_count=46 18 1 121 254 27 38 4 1 1475 26 1 4 1 40
internal_value=-2.36906e-05 -0.0181413 0.0401199 0.0359329 -0.0129318 -0.0500283 0.0338524 -0.0584702 -0.0613232 0.0576091 -0.0113395 0.0532111 0.0122039 0.0626836
internal_weight=388.182 258.121 91.3019 130.061 46.0119 166.819 15.2539 151.565 148.15 79.0653 7.87588 21.3055 6.41435 84.0487
internal_count=2057 1713 194 344 286 1519 42 1477 1476 73 47 32 28 58
is_linear=0
shrinkage=0.05


Tree=16
num_leaves=15
num_cat=0
split_feature=9 9 19 21 10 12 15 24 15 22 28 10 9 7
split_gain=94.6668 150.504 53.8736 61.9201 57.39 38.6519 37.2014 31.9093 29.1746 18.8397 9.24787 5.73961 3.43613 2.89378
threshold=-3.0465246438980098 1.0294758081436159 0.75730013847351085 -0.81730100512504567 -1.2418280243873594 0.42993690073490148 -1.974144399166107 1.630087196826935 -0.058171316981315606 -1.1649461388587949 -1.0097944140434263 -0.39878574013710016 0.67549332976341259 0.87592786550521862
decision_type=2 2 2 2 2 2 2 2 2 2 2 2 2 2
left_child=-1 2 4 13 12 6 -3 -5 -7 -8 -6 -10 -2 -4
right_child=1 5 3 7 10 8 9 -9 11 -11 -12 -13 -14 -15
leaf_value=0.063435748171228684 0.01715924918008245 0.062786065322431028 0.039827056740933134 -0.067753654556111056 -0.013059635352015118 -0.073767189627887017 0.041524401409505675 0.047361058281629967 0.064515302680589345 -0.073093187413442826 -0.06631423142749486 0.033952223927513688 0.069305405872293904 0.075358590180156837
leaf_weight=50.83479618281126 5.4366083443164808 10.985734120011328 8.7769580259919184 25.575647234916687 8.7339410558342916 4.4675384089350691 4.5008830726146725 7.8731583505868903 65.162713177502155 17.621859036386013 122.36097605526447 20.099526911973953 7.5411205291748047 16.508196115493774
leaf_count=18 22 5 21 272 59 45 9 12 23 176 1343 46 2 4
internal_value=-2.27483e-05 -0.00992894 -0.0363833 0.00397781 -0.0528373 0.0337474 -0.0124255 -0.040658 0.0507842 -0.0497742 -0.0627662 0.0573104 0.0474604 0.0630249
internal_weight=376.48 325.645 202.807 58.734 144.073 122.838 33.1085 33.4488 89.7298 22.1227 131.095 85.2622 12.9777 25.2852
internal_count=2057 2039 1735 309 1426 304 190 284 114 185 1402 69 24 25
is_linear=0
shrinkage=0.05


Tree=17
num_leaves=15
num_cat=0
split_feature=9 9 19 21 10 12 15 24 15 22 28 10 9 7
split_gain=88.5798 140.171 50.4092 57.3713 53.6568 35.9516 34.6139 29.8177 27.1403 17.5694 9.08878 5.78422 3.32451 2.79813
threshold=-3.0465246438980098 1.0294758081436159 0.75730013847351085 -0.81730100512504567 -1.2418280243873594 0.42993690073490148 -1.974144399166107 1.630087196826935 -0.058171316981315606 -1.1649461388587949 -1.0097944140434263 -0.39878574013710016 0.67549332976341259 0.87592786550521862
decision_type=2 2 2 2 2 2 2 2 2 2 2 2 2 2
left_child=-1 2 4 13 12 6 -3 -5 -7 -8 -6 -10 -2 -4
right_child=1 5 3 7 10 8 9 -9 11 -11 -12 -13 -14 -15
leaf_value=0.06246357155508131 0.016347202799860884 0.061594916362554743 0.038316722069915272 -0.066659782204980408 -0.012425816543032084 -0.072300173944041035 0.039994167896415495 0.045914800603075387 0.063484032526054987 -0.071628534401287858 -0.065320522931328451 0.032566634008806057 0.068026461101080835 0.073558490368947335
leaf_weight=49.088971570134163 5.4217290580272657 10.646885082125662 8.6695601195096987 24.717335425317287 8.7208143100142461 4.333675116300582 4.4409883916378048 7.719062164425849 62.965927116572857 17.09641170501709 118.11885070055723 19.911821328103542 7.3047475814819336 16.077483654022217
leaf_count=18 22 5 21 272 59 45 9 12 23 176 1343 46 2 4
internal_value=-2.53395e-05 -0.00972821 -0.0356637 0.0038751 -0.0518636 0.0330103 -0.0121545 -0.0398698 0.0496777 -0.0486121 -0.0616838 0.056056 0.0460101 0.0612123
internal_weight=365.234 316.145 196.75 57.1834 139.566 119.396 32.1843 32.4364 87.2114 21.5374 126.84 82.8777 12.7265 24.747
internal_count=2057 2039 1735 309 1426 304 190 284 114 185 1402 69 24 25
is_linear=0
shrinkage=0.05


Tree=18
num_leaves=15
num_cat=0
split_feature=24 24 0 0 25 21 26 8 19 28 6 10 1 19
split_gain=83.2682 122.889 66.664 36.3158 31.7407 52.7099 22.5152 20.8248 20.5994 19.1559 17.9844 7.93606 1.60537 2.19583
threshold=-2.9934116601943965 1.0270575284957888 1.3684281110763552 -1.878970682621002 -1.0117398500442503 1.187563478946686 -0.13975612074136731 -0.50561502575874318 -0.85862097144126881 0.30758336186409002 -2.6746118068695064 0.93072041869163524 0.93488579988479625 0.60040086507797252
decision_type=2 2 2 2 2 2 2 2 2 2 2 2 2 2
left_child=-1 2 3 9 12 10 -4 -8 -5 -2 -6 -7 -3 -14
right_child=1 4 6 8 5 11 7 -9 -10 -11 -12 -13 13 -15
leaf_value=0.062842573706006488 -0.065123726850716018 0.064235955888307938 -0.069102660135210131 -0.021154543150477469 0.062588101447930519 -0.0015746719657764086 -0.069077978803798623 0.05579700821190086 -0.065516315389273869 0.06221067606087121 -0.067290447350100535 0.06235158765924808 0.06276966358648918 0.027291089546958316
leaf_weight=45.846184775233269 4.0723767578601828 39.691309593617916 5.3415373638272277 34.345710344612598 3.0602524280548122 6.1006285771727589 3.7688226029276839 29.24959509819746 109.9092321395874 10.751143530011175 20.657800391316414 23.777293108403683 9.2592415809631365 8.2444299980998021
leaf_count=18 46 14 57 252 1 36 41 30 1286 7 231 12 3 23
internal_value=-2.79508e-05 -0.00937934 -0.0330291 -0.0472961 0.0327664 0.00511994 0.0261362 0.0415434 -0.0549542 0.0272289 -0.0505327 0.0492988 0.0586731 0.0460588
internal_weight=354.076 308.229 197.438 159.078 110.791 53.596 38.36 33.0184 144.255 14.8235 23.7181 29.8779 57.195 17.5037
internal_count=2057 2039 1719 1591 320 280 128 71 1538 53 232 48 40 26
is_linear=0
shrinkage=0.05


Tree=19
num_leaves=13
num_cat=0
split_feature=9 9 27 25 16 17 10 12 19 0 15 15
split_gain=78.1379 122.23 44.3324 40.5826 47.2747 32.2619 32.227 29.3425 20.8081 18.9667 3.42812 0.495988
threshold=-3.0465246438980098 1.0294758081436159 -2.7433891296386714 -1.0720849633216856 -0.71143212914466847 1.732149124145508 1.3470472097396853 0.42993690073490148 -1.0099504590034483 3.2807285785675053 0.76639518141746532 0.79979470372200023
decision_type=2 2 2 2 2 2 2 2 2 2 2 2
left_child=-1 2 -2 4 -4 -5 7 8 -3 11 -9 -8
right_child=1 6 3 5 -6 -7 9 10 -10 -11 -12 -13
leaf_value=0.060774493480194716 0.051952322704022037 0.063080641608857388 0.065696043640408569 -0.062809340528045474 -0.04369361256533863 0.022812855676174908 -0.066199968404366996 0.030974926270866454 -0.042948934411045907 0.064754725175397557 0.060614318578201688 -0.093255270352739644
leaf_weight=45.794227160513401 13.763042971491812 6.7307662367820749 17.071484565734863 118.62557616084814 23.435631051659584 12.126235477626322 8.6205228045582754 11.460406959056852 14.805724404752254 3.3509559631347647 65.584621734917164 2.1082537323236457
leaf_count=18 15 3 5 1468 207 40 98 32 125 1 28 17
internal_value=-2.83163e-05 -0.00938194 -0.0343829 -0.0413212 0.00240801 -0.0548685 0.0316768 0.0417831 -0.00981167 -0.0390841 0.0562055 -0.0715165
internal_weight=343.477 297.683 185.022 171.259 40.5071 130.752 112.661 98.5815 21.5365 14.0797 77.045 10.7288
internal_count=2057 2039 1735 1720 212 1508 304 188 128 116 60 115
is_linear=0
shrinkage=0.05


Tree=20
num_leaves=15
num_cat=0
split_feature=22 16 22 21 28 0 24 13 21 25 22 0 16 15
split_gain=74.5326 141.197 54.7883 51.4611 60.3199 35.1158 33.2429 16.812 10.3915 17.5662 2.66986 2.86097 1.31204 1.67289
threshold=0.87612155079841625 -0.89030838012695301 -0.47045595943927759 -0.7267409861087798 0.038579428568482406 -2.5856623649597164 4.7687368392944345 -0.72063052654266346 0.36395484209060674 -0.041702808812260621 1.5930466651916506 3.2807285785675053 0.74980112910270702 1.6736964583396914
decision_type=2 2 2 2 2 2 2 2 2 2 2 2 2 2
left_child=1 2 8 12 -5 -3 7 -7 9 -1 11 -6 13 -2
right_child=3 5 -4 4 10 6 -8 -9 -10 -11 -12 -13 -14 -15
leaf_value=0.062977360809742047 0.031707399073645594 0.065718833758949519 -0.06823730879516153 -0.065310137408486277 0.0040921348310163043 -0.013214460557317299 0.062415072897592218 -0.064648067660112163 0.062348754600531159 -0.067282157923546013 0.061938560791341774 0.063829560317969089 0.065539317236645037 0.06333604498583556
leaf_weight=6.1879732608795148 7.4678230509161976 6.6484100818634024 10.642363391816614 22.766444623470306 5.2749204635620135 18.531253799796104 6.0685746669769278 111.37996169924736 56.719515085220337 4.4491181895136833 14.80504536628723 3.2325501441955566 49.185089349746704 9.4978134632110578
leaf_count=2 22 2 121 273 25 140 2 1375 19 52 5 1 15 3
internal_value=-2.7654e-05 -0.0169025 0.0371869 0.0331458 -0.00742114 -0.0464823 -0.0519681 -0.0573113 0.053844 0.00849442 0.0491119 0.0267903 0.0614037 0.049414
internal_weight=332.857 220.627 77.999 112.23 46.079 142.628 135.98 129.911 67.3566 10.6371 23.3125 8.50747 66.1507 16.9656
internal_count=2057 1713 194 344 304 1519 1517 1515 73 54 31 26 40 25
is_linear=0
shrinkage=0.05


Tree=21
num_leaves=15
num_cat=0
split_feature=24 24 0 0 25 21 13 26 8 29 6 10 1 16
split_gain=69.8794 101.073 55.0213 30.13 26.9429 43.8768 19.463 18.8464 17.3735 16.2454 14.8847 6.75771 1.54758 2.09352
threshold=-2.9934116601943965 1.0270575284957888 1.3684281110763552 -1.878970682621002 -1.0117398500442503 1.187563478946686 -0.65903353691101063 -0.13975612074136731 -0.50561502575874318 1.004458010196686 -2.6746118068695064 0.93072041869163524 0.93488579988479625 -1.1042327880859373
decision_type=2 2 2 2 2 2 2 2 2 2 2 2 2 2
left_child=-1 2 3 9 12 10 -5 -4 -9 -2 -6 -7 -3 -14
right_child=1 4 7 6 5 11 -8 8 -10 -11 -12 -13 13 -15
leaf_value=0.060542104284023374 -0.064295480217660073 0.06202729981076556 -0.0663469409271705 -0.019804116786605677 0.0604194101070646 -0.0017606301732765257 -0.063763203234597457 -0.066297528174054626 0.053020645090222807 0.059327681169892649 -0.064776067502895579 0.059611275745175954 0.060674889817123413 0.024339529586409187
leaf_weight=41.479306191205978 3.6364202573895446 35.924770794808865 4.8918938338756552 33.981784448027611 2.7181336879730251 5.6735567077994373 97.211179666221142 3.4428238645195988 26.793362393975258 9.8716591298580152 18.758319683372974 21.41793304681778 8.2834661006927472 7.6025853008031836
leaf_count=18 45 14 57 286 1 36 1252 41 30 8 231 12 3 23
internal_value=-2.71314e-05 -0.00899322 -0.0314289 -0.0450558 0.0312004 0.0044453 -0.0523769 0.0247036 0.0394346 0.0260479 -0.0489309 0.0467586 0.0562809 0.0432859
internal_weight=321.687 280.208 179.829 144.701 100.379 48.5679 131.193 35.1281 30.2362 13.5081 21.4765 27.0915 51.8108 15.8861
internal_count=2057 2039 1719 1591 320 280 1538 128 71 53 232 48 40 26
is_linear=0
shrinkage=0.05


Tree=22
num_leaves=15
num_cat=0
split_feature=24 24 0 0 25 21 19 12 18 28 6 10 1 7
split_gain=65.5243 94.2522 51.2515 28.039 25.2162 40.9712 20.1383 17.8674 26.7999 15.1926 13.9741 6.49117 1.55078 2.13821
threshold=-2.9934116601943965 1.0270575284957888 1.3684281110763552 -1.878970682621002 -1.0117398500442503 1.187563478946686 -0.85862097144126881 0.72102901339530956 -0.46741792559623713 0.30758336186409002 -2.6746118068695064 0.93072041869163524 0.93488579988479625 2.0622385740280156
decision_type=2 2 2 2 2 2 2 2 2 2 2 2 2 2
left_child=-1 2 3 9 12 10 -5 8 -4 -2 -6 -7 -3 -14
right_child=1 4 7 6 5 11 -8 -9 -10 -11 -12 -13 13 -15
leaf_value=0.059746452760221426 -0.06240670770501399 0.061222215677033093 0.063836311878532073 -0.016833292745626553 0.059808521509111812 -0.0016724986818287156 -0.062771819364100132 0.058739503460513154 -0.066773841606213621 0.058591912800312729 -0.063930801018181257 0.058699302700370083 0.022979084546326696 0.06014634591374593
leaf_weight=39.968433685600758 3.5675775110721579 34.610649518668652 6.6159755662083652 31.793632298707962 2.6113066673278835 5.6738859862089184 95.562854342162609 17.839862436056137 9.665233910083769 9.5086564496159536 18.073377653956413 20.681861072778702 7.4863209947943679 8.0098497867584211
leaf_count=18 46 14 3 252 1 36 1286 11 114 7 231 12 23 3
internal_value=-2.7394e-05 -0.00882039 -0.0307899 -0.0441447 0.0306544 0.00436336 -0.0513036 0.0241745 -0.0136996 0.02558 -0.0483095 0.0457024 0.0553364 0.0421906
internal_weight=311.669 271.701 174.554 140.433 97.1473 47.0404 127.356 34.1211 16.2812 13.0762 20.6847 26.3557 50.1068 15.4962
internal_count=2057 2039 1719 1591 320 280 1538 128 117 53 232 48 40 26
is_linear=0
shrinkage=0.05


Tree=23
num_leaves=15
num_cat=0
split_feature=24 24 0 0 25 21 13 12 18 29 6 10 1 0
split_gain=61.481 88.003 47.7625 26.1083 23.61 38.2756 20.0311 16.7375 25.0959 14.417 13.129 6.23912 1.55704 2.25397
threshold=-2.9934116601943965 1.0270575284957888 1.3684281110763552 -1.878970682621002 -1.0117398500442503 1.187563478946686 -0.65903353691101063 0.72102901339530956 -0.46741792559623713 1.004458010196686 -2.6746118068695064 0.93072041869163524 0.93488579988479625 -0.066932227462530122
decision_type=2 2 2 2 2 2 2 2 2 2 2 2 2 2
left_child=-1 2 3 9 12 10 -5 8 -4 -2 -6 -7 -3 -14
right_child=1 4 7 6 5 11 -8 -9 -10 -11 -12 -13 13 -15
leaf_value=0.058994393358826815 -0.063059820471356429 0.060466569153139464 0.062812215552998138 -0.017007159371324975 0.059239086040948179 -0.0015887827377020101 -0.062466069285943206 0.05786407495244468 -0.065795876854852553 0.05747225068019577 -0.063143146636821079 0.057827215719595149 0.059783608962573093 0.021148151787494785
leaf_weight=38.491514220833778 3.3898559361696234 33.323644921183586 6.3933046460151663 33.101258479058743 2.5072219371795681 5.6742000058293369 90.450000435113907 17.220028981566429 9.3270262107253057 9.2523926794528943 17.400926321744919 19.962359890341759 7.8144154548645002 7.3028494864702225
leaf_count=18 45 14 3 286 1 36 1252 11 114 8 231 12 3 23
internal_value=-2.72165e-05 -0.00866143 -0.0302169 -0.0432842 0.0301292 0.00428434 -0.0502869 0.0238103 -0.0134922 0.0251531 -0.0477304 0.0446765 0.0544288 0.0411196
internal_weight=301.611 263.119 169.134 136.194 93.9856 45.5447 123.551 32.9404 15.7203 12.6422 19.9081 25.6366 48.4409 15.1173
internal_count=2057 2039 1719 1591 320 280 1538 128 117 53 232 48 40 26
is_linear=0
shrinkage=0.05


Tree=24
num_leaves=15
num_cat=0
split_feature=9 9 6 4 13 22 12 15 15 27 22 10 3 27
split_gain=57.7339 89.0857 33.1704 38.7445 51.6505 34.976 24.9057 23.5085 19.6451 15.04 11.2495 5.93036 0.154176 0.0844053
threshold=-3.0465246438980098 1.0294758081436159 -1.4588745832443235 -0.85152417421340931 -0.64872339367866505 0.98053875565528881 0.42993690073490148 -1.974144399166107 -0.058171316981315606 -8.4545369148254377 -1.1649461388587949 0.04294888302683831 0.69426655769348156 -0.40336215496063227
decision_type=2 2 2 2 2 2 2 2 2 2 2 2 2 2
left_child=-1 2 5 4 -4 13 7 -3 12 -5 -9 -10 -8 -2
right_child=1 6 3 9 -6 -7 8 10 11 -11 -12 -13 -14 -15
leaf_value=0.057376639479888504 -0.072208562901058135 0.055973954139237683 0.062460396646976141 0.060062708521293452 -0.063068936018555566 0.06330209919000955 -0.060211826484237889 0.033646459465137446 0.058447385295472082 -0.060530065605754538 -0.065369716353433679 0.021597653664054473 -0.081650036780881813 -0.060619704918365915
leaf_weight=38.086024254560471 2.1352543979883212 8.4834413006901759 17.957422003149986 2.6563520431518546 15.07265169918537 16.476749561727047 2.3970600031316276 3.6002641767263439 52.94880186021328 96.93344059586525 14.114203099161385 13.754438124597071 1.2899546548724172 5.9476851597428322
leaf_count=18 23 5 7 1 201 9 34 9 27 1409 176 42 11 85
internal_value=-2.68115e-05 -0.00864205 -0.0318651 -0.0417496 0.00517745 0.0215101 0.0291493 -0.0124687 0.0446387 -0.0573135 -0.0452458 0.0508488 -0.0677123 -0.0636811
internal_weight=291.854 253.768 157.18 132.62 33.0301 24.5597 96.5882 26.1979 70.3903 99.5898 17.7145 66.7032 3.68701 8.08294
internal_count=2057 2039 1735 1618 208 117 304 190 114 1410 185 69 45 108
is_linear=0
shrinkage=0.05


Tree=25
num_leaves=15
num_cat=0
split_feature=24 24 0 0 25 21 19 12 18 29 6 10 1 16
split_gain=54.7798 77.723 41.9409 22.8785 20.8285 34.008 19.7374 14.8149 22.1527 12.7362 11.3553 5.6842 1.49381 2.17338
threshold=-2.9934116601943965 1.0270575284957888 1.3684281110763552 -1.878970682621002 -1.0117398500442503 1.187563478946686 -0.85862097144126881 0.72102901339530956 -0.46741792559623713 1.004458010196686 -1.9531091451644895 0.93072041869163524 0.93488579988479625 -1.1042327880859373
decision_type=2 2 2 2 2 2 2 2 2 2 2 2 2 2
left_child=-1 2 3 9 12 10 -5 8 -4 -2 -6 -7 -3 -14
right_child=1 4 7 6 5 11 -8 -9 -10 -11 -12 -13 13 -15
leaf_value=0.057800838797983256 -0.061877597703217463 0.059157719022480071 0.061086292864510429 -0.014056698374552945 0.055296728422556299 -0.0014707680433025108 -0.06109893862548979 0.056447672171437396 -0.064099718531914845 0.055655628894027767 -0.061947604846947363 0.056499871020226466 0.058755756793152661 0.019628915108489763
leaf_weight=35.746685475111008 3.1429427005350581 30.897058449685574 5.9568778350949279 30.183811563998461 2.3696367628872421 5.4711164757609394 85.339694671332836 15.971242502331732 8.6880933381617087 8.6446675136685354 16.073146525770426 18.618945799767971 7.2365765571594221 6.9652477353811264
leaf_count=18 45 14 3 252 2 36 1286 11 114 8 230 12 3 23
internal_value=-2.88793e-05 -0.00844731 -0.0294014 -0.0420372 0.0293155 0.00421466 -0.0488078 0.0231419 -0.01318 0.0243176 -0.0468834 0.0433341 0.0529882 0.0395661
internal_weight=281.306 245.559 157.927 127.311 87.6317 42.5328 115.524 30.6162 14.645 11.7876 18.4428 24.0901 45.0989 14.2018
internal_count=2057 2039 1719 1591 320 280 1538 128 117 53 232 48 40 26
is_linear=0
shrinkage=0.05


Tree=26
num_leaves=15
num_cat=0
split_feature=24 24 0 13 19 0 25 21 25 6 10 26 16 6
split_gain=51.4697 72.6336 39.1429 21.2544 55.2645 27.555 19.5268 31.8004 12.164 11.0089 5.47231 3.48268 1.55647 3.1436
threshold=-2.9934116601943965 1.0270575284957888 1.5999467968940737 -0.65903353691101063 -0.77479299902915943 -1.878970682621002 -1.0117398500442503 1.187563478946686 -1.326113164424896 -2.6746118068695064 0.93072041869163524 0.30978402495384222 -0.53704047203063954 -1.1751086711883543
decision_type=2 2 2 2 2 2 2 2 2 2 2 2 2 2
left_child=-1 2 3 4 -2 -5 12 9 -4 -8 -9 -10 -3 -14
right_child=1 6 8 5 -6 -7 7 10 11 -11 -12 -13 13 -15
leaf_value=0.057152170615486886 0.057888967048257189 0.058406552327540939 -0.062321335435232487 0.046136882259098122 -0.06221766823744445 -0.060950891956876987 0.057779796469856454 -0.0013971618566425911 0.0065012421161525502 -0.061284965064957744 0.055721119275217945 0.054286424899651659 0.064245452369414077 0.015302893231730015
leaf_weight=34.379454351961613 17.210457049310207 30.35119104385376 3.150031071156266 6.4736602902412406 21.594927258789539 83.338230181485415 2.2192018032074001 5.4713754057884243 4.9920535199344185 15.509529206901787 17.952149733901024 16.144175726920366 6.0818715095520002 7.1240144819021225
leaf_count=18 19 13 43 14 311 1287 1 36 29 231 12 16 2 25
internal_value=-2.90169e-05 -0.00830238 -0.0288784 -0.0398714 -0.00894954 -0.053232 0.0288381 0.00414056 0.0293396 -0.046381 0.0423792 0.0430003 0.052172 0.037843
internal_weight=271.992 237.613 152.904 128.617 38.8054 89.8119 84.7093 41.1523 24.2863 17.7287 23.4235 21.1362 43.5571 13.2059
internal_count=2057 2039 1719 1631 330 1301 320 280 88 232 48 45 40 27
is_linear=0
shrinkage=0.05


Tree=27
num_leaves=15
num_cat=0
split_feature=9 9 6 4 13 22 10 12 19 27 0 15 15 27
split_gain=48.4148 74.3324 27.4811 33.3807 44.5762 29.7984 21.9608 20.0479 13.2696 13.0961 12.0948 2.19521 0.180705 0.0652916
threshold=-3.0465246438980098 1.0294758081436159 -1.4588745832443235 -0.85152417421340931 -0.64872339367866505 0.98053875565528881 1.3470472097396853 0.42993690073490148 -1.0099504590034483 -8.4545369148254377 3.2807285785675053 0.76639518141746532 0.79979470372200023 -0.40336215496063227
decision_type=2 2 2 2 2 2 2 2 2 2 2 2 2 2
left_child=-1 2 5 4 -4 13 7 8 -3 -5 12 -9 -8 -2
right_child=1 6 3 9 -6 -7 10 11 -10 -11 -12 -13 -14 -15
leaf_value=0.055737167302274876 -0.069856906142912345 0.057555094903894072 0.06087812175905058 0.058796138776102971 -0.061479576045393218 0.060759656639220332 -0.06182212790305297 0.030057185701738112 -0.039352338560742404 -0.059068074174506581 0.05919487624232328 0.055425801163023515 -0.079215686285170839 -0.059274309459555398
leaf_weight=33.88922443985939 2.0011535733938226 5.021610490977765 16.351345703005794 2.4231209754943839 13.663537275046108 14.918611098080872 6.7376072295010072 10.312198802828787 11.912520665675402 86.077804733067751 2.4989533424377433 49.273003026843071 1.9184355735778806 5.3651442155241984
leaf_count=18 23 3 7 1 201 9 98 32 125 1409 1 28 17 85
internal_value=-3.2142e-05 -0.00830429 -0.030809 -0.0403876 0.00517779 0.020132 0.0278372 0.0373917 -0.0106156 -0.055841 -0.0377031 0.0510353 -0.0656771 -0.0621492
internal_weight=262.364 228.475 140.801 118.516 30.0149 22.2849 87.6743 76.5193 16.9341 88.5009 11.155 59.5852 8.65604 7.3663
internal_count=2057 2039 1735 1618 208 117 304 188 128 1410 116 60 115 108
is_linear=0
shrinkage=0.05


Tree=28
num_leaves=15
num_cat=0
split_feature=24 24 0 13 19 0 27 6 25 5 29 26 3 9
split_gain=46.2237 64.1714 34.6664 19.2385 49.3445 24.4955 17.5595 31.2097 10.6839 9.49664 6.11203 3.20966 0.0913543 0.0569586
threshold=-2.9934116601943965 1.0270575284957888 1.5999467968940737 -0.65903353691101063 -0.77479299902915943 -1.878970682621002 0.59343472123146068 -0.62079274654388417 -1.326113164424896 -1.19904488325119 -0.82382038235664357 0.30978402495384222 0.58737969398498546 1.1563662290573122
decision_type=2 2 2 2 2 2 2 2 2 2 2 2 2 2
left_child=-1 2 3 4 -2 -5 7 -3 -4 12 -11 -10 -8 -9
right_child=1 6 8 5 -6 -7 9 13 11 10 -12 -13 -14 -15
leaf_value=0.056169787647787052 0.055960022269595823 0.05244383318570122 -0.061031137766601733 0.043981150539866148 -0.061300396863527895 -0.05997312991632342 -0.058606589389582631 -0.060030640422131146 0.0059726228746790587 -0.0073862797594300023 0.052875819181092659 0.052857449666760453 -0.081167540059958895 -0.069721329526047052
leaf_weight=31.957778967916965 16.281637437641621 11.444087915122511 2.9168929420411613 6.1178425960242739 19.983027283102274 76.871674939990044 1.0151352398097504 10.955619011074303 4.823298521339896 4.6104262433946124 48.15972513332963 15.010718185454605 0.80412974953651417 1.7598968930542458
leaf_count=18 19 13 43 14 311 1287 17 175 29 33 54 16 7 21
internal_value=-3.27277e-05 -0.00816896 -0.028244 -0.0390344 -0.00865434 -0.0523098 0.0280316 -0.00745887 0.028316 0.0437387 0.0476108 0.0414559 -0.0685787 -0.0613719
internal_weight=252.712 220.754 142.005 119.254 36.2647 82.9895 78.749 24.1596 22.7509 54.5894 52.7702 19.834 1.81926 12.7155
internal_count=2057 2039 1719 1631 330 1301 320 209 88 111 87 45 24 196
is_linear=0
shrinkage=0.05


Tree=29
num_leaves=15
num_cat=0
split_feature=27 24 0 21 27 9 19 26 2 25 29 19 0 0
split_gain=43.51 50.732 33.9556 24.5946 23.5475 22.8934 17.8191 14.4166 8.9651 8.53641 5.87534 4.23145 0.367946 0.0736488
threshold=-2.7433891296386714 1.0270575284957888 1.3027717471122744 -2.2218227386474605 0.59343472123146068 -2.6409056186676021 -0.85862097144126881 -0.13975612074136731 -1.1347312927246092 -1.3961833715438841 -0.82382038235664357 1.3715333342552187 -0.88514909148216236 1.4702882170677187
decision_type=2 2 2 2 2 2 2 2 2 2 2 2 2 2
left_child=12 2 3 11 5 -3 -5 -4 13 -9 -10 -2 -1 -6
right_child=1 4 7 6 8 -7 -8 9 10 -11 -12 -13 -14 -15
leaf_value=0.057517928496418416 -0.0042074543370357329 0.056987618506808113 -0.06080868925546179 -0.011434859345007512 -0.05790035510623355 -0.060720409960941781 -0.059214138994318023 -0.060208473970051239 -0.0070128572332788996 0.044969023070196568 0.052149518404846523 0.061184714581680094 0.046334048372407483 -0.078574348665111468
leaf_weight=21.452722787857056 4.143216770142315 6.1352163553237942 4.5162179619073894 26.672935351729393 1.1434814408421505 12.644143447279928 72.706549640744925 2.1047957539558473 4.6130574084818354 23.119595188647505 46.466472201049328 6.1400343701243401 11.19052869081497 0.69116133451461781
leaf_count=10 30 3 69 240 20 203 1294 33 33 44 52 3 17 6
internal_value=-3.72077e-05 -0.00834445 -0.0259226 -0.0387735 0.0258351 -0.0222652 -0.0463904 0.0214627 0.042906 0.0361927 0.0468065 0.0348376 0.0536839 -0.0656888
internal_weight=243.74 211.097 139.403 109.663 71.6935 18.7794 99.3795 29.7406 52.9142 25.2244 51.0795 10.2833 32.6433 1.83464
internal_count=2057 2030 1713 1567 317 206 1534 146 111 77 85 33 27 26
is_linear=0
shrinkage=0.05


Tree=30
num_leaves=15
num_cat=0
split_feature=24 24 0 13 19 0 25 21 26 6 2 10 16 16
split_gain=41.1183 56.1977 30.5951 18.5192 45.0053 22.3634 16.264 25.7821 9.52625 8.85512 6.11242 4.62189 1.5441 3.7458
threshold=-2.9934116601943965 1.0270575284957888 1.5999467968940737 -0.65903353691101063 -0.77479299902915943 -1.878970682621002 -1.0117398500442503 1.187563478946686 -0.13975612074136731 -2.6746118068695064 0.33713540434837347 0.93072041869163524 -0.53704047203063954 1.975811839103699
decision_type=2 2 2 2 2 2 2 2 2 2 2 2 2 2
left_child=-1 2 3 4 -2 -5 12 9 -4 -8 -10 -9 -3 -14
right_child=1 6 8 5 -6 -7 7 11 10 -11 -12 -13 13 -15
leaf_value=0.055134972354844464 0.0548194115280227 0.056828130354892183 -0.061097678002580848 0.042423270027128139 -0.060312316996897465 -0.059183236859207726 0.056225051500530233 -0.0020536810796571198 -0.0045615862987636521 -0.059671409421626687 0.05813124930504654 0.05343773619313455 -0.0038333676749081301 0.055559067589552862
leaf_weight=29.539693348109722 15.744897842407225 25.997901797294617 2.6700378879904774 5.8605245798826209 18.416731633245945 71.307284794747829 1.875270128250121 4.9578133597970035 5.4911209754645851 13.607688311487435 13.316526532173155 15.433246321976183 4.0634609833359701 7.6576084718108177
leaf_count=18 19 13 40 14 311 1287 1 36 42 231 6 12 21 6
internal_value=-3.9585e-05 -0.00793609 -0.0273576 -0.0378984 -0.00724877 -0.0514667 0.0271122 0.00301007 0.0272806 -0.0456342 0.0398273 0.0399457 0.0500354 0.0349689
internal_weight=235.94 206.4 132.807 111.329 34.1616 77.1678 73.593 35.874 21.4777 15.483 18.8076 20.3911 37.719 11.7211
internal_count=2057 2039 1719 1631 330 1301 320 280 88 232 48 48 40 27
is_linear=0
shrinkage=0.05


Tree=31
num_leaves=12
num_cat=0
split_feature=27 25 0 16 10 3 11 25 1 0 24
split_gain=38.8326 44.4873 56.6746 34.4533 37.4033 27.3449 15.5908 3.3803 9.35961 0.375404 0.154218
threshold=-2.7433891296386714 -1.0117398500442503 1.6684048771858218 -0.71143212914466847 1.1544739007949831 -2.8823068141937251 0.91595670580863964 0.83274087309837352 -1.2019632458686826 -0.88514909148216236 0.89202716946601879
decision_type=2 2 2 2 2 2 2 2 2 2 2
left_child=9 3 5 -2 10 -3 -7 8 -4 -1 -5
right_child=1 2 7 4 -6 6 -8 -9 -10 -11 -12
leaf_value=0.056768093273707021 0.057436414010464953 0.049694976478200627 0.057952391491208045 -0.061710410261066384 0.05917363244015611 -0.058292159463469412 -0.013211843151440717 0.056024132900655776 -0.064116636203343111 0.04504427654928822 -0.075004518628026165
leaf_weight=19.807417869567875 37.055595420300961 7.9035007394850245 4.4243881702423122 13.784689929336315 9.9307243376970273 75.67090181261301 25.69092907756567 17.54826420918107 2.4343061782419682 10.420227743685244 2.5916560031473628
leaf_count=10 19 9 2 216 5 1440 263 13 35 17 28
internal_value=-4.17849e-05 -0.00813712 -0.0244945 0.0263709 -0.0173873 -0.0398816 -0.0468662 0.0443911 0.0146273 0.0527266 -0.0638143
internal_weight=227.263 197.035 133.672 63.3627 26.3071 109.265 101.362 24.407 6.85869 30.2276 16.3763
internal_count=2057 2030 1762 268 249 1712 1703 50 37 27 244
is_linear=0
shrinkage=0.05


Tree=32
num_leaves=15
num_cat=0
split_feature=24 24 0 13 19 0 25 21 25 6 18 25 16 16
split_gain=36.6477 49.5489 26.9851 16.8665 40.5699 20.7951 14.5124 23.0811 8.55369 7.94511 4.60576 2.58972 1.50997 3.36402
threshold=-2.9934116601943965 1.0270575284957888 1.5999467968940737 -0.65903353691101063 -0.77479299902915943 -1.878970682621002 -1.0117398500442503 1.187563478946686 -1.326113164424896 -2.6746118068695064 1.4601990580558779 0.83274087309837352 -0.53704047203063954 1.975811839103699
decision_type=2 2 2 2 2 2 2 2 2 2 2 2 2 2
left_child=-1 2 3 4 -2 -5 12 9 -4 -8 -9 -10 -3 -14
right_child=1 6 8 5 -6 -7 7 10 11 -11 -12 -13 13 -15
leaf_value=0.054195268651643196 0.053327929773993768 0.056092146812563831 -0.059128989674880741 0.041474477282982487 -0.059515668002072711 -0.058377201444931054 0.055599416010936736 0.0056954181607677045 0.018582694970883381 -0.058806045477030111 0.056930685677406091 0.057163671732375659 -0.0035008637292026261 0.054223917902823042
leaf_weight=27.26908091455698 14.953714758157732 23.80384349822998 2.5454237759113338 5.6632282882928839 17.043051663786173 65.765735644847155 1.7249743938446034 6.7892418876290348 8.2256629914045352 12.620963238179682 12.39340081438422 9.2304813638329488 3.9160331934690458 7.0997381210327148
leaf_count=18 19 13 43 14 311 1287 1 41 39 231 7 6 21 6
internal_value=-4.0824e-05 -0.0077528 -0.0266653 -0.0369465 -0.00677812 -0.0504605 0.0264005 0.00292142 0.0264977 -0.0450498 0.0387972 0.0389836 0.049009 0.0337031
internal_weight=219.045 191.775 123.427 103.426 31.9968 71.429 68.3482 33.5286 20.0016 14.3459 19.1826 17.4561 34.8196 11.0158
internal_count=2057 2039 1719 1631 330 1301 320 280 88 232 48 45 40 27
is_linear=0
shrinkage=0.05


Tree=33
num_leaves=15
num_cat=0
split_feature=27 24 21 13 4 22 27 9 22 25 15 16 14 15
split_gain=34.7405 37.525 29.2528 26.024 47.2602 23.658 19.2155 18.868 11.2626 7.48103 13.7512 0.710379 0.0454395 0.0165889
threshold=-3.1805095672607417 1.0270575284957888 -1.5434920787811277 -0.65903353691101063 -0.56096926331520069 0.98053875565528881 0.59343472123146068 -2.6409056186676021 1.4254828691482546 -0.016028456855565306 -3.904388308525085 -0.53704047203063954 1.14344197511673 0.8081636130809785
decision_type=2 2 2 2 2 2 2 2 2 2 2 2 2 2
left_child=-1 2 5 4 -4 13 7 -3 -5 11 -11 -8 -9 -2
right_child=1 6 3 8 -6 -7 9 12 -10 10 -12 -13 -14 -15
leaf_value=0.054494864773082977 -0.058652596046358529 0.055725761698326798 0.056245953759495905 -0.058369014203104523 -0.059778354205882761 0.057807162457537711 0.055970766054264237 -0.057975488753158735 0.037896658541592021 0.055981892755420294 -0.062621366977522311 0.040639341855395923 -0.066836862289880658 -0.066618071082917202
leaf_weight=25.649700745940208 4.9948151223361519 5.2461984157562283 17.991922680288553 62.400006107985973 17.136248093098402 16.82624340057373 25.053758144378662 9.3912858180701715 3.1938519217073909 5.3867492675781232 4.4735118634998798 10.817919652909039 1.7101098150014866 0.75205063447356213
leaf_count=18 87 3 22 1268 314 8 14 179 12 3 71 23 25 10
internal_value=-4.39724e-05 -0.00759034 -0.023553 -0.0350826 -0.000353103 0.0278924 0.0241129 -0.022414 -0.0536817 0.0407447 0.00217266 0.0513472 -0.0593405 -0.059695
internal_weight=211.024 185.375 123.295 100.722 35.1282 22.5731 62.0795 16.3476 65.5939 45.7319 9.86026 35.8717 11.1014 5.74687
internal_count=2057 2039 1721 1616 336 105 318 207 1280 111 74 37 204 97
is_linear=0
shrinkage=0.05


Tree=34
num_leaves=15
num_cat=0
split_feature=27 24 21 13 4 22 27 9 22 5 29 3 14 15
split_gain=32.7688 35.3436 27.5613 24.6175 44.3922 22.3231 18.056 17.8138 10.6845 7.20114 5.06517 0.0547951 0.0399045 0.0140646
threshold=-3.1805095672607417 1.0270575284957888 -1.5434920787811277 -0.65903353691101063 -0.56096926331520069 0.98053875565528881 0.59343472123146068 -2.6409056186676021 1.4254828691482546 -1.19904488325119 -0.82382038235664357 0.58737969398498546 1.14344197511673 0.8081636130809785
decision_type=2 2 2 2 2 2 2 2 2 2 2 2 2 2
left_child=-1 2 5 4 -4 13 7 -3 -5 11 -11 -8 -9 -2
right_child=1 6 3 8 -6 -7 9 12 -10 10 -12 -13 -14 -15
leaf_value=0.054054181414606078 -0.058183649997321368 0.055415699717507261 0.055255837580143755 -0.057978542988914 -0.059346962949908301 0.057376132497058752 -0.05652310563798213 -0.057555505001130984 0.03658133202171196 -0.0090358205352210532 0.049737224205710348 -0.075341467345917748 -0.06602232776317872 -0.065653631755062988
leaf_weight=24.592649906873703 4.7885376736521748 5.0175530910491934 17.413361921906471 59.746355846524239 16.415989302098751 16.122808814048767 0.79920337349176296 8.9968019016087037 3.144537601619958 4.0526951365172854 38.406977590173483 0.74969145283102989 1.6462664231657971 0.72561373561620701
leaf_count=18 87 3 22 1268 314 8 17 179 12 33 54 7 25 10
internal_value=-4.61565e-05 -0.0075196 -0.0233379 -0.03475 -0.000356176 0.0276754 0.023857 -0.0222504 -0.0532506 0.0402644 0.0441274 -0.0656315 -0.0588652 -0.0591666
internal_weight=202.619 178.026 118.357 96.7202 33.8294 21.637 59.6692 15.6606 62.8909 44.0086 42.4597 1.54889 10.6431 5.51415
internal_count=2057 2039 1721 1616 336 105 318 207 1280 111 87 24 204 97
is_linear=0
shrinkage=0.05


Tree=35
num_leaves=11
num_cat=0
split_feature=27 25 0 16 10 3 11 25 0 24
split_gain=30.9079 33.419 43.6008 28.9272 30.5952 26.617 13.7207 2.93638 7.83855 0.126274
threshold=-3.1805095672607417 -1.0117398500442503 1.6684048771858218 -0.71143212914466847 1.1544739007949831 -2.8823068141937251 0.91595670580863964 0.83274087309837352 6.7847740650177011 0.89202716946601879
decision_type=2 2 2 2 2 2 2 2 2 2
left_child=-1 3 5 -2 9 -3 -7 8 -4 -5
right_child=1 2 7 4 -6 6 -8 -9 -10 -11
leaf_value=0.053624027038643544 0.055996377163292234 0.049109826662027498 -0.062323999762209384 -0.059681133112998976 0.057285465822250303 -0.056919740627007366 -0.012031312936971799 0.054346922344516213 0.056449926713111082 -0.072164433171652151
leaf_weight=23.576177567243576 31.510935299098492 8.2189268395304662 2.1918991133570698 12.125113956630232 8.5756926797330362 64.154033333063126 23.172369487583637 15.06696620211005 3.7926884889602661 2.4321357421576968
leaf_count=18 19 10 35 221 5 1443 263 13 2 28
internal_value=-4.93102e-05 -0.00743898 -0.0225603 0.0248263 -0.0176325 -0.0369123 -0.0450084 0.042578 0.0129481 -0.0617668
internal_weight=194.817 171.241 116.597 54.6439 23.1329 95.5453 87.3264 21.0516 5.98459 14.5572
internal_count=2057 2039 1766 273 254 1716 1706 50 37 249
is_linear=0
shrinkage=0.05


Tree=36
num_leaves=12
num_cat=0
split_feature=27 25 0 0 16 10 1 13 25 0 24
split_gain=29.1452 31.4025 39.6008 29.5191 24.192 28.2126 12.9725 8.00717 2.94125 7.5876 0.120095
threshold=-3.1805095672607417 -1.0720849633216856 1.6684048771858218 -1.878970682621002 -0.71143212914466847 1.1544739007949831 2.8003509044647221 0.73793280124664318 0.83274087309837352 6.7847740650177011 0.89202716946601879
decision_type=2 2 2 2 2 2 2 2 2 2 2
left_child=-1 4 3 7 -2 10 -5 -3 9 -4 -6
right_child=1 2 8 6 5 -7 -8 -9 -10 -11 -12
leaf_value=0.05320264935427093 0.055710660866877648 -0.023859715939303888 -0.061727295082638092 -0.050981156071671835 -0.059187265693220519 0.057643090028086458 0.054742774381421583 0.055895956924265591 0.053833740713877434 0.0560972730505837 -0.072333112248028922
leaf_weight=22.599504411220551 28.708818159997463 4.6185187697410575 2.1912356652319458 77.508238162845373 10.712847031652929 8.1672281026840192 3.0142973661422721 9.8771217316389066 14.465325217694042 3.6298218965530396 2.0736356414854518
leaf_count=18 18 63 36 1667 203 4 2 7 13 2 24
internal_value=-4.79775e-05 -0.00734299 -0.0216597 -0.0351991 0.0258971 -0.0149507 -0.0470235 0.0304847 0.0417564 0.0117443 -0.0613192
internal_weight=187.567 164.967 115.305 95.0182 49.6625 20.9537 80.5225 14.4956 20.2864 5.82106 12.7865
internal_count=2057 2039 1790 1739 249 231 1669 70 51 38 227
is_linear=0
shrinkage=0.05


Tree=37
num_leaves=14
num_cat=0
split_feature=24 24 22 28 22 13 27 16 13 0 10 9 9
split_gain=27.5315 37.7423 26.2286 23.7711 22.4834 23.7076 16.9849 14.2733 11.5991 5.95839 1.54083 0.66424 0.144107
threshold=-2.9934116601943965 0.45652259886264807 0.98053875565528881 0.30758336186409002 -0.47045595943927759 0.84153455495834362 -2.1955314874649043 -0.19565365463495252 -1.3561531901359556 6.7847740650177011 0.49984717369079595 -3.0465246438980098 1.7220513224601748
decision_type=2 2 2 2 2 2 2 2 2 2 2 2 2
left_child=-1 2 8 12 7 6 -6 10 -2 -9 -3 -10 -4
right_child=1 4 3 -5 5 -7 -8 9 11 -11 -12 -13 -14
leaf_value=0.052292943697402165 0.041664973737463612 0.057306273604202276 -0.055813107348911463 0.05501205942937204 0.050613842232102781 0.054382881548131916 -0.051419285880659631 -0.058455739228772167 -0.12376066393138974 0.054889865768783831 0.03344128999556284 -0.056589025548275919 -0.085355978930899634
leaf_weight=22.056243494153023 3.1578821875154963 29.124216437339783 6.8216108158230808 13.214680939912794 4.8948721885681179 10.1064759157598 24.460790652781725 4.6412525437772265 0.37072623521089454 1.5455859899520872 8.8093008548021299 50.757575731724501 0.43936680629849423
leaf_count=18 11 17 155 9 6 9 484 98 3 1 41 1200 5
internal_value=-4.31269e-05 -0.00733317 -0.0331439 0.0150779 0.0157537 -0.0116666 -0.0344059 0.040279 -0.0513322 -0.0301399 0.0517641 -0.0570761 -0.0576008
internal_weight=180.401 158.344 74.7618 20.4757 83.5825 39.4621 29.3557 44.1204 54.2862 6.18684 37.9335 51.1283 7.26098
internal_count=2057 2039 1383 169 656 499 490 157 1214 99 58 1203 160
is_linear=0
shrinkage=0.05


Tree=38
num_leaves=14
num_cat=0
split_feature=27 24 22 22 13 21 16 13 0 0 10 9 9
split_gain=26.0657 28.256 33.3669 25.3143 27.3175 24.3871 13.0554 11.0282 6.8405 5.58995 1.59541 0.517989 0.12744
threshold=-3.1805095672607417 0.45652259886264807 0.98053875565528881 -0.47045595943927759 0.84153455495834362 -0.89257711172103871 -0.19565365463495252 -1.3561531901359556 6.7847740650177011 6.7847740650177011 0.49984717369079595 -3.0465246438980098 1.7220513224601748
decision_type=2 2 2 2 2 2 2 2 2 2 2 2 2
left_child=-1 2 7 6 8 -4 10 -2 -5 -8 -3 -9 -7
right_child=1 3 5 4 -6 12 9 11 -10 -11 -12 -13 -14
leaf_value=0.052535708445343957 0.04033637550896426 0.056939817018922069 0.054719880392474787 -0.051648452810330862 0.053774423776504501 -0.05568969149212008 -0.057927172065564636 -0.11518671560580385 0.055109433898246823 0.054628694546344059 0.032362038389070945 -0.056444243368517749 -0.083347801449722259
leaf_weight=20.750227868556976 3.1002932526171199 27.877597212791443 16.153758563101295 23.644566252827648 9.7196138836443406 6.4734551496803752 4.3568839728832236 0.37819290161132713 1.602143883705138 1.4770578145980833 8.6520157083868963 48.735471569001675 0.44512329250574101
leaf_count=18 11 17 13 487 9 153 97 3 1 1 41 1201 5
internal_value=-4.31779e-05 -0.00719199 -0.0289962 0.014036 -0.0174524 0.0210784 0.0400261 -0.0511232 -0.0448736 -0.0294299 0.0511186 -0.0568966 -0.0574691
internal_weight=173.366 152.616 75.2863 77.3299 34.9663 23.0723 42.3636 52.214 25.2467 5.83394 36.5296 49.1137 6.91858
internal_count=2057 2039 1386 653 497 171 156 1215 488 98 58 1204 158
is_linear=0
shrinkage=0.05


Tree=39
num_leaves=15
num_cat=0
split_feature=9 9 25 1 3 10 15 18 19 18 0 24 10 24
split_gain=25.0173 36.9869 16.5875 20.6538 20.1032 12.678 11.1462 10.2652 9.71405 6.87612 6.61358 3.64348 2.57521 0.072776
threshold=-3.0465246438980098 1.0914775729179385 -1.0720849633216856 0.89613133668899547 -1.7885360717773435 1.3470472097396853 -0.058171316981315606 -1.9719132184982298 0.77887856960296642 -3.5958399772644039 3.2807285785675053 0.67274904251098644 -0.40467812120914454 0.90721160173416149
decision_type=2 2 2 2 2 2 2 2 2 2 2 2 2 2
left_child=-1 2 3 11 8 6 7 -3 -4 -6 -7 -2 -8 -5
right_child=1 5 4 13 9 10 12 -9 -10 -11 -12 -13 -14 -15
leaf_value=0.051227657094282501 0.002137368838685988 0.05478312076710138 -0.060886904697766614 -0.056028340694814396 0.054618166513571556 -0.060034613605122834 0.052857959040066183 -0.060996952668130794 0.054344851827937204 -0.054824098229561392 0.055039016513255518 0.053528915553286219 0.023605967917454826 -0.068518025335003216
leaf_weight=20.818314880132675 4.8184816613793435 3.0229346752166721 2.4328863359987718 6.6681889630854112 1.4742660522460926 5.8953547570854417 29.415001388639212 5.2206855379045018 7.3672987371683121 54.166575806215405 1.5841097831726072 12.133195385336874 10.109813792631028 1.413592431694269
leaf_count=18 38 2 35 158 1 111 30 89 6 1493 1 9 47 19
internal_value=-4.31836e-05 -0.00736788 -0.0270525 0.00756234 -0.0402938 0.0248678 0.0343455 -0.0185404 0.0257387 -0.0519243 -0.0356626 0.038921 0.0453758 -0.0582129
internal_weight=166.541 145.722 90.4745 25.0335 65.441 55.2479 47.7684 8.24362 9.80019 55.6408 7.47946 16.9517 39.5248 8.08178
internal_count=2057 2039 1759 224 1535 280 168 91 41 1494 112 47 77 177
is_linear=0
shrinkage=0.05


Tree=40
num_leaves=15
num_cat=0
split_feature=9 9 25 1 3 10 15 18 19 18 0 24 10 24
split_gain=23.6085 34.8035 15.7647 19.3768 19.0537 11.8777 10.3836 9.6842 9.14717 6.51116 6.24162 3.54867 2.60757 0.062961
threshold=-3.0465246438980098 1.0914775729179385 -1.0720849633216856 0.89613133668899547 -1.7885360717773435 1.3470472097396853 -0.058171316981315606 -1.9719132184982298 0.77887856960296642 -3.5958399772644039 3.2807285785675053 0.67274904251098644 -0.40467812120914454 0.90721160173416149
decision_type=2 2 2 2 2 2 2 2 2 2 2 2 2 2
left_child=-1 2 3 11 8 6 7 -3 -4 -6 -7 -2 -8 -5
right_child=1 5 4 13 9 10 12 -9 -10 -11 -12 -13 -14 -15
leaf_value=0.050846762016964399 0.0020306817744691675 0.054528325713724485 -0.060263838043633604 -0.055718203692290448 0.054372693420882703 -0.05953736050054869 0.052335560841753143 -0.060410186869317539 0.053820763244331708 -0.054582249613926506 0.054769172603426508 0.053053891548320159 0.022643140003769883 -0.067556173990516319
leaf_weight=19.947608828544617 4.8180594034493032 2.888600826263426 2.3375518545508367 6.3773902282118788 1.4085361957550038 5.6534847393631926 28.25268604233861 5.0130813773721465 7.0745137706398964 51.747370777651668 1.5140881538391111 11.642186768352984 10.015190484002231 1.3633084930479524
leaf_count=18 38 2 35 158 1 111 30 89 6 1493 1 9 47 19
internal_value=-4.58438e-05 -0.00729168 -0.0268299 0.00743817 -0.0400847 0.0244932 0.0337899 -0.0183924 0.0254871 -0.0516951 -0.0353911 0.0381189 0.0445647 -0.0578031
internal_weight=160.054 140.106 86.7689 24.2009 62.568 53.3371 46.1696 7.90168 9.41207 53.1559 7.16757 16.4602 38.2679 7.7407
internal_count=2057 2039 1759 224 1535 280 168 91 41 1494 112 47 77 177
is_linear=0
shrinkage=0.05


Tree=41
num_leaves=14
num_cat=0
split_feature=24 24 22 28 22 13 27 16 13 0 10 9 9
split_gain=22.2865 30.0139 21.0713 19.2235 17.865 19.1123 13.9825 11.4972 10.4106 4.82995 1.49288 0.518064 0.141389
threshold=-2.9934116601943965 0.45652259886264807 0.98053875565528881 0.30758336186409002 -0.47045595943927759 0.84153455495834362 -2.1955314874649043 -0.19565365463495252 -1.3561531901359556 6.7847740650177011 0.49984717369079595 -3.0465246438980098 1.8431754112243655
decision_type=2 2 2 2 2 2 2 2 2 2 2 2 2
left_child=-1 2 8 12 7 6 -6 10 -2 -9 -3 -10 -4
right_child=1 4 3 -5 5 -7 -8 9 11 -11 -12 -13 -14
leaf_value=0.051083798189008746 0.040131424228790541 0.055992502875347905 -0.054704613141311122 0.053542253110873475 0.049596816172178308 0.052713104663500467 -0.04984481234339927 -0.057327948782882776 -0.11433886656321035 0.053957338957645595 0.030898629472734609 -0.055609061828111012 -0.087101314556640358
leaf_weight=18.717262916266918 3.0048678256571284 24.546783328056335 5.7560071386396912 11.253508903086184 4.2473325282335308 8.705265883356331 21.077617827802896 3.9509717170149079 0.37882691621780296 1.2944426536560056 7.813507627695798 42.718493551015854 0.35771731287240971
leaf_count=18 11 17 156 9 6 9 484 98 3 1 41 1200 4
internal_value=-4.86216e-05 -0.00713242 -0.0321692 0.0147692 0.0150502 -0.0111981 -0.0331671 0.0388028 -0.0498514 -0.0298654 0.0499335 -0.0561253 -0.0566002
internal_weight=153.823 135.105 63.4694 17.3672 71.6359 34.0302 25.325 37.6057 46.1022 5.24541 32.3603 43.0973 6.11372
internal_count=2057 2039 1383 169 656 499 490 157 1214 99 58 1203 160
is_linear=0
shrinkage=0.05


Tree=42
num_leaves=15
num_cat=0
split_feature=9 9 25 1 3 10 12 4 18 18 0 16 27 3
split_gain=21.2991 31.0184 14.2479 17.2496 17.1055 10.7311 9.40695 8.27205 6.18181 5.86299 5.61069 3.31385 1.37463 0.0535067
threshold=-3.0465246438980098 1.0914775729179385 -1.0720849633216856 0.89613133668899547 -1.7885360717773435 1.3470472097396853 0.42993690073490148 0.3838916569948197 -2.8746060132980342 -3.5958399772644039 3.2807285785675053 -0.7031697928905486 -0.23906037956476209 0.58737969398498546
decision_type=2 2 2 2 2 2 2 2 2 2 2 2 2 2
left_child=-1 2 3 11 7 6 8 -4 -3 -6 13 -2 -8 -7
right_child=1 5 4 -5 9 10 12 -9 -10 -11 -12 -13 -14 -15
leaf_value=0.050283215305291132 0.055685657497029396 0.054066721361938519 -0.059709096076351657 -0.057106399366274145 0.053935049376606238 -0.057221453195851771 0.054804479248138686 0.052968950167296164 -0.036027565988440251 -0.054176016678500832 0.054283156816534964 0.0081243367266742045 0.034472380951102687 -0.074459355844741545
leaf_weight=18.401484444737434 9.3379623889923078 2.6376518011093113 2.1707927826791984 7.1219141483306876 1.2882151603698719 4.7639949936419717 18.066214926540852 6.5240715034306049 6.8450214881449947 47.301989667117596 1.3842494487762449 6.0256908722221878 15.398736625909804 0.49715144559741009
leaf_count=18 6 2 34 177 1 106 14 7 111 1493 1 41 41 5
internal_value=-4.87975e-05 -0.00720833 -0.026513 0.00721523 -0.039752 0.0238433 0.0329923 0.0248373 -0.0109674 -0.0513098 -0.0352844 0.0370319 0.0454488 -0.0588503
internal_weight=147.765 129.364 79.7706 22.4856 57.2851 49.593 42.9476 8.69486 9.48267 48.5902 6.6454 15.3637 33.465 5.26115
internal_count=2057 2039 1759 224 1535 280 168 41 113 1494 112 47 55 111
is_linear=0
shrinkage=0.05


Tree=43
num_leaves=15
num_cat=0
split_feature=9 9 25 3 1 10 15 18 19 18 0 12 24 3
split_gain=20.0977 29.1671 13.5572 16.224 16.1832 10.0293 9.05343 8.32116 7.81655 5.55527 5.2975 4.44665 3.36766 0.0447382
threshold=-3.0465246438980098 1.0914775729179385 -1.0720849633216856 -1.7885360717773435 0.89613133668899547 1.3470472097396853 -0.058171316981315606 -1.9719132184982298 0.77887856960296642 -3.5958399772644039 3.2807285785675053 0.42993690073490148 0.67274904251098644 0.58737969398498546
decision_type=2 2 2 2 2 2 2 2 2 2 2 2 2 2
left_child=-1 2 4 8 12 6 7 -3 -4 -5 13 -8 -2 -7
right_child=1 5 3 9 -6 10 11 -9 -10 -11 -12 -13 -14 -15
leaf_value=0.049912521239038582 0.00054060422214957876 0.053852832727132829 -0.058870554488938014 0.053728433815207866 -0.056778811392100816 -0.056851912985308006 -0.011602863054659816 -0.059335008983552123 0.052643273908500765 -0.053969647696468739 0.054056853337266932 0.048815264777517901 0.051999363769424482 -0.072853826150163489
leaf_weight=17.630769461393356 4.587688114494088 2.5187250375747663 2.0993762891739589 1.2299813032150257 6.8126721922308198 4.5603625308722249 3.3749741483479729 4.5698681734502324 6.2489490061998367 45.16274837218225 1.3221117258071897 31.182048834860325 10.357659593224524 0.48305971547961224
leaf_count=18 38 2 35 1 177 106 39 89 6 1493 1 38 9 5
internal_value=-5.07058e-05 -0.00712555 -0.0262971 -0.0395674 0.00708963 0.0234216 0.0323561 -0.019117 0.0246006 -0.0511143 -0.0350307 0.0429146 0.0362034 -0.0583846
internal_weight=142.141 124.51 76.4991 54.7411 21.758 48.0112 41.6456 7.08859 8.34833 46.3927 6.36553 34.557 14.9453 5.04342
internal_count=2057 2039 1759 1535 224 280 168 91 41 1494 112 77 47 111
is_linear=0
shrinkage=0.05


Tree=44
num_leaves=14
num_cat=0
split_feature=27 24 22 22 13 21 13 16 4 0 13 9 9
split_gain=19.0649 20.6379 24.4009 18.3241 20.1436 18.0459 9.482 8.5521 6.68892 5.50532 0.912491 0.508214 0.142384
threshold=-3.1805095672607417 0.45652259886264807 0.98053875565528881 -0.47045595943927759 0.84153455495834362 -0.89257711172103871 -1.3561531901359556 -0.51080608367919911 1.5883412361145022 6.7847740650177011 -0.48966789245605463 -3.0465246438980098 1.8834090232849123
decision_type=2 2 2 2 2 2 2 2 2 2 2 2 2
left_child=-1 2 6 7 9 -4 -2 10 -9 -5 -3 -8 -7
right_child=1 3 5 4 -6 12 11 8 -10 -11 -12 -13 -14
leaf_value=0.051149913400376147 0.039183218019619825 0.055319771472212335 0.05303071337784579 -0.049808391734385726 0.05181617886462811 -0.054213562548759531 -0.1134367168788315 -0.056519173830338547 0.05328163496189995 0.054209494267500449 0.034183908520366048 -0.055283779789563219 -0.086636885742410602
leaf_weight=16.043268948793411 2.8178900368511668 20.751380741596225 12.664846908301117 18.843758597970016 7.7983751595020285 4.9979564733803263 0.37947604060172935 3.7554908711463204 2.1993000507354736 1.3641432523727406 6.7733706105500451 37.77443927899003 0.36320494860410679
leaf_count=18 11 16 13 487 9 154 3 106 2 1 32 1201 4
internal_value=-5.31133e-05 -0.00687117 -0.0279967 0.0133995 -0.0164444 0.0204816 -0.0493253 0.0383645 -0.0159661 -0.0427866 0.0501186 -0.0558622 -0.0564102
internal_weight=136.527 120.484 58.9978 61.4858 28.0063 18.026 40.9718 33.4795 5.95479 20.2079 27.5248 38.1539 5.36116
internal_count=2057 2039 1386 653 497 171 1215 156 108 488 48 1204 158
is_linear=0
shrinkage=0.05


Tree=45
num_leaves=15
num_cat=0
split_feature=9 9 25 3 1 10 19 4 18 1 19 13 16 19
split_gain=18.2505 25.9023 12.2287 14.581 14.4928 9.27179 15.1604 7.07886 5.00246 3.86617 9.29384 3.81128 3.21095 0.0940382
threshold=-3.0465246438980098 1.0914775729179385 -1.0720849633216856 -1.7885360717773435 0.89613133668899547 -0.51062932610511769 0.31824570894241339 0.3838916569948197 -3.5958399772644039 -0.26785574853420252 0.81991994380950939 0.84153455495834362 -0.7031697928905486 -0.93682140111923207
decision_type=2 2 2 2 2 2 2 2 2 2 2 2 2 2
left_child=-1 2 4 7 12 9 -7 -4 -5 13 -11 -8 -2 -3
right_child=1 5 3 8 -6 6 11 -9 -10 10 -12 -13 -14 -15
leaf_value=0.049412133531400421 0.055031559330837358 0.057573081042890023 -0.058399055943290493 0.053357208847195262 -0.056281537123350704 -0.059811332899079875 -0.013571384245895832 0.051963568323586319 -0.053600800574713017 0.052040198328929192 -0.065802891386861295 0.053176731351112741 0.006167371048471813 0.050404423972070581
leaf_weight=16.324074655771255 8.2899618148803693 7.4360055923461941 1.944487091153859 1.1229814291000355 6.2756188102066508 7.4092128537595299 3.0126433651894313 5.7482216358184814 41.211389847099781 4.7486717589199534 2.583306398242712 7.3714641928672791 5.655545566231015 11.889239514246585
leaf_count=18 6 5 34 1 177 158 43 7 1493 6 45 6 41 17
internal_value=-5.29727e-05 -0.00709291 -0.0259938 -0.0392568 0.006819 0.0227774 -0.0051733 0.0240672 -0.0507636 0.0414341 0.0105201 0.0338117 0.0352149 0.0531628
internal_weight=131.023 114.699 70.2482 50.0271 20.2211 44.4505 17.7933 7.69271 42.3344 26.6572 7.33198 10.3841 13.9455 19.3252
internal_count=2057 2039 1759 1535 224 280 207 41 1494 73 51 49 47 22
is_linear=0
shrinkage=0.05


Tree=46
num_leaves=15
num_cat=0
split_feature=9 9 25 3 1 10 19 19 18 1 19 13 24 19
split_gain=17.2257 24.4243 11.6464 13.8372 13.6019 8.77554 14.2572 6.69473 4.74242 3.65023 8.76913 3.64424 3.1632 0.0902612
threshold=-3.0465246438980098 1.0914775729179385 -1.0720849633216856 -1.7885360717773435 0.89613133668899547 -0.51062932610511769 0.31824570894241339 0.77887856960296642 -3.5958399772644039 -0.26785574853420252 0.81991994380950939 0.84153455495834362 0.67274904251098644 -0.93682140111923207
decision_type=2 2 2 2 2 2 2 2 2 2 2 2 2 2
left_child=-1 2 4 7 12 9 -7 -4 -5 13 -11 -8 -2 -3
right_child=1 5 3 8 -6 6 11 -9 -10 10 -12 -13 -14 -15
leaf_value=0.049043878734302951 -0.00067485571563392086 0.057189202793267641 -0.057648406357528464 0.053182768991446444 -0.055994556622455477 -0.059344088823835572 -0.012912172302782354 0.051670296411339703 -0.053424217650152629 0.051710047171902335 -0.065171382216858323 0.052807219041173893 0.051020152754349894 0.05001312020750346
leaf_weight=15.641609534621237 4.3596493080258396 7.1196249723434475 1.8785559628158797 1.0716280937194813 5.9993750322610131 7.1019477713853147 3.0082438532263023 5.5034242421388626 39.327786346897483 4.5451936796307555 2.4805254843086004 7.0597843676805496 9.2117838039994222 11.39566593244672
leaf_count=18 38 5 35 1 177 158 43 6 1493 6 45 6 9 17
internal_value=-5.39481e-05 -0.00703148 -0.0257881 -0.0390946 0.00669937 0.0225464 -0.00509576 0.023851 -0.0505964 0.0411288 0.0104435 0.0331708 0.0344138 0.0527725
internal_weight=125.705 110.063 67.3522 47.7814 19.5708 42.711 17.17 7.38198 40.3994 25.541 7.02572 10.068 13.5714 18.5153
internal_count=2057 2039 1759 1535 224 280 207 41 1494 73 51 49 47 22
is_linear=0
shrinkage=0.05


Tree=47
num_leaves=15
num_cat=0
split_feature=27 24 21 22 13 22 16 8 11 4 0 13 9 20
split_gain=16.3125 17.471 21.1549 15.3493 17.2037 9.9297 7.36052 6.65442 10.2035 5.77716 4.65455 0.849758 0.501181 0.00172361
threshold=-3.1805095672607417 0.45652259886264807 -1.5434920787811277 -0.47045595943927759 0.84153455495834362 0.98053875565528881 -0.51080608367919911 1.2006078958511355 0.67920753359794628 1.5883412361145022 6.7847740650177011 -0.48966789245605463 -3.0465246438980098 1.2383002042770388
decision_type=2 2 2 2 2 2 2 2 2 2 2 2 2 2
left_child=-1 2 5 6 10 13 11 12 -9 -8 -5 -3 -4 -2
right_child=1 3 7 4 -6 -7 9 8 -10 -11 -12 -13 -14 -15
leaf_value=0.050492266199439889 -0.053955776268197531 0.054561502521198249 -0.11249494554834188 -0.048529539453330085 0.050936794798739471 0.053912084956635187 -0.056051815544654993 0.056477712087717985 -0.055928944576854302 0.052819680904023829 0.053606418046159121 0.032967421777045078 -0.05473572579063965 -0.056896394727691882
leaf_weight=14.095435246825216 2.0403163172304626 18.137477576732639 0.38012401759624026 16.732156397774823 6.9523479007184497 9.5639159679412824 3.3264166153967372 3.7061088085174543 4.4344932083040476 1.9228689670562742 1.1951527595520008 6.0840061269700554 31.357623443007476 0.65934548899531353
leaf_count=18 66 16 3 487 9 8 106 2 135 2 1 32 1157 15
internal_value=-5.50504e-05 -0.00674554 -0.0274221 0.0130908 -0.0158284 0.0300083 0.0375048 -0.0450833 -0.00475444 -0.016171 -0.0417205 0.0491375 -0.0554275 -0.054674
internal_weight=120.588 106.492 52.1419 54.3504 24.8797 12.2636 29.4708 39.8783 8.1406 5.24929 17.9273 24.2215 31.7377 2.69966
internal_count=2057 2039 1386 653 497 89 156 1297 137 108 488 48 1160 81
is_linear=0
shrinkage=0.05


Tree=48
num_leaves=15
num_cat=0
split_feature=9 9 25 3 1 10 19 4 18 13 1 19 16 19
split_gain=15.6669 21.7545 10.4901 12.4489 12.1418 7.96577 12.7919 6.03639 4.27524 3.32307 3.30369 7.89082 3.08792 0.0795387
threshold=-3.0465246438980098 1.0914775729179385 -1.0720849633216856 -1.7885360717773435 0.89613133668899547 -0.51062932610511769 0.31824570894241339 0.3838916569948197 -3.5958399772644039 0.84153455495834362 -0.26785574853420252 0.81991994380950939 -0.7031697928905486 -0.93682140111923207
decision_type=2 2 2 2 2 2 2 2 2 2 2 2 2 2
left_child=-1 2 4 7 12 10 -7 -4 -5 -8 13 -12 -2 -3
right_child=1 5 3 8 -6 6 9 -9 -10 -11 11 -13 -14 -15
leaf_value=0.048568505692987575 0.05443124380049718 0.056494151244683093 -0.057219676116323406 0.052869326537689922 -0.055561916392836946 -0.058620393109284588 -0.012348909818324955 0.051049802271537936 -0.053108765424619835 0.052213928474131359 0.051231173577331028 -0.064094613818901511 0.0043620095550086059 0.049458008766728234
leaf_weight=14.49064004421234 7.3305771946907043 6.5323879718780544 1.7279643639922131 0.97758150100707908 5.5064080562442532 6.5867785885930052 2.8793304637074453 5.049017172306776 35.848527312278748 6.4748126789927483 4.1661006566137067 2.3032415006309748 5.3099511004984397 10.428760778158905
leaf_count=18 6 5 34 1 177 158 43 7 1493 6 6 45 41 17
internal_value=-5.41204e-05 -0.00702171 -0.0255398 -0.0388346 0.00640482 0.022022 -0.00524441 0.0234437 -0.0502955 0.0323406 0.0405726 0.0101724 0.0333985 0.0521679
internal_weight=115.612 101.121 61.75 43.6031 18.1469 39.3714 15.9409 6.77698 36.8261 9.35414 23.4305 6.46934 12.6405 16.9611
internal_count=2057 2039 1759 1535 224 280 207 41 1494 49 73 51 47 22
is_linear=0
shrinkage=0.05


Tree=49
num_leaves=15
num_cat=0
split_feature=9 9 25 3 1 10 6 19 18 13 1 19 13 27
split_gain=14.7846 20.5154 9.99922 11.8195 11.3993 7.54059 12.0876 5.71295 4.05485 3.26656 3.11881 7.44852 2.55082 0.0781529
threshold=-3.0465246438980098 1.0914775729179385 -1.0720849633216856 -1.7885360717773435 0.89613133668899547 -0.51062932610511769 1.2203742861747744 0.77887856960296642 -3.5958399772644039 0.18629158288240436 -0.26785574853420252 0.81991994380950939 0.84153455495834362 -1.0000000180025095e-35
decision_type=2 2 2 2 2 2 2 2 2 2 2 2 2 2
left_child=-1 2 4 7 9 10 -7 -4 -5 -2 13 -12 -8 -3
right_child=1 5 3 8 -6 6 12 -9 -10 -11 11 -13 -14 -15
leaf_value=0.0481963577948228 0.04993351603897301 0.055058917614711739 -0.056542937515335935 0.052721565857454938 -0.055309614211686668 -0.057549573805563074 -0.0087983264935772906 0.050780466176242989 -0.052957219861564313 -0.0057082414775450801 0.050903954335063117 -0.063538338871112751 0.049626516508569987 0.048111642841977637
leaf_weight=13.887688204646109 8.4787273630499858 8.6024911999702471 1.6679441593587387 0.93244463205337424 5.2611471004784098 6.4180977232754222 2.6536350809037668 4.8325672224164009 34.195292536169291 3.8288819268345824 3.9877546466886988 2.2096073664724827 6.311866283416748 7.6463518328964737
leaf_count=18 12 8 35 1 177 168 32 6 1493 35 6 45 7 14
internal_value=-5.52495e-05 -0.00696162 -0.025341 -0.038691 0.00629097 0.0217989 -0.00516592 0.0232427 -0.050152 0.0326234 0.0402794 0.0101007 0.0323338 0.0517897
internal_weight=110.914 97.0268 59.197 41.6282 17.5688 37.8298 15.3836 6.50051 35.1277 12.3076 22.4462 6.19736 8.9655 16.2488
internal_count=2057 2039 1759 1535 224 280 207 41 1494 47 73 51 39 22
is_linear=0
shrinkage=0.05


Tree=50
num_leaves=15
num_cat=0
split_feature=27 24 21 22 13 22 16 8 11 4 1 13 9 20
split_gain=13.9577 15.0465 18.5736 12.8023 14.9384 8.48978 6.32293 5.74734 8.76018 4.9899 4.02761 0.799752 0.492102 0.00106828
threshold=-3.1805095672607417 0.45652259886264807 -1.5434920787811277 -0.47045595943927759 0.84153455495834362 0.98053875565528881 -0.51080608367919911 1.2006078958511355 0.67920753359794628 1.5883412361145022 2.8003509044647221 -0.48966789245605463 -3.0465246438980098 1.2383002042770388
decision_type=2 2 2 2 2 2 2 2 2 2 2 2 2 2
left_child=-1 2 5 6 10 13 11 12 -9 -8 -5 -3 -4 -2
right_child=1 3 7 4 -6 -7 9 8 -10 -11 -12 -13 -14 -15
leaf_value=0.049882629664254788 -0.053389139339252191 0.05391978593898851 -0.11152109706515551 -0.047480463074985907 0.050311448220389278 0.053408870437260551 -0.055592338814149683 0.05552643968016701 -0.055317402553121189 0.052427970222065461 0.053161807783730766 0.031751845347298073 -0.054286531525325213 -0.055864300502829173
leaf_weight=12.365624114871023 1.7709775157272809 15.859226882457735 0.3807603269815435 14.85039134696126 6.2823985889554015 8.4837794899940473 2.9384351745247832 3.268233895301818 3.9210482910275459 1.68055123090744 1.0654101371765143 5.4725444503128555 27.493070043623451 0.57827395945787419
leaf_count=18 66 16 3 487 9 8 106 2 135 2 1 32 1157 15
internal_value=-5.6919e-05 -0.00662328 -0.0271078 0.0129028 -0.0149736 0.0301165 0.0367482 -0.0447877 -0.004928 -0.0162907 -0.0407434 0.0482327 -0.0550684 -0.0539984
internal_weight=106.411 94.0451 45.8961 48.149 22.1982 10.833 25.9508 35.0631 7.18928 4.61899 15.9158 21.3318 27.8738 2.34925
internal_count=2057 2039 1386 653 497 89 156 1297 137 108 488 48 1160 81
is_linear=0
shrinkage=0.05


Tree=51
num_leaves=15
num_cat=0
split_feature=9 9 25 3 1 10 19 4 22 15 18 13 12 16
split_gain=13.3174 18.3859 9.02014 10.6443 10.1866 6.89144 11.0247 5.1593 4.61251 4.56462 3.65923 2.981 2.78383 0.326557
threshold=-3.0465246438980098 1.0914775729179385 -1.0720849633216856 -1.7885360717773435 0.89613133668899547 -0.51062932610511769 0.31824570894241339 0.3838916569948197 0.16095145046710971 -0.058171316981315606 -3.5958399772644039 0.18629158288240436 -1.7945880293846128 -0.48093616962432856
decision_type=2 2 2 2 2 2 2 2 2 2 2 2 2 2
left_child=-1 2 4 7 11 9 -7 -4 -8 12 -5 -2 -3 -11
right_child=1 5 3 10 -6 6 8 -9 -10 13 -12 -13 -14 -15
leaf_value=0.047672010530018412 0.049183712540128113 0.052483860377077987 -0.056237877711113306 0.05245617158446763 -0.054943408022392275 -0.057732947900361167 -0.057421109625092996 0.05021983361247552 0.04693778810825535 0.053986197536495688 -0.052688612546436732 -0.0053929528720408166 -0.057062409718022261 0.040041579251216014
leaf_weight=12.783900350332258 7.7841355651617068 0.85872948169708552 1.5315298903733481 0.85005307197570346 4.8259915057569733 5.8940410800278178 1.2428387571126203 4.4302011057734489 7.1506921108812094 11.371806025505068 31.15365440398455 3.6871326640248299 1.7863841541111467 6.6556726153939954
leaf_count=18 12 1 34 1 177 158 31 7 18 12 1493 35 42 18
internal_value=-5.5898e-05 -0.00689438 -0.0251128 -0.0384692 0.00600173 0.0213829 -0.00531986 0.0228715 0.0314853 0.0398382 -0.0498959 0.0316415 -0.0214985 0.0488379
internal_weight=102.007 89.2229 54.2627 37.9654 16.2973 34.9602 14.2876 5.96173 8.39353 20.6726 32.0037 11.4713 2.64511 18.0275
internal_count=2057 2039 1759 1535 224 280 207 41 49 73 1494 47 43 30
is_linear=0
shrinkage=0.05


Tree=52
num_leaves=15
num_cat=0
split_feature=22 24 22 29 22 13 21 28 16 0 28 1 10 4
split_gain=12.6244 18.1822 12.9939 8.94722 7.23326 8.20556 7.13561 9.99271 6.58529 4.45132 3.63441 2.79103 1.16429 1.16301
threshold=1.4254828691482546 0.45652259886264807 -0.47045595943927759 1.829769551753998 0.98053875565528881 -1.0879352092742918 -0.55982571840286244 0.80782347917556774 -0.19565365463495252 6.7847740650177011 0.30758336186409002 -1.3533038496971128 -1.0000000180025095e-35 -1.0210645794868467
decision_type=2 2 2 2 2 2 2 2 2 2 2 2 2 2
left_child=1 4 8 9 5 13 -2 -8 12 -4 -6 -10 -3 -1
right_child=6 2 3 -5 10 -7 7 -9 11 -11 -12 -13 -14 -15
leaf_value=0.055874176840190616 0.051461510189686435 0.053481972740315742 -0.054689007296060681 0.045735587337126328 -0.053054835996899669 -0.054811539906547274 -0.055163639735939289 0.05235969041137515 0.052270493269489404 0.053123575681834803 0.048963121941333627 -0.055422414219684572 0.026318031636654273 -0.0035288784044433981
leaf_weight=1.7918652296066286 15.57908287458122 15.286726236343386 10.441130247898396 3.5780820921063414 1.1827745735645283 26.760626415722072 4.6408697757869941 4.0434920191764832 0.79138427972793879 1.0540425777435309 3.3334541171789169 2.5091657955199445 5.3166766148060587 1.5253759436309362
leaf_count=1 22 17 406 10 51 1189 181 5 1 1 5 98 41 29
internal_value=-5.86994e-05 -0.0103733 0.0130439 -0.0233111 -0.0367574 -0.0456168 0.031217 -0.00510012 0.0359686 -0.0448032 0.0222452 -0.0296005 0.0464724 0.0285587
internal_weight=97.8347 73.5713 38.9772 15.0733 34.5941 30.0779 24.2634 8.68436 23.904 11.4952 4.51623 3.30055 20.6034 3.31724
internal_count=2057 1849 574 417 1275 1219 208 186 157 407 56 99 58 30
is_linear=0
shrinkage=0.05


Tree=53
num_leaves=15
num_cat=0
split_feature=9 9 25 3 24 10 19 4 8 15 18 13 12 16
split_gain=11.9996 16.401 8.14748 9.59013 9.21413 6.21713 9.94972 4.65906 4.48352 4.10457 3.29793 2.58184 2.49813 0.333423
threshold=-3.0465246438980098 1.0914775729179385 -1.0720849633216856 -1.7885360717773435 0.092658977955579772 -0.51062932610511769 0.31824570894241339 0.3838916569948197 -0.28311488032340998 -0.058171316981315606 -3.5958399772644039 0.84153455495834362 -1.7945880293846128 -0.48093616962432856
decision_type=2 2 2 2 2 2 2 2 2 2 2 2 2 2
left_child=-1 2 4 7 -2 9 -7 -4 -6 12 -5 -8 -3 -11
right_child=1 5 3 10 8 6 11 -9 -10 13 -12 -13 -14 -15
leaf_value=0.047086696573852567 -0.055212161577841784 0.052234122291164344 -0.055747599510138794 0.052213743941323047 -0.059699201125742118 -0.057157229020891202 -0.010693483612719039 0.049615580276245436 0.042312586079166041 0.053609699262011562 -0.052443050289235585 0.050986440937444859 -0.056405434799361082 0.038943209782259687
leaf_weight=11.796758174896238 4.3944549839943639 0.77979230880737604 1.4139941819012118 0.77328336238860984 1.2147306855767972 5.4526925925165397 2.5095625948160887 4.0669162571430206 9.507038196548816 10.40147250890732 28.338155021891005 5.2373685836791992 1.6462880112230776 6.1760002374649039
leaf_count=18 150 1 34 1 33 158 43 7 41 12 1493 6 42 18
internal_value=-6.05327e-05 -0.00685058 -0.0248586 -0.0382399 0.00576345 0.0209465 -0.00541394 0.0224334 0.0307551 0.0392561 -0.0496631 0.0310057 -0.0214864 0.0481456
internal_weight=93.7085 81.9117 49.7086 34.5923 15.1162 32.2032 13.1996 5.48091 10.7218 19.0036 29.1114 7.74693 2.42608 16.5775
internal_count=2057 2039 1759 1535 224 280 207 41 74 73 1494 49 43 30
is_linear=0
shrinkage=0.05


Tree=54
num_leaves=15
num_cat=0
split_feature=22 16 10 9 13 15 7 16 1 8 1 9 6 9
split_gain=11.4623 25.7745 17.1371 10.287 10.2596 12.2706 9.3771 1.06556 2.86493 0.752247 1.38615 0.42834 0.075822 0.0432028
threshold=0.87612155079841625 -0.47400839626789087 -0.51062932610511769 -2.013838410377502 -0.44095124304294581 2.3722939491271977 0.89411458373069774 0.44914263486862188 0.40943144261837011 1.2404264211654665 1.7619086503982546 -3.0465246438980098 3.0586035251617436 2.0442273616790776
decision_type=2 2 2 2 2 2 2 2 2 2 2 2 2 2
left_child=1 2 -1 -4 5 12 11 8 -6 10 -8 -3 -2 -13
right_child=4 6 3 -5 7 -7 9 -9 -10 -11 -12 13 -14 -15
leaf_value=0.052099300107951489 -0.053654936765039976 -0.10727814995566523 0.052214090166836348 -0.054122392260905899 -0.054903014861475419 0.052120939415055426 -0.052785246765154926 0.05270935301349431 0.049559037779887384 0.053315674880566113 0.0519681925605779 -0.053739146728911169 -0.078348000749155836 -0.068037619869487656
leaf_weight=17.476652555167679 6.517856655642392 0.38307663798332825 3.0894798636436489 8.6206026645377225 0.89541546627879443 4.4094294309616089 0.57948226854205065 15.744080243632196 2.4583805780857801 2.0318098664283752 0.69402182102203369 26.128058827482167 0.32644448429346073 0.53919258527457614
leaf_count=29 273 3 4 366 36 6 30 19 5 2 1 1267 5 11
internal_value=-6.38525e-05 -0.0128112 0.0207378 -0.0260676 0.0249432 -0.0129262 -0.0450682 0.0472584 0.0216692 0.0344313 0.00430226 -0.0547824 -0.0548327 -0.0540283
internal_weight=89.894 59.5424 29.1867 11.7101 30.3516 11.2537 30.3556 19.0979 3.3538 3.30531 1.2735 27.0503 6.8443 26.6673
internal_count=2057 1713 399 370 344 284 1314 60 41 33 31 1281 278 1278
is_linear=0
shrinkage=0.05


Tree=55
num_leaves=15
num_cat=0
split_feature=22 16 10 9 13 15 7 16 1 8 1 9 9 3
split_gain=10.8621 24.4164 16.216 9.75389 9.72224 11.6322 8.88165 1.01884 2.7073 0.712654 1.31554 0.343623 0.0714442 0.0389361
threshold=0.87612155079841625 -0.47400839626789087 -0.51062932610511769 -2.013838410377502 -0.44095124304294581 2.3722939491271977 0.89411458373069774 0.44914263486862188 0.40943144261837011 1.2404264211654665 1.7619086503982546 -3.0465246438980098 2.1946573257446294 0.72876176238060009
decision_type=2 2 2 2 2 2 2 2 2 2 2 2 2 2
left_child=1 2 13 -4 5 12 11 8 -6 10 -8 -3 -2 -1
right_child=4 6 3 -5 7 -7 9 -9 -10 -11 -12 -13 -14 -15
leaf_value=0.049033569103917818 -0.053634624774566209 -0.1014603600592702 0.052101461835455956 -0.053934778835650371 -0.054671729498713142 0.052013336613157726 -0.052649498544811449 0.052553923053083575 0.049187954458183684 0.053145062320684014 0.051868522581814874 -0.053851501075903863 -0.082663969008912763 0.05391180123402757
leaf_weight=7.1485742442309919 6.3171821897849458 0.38473679125309601 2.9449965953826931 8.2279755314812011 0.85525780171156229 4.2028370499610901 0.55260594002902441 15.019408209249375 2.3556857220828533 1.9387651681900022 0.66141057014465332 25.447806715965271 0.21930768527090538 9.561550021171568
leaf_count=19 274 3 4 366 36 6 30 19 5 2 1 1278 4 10
internal_value=-6.3241e-05 -0.012758 0.0206457 -0.0259855 0.0248569 -0.0128821 -0.0448913 0.0470886 0.0215242 0.034334 0.00429316 -0.0545606 -0.0546086 0.0518249
internal_weight=85.8381 56.8684 27.8831 11.173 28.9697 10.7393 28.9853 18.2304 3.21094 3.15278 1.21402 25.8325 6.53649 16.7101
internal_count=2057 1713 399 370 344 284 1314 60 41 33 31 1281 278 29
is_linear=0
shrinkage=0.05


Tree=56
num_leaves=15
num_cat=0
split_feature=22 16 10 9 13 15 7 16 1 8 1 9 9 3
split_gain=10.2945 23.135 15.3435 9.24973 9.21346 11.0286 8.4147 0.974923 2.55792 0.675288 1.24867 0.2774 0.0614189 0.0400087
threshold=0.87612155079841625 -0.47400839626789087 -0.51062932610511769 -2.013838410377502 -0.44095124304294581 2.3722939491271977 0.89411458373069774 0.44914263486862188 0.40943144261837011 1.2404264211654665 1.7619086503982546 -3.0465246438980098 2.1946573257446294 0.72876176238060009
decision_type=2 2 2 2 2 2 2 2 2 2 2 2 2 2
left_child=1 2 13 -4 5 12 11 8 -6 10 -8 -3 -2 -1
right_child=4 6 3 -5 7 -7 9 -9 -10 -11 -12 -13 -14 -15
leaf_value=0.048660342779785239 -0.053460535116700104 -0.096502846299514153 0.051994785354817191 -0.053755697148965401 -0.054451113757570904 0.051911392755417701 -0.052520404577760443 0.052404887627111853 0.048803675382261234 0.052983666910646744 0.051774076129389474 -0.053686517356515931 -0.08075396852930293 0.053715856160694013
leaf_weight=6.8507902193814543 6.0281636491417903 0.38427966833115235 2.8069697022438049 7.8521082689985615 0.8167593702673942 4.0055149793624878 0.52691446617245608 14.326509734615682 2.2580014411360025 1.84968626499176 0.63027191162109375 24.279216104187071 0.21342008002102364 9.1275671720504743
leaf_count=19 274 3 4 366 36 6 30 19 5 2 1 1278 4 10
internal_value=-6.28072e-05 -0.0127068 0.0205541 -0.0259073 0.024773 -0.0128399 -0.0447262 0.0469221 0.0213757 0.0342419 0.00428452 -0.0543536 -0.0543938 0.0515483
internal_weight=81.9562 54.3078 26.6374 10.6591 27.6484 10.2471 27.6704 17.4013 3.07476 3.00687 1.15719 24.6635 6.24158 15.9784
internal_count=2057 1713 399 370 344 284 1314 60 41 33 31 1281 278 29
is_linear=0
shrinkage=0.05


Tree=57
num_leaves=15
num_cat=0
split_feature=22 16 10 9 27 13 7 22 0 8 1 28 10 5
split_gain=9.75741 21.924 14.5172 8.77281 8.74232 8.6251 7.97368 0.91048 1.45175 0.640009 1.18532 0.388393 0.418793 1.35978
threshold=0.87612155079841625 -0.47400839626789087 -0.51062932610511769 -2.013838410377502 -0.79297393560409535 -0.22817680984735486 0.89411458373069774 1.9471156001091006 3.2807285785675053 1.2404264211654665 1.7619086503982546 -0.38525895774364466 1.1544739007949831 2.0859318971633916
decision_type=2 2 2 2 2 2 2 2 2 2 2 2 2 2
left_child=1 2 -1 -4 11 -6 -3 8 -7 10 -8 12 13 -2
right_child=4 6 3 -5 5 7 9 -9 -10 -11 -12 -13 -14 -15
leaf_value=0.051269316740315499 -0.052334052994510522 -0.054156428743612331 0.051893727184875539 -0.0535847265833359 -0.054363021114473359 -0.054618491483400346 -0.052397629475506802 0.052922948111441451 0.051982051620299709 0.052830941648834687 0.051684565238492824 0.050277635145797299 0.052824911990444104 0.052165279356858302
leaf_weight=15.279755633324386 0.52836027927696994 23.543618351221088 2.6751406192779541 7.4923866558819991 5.474470918998124 0.58842367399483542 0.50236132461577587 3.2539687156677246 0.69853651523590088 1.7644338607788084 0.60054528713226318 14.119762616232039 0.96406817436218251 0.7577594518661499
leaf_count=29 26 1281 4 366 254 27 30 4 1 2 1 30 1 1
internal_value=-6.25109e-05 -0.0126571 0.020463 -0.0258327 0.0246912 -0.012104 -0.0445688 0.0388427 0.00324217 0.0341547 0.00427632 0.0472031 0.0279107 0.00923514
internal_weight=78.2436 51.8582 25.4473 10.1675 26.3854 10.0154 26.411 4.54093 1.28696 2.86734 1.10291 16.37 2.25019 1.28612
internal_count=2057 1713 399 370 344 286 1314 32 28 33 31 58 28 27
is_linear=0
shrinkage=0.05


Tree=58
num_leaves=15
num_cat=0
split_feature=27 0 0 25 16 16 18 9 13 1 25 18 22 10
split_gain=9.27032 10.0707 10.2199 7.56271 12.7188 5.40446 9.99874 6.14234 3.30615 1.80398 0.30754 0.80562 0.179071 0.145475
threshold=-3.1805095672607417 0.77725291252136242 -1.878970682621002 -0.54971486330032338 -0.53704047203063954 -0.99267095327377308 -0.46741792559623713 2.8340228796005253 0.73793280124664318 1.9615498185157778 -0.10126814246177672 2.7618157863616948 1.4254828691482546 -1.9072250723838804
decision_type=2 2 2 2 2 2 2 2 2 2 2 2 2 2
left_child=-1 2 8 4 -4 10 12 -8 9 -2 -3 -12 -7 -5
right_child=1 5 3 13 -6 6 7 -9 -10 -11 11 -13 -14 -15
leaf_value=0.048721160055651525 -0.054953093483788885 0.052122771661463278 0.044289549019347098 -0.089820658884377402 -0.054435496231954053 0.035797465740941274 -0.054646148843692503 0.052365791747060235 0.051346829312469304 0.051552174139022001 0.00051252823583998062 0.052025824841403494 0.052757374765820181 -0.05282018098465429
leaf_weight=8.6150961332023126 1.3941967487335194 6.9519990384578705 6.6220954582095146 0.26929579861462016 6.4301603864878363 2.5329513885080805 7.3072907757014018 1.6423167586326597 5.4120361916720867 0.55619448423385609 1.1819137064740082 2.1210290193557739 4.0368638634681702 19.635147185996182
leaf_count=18 63 11 37 3 303 24 356 2 9 1 26 3 5 1196
internal_value=-6.32954e-05 -0.00642221 -0.022027 -0.0339251 -0.00434709 0.0179886 -0.000622865 -0.0350087 0.0312327 -0.0245809 0.0461545 0.0335925 0.0462186 -0.0533208
internal_weight=74.7086 66.0935 40.3191 32.9567 13.0523 25.7744 15.5194 8.94961 7.36243 1.95039 10.2549 3.30294 6.56982 19.9044
internal_count=2057 2039 1612 1539 340 427 387 358 73 64 40 29 29 1199
is_linear=0
shrinkage=0.05


Tree=59
num_leaves=15
num_cat=0
split_feature=22 16 10 9 13 15 7 16 1 8 1 9 19 9
split_gain=8.76619 19.7308 13.085 7.98525 7.93388 9.46383 7.20867 1.09358 1.93827 0.577975 1.06951 0.178329 0.0456113 0.0395531
threshold=0.87612155079841625 -0.47400839626789087 -0.51062932610511769 -2.013838410377502 -0.44095124304294581 2.3722939491271977 0.89411458373069774 0.23158194124698642 0.40943144261837011 1.2404264211654665 1.7619086503982546 -3.0465246438980098 -0.87463432550430287 2.1946573257446294
decision_type=2 2 2 2 2 2 2 2 2 2 2 2 2 2
left_child=1 2 12 -4 5 13 11 8 -6 10 -8 -3 -1 -2
right_child=4 6 3 -5 7 -7 9 -9 -10 -11 -12 -13 -14 -15
leaf_value=0.052888881223417943 -0.05300490339200728 -0.087906110289629857 0.051727123069523297 -0.053293904338066606 -0.053845818576138529 0.051642322638323461 -0.052169649664306296 0.05200759410855646 0.046765787545836691 0.052556699217668069 0.051519640805613859 -0.053231777348146762 0.046887189179093368 -0.075492779228629514
leaf_weight=9.1529000699520093 5.268688275478782 0.37744095921517029 2.4571273326873779 6.8723772335797531 0.71360275149345342 3.4780843257904053 0.45725430082529717 12.991047995164989 1.4541802778840063 1.6151110529899595 0.54522508382797241 21.09067462105304 4.8394620511680868 0.20307099260389794
leaf_count=13 274 3 4 366 36 6 30 20 4 2 1 1278 16 4
internal_value=-6.5435e-05 -0.0125489 0.0202316 -0.0256343 0.0244822 -0.0128472 -0.0442899 0.0465217 0.0136459 0.0340465 0.00422453 -0.0538414 0.0508131 -0.0538395
internal_weight=71.5162 47.4076 23.3219 9.3295 24.1087 8.94984 24.0857 15.1588 2.16778 2.61759 1.00248 21.4681 13.9924 5.47176
internal_count=2057 1713 399 370 344 284 1314 60 40 33 31 1281 29 278
is_linear=0
shrinkage=0.05


Tree=60
num_leaves=10
num_cat=0
split_feature=27 12 3 4 21 0 9 4 16
split_gain=8.31136 9.04879 9.72447 8.82745 10.4288 7.14376 5.89417 3.82052 1.67244
threshold=-3.1805095672607417 -3.1070054769515987 0.42806129157543188 -0.57243070006370533 -1.3054249882698057 -1.878970682621002 0.43387231230735784 2.0547277927398686 0.41287624835968023
decision_type=2 2 2 2 2 2 2 2 2
left_child=-1 -2 5 6 -5 8 -4 -7 -3
right_child=1 2 3 4 -6 7 -8 -9 -10
leaf_value=0.048289261681006973 0.047338199254341386 -0.016090072783213578 -0.052831296694748536 0.049903233241118589 -0.053335697048912223 -0.049193826816783769 0.04646563232247411 0.047643044795852539 0.052611069434616513
leaf_weight=7.8629743270575991 6.9433445250615469 1.3659429326653509 1.6943731112405682 3.4413584303110829 8.459002551622687 22.23872564453632 12.668080305680631 1.0674354648217548 2.5204435586929321
leaf_count=18 18 39 96 7 503 1336 33 4 3
internal_value=-6.53637e-05 -0.00636039 -0.0133353 0.00836478 -0.023481 -0.0342935 0.0347513 -0.0447586 0.0284648
internal_weight=68.2617 60.3987 53.4554 26.2628 11.9004 27.1925 14.3625 23.3062 3.88639
internal_count=2057 2039 2021 639 510 1382 129 1340 42
is_linear=0
shrinkage=0.05


Tree=61
num_leaves=15
num_cat=0
split_feature=22 16 10 9 13 15 7 16 0 8 1 9 19 15
split_gain=7.98369 17.9012 11.8765 7.23711 7.20857 8.55676 6.5105 1.00203 1.75102 0.520135 0.967423 0.142361 0.0468721 0.0317972
threshold=0.87612155079841625 -0.47400839626789087 -0.51062932610511769 -2.013838410377502 -0.44095124304294581 2.3722939491271977 0.89411458373069774 0.23158194124698642 1.3027717471122744 1.2404264211654665 1.7619086503982546 -3.0465246438980098 -0.87463432550430287 1.6407057046890261
decision_type=2 2 2 2 2 2 2 2 2 2 2 2 2 2
left_child=1 2 12 -4 5 13 11 8 -6 10 -8 -3 -1 -2
right_child=4 6 3 -5 7 -7 9 -9 -10 -11 -12 -13 -14 -15
leaf_value=0.052627901515749323 -0.052751911906884531 -0.08430426211896945 0.051564232551319734 -0.053082261282446565 -0.053170247008394428 0.051486661494533827 -0.051968767058496679 0.051807948387744863 0.046493620065371069 0.052304320481087012 0.051376600465344341 -0.053010578345794535 0.046283823542094794 -0.074277613802485029
leaf_weight=8.4001906514167768 4.8307522879913467 0.37040798366070404 2.2394620776176453 6.300116401165722 0.65907643456011911 3.1670012474060059 0.41623168811201994 11.914493495598434 1.330176994204521 1.4706525802612302 0.49665793776512146 19.28522121347487 4.4559289067983654 0.17787659913301457
leaf_count=13 275 3 4 366 37 6 30 20 3 2 1 1278 16 3
internal_value=-6.54135e-05 -0.0125099 0.0200682 -0.0256392 0.0244156 -0.0128413 -0.0441369 0.0463233 0.0134731 0.0339021 0.00425632 -0.0536003 0.050429 -0.0535164
internal_weight=65.5142 43.4349 21.3957 8.53958 22.0794 8.17563 22.0392 13.9037 1.98925 2.38354 0.91289 19.6556 12.8561 5.00863
internal_count=2057 1713 399 370 344 284 1314 60 40 33 31 1281 29 278
is_linear=0
shrinkage=0.05


Tree=62
num_leaves=15
num_cat=0
split_feature=22 16 10 9 13 15 7 16 1 8 1 9 19 15
split_gain=7.57048 16.973 11.235 6.8676 6.83428 8.1186 6.17294 0.960045 1.66829 0.493375 0.918755 0.117296 0.0509387 0.0271448
threshold=0.87612155079841625 -0.47400839626789087 -0.51062932610511769 -2.013838410377502 -0.44095124304294581 2.3722939491271977 0.89411458373069774 0.23158194124698642 0.40943144261837011 1.2404264211654665 1.7619086503982546 -3.0465246438980098 -0.87463432550430287 1.6407057046890261
decision_type=2 2 2 2 2 2 2 2 2 2 2 2 2 2
left_child=1 2 12 -4 5 13 11 8 -6 10 -8 -3 -1 -2
right_child=4 6 3 -5 7 -7 9 -9 -10 -11 -12 -13 -14 -15
leaf_value=0.052498605459856795 -0.052620032529030226 -0.081544467179478719 0.051485621687490338 -0.052942478195769443 -0.05346014482185061 0.051412108884784993 -0.051872916873041179 0.051692739448244512 0.046080635788461305 0.052187602958622785 0.051307658026121118 -0.052880196647435457 0.045745619505378407 -0.072822631330554125
leaf_weight=8.0096912086009961 4.6063797539100078 0.36395873129368439 2.1334127187728882 6.0082798656076175 0.62707085907459159 3.0168029367923737 0.39664496574550812 11.358040388673542 1.2804536763578651 1.4019776284694669 0.47305440902709961 18.388760715723038 4.2872343007475164 0.17249577119946469
leaf_count=13 275 3 4 366 36 6 30 20 4 2 1 1278 16 3
internal_value=-6.54404e-05 -0.0124654 0.0199802 -0.0255786 0.0243461 -0.0128083 -0.0440069 0.0461804 0.0133581 0.0338349 0.00424995 -0.0534365 0.0501442 -0.0533493
internal_weight=62.5243 41.463 20.4386 8.14169 21.0612 7.79568 21.0244 13.2656 1.90752 2.27168 0.869699 18.7527 12.2969 4.77888
internal_count=2057 1713 399 370 344 284 1314 60 40 33 31 1281 29 278
is_linear=0
shrinkage=0.05


Tree=63
num_leaves=15
num_cat=0
split_feature=22 16 10 9 27 13 7 22 0 8 1 28 0 5
split_gain=7.17879 16.0945 10.6265 6.51764 6.49168 6.33749 5.85368 0.674824 1.08182 0.468059 0.872604 0.296571 0.316166 1.01541
threshold=0.87612155079841625 -0.47400839626789087 -0.51062932610511769 -2.013838410377502 -0.79297393560409535 -0.22817680984735486 0.89411458373069774 1.9471156001091006 3.2807285785675053 1.2404264211654665 1.7619086503982546 -0.38525895774364466 -5.2429695129394522 2.0859318971633916
decision_type=2 2 2 2 2 2 2 2 2 2 2 2 2 2
left_child=1 2 -1 -4 11 -6 -3 8 -7 10 -8 12 -2 -14
right_child=4 6 3 -5 5 7 9 -9 -10 -11 -12 -13 13 -15
leaf_value=0.049851747027542137 0.052079925047363612 -0.053280197918697703 0.051411072493933375 -0.052808871947529451 -0.05334056715904844 -0.053624904010478452 -0.051781740795053322 0.052156081328841822 0.051483462817451454 0.052077008889718758 0.051242260984247716 0.04961694344430255 -0.051775045157760061 0.051596584421335183
leaf_weight=11.764200104400517 0.73027634620666504 17.889027974568311 2.0322333872318277 5.7293475000187737 4.1888750428333887 0.45275465026497697 0.37794794235378448 2.4644955098628998 0.53299379348754883 1.3363629877567289 0.45054307579994202 10.742670305073261 0.40675664413720436 0.57112342119216919
leaf_count=29 1 1281 4 366 254 27 30 4 1 2 1 30 26 1
internal_value=-6.55945e-05 -0.0124214 0.0198909 -0.0255207 0.0242769 -0.0120089 -0.0438828 0.0381712 0.00320715 0.0337713 0.00424391 0.0465398 0.0271877 0.00859837
internal_weight=59.6696 39.5797 19.5258 7.76158 20.0899 7.63912 20.0539 3.45024 0.985748 2.16485 0.828491 12.4508 1.70816 0.97788
internal_count=2057 1713 399 370 344 286 1314 32 28 33 31 58 28 27
is_linear=0
shrinkage=0.05


Tree=64
num_leaves=15
num_cat=0
split_feature=22 24 22 29 22 13 21 28 16 0 28 0 25 19
split_gain=6.8189 9.74464 6.96656 4.763 4.0165 4.44465 3.92875 5.41731 3.67197 2.43859 1.97953 1.52228 0.730487 0.682441
threshold=1.4254828691482546 0.45652259886264807 -0.47045595943927759 1.829769551753998 0.98053875565528881 -1.0879352092742918 -0.55982571840286244 0.80782347917556774 -0.19565365463495252 6.7847740650177011 0.30758336186409002 6.7847740650177011 -0.5253840684890746 -0.9182291030883788
decision_type=2 2 2 2 2 2 2 2 2 2 2 2 2 2
left_child=1 4 8 9 5 13 -2 -8 12 -4 -6 -10 -3 -1
right_child=6 2 3 -5 10 -7 7 -9 11 -11 -12 -13 -14 -15
leaf_value=0.053173794489813131 0.049990893718426042 0.051339470408434923 -0.052703210493306507 0.04337980342560966 -0.05171293843442655 -0.053042899971334094 -0.053201668553722894 0.051283241153893634 -0.053642373263189637 0.051730338747031424 0.046801912885454273 0.051241228781241967 0.02188690715261802 -0.0049676965613149032
leaf_weight=1.0689660310745241 8.9968798197805864 9.3263701759278756 6.0610202392563206 2.0925419898703694 0.68411771673709099 15.495642606168987 2.7060818523168555 2.2906781435012817 1.4942041039466882 0.61577284336090077 2.0025041401386261 0.45018783211708058 2.7190392110496751 0.95612040068954485
leaf_count=1 22 19 406 10 51 1189 181 5 98 1 5 1 39 29
internal_value=-6.67329e-05 -0.00993957 0.0124974 -0.0224426 -0.0352099 -0.043939 0.0302471 -0.00530237 0.0343992 -0.0430717 0.0217162 -0.0293585 0.0446911 0.025723
internal_weight=56.9601 42.9665 22.7591 8.76934 20.2074 17.5207 13.9936 4.99676 13.9898 6.67679 2.68662 1.94439 12.0454 2.02509
internal_count=2057 1849 574 417 1275 1219 208 186 157 407 56 99 58 30
is_linear=0
shrinkage=0.05


Tree=65
num_leaves=15
num_cat=0
split_feature=22 24 22 2 22 13 21 28 16 20 28 1 21 4
split_gain=6.4574 9.21579 6.56416 4.53523 3.8031 4.24119 3.71492 5.14312 3.45024 3.00667 1.86771 1.44439 1.29275 0.657787
threshold=1.4254828691482546 0.45652259886264807 -0.47045595943927759 1.0419868230819704 0.98053875565528881 -1.0879352092742918 -0.55982571840286244 0.80782347917556774 -0.19565365463495252 0.95723557472229015 0.30758336186409002 -1.3533038496971128 -0.069841735064983354 -1.0210645794868467
decision_type=2 2 2 2 2 2 2 2 2 2 2 2 2 2
left_child=1 4 8 -4 5 13 -2 -8 12 -5 -6 -10 -3 -1
right_child=6 2 3 9 10 -7 7 -9 11 -11 -12 -13 -14 -15
leaf_value=0.053009438750046413 0.049760225901511038 0.0049832349388845999 -0.052628904408563541 -0.052796313839726272 -0.051628094597679287 -0.052921434125677513 -0.053074111861259245 0.051219138976250606 0.051179229511708779 0.051777346465974927 0.046296034419133519 -0.053491189856910509 0.051291750918043146 -0.004720550628383717
leaf_weight=1.0199048519134519 8.5967805711552483 1.7806625505909313 4.9941225089132768 0.95745378546416793 0.65179533977061455 14.772890713065864 2.5801354395225635 2.1816186606884003 0.4287375807762136 2.4365574419498444 1.9251356236636636 1.4252468617633018 9.80865898914635 0.95587604679167526
leaf_count=1 22 35 353 60 51 1189 181 5 1 4 5 98 23 29
internal_value=-6.86181e-05 -0.00987245 0.0123883 -0.0223204 -0.0350196 -0.0437199 0.0301365 -0.0052917 0.0340453 0.022277 0.0215276 -0.0292859 0.0441766 0.0250799
internal_weight=54.5156 41.157 21.8314 8.38813 19.3256 16.7487 13.3585 4.76175 13.4433 3.39401 2.57693 1.85398 11.5893 1.97578
internal_count=2057 1849 574 417 1275 1219 208 186 157 64 56 99 58 30
is_linear=0
shrinkage=0.05


Tree=66
num_leaves=15
num_cat=0
split_feature=27 0 0 25 16 16 18 9 13 6 25 18 22 10
split_gain=6.1397 6.71409 6.68024 5.14568 8.34386 3.57736 6.73657 4.09517 2.28145 1.26425 0.230263 0.579859 0.131681 0.0486879
threshold=-3.1805095672607417 0.77725291252136242 -1.878970682621002 -0.54971486330032338 -0.53704047203063954 -0.99267095327377308 -0.46741792559623713 2.8340228796005253 0.73793280124664318 -1.8760265707969663 -0.10126814246177672 2.7618157863616948 1.4254828691482546 -1.9072250723838804
decision_type=2 2 2 2 2 2 2 2 2 2 2 2 2 2
left_child=-1 2 8 4 -4 10 12 -8 9 -2 -3 -12 -7 -5
right_child=1 5 3 13 -6 6 7 -9 -10 -11 11 -13 -14 -15
leaf_value=0.04758783880694778 0.051098223869072229 0.051423152664795246 0.042053471795272489 -0.074765721663057491 -0.053116299123664307 0.034585033531994373 -0.053388227422737314 0.051586505496354129 0.050422468397415855 -0.053807850839662955 0.00012658381553276891 0.051384442333145181 0.051886561836549633 -0.052026330091889728
leaf_weight=5.9826914705336085 0.40055328607559193 4.7705122530460358 4.7440406205132604 0.23957059904933231 4.476063489913944 1.7921660598367459 5.1162659730762217 1.1351968646049497 3.7366272937506437 1.0147696826607013 0.87803973071277441 1.4847448766231535 2.8464526534080505 13.516835231333964
leaf_count=18 1 11 37 3 303 24 356 2 9 63 26 3 5 1196
internal_value=-6.91919e-05 -0.006247 -0.0215126 -0.0330508 -0.00414839 0.0175775 -0.000451123 -0.034326 0.029945 -0.0241182 0.045101 0.0323364 0.045202 -0.0524223
internal_weight=52.1345 46.1518 28.1285 22.9765 9.2201 18.0234 10.8901 6.25146 5.15195 1.41532 7.1333 2.36278 4.63862 13.7564
internal_count=2057 2039 1612 1539 340 427 387 358 73 64 40 29 29 1199
is_linear=0
shrinkage=0.05


Tree=67
num_leaves=15
num_cat=0
split_feature=6 3 0 1 21 19 27 6 16 0 7 3 6 28
split_gain=5.85588 7.66635 6.21061 5.75169 4.9411 6.18495 4.58567 1.53537 1.39401 1.1006 0.949261 2.07362 0.0432504 0.00661781
threshold=-2.6746118068695064 0.42806129157543188 -1.878970682621002 -0.88254177570343006 -1.3054249882698057 -0.85862097144126881 -8.4545369148254377 -1.3398535251617429 0.41287624835968023 -5.2429695129394522 -0.58631446957588185 3.5520700216293339 -6.1560738086700431 -0.38525895774364466
decision_type=2 2 2 2 2 2 2 2 2 2 2 2 2 2
left_child=12 2 8 10 -5 -6 -4 -8 9 -2 13 -12 -1 -3
right_child=1 3 6 4 5 -7 7 -9 -10 -11 11 -13 -14 -15
leaf_value=0.051123586021129847 0.051061853638145166 0.051451380414940531 0.051224393486587028 0.049184907548594684 0.034890846668811509 -0.052487689090052206 -0.011078840498979059 -0.052666972897689249 0.051615065836964763 -0.054469966994197573 -0.054548159223459458 0.051141835606744672 0.041982219667280968 0.04849635282892923
leaf_weight=3.6400292217731476 0.38783863186836265 4.915429025888443 1.3009900152683282 2.8667258694767943 2.921114685945212 6.6030855434946707 2.6282809469848933 14.261935682501639 2.6159126162528992 0.68063338752836255 0.74072671588510419 1.2426551878452301 2.0075426409021011 3.0830128127709031
leaf_count=9 1 11 3 8 30 539 121 1215 5 38 40 3 18 16
internal_value=-7.17544e-05 -0.00619125 -0.0272385 0.0143883 -0.00836587 -0.0256883 -0.0392282 -0.0461955 0.0319593 -0.0161636 0.0426342 0.0116702 0.0478741 0.0503124
internal_weight=49.8959 44.2483 21.8756 22.3727 12.3909 9.5242 18.1912 16.8902 3.68438 1.06847 9.98182 1.98338 5.64757 7.99844
internal_count=2057 2030 1383 647 577 569 1339 1336 44 39 70 43 27 27
is_linear=0
shrinkage=0.05


Tree=68
num_leaves=15
num_cat=0
split_feature=22 24 22 2 22 13 21 28 16 20 28 1 25 4
split_gain=5.56262 8.03109 5.64769 3.89979 3.28832 3.66109 3.20215 4.42384 2.95386 2.58658 1.58814 1.2531 0.714537 0.574169
threshold=1.4254828691482546 0.45652259886264807 -0.47045595943927759 1.0419868230819704 0.98053875565528881 -1.0879352092742918 -0.55982571840286244 0.80782347917556774 -0.19565365463495252 0.95723557472229015 0.30758336186409002 -1.3533038496971128 -0.5253840684890746 -1.0210645794868467
decision_type=2 2 2 2 2 2 2 2 2 2 2 2 2 2
left_child=1 4 8 -4 5 13 -2 -8 12 -5 -6 -10 -3 -1
right_child=6 2 3 9 10 -7 7 -9 11 -11 -12 -13 -14 -15
leaf_value=0.052575053821985754 0.049406660176480426 0.050957302503798256 -0.052289727798525899 -0.052413716027849014 -0.051396407215025974 -0.052616144125541935 -0.05270257085333975 0.051048596212651544 0.051028350164187997 0.051528761701059966 0.045484990657668568 -0.053102365966998466 0.019779663925923077 -0.0045569900941633068
leaf_weight=0.88717055320739746 7.5175999477505684 7.8400214277207851 4.3481097649782887 0.83415362564846907 0.56342101888731067 12.957345943432303 2.2510149325244111 1.8901621401309965 0.37609577178954978 2.1188104748725891 1.6973653994500635 1.2463508844375644 2.4003649046644551 0.87201914843171724
leaf_count=1 22 19 353 60 51 1189 181 5 1 4 5 98 39 29
internal_value=-7.29059e-05 -0.0097606 0.0124238 -0.0221752 -0.0348023 -0.0434271 0.0299581 -0.00534731 0.0337181 0.0221671 0.0213407 -0.0289641 0.0436492 0.0242551
internal_weight=47.8 36.1412 19.1639 7.30107 16.9773 14.7165 11.6588 4.14118 11.8628 2.95296 2.26079 1.62245 10.2404 1.75919
internal_count=2057 1849 574 417 1275 1219 208 186 157 64 56 99 58 30
is_linear=0
shrinkage=0.05


Tree=69
num_leaves=15
num_cat=0
split_feature=6 3 0 1 21 19 27 6 16 0 7 3 6 28
split_gain=5.30366 6.90065 5.54316 5.17367 4.43333 5.56211 4.1821 1.47628 1.28778 0.998696 0.871196 1.88494 0.0451847 0.00688201
threshold=-2.6746118068695064 0.42806129157543188 -1.878970682621002 -0.88254177570343006 -1.3054249882698057 -0.85862097144126881 -8.4545369148254377 -1.3398535251617429 0.41287624835968023 -5.2429695129394522 -0.58631446957588185 3.5520700216293339 -6.1560738086700431 -0.38525895774364466
decision_type=2 2 2 2 2 2 2 2 2 2 2 2 2 2
left_child=12 2 8 10 -5 -6 -4 -8 9 -2 13 -12 -1 -3
right_child=1 3 6 4 5 -7 7 -9 -10 -11 11 -13 -14 -15
leaf_value=0.051023609757324909 0.050958777411106694 0.051310976174490763 0.051124704871651043 0.048788086053103481 0.033757418954223725 -0.052270296253784813 -0.010561961957608418 -0.052473727096463932 0.051461911399500265 -0.054195088874335377 -0.054291532084521824 0.05103073058799671 0.041293576031165319 0.048157410752077329
leaf_weight=3.3259872496128082 0.35160917043685946 4.4615080654621124 1.2012560069561029 2.6226489227265111 2.7352109467610708 6.0014945906586936 2.5053475149907198 13.020021896343673 2.3811154365539551 0.63105679024011163 0.68194535328075434 1.1266429722309113 1.8606696790084232 2.8257533893920481
leaf_count=9 1 11 3 8 30 539 121 1215 5 38 40 3 18 16
internal_value=-7.43946e-05 -0.00616441 -0.0269782 0.0142782 -0.00822337 -0.0253375 -0.038756 -0.0457104 0.0315877 -0.0165698 0.0423792 0.011318 0.047533 0.0500881
internal_weight=45.7323 40.5456 20.0904 20.4552 11.3594 8.73671 16.7266 15.5254 3.36378 0.982666 9.09585 1.80859 5.18666 7.28726
internal_count=2057 2030 1383 647 577 569 1339 1336 44 39 70 43 27 27
is_linear=0
shrinkage=0.05


Tree=70
num_leaves=15
num_cat=0
split_feature=22 24 22 2 8 29 21 28 16 20 5 0 25 9
split_gain=5.06515 7.33985 5.08119 3.51806 2.98042 3.86817 2.88191 3.99358 2.64664 2.33323 2.2017 1.12947 0.871525 0.0404141
threshold=1.4254828691482546 0.45652259886264807 -0.47045595943927759 1.0419868230819704 1.0801004171371462 -0.27621595561504358 -0.55982571840286244 0.80782347917556774 -0.19565365463495252 0.95723557472229015 1.2537873387336733 6.7847740650177011 -0.32859636843204493 -3.0465246438980098
decision_type=2 2 2 2 2 2 2 2 2 2 2 2 2 2
left_child=1 4 8 -4 10 -6 -2 -8 12 -5 13 -10 -3 -1
right_child=6 2 3 9 5 -7 7 -9 11 -11 -12 -13 -14 -15
leaf_value=-0.070126376145656588 0.049128002786570799 0.050778993696212832 -0.052080036904852883 -0.052187624436050017 -0.052322964795437958 0.050246351276797711 -0.052485926181887292 0.050948232995792112 -0.05284395701741687 0.05138053987778135 0.037171243505476466 0.050928578178093625 0.013135934865028231 -0.051917642676417831
leaf_weight=0.31355178356170021 6.8925303723663092 7.5317163430154324 3.9516054508276275 0.75801583053544197 1.6627162224613132 2.0556057803332797 2.0449498146772371 1.7165219783782957 1.1355423871427799 1.9243465363979337 0.73054737923666913 0.34093746542930592 1.9320599809288959 10.828968537040057
leaf_count=3 22 20 353 60 141 6 181 5 98 4 11 1 38 1114
internal_value=-7.56643e-05 -0.00971049 0.0124446 -0.022081 -0.0346832 0.00438059 0.0299173 -0.00528445 0.0333803 0.0221129 -0.0469169 -0.0288816 0.043094 -0.05243
internal_weight=43.8196 33.1656 17.5742 6.63397 15.5914 3.71832 10.654 3.76147 10.9403 2.68236 11.8731 1.47648 9.46378 11.1425
internal_count=2057 1849 574 417 1275 147 208 186 157 64 1128 99 58 1117
is_linear=0
shrinkage=0.05


Tree=71
num_leaves=15
num_cat=0
split_feature=22 24 22 2 22 13 21 28 16 20 28 0 25 4
split_gain=4.79746 6.95528 4.78995 3.3401 2.84463 3.1621 2.72253 3.79297 2.48648 2.21593 1.35236 1.0722 0.882266 0.501013
threshold=1.4254828691482546 0.45652259886264807 -0.47045595943927759 1.0419868230819704 0.98053875565528881 -1.0879352092742918 -0.55982571840286244 0.80782347917556774 -0.19565365463495252 0.95723557472229015 0.30758336186409002 6.7847740650177011 -0.32859636843204493 -1.0210645794868467
decision_type=2 2 2 2 2 2 2 2 2 2 2 2 2 2
left_child=1 4 8 -4 5 13 -2 -8 12 -5 -6 -10 -3 -1
right_child=6 2 3 9 10 -7 7 -9 11 -11 -12 -13 -14 -15
leaf_value=0.052207225805135149 0.048875979983525074 0.050646449846696251 -0.051982455432245445 -0.052083727073158947 -0.051198063054695146 -0.052321589367048144 -0.052383208610425502 0.050901158017060445 -0.052722257728385263 0.051311529474676335 0.044798072192046956 0.050882465655775179 0.012527800352336672 -0.004390405449264119
leaf_weight=0.77119898796081543 6.5893445024266839 7.1826714314520359 3.7657615998759857 0.72244903817772899 0.48626441089436312 11.337659467011692 1.9489347264170631 1.6342781484127042 1.082591868937018 1.8328948020935056 1.4943496510386465 0.32459622621536244 1.9247480109333972 0.79316712822765001
leaf_count=1 22 20 353 60 51 1189 181 5 98 4 5 1 38 29
internal_value=-7.69612e-05 -0.00965939 0.0123545 -0.0220425 -0.0345622 -0.0431269 0.0298013 -0.00527594 0.033033 0.0220795 0.0212299 -0.0288237 0.0425905 0.023511
internal_weight=41.8909 31.7184 16.8357 6.32111 14.8826 12.902 10.1726 3.58321 10.5146 2.55534 1.98061 1.40719 9.10742 1.56437
internal_count=2057 1849 574 417 1275 1219 208 186 157 64 56 99 58 30
is_linear=0
shrinkage=0.05


Tree=72
num_leaves=15
num_cat=0
split_feature=6 3 22 1 21 19 16 0 24 0 7 12 12 10
split_gain=4.5974 5.93912 4.75796 4.41585 3.54064 5.41275 3.30387 2.08619 1.44244 1.07156 0.462466 0.804852 0.045881 0.00126763
threshold=-2.6746118068695064 0.42806129157543188 0.95190724730491649 -0.98079925775527943 -1.3054249882698057 -0.85862097144126881 0.44914263486862188 -5.2429695129394522 -7.0273187160491934 -5.2429695129394522 -0.7890372872352599 -0.56103134155273426 -1.300126254558563 -1.2853729128837583
decision_type=2 2 2 2 2 2 2 2 2 2 2 2 2 2
left_child=12 2 7 10 -5 -6 9 -2 -9 -4 13 -12 -1 -3
right_child=1 3 6 4 5 -7 -8 8 -10 -11 11 -13 -14 -15
leaf_value=0.050902507657059753 0.051585291170686991 0.051261595929356224 0.050822913892752099 0.047976249357102464 0.033788897791635082 -0.051969207373464804 0.051209824520785888 0.051006524465491788 -0.049422596617748116 -0.051976843893000495 0.050884322349065293 -0.018133000141163074 0.04043446281731583 0.04976980024367874
leaf_weight=2.9356342852115631 0.56733387708663841 2.7034733891487122 0.30339983105659474 2.2994080148637304 2.8134532407857478 5.3175674010999465 2.784566342830658 0.36842799186706443 12.091775737237187 1.5412198486737896 0.97220921516418435 0.74696453148499398 1.6268119383603323 3.0088871461339295
leaf_count=9 1 7 1 9 34 551 7 1 1235 138 3 30 18 13
internal_value=-7.82634e-05 -0.00614739 -0.0267116 0.0141805 -0.00680406 -0.0222956 0.01683 -0.0421836 -0.0464531 -0.0350685 0.0436332 0.020897 0.04717 0.0504758
internal_weight=40.0811 35.5187 17.6567 17.862 10.4304 8.13102 4.62919 13.0275 12.4602 1.84462 7.43153 1.71917 4.56245 5.71236
internal_count=2057 2030 1383 647 594 585 146 1237 1236 139 53 33 27 20
is_linear=0
shrinkage=0.05


Tree=73
num_leaves=15
num_cat=0
split_feature=6 3 22 1 21 19 16 0 13 0 7 12 6 10
split_gain=4.34006 5.61269 4.4904 4.17674 3.3369 5.11801 3.13859 1.97134 1.4531 1.01758 0.456518 0.765967 0.0505748 0.00137578
threshold=-2.6746118068695064 0.42806129157543188 0.95190724730491649 -0.98079925775527943 -1.3054249882698057 -0.85862097144126881 0.44914263486862188 -5.2429695129394522 -1.0879352092742918 -5.2429695129394522 -0.7890372872352599 -0.56103134155273426 -6.1560738086700431 -1.2853729128837583
decision_type=2 2 2 2 2 2 2 2 2 2 2 2 2 2
left_child=12 2 7 10 -5 -6 9 -2 -9 -4 13 -12 -1 -3
right_child=1 3 6 4 5 -7 -8 8 -10 -11 11 -13 -14 -15
leaf_value=0.0508573975875257 0.051505592139508373 0.051199095645901173 0.050782135039160514 0.047604144971360673 0.032770180575816203 -0.051880255213961425 0.051149694166185367 0.0040693543635885211 -0.052187708959877704 -0.051882222042510251 0.050840455256565491 -0.017293389819034773 0.039657679033435873 0.049607317491872013
leaf_weight=2.7952912151813507 0.54047870635986228 2.5746835768222809 0.28882876038551319 2.2039362434297809 2.7573254397138962 5.066680646501478 2.6517967283725739 1.2865240513347078 10.648456552997233 1.4686599825508881 0.92557182908058144 0.74414351861924199 1.5764926802366961 2.8712838087230921
leaf_count=9 1 7 1 9 34 551 7 46 1190 138 3 30 18 13
internal_value=-7.80187e-05 -0.00610306 -0.0265646 0.0140495 -0.00673978 -0.0220479 0.0168074 -0.0418939 -0.0461235 -0.0350102 0.0433473 0.0204752 0.0468187 0.0503599
internal_weight=38.4002 34.0284 16.8847 17.1436 10.0279 7.82401 4.40929 12.4755 11.935 1.75749 7.11568 1.66972 4.37178 5.44597
internal_count=2057 2030 1383 647 594 585 146 1237 1236 139 53 33 27 20
is_linear=0
shrinkage=0.05


Tree=74
num_leaves=15
num_cat=0
split_feature=27 24 22 13 22 13 16 13 0 0 25 9 6 13
split_gain=4.13625 4.66233 5.70591 4.16357 3.64381 4.3971 2.03109 2.02733 1.29543 0.908885 0.830015 0.0229249 0.00724349 0.0057765
threshold=-3.1805095672607417 0.45652259886264807 0.98053875565528881 -0.30208486318588251 -0.47045595943927759 0.84153455495834362 -0.19565365463495252 -1.3561531901359556 6.7847740650177011 6.7847740650177011 -0.32859636843204493 -3.0465246438980098 3.0586035251617436 0.886835277080536
decision_type=2 2 2 2 2 2 2 2 2 2 2 2 2 2
left_child=-1 2 7 12 6 8 10 -2 -6 -8 -3 -9 -4 -5
right_child=1 4 3 13 5 -7 9 11 -10 -11 -12 -13 -14 -15
leaf_value=0.046892223273532395 0.027338409989972359 0.050402458522380227 -0.051437691450715452 0.046976960284159708 -0.044680778065186839 0.046583468298938252 -0.052296771476499804 -0.066101658167416019 0.051040691830846335 0.05075756809811624 0.011536977923111591 -0.051644214082827891 -0.065815624494295608 0.05106759020702234
leaf_weight=4.1571958884596816 0.87421447597443602 6.3848994337022305 1.3371243937872348 1.6986574856564396 4.9855932584032407 2.1605462115257978 0.90672164503485209 0.28213012218474887 0.38042575120925892 0.28002813458442688 1.7502968898043016 9.7529422328807467 0.093739300966262706 1.7543458789587019
leaf_count=18 11 20 150 15 487 9 97 3 1 1 38 1201 1 5
internal_value=-8.00893e-05 -0.00606242 -0.0255802 0.0193371 0.0122329 -0.0136446 0.0331264 -0.0456888 -0.0378946 -0.0279798 0.0420405 -0.0520507 -0.0523796 0.0490553
internal_weight=36.7989 32.6417 15.7932 4.88387 16.8485 7.52657 9.32195 10.9093 5.36602 1.18675 8.1352 10.0351 1.43086 3.453
internal_count=2057 2039 1386 171 653 497 156 1215 488 98 58 1204 151 20
is_linear=0
shrinkage=0.05


Tree=75
num_leaves=15
num_cat=0
split_feature=6 3 22 1 21 19 16 0 13 0 7 3 6 16
split_gain=3.9722 5.09256 4.04435 3.75364 3.21036 4.04477 2.84684 1.7798 1.33567 0.921696 0.755469 1.48686 0.0534253 0.00753807
threshold=-2.6746118068695064 0.42806129157543188 0.95190724730491649 -0.88254177570343006 -1.3054249882698057 -0.85862097144126881 0.44914263486862188 -5.2429695129394522 -1.0879352092742918 -5.2429695129394522 -0.58631446957588185 3.5520700216293339 -6.1560738086700431 -0.97752514481544484
decision_type=2 2 2 2 2 2 2 2 2 2 2 2 2 2
left_child=12 2 7 10 -5 -6 9 -2 -9 -4 13 -12 -1 -3
right_child=1 3 6 4 5 -7 -8 8 -10 -11 11 -13 -14 -15
leaf_value=0.050799235338200223 0.051364918814438366 0.050938567527775508 0.050709351284786867 0.047569118832678836 0.030319437992855414 -0.05171912427324319 0.051040980402314064 0.0029601060666577484 -0.052020175418891063 -0.051711962396099501 -0.053934074654674438 0.050761543932260192 0.038838134278996607 0.047128381688421719
leaf_weight=2.593730553984642 0.49266824126243491 3.5109031498432159 0.26270404458045948 2.0119470823556176 2.2535242037847629 4.5078744036145508 2.4111420214176178 1.2461269195191533 9.7300182702019846 1.3405461502261449 0.56819364195689448 0.84115186333656311 1.4585389811545599 2.0596031239256263
leaf_count=9 1 12 1 8 30 539 7 46 1190 138 40 3 18 15
internal_value=-8.05302e-05 -0.00612261 -0.0264865 0.0138923 -0.0078774 -0.0243763 0.0167065 -0.0416052 -0.0457782 -0.0349295 0.0412558 0.00855232 0.0464941 0.0495298
internal_weight=35.2887 31.2364 15.4832 15.7532 8.77335 6.7614 4.01439 11.4688 10.9761 1.60325 6.97985 1.40935 4.05227 5.57051
internal_count=2057 2030 1383 647 577 569 146 1237 1236 139 70 43 27 27
is_linear=0
shrinkage=0.05


Tree=76
num_leaves=15
num_cat=0
split_feature=22 24 22 2 8 29 13 15 16 20 5 0 25 25
split_gain=3.76508 5.54195 3.78284 2.57964 2.28716 2.97445 2.08685 3.0122 1.93061 1.75087 1.625 0.830902 0.79815 0.0232568
threshold=1.4254828691482546 0.45652259886264807 -0.47045595943927759 1.0419868230819704 1.0801004171371462 -0.27621595561504358 -0.65903353691101063 3.3136250972747807 -0.19565365463495252 0.95723557472229015 1.2537873387336733 6.7847740650177011 -0.32859636843204493 0.96125543117523204
decision_type=2 2 2 2 2 2 2 2 2 2 2 2 2 2
left_child=1 4 8 -4 10 -6 7 -2 12 -5 -1 -10 -3 -8
right_child=6 2 3 9 5 -7 13 -9 11 -11 -12 -13 -14 -15
leaf_value=-0.051955056436976732 -0.052093356873293709 0.05019304030185489 -0.051593069907940839 -0.05171130516677104 -0.051836906429284235 0.049800174836316963 0.042875631040282552 0.050730927819035931 -0.052213590928807764 0.05101990727940834 0.035178535610199783 0.050684437778009885 0.010950510647513248 0.050444208789658912
leaf_weight=8.5526033202186227 1.5432418184354904 5.858729649335146 2.9996316870674482 0.58230527350679073 1.3012497886084022 1.6111282426863898 1.3783091786317507 1.3227258771657942 0.86516277398913899 1.4414049386978147 0.57079717051237899 0.25372594594955444 1.6636528791859744 3.8505038293078542
leaf_count=1117 174 20 353 60 141 6 14 5 98 4 11 1 38 15
internal_value=-8.30633e-05 -0.00944924 0.0123414 -0.0221629 -0.0341889 0.00438875 0.0296539 -0.00463702 0.0323994 0.0214599 -0.0465036 -0.0288798 0.0415141 0.0484491
internal_weight=33.7952 25.7004 13.6646 5.02334 12.0358 2.91238 8.09478 2.86597 8.64127 2.02371 9.1234 1.11889 7.52238 5.22881
internal_count=2057 1849 574 417 1275 147 208 179 157 64 1128 99 58 29
is_linear=0
shrinkage=0.05


Tree=77
num_leaves=14
num_cat=0
split_feature=6 3 27 1 17 21 19 2 4 7 12 6 10
split_gain=3.59545 4.59635 3.67181 3.38201 3.24221 2.69346 4.14148 2.3661 1.14949 0.42546 0.666904 0.0558292 0.00149475
threshold=-2.6746118068695064 0.42806129157543188 -3.1805095672607417 -0.98079925775527943 1.655941426753998 -1.3054249882698057 -0.85862097144126881 1.1781378984451296 2.0547277927398686 -0.7890372872352599 -0.56103134155273426 -6.1560738086700431 -1.2853729128837583
decision_type=2 2 2 2 2 2 2 2 2 2 2 2 2
left_child=11 2 -2 9 8 -5 -7 -6 -4 12 -11 -1 -3
right_child=1 3 4 5 7 6 -8 -9 -10 10 -12 -13 -14
leaf_value=0.050732198813208278 0.041845747876077977 0.051009282766028757 -0.051794683326581492 0.046745780079202479 -0.051969148820107704 0.030609130758613431 -0.051562255239769442 0.051173229939382059 0.040074302510842659 0.050688034387134442 -0.01782862082576956 0.03800076048328805 0.049193029405416096
leaf_weight=2.3746876567602162 1.7325344942510117 2.1631804704666138 9.613310796674341 1.8502197111956764 0.84928470989689175 2.4178102551959446 4.1919833226129413 1.6103150248527525 0.35299655469134528 0.76217795908451058 0.66503166314214379 1.3509556371718634 2.3782436936162412
leaf_count=9 10 7 1293 9 71 34 551 4 5 3 30 18 13
internal_value=-8.45886e-05 -0.00610568 -0.026345 0.0137546 -0.0358528 -0.00657813 -0.0215046 0.0155588 -0.0485408 0.0425746 0.0187616 0.0461157 0.0500582
internal_weight=32.3127 28.5871 14.1584 14.4286 12.4259 8.46001 6.60979 2.4596 9.96631 5.96863 1.42721 3.72564 4.54142
internal_count=2057 2030 1383 647 1373 594 585 75 1298 53 33 27 20
is_linear=0
shrinkage=0.05


Tree=78
num_leaves=15
num_cat=0
split_feature=9 9 25 19 24 24 10 19 1 6 15 12 16 19
split_gain=3.4075 4.53921 2.21865 2.96159 2.71604 2.22385 2.08826 3.00402 1.96745 1.36241 1.30735 0.774525 0.161192 0.00430145
threshold=-3.0465246438980098 1.0914775729179385 -1.0720849633216856 0.75730013847351085 0.092658977955579772 -0.95950424671173085 -0.51062932610511769 0.31824570894241339 0.89613133668899547 1.2203742861747744 -0.058171316981315606 -1.7945880293846128 -0.48093616962432856 -1.8523374199867246
decision_type=2 2 2 2 2 2 2 2 2 2 2 2 2 2
left_child=-1 2 4 -4 -2 -5 10 13 -6 -9 11 -3 -12 -8
right_child=1 6 3 5 8 -7 7 9 -10 -11 12 -13 -14 -15
leaf_value=0.043450174344752492 -0.051982191427766493 0.050709820084813187 -0.050871303923292158 0.045258289395318119 0.045022169775077781 -0.051093465609183236 -0.058826748062961058 -0.051814510961678939 -0.052214529971549829 0.045721354001524994 0.051211554301092158 -0.05209077317913588 0.033620751342312898 -0.052088794540914446
leaf_weight=3.9243433997035053 1.528130327817055 0.26287272572517384 8.2690522624179703 1.6540722926147284 2.9237209167331462 0.9387322012335052 0.2736353334039453 0.43308377126231823 0.63280935399234284 2.065979951992631 3.6607363522052765 0.60472010867670178 2.0214272066950798 1.7626143172383288
leaf_count=18 150 1 1372 22 12 141 8 37 62 12 12 42 18 150
internal_value=-8.78079e-05 -0.00640849 -0.0234913 -0.0362516 0.00376718 0.0103739 0.0181662 -0.00791349 0.027721 0.0288185 0.0362248 -0.0209431 0.0449536 -0.0529943
internal_weight=30.9559 27.0316 15.9465 10.8619 5.08466 2.5928 11.0851 4.53531 3.55653 2.49906 6.54976 0.867593 5.68216 2.03625
internal_count=2057 2039 1759 1535 224 163 280 207 74 49 73 43 30 158
is_linear=0
shrinkage=0.05


Tree=79
num_leaves=15
num_cat=0
split_feature=22 24 21 25 8 29 21 28 23 5 16 9 10 9
split_gain=3.26187 4.84399 3.23513 3.35515 1.98632 2.57648 1.82933 2.61367 1.59084 1.40347 0.527542 1.14501 0.0534482 0.0143624
threshold=1.4254828691482546 0.45652259886264807 0.93532004952430736 -0.51211237907409657 1.0801004171371462 -0.27621595561504358 -0.55982571840286244 0.80782347917556774 0.40878567099571234 1.2537873387336733 -0.41371640563011164 1.2834607362747195 -1.0308573842048643 -3.0465246438980098
decision_type=2 2 2 2 2 2 2 2 2 2 2 2 2 2
left_child=1 4 3 8 9 -6 -2 -8 -3 13 12 -12 -4 -1
right_child=6 2 10 -5 5 -7 7 -9 -10 -11 11 -13 -14 -15
leaf_value=-0.063479736052753644 0.04830670843253497 -0.053298486853892324 0.050657370481970665 -0.051549631207071012 -0.051605199750946441 0.04951140251183081 -0.051782896232706911 0.050633222260407285 0.038017460376563693 0.033810742516251151 -0.051510104223981959 0.050950144762030518 0.039440072839153441 -0.051428083944291429
leaf_weight=0.25596730411052959 4.5772705171257257 0.57861598907038603 3.0131346732378006 2.9344413187354785 1.1390036386437716 1.4096245774999259 1.3583769237156951 1.150629475712776 2.714482459705323 0.51091946242377151 0.46527824597433187 0.65868467092514038 1.6398806986398993 7.2297122902236906
leaf_count=3 22 61 13 375 141 6 181 5 47 11 56 2 20 1114
internal_value=-9.24934e-05 -0.00939139 0.0123284 -0.0126713 -0.0341169 0.00432153 0.0294982 -0.0048149 0.0219727 -0.0463678 0.039278 0.00853547 0.046704 -0.0518402
internal_weight=29.636 22.5497 12.0045 6.22754 10.5452 2.54863 7.08628 2.50901 3.2931 7.9966 5.77698 1.12396 4.65302 7.48568
internal_count=2057 1849 574 483 1275 147 208 186 108 1128 91 58 33 1117
is_linear=0
shrinkage=0.05


Tree=80
num_leaves=15
num_cat=0
split_feature=24 24 22 28 18 25 0 21 13 19 7 9 6 13
split_gain=3.10231 4.42819 3.24409 2.83531 2.64719 3.25375 1.66009 1.64228 1.48822 0.981996 0.190081 0.0122796 0.00405073 0.000214535
threshold=-2.9934116601943965 0.45652259886264807 0.98053875565528881 0.30758336186409002 0.41352799534797674 -1.0937508940696714 3.2807285785675053 -0.069841735064983354 -1.3561531901359556 0.33139586448669439 1.1253993511199953 -3.0465246438980098 3.0586035251617436 0.72024101018905651
decision_type=2 2 2 2 2 2 2 2 2 2 2 2 2 2
left_child=-1 2 8 12 5 10 -7 13 -2 -9 -3 -10 -4 -6
right_child=1 4 3 -5 7 6 -8 9 11 -11 -12 -13 -14 -15
leaf_value=0.046078480981556508 0.024556185844050376 0.020995309187562899 -0.050889007003157294 0.047520105159310939 -0.051117030474635963 -0.051497704922858691 0.050609401836794667 0.047199284141358835 -0.062653533488528035 -0.0038227928006762872 0.050967811805314081 -0.051311390049225275 -0.062449074472225675 -0.053902137529873689
leaf_weight=3.22399374842644 0.69886374101042914 0.95333988545462522 1.0055999900214367 2.1229164265096188 0.45526903867721547 3.3592556724324809 0.45158402621746052 5.9849390252493322 0.24661259353161025 1.1194370184093712 1.1883284747600553 7.3776839410420489 0.081955537199973949 0.081525640562176704
leaf_count=18 11 18 159 9 60 453 2 51 3 64 4 1200 1 4
internal_value=-9.59873e-05 -0.00602047 -0.0288079 0.0138887 0.0133137 -0.0116854 -0.039398 0.032788 -0.0452771 0.0391597 0.0376259 -0.0516783 -0.0517601 -0.05154
internal_weight=28.3513 25.1273 11.5336 3.21047 13.5937 5.95251 3.81084 7.64117 8.32316 7.10438 2.14167 7.6243 1.08756 0.536795
internal_count=2057 2039 1383 169 656 477 455 179 1214 115 22 1203 160 64
is_linear=0
shrinkage=0.05


Tree=81
num_leaves=15
num_cat=0
split_feature=6 3 22 1 21 19 16 0 13 0 7 19 6 10
split_gain=2.9582 3.79603 3.0696 2.78944 2.20553 3.44636 2.16673 1.31773 1.01341 0.69248 0.37773 0.595602 0.0522917 0.00134834
threshold=-2.6746118068695064 0.42806129157543188 0.95190724730491649 -0.98079925775527943 -1.3054249882698057 -0.85862097144126881 0.44914263486862188 -5.2429695129394522 -1.0879352092742918 -5.2429695129394522 -0.7890372872352599 -0.93682140111923207 -6.1560738086700431 -1.2853729128837583
decision_type=2 2 2 2 2 2 2 2 2 2 2 2 2 2
left_child=12 2 7 10 -5 -6 9 -2 -9 -4 13 -12 -1 -3
right_child=1 3 6 4 5 -7 -8 8 -10 -11 11 -13 -14 -15
leaf_value=0.050607793257722494 0.051013760464429951 0.050845409102452714 0.050533672697965826 0.046218067820391562 0.029630707955841346 -0.051374339783503781 0.050794317021141538 0.0017356157619658943 -0.051673815016074702 -0.051367389127627866 -0.054435683061485711 0.034767614719865524 0.03717653127883036 0.048961667546996261
leaf_weight=1.9789907932281496 0.37097224593162792 1.8084260970354082 0.19901899993419636 1.554640862625092 2.0972121823579073 3.511586655629797 1.8585831522941587 1.0090592196211225 7.4127787549514297 1.0273197987116867 0.23081786045804598 0.98856246378272772 1.1433365736156726 2.0010842541232705
leaf_count=9 1 7 1 9 34 551 7 46 1190 138 15 18 18 13
internal_value=-9.93016e-05 -0.00603895 -0.0261564 0.0135594 -0.00647888 -0.0210854 0.0167563 -0.0412121 -0.0452746 -0.0348302 0.0421031 0.0178822 0.0456895 0.0498559
internal_weight=27.1924 24.0701 11.8777 12.1923 7.16344 5.6088 3.08492 8.79281 8.42184 1.22634 5.02889 1.21938 3.12233 3.80951
internal_count=2057 2030 1383 647 594 585 146 1237 1236 139 53 33 27 20
is_linear=0
shrinkage=0.05


Tree=82
num_leaves=15
num_cat=0
split_feature=27 24 22 13 22 13 16 13 4 0 28 28 9 6
split_gain=2.81234 3.41746 3.54177 2.77765 2.48243 2.96959 1.3548 1.33863 1.10542 0.874388 0.465754 0.107294 0.00894636 0.00286013
threshold=-2.7433891296386714 0.45652259886264807 0.98053875565528881 -0.30208486318588251 -0.47045595943927759 0.84153455495834362 -0.51080608367919911 -1.3561531901359556 1.5883412361145022 6.7847740650177011 0.69895520806312572 0.9816454052925111 -3.0465246438980098 3.0586035251617436
decision_type=2 2 2 2 2 2 2 2 2 2 2 2 2 2
left_child=11 2 7 13 6 9 10 -2 -8 -6 -3 -1 -9 -4
right_child=1 4 3 -5 5 -7 8 12 -10 -11 -12 -13 -14 -15
leaf_value=0.031146350767604428 0.022522536245443918 0.050931013004457737 -0.051043254633292727 0.04837149240003049 -0.043829556096664966 0.045635397410830315 -0.052006736100760564 -0.061290942000659987 0.050537405890718513 0.050709899173198292 0.01761837291668884 0.050521732605187025 -0.051260301480467424 -0.061109742744335997
leaf_weight=1.0828774543479114 0.66762612760067241 4.165703073143959 0.92641000193543754 2.2317335973493755 3.5094630741514252 1.5149375833570955 0.76445535384118535 0.22987666726112621 0.40050244331359863 0.26290011405944813 1.4025095636025069 2.1005297154188156 6.73968306672759 0.076379440724849701
leaf_count=16 11 17 150 19 486 9 105 3 2 1 31 11 1195 1
internal_value=-0.000102698 -0.00622606 -0.0265398 0.0173125 0.0121464 -0.0134949 0.0322815 -0.0451123 -0.0167529 -0.037241 0.0425403 0.0439309 -0.0515911 -0.05181
internal_weight=26.0756 22.8922 10.8717 3.23452 12.0205 5.2873 6.73317 7.63719 1.16496 3.77236 5.56821 3.18341 6.96956 1.00279
internal_count=2057 2030 1379 170 651 496 155 1209 107 487 48 27 1198 151
is_linear=0
shrinkage=0.05


Tree=83
num_leaves=15
num_cat=0
split_feature=9 9 25 19 16 7 24 10 19 6 15 12 16 19
split_gain=2.70955 3.53392 1.76423 2.33842 2.18297 2.12772 1.75849 1.68525 2.38367 1.0669 1.00709 0.640671 0.150459 0.00241445
threshold=-3.0465246438980098 1.0914775729179385 -1.0720849633216856 0.75730013847351085 -0.71143212914466847 0.46252660453319555 -0.95950424671173085 -0.51062932610511769 0.31824570894241339 1.2203742861747744 -0.058171316981315606 -1.7945880293846128 -0.48093616962432856 -1.8523374199867246
decision_type=2 2 2 2 2 2 2 2 2 2 2 2 2 2
left_child=-1 2 4 -4 -2 -6 -5 10 13 -10 11 -3 -12 -9
right_child=1 7 3 6 5 -7 -8 8 9 -11 12 -13 -14 -15
leaf_value=0.042867259520470297 0.050843564833885226 0.05059908293260932 -0.050723230015255409 0.044706929824973388 -0.052103238269714885 0.047956742806251805 -0.050920378881172824 -0.057263488598487212 -0.051447218302001822 0.045114661085767199 0.050979763103420873 -0.051678817518580493 0.032126073618117243 -0.051765148776997928
leaf_weight=3.1993669867515591 1.5362693667411802 0.22283479571342457 6.578819669550283 1.327760318759829 1.9005014579743176 0.73744726553559292 0.75361070432700206 0.23188043129630376 0.34589460236020375 1.6535718590021131 2.950090080499649 0.48935596318915486 1.6500824070535598 1.4369967868551596
leaf_count=18 6 1 1372 22 215 3 141 8 37 12 12 42 18 150
internal_value=-0.000103156 -0.00640512 -0.0232391 -0.0361093 0.00346237 -0.0241311 0.0100828 0.0176525 -0.00841241 0.0284101 0.0356511 -0.0196775 0.0442169 -0.0525291
internal_weight=25.0145 21.8151 12.8344 8.66019 4.17422 2.63795 2.08137 8.98071 3.66834 1.99947 5.31236 0.712191 4.60017 1.66888
internal_count=2057 2039 1759 1535 224 218 163 280 207 49 73 43 30 158
is_linear=0
shrinkage=0.05


Tree=84
num_leaves=15
num_cat=0
split_feature=22 24 22 2 8 29 27 21 16 20 5 21 0 13
split_gain=2.58944 3.78764 2.57415 1.78307 1.61175 2.06095 1.46397 2.10931 1.38243 1.23575 1.09684 0.956342 0.582393 0.0138382
threshold=1.4254828691482546 0.45652259886264807 -0.47045595943927759 1.0419868230819704 1.0801004171371462 -0.27621595561504358 -0.9212714135646819 -1.2738351225852964 -0.19565365463495252 0.95723557472229015 1.2537873387336733 -0.069841735064983354 6.7847740650177011 -0.14342710375785825
decision_type=2 2 2 2 2 2 2 2 2 2 2 2 2 2
left_child=1 4 8 -4 10 -6 13 -8 11 -5 -1 -3 -10 -2
right_child=6 2 3 9 5 -7 7 -9 12 -11 -12 -13 -14 -15
leaf_value=-0.051594964039814208 0.044014351214020142 -0.0054295403024023784 -0.051179726883394894 -0.051365303029052456 -0.05132138988946125 0.049229564789213649 0.049850627299764007 -0.051678636619070954 -0.051822997151444172 0.050708613762930413 0.032035145915063255 0.050127463217002968 0.050476573934586891 0.050587907093298717
leaf_weight=5.9913853732869082 1.1913770418614151 0.93719373084604729 2.1176221854984747 0.41831735242158163 0.91519625834189389 1.149908631108701 0.95792404934763942 1.0978420542087395 0.63542951154522587 1.0182935297489164 0.419515911489725 4.4646982266567647 0.17812645435333252 2.4408689588308334
leaf_count=1117 18 35 353 60 141 6 5 173 98 4 11 23 1 12
internal_value=-0.000107158 -0.00928981 0.0119294 -0.0220104 -0.0337477 0.00466822 0.0293484 -0.00436911 0.0313375 0.0209864 -0.0461224 0.0404887 -0.0294247 0.0484318
internal_weight=23.9337 18.2457 9.76968 3.55423 8.47601 2.0651 5.68801 2.05577 6.21545 1.43661 6.4109 5.40189 0.813556 3.63225
internal_count=2057 1849 574 417 1275 147 208 178 157 64 1128 58 99 30
is_linear=0
shrinkage=0.05


Tree=85
num_leaves=15
num_cat=0
split_feature=6 3 22 1 21 19 16 21 9 0 7 3 6 13
split_gain=2.47891 3.14208 2.548 2.27346 1.94161 2.49273 1.79563 1.08684 1.63598 0.572469 0.55668 0.986934 0.0496127 0.00756855
threshold=-2.6746118068695064 0.42806129157543188 0.95190724730491649 -0.88254177570343006 -1.3054249882698057 -0.85862097144126881 0.44914263486862188 0.64309579133987438 1.2834607362747195 -5.2429695129394522 -0.58631446957588185 3.5520700216293339 -6.1560738086700431 -0.72904855012893666
decision_type=2 2 2 2 2 2 2 2 2 2 2 2 2 2
left_child=12 2 7 10 -5 -6 9 -2 -9 -4 13 -12 -1 -3
right_child=1 3 6 4 5 -7 -8 8 -10 -11 11 -13 -14 -15
leaf_value=0.050521214139051911 -0.051278484309352848 0.05061122051671816 0.050442239384359405 0.046160638169032028 0.02714340950616119 -0.051190102495384984 0.050660597375051554 -0.052998405552372368 0.046373636085156704 -0.051133127096961661 -0.052997282148233432 0.050475653206783905 0.036306673587252605 0.045820350581932942
leaf_weight=1.6864886581897738 5.7357196833472717 2.2908717989921574 0.16551889479160309 1.3013153932988641 1.5768850762397049 2.8531904451083374 1.5527349114418028 0.86346061551012077 0.79600088112056255 0.85649368469603382 0.40678639989346255 0.53161370754241943 0.96516053425148385 1.2877843831665812
leaf_count=9 1091 12 1 8 30 539 7 141 5 138 40 3 18 15
internal_value=-0.000107737 -0.00606919 -0.0260535 0.013372 -0.00753456 -0.0233073 0.0167847 -0.0409682 -0.0053322 -0.0346826 0.0398989 0.00562124 0.0453473 0.0488872
internal_weight=22.87 20.2184 9.96993 10.2484 5.73139 4.43008 2.57475 7.39518 1.65946 1.02201 4.51706 0.9384 2.65165 3.57866
internal_count=2057 2030 1383 647 577 569 146 1237 146 139 70 43 27 27
is_linear=0
shrinkage=0.05


Tree=86
num_leaves=15
num_cat=0
split_feature=22 24 22 2 8 29 27 21 16 20 0 21 0 13
split_gain=2.34599 3.46541 2.32225 1.61183 1.44738 1.87462 1.31455 1.90801 1.24269 1.12021 1.00523 0.893082 0.525764 0.0147113
threshold=1.4254828691482546 0.45652259886264807 -0.47045595943927759 1.0419868230819704 1.0801004171371462 -0.27621595561504358 -0.9212714135646819 -1.2738351225852964 -0.19565365463495252 0.95723557472229015 -1.878970682621002 -0.069841735064983354 6.7847740650177011 -0.14342710375785825
decision_type=2 2 2 2 2 2 2 2 2 2 2 2 2 2
left_child=1 4 8 -4 10 -6 13 -8 11 -5 -1 -3 -10 -2
right_child=6 2 3 9 5 -7 7 -9 12 -11 -12 -13 -14 -15
leaf_value=0.031785406426753267 0.04345003039026929 -0.0051832525197011729 -0.05107216696013922 -0.051247482489639819 -0.05121550989342083 0.048991522497348797 0.04968985360276014 -0.051535322155924546 -0.051661622520046371 0.050642287326487782 -0.051482893009639333 0.050004121444549847 0.050430810994908162 0.050532893684608629
leaf_weight=0.38814853969961749 1.0950665911659601 0.89344760542735446 1.921096935635431 0.38083664956502594 0.84162325947545458 1.0477434461936352 0.87376098427921511 0.99637712701223702 0.57782748644240189 0.92490755021572113 5.4738291346002397 4.0841919807717204 0.16131444275379181 2.2180385440587997
leaf_count=10 18 35 353 60 141 6 5 173 98 4 1118 23 1 12
internal_value=-0.000110822 -0.00923378 0.0119736 -0.0219385 -0.0337031 0.00435404 0.0292738 -0.00424116 0.0311153 0.0209249 -0.0459693 0.0400984 -0.0293804 0.0481918
internal_weight=21.8782 16.695 8.94362 3.22684 7.75134 1.88937 5.18324 1.87014 5.71678 1.30574 5.86198 4.97764 0.739142 3.31311
internal_count=2057 1849 574 417 1275 147 208 178 157 64 1128 58 99 30
is_linear=0
shrinkage=0.05


Tree=87
num_leaves=15
num_cat=0
split_feature=6 3 22 1 21 19 16 21 9 0 7 3 6 13
split_gain=2.24058 2.83977 2.31025 2.05616 1.7385 2.2499 1.62874 0.986788 1.47206 0.520416 0.511154 0.897918 0.0514448 0.00814354
threshold=-2.6746118068695064 0.42806129157543188 0.95190724730491649 -0.88254177570343006 -1.3054249882698057 -0.85862097144126881 0.44914263486862188 0.64309579133987438 1.2834607362747195 -5.2429695129394522 -0.58631446957588185 3.5520700216293339 -6.1560738086700431 -0.72904855012893666
decision_type=2 2 2 2 2 2 2 2 2 2 2 2 2 2
left_child=12 2 7 10 -5 -6 9 -2 -9 -4 13 -12 -1 -3
right_child=1 3 6 4 5 -7 -8 8 -10 -11 11 -13 -14 -15
leaf_value=0.05047609288199343 -0.051176915876617449 0.050556700435154193 0.050402602667555169 0.045688014740034817 0.02611029674282302 -0.051085647184217292 0.050601380926721 -0.052740075576228701 0.045926639467698462 -0.05103070605099648 -0.05282237842023834 0.050429951235792039 0.035413804498229111 0.045357796812779898
leaf_weight=1.5416813492774966 5.2220599872525799 2.0883270502090459 0.1509222984313966 1.1902668625116346 1.4838156541809437 2.5938597032800299 1.4126359820365904 0.7868236028589306 0.72760099358856678 0.77993959607556484 0.37425349676050235 0.48140715062618256 0.8965675756335284 1.1781935687176881
leaf_count=9 1091 12 1 8 30 539 7 141 5 138 40 3 18 15
internal_value=-0.000111495 -0.00605844 -0.0259959 0.0132205 -0.00747639 -0.022995 0.0167644 -0.0408714 -0.00533593 -0.0345851 0.0396702 0.00526889 0.0449375 0.0486815
internal_weight=20.9084 18.4701 9.07998 9.39012 5.26794 4.07768 2.3435 6.73648 1.51442 0.930862 4.12218 0.855661 2.43825 3.26652
internal_count=2057 2030 1383 647 577 569 146 1237 146 139 70 43 27 27
is_linear=0
shrinkage=0.05


Tree=88
num_leaves=15
num_cat=0
split_feature=22 24 22 2 8 29 27 21 16 20 5 21 0 13
split_gain=2.12642 3.17375 2.09552 1.45746 1.29985 1.70609 1.1797 1.7264 1.11717 1.01598 0.914519 0.834117 0.474757 0.0156186
threshold=1.4254828691482546 0.45652259886264807 -0.47045595943927759 1.0419868230819704 1.0801004171371462 -0.27621595561504358 -0.9212714135646819 -1.2738351225852964 -0.19565365463495252 0.95723557472229015 1.2537873387336733 -0.069841735064983354 6.7847740650177011 -0.14342710375785825
decision_type=2 2 2 2 2 2 2 2 2 2 2 2 2 2
left_child=1 4 8 -4 10 -6 13 -8 11 -5 -1 -3 -10 -2
right_child=6 2 3 9 5 -7 7 -9 12 -11 -12 -13 -14 -15
leaf_value=-0.051385054108736762 0.042859418114281081 -0.0049484654540755879 -0.050974637815902037 -0.051141538484137508 -0.05112041800331403 0.048747469162254253 0.04952810356998999 -0.051403133974302143 -0.051513714982985528 0.050582403100923629 0.030886431508478553 0.049881363865150352 0.050389474969521952 0.050483202879925498
leaf_weight=4.9992892721202251 1.0075712939724328 0.85167669830843795 1.742641214281319 0.34677054290659703 0.77448033122345805 0.95495893154293277 0.79731298517435767 0.90408091270364732 0.52537350938655425 0.84016746282577515 0.36225606501102436 3.7380450651980937 0.14607711136341095 2.0159143358469009
leaf_count=1117 18 35 353 60 141 6 5 173 98 4 11 23 1 12
internal_value=-0.000114734 -0.00917867 0.0120226 -0.0218691 -0.0336681 0.00402447 0.0292009 -0.00410439 0.0308945 0.0208632 -0.0458263 0.039707 -0.0293442 0.0479426
internal_weight=20.0066 15.2817 8.19075 2.92958 7.09098 1.72944 4.72488 1.70139 5.26117 1.18694 5.36155 4.58972 0.671451 3.02349
internal_count=2057 1849 574 417 1275 147 208 178 157 64 1128 58 99 30
is_linear=0
shrinkage=0.05


Tree=89
num_leaves=15
num_cat=0
split_feature=6 3 22 1 21 7 16 3 21 9 12 0 13 6
split_gain=2.02541 2.56903 2.09706 1.85844 2.10128 1.48936 1.47679 1.18794 0.896286 1.32485 0.665066 0.473353 0.140372 0.0531921
threshold=-2.6746118068695064 0.42806129157543188 0.95190724730491649 -0.27965706586837763 -1.2346920967102049 -0.55540734529495228 0.44914263486862188 3.5520700216293339 0.64309579133987438 1.2834607362747195 -6.0321006774902335 -5.2429695129394522 0.57876256108284008 -6.1560738086700431
decision_type=2 2 2 2 2 2 2 2 2 2 2 2 2 2
left_child=13 2 8 5 -5 12 11 -7 -2 -10 -6 -4 -3 -1
right_child=1 3 6 4 10 7 -8 -9 9 -11 -12 -13 -14 -15
leaf_value=0.050435432667969932 -0.051084136816081011 0.050749447282316784 0.050366757136998341 0.045167129811563012 0.050464763690428877 -0.051509576376778866 0.05054784062814293 0.050388679079779952 -0.052500772161809511 0.045456832474948222 -0.05136015882935302 -0.050938507150075467 0.029421039975880664 0.034504949741225109
leaf_weight=1.4098900705575945 4.7566650088410842 3.1144270524382591 0.13767917454242717 0.95112747233361039 0.17379580438137132 0.83183898054994621 1.2853909581899641 0.43590830266475677 0.71707967389374949 0.66551376134157181 2.0743427572306223 0.70965877315029524 1.0254401774145661 0.83393807057291525
leaf_count=9 1091 16 1 6 1 170 7 3 141 5 412 138 39 18
internal_value=-0.000115504 -0.00604852 -0.0259461 0.0130749 -0.0171315 0.0309456 0.0167669 -0.0164724 -0.0407843 -0.00534871 -0.0434884 -0.034478 0.0454664 0.0445147
internal_weight=19.1227 16.8789 8.27199 8.60688 3.19927 5.40761 2.13273 1.26775 6.13926 1.38259 2.24814 0.847338 4.13987 2.24383
internal_count=2057 2030 1383 647 419 228 146 173 1237 146 413 139 55 27
is_linear=0
shrinkage=0.05


Tree=90
num_leaves=15
num_cat=0
split_feature=22 16 10 9 13 15 7 16 0 1 0 21 9 15
split_gain=1.94128 4.59487 3.14458 2.09346 1.82052 2.17158 1.61986 0.262816 0.431692 0.119366 0.238816 0.0175461 0.00355203 0.000933007
threshold=0.87612155079841625 -0.47400839626789087 -0.51062932610511769 -2.013838410377502 -0.44095124304294581 2.3722939491271977 0.89411458373069774 0.23158194124698642 1.3027717471122744 1.1924506425857546 6.7847740650177011 0.64309579133987438 -3.0465246438980098 1.6407057046890261
decision_type=2 2 2 2 2 2 2 2 2 2 2 2 2 2
left_child=1 2 11 -4 5 13 12 8 -6 10 -8 -1 -3 -2
right_child=4 6 3 -5 7 -7 9 -9 -10 -11 -12 -13 -14 -15
leaf_value=0.043082999888907514 -0.050842293408313283 -0.058133598951973189 0.050464163560278989 -0.051174321857161788 -0.050834869068057668 0.050390069134953287 -0.050526666931266506 0.050326951123554391 0.044316491325078575 0.050557606444350395 0.050352140324835065 0.050424797594582717 -0.051063002942392938 -0.056557471421399719
leaf_weight=1.2068573818542065 1.3012379580177369 0.18385411053896028 0.69271440804004702 1.8859251616522676 0.17924057086929623 0.85247804224491108 0.10543363471515466 3.1707858359441161 0.35586904548108578 0.39001922309398651 0.13226915895938873 2.4986789524555206 5.2428314241115004 0.075557551579549798
leaf_count=12 275 3 4 366 37 6 30 20 3 2 1 17 1278 3
internal_value=-0.0001179 -0.0114207 0.0185286 -0.0238706 0.0233793 -0.0123246 -0.0425065 0.044857 0.0124445 0.033536 0.00560711 0.0480336 -0.0513026 -0.0511559
internal_weight=18.2738 12.3386 6.28418 2.57864 5.93517 2.22927 6.05441 3.7059 0.53511 0.627722 0.237703 3.70554 5.42669 1.3768
internal_count=2057 1713 399 370 344 284 1314 60 40 33 31 29 1281 278
is_linear=0
shrinkage=0.05


Tree=91
num_leaves=15
num_cat=0
split_feature=22 24 21 25 21 13 13 6 23 4 22 16 9 22
split_gain=1.84519 2.73918 1.7942 2.00817 1.13414 1.09185 1.02039 1.50604 0.92768 0.780357 0.66599 0.305747 0.650779 0.0378653
threshold=1.4254828691482546 0.45652259886264807 0.93532004952430736 -0.51211237907409657 -1.7913272380828855 -1.0879352092742918 -0.65903353691101063 -1.4588745832443235 0.40878567099571234 -0.72167789936065663 0.98053875565528881 -0.41371640563011164 1.2834607362747195 -1.0302866101264951
decision_type=2 2 2 2 2 2 2 2 2 2 2 2 2 2
left_child=1 4 3 8 10 9 7 -2 -3 -6 -1 13 -13 -4
right_child=6 2 11 -5 5 -7 -8 -9 -10 -11 -12 12 -14 -15
leaf_value=-0.05055237091524753 0.050374351626742336 -0.052113170209069387 0.05037215353935745 -0.051028594176397768 0.050734693137131553 -0.051220245795606717 0.047735104586616339 -0.05120169138735179 0.037464406141083713 -0.051049627034741668 0.050563551493013253 -0.050920225466565265 0.050532297435648965 0.038005376683007339
leaf_weight=0.22717523970641273 0.67849446833133675 0.34888982679694969 1.7436104714870455 1.7443791634868828 0.49615022540092468 4.5771438586525619 2.6420730578247449 0.78958117216825485 1.6845229577738789 0.30349994800053615 0.57504170387983322 0.27335628238506604 0.37479834258556366 0.95963076734915409
leaf_count=53 5 61 13 375 2 1170 29 174 47 47 3 56 2 20
internal_value=-0.000118629 -0.00916253 0.0119558 -0.0116696 -0.0335284 -0.0418026 0.0291645 -0.00425671 0.0220948 0.0121034 0.0219291 0.0385871 0.00774515 0.045982
internal_weight=17.4183 13.3082 7.12919 3.77779 6.17901 5.37679 4.11015 1.46808 2.03341 0.79965 0.802217 3.3514 0.648155 2.70324
internal_count=2057 1849 574 483 1275 1219 208 179 108 49 56 91 58 33
is_linear=0
shrinkage=0.05


Tree=92
num_leaves=15
num_cat=0
split_feature=24 24 22 28 25 21 19 10 13 28 9 6 22 19
split_gain=1.75319 2.5266 1.82431 1.59759 1.49433 2.44566 0.900523 1.08534 0.816874 0.80125 0.00270622 0.000891445 0.000530481 0.000520953
threshold=-2.9934116601943965 0.45652259886264807 0.98053875565528881 0.30758336186409002 -0.51211237907409657 1.1287281513214114 -0.26450034976005549 0.61332640051841747 -1.3561531901359556 -0.30108563601970667 -3.0465246438980098 3.0586035251617436 -1.1456971168518064 -1.1169352531433103
decision_type=2 2 2 2 2 2 2 2 2 2 2 2 2 2
left_child=-1 2 8 11 6 12 13 -8 -2 -7 -10 -4 -6 -3
right_child=1 4 3 -5 5 9 7 -9 10 -11 -12 -13 -14 -15
leaf_value=0.045420995233381542 0.020446473059998718 0.050711911174668826 -0.050511493382190624 0.046887399148143605 -0.0541083205559462 -0.050742671722127847 -0.035019025688781034 0.045758156717919857 -0.057293202096227486 0.044649525133372336 -0.050854137641519616 -0.057119423322647002 -0.05073566627640444 0.049315799857770994
leaf_weight=1.8751683570444608 0.43848825432360161 1.6000584959983828 0.57367151649668802 1.2256281916052101 0.12501915241591621 0.25702009722590458 0.87105570151470579 0.79572465061210096 0.16968630626797665 1.5337630102876569 4.2531921810004851 0.056023538112640381 1.7295030341483637 1.1473046608734874
leaf_count=18 11 10 159 9 10 53 129 6 3 24 1200 1 411 13
internal_value=-0.000121899 -0.00590153 -0.0285497 0.0136308 0.0129733 -0.0107185 0.0325385 0.00354418 -0.0446477 0.0309585 -0.0511012 -0.0510994 -0.050963 0.0501289
internal_weight=16.6513 14.7761 6.71669 1.85532 8.05945 3.64531 4.41414 1.66678 4.86137 1.79078 4.42288 0.629695 1.85452 2.74736
internal_count=2057 2039 1383 169 656 498 158 135 1214 77 1203 160 421 23
is_linear=0
shrinkage=0.05


Tree=93
num_leaves=15
num_cat=0
split_feature=22 24 22 29 21 13 13 15 16 4 21 22 4 0
split_gain=1.6745 2.46437 1.64659 1.14776 1.02574 0.999267 0.926351 1.54629 0.895309 0.725601 0.674061 0.602495 0.595629 0.374911
threshold=1.4254828691482546 0.45652259886264807 -0.47045595943927759 1.829769551753998 -1.7913272380828855 -1.0879352092742918 -0.22817680984735486 2.3722939491271977 -0.19565365463495252 -0.72167789936065663 -0.069841735064983354 0.98053875565528881 -1.4197752475738523 6.7847740650177011
decision_type=2 2 2 2 2 2 2 2 2 2 2 2 2 2
left_child=1 4 8 12 11 9 7 -2 10 -6 -3 -1 -4 -10
right_child=6 2 3 -5 5 -7 -8 -9 13 -11 -12 -13 -14 -15
leaf_value=-0.050499390204725769 -0.051081771057212982 -0.0044991858249203752 0.050426385451776114 0.04041349354659958 0.050682872467016575 -0.051121899937621319 0.049427157395167905 0.050337263131195437 -0.05121968207179807 -0.051018877503106234 0.049673927802774749 0.050511303796396151 -0.050805056070642077 0.050307016089951508
leaf_weight=0.20569990784861047 0.76532766676973574 0.71193479793146286 0.1596862077713016 0.56013077264651645 0.4590851217508316 4.1621378005947918 2.2462778845801958 0.73847014456987381 0.42708805995061982 0.28379707993008096 2.9682623776607215 0.52287882566452026 1.6136296819895504 0.115526482462883
leaf_count=53 182 35 1 10 2 1170 20 6 98 47 23 3 406 1
internal_value=-0.000123675 -0.00911223 0.0117273 -0.0219809 -0.0333648 -0.0415875 0.0290942 -0.00127792 0.0303539 0.0118306 0.0391941 0.0219929 -0.0416892 -0.0296039
internal_weight=15.9399 12.1899 6.55626 2.33345 5.6336 4.90502 3.75008 1.5038 4.22281 0.742882 3.6802 0.728579 1.77332 0.542615
internal_count=2057 1849 574 417 1275 1219 208 188 157 49 58 56 407 99
is_linear=0
shrinkage=0.05


Tree=94
num_leaves=15
num_cat=0
split_feature=22 24 22 2 21 13 21 28 16 20 4 21 22 0
split_gain=1.58884 2.34082 1.5521 1.09021 0.974682 0.949481 0.881216 1.2992 0.841666 0.77622 0.689657 0.659356 0.572821 0.356289
threshold=1.4254828691482546 0.45652259886264807 -0.47045595943927759 1.0419868230819704 -1.7913272380828855 -1.0879352092742918 -0.55982571840286244 0.80782347917556774 -0.19565365463495252 0.95723557472229015 -0.72167789936065663 -0.069841735064983354 0.98053875565528881 6.7847740650177011
decision_type=2 2 2 2 2 2 2 2 2 2 2 2 2 2
left_child=1 4 8 -4 12 10 -2 -8 11 -5 -6 -3 -1 -10
right_child=6 2 3 9 5 -7 7 -9 13 -11 -12 -13 -14 -15
leaf_value=-0.050474923274995011 0.047532573813906825 -0.0042748585944922639 -0.050762450356744419 -0.051000757249134422 0.050649189115052839 -0.051071166844560582 -0.050956649840769523 0.050323384403901078 -0.051163578118124643 0.050439537397574154 -0.050969114139293559 0.049560142830359227 0.050486152510979612 0.050291952180951609
leaf_weight=0.19576025987043877 2.2987027447670703 0.71183228911832008 1.3254750253399836 0.26783748669549812 0.43697836995124817 3.9629818055545911 0.68740275735035605 0.58706333488225937 0.40669299429282535 0.63731539249420166 0.27021305356174607 2.8298203400336206 0.49761927872896194 0.10992427170276642
leaf_count=53 22 35 353 60 2 1170 181 5 98 4 47 23 3 1
internal_value=-0.000124016 -0.0090682 0.0116277 -0.0218765 -0.0333346 -0.0415475 0.0290438 -0.00430355 0.0300433 0.020423 0.0118215 0.0387399 0.021982 -0.0295762
internal_weight=15.2256 11.6525 6.2889 2.23063 5.36355 4.67017 3.57317 1.27447 4.05827 0.905153 0.707191 3.54165 0.69338 0.516617
internal_count=2057 1849 574 417 1275 1219 208 186 157 64 49 58 56 99
is_linear=0
shrinkage=0.05


Tree=95
num_leaves=15
num_cat=0
split_feature=9 9 25 19 16 7 25 10 19 6 15 12 4 19
split_gain=1.51887 1.97531 0.998501 1.32892 1.24567 1.18926 1.00346 0.997604 1.36666 0.587713 0.558794 0.364008 0.116079 0.000680219
threshold=-3.0465246438980098 1.0914775729179385 -1.0720849633216856 0.75730013847351085 -0.71143212914466847 0.46252660453319555 0.36849063634872442 -0.51062932610511769 0.31824570894241339 1.2203742861747744 -0.058171316981315606 -1.7945880293846128 -0.31190626323223108 -1.8523374199867246
decision_type=2 2 2 2 2 2 2 2 2 2 2 2 2 2
left_child=-1 2 4 -4 -2 -6 -5 10 13 -10 11 -3 -12 -9
right_child=1 7 3 6 5 -7 -8 8 9 -11 12 -13 -14 -15
leaf_value=0.041805124814741496 0.050484938215235288 0.050343894833141216 -0.050454869420429066 -0.050655829336312234 -0.051266599804574146 0.04724424408598614 0.044276325572142693 -0.05471457865699611 -0.050821396223544972 0.044418395293160023 0.050565954416887916 -0.050963626869647422 0.028511303495696007 -0.051112176631123767
leaf_weight=1.8805597759783275 0.88677199929952655 0.12921394407749209 3.7688919693464404 0.43658741831313796 1.1065772164147336 0.42367291264235962 0.76809266116470098 0.15486788074485958 0.19526072847656883 0.95044073718599975 1.8213147372007372 0.28257385350298136 0.88725205836817611 0.85169243416748963
leaf_count=18 6 1 1372 143 215 3 20 8 37 12 13 42 17 150
internal_value=-0.00012441 -0.00635119 -0.0230309 -0.0358427 0.00333232 -0.0239924 0.00987202 0.0170287 -0.00915862 0.0281868 0.0350913 -0.0191746 0.0433415 -0.0516664
internal_weight=14.5438 12.6632 7.39059 4.97357 2.41702 1.53025 1.20468 5.27262 2.15226 1.1457 3.12035 0.411788 2.70857 1.00656
internal_count=2057 2039 1759 1535 224 218 163 280 207 49 73 43 30 158
is_linear=0
shrinkage=0.05


Tree=96
num_leaves=15
num_cat=0
split_feature=6 3 22 1 21 7 16 3 0 24 12 0 13 4
split_gain=1.46243 1.85429 1.48696 1.32287 1.50237 1.09279 1.06832 0.85717 0.643087 0.502212 0.466955 0.337813 0.108814 0.0436792
threshold=-2.6746118068695064 0.42806129157543188 0.95190724730491649 -0.27965706586837763 -1.2346920967102049 -0.55540734529495228 0.44914263486862188 3.5520700216293339 -5.2429695129394522 -7.0273187160491934 -6.0321006774902335 -5.2429695129394522 0.57876256108284008 2.1368612051010136
decision_type=2 2 2 2 2 2 2 2 2 2 2 2 2 2
left_child=13 2 8 5 -5 12 11 -7 -2 -10 -6 -4 -3 -1
right_child=1 3 6 4 10 7 -8 -9 9 -11 -12 -13 -14 -15
leaf_value=0.033418051175539303 0.050497183622605746 0.050544133482631363 0.050261504734520041 0.044554535691683765 0.050327010426799226 -0.051228658330609557 0.050391223285448684 0.050278924372792938 0.050359400451965686 -0.047654945008731596 -0.051023419813922846 -0.050717733250759844 0.028675324039253547 0.050319054656954521
leaf_weight=0.60359025001525957 0.18567872047424216 2.2686854228377351 0.098579511046409607 0.69343075156211886 0.12295230478048336 0.6153104162076487 0.92431596666574478 0.31416051089763641 0.13495816290378382 4.1341464910656223 1.5019161128439005 0.51818939775694139 0.75915831676684309 1.0426655709743498
leaf_count=18 1 16 1 6 1 170 7 3 1 1235 412 138 39 9
internal_value=-0.000128609 -0.00606501 -0.0259494 0.012933 -0.0170597 0.0305035 0.0163851 -0.0169192 -0.0405945 -0.0445564 -0.0433543 -0.034578 0.0450611 0.0441224
internal_weight=13.9177 12.2715 5.99587 6.27561 2.3183 3.95731 1.54108 0.929471 4.45478 4.2691 1.62487 0.616769 3.02784 1.64626
internal_count=2057 2030 1383 647 419 228 146 173 1237 1236 413 139 55 27
is_linear=0
shrinkage=0.05


Tree=97
num_leaves=15
num_cat=0
split_feature=27 24 21 25 0 16 7 22 8 11 3 28 4 9
split_gain=1.3899 1.67423 1.77004 1.25464 1.4794 0.990903 1.5272 0.814787 0.622413 0.972009 0.524812 0.056208 0.00976571 0.00165593
threshold=-2.7433891296386714 0.45652259886264807 -1.5434920787811277 -0.095612633973360048 2.3333811759948735 -0.54762881994247425 0.89411458373069774 0.98053875565528881 1.2006078958511355 0.67920753359794628 -4.1185138225555411 0.9816454052925111 -0.57243070006370533 -3.0465246438980098
decision_type=2 2 2 2 2 2 2 2 2 2 2 2 2 2
left_child=11 2 7 5 10 12 -7 -2 13 -10 -5 -1 -3 -4
right_child=1 3 8 4 -6 6 -8 -9 9 -11 -12 -13 -14 -15
leaf_value=0.030657408838285612 -0.050405195908494509 0.05052323109541889 -0.056184265134783543 0.050372265718694277 0.049494681406900561 -0.051041401276135746 0.04942050845115134 0.050378312141660248 0.050590840650326235 -0.050824949265976818 -0.050891247616439622 0.05025684492844177 0.043684916120555903 -0.050802623502591231
leaf_weight=0.5617019082419582 0.25679152132943162 1.6797675639390948 0.14956836029887099 0.13971875607967388 0.59579436667263497 0.79242501757107653 0.72385921096429229 0.91551757603883743 0.42854031920433033 0.52658267202787101 1.518929528654553 1.0488962456583975 0.75754304486326907 3.2251924320589755
leaf_count=16 81 13 3 1 7 202 8 7 2 135 395 11 25 1151
internal_value=-0.000128215 -0.00611794 -0.0261998 0.0116806 -0.0180859 0.0286543 -0.00308187 0.0283019 -0.0409561 -0.00532217 -0.0423612 0.0434215 0.0483978 -0.0510411
internal_weight=13.3208 11.7102 5.50219 6.20804 2.25444 3.95359 1.51628 1.17231 4.32988 0.955123 1.65865 1.6106 2.43731 3.37476
internal_count=2057 2030 1379 651 403 248 210 88 1291 137 396 27 38 1154
is_linear=0
shrinkage=0.05


Tree=98
num_leaves=15
num_cat=0
split_feature=22 24 21 25 21 13 27 21 19 4 22 16 9 22
split_gain=1.32494 1.95265 1.27563 1.45541 0.810936 0.775382 0.742118 1.06933 0.67744 0.565746 0.471428 0.223449 0.473936 0.0342195
threshold=1.4254828691482546 0.45652259886264807 0.93532004952430736 -0.51211237907409657 -1.7913272380828855 -1.0879352092742918 -0.9212714135646819 -1.2738351225852964 0.87477985024452221 -0.72167789936065663 0.98053875565528881 -0.41371640563011164 1.2834607362747195 -1.0302866101264951
decision_type=2 2 2 2 2 2 2 2 2 2 2 2 2 2
left_child=1 4 3 8 10 9 -2 -8 -3 -6 -1 13 -13 -4
right_child=6 2 11 -5 5 -7 7 -9 -10 -11 -12 12 -14 -15
leaf_value=-0.050391693803498006 0.047601403784970013 0.036755703011738243 0.050272762461831592 -0.050795222057905542 0.050530517237923206 -0.0509518457129709 0.049083760123350348 -0.050953154733304355 -0.051256787458471599 -0.050807790978259486 0.05040078046322758 -0.050704465401730472 0.050382662341136655 0.036524494689398675
leaf_weight=0.16136462066788126 1.9177458689082416 1.2626901061739775 1.2693584039807317 1.2783191037597132 0.35868991166353226 3.3078610540833324 0.50040692696347833 0.57304755458608336 0.26442090515047301 0.22356893518008236 0.4127577468752861 0.20267481764312822 0.27096925675868988 0.70341380033642087
leaf_count=53 30 51 13 375 2 1170 5 173 57 47 3 56 2 20
internal_value=-0.000129573 -0.00908773 0.0115782 -0.0114331 -0.0333996 -0.0415863 0.0289685 -0.00431944 0.0215162 0.0116198 0.0220717 0.0379664 0.00712694 0.0453707
internal_weight=12.7073 9.71609 5.25185 2.80543 4.46424 3.89012 2.9912 1.07345 1.52711 0.582259 0.574122 2.44642 0.473644 1.97277
internal_count=2057 1849 574 483 1275 1219 208 178 108 49 56 91 58 33
is_linear=0
shrinkage=0.05


Tree=99
num_leaves=15
num_cat=0
split_feature=24 24 22 28 25 21 19 7 13 28 9 19 6 22
split_gain=1.25893 1.79015 1.29419 1.14096 1.08676 1.74619 0.672661 0.795217 0.579044 0.571525 0.00127075 0.000402658 0.000402387 0.00025741
threshold=-2.9934116601943965 0.45652259886264807 0.98053875565528881 0.30758336186409002 -0.51211237907409657 1.1287281513214114 -0.26450034976005549 0.46252660453319555 -1.3561531901359556 -0.30108563601970667 -3.0465246438980098 -1.1169352531433103 3.0586035251617436 -1.1456971168518064
decision_type=2 2 2 2 2 2 2 2 2 2 2 2 2 2
left_child=-1 2 8 12 6 13 11 -8 -2 -7 -10 -3 -4 -6
right_child=1 4 3 -5 5 9 7 -9 10 -11 -12 -13 -14 -15
leaf_value=0.044966589306518832 0.019127174435121373 0.050512190119784521 -0.050378270549384312 0.04644707948954209 -0.053216643933152688 -0.050535959618854778 -0.034599417195892081 0.045000929609569237 -0.055557265441077058 0.043835589311678934 -0.050642032397796494 0.049076105757503222 -0.055362343661166949 -0.050553937927415554
leaf_weight=1.3725609090179212 0.32582992082461615 1.1617871373891833 0.41139775316696592 0.88599679060280323 0.097793899010866769 0.18740294268354762 0.65967823215760268 0.5983468045014888 0.13742617890238706 1.1147755180718375 3.0473023063968872 0.84176247206050936 0.04491785541176796 1.2628150737145918
leaf_count=18 11 10 159 9 10 53 126 9 3 24 1200 13 1 411
internal_value=-0.000133096 -0.00587688 -0.0283924 0.0133648 0.0125665 -0.0111343 0.031916 0.00326041 -0.0443589 0.0302541 -0.0508541 0.0499088 -0.0508689 -0.0507453
internal_weight=12.1498 10.7772 4.85287 1.34231 5.92436 2.66279 3.26157 1.25803 3.51056 1.30218 3.18473 2.00355 0.456316 1.36061
internal_count=2057 2039 1383 169 656 498 158 135 1214 77 1203 23 160 421
is_linear=0
shrinkage=0.05


Tree=100
num_leaves=15
num_cat=0
split_feature=22 24 22 29 21 13 13 15 16 4 21 0 22 1
split_gain=1.20245 1.7575 1.16709 0.825205 0.733893 0.710616 0.674842 1.11967 0.661799 0.526696 0.50431 0.427226 0.426664 0.271621
threshold=1.4254828691482546 0.45652259886264807 -0.47045595943927759 1.829769551753998 -1.7913272380828855 -1.0879352092742918 -0.22817680984735486 2.3722939491271977 -0.19565365463495252 -0.72167789936065663 -0.069841735064983354 6.7847740650177011 0.98053875565528881 -1.3533038496971128
decision_type=2 2 2 2 2 2 2 2 2 2 2 2 2 2
left_child=1 4 8 11 12 9 7 -2 10 -6 -3 -4 -1 -10
right_child=6 2 3 -5 5 -7 -8 -9 13 -11 -12 -13 -14 -15
leaf_value=-0.050354197855263551 -0.050842402860023089 -0.0036539132679787424 -0.050610729305879003 0.039675591197308874 0.050493947519424591 -0.050874881463020716 0.049243678169086487 0.050243290817405306 0.050221172440095822 -0.050785704475491293 0.049361580867923777 0.050305978618768156 0.050363833346663382 -0.050976034188190737
leaf_weight=0.14607563894241948 0.56075926579069368 0.56626669736579094 1.1762096587335689 0.41176101658493269 0.33215170353651047 3.0075308058876544 1.6346303508616991 0.53556323051452637 0.083511136472225522 0.20922919758595471 2.1582210091874008 0.11514142900705326 0.37531880289316177 0.32188592804595784
leaf_count=53 182 35 406 10 2 1170 20 6 1 47 23 1 3 98
internal_value=-0.00013509 -0.00903766 0.0113491 -0.0219596 -0.0332444 -0.0413823 0.0288886 -0.00146115 0.0294738 0.0113521 0.0383427 -0.0416126 0.0221463 -0.0301296
internal_weight=11.6343 8.9033 4.833 1.70311 4.07031 3.54891 2.73095 1.09632 3.12988 0.541381 2.72449 1.29135 0.521394 0.405397
internal_count=2057 1849 574 417 1275 1219 208 188 157 49 58 407 56 99
is_linear=0
shrinkage=0.05


Tree=101
num_leaves=15
num_cat=0
split_feature=6 3 22 1 21 7 16 12 21 9 12 0 13 4
split_gain=1.14901 1.46558 1.15964 1.04071 1.17376 0.876438 0.846306 0.679776 0.517559 0.763761 0.365034 0.26525 0.0934477 0.049232
threshold=-2.6746118068695064 0.42806129157543188 0.95190724730491649 -0.27965706586837763 -1.2346920967102049 -0.55540734529495228 0.44914263486862188 -1.2552040815353391 0.64309579133987438 1.2834607362747195 -6.0321006774902335 -5.2429695129394522 0.57876256108284008 1.9687705636024477
decision_type=2 2 2 2 2 2 2 2 2 2 2 2 2 2
left_child=13 2 8 5 -5 12 11 -7 -2 -10 -6 -4 -3 -1
right_child=1 3 6 4 10 7 -8 -9 9 -11 -12 -13 -14 -15
leaf_value=0.029440520223517421 -0.05069205762123679 0.050433318524280395 0.050205252646133361 0.043956496986182189 0.05025616654088047 0.050220234872036786 0.05030810144165964 -0.051068881615779861 -0.051583546337016312 0.045022358224274084 -0.050810283255279365 -0.050588521810560762 0.0279472092152468 0.050249794170682628
leaf_weight=0.4148144498467452 2.7398466492304565 1.8126377612352378 0.077548563480377197 0.55132964439690102 0.096588075160979892 0.24857385456562076 0.73062382638454437 0.49651659815572158 0.42807983804959793 0.39188884384930134 1.1910507414722815 0.41231938160490222 0.62010511709377159 0.90291034430265427
leaf_count=17 1091 16 1 6 1 3 7 170 141 5 412 138 39 10
internal_value=-0.000135556 -0.00603138 -0.0258426 0.0128459 -0.0170905 0.0301697 0.0162156 -0.0172772 -0.0402624 -0.00541254 -0.0432291 -0.0346324 0.0447016 0.0436991
internal_weight=11.1148 9.79711 4.78031 5.0168 1.83897 3.17783 1.22049 0.74509 3.55982 0.819969 1.28764 0.489868 2.43274 1.31772
internal_count=2057 2030 1383 647 419 228 146 173 1237 146 413 139 55 27
is_linear=0
shrinkage=0.05


Tree=102
num_leaves=15
num_cat=0
split_feature=22 24 22 20 21 13 13 15 16 2 4 9 22 21
split_gain=1.1021 1.59942 1.04777 0.7528 0.665648 0.64423 0.607937 1.01533 0.596808 0.534632 0.476347 0.449937 0.386825 0.359419
threshold=1.4254828691482546 0.45652259886264807 -0.47045595943927759 0.95723557472229015 -1.7913272380828855 -1.0879352092742918 -0.22817680984735486 2.3722939491271977 -0.51080608367919911 1.0419868230819704 -0.72167789936065663 -3.0465246438980098 0.98053875565528881 -0.069841735064983354
decision_type=2 2 2 2 2 2 2 2 2 2 2 2 2 2
left_child=1 4 8 -4 12 10 7 -2 13 -5 -6 -10 -1 -3
right_child=6 2 3 9 5 -7 -8 -9 11 -11 -12 -13 -14 -15
leaf_value=-0.050322553455581648 -0.050766425353029526 0.001590563034087949 -0.050610624321288857 -0.050458062240772407 0.050446758924819639 -0.050803738921920055 0.049120662461461899 0.05022109708899717 0.050211055474112615 0.050303512235389272 -0.050710775067007878 -0.050993412548061501 0.050329725768757522 0.049782103876095579
leaf_weight=0.13262648950330858 0.50815564941149238 0.48795271664857898 0.92239816463552393 0.18744907423388213 0.30136933922767639 2.7446705724578346 1.4950381480157382 0.4878290593624115 0.15905279666185412 0.44220665842294693 0.18958889541681845 0.35481586621608541 0.34060298651456833 1.8682383224368098
leaf_count=53 182 28 353 60 2 1170 20 6 2 4 47 107 3 20
internal_value=-0.000138012 -0.00905246 0.0112564 -0.02184 -0.0332669 -0.0413677 0.0289597 -0.00130317 0.0291541 0.0203067 0.0113837 -0.0196686 0.0221211 0.0398019
internal_weight=10.622 8.13097 4.42211 1.55205 3.70886 3.23563 2.49102 0.995985 2.87006 0.629656 0.490958 0.513869 0.473229 2.35619
internal_count=2057 1849 574 417 1275 1219 208 188 157 64 49 109 56 48
is_linear=0
shrinkage=0.05


Tree=103
num_leaves=15
num_cat=0
split_feature=22 24 25 16 7 21 13 27 21 4 22 20 13 9
split_gain=1.04592 1.51991 1.00015 1.14182 0.962488 0.632691 0.612299 0.578971 0.837207 0.452868 0.367839 0.167773 0.0133171 0.000681007
threshold=1.4254828691482546 0.45652259886264807 1.2068096995353701 -0.47400839626789087 0.46252660453319555 -1.7913272380828855 -1.0879352092742918 -0.9212714135646819 -1.2738351225852964 -0.72167789936065663 0.98053875565528881 -0.91064953804016102 -0.65903353691101063 -3.0465246438980098
decision_type=2 2 2 2 2 2 2 2 2 2 2 2 2 2
left_child=1 5 3 11 -5 10 9 12 -9 -7 -1 -3 -2 -8
right_child=7 2 -4 4 -6 6 13 8 -10 -11 -12 -13 -14 -15
leaf_value=-0.050306777129108665 0.039873023161664051 -0.0085456282275422069 -0.050995697858079204 -0.05071459041729473 0.034730775407429255 0.050424810319273539 -0.05451366334428466 0.048882290637814178 -0.050752081813393295 -0.050676097334655071 0.050313555210117371 0.045667092732114584 0.05023851328809649 -0.050592730634824216
leaf_weight=0.12619678629562292 0.43227003933861841 0.15281734231393818 0.56103831587824959 0.80276465567294486 0.55913122242782265 0.28679303079843521 0.11588188260793764 0.39543373649939906 0.45166142145171739 0.18046283256262619 0.32409308850765228 2.1581237373175104 1.0942590683698656 2.4967894228175274
leaf_count=53 17 22 145 303 41 2 3 5 173 47 3 63 13 1167
internal_value=-0.00013807 -0.00901799 0.0111827 0.0206806 -0.0156347 -0.0332451 -0.0413387 0.028908 -0.00424161 0.0113778 0.022114 0.0420821 0.0473033 -0.0507666
internal_weight=10.1377 7.76409 4.23388 3.67284 1.3619 3.53022 3.07993 2.37362 0.847095 0.467256 0.45029 2.31094 1.52653 2.61267
internal_count=2057 1849 574 429 344 1275 1219 208 178 49 56 85 30 1170
is_linear=0
shrinkage=0.05


Tree=104
num_leaves=14
num_cat=0
split_feature=6 3 27 1 17 21 19 2 4 7 3 4 28
split_gain=0.997134 1.26847 1.00205 0.895434 0.882743 0.752905 0.971246 0.655119 0.349163 0.276598 0.427341 0.0374523 0.00651229
threshold=-2.6746118068695064 0.42806129157543188 -3.1805095672607417 -0.88254177570343006 1.655941426753998 -1.3054249882698057 -0.85862097144126881 1.1781378984451296 2.0547277927398686 -0.58631446957588185 3.5520700216293339 2.1368612051010136 -0.14342026412487027
decision_type=2 2 2 2 2 2 2 2 2 2 2 2 2
left_child=11 2 -2 9 8 -5 -7 -6 -4 12 -11 -1 -3
right_child=1 3 4 5 7 6 -8 -9 -10 10 -12 -13 -14
leaf_value=0.031667504200122105 0.039498965340581775 0.050266844127097678 -0.050679439340947346 0.043689101311955504 -0.050632185560284662 0.023599847480401059 -0.050523095552813035 0.050325524796664446 0.037066224981066605 -0.051695515475380219 0.05019159694129343 0.050224037443384231 0.043426763718946819
leaf_weight=0.43372786091640658 0.51417422387748857 0.99249027296900749 2.8170178338186815 0.55547534488141548 0.24686613306403149 0.70964011386968184 1.1715320610674098 0.46030094474554062 0.11812902253586788 0.19624484493397165 0.21639693528413773 0.72881104797124863 0.53585391375236191
leaf_count=18 10 12 1293 8 71 30 539 4 5 40 3 9 15
internal_value=-0.00014131 -0.00605911 -0.0258419 0.0127243 -0.0350658 -0.00745853 -0.0225615 0.015082 -0.047148 0.0380611 0.00173596 0.0433008 0.0478686
internal_weight=9.69666 8.53412 4.15649 4.37763 3.64231 2.43665 1.88117 0.707167 2.93515 1.94099 0.412642 1.16254 1.52834
internal_count=2057 2030 1383 647 1373 577 569 75 1298 70 43 27 27
is_linear=0
shrinkage=0.05


Tree=105
num_leaves=15
num_cat=0
split_feature=9 9 10 19 22 16 25 6 6 15 4 12 4 13
split_gain=0.951466 1.25505 0.63957 0.865855 0.62595 1.05446 0.853355 0.807139 0.364324 0.333296 0.243975 0.225915 0.0790445 0.0314734
threshold=-3.0465246438980098 1.0914775729179385 -0.51062932610511769 0.31824570894241339 0.95190724730491649 -0.72234255075454701 -0.87417319416999806 -0.62984269857406605 1.2203742861747744 -0.058171316981315606 -0.47739672660827631 -1.7945880293846128 -0.31190626323223108 0.73793280124664318
decision_type=2 2 2 2 2 2 2 2 2 2 2 2 2 2
left_child=-1 4 9 -4 5 6 -2 13 -5 11 -9 -3 -11 -6
right_child=1 2 3 8 7 -7 -8 10 -10 12 -12 -13 -14 -15
leaf_value=0.041103485424153235 0.050305544860080931 0.050216271857409504 -0.051140142016075321 -0.050513937432218596 0.027242970709144599 -0.050472338776631334 -0.050446051371277362 0.050182531447424378 0.043951612524695954 0.050361811533147074 -0.050300132871505546 -0.050584668609426522 0.027885359842504537 0.050348986225650906
leaf_weight=1.2151640877127654 0.56093598529696465 0.081674225628376118 0.65267495485022642 0.12265068024862558 0.21270279353484511 2.5497221342520784 0.33609225845429946 0.069025389850139618 0.60814741719514132 1.1534265764057634 0.48394475830718853 0.17401139333378546 0.59188904706388745 0.47988009452819824
leaf_count=18 6 1 158 37 27 1360 126 1 12 13 235 42 17 4
internal_value=-0.000145656 -0.00635165 0.0168559 -0.00928417 -0.0230908 -0.0340688 0.0125566 0.00728794 0.0280974 0.0349289 -0.0377572 -0.0183856 0.0427394 0.0432528
internal_weight=9.29194 8.07678 3.38447 1.38347 4.6923 3.44675 0.897028 1.24555 0.730798 2.001 0.55297 0.255686 1.74532 0.692583
internal_count=2057 2039 280 207 1759 1492 132 267 49 73 236 43 30 31
is_linear=0
shrinkage=0.05


Tree=106
num_leaves=15
num_cat=0
split_feature=27 24 21 25 0 16 7 22 8 11 3 28 4 9
split_gain=0.910483 1.09254 1.16263 0.838937 0.981096 0.669577 1.00998 0.521672 0.397988 0.637188 0.343511 0.0600831 0.00859299 0.000557759
threshold=-2.7433891296386714 0.45652259886264807 -1.5434920787811277 -0.095612633973360048 2.3333811759948735 -0.54762881994247425 0.89411458373069774 0.98053875565528881 1.2006078958511355 0.67920753359794628 -4.1185138225555411 -1.0000000180025095e-35 -0.57243070006370533 -3.0465246438980098
decision_type=2 2 2 2 2 2 2 2 2 2 2 2 2 2
left_child=11 2 7 5 10 12 -7 -2 13 -10 -5 -1 -3 -4
right_child=1 3 8 4 -6 6 -8 -9 9 -11 -12 -13 -14 -15
leaf_value=0.023283438420626388 -0.05026021791172728 0.050352435450296412 -0.054233934670825594 0.050243691835674766 0.049337714532355886 -0.050721978625521316 0.049037018181702037 0.050246153394890858 0.050385111483161375 -0.050567485840243988 -0.050644427834345786 0.049809052373779639 0.042603500005031145 -0.050579392222484969
leaf_weight=0.29166132980026305 0.16454573464579914 1.1224082857370374 0.10981311649084169 0.091929242014884616 0.39473157003521908 0.53819254995323695 0.48000307066831738 0.59945851564407349 0.28060050308704365 0.35286234214436263 1.0264158609788865 0.79643025412224211 0.52516164735425297 2.119885332416743
leaf_count=14 81 13 3 1 7 202 8 7 2 135 395 13 25 1151
internal_value=-0.000149703 -0.00612244 -0.0262003 0.0113049 -0.0184315 0.0281831 -0.00369307 0.0285998 -0.0408232 -0.00584924 -0.0423513 0.0426989 0.0478825 -0.0507594
internal_weight=8.8941 7.80601 3.62717 4.17884 1.51308 2.66577 1.0182 0.764004 2.86316 0.633463 1.11835 1.08809 1.64757 2.2297
internal_count=2057 2030 1379 651 403 248 210 88 1291 137 396 27 38 1154
is_linear=0
shrinkage=0.05


Tree=107
num_leaves=15
num_cat=0
split_feature=22 24 22 20 21 13 27 21 16 2 4 4 22 21
split_gain=0.870938 1.28164 0.824716 0.605087 0.527865 0.501725 0.480934 0.690769 0.465579 0.421364 0.373877 0.357686 0.302325 0.299459
threshold=1.4254828691482546 0.45652259886264807 -0.47045595943927759 0.95723557472229015 -1.7913272380828855 -1.0879352092742918 -0.9212714135646819 -1.2738351225852964 -0.51080608367919911 1.0419868230819704 -0.72167789936065663 1.5883412361145022 0.98053875565528881 -0.069841735064983354
decision_type=2 2 2 2 2 2 2 2 2 2 2 2 2 2
left_child=1 4 8 -4 12 10 -2 -8 13 -5 -6 -10 -1 -3
right_child=6 2 3 9 5 -7 7 -9 11 -11 -12 -13 -14 -15
leaf_value=-0.050252984983108789 0.047056363222449007 0.0012876542709495036 -0.050482291458445107 -0.050356546670742512 0.050347690705708881 -0.050693058154893479 0.048694774820111655 -0.050664209299252562 -0.050795732166667752 0.050242670384705423 -0.050570031122257601 0.050168481057779817 0.050257787687523238 0.04964055596901619
leaf_weight=0.10368966637179289 1.2822349418420342 0.40751639287918817 0.73799836181569822 0.14739385858410969 0.23609136044979095 2.1890407771570608 0.32734295586124051 0.37569252063985914 0.2827161134919155 0.35428963601589203 0.15014253801200572 0.12718487530946732 0.26866218447685242 1.4945839261636138
leaf_count=53 30 28 353 60 2 1170 5 173 107 4 47 2 3 20
internal_value=-0.000151045 -0.00900474 0.0112226 -0.0216811 -0.0333772 -0.0414229 0.0288339 -0.0044013 0.0288653 0.0206868 0.0111175 -0.0194684 0.0222683 0.0392812
internal_weight=8.48458 6.49931 3.55168 1.23968 2.94763 2.57527 1.98527 0.703035 2.312 0.501683 0.386234 0.409901 0.372352 1.9021
internal_count=2057 1849 574 417 1275 1219 208 178 157 64 49 109 56 48
is_linear=0
shrinkage=0.05


Tree=108
num_leaves=15
num_cat=0
split_feature=24 24 22 25 21 28 19 10 13 28 9 19 6 15
split_gain=0.829004 1.16998 0.835161 0.743754 1.15775 0.74262 0.441304 0.52491 0.371222 0.370172 0.000430027 0.000269181 0.000135179 0.000123898
threshold=-2.9934116601943965 0.45652259886264807 0.98053875565528881 -0.51211237907409657 1.1287281513214114 0.30758336186409002 -0.26450034976005549 0.61332640051841747 -1.3561531901359556 -0.30108563601970667 -3.0465246438980098 -1.1169352531433103 3.0586035251617436 -1.9219425320625303
decision_type=2 2 2 2 2 2 2 2 2 2 2 2 2 2
left_child=-1 2 8 6 13 12 11 -8 -2 -6 -10 -3 -4 -5
right_child=1 3 5 4 9 -7 7 -9 10 -11 -12 -13 -14 -15
leaf_value=0.044568372042249227 0.017668041754535631 0.050339216383933433 -0.050250311752868149 -0.053255343165039062 -0.05034683473460249 0.046012947124570221 -0.033631962997923287 0.044555789185363286 -0.05381284248774823 0.043292867191421683 -0.0504598044922073 0.048903274549042704 -0.053658252756699581 -0.050430897167721069
leaf_weight=0.91881482768803824 0.21986759686842638 0.76531524956226349 0.2694636087398975 0.040608922252431734 0.12309331586584449 0.58166178315877914 0.44839220575522665 0.41179788485169411 0.10042939707636911 0.74017669935710728 1.9977096493239508 0.56903629342559747 0.032620768994092941 0.88507007912266955
leaf_count=18 11 10 159 3 53 9 129 6 3 24 1200 13 1 418
internal_value=-0.000151835 -0.00587044 -0.0283753 0.012218 -0.0117111 0.0129822 0.0317245 0.00379878 -0.044143 0.0299408 -0.0506203 0.0497269 -0.0506183 -0.0505548
internal_weight=8.10406 7.18524 3.20175 3.98349 1.78895 0.883746 2.19454 0.86019 2.31801 0.86327 2.09814 1.33435 0.302084 0.925679
internal_count=2057 2039 1383 656 498 169 158 135 1214 77 1203 23 160 421
is_linear=0
shrinkage=0.05


Tree=109
num_leaves=15
num_cat=0
split_feature=6 3 22 1 21 7 16 3 21 9 12 0 13 4
split_gain=0.792393 1.00765 0.790382 0.711522 0.793081 0.60148 0.579728 0.467627 0.35717 0.527284 0.253308 0.184222 0.0763508 0.0412987
threshold=-2.6746118068695064 0.42806129157543188 0.95190724730491649 -0.27965706586837763 -1.2346920967102049 -0.55540734529495228 0.44914263486862188 3.5520700216293339 0.64309579133987438 1.2834607362747195 -6.0321006774902335 -5.2429695129394522 -1.0000000180025095e-35 1.9687705636024477
decision_type=2 2 2 2 2 2 2 2 2 2 2 2 2 2
left_child=13 2 8 5 -5 12 11 -7 -2 -10 -6 -4 -3 -1
right_child=1 3 6 4 10 7 -8 -9 9 -11 -12 -13 -14 -15
leaf_value=0.027748879225183709 -0.050521571972214574 0.050301948267140184 0.050143048611018037 0.042785018931011769 0.050178344229047579 -0.050809905465063115 0.050209706330443131 0.050151319216603464 -0.051172717934752171 0.044621590598501189 -0.050592828330761314 -0.050419853909437921 0.026291744114242833 0.050176689105297524
leaf_weight=0.30329370847903181 1.8995463352766826 1.2596334256231783 0.054180648177862167 0.38595329225063346 0.067454271018505318 0.34745983529137481 0.50135795399546623 0.17120249569416046 0.30176529701566313 0.27415731362998486 0.82595971616683461 0.28560451755765814 0.44916889374144409 0.63502089306712151
leaf_count=17 1091 16 1 6 1 170 7 3 141 5 412 138 39 10
internal_value=-0.00015392 -0.00607816 -0.0258358 0.0126077 -0.0171099 0.0296764 0.0160373 -0.0174842 -0.0400639 -0.00557161 -0.0429844 -0.0343845 0.0439907 0.0429273
internal_weight=7.76176 6.82344 3.31661 3.50683 1.27937 2.22746 0.841143 0.518662 2.47547 0.575923 0.893414 0.339785 1.7088 0.938315
internal_count=2057 2030 1383 647 419 228 146 173 1237 146 413 139 55 27
is_linear=0
shrinkage=0.05


Tree=110
num_leaves=15
num_cat=0
split_feature=22 24 25 16 7 21 13 13 15 4 22 10 21 9
split_gain=0.765827 1.10677 0.716163 0.813903 0.688197 0.456503 0.439423 0.416568 0.707775 0.331583 0.261133 0.117206 0.000728048 0.000306699
threshold=1.4254828691482546 0.45652259886264807 1.2068096995353701 -0.47400839626789087 0.46252660453319555 -1.7913272380828855 -1.0879352092742918 -0.22817680984735486 2.3722939491271977 -0.72167789936065663 0.98053875565528881 -0.28793591260910029 -1.8593981266021726 -3.0465246438980098
decision_type=2 2 2 2 2 2 2 2 2 2 2 2 2 2
left_child=1 5 3 11 -5 10 9 8 -2 -7 -1 -3 -9 -8
right_child=7 2 -4 4 -6 6 13 12 -10 -11 -12 -13 -14 -15
leaf_value=-0.050219724462028319 -0.050559906196653827 0.04903061893242678 -0.050755046002758875 -0.050534422903446341 0.033805877483726286 0.050308479798536802 -0.053434440736388415 0.050158248401308975 0.0501548050254692 -0.050528122260930654 0.050223265966831548 0.018987778391618707 0.047497592030240648 -0.050471210645814203
leaf_weight=0.089580703468527978 0.35435247153509397 1.2686093470547346 0.40739743673475448 0.58294730848865595 0.41338969639036804 0.2085924819111824 0.091729385778308248 0.57240340486168861 0.3435794934630394 0.13383308169432018 0.23306052014231682 0.43629608617629911 0.46678054006770231 1.8172538820654147
leaf_count=53 182 25 145 303 41 2 3 10 6 47 3 60 10 1167
internal_value=-0.000156484 -0.00903778 0.0110414 0.0203614 -0.0155408 -0.0332871 -0.0412581 0.0288972 -0.000979845 0.0108977 0.0223355 0.0413425 0.0489631 -0.0506136
internal_weight=7.41981 5.68269 3.10864 2.70124 0.996337 2.57405 2.25141 1.73712 0.697932 0.342426 0.322641 1.70491 1.03918 1.90898
internal_count=2057 1849 574 429 344 1275 1219 208 188 49 56 85 20 1170
is_linear=0
shrinkage=0.05


Tree=111
num_leaves=15
num_cat=0
split_feature=3 3 4 1 3 21 19 24 6 7 3 4 9 15
split_gain=0.726764 0.847271 0.852813 0.640395 0.631888 0.500497 0.785921 0.42259 0.191004 0.145846 0.185176 0.0010442 0.000262604 1.24963e-05
threshold=-2.8823068141937251 0.42806129157543188 0.3838916569948197 -0.98079925775527943 -0.42623823881149286 -1.3054249882698057 -0.85862097144126881 -7.0273187160491934 -0.60820904374122609 -0.7890372872352599 3.5520700216293339 -1.2761701941490171 -3.0465246438980098 2.0617015361785893
decision_type=2 2 2 2 2 2 2 2 2 2 2 2 2 2
left_child=-1 2 7 9 8 -5 -7 -2 -4 11 -11 -3 -9 -6
right_child=1 3 4 5 13 6 -8 12 -10 10 -12 -13 -14 -15
leaf_value=0.04631039993280503 0.050151479871792873 0.050209371990151241 0.047497326037029663 0.042294389452094849 -0.050274661146882088 0.023809760658174806 -0.050392144019596997 -0.053255984024868579 -0.0020297785578737215 -0.024378477083744951 0.050138602761113017 0.046949910312657661 -0.050448982376280774 -0.051635569275108165
leaf_weight=0.75219416071195144 0.11044063791632641 0.53182430565357208 0.58418128488119692 0.4135454858187585 0.31035078992135801 0.60514147020876397 0.86973902658792202 0.087540689855813869 0.29195898526813835 0.17800639965571485 0.15681654587388039 0.45673606148920953 1.728666222363245 0.017837577383033931
leaf_count=18 2 8 22 9 209 34 552 3 84 30 3 12 1069 2
internal_value=-0.000158916 -0.00566974 -0.0241785 0.0123732 0.00882699 -0.00631695 -0.0199472 -0.0448098 0.0309933 0.0390434 0.0105221 0.0487034 -0.0505843 -0.0503486
internal_weight=7.09498 6.34279 3.13098 3.21181 1.20433 1.88843 1.47488 1.92665 0.87614 1.32338 0.334823 0.98856 1.81621 0.328188
internal_count=2057 2039 1391 648 317 595 586 1074 106 53 33 20 1072 211
is_linear=0
shrinkage=0.05


Tree=112
num_leaves=15
num_cat=0
split_feature=9 9 10 19 25 19 16 7 24 19 1 10 21 19
split_gain=0.691477 0.91005 0.462336 0.637684 0.454901 0.588754 0.57626 0.541584 0.455977 0.21509 0.435163 0.160405 0.0053914 8.61377e-05
threshold=-3.0465246438980098 1.0914775729179385 -0.51062932610511769 0.31824570894241339 -1.0720849633216856 0.75730013847351085 -0.71143212914466847 0.46252660453319555 -0.95950424671173085 0.81991994380950939 0.21701167523860934 0.67908677458763134 0.64309579133987438 -1.8523374199867246
decision_type=2 2 2 2 2 2 2 2 2 2 2 2 2 2
left_child=-1 4 9 13 6 -6 -2 -8 -7 12 -11 -5 -3 -4
right_child=1 2 3 11 5 8 7 -9 -10 10 -12 -13 -14 -15
leaf_value=0.04059814159388031 0.050223134290812078 0.042890054616478171 -0.052376455239740799 -0.0093622657911202663 -0.05024106402512471 0.044126295716627462 -0.050677090507039113 0.045848319230684213 -0.050346806524407886 0.050125788019413531 -0.051287478534680034 0.047927399628270813 0.050148759960325695 -0.050589225812411487
leaf_weight=0.902650462463498 0.40887250751256943 0.45877274521626554 0.080985721491742879 0.18659221200505272 1.7366129857255148 0.34545818029437214 0.525507230719086 0.20086428616195917 0.2026430875994264 0.23670729249715794 0.19124172313604504 0.35394669719971716 0.57824404165148735 0.40240117313805945
leaf_count=18 6 12 8 42 1372 22 215 3 141 5 45 7 11 150
internal_value=-0.000161384 -0.00638791 0.0166137 -0.00916286 -0.0231275 -0.0359817 0.00274212 -0.0239848 0.00919786 0.0346301 0.00480626 0.0281512 0.0469375 -0.0508887
internal_weight=6.8115 5.90885 2.48889 1.02393 3.41996 2.28471 1.13524 0.726372 0.548101 1.46497 0.427949 0.540539 1.03702 0.483387
internal_count=2057 2039 280 207 1759 1535 224 218 163 73 50 49 23 158
is_linear=0
shrinkage=0.05


Tree=113
num_leaves=14
num_cat=0
split_feature=6 3 27 17 1 21 16 2 6 4 0 4 25
split_gain=0.659293 0.828865 0.650671 0.584089 0.579465 0.489365 0.620068 0.430093 0.233818 0.23096 0.1296 0.0372476 0.0308224
threshold=-2.6746118068695064 0.42806129157543188 -3.1805095672607417 1.655941426753998 -0.88254177570343006 -1.3054249882698057 -0.55390819907188404 1.1781378984451296 0.3806897252798081 2.0547277927398686 6.7847740650177011 1.9687705636024477 0.18734683096408847
decision_type=2 2 2 2 2 2 2 2 2 2 2 2 2
left_child=11 2 -2 9 8 -6 -7 -5 10 -4 -3 -1 -10
right_child=1 4 3 7 5 6 -8 -9 12 -11 -12 -13 -14
leaf_value=0.02709526635328624 0.038157586379722212 -0.05105112649409186 -0.050505013302929058 -0.050436013386038397 0.0421654365909572 0.020948211080821681 -0.050499047156713932 0.050215880943233843 0.050173439963479644 0.03598407659454305 0.050118734789884038 0.050148615850172329 0.031985070958480404
leaf_weight=0.261270849732682 0.34840037208050523 0.10665849194629151 1.8732629907317462 0.16265086777275417 0.38407416967675079 0.50233458465663705 0.76787539379438374 0.30545331537723541 0.82342486083507516 0.080506218597292789 0.045015115290880203 0.53195908665657043 0.32480550213949755
leaf_count=17 10 33 1293 71 8 95 474 4 15 5 1 10 21
internal_value=-0.000164477 -0.00608411 -0.0257314 -0.0349222 0.01234 -0.00728975 -0.0222435 0.0152426 0.0373213 -0.0469412 -0.021025 0.0425554 0.0450284
internal_weight=6.51769 5.72446 2.77027 2.42187 2.95419 1.65428 1.27021 0.468104 1.2999 1.95377 0.151674 0.79323 1.14823
internal_count=2057 2030 1383 1373 647 577 569 75 70 1298 34 27 36
is_linear=0
shrinkage=0.05


Tree=114
num_leaves=15
num_cat=0
split_feature=21 21 3 0 22 24 6 15 26 24 28 29 19 9
split_gain=0.631715 0.751105 0.69528 0.548469 0.535781 0.469147 0.422875 0.320227 0.263681 0.215389 0.173065 0.0867432 0.0102746 8.34788e-05
threshold=-2.6160717010498042 0.93532004952430736 0.72876176238060009 0.27098682522773748 0.95190724730491649 0.67274904251098644 -0.62984269857406605 1.6736964583396914 -0.13975612074136731 -7.0273187160491934 -1.321054935455322 -1.6222342252731321 2.0473273992538457 2.0442273616790776
decision_type=2 2 2 2 2 2 2 2 2 2 2 2 2 2
left_child=12 2 4 13 9 7 -6 -3 -5 -2 -7 -12 -1 -4
right_child=1 5 3 8 6 10 -8 -9 -10 -11 11 -13 -14 -15
leaf_value=0.037179516506923888 0.050152014558599793 -0.050480007829443507 -0.050545669908257512 -0.050254515579479381 0.046126085853256504 -0.050403384029020462 -0.050337675437281897 0.040692594071788019 0.038063504988272295 -0.047989554463934554 -0.051770715924289237 0.040753207778413895 0.050133842313986411 -0.052786758308378527
leaf_weight=0.23548562231007952 0.05755512416362818 0.32145104487426568 0.21864007361000382 0.093494237284176052 0.32702716445783153 0.05654565687291313 0.1740929887164383 0.1375083161983639 0.87972205493133515 1.9509423018316743 0.02584026101976622 1.2875505058909764 0.43732715770602226 0.051302678883075714
leaf_count=18 1 223 139 57 14 25 103 5 59 1311 2 89 9 2
internal_value=-0.000169016 -0.00568597 -0.0184903 0.0120881 -0.0336375 0.0205877 0.0126138 -0.0231639 0.029579 -0.0451772 0.0352454 0.0389328 0.0455998 -0.0509716
internal_weight=6.25449 5.58167 3.75278 1.24316 2.50962 1.8289 0.50112 0.458959 0.973216 2.0085 1.36994 1.31339 0.672813 0.269943
internal_count=2057 2030 1686 257 1429 344 117 228 116 1312 116 91 27 141
is_linear=0
shrinkage=0.05


Tree=115
num_leaves=15
num_cat=0
split_feature=3 3 4 1 21 3 7 3 24 12 6 9 9 15
split_gain=0.609314 0.695244 0.7121 0.529262 0.600033 0.52166 0.468507 0.362226 0.34977 0.199654 0.162798 0.121702 0.000192869 6.82436e-06
threshold=-2.8823068141937251 0.42806129157543188 0.3838916569948197 -0.27965706586837763 -1.2346920967102049 -0.42623823881149286 -0.55540734529495228 3.5520700216293339 -7.0273187160491934 -6.0321006774902335 -0.60820904374122609 0.43387231230735784 -3.0465246438980098 2.0617015361785893
decision_type=2 2 2 2 2 2 2 2 2 2 2 2 2 2
left_child=-1 2 8 6 -5 10 11 -8 -2 -6 -4 -3 -10 -7
right_child=1 3 5 4 9 13 7 -9 12 -11 -12 -13 -14 -15
leaf_value=0.045991344313562943 0.05012544452556128 0.005190292272333372 0.047206254259894956 0.041048222610034255 0.050141011778076089 -0.050233735016698977 -0.050645288484530149 0.050116217071168548 -0.052911987933717458 -0.050469991158214093 -0.0020495827012546089 0.049029383254194758 -0.05037890695170949 -0.051338926264801368
leaf_weight=0.63878559169825155 0.091553486883640178 0.18363520008279 0.49003244610503316 0.30853608902543783 0.053413823246955872 0.25967287743696921 0.27714335010387037 0.13151997327804565 0.079293170943856128 0.64163907384499885 0.25507477839710191 1.1480698952800592 1.43670375662623 0.014761801867280155
leaf_count=18 2 32 22 6 1 209 170 3 3 412 84 24 1069 2
internal_value=-0.000173487 -0.00566393 -0.0240488 0.0119379 -0.0169795 0.00863879 0.0286132 -0.0182172 -0.0447799 -0.0427382 0.0303444 0.0429842 -0.0505114 -0.0502932
internal_weight=6.00984 5.37105 2.62709 2.74396 1.00359 1.01954 1.74037 0.408663 1.60755 0.695053 0.745107 1.33171 1.516 0.274435
internal_count=2057 2039 1391 648 419 317 229 173 1074 413 106 56 1072 211
is_linear=0
shrinkage=0.05


Tree=116
num_leaves=15
num_cat=0
split_feature=24 24 22 25 21 28 19 10 28 13 19 9 6 15
split_gain=0.576261 0.823428 0.588099 0.520905 0.801528 0.520206 0.31528 0.365716 0.268402 0.25486 0.000227786 0.000165986 4.08867e-05 3.96784e-05
threshold=-2.9934116601943965 0.45652259886264807 0.98053875565528881 -0.51211237907409657 1.1287281513214114 0.30758336186409002 -0.26450034976005549 0.61332640051841747 -0.30108563601970667 -1.3561531901359556 -1.1169352531433103 -3.0465246438980098 3.0586035251617436 -1.9219425320625303
decision_type=2 2 2 2 2 2 2 2 2 2 2 2 2 2
left_child=-1 2 9 6 13 12 10 -8 -6 -2 -3 -11 -4 -5
right_child=1 3 5 4 8 -7 7 -9 -10 11 -12 -13 -14 -15
leaf_value=0.044217269981614404 0.016380950721440583 0.050247244927347029 -0.050181257309962563 -0.052191030764732985 -0.050262805026424918 0.045744622780746771 -0.033020057658431475 0.044121558340447779 0.042349094722184989 -0.05276209323905473 0.0486791503076517 -0.050357589607421274 -0.052427206321346335 -0.050312323399932017
leaf_weight=0.64863963052630413 0.15769797982648004 0.54372085258364677 0.1907915100455283 0.029434353346005082 0.091632100578863174 0.41218960378319025 0.32340373669285349 0.29269008478149772 0.53502886515343562 0.075634866952896007 0.40342554618837312 1.4056963128969076 0.022671805694699287 0.62206313357455634
leaf_count=18 11 10 159 3 53 9 129 6 24 3 13 1200 1 418
internal_value=-0.000175241 -0.00581455 -0.0283052 0.0121112 -0.0115646 0.0129348 0.0314693 0.00362791 0.0288071 -0.0440473 0.0495793 -0.0504804 -0.0504198 -0.0503972
internal_weight=5.75472 5.10608 2.26468 2.8414 1.27816 0.625653 1.56324 0.616094 0.626661 1.63903 0.947146 1.48133 0.213463 0.651497
internal_count=2057 2039 1383 656 498 169 158 135 77 1214 23 1203 160 421
is_linear=0
shrinkage=0.05


Tree=117
num_leaves=15
num_cat=0
split_feature=9 9 10 19 25 16 19 10 25 19 1 10 21 19
split_gain=0.551547 0.719787 0.372412 0.511186 0.364353 0.471011 0.468279 0.438661 0.365212 0.170561 0.349132 0.131903 0.00497966 3.99199e-05
threshold=-3.0465246438980098 1.0914775729179385 -0.51062932610511769 0.31824570894241339 -1.0720849633216856 -0.71143212914466847 0.75730013847351085 0.61332640051841747 0.36849063634872442 0.81991994380950939 0.21701167523860934 0.67908677458763134 0.64309579133987438 -1.8523374199867246
decision_type=2 2 2 2 2 2 2 2 2 2 2 2 2 2
left_child=-1 4 9 13 5 -2 -6 -7 -8 12 -11 -5 -3 -4
right_child=1 2 3 11 6 7 8 -9 -10 10 -12 -13 -14 -15
leaf_value=0.040071496390316548 0.050182780728185675 0.042353274950226845 -0.051864750226932613 -0.009084261492855402 -0.050198974291405879 -0.050587619823860279 -0.050296039706871271 0.045915956002974524 0.043567653421526638 0.050101285883555537 -0.051005929132800422 0.047748708155615605 0.050118554173410892 -0.050512657691255264
leaf_weight=0.73733495734632004 0.33279287070035934 0.37460712553001962 0.0655087743070909 0.15857631259132177 1.3887298578629268 0.42999785218853537 0.16466332226991642 0.16216476494446397 0.27959303685929626 0.19077762961387634 0.154550198931247 0.28662120224907994 0.4599385354667902 0.32753633271204285
leaf_count=18 6 12 8 42 1372 214 143 4 20 5 45 7 11 150
internal_value=-0.000177406 -0.00639109 0.0163001 -0.00918241 -0.0229953 0.00258807 -0.0359051 -0.0241599 0.00877714 0.0344041 0.00485112 0.0275052 0.0466329 -0.050738
internal_weight=5.51339 4.77606 2.01812 0.838243 2.75794 0.924955 1.83299 0.592163 0.444256 1.17987 0.345328 0.445198 0.834546 0.393045
internal_count=2057 2039 280 207 1759 224 1535 218 163 73 50 49 23 158
is_linear=0
shrinkage=0.05


Tree=118
num_leaves=15
num_cat=0
split_feature=3 3 4 1 3 21 19 24 6 7 0 4 9 15
split_gain=0.528696 0.61033 0.618435 0.455692 0.451308 0.359002 0.585535 0.302741 0.145943 0.115339 0.149514 0.00110538 0.000161154 4.49042e-06
threshold=-2.8823068141937251 0.42806129157543188 0.3838916569948197 -0.98079925775527943 -0.42623823881149286 -1.3054249882698057 -0.85862097144126881 -7.0273187160491934 -0.60820904374122609 -0.7890372872352599 1.0031089782714846 -1.2245361804962156 -3.0465246438980098 2.0617015361785893
decision_type=2 2 2 2 2 2 2 2 2 2 2 2 2 2
left_child=-1 2 7 9 8 -5 -7 -2 -4 11 -11 -3 -9 -6
right_child=1 3 4 5 13 6 -8 12 -10 10 -12 -13 -14 -15
leaf_value=0.045657829382003037 0.050108574659031083 0.050148099033916017 0.046912586402898013 0.040744288791308092 -0.050214458827525912 0.023226610250183827 -0.050296939386381405 -0.05272730071528467 -0.0021832896800768309 -0.051265953830042787 0.033640792423614674 0.046191562472918848 -0.0503377294636638 -0.051170357795998656
leaf_weight=0.56205246213357885 0.079292405396699794 0.41699249856173992 0.42842902906704694 0.31910098565276723 0.22860817395849142 0.46683613769710064 0.64484498708043203 0.074779722839593776 0.23406516830436885 0.072721248376183545 0.18064499809406698 0.30612698290497065 1.2495773450355048 0.012983554159291089
leaf_count=18 2 9 22 9 209 34 552 3 84 23 10 11 1069 2
internal_value=-0.000180594 -0.00564477 -0.0240178 0.0119686 0.00823359 -0.00600313 -0.0194217 -0.0447908 0.0295666 0.0383014 0.00927084 0.0484731 -0.0504727 -0.0502658
internal_weight=5.27706 4.715 2.30774 2.40727 0.904086 1.43078 1.11168 1.40365 0.662494 0.976486 0.253366 0.723119 1.32436 0.241592
internal_count=2057 2039 1391 648 317 595 586 1074 106 53 33 20 1072 211
is_linear=0
shrinkage=0.05


Tree=119
num_leaves=15
num_cat=0
split_feature=6 3 0 1 27 21 16 6 6 16 0 0 4 25
split_gain=0.504149 0.622505 0.506271 0.434774 0.416815 0.363733 0.48628 0.183202 0.170762 0.153066 0.100603 0.0980408 0.0306097 0.0290325
threshold=-2.6746118068695064 0.42806129157543188 -1.878970682621002 -0.88254177570343006 -8.4545369148254377 -1.3054249882698057 -0.55390819907188404 0.3806897252798081 -1.3398535251617429 0.41287624835968023 6.7847740650177011 -5.2429695129394522 1.9687705636024477 0.18734683096408847
decision_type=2 2 2 2 2 2 2 2 2 2 2 2 2 2
left_child=12 2 9 7 -4 -5 -7 10 -6 11 -3 -2 -1 -9
right_child=1 3 4 5 8 6 -8 13 -10 -11 -12 -13 -14 -15
leaf_value=0.026473098418426867 0.050091774920108613 -0.050771056583581053 0.050118775274370642 0.040424860481328345 -0.0068644906323225468 0.020724000212529611 -0.050400198110494211 0.050134013336470475 -0.050424975314311928 0.050149241545309843 0.050091820213465733 -0.050592431085715123 0.0501145517723251 0.030216867326404231
leaf_weight=0.20551165915094305 0.034831646829843521 0.085075426206458582 0.12873667106032383 0.3074508944991976 0.2689494133228435 0.4022741062217392 0.59693075146060415 0.63230996206402779 1.3761757916654458 0.24971717223525047 0.034848950803279877 0.079051140695810429 0.41018860414624214 0.2574670115718618
leaf_count=17 1 33 3 8 121 95 474 15 1215 5 1 38 10 21
internal_value=-0.000184617 -0.00604714 -0.0255065 0.0119094 -0.0365235 -0.00713274 -0.021766 0.0365518 -0.0433036 0.0282412 -0.0214612 -0.0197976 0.0422234 0.0443708
internal_weight=5.06952 4.45382 2.13746 2.31636 1.77386 1.30666 0.999205 1.0097 1.64513 0.3636 0.119924 0.113883 0.6157 0.889777
internal_count=2057 2030 1383 647 1339 577 569 70 1336 44 34 39 27 36
is_linear=0
shrinkage=0.05


Tree=120
num_leaves=15
num_cat=0
split_feature=27 24 21 25 0 16 7 22 8 11 3 12 22 9
split_gain=0.481377 0.59251 0.630137 0.465538 0.538322 0.351646 0.553535 0.275165 0.205971 0.352236 0.180799 0.0240529 0.00651423 0.000114201
threshold=-2.7433891296386714 0.45652259886264807 -1.5434920787811277 -0.095612633973360048 2.3333811759948735 -0.54762881994247425 0.89411458373069774 0.98053875565528881 1.2006078958511355 0.67920753359794628 -4.1185138225555411 0.57030907273292553 -0.79117178916931141 -3.0465246438980098
decision_type=2 2 2 2 2 2 2 2 2 2 2 2 2 2
left_child=11 2 7 5 10 12 -7 -2 13 -10 -5 -1 -3 -4
right_child=1 3 8 4 -6 6 -8 -9 9 -11 -12 -13 -14 -15
leaf_value=0.02945704205395603 -0.050139426484899212 0.050120458260504944 -0.052460284440357087 0.050128118815450297 0.049152055779529899 -0.050399417105217052 0.048727651257594984 0.050132775668989639 0.050207423430481603 -0.050394090154751742 -0.050389718144042153 0.050096969382213412 0.040895137537974961 -0.05035303990532819
leaf_weight=0.23165632900781918 0.086730557610280479 0.63416359946131706 0.068139303475617807 0.048555415123701207 0.2165088604670018 0.29402930900687374 0.2702956460416317 0.32403970323503017 0.15260650217533123 0.20241917716339231 0.56858577980892711 0.36130494251847267 0.27404717280296609 1.1397086516662969
leaf_count=17 81 16 3 1 7 202 8 7 2 135 395 10 22 1151
internal_value=-0.000187135 -0.0060367 -0.0261469 0.0111737 -0.0186829 0.0280766 -0.00292036 0.0289612 -0.040631 -0.00715089 -0.0424812 0.0420334 0.0473368 -0.0504719
internal_weight=4.87279 4.27983 1.97364 2.30619 0.83365 1.47254 0.564325 0.41077 1.56287 0.355026 0.617141 0.592961 0.908211 1.20785
internal_count=2057 2030 1379 651 403 248 210 88 1291 137 396 27 38 1154
is_linear=0
shrinkage=0.05


Tree=121
num_leaves=15
num_cat=0
split_feature=21 21 3 0 22 24 6 16 26 24 28 29 19 9
split_gain=0.458094 0.537463 0.516392 0.398473 0.387302 0.337778 0.310925 0.231476 0.193526 0.151934 0.127069 0.0689647 0.00854964 2.80829e-05
threshold=-2.6160717010498042 0.93532004952430736 0.72876176238060009 0.27098682522773748 0.95190724730491649 0.67274904251098644 -0.62984269857406605 -1.5142154097557066 -0.13975612074136731 -7.0273187160491934 -1.321054935455322 -1.6222342252731321 2.0473273992538457 2.0442273616790776
decision_type=2 2 2 2 2 2 2 2 2 2 2 2 2 2
left_child=12 2 4 13 9 7 -6 -3 -5 -2 -7 -12 -1 -4
right_child=1 5 3 8 6 10 -8 -9 -10 -11 11 -13 -14 -15
leaf_value=0.036390230124245519 0.05010766333614497 0.039352169006716287 -0.050419525901317021 -0.050197785153399968 0.045669986448353218 -0.050295751268283534 -0.050260812565921791 -0.050392914408706468 0.03740946866439096 -0.047696110994333289 -0.051496861891184555 0.039882970052535383 0.050097181342637034 -0.051946403811045996
leaf_weight=0.1766605099546722 0.040836442261933947 0.10311010794248421 0.16177667857846234 0.069644190196413547 0.24150069995084777 0.042570883291773498 0.1298977510887197 0.23699080775259063 0.66450525383697823 1.4377968111075465 0.021098191384226084 0.9664395813597364 0.31953659653663635 0.0370022002607584
leaf_count=18 1 8 139 57 14 25 103 220 59 1311 2 89 9 2
internal_value=-0.000188877 -0.00561373 -0.0182347 0.0120952 -0.0335294 0.0200202 0.0121179 -0.0231844 0.0290987 -0.044995 0.0342846 0.0379307 0.0452171 -0.0507038
internal_weight=4.64937 4.15317 2.78296 0.932928 1.85003 1.37021 0.371398 0.340101 0.734149 1.47863 1.03011 0.987538 0.496197 0.198779
internal_count=2057 2030 1686 257 1429 344 117 228 116 1312 116 91 27 141
is_linear=0
shrinkage=0.05


Tree=122
num_leaves=15
num_cat=0
split_feature=3 3 4 1 21 3 7 3 24 12 6 13 9 15
split_gain=0.44126 0.495138 0.525385 0.380323 0.433389 0.374379 0.353042 0.269891 0.247742 0.149795 0.123592 0.0836503 8.82065e-05 2.47592e-06
threshold=-2.8823068141937251 0.42806129157543188 0.3838916569948197 -0.27965706586837763 -1.2346920967102049 -0.42623823881149286 -0.55540734529495228 3.5520700216293339 -7.0273187160491934 -6.0321006774902335 -0.60820904374122609 1.3351268768310549 -3.0465246438980098 2.0617015361785893
decision_type=2 2 2 2 2 2 2 2 2 2 2 2 2 2
left_child=-1 2 8 6 -5 10 11 -8 -2 -6 -4 -3 -10 -7
right_child=1 3 5 4 9 13 7 -9 12 -11 -12 -13 -14 -15
leaf_value=0.04525840053483135 0.050088856616502392 0.049888162163408654 0.046603366148377956 0.039103479950884638 0.050106101269622387 -0.050178063904461882 -0.050503468403995971 0.05008601662595228 -0.052224486230192227 -0.050354991332828718 -0.0020727620325675061 0.014240061715756317 -0.050285605775271448 -0.050958965856156696
leaf_weight=0.47701183008030046 0.064942466095089801 0.78337561315856874 0.36406956391874701 0.23751889634877454 0.040245644748211018 0.19045067904517043 0.21163093106588371 0.097362864762544632 0.062151942402124294 0.47561346416478012 0.20318409393075854 0.20832720649195835 1.0439256968384145 0.01072183228097856
leaf_count=18 2 21 22 6 1 209 170 3 3 412 84 35 1069 2
internal_value=-0.000193415 -0.00562247 -0.0237411 0.011485 -0.0167846 0.00838453 0.0278591 -0.0188081 -0.0448219 -0.0425173 0.0291681 0.0423996 -0.0503946 -0.0502197
internal_weight=4.47053 3.99352 1.93945 2.05407 0.753378 0.768426 1.3007 0.308994 1.17102 0.515859 0.567254 0.991703 1.10608 0.201173
internal_count=2057 2039 1391 648 419 317 229 173 1074 413 106 56 1072 211
is_linear=0
shrinkage=0.05


Tree=123
num_leaves=15
num_cat=0
split_feature=9 9 10 19 19 10 10 15 6 15 28 12 4 4
split_gain=0.421728 0.55662 0.289111 0.40044 0.272457 0.380543 0.326879 0.275809 0.175627 0.143249 0.121208 0.103702 0.0394003 0.0291473
threshold=-3.0465246438980098 1.0914775729179385 -0.51062932610511769 0.31824570894241339 0.75730013847351085 -1.2418280243873594 0.61332640051841747 2.3722939491271977 1.2203742861747744 -0.058171316981315606 -1.0097944140434263 -1.7945880293846128 -0.31190626323223108 -1.2245361804962156
decision_type=2 2 2 2 2 2 2 2 2 2 2 2 2 2
left_child=-1 4 9 -4 5 13 7 -6 -5 11 -7 -3 -11 -2
right_child=1 2 3 8 6 10 -8 -9 -10 12 -12 -13 -14 -15
leaf_value=0.039590812383752193 0.050171538346645408 0.05010091940575348 -0.050595733775626643 -0.050268158767994911 -0.05022949468785274 0.0038423379488078664 0.045079282675354486 0.040012457840541506 0.043050879419247894 0.050172887993644388 -0.050228056267133052 -0.050272180182757323 0.026934801076482495 0.0095980605059307802
leaf_weight=0.5764317400753497 0.10136279463768005 0.038286700844764709 0.30924169122590661 0.060774907527957112 0.30362389382207755 0.11402598256245267 0.27430348267080262 0.11741289147175848 0.29587589204311371 0.51461273431777954 1.1385766523890197 0.078481829666998237 0.28255949064623564 0.078579063934740012
leaf_count=18 2 1 158 37 297 59 8 11 12 13 1359 42 17 23
internal_value=-0.000195446 -0.00638094 0.0161026 -0.00895585 -0.0230737 -0.0355386 0.00260665 -0.0250641 0.0271489 0.03436 -0.045306 -0.0173613 0.0419361 0.0324534
internal_weight=4.28415 3.70772 1.57983 0.665892 2.12788 1.43254 0.69534 0.421037 0.356651 0.913941 1.2526 0.116769 0.797172 0.179942
internal_count=2057 2039 280 207 1759 1443 316 308 49 73 1418 43 30 25
is_linear=0
shrinkage=0.05


Tree=124
num_leaves=15
num_cat=0
split_feature=6 3 0 1 21 27 7 3 6 12 16 6 0 4
split_gain=0.405875 0.488982 0.406086 0.34849 0.394786 0.327031 0.321232 0.24602 0.145122 0.135578 0.126716 0.108516 0.078799 0.0262447
threshold=-2.6746118068695064 0.42806129157543188 -1.878970682621002 -0.27965706586837763 -1.2346920967102049 -8.4545369148254377 -0.55540734529495228 3.5520700216293339 -1.3398535251617429 -6.0321006774902335 0.41287624835968023 1.0000000180025095e-35 -5.2429695129394522 1.9687705636024477
decision_type=2 2 2 2 2 2 2 2 2 2 2 2 2 2
left_child=13 2 10 6 -5 -4 11 -8 -7 -6 12 -3 -2 -1
right_child=1 3 5 4 9 8 7 -9 -10 -11 -12 -13 -14 -15
leaf_value=0.025970415111896142 0.050073191667960842 -0.00099178726222331603 0.050094272448841598 0.03840866992616844 0.050095988567693886 -0.0062238224584695743 -0.050454947931464392 0.050078517410316159 -0.050363482014340891 -0.050334320528612843 0.050121862872448887 0.049249707930360563 -0.050504709267016001 0.050092599518591699
leaf_weight=0.17079439293593157 0.027799071744084358 0.12450366280972958 0.10172263905405987 0.22130919992923725 0.036422930657863506 0.22395774757023867 0.19277895279810742 0.088924549520015717 1.1049624922161461 0.43428568856325012 0.20327359437942505 0.78582646435825154 0.065027820615796261 0.33183618262410164
leaf_count=17 1 30 3 6 1 121 170 3 1215 412 5 25 38 10
internal_value=-0.00020017 -0.00606003 -0.0252798 0.011555 -0.0166681 -0.0363109 0.0279395 -0.0187198 -0.0429248 -0.0425631 0.0280183 0.0423783 -0.0203844 0.0418959
internal_weight=4.11343 3.61079 1.72674 1.88405 0.692018 1.43064 1.19203 0.281704 1.32892 0.470709 0.2961 0.91033 0.0928269 0.502631
internal_count=2057 2030 1383 647 419 1339 228 173 1336 413 44 55 39 27
is_linear=0
shrinkage=0.05


Tree=125
num_leaves=15
num_cat=0
split_feature=3 3 4 1 21 3 7 3 24 12 6 6 9 15
split_gain=0.382258 0.425922 0.471855 0.325991 0.373208 0.323761 0.298952 0.233945 0.213329 0.128926 0.116225 0.111186 7.38964e-05 1.55652e-06
threshold=-2.8823068141937251 0.42806129157543188 0.3838916569948197 -0.27965706586837763 -1.2346920967102049 -0.42623823881149286 -0.55540734529495228 3.5520700216293339 -7.0273187160491934 -6.0321006774902335 1.0000000180025095e-35 -0.60820904374122609 -3.0465246438980098 2.0617015361785893
decision_type=2 2 2 2 2 2 2 2 2 2 2 2 2 2
left_child=-1 2 8 6 -5 11 10 -8 -2 -6 -3 -4 -10 -7
right_child=1 3 5 4 9 13 7 -9 12 -11 -12 -13 -14 -15
leaf_value=0.044852655036819851 0.05007645422200685 -0.0023694263740124829 0.046303130743134108 0.037603501299518734 0.050091294524423749 -0.050156003182253384 -0.050433123923244866 0.050074682870281551 -0.052088800204254548 -0.050318264733438256 0.04915093319593037 -0.0020976457827978369 -0.050258018935576049 -0.050820231112594982
leaf_weight=0.42057993530761484 0.055904285982251389 0.12820405990350991 0.32570240925997496 0.21491022128611792 0.034649726003408321 0.16514351870864619 0.18345436578965724 0.084593961015343666 0.058661902323365434 0.41323381682741467 0.74896636628545821 0.1866527717502322 0.91225430529448182 0.0093174781068228185
leaf_count=18 2 31 22 6 1 209 170 3 3 412 25 84 1069 2
internal_value=-0.00020059 -0.00558116 -0.0234421 0.0113474 -0.0165605 0.00863849 0.0274991 -0.0187136 -0.0449 -0.0425503 0.0416209 0.0286706 -0.0503686 -0.0501915
internal_weight=3.94223 3.52165 1.71364 1.80801 0.662794 0.686816 1.14522 0.268048 1.02682 0.447884 0.87717 0.512355 0.970916 0.174461
internal_count=2057 2039 1391 648 419 317 229 173 1074 413 56 106 1072 211
is_linear=0
shrinkage=0.05


Tree=126
num_leaves=14
num_cat=0
split_feature=24 24 22 28 25 12 16 7 12 13 22 9 6
split_gain=0.365584 0.541922 0.398298 0.339338 0.339254 0.376873 0.244341 0.429053 0.21172 0.158733 0.00582006 6.11226e-05 1.15021e-05
threshold=-2.9934116601943965 0.45652259886264807 0.98053875565528881 0.30758336186409002 -0.095612633973360048 -2.1553618907928462 -0.54762881994247425 0.46252660453319555 3.6060702800750737 -1.3561531901359556 -0.79117178916931141 -3.0465246438980098 3.0586035251617436
decision_type=2 2 2 2 2 2 2 2 2 2 2 2 2
left_child=-1 2 9 12 6 -6 10 -8 -7 -2 -3 -11 -4
right_child=1 4 3 -5 5 8 7 -9 -10 11 -12 -13 -14
leaf_value=0.043707281193709882 0.014899827698641935 0.050095705362513079 -0.050121970688176191 0.045477697198352179 0.048058257852860158 -0.05029486598090574 -0.050325507656825509 0.043537047418215284 0.050080492328963694 -0.051982878462112019 0.040166610410072412 -0.050280225818695248 -0.051578126027125831
leaf_weight=0.42119004530832205 0.10294830496422969 0.49303712137043476 0.12376785647938948 0.27664633374661207 0.16967719886451949 0.4375062471954152 0.22185766644543015 0.26981751748826355 0.059704044833779335 0.055911758914590104 0.21064064587699249 0.92033569669001714 0.015230127610266209
leaf_count=18 11 16 159 9 8 395 197 16 2 3 22 1200 1
internal_value=-0.000202248 -0.00571128 -0.0281335 0.0134543 0.0122872 -0.0162845 0.0282274 0.00118362 -0.038242 -0.0441507 0.0471235 -0.0503777 -0.0502815
internal_weight=3.77827 3.35708 1.49484 0.415644 1.86224 0.666887 1.19535 0.491675 0.49721 1.0792 0.703678 0.976247 0.138998
internal_count=2057 2039 1383 169 656 405 251 213 397 1214 38 1203 160
is_linear=0
shrinkage=0.05


Tree=127
num_leaves=15
num_cat=0
split_feature=27 24 21 25 12 16 7 22 8 11 0 4 22 9
split_gain=0.349036 0.44051 0.464306 0.341353 0.391974 0.249337 0.414701 0.203472 0.151148 0.266204 0.122377 0.0200969 0.00648872 5.09983e-05
threshold=-2.7433891296386714 0.45652259886264807 -1.5434920787811277 -0.095612633973360048 -2.1553618907928462 -0.54762881994247425 0.89411458373069774 0.98053875565528881 1.2006078958511355 0.67920753359794628 6.7847740650177011 0.50488099455833446 -0.79117178916931141 -3.0465246438980098
decision_type=2 2 2 2 2 2 2 2 2 2 2 2 2 2
left_child=11 2 7 5 -5 12 -7 -2 13 -10 -6 -1 -3 -4
right_child=1 3 8 4 10 6 -8 -9 9 -11 -12 -13 -14 -15
leaf_value=0.028193830275389676 -0.050105313235334063 0.050091031260218015 -0.051882519854743417 0.047854532940840945 -0.050280959373742308 -0.050297378826697194 0.048525762991206867 0.050098165225518757 0.05015468511061956 -0.050345177784141507 0.050086343202549871 0.050071999418198135 0.039411123003244668 -0.050287359955190847
leaf_weight=0.17257496062666211 0.064233643264742901 0.46903407387435436 0.053285188972950204 0.16207208356354375 0.41399770579300821 0.21751779108308233 0.20736202842090279 0.23977148905396461 0.11451613903045654 0.15517702078795992 0.032775212079286575 0.26792814768850803 0.20411228586453944 0.8397231846756763
leaf_count=17 81 16 3 8 394 202 8 7 2 135 1 10 22 1151
internal_value=-0.000205922 -0.00599496 -0.0260906 0.0112731 -0.0187547 0.0279233 -0.00206688 0.028926 -0.0404755 -0.00767129 -0.042918 0.0415008 0.0468527 -0.0503825
internal_weight=3.61408 3.17358 1.46671 1.70687 0.608845 1.09803 0.42488 0.304005 1.1627 0.269693 0.446773 0.440503 0.673146 0.893008
internal_count=2057 2030 1379 651 403 248 210 88 1291 137 395 27 38 1154
is_linear=0
shrinkage=0.05


Tree=128
num_leaves=15
num_cat=0
split_feature=21 21 3 0 22 24 6 15 26 0 28 18 27 9
split_gain=0.334322 0.399175 0.376658 0.284272 0.278464 0.243415 0.228736 0.169968 0.141936 0.11423 0.0938369 0.0544783 0.00629544 1.22017e-05
threshold=-2.6160717010498042 0.93532004952430736 0.72876176238060009 0.27098682522773748 0.95190724730491649 0.67274904251098644 -0.62984269857406605 1.6736964583396914 -0.13975612074136731 -2.9199771881103511 -1.321054935455322 0.41352799534797674 -1.2793099880218504 -3.0465246438980098
decision_type=2 2 2 2 2 2 2 2 2 2 2 2 2 2
left_child=12 2 4 -4 9 7 -6 13 -5 -2 -7 -12 -1 -3
right_child=1 5 3 8 6 10 -8 -9 -10 -11 11 -13 -14 -15
leaf_value=0.050066910011925793 0.050081247487052429 -0.051630809697654961 -0.050511043735359841 -0.050158891640515617 0.045190315215485971 -0.050219767108908457 -0.05020033636278011 0.039047458639768585 0.036531993012898105 -0.047520100173103152 0.011477085365690445 0.044613699532556617 0.03667117455887476 -0.050169406801852223
leaf_weight=0.22405604459345341 0.030848650261760313 0.015706466510891914 0.14477083913516242 0.052188743371516466 0.17798372119432315 0.03177544561913237 0.097144107392523327 0.076818118337541819 0.49548902918468229 1.0626361684990115 0.15774113667430356 0.58049146796111017 0.14412422009627368 0.15760288859019034
leaf_count=9 1 1 141 57 14 25 103 5 59 1311 49 42 18 222
internal_value=-0.000207842 -0.00558871 -0.0182499 0.0118001 -0.0334537 0.0199918 0.0115091 -0.0228613 0.0282711 -0.0447666 0.033912 0.0375333 0.0448231 -0.0503018
internal_weight=3.44938 3.0812 2.06106 0.692449 1.36861 1.02014 0.275128 0.250127 0.547678 1.09348 0.770008 0.738233 0.36818 0.173309
internal_count=2057 2030 1686 257 1429 344 117 228 116 1312 116 91 27 223
is_linear=0
shrinkage=0.05


Tree=129
num_leaves=15
num_cat=0
split_feature=24 24 22 28 25 12 19 10 12 16 10 13 9 6
split_gain=0.318266 0.463198 0.344947 0.292619 0.290833 0.329501 0.217187 0.290364 0.183355 0.141933 0.0865388 0.00292247 3.82572e-05 7.33818e-06
threshold=-2.9934116601943965 0.45652259886264807 0.98053875565528881 0.30758336186409002 -0.095612633973360048 -2.1553618907928462 -0.28926394879817957 0.61332640051841747 3.6060702800750737 -1.5142154097557066 1.1271858811378481 -0.66590693593025196 -3.0465246438980098 3.0586035251617436
decision_type=2 2 2 2 2 2 2 2 2 2 2 2 2 2
left_child=-1 2 9 13 6 -6 11 -8 -7 10 -2 -3 -11 -4
right_child=1 4 3 -5 5 8 7 -9 -10 12 -12 -13 -14 -15
leaf_value=0.043259344892362252 0.050159664638916836 0.050130098972090434 -0.050105375551840393 0.045093067733177859 0.047665674151118616 -0.050260644411673383 -0.036394138812903078 0.042738631466177991 0.050069644609571855 -0.051702741093364681 -0.050138288273117428 0.042495290758558998 -0.050256791098487512 -0.051355080305038853
leaf_weight=0.3736445922404531 0.060434464365244245 0.40932451654225588 0.10725181098678149 0.24263402773067355 0.14971792406868178 0.38316101385862567 0.23847957007819764 0.22557153587695211 0.051679365336894989 0.048518180847168302 0.033387839182978496 0.18066273059230298 0.80042263021459759 0.013191419653594494
leaf_count=18 1 14 159 9 8 395 204 14 2 3 36 19 1174 1
internal_value=-0.000211035 -0.00572736 -0.0279422 0.0134676 0.0119762 -0.0163097 0.0276633 0.00207167 -0.0383367 -0.04389 0.0144674 0.0477922 -0.0503394 -0.0502422
internal_weight=3.31808 2.94444 1.30584 0.363077 1.6386 0.584558 1.05404 0.464051 0.43484 0.942763 0.0938223 0.589987 0.848941 0.120443
internal_count=2057 2039 1383 169 656 405 251 218 397 1214 37 33 1177 160
is_linear=0
shrinkage=0.05


Tree=130
num_leaves=15
num_cat=0
split_feature=6 3 0 1 21 27 7 3 6 12 16 6 0 4
split_gain=0.304431 0.36732 0.30761 0.263713 0.297069 0.256274 0.239939 0.188807 0.113414 0.104909 0.100146 0.0859532 0.0595636 0.0214873
threshold=-2.6746118068695064 0.42806129157543188 -1.878970682621002 -0.27965706586837763 -1.2346920967102049 -8.4545369148254377 -0.55540734529495228 3.5520700216293339 -1.3398535251617429 -6.0321006774902335 0.41287624835968023 1.0000000180025095e-35 -5.2429695129394522 1.9687705636024477
decision_type=2 2 2 2 2 2 2 2 2 2 2 2 2 2
left_child=13 2 10 6 -5 -4 11 -8 -7 -6 12 -3 -2 -1
right_child=1 3 5 4 9 8 7 -9 -10 -11 -12 -13 -14 -15
leaf_value=0.025267067412125171 0.050054702561315584 -0.00050512520955335062 0.050074438503089097 0.036935710456608144 0.050074426716599875 -0.0064859051158574826 -0.050353066847827567 0.050060557044430999 -0.050281856246512817 -0.050256531683420036 0.050095058869263548 0.048983052146637264 -0.050414181521788726 0.050070100973467771
leaf_weight=0.13379025482572648 0.020791186019778252 0.10271848796401173 0.080427652224898671 0.17525356914848089 0.028267506510019302 0.17917949616094131 0.14742977937567048 0.06859457865357399 0.84465453377924782 0.33281707263085969 0.15746651589870453 0.60170958412345499 0.050789718254236838 0.25139514729380608
leaf_count=17 1 30 3 6 1 121 170 3 1215 412 5 25 38 10
internal_value=-0.00021253 -0.00596492 -0.0249283 0.0113911 -0.0164777 -0.0358661 0.0276299 -0.0184686 -0.0426172 -0.0424021 0.0278042 0.0417668 -0.0212323 0.041455
internal_weight=3.17529 2.7901 1.33331 1.45679 0.536338 1.10426 0.920452 0.216024 1.02383 0.361085 0.229047 0.704428 0.0715809 0.385185
internal_count=2057 2030 1383 647 419 1339 228 173 1336 413 44 55 39 27
is_linear=0
shrinkage=0.05


Tree=131
num_leaves=15
num_cat=0
split_feature=22 24 22 29 21 13 6 16 13 21 4 22 0 0
split_gain=0.294438 0.454773 0.288402 0.225859 0.194911 0.17429 0.253462 0.170632 0.170243 0.140105 0.134732 0.108879 0.0997892 0.0667012
threshold=1.4254828691482546 0.45652259886264807 -0.47045595943927759 1.829769551753998 -1.7913272380828855 -0.65903353691101063 -1.4588745832443235 -0.19565365463495252 -1.0879352092742918 -0.069841735064983354 -0.72167789936065663 0.98053875565528881 6.7847740650177011 6.7847740650177011
decision_type=2 2 2 2 2 2 2 2 2 2 2 2 2 2
left_child=1 4 7 12 11 6 -2 9 10 -3 -6 -1 -4 -9
right_child=5 2 3 -5 8 -7 -8 13 -10 -11 -12 -13 -14 -15
leaf_value=-0.050097116519046414 0.050061905074585446 -0.0039261246078479148 -0.050178760598841812 0.038817620504587994 0.050120716358862921 0.046899300064249985 -0.050228237700599421 -0.050268215521029551 -0.050331156983870064 0.04894414282131291 -0.050230765612073902 0.050091426580485189 0.050071131522030722 0.050054131838905926
leaf_weight=0.037305348581867626 0.11494196206331253 0.16079167695716023 0.30547340633347608 0.11669891921337694 0.083057006821036339 0.44882736727595318 0.13940982348867692 0.085049611894646659 0.78226864358293824 0.5677785548614338 0.055998382013058623 0.099297592416405678 0.027018643915653229 0.020576832816004753
leaf_count=53 5 35 406 10 2 29 174 98 1170 23 47 3 1 1
internal_value=-0.000212984 -0.00873442 0.0112728 -0.0210277 -0.0330055 0.0281601 -0.00490697 0.0286657 -0.0412694 0.0372759 0.00970861 0.0227306 -0.0420324 -0.0307247
internal_weight=3.04449 2.34131 1.28339 0.449191 1.05793 0.703179 0.254352 0.834197 0.921324 0.72857 0.139055 0.136603 0.332492 0.105626
internal_count=2057 1849 574 417 1275 208 179 157 1219 58 49 56 407 99
is_linear=0
shrinkage=0.05


Tree=132
num_leaves=15
num_cat=0
split_feature=22 24 25 16 7 21 13 15 13 4 22 10 21 9
split_gain=0.2788 0.432205 0.272285 0.299217 0.274235 0.185344 0.165084 0.274219 0.161876 0.12814 0.10356 0.0471211 0.000404936 2.34568e-05
threshold=1.4254828691482546 0.45652259886264807 1.2068096995353701 -0.47400839626789087 0.46252660453319555 -1.7913272380828855 -0.22817680984735486 2.3722939491271977 -1.0879352092742918 -0.72167789936065663 0.98053875565528881 -0.28793591260910029 -1.8593981266021726 -3.0465246438980098
decision_type=2 2 2 2 2 2 2 2 2 2 2 2 2 2
left_child=1 5 3 11 -5 10 7 -2 9 -7 -1 -3 -8 -10
right_child=6 2 -4 4 -6 8 12 -9 13 -11 -12 -13 -14 -15
leaf_value=-0.050092376846655011 -0.05021431163635285 0.048415199979939177 -0.050319939393335428 -0.050224678119687095 0.033182825770807105 0.050114816859135408 0.050058280327702404 0.050058812429089064 -0.051462338969009383 -0.050219511793504194 0.050086958467844139 0.018413455993721784 0.046864694980100929 -0.050246625569139919
leaf_weight=0.035489218164002856 0.14152445332729258 0.49617828719783574 0.15710475595551532 0.22713752413983446 0.1740760306129232 0.079015335068106651 0.2115327212959528 0.13156585209071636 0.042053701356053685 0.053278945153579449 0.094463005661964417 0.1777661426749545 0.18701144866645325 0.70229169831145521
leaf_count=53 182 25 145 303 41 2 10 6 3 47 3 60 10 1167
internal_value=-0.000213946 -0.00868987 0.0111655 0.0201499 -0.0140364 -0.0329966 0.0280401 -0.00190605 -0.0412573 0.00970712 0.0227285 0.0405016 0.0485597 -0.0503153
internal_weight=2.91049 2.23885 1.23226 1.07516 0.401214 1.00659 0.671634 0.27309 0.87664 0.132294 0.129952 0.673944 0.398544 0.744345
internal_count=2057 1849 574 429 344 1275 208 188 1219 49 56 85 20 1170
is_linear=0
shrinkage=0.05


Tree=133
num_leaves=15
num_cat=0
split_feature=9 9 10 19 25 16 19 10 24 6 15 12 16 19
split_gain=0.268615 0.349788 0.187496 0.256573 0.180071 0.242207 0.234357 0.221375 0.184475 0.11308 0.086932 0.0653683 0.0264273 4.72174e-06
threshold=-3.0465246438980098 1.0914775729179385 -0.51062932610511769 0.31824570894241339 -1.0720849633216856 -0.71143212914466847 0.75730013847351085 0.61332640051841747 -0.95950424671173085 1.2203742861747744 -0.058171316981315606 -1.7945880293846128 -0.48093616962432856 -1.8523374199867246
decision_type=2 2 2 2 2 2 2 2 2 2 2 2 2 2
left_child=-1 4 10 13 5 -2 -6 -7 -8 -5 11 -3 -12 -4
right_child=1 2 3 9 6 7 8 -9 -10 -11 12 -13 -14 -15
leaf_value=0.039200152282830421 0.050095201015715241 0.050064227887213035 -0.050926798003672662 -0.050186063087728688 -0.050112126111932859 -0.050368507025527177 0.043651934606910074 0.045869884045614838 -0.05017572541894201 0.042450608349332654 0.050113782529703089 -0.050169499426934161 0.026620316495999316 -0.050281212434018167
leaf_weight=0.37413910776376758 0.17006531823426485 0.024402527138590813 0.034092627960490063 0.039710873184958473 0.68920540635008354 0.22177225945051793 0.14077838673256338 0.081793002900667489 0.083432727784384042 0.19328981795115396 0.32600599247962236 0.048783447506139055 0.18915359751554206 0.16734897127025739
leaf_count=18 6 1 8 37 1372 214 22 4 141 12 12 42 18 150
internal_value=-0.00021651 -0.00633615 0.0158474 -0.00906541 -0.022694 0.0023245 -0.0356667 -0.0244379 0.00873708 0.0266623 0.0342434 -0.0167484 0.0414876 -0.0503905
internal_weight=2.78397 2.40983 1.02279 0.434442 1.38705 0.473631 0.913417 0.303565 0.224211 0.233001 0.588346 0.073186 0.51516 0.201442
internal_count=2057 2039 280 207 1759 224 1535 218 163 49 73 43 30 158
is_linear=0
shrinkage=0.05


Tree=134
num_leaves=15
num_cat=0
split_feature=6 3 0 1 21 27 7 3 6 12 16 6 0 4
split_gain=0.255225 0.302123 0.256505 0.216936 0.24652 0.212506 0.199388 0.158739 0.0988405 0.086167 0.0828668 0.0730731 0.0491963 0.0192934
threshold=-2.6746118068695064 0.42806129157543188 -1.878970682621002 -0.27965706586837763 -1.2346920967102049 -8.4545369148254377 -0.55540734529495228 3.5520700216293339 -1.3398535251617429 -6.0321006774902335 0.41287624835968023 1.0000000180025095e-35 -5.2429695129394522 1.9687705636024477
decision_type=2 2 2 2 2 2 2 2 2 2 2 2 2 2
left_child=13 2 10 6 -5 -4 11 -8 -7 -6 12 -3 -2 -1
right_child=1 3 5 4 9 8 7 -9 -10 -11 -12 -13 -14 -15
leaf_value=0.024653831822481393 0.05004526013701778 -0.00040646195859753522 0.050062102347469821 0.036200724914038578 0.050061089680708284 -0.0062359326945272894 -0.050301619153037248 0.050051005052979082 -0.05025034747803539 -0.050221784463996867 0.050079797079873957 0.0488638983289746 -0.05033853551181499 0.050060002117938408
leaf_weight=0.11533479869831387 0.017210690304636955 0.088586678815772757 0.067135921679437494 0.1489132703281939 0.023213820531964302 0.15568866394460235 0.12414793253992684 0.057730801403522491 0.70576357645040766 0.27726079075364374 0.13179280236363411 0.49998578272061422 0.041965964745032003 0.21223160997033119
leaf_count=17 1 30 3 6 1 121 170 3 1215 412 5 25 38 10
internal_value=-0.000221152 -0.00600905 -0.024765 0.0112049 -0.0164038 -0.0356183 0.0273085 -0.0184483 -0.0422957 -0.0424742 0.0280095 0.0414482 -0.0211433 0.0411146
internal_weight=2.66696 2.3394 1.11956 1.21984 0.449388 0.928588 0.770451 0.181879 0.861452 0.300475 0.190969 0.588572 0.0591767 0.327566
internal_count=2057 2030 1383 647 419 1339 228 173 1336 413 44 55 39 27
is_linear=0
shrinkage=0.05


Tree=135
num_leaves=15
num_cat=0
split_feature=22 24 22 26 21 27 21 13 16 21 4 22 0 0
split_gain=0.247435 0.383419 0.238017 0.189279 0.162956 0.144867 0.202378 0.139231 0.138657 0.120765 0.110981 0.0906671 0.0838094 0.0559169
threshold=1.4254828691482546 0.45652259886264807 -0.47045595943927759 1.5881959199905398 -1.7913272380828855 -0.9212714135646819 -1.2738351225852964 -1.0879352092742918 -0.19565365463495252 -0.069841735064983354 -0.72167789936065663 0.98053875565528881 6.7847740650177011 6.7847740650177011
decision_type=2 2 2 2 2 2 2 2 2 2 2 2 2 2
left_child=1 4 8 12 11 -2 -7 10 9 -3 -6 -1 -4 -10
right_child=5 2 3 -5 7 6 -8 -9 13 -11 -12 -13 -14 -15
leaf_value=-0.050081895112099609 0.046502276144954321 -0.0037856462056170834 -0.050158975531523556 0.038378755872582937 0.050098911078102937 0.048605832825791506 -0.050201719899605306 -0.050295943543595206 -0.050220571756272675 0.048782236653357597 -0.050192788556780749 0.050075946803026399 0.050059771191710227 0.050045558757676349
leaf_weight=0.031097006693016738 0.38138413213891909 0.14181776292389259 0.25562611134955637 0.099463271006243303 0.068087214604020119 0.095009722979739308 0.11400958022568364 0.6560336497932443 0.070479898829944432 0.47581532748881727 0.04637016577180475 0.082649007439613342 0.022714655846357346 0.01732274517416954
leaf_count=53 30 35 397 19 2 5 173 1170 98 23 47 3 1 1
internal_value=-0.00022159 -0.00874042 0.0112018 -0.0208245 -0.0331708 0.0281668 -0.00528875 -0.041418 0.0283539 0.0367119 0.00946769 0.0226938 -0.0419804 -0.0304389
internal_weight=2.55788 1.96748 1.08324 0.377804 0.884237 0.590403 0.209019 0.770491 0.705436 0.617633 0.114457 0.113746 0.278341 0.0878026
internal_count=2057 1849 574 417 1275 208 178 1219 157 58 49 56 398 99
is_linear=0
shrinkage=0.05


Tree=136
num_leaves=15
num_cat=0
split_feature=22 24 25 16 7 21 13 15 13 4 22 10 6 9
split_gain=0.234092 0.364397 0.226332 0.244023 0.226952 0.154963 0.138413 0.229314 0.132393 0.105554 0.0862386 0.0427078 0.00038826 1.68969e-05
threshold=1.4254828691482546 0.45652259886264807 1.2068096995353701 -0.47400839626789087 0.46252660453319555 -1.7913272380828855 -0.22817680984735486 2.3722939491271977 -1.0879352092742918 -0.72167789936065663 0.98053875565528881 -0.28793591260910029 -0.60820904374122609 -3.0465246438980098
decision_type=2 2 2 2 2 2 2 2 2 2 2 2 2 2
left_child=1 5 3 11 -5 10 7 -2 9 -7 -1 -3 -8 -10
right_child=6 2 -4 4 -6 8 12 -9 13 -11 -12 -13 -14 -15
leaf_value=-0.050077899141613091 -0.050188340975644841 0.048260596264830612 -0.050269853748728721 -0.05018871037058547 0.032413580393098496 0.050094081729650269 0.050070745254097264 0.050049098959136874 -0.051306435015849097 -0.050183386329285817 0.050072238528980566 0.01766106752128635 0.046667801109969133 -0.050215716718265517
leaf_weight=0.029582688410300761 0.1186777098919265 0.41462873434647918 0.13132089795544744 0.18863138892629627 0.14871322902035899 0.064772650599479675 0.17515238933265209 0.10988890938460827 0.037796218879520893 0.044116721255704761 0.07862384244799614 0.15728575273533352 0.16074908344307903 0.58641388514661263
leaf_count=53 182 25 145 303 41 2 8 6 3 47 3 60 12 1167
internal_value=-0.000222775 -0.00869362 0.0110897 0.0199517 -0.0137748 -0.0331629 0.0280183 -0.00199678 -0.0414072 0.00946649 0.0226921 0.0398452 0.0484422 -0.0502818
internal_weight=2.44635 1.88189 1.04058 0.909259 0.337345 0.841306 0.564468 0.228567 0.733099 0.108889 0.108207 0.571914 0.335901 0.62421
internal_count=2057 1849 574 429 344 1275 208 188 1219 49 56 85 20 1170
is_linear=0
shrinkage=0.05


Tree=137
num_leaves=15
num_cat=0
split_feature=3 3 4 3 1 21 6 7 24 12 6 0 9 15
split_gain=0.225097 0.238956 0.282989 0.189684 0.185488 0.212135 0.178606 0.134976 0.129721 0.074396 0.0640998 0.052602 1.55441e-05 2.60014e-07
threshold=-2.8823068141937251 0.42806129157543188 0.3838916569948197 -0.42623823881149286 -0.27965706586837763 -1.2346920967102049 -0.060228044167160981 -0.54434645175933827 -7.0273187160491934 -6.0321006774902335 -0.60820904374122609 6.7847740650177011 -3.0465246438980098 2.0617015361785893
decision_type=2 2 2 2 2 2 2 2 2 2 2 2 2 2
left_child=-1 2 8 10 6 -6 11 -8 -2 -7 -4 -3 -10 -5
right_child=1 4 3 13 5 9 7 -9 12 -11 -12 -13 -14 -15
leaf_value=0.044470436544873267 0.050047255820665687 -0.050166738970450098 0.046024719278929704 -0.050095290413668218 0.035317257450419991 0.050052734009837722 0.048547475084123028 -0.015246858510137596 -0.051241135660037962 -0.050193099875188968 -0.001190226921574692 0.050040700116615482 -0.050167923257307567 -0.050456443205202699
leaf_weight=0.25143464736174825 0.034167937934398984 0.085108986604609527 0.19507378654088825 0.09640032374591101 0.13167223986238241 0.020044960081577301 0.47674436372471973 0.10037091429694556 0.035997536033392286 0.24136327860469442 0.11383214665693231 0.015477758832275867 0.53781159871141382 0.005255431722616776
leaf_count=18 2 113 22 209 6 1 27 88 3 412 84 1 1069 2
internal_value=-0.00022538 -0.0056042 -0.0229418 0.00912983 0.0108875 -0.0164373 0.0267363 0.0374525 -0.0445994 -0.0425062 0.028626 -0.0347473 -0.0502353 -0.050114
internal_weight=2.34076 2.08932 1.01854 0.410562 1.07078 0.39308 0.677702 0.577115 0.607977 0.261408 0.308906 0.100587 0.573809 0.101656
internal_count=2057 2039 1391 317 648 419 229 115 1074 413 106 114 1072 211
is_linear=0
shrinkage=0.05


Tree=138
num_leaves=15
num_cat=0
split_feature=9 9 10 19 11 29 2 6 2 19 1 0 21 19
split_gain=0.215849 0.279326 0.147724 0.208791 0.142947 0.203727 0.308231 0.090056 0.0854625 0.0664746 0.139608 0.0554285 0.00236291 2.71963e-06
threshold=-3.0465246438980098 1.0914775729179385 -0.51062932610511769 0.31824570894241339 -0.13637905567884442 -0.46533279120922083 -0.23077618330717084 1.2203742861747744 -0.012817568611353634 0.81991994380950939 0.21701167523860934 -2.9199771881103511 0.64309579133987438 -1.8523374199867246
decision_type=2 2 2 2 2 2 2 2 2 2 2 2 2 2
left_child=-1 4 9 13 11 8 -7 -5 -6 12 -11 -2 -3 -4
right_child=1 2 3 7 5 6 -8 -9 -10 10 -12 -13 -14 -15
leaf_value=0.038740532998297217 0.050037646936386009 0.041586578497977401 -0.050769982918767678 -0.050151362590780783 0.050060889760069331 -0.050105287944434029 0.041401537863712833 0.042087064098604597 -0.050195431451358775 0.050041244911795783 -0.050426538845543926 -0.050138063440523045 0.050047403354396475 -0.050230126400086686
leaf_weight=0.30682053696364198 0.014318549074232578 0.15341827500378713 0.028208925694343634 0.031746532476972789 0.023138616234064102 0.13431845833838452 0.29226687837217447 0.15898253844352439 0.26132807377143763 0.07719527930021286 0.062632802975713275 0.38768519730365369 0.17856944911181927 0.13485079942620348
leaf_count=18 1 12 8 37 1 298 88 12 558 5 45 813 11 150
internal_value=-0.000226643 -0.00639375 0.015643 -0.00878141 -0.0227394 -0.00926641 0.0125889 0.0267341 -0.0420405 0.0339575 0.00503899 -0.04657 0.0461375 -0.0503235
internal_weight=2.24548 1.93866 0.825605 0.353789 1.11306 0.711052 0.426585 0.190729 0.284467 0.471816 0.139828 0.402004 0.331988 0.16306
internal_count=2057 2039 280 207 1759 945 386 49 559 73 50 814 23 158
is_linear=0
shrinkage=0.05


Tree=139
num_leaves=11
num_cat=0
split_feature=6 9 11 29 2 8 15 5 19 9
split_gain=0.206519 0.231148 0.240259 0.259827 0.448262 0.273976 0.193804 0.00614462 0.00336344 1.1388e-05
threshold=-3.1358284950256343 2.8340228796005253 -0.13637905567884442 -0.46533279120922083 -0.23077618330717084 0.186514787375927 -2.116277694702148 -0.10682081058621405 0.87477985024452221 -3.0465246438980098
decision_type=2 2 2 2 2 2 2 2 2 2
left_child=-1 2 6 5 -5 -4 7 -2 -3 -8
right_child=1 8 3 4 -6 -7 9 -9 -10 -11
leaf_value=0.045221629114744005 0.02172818273685936 0.037123941085163578 0.05005011166695799 -0.04530673454331554 0.042645044468995766 -0.050253527134405278 -0.051275157886037918 0.050050079429148478 0.050046484360071947 -0.050171188728342898
leaf_weight=0.22388901538215611 0.039850348912295885 0.087670803943183162 0.08538760058581818 0.19738603962468915 0.54452530860726245 0.33587534751859494 0.024618819355964661 0.036869301460683346 0.11829572357237339 0.45685245456115797
leaf_count=18 18 17 5 343 110 640 2 2 7 895
internal_value=-0.000232079 -0.00551222 -0.0115018 0.00143841 0.0192454 -0.0299226 -0.0384671 0.0353389 0.0445459 -0.0502276
internal_weight=2.15122 1.92733 1.72137 1.16317 0.741911 0.421263 0.558191 0.0767197 0.205967 0.481471
internal_count=2057 2039 2015 1098 453 645 917 20 24 897
is_linear=0
shrinkage=0.05


Tree=140
num_leaves=9
num_cat=0
split_feature=12 27 26 2 25 0 8 2
split_gain=0.195959 0.248126 0.217635 0.577255 0.176535 0.149205 0.0838216 0.0395355
threshold=-3.1070054769515987 -3.1805095672607417 -0.13975612074136731 -0.23077618330717084 -2.1667038202285762 6.7847740650177011 -0.50561502575874318 -0.09220439568161963
decision_type=2 2 2 2 2 2 2 2
left_child=-1 -2 4 5 -3 -4 -5 -6
right_child=1 2 3 6 7 -7 -8 -9
leaf_value=0.043037695373680074 0.04320061733215716 0.046331659150112635 -0.047422683937954749 -0.050224069363411561 0.050026378381783823 0.050056950066024952 0.03924560454654008 -0.050249656201373172
leaf_weight=0.23215046894620206 0.22695750812999915 0.055032779811881483 0.45242506370414037 0.027512803106219508 0.010037575848400593 0.042984697967767715 0.5397732308483677 0.47426566832291439
leaf_count=18 18 12 885 59 1 2 153 909
internal_value=-0.000235532 -0.00572813 -0.0126598 0.00046899 -0.0385285 -0.0389648 0.0349064 -0.0481714
internal_weight=2.06114 1.82899 1.60203 1.0627 0.539336 0.49541 0.567286 0.484303
internal_count=2057 2039 2021 1099 922 887 212 910
is_linear=0
shrinkage=0.05


Tree=141
num_leaves=15
num_cat=0
split_feature=3 3 4 3 1 8 26 24 7 3 6 6 24 9
split_gain=0.188893 0.203334 0.239222 0.157062 0.1556 0.117697 0.21656 0.107493 0.055506 0.0864743 0.0543691 0.0506121 0.000504064 1.30255e-05
threshold=-2.8823068141937251 0.42806129157543188 0.3838916569948197 -0.42623823881149286 -0.98079925775527943 -0.035511914640665047 -0.13975612074136731 -7.0273187160491934 -0.65032297372817982 3.5520700216293339 -0.60820904374122609 9.1088981628417987 0.7857879400253297 -3.0465246438980098
decision_type=2 2 2 2 2 2 2 2 2 2 2 2 2 2
left_child=-1 2 7 10 8 11 -7 -2 12 -10 -4 -6 -3 -9
right_child=1 4 3 -5 5 6 -8 13 9 -11 -12 -13 -14 -15
leaf_value=0.044128720821634715 0.050039186295438222 0.045698276587718294 0.045658060943454926 -0.050099636436918039 -0.050160717129991123 -0.050238559791176911 0.032750888266285992 -0.051163003631121154 -0.050407151913917328 0.050039571982888942 -0.0011068099192483691 0.050036232687171667 0.050043534039353049 -0.050140307807636453
leaf_weight=0.21395343251060706 0.028298816643655189 0.12504064803943038 0.16433346836129203 0.085185859934426844 0.14746584977547172 0.10967660193273332 0.27751229183922987 0.033439020626246818 0.041206543100997806 0.044637463986873627 0.099955082478118129 0.013781163841485977 0.14314680732786655 0.45178367666085251
leaf_count=18 2 11 22 211 279 223 92 3 29 3 84 1 10 1069
internal_value=-0.000240244 -0.00561724 -0.0229695 0.00894124 0.0109761 -0.00570469 0.00924298 -0.0446863 0.0368166 0.00182348 0.0279714 -0.0415973 0.0480176 -0.0502108
internal_weight=1.97942 1.76546 0.862996 0.349474 0.902467 0.548436 0.387189 0.513522 0.354031 0.085844 0.264289 0.161247 0.268187 0.485223
internal_count=2057 2039 1391 317 648 595 315 1074 53 32 106 280 21 1072
is_linear=0
shrinkage=0.05


Tree=142
num_leaves=15
num_cat=0
split_feature=6 3 0 1 24 21 16 16 4 27 7 3 22 1
split_gain=0.179944 0.209244 0.184471 0.149926 0.13531 0.1209 0.108585 0.0988775 0.0936846 0.0857333 0.0572686 0.0861654 0.0241201 0.0195618
threshold=-2.6746118068695064 0.42806129157543188 -1.020766496658325 -0.88254177570343006 -2.2717951536178584 -0.061053358018398278 -0.99267095327377308 0.41287624835968023 2.0547277927398686 -0.31378391385078425 -0.58631446957588185 3.5520700216293339 -1.0000000180025095e-35 1.7619086503982546
decision_type=2 2 2 2 2 2 2 2 2 2 2 2 2 2
left_child=13 2 7 10 12 9 -7 8 -2 -5 -3 -12 -4 -1
right_child=1 3 4 5 -6 6 -8 -9 -10 -11 11 -13 -14 -15
leaf_value=0.018579156340884365 -0.050160747699669161 0.046257424247880874 -0.0064147213433505199 0.043244314504165618 -0.050186413219453302 0.024663030739123012 -0.050138524843762015 0.042686453172132648 0.046852231917708424 -0.016750515280297123 -0.05035857431450539 0.050037640401393794 0.050059793018074263 0.050042787996722009
leaf_weight=0.070457409601658694 0.082815813293564022 0.28024145832750946 0.037882704025832936 0.14299385093909223 0.47990376660891343 0.065256525369477458 0.18912759760860354 0.12553150634630583 0.035575990215875208 0.10204009272274561 0.043028276471886784 0.042462066747248173 0.037743995897471794 0.16529518645256758
leaf_count=16 158 27 18 33 1169 36 418 31 5 90 40 3 2 11
internal_value=-0.000244019 -0.00603423 -0.0244755 0.0110066 -0.0403906 -0.00680534 -0.0309499 0.0117709 -0.021009 0.0182605 0.0353295 -0.000492933 0.0217707 0.0406395
internal_weight=1.90036 1.6646 0.799454 0.86515 0.55553 0.499418 0.254384 0.243923 0.118392 0.245034 0.365732 0.0854903 0.0756267 0.235753
internal_count=2057 2030 1383 647 1189 577 454 194 163 123 70 43 20 27
is_linear=0
shrinkage=0.05


Tree=143
num_leaves=10
num_cat=0
split_feature=6 9 2 26 26 21 8 6 9
split_gain=0.17076 0.191242 0.2008 0.533531 0.164058 0.123928 0.064051 0.00315326 5.99741e-06
threshold=-3.1358284950256343 2.8340228796005253 -0.23077618330717084 -0.11380128562450408 -0.030544392764568325 3.0689502954483037 -0.50561502575874318 9.1088981628417987 -3.0465246438980098
decision_type=2 2 2 2 2 2 2 2 2
left_child=-1 2 4 5 -2 -4 -5 -3 -6
right_child=1 7 3 6 8 -7 -8 -9 -10
leaf_value=0.044557661503534463 0.05003055494593478 0.03641191027017724 -0.043644574362135674 -0.050205639772871603 -0.051254375481074636 0.05003677676799978 0.039315571373884875 0.050038829503293407 -0.050130737630791816
leaf_weight=0.19047608540859085 0.045610655099153519 0.074336351099191122 0.45843497841269676 0.020801442326046526 0.012259114533662796 0.038247598335146904 0.50651074135384999 0.098977374844253063 0.37947192981664546
leaf_count=18 4 17 931 51 1 3 147 7 878
internal_value=-0.000245467 -0.00546611 -0.0113558 0.000756836 -0.0397163 -0.0364305 0.0357841 0.0441941 -0.0501659
internal_weight=1.82513 1.63465 1.46134 1.02399 0.437342 0.496683 0.527312 0.173314 0.391731
internal_count=2057 2039 2015 1132 883 934 198 24 879
is_linear=0
shrinkage=0.05


Tree=144
num_leaves=15
num_cat=0
split_feature=27 24 21 25 12 19 10 22 8 11 0 12 25 9
split_gain=0.164031 0.211348 0.217402 0.166618 0.193454 0.11455 0.170149 0.0992941 0.0717824 0.128028 0.0566056 0.0106741 0.00168687 7.74719e-06
threshold=-2.7433891296386714 0.45652259886264807 -1.5434920787811277 -0.095612633973360048 -2.1553618907928462 -0.28926394879817957 1.0463818907737734 0.98053875565528881 1.2006078958511355 0.67920753359794628 6.7847740650177011 0.57030907273292553 -0.96524471044540394 -3.0465246438980098
decision_type=2 2 2 2 2 2 2 2 2 2 2 2 2 2
left_child=11 2 7 5 -5 12 -7 -2 13 -10 -6 -1 -3 -4
right_child=1 3 8 4 10 6 -8 -9 9 -11 -12 -13 -14 -15
leaf_value=0.027142908504725363 -0.050057366416701415 0.050042991019405327 -0.051001949336255209 0.047593928376941805 -0.050144700211578769 -0.036824155137719652 0.049771719825996361 0.050046584348596546 0.050073151341824662 -0.050184695498081855 0.050039827017624806 0.050034842198216134 0.042057340009961905 -0.050155786092659443
leaf_weight=0.084557669120840839 0.031651796496589557 0.21266048494726419 0.029018904082476982 0.080104820663109422 0.20382459225947969 0.12993690209987108 0.10067646397510543 0.11396840773522854 0.055111896246671677 0.075417450119857676 0.015147109515964985 0.1280153626576066 0.095975305870524608 0.39879750488034915
leaf_count=17 81 16 3 8 394 210 5 7 2 135 1 10 17 1151
internal_value=-0.000246805 -0.00592202 -0.0261204 0.0110391 -0.0188924 0.0276396 0.0009801 0.0282881 -0.0403105 -0.00785398 -0.0432146 0.0409288 0.0475597 -0.0502132
internal_weight=1.75486 1.54229 0.703966 0.838326 0.299077 0.539249 0.230613 0.14562 0.558346 0.130529 0.218972 0.212573 0.308636 0.427816
internal_count=2057 2030 1379 651 403 248 215 88 1291 137 395 27 33 1154
is_linear=0
shrinkage=0.05


Tree=145
num_leaves=12
num_cat=0
split_feature=3 11 29 2 8 0 17 25 29 6 9
split_gain=0.156008 0.168174 0.216266 0.296998 0.256945 0.153555 0.118171 0.0937938 0.0369759 0.0349677 1.42266e-06
threshold=-2.8823068141937251 -0.13637905567884442 -0.39706154167652125 -0.23077618330717084 0.186514787375927 3.2807285785675053 0.61074683070182811 -2.1667038202285762 -0.04812540486454963 9.1088981628417987 -3.0465246438980098
decision_type=2 2 2 2 2 2 2 2 2 2 2
left_child=-1 5 4 6 -3 7 -4 -2 -5 -9 -6
right_child=1 2 3 8 10 -7 -8 9 -10 -11 -12
leaf_value=0.043688999911524945 0.030544769902037573 0.050035882596416184 0.050034393704349527 0.0086458079217336826 -0.050828625054354128 0.045610989805500129 -0.050141423463964385 -0.050179584663470223 0.04942846128893081 0.050023417737849275 -0.050160884313173004
leaf_weight=0.18032542592845868 0.042324393958551809 0.084496873430907504 0.036613904871046543 0.064283496380085126 0.0082344701513645813 0.05950159826898016 0.1502319671708392 0.37685031420551229 0.41043514726334251 0.0089124487712979317 0.2548822316748558
leaf_count=18 19 7 3 66 1 8 347 899 29 1 659
internal_value=-0.000246335 -0.00553952 0.0061102 0.0228883 -0.0258212 -0.0296513 -0.0305112 -0.0401123 0.0439059 -0.0478646 -0.0501818
internal_weight=1.67709 1.49677 1.00918 0.661565 0.347614 0.487589 0.186846 0.428087 0.474719 0.385763 0.263117
internal_count=2057 2039 1112 445 667 927 350 919 95 900 660
is_linear=0
shrinkage=0.05


Tree=146
num_leaves=15
num_cat=0
split_feature=22 24 25 16 7 21 13 6 13 4 22 20 16 9
split_gain=0.149051 0.235756 0.145563 0.153476 0.15154 0.0996809 0.0927798 0.130559 0.0898185 0.0696883 0.0574086 0.0355583 0.00260816 5.66604e-06
threshold=1.4254828691482546 0.45652259886264807 1.2068096995353701 -0.47400839626789087 0.46252660453319555 -1.7913272380828855 -0.65903353691101063 -1.4588745832443235 -1.0879352092742918 -0.72167789936065663 0.98053875565528881 -0.91064953804016102 0.87823575735092174 -3.0465246438980098
decision_type=2 2 2 2 2 2 2 2 2 2 2 2 2 2
left_child=1 5 3 11 -5 10 7 -2 9 -7 -1 -3 -8 -10
right_child=6 2 -4 4 -6 8 12 -9 13 -11 -12 -13 -14 -15
leaf_value=-0.05005673611428612 0.050031402287191912 -0.014275006381787398 -0.050174308123514935 -0.050125247929434291 0.03231983547826927 0.050060946517338591 0.03868699165763035 -0.050133781550400915 -0.05090548182982061 -0.050130368679630277 0.05004697274596244 0.043823037579144651 0.050042017447243362 -0.050146990676722937
leaf_weight=0.019830920064123236 0.058290911838412285 0.028511825104942545 0.085003301093820482 0.12336209861678071 0.10167385221575387 0.043642481788992882 0.073492440162226669 0.073619181901449338 0.026320856064557918 0.028814423421863355 0.05156176071614027 0.34519105999788735 0.16214021109044552 0.38141329759673692
leaf_count=53 5 22 145 303 41 2 17 174 3 47 3 63 12 1167
internal_value=-0.00024831 -0.00856503 0.0110537 0.0197462 -0.0128756 -0.0328843 0.0277045 -0.00587091 -0.0410801 0.0102172 0.0222409 0.0393904 0.0465005 -0.050196
internal_weight=1.60287 1.23533 0.683742 0.598739 0.225036 0.551584 0.367543 0.13191 0.480191 0.0724569 0.0713927 0.373703 0.235633 0.407734
internal_count=2057 1849 574 429 344 1275 208 179 1219 49 56 85 29 1170
is_linear=0
shrinkage=0.05


Tree=147
num_leaves=15
num_cat=0
split_feature=9 9 10 19 19 25 16 10 15 6 19 1 10 19
split_gain=0.143275 0.182386 0.10084 0.138497 0.100515 0.128303 0.130653 0.113612 0.0975938 0.0632605 0.0472908 0.094682 0.00193288 8.88182e-07
threshold=-3.0465246438980098 1.0914775729179385 -0.51062932610511769 0.31824570894241339 0.75730013847351085 -1.0720849633216856 -0.7031697928905486 0.61332640051841747 2.3722939491271977 1.2203742861747744 0.81991994380950939 0.21701167523860934 -1.1454834938049314 -1.8523374199867246
decision_type=2 2 2 2 2 2 2 2 2 2 2 2 2 2
left_child=-1 4 10 13 5 6 -2 8 -6 -5 12 -12 -3 -4
right_child=1 2 3 9 7 -7 -8 -9 -10 -11 11 -13 -14 -15
leaf_value=0.038038299345496997 0.050054057522567523 0.050034557525319961 -0.050528080716439244 -0.050122488810864355 -0.05008889277603229 -0.050064096655172113 -0.050324895622214219 0.04422704587322529 0.039147488298129966 0.041433516871836842 0.050027416485174274 -0.050294485593197671 0.040749541230392559 -0.050154799167190345
leaf_weight=0.21075234375894081 0.075871553272008896 0.12621321715414524 0.019275482976809144 0.022823900901130401 0.10594207477697637 0.37561949294467911 0.056600647440063656 0.10188613129139412 0.043105774384457618 0.10882182273780927 0.05109003372490406 0.043580967438174412 0.10082729902933352 0.091969571978552267
leaf_count=18 5 11 8 37 297 1372 66 8 11 12 5 45 12 150
internal_value=-0.000251651 -0.0063483 0.0151716 -0.00914727 -0.0223559 -0.0351429 0.00716571 0.00353513 -0.0242811 0.0255601 0.0335322 0.00384511 0.0459111 -0.0502195
internal_weight=1.53438 1.32363 0.564602 0.242891 0.759026 0.508092 0.132472 0.250934 0.149048 0.131646 0.321712 0.094671 0.227041 0.111245
internal_count=2057 2039 280 207 1759 1443 71 316 308 49 73 50 23 158
is_linear=0
shrinkage=0.05


Tree=148
num_leaves=11
num_cat=0
split_feature=6 9 11 29 2 8 15 5 6 9
split_gain=0.136766 0.149652 0.16039 0.171452 0.302567 0.204001 0.130594 0.00449026 0.0028036 4.69201e-06
threshold=-3.1358284950256343 2.8340228796005253 -0.13637905567884442 -0.39706154167652125 -0.23077618330717084 0.186514787375927 -2.116277694702148 -0.10682081058621405 9.1088981628417987 -3.0465246438980098
decision_type=2 2 2 2 2 2 2 2 2 2
left_child=-1 2 6 5 -5 -4 7 -2 -3 -8
right_child=1 8 3 4 -6 -7 9 -9 -10 -11
leaf_value=0.044244534118643028 0.020793063912661246 0.035645278674364601 0.050032340093047148 -0.045050121489694998 0.042697152351980884 -0.05017154288013484 -0.050943291732858387 0.050034308474997208 0.050030740535220886 -0.050117974227063516
leaf_weight=0.15449788002297293 0.027414541633334011 0.059804109230753855 0.064780584536492603 0.13407242903485894 0.36759854285628557 0.23523614562873263 0.018254274968057871 0.025193789042532444 0.078101429622620344 0.30421684571047058
leaf_count=18 18 17 6 343 91 658 2 2 7 895
internal_value=-0.000256464 -0.00548614 -0.0112611 0.00136511 0.0192465 -0.0285352 -0.0382481 0.0347965 0.0437923 -0.0501647
internal_weight=1.46917 1.31467 1.17677 0.801688 0.501671 0.300017 0.375079 0.0526083 0.137906 0.322471
internal_count=2057 2039 2015 1098 434 664 917 20 24 897
is_linear=0
shrinkage=0.05


Tree=149
num_leaves=15
num_cat=0
split_feature=22 24 22 29 21 21 28 13 16 4 4 25 22 0
split_gain=0.130441 0.207142 0.127611 0.112313 0.0865432 0.0802757 0.115046 0.0779069 0.0739691 0.0617156 0.060913 0.0535035 0.0503576 0.0445643
threshold=1.4254828691482546 0.45652259886264807 -0.47045595943927759 1.829769551753998 -1.7913272380828855 -0.55982571840286244 0.80782347917556774 -1.0879352092742918 -0.51080608367919911 1.5883412361145022 -0.72167789936065663 -0.10126814246177672 0.98053875565528881 6.7847740650177011
decision_type=2 2 2 2 2 2 2 2 2 2 2 2 2 2
left_child=1 4 8 13 12 -2 -7 10 11 -10 -6 -3 -1 -4
right_child=5 2 3 -5 7 6 -8 -9 9 -11 -12 -13 -14 -15
leaf_value=-0.05005108532323882 0.046437643834322917 0.050052409829306588 -0.050083351155921767 0.039137500773022652 0.050052914064600468 -0.05010622550608386 0.050027724808005873 -0.050178641195650089 -0.050152333470562221 0.050029992574817918 -0.0501189665457073 0.0027243412361683513 0.050040967304844114 0.050031677266838916
leaf_weight=0.017453015447244868 0.20588153327116743 0.23955912329256535 0.14315945983980782 0.05819743376923725 0.037979588843882084 0.06446421156579174 0.051680782809853554 0.35702797889825888 0.04825067961064633 0.0225606644526124 0.025275846215663367 0.07954295544186607 0.044880107045173645 0.012051201425492764
leaf_count=53 22 18 406 10 2 181 5 1170 107 2 47 30 3 1
internal_value=-0.000259838 -0.00854737 0.0109838 -0.0200989 -0.0329634 0.0276874 -0.00554984 -0.0411175 0.0279961 -0.018234 0.0100259 0.0382549 0.0220156 -0.04231
internal_weight=1.40796 1.08594 0.603322 0.213408 0.482617 0.322027 0.116145 0.420283 0.389913 0.0708113 0.0632554 0.319102 0.0623331 0.155211
internal_count=2057 1849 574 417 1275 208 186 1219 157 109 49 48 56 407
is_linear=0
shrinkage=0.05


Tree=150
num_leaves=9
num_cat=0
split_feature=12 27 26 2 2 0 29 21
split_gain=0.125019 0.158756 0.135358 0.349954 0.113583 0.0970268 0.0607425 0.0243759
threshold=-3.1070054769515987 -3.1805095672607417 -0.13975612074136731 -0.23077618330717084 -0.012817568611353634 6.7847740650177011 -0.04812540486454963 8.3215551376342791
decision_type=2 2 2 2 2 2 2 2
left_child=-1 -2 4 5 -3 -4 -5 -6
right_child=1 2 3 6 7 -7 -8 -9
leaf_value=0.042313355289676509 0.042366496124493593 0.044738465553135244 -0.046981826268421956 -0.0054262613258608027 -0.050165437403395331 0.050037350733800445 0.043218145222900892 0.050016277598731999
leaf_weight=0.15285018140275508 0.15007432596757997 0.036839136970229447 0.29187483781424794 0.081981614828691818 0.30221585605613632 0.028265770524740219 0.29546475881215906 0.0061963829211890689
leaf_count=18 18 9 885 128 912 2 84 1
internal_value=-0.000260744 -0.00571585 -0.0126353 3.74384e-05 -0.038241 -0.0384158 0.0326525 -0.0481527
internal_weight=1.34576 1.19291 1.04284 0.697587 0.345251 0.320141 0.377446 0.308412
internal_count=2057 2039 2021 1099 922 887 212 913
is_linear=0
shrinkage=0.05


Tree=151
num_leaves=15
num_cat=0
split_feature=3 3 4 3 1 8 26 24 7 3 6 6 4 9
split_gain=0.120724 0.131369 0.154111 0.100142 0.099392 0.0764994 0.133229 0.0747599 0.0355021 0.0554924 0.035023 0.0314499 0.000437638 4.42496e-06
threshold=-2.8823068141937251 0.42806129157543188 0.3838916569948197 -0.42623823881149286 -0.98079925775527943 -0.035511914640665047 -0.13975612074136731 -7.0273187160491934 -0.65032297372817982 3.5520700216293339 -0.60820904374122609 9.1088981628417987 -1.2245361804962156 -3.0465246438980098
decision_type=2 2 2 2 2 2 2 2 2 2 2 2 2 2
left_child=-1 2 7 10 8 11 -7 -2 12 -10 -4 -6 -3 -9
right_child=1 4 3 -5 5 6 -8 13 9 -11 -12 -13 -14 -15
leaf_value=0.04334911608723279 0.050028747049709235 0.050032906491015716 0.045342537323420161 -0.050070006463064802 -0.050104968286797183 -0.050151751481043665 0.031257716683284198 -0.050811485258779487 -0.050259167208856648 0.050025334283766945 -0.00080315698326662369 0.050022470390108667 0.045004017277086979 -0.050095748774368801
leaf_weight=0.14134865783853467 0.019784131553023943 0.094089601188898087 0.10650394008553121 0.054684395385265816 0.094717594307439867 0.068922088452382013 0.18556365117547102 0.023304547183215507 0.026613357200403698 0.028638932853937149 0.066974777364521287 0.0085504455491900444 0.08008586976211518 0.29429202339815674
leaf_count=18 2 9 22 211 279 223 92 3 29 3 84 1 12 1069
internal_value=-0.000262728 -0.00561047 -0.0228096 0.00892922 0.0109549 -0.00551881 0.00920968 -0.0442739 0.0366428 0.00172132 0.0275271 -0.0418146 0.0477206 -0.0501483
internal_weight=1.29407 1.15273 0.565544 0.228163 0.587182 0.357754 0.254486 0.337381 0.229428 0.0552523 0.173479 0.103268 0.174175 0.317597
internal_count=2057 2039 1391 317 648 595 315 1074 53 32 106 280 21 1072
is_linear=0
shrinkage=0.05


Tree=152
num_leaves=14
num_cat=0
split_feature=6 3 0 27 1 21 19 4 7 3 16 6 6
split_gain=0.115008 0.124441 0.14985 0.100689 0.0960911 0.0788568 0.123644 0.0464459 0.0359014 0.0549782 0.0335633 0.0351122 0.00242255
threshold=-3.1358284950256343 0.42806129157543188 -1.878970682621002 -8.4545369148254377 -0.88254177570343006 -1.3054249882698057 -0.85862097144126881 2.0547277927398686 -0.58631446957588185 3.5520700216293339 0.41287624835968023 -1.5434052944183347 1.0588184595108034
decision_type=2 2 2 2 2 2 2 2 2 2 2 2 2
left_child=-1 2 10 -4 8 -6 -7 -5 12 -10 11 -2 -3
right_child=1 4 3 7 5 6 -8 -9 9 -11 -12 -13 -14
leaf_value=0.043905426369446367 0.047810038245800011 0.037869607514659287 0.050030260591446288 -0.045644692164521737 0.036343680865254968 0.022123069334381018 -0.050087173083693259 0.040097573449208501 -0.050229849982929044 0.050024099380723219 0.050038226459141182 -0.0502110876967857 0.050027278869257931
leaf_weight=0.13174231105949741 0.015926967957057059 0.06216003157896921 0.031924719922244438 0.39090709522133693 0.080492610984947532 0.10000351720373146 0.14557680418511154 0.016459201768157072 0.027457975113065913 0.027242851443588734 0.071671946905553341 0.021427148254588135 0.12022087257355452
leaf_count=18 3 14 3 1340 8 30 539 3 40 3 6 37 13
internal_value=-0.000266559 -0.00550225 -0.0224573 -0.0354791 0.0110061 -0.00660511 -0.0206822 -0.0421804 0.0352279 -0.000300011 0.0300105 -0.00841705 0.0458836
internal_weight=1.24321 1.11147 0.548317 0.439291 0.563155 0.326073 0.24558 0.407366 0.237082 0.0547008 0.109026 0.0373541 0.182381
internal_count=2057 2039 1392 1346 647 577 569 1343 70 43 46 40 27
is_linear=0
shrinkage=0.05


Tree=153
num_leaves=15
num_cat=0
split_feature=22 24 25 16 7 21 13 6 13 4 22 20 16 9
split_gain=0.108857 0.17851 0.10782 0.111709 0.112423 0.0737508 0.0696224 0.0960219 0.0644378 0.0510837 0.0425491 0.0249174 0.00199772 3.06862e-06
threshold=1.4254828691482546 0.45652259886264807 1.2068096995353701 -0.47400839626789087 0.46252660453319555 -1.7913272380828855 -0.65903353691101063 -1.4588745832443235 -1.0879352092742918 -0.72167789936065663 0.98053875565528881 -0.91064953804016102 0.87823575735092174 -3.0465246438980098
decision_type=2 2 2 2 2 2 2 2 2 2 2 2 2 2
left_child=1 5 3 11 -5 10 7 -2 9 -7 -1 -3 -8 -10
right_child=6 2 -4 4 -6 8 12 -9 13 -11 -12 -13 -14 -15
leaf_value=-0.05004473713575025 0.05002289493346429 -0.011429666130383638 -0.050130717837853847 -0.050098613304984087 0.031936432378490448 0.050044066198913432 0.038599745453591558 -0.050107047285096719 -0.050736957553220691 -0.050102027298438302 0.050034545666473501 0.043342917842221197 0.050031036198592484 -0.050113543563861877
leaf_weight=0.014738807170942891 0.042493368498980999 0.022569626322365366 0.062942090356955305 0.091158599003392737 0.07707482625846751 0.031562448479235172 0.056365213749813847 0.054847331790369935 0.021223940886557102 0.021345381617720705 0.038008389063179493 0.25958009096211754 0.11871841223910451 0.28217572080757236
leaf_count=53 5 22 145 303 41 2 17 174 3 47 3 63 12 1167
internal_value=-0.000266599 -0.00846856 0.0111669 0.0197334 -0.0125149 -0.0331092 0.0275038 -0.00639606 -0.0412778 0.00964066 0.02207 0.0389616 0.0463509 -0.0501572
internal_weight=1.1948 0.92238 0.513325 0.450383 0.168233 0.409055 0.272424 0.0973407 0.356307 0.0529078 0.0527472 0.28215 0.175084 0.3034
internal_count=2057 1849 574 429 344 1275 208 179 1219 49 56 85 29 1170
is_linear=0
shrinkage=0.05


Tree=154
num_leaves=15
num_cat=0
split_feature=9 9 10 19 19 25 16 6 1 6 19 1 10 19
split_gain=0.104893 0.132577 0.0754319 0.102006 0.0753424 0.0946077 0.0961919 0.0845877 0.0710801 0.0470703 0.0354963 0.0696931 0.00164482 3.92298e-07
threshold=-3.0465246438980098 1.0914775729179385 -0.51062932610511769 0.31824570894241339 0.75730013847351085 -1.0720849633216856 -0.7031697928905486 -1.4588745832443235 0.16510739922523501 1.2203742861747744 0.81991994380950939 0.21701167523860934 -1.1454834938049314 -1.8523374199867246
decision_type=2 2 2 2 2 2 2 2 2 2 2 2 2 2
left_child=-1 4 10 13 5 6 -2 -6 -9 -5 12 -12 -3 -4
right_child=1 2 3 9 7 -7 -8 8 -10 -11 11 -13 -14 -15
leaf_value=0.037296215502058097 0.050039994470471139 0.050025621548896129 -0.050402508498732838 -0.050096645376055307 0.047833404422441619 -0.050049303600621708 -0.050250538913059098 0.031303323086331651 -0.05009552137059034 0.04085162124968738 0.05001998068909537 -0.05022078631140079 0.040136612256958193 -0.050116957320722237
leaf_weight=0.15985685121268034 0.055914441589266062 0.093585535883903503 0.014577898480638396 0.017238008687854744 0.06863672850158764 0.27787362369417679 0.041769286246562842 0.041017273062607273 0.077481861124397255 0.081433526909677312 0.037125768139958382 0.032535423510125838 0.076355921773938462 0.068760295282118022
leaf_count=18 5 11 8 37 13 1372 66 33 270 12 5 45 12 150
internal_value=-0.000270033 -0.00637101 0.0148281 -0.00943738 -0.022255 -0.03517 0.00715605 0.00366371 -0.0219201 0.0249629 0.033261 0.00320229 0.0455824 -0.0501669
internal_weight=1.14416 0.984306 0.421612 0.18201 0.562693 0.375557 0.0976837 0.187136 0.118499 0.0986715 0.239603 0.0696612 0.169941 0.0833382
internal_count=2057 2039 280 207 1759 1443 71 316 303 49 73 50 23 158
is_linear=0
shrinkage=0.05


Tree=155
num_leaves=15
num_cat=0
split_feature=6 3 0 24 1 21 6 7 16 4 12 0 4 3
split_gain=0.10057 0.117589 0.103182 0.0841693 0.084139 0.0988022 0.078378 0.0621956 0.0566014 0.0529755 0.0347936 0.0243353 0.0104031 0.00746107
threshold=-2.6746118068695064 0.42806129157543188 -1.020766496658325 -2.2717951536178584 -0.27965706586837763 -1.2346920967102049 -0.060228044167160981 -0.54434645175933827 0.41287624835968023 2.0547277927398686 -6.0321006774902335 6.7847740650177011 1.9687705636024477 -1.900897681713104
decision_type=2 2 2 2 2 2 2 2 2 2 2 2 2 2
left_child=12 2 8 13 6 -6 11 -8 9 -2 -7 -3 -1 -4
right_child=1 4 3 -5 5 10 7 -9 -10 -11 -12 -13 -14 -15
leaf_value=0.021511398024652892 -0.05010234319379972 -0.050076694827216731 0.050044165966426447 -0.050123392786798476 0.034526516650670656 0.050024721340392299 0.048346757694296909 -0.014689680629812869 0.042349098968789321 0.04670824581422986 -0.050096046916749605 0.05001898301073017 0.050024946816790976 0.0079260627952596179
leaf_weight=0.050359501619823277 0.047461540510994382 0.038044255605200306 0.016793593764305115 0.27641818956180941 0.063808567123487592 0.0094069028273224831 0.21860642917454243 0.047662085336924065 0.072390751156490296 0.020121834735618904 0.11190013892337447 0.0072254361584782592 0.087690822314471006 0.028123833806603216
leaf_count=17 158 112 1 1169 6 1 27 88 31 5 412 1 10 19
internal_value=-0.000274712 -0.00602436 -0.0242008 -0.0398079 0.0108586 -0.0158392 0.0267224 0.0370632 0.0116279 -0.0212786 -0.0423321 -0.0341006 0.0396235 0.0236731
internal_weight=1.09601 0.957964 0.46131 0.321336 0.496654 0.185116 0.311538 0.266269 0.139974 0.0675834 0.121307 0.0452697 0.13805 0.0449174
internal_count=2057 2030 1383 1189 647 419 228 115 194 163 413 113 27 20
is_linear=0
shrinkage=0.05


Tree=156
num_leaves=12
num_cat=0
split_feature=3 11 29 2 8 0 17 25 29 6 9
split_gain=0.0966037 0.104251 0.131709 0.181107 0.157557 0.0963394 0.0737823 0.0569006 0.0287345 0.0212665 4.70493e-07
threshold=-2.8823068141937251 -0.13637905567884442 -0.39706154167652125 -0.23077618330717084 0.186514787375927 3.2807285785675053 0.61074683070182811 -2.1667038202285762 -0.04812540486454963 9.1088981628417987 -3.0465246438980098
decision_type=2 2 2 2 2 2 2 2 2 2 2
left_child=-1 5 4 6 -3 7 -4 -2 -5 -9 -6
right_child=1 2 3 8 10 -7 -8 9 -10 -11 -12
leaf_value=0.042981391336324115 0.028960906950379502 0.050022178449269677 0.050021348776219748 0.0056145339151011109 -0.050569943974041964 0.045519725712852455 -0.050093962564755859 -0.050127397125630468 0.04923706156576891 0.050014246877997159 -0.050108341890702582
leaf_weight=0.11495572997955605 0.026788930801558308 0.051806865725666285 0.022881966084241867 0.044253233048948459 0.0057219057343900195 0.037408737553050742 0.094019691074208822 0.23475699003029149 0.25690219283569604 0.0054240999743342391 0.15662137448816793
leaf_count=18 19 7 3 66 1 8 347 899 29 1 659
internal_value=-0.000276179 -0.00558557 0.00598923 0.0223231 -0.0258973 -0.0296269 -0.0304977 -0.0401567 0.042827 -0.0478659 -0.0501246
internal_weight=1.05154 0.936586 0.632207 0.418057 0.21415 0.304379 0.116902 0.26697 0.301155 0.240181 0.162343
internal_count=2057 2039 1112 445 667 927 350 919 95 900 660
is_linear=0
shrinkage=0.05


Tree=157
num_leaves=14
num_cat=0
split_feature=24 24 26 2 26 25 18 10 0 16 7 9 21
split_gain=0.091578 0.143085 0.0919615 0.192589 0.0622759 0.0570019 0.0881364 0.068858 0.0427309 0.00889195 0.0183654 7.72766e-07 5.44809e-07
threshold=-2.9934116601943965 1.0270575284957888 -0.13975612074136731 -0.23077618330717084 0.15075888484716418 -1.0117398500442503 1.4601990580558779 2.5559533834457402 6.7847740650177011 -0.53704047203063954 1.5203498601913454 -3.0465246438980098 -1.0028010308742521
decision_type=2 2 2 2 2 2 2 2 2 2 2 2 2
left_child=-1 2 11 8 -5 9 7 -7 -4 -3 -11 -2 -13
right_child=1 5 3 4 -6 6 -8 -9 -10 10 -12 12 -14
leaf_value=0.042711409694093698 -0.050543311265434966 0.050024578396346886 -0.050109409887454763 -0.034684305419363376 0.041089580103921115 -0.050101630436571912 0.044923905871777095 0.043178942571100477 0.050029871490720239 -0.0069378974978971221 0.050036280888195298 -0.050248314207867906 -0.0500527835304065
leaf_weight=0.11029312084428966 0.01092048641294241 0.105023134034127 0.16986875043949112 0.032717201887862757 0.15837749277125113 0.08230490955611458 0.06805630843155086 0.026044253674626816 0.011365808546543121 0.024768167990259826 0.032976046670228243 0.050223782433022279 0.1225593265844509
leaf_count=18 2 13 754 127 52 254 16 10 1 24 3 107 676
internal_value=-0.000278045 -0.00557453 -0.0211868 -0.00690384 0.0281164 0.0200199 0.000330536 -0.0276795 -0.0438293 0.041359 0.0255984 -0.0501354 -0.0501096
internal_weight=1.0055 0.895206 0.556033 0.372329 0.191095 0.339173 0.176405 0.108349 0.181235 0.162767 0.0577442 0.183704 0.172783
internal_count=2057 2039 1719 934 179 320 280 264 755 40 27 785 783
is_linear=0
shrinkage=0.05


Tree=158
num_leaves=15
num_cat=0
split_feature=27 24 22 13 25 12 19 10 13 0 9 25 9 6
split_gain=0.0881756 0.11559 0.11901 0.0905636 0.0890902 0.108361 0.0634378 0.0934487 0.0347494 0.0295034 0.00857498 0.00114586 1.91893e-06 2.10815e-07
threshold=-2.7433891296386714 0.45652259886264807 0.98053875565528881 -0.30208486318588251 -0.095612633973360048 -2.1553618907928462 -0.28926394879817957 1.0463818907737734 -1.3561531901359556 6.7847740650177011 -0.40772849321365351 -0.96524471044540394 -3.0465246438980098 3.0586035251617436
decision_type=2 2 2 2 2 2 2 2 2 2 2 2 2 2
left_child=10 2 8 13 6 -6 11 -8 -2 -7 -1 -3 -10 -4
right_child=1 4 3 -5 5 9 7 -9 12 -11 -12 -13 -14 -15
leaf_value=0.020031444601621096 0.011510855436568599 0.050023271140117342 -0.050047290421455518 0.046463052236125603 0.04741809970585098 -0.050081321302768059 -0.036516819981229867 0.049680844469171037 -0.050625567086161762 0.050020702242762241 0.049314934433981869 0.041194768100586525 -0.050090376771577606 -0.050422325553553117
leaf_weight=0.036088346212636679 0.025227703154087067 0.11620951583608985 0.030873010044160765 0.078626104506838601 0.04513454856351018 0.11184169751504669 0.072930286085465923 0.055273056990699843 0.01808987557888031 0.0078793950378894806 0.081357808492612094 0.053753979293105658 0.22592063285264885 0.0042647384107112876
leaf_count=15 11 16 150 19 8 394 210 5 3 1 12 17 1195 1
internal_value=-0.000280455 -0.00591622 -0.026237 0.0166403 0.0108926 -0.0186033 0.0272009 0.000646083 -0.0443543 -0.0434931 0.0403168 0.0472311 -0.0501301 -0.0500928
internal_weight=0.963471 0.846025 0.383002 0.113764 0.463022 0.164856 0.298167 0.128203 0.269238 0.119721 0.117446 0.169963 0.244011 0.0351377
internal_count=2057 2030 1379 170 651 403 248 215 1209 395 27 33 1198 151
is_linear=0
shrinkage=0.05


Tree=159
num_leaves=15
num_cat=0
split_feature=22 24 22 26 21 13 6 13 16 4 4 21 22 0
split_gain=0.0840498 0.135888 0.0817511 0.0758677 0.0558127 0.0516178 0.0735737 0.0512416 0.0485697 0.0408268 0.0403019 0.035327 0.0323333 0.0278025
threshold=1.4254828691482546 0.45652259886264807 -0.47045595943927759 1.5881959199905398 -1.7913272380828855 -0.65903353691101063 -1.4588745832443235 -1.0879352092742918 -0.51080608367919911 1.5883412361145022 -0.72167789936065663 -0.069841735064983354 0.98053875565528881 6.7847740650177011
decision_type=2 2 2 2 2 2 2 2 2 2 2 2 2 2
left_child=1 4 8 13 12 6 -2 10 11 -10 -6 -3 -1 -4
right_child=5 2 3 -5 7 -7 -8 -9 9 -11 -12 -13 -14 -15
leaf_value=-0.050035231595489053 0.050017695817893927 -9.7352859014381504e-05 -0.050059191634924539 0.038840000492911489 0.050034633946326283 0.046008241184524956 -0.05008023123403868 -0.050128863102769455 -0.050105697754109252 0.050019792042953218 -0.050088747952017856 0.049082182930429569 0.050026365849716696 0.050019694397614403
leaf_weight=0.011196423423825763 0.032888193149119616 0.047072695568203926 0.093620107203605585 0.039818512756028213 0.025100895203649998 0.13495861967385281 0.041549431953171734 0.23345540680020349 0.031973019962606486 0.014937737956643105 0.016762557599577121 0.16281782812438905 0.028943717945367098 0.0074952598661184302
leaf_count=53 5 28 397 19 2 29 174 1170 107 2 47 20 3 1
internal_value=-0.000280177 -0.00845756 0.0109795 -0.0196197 -0.0329641 0.0275716 -0.00585475 -0.0409945 0.0277725 -0.0182229 0.0099442 0.0380526 0.0221159 -0.0426408
internal_weight=0.92259 0.713194 0.397735 0.140934 0.315459 0.209396 0.0744376 0.275319 0.256801 0.0469108 0.0418635 0.209891 0.0401401 0.101115
internal_count=2057 1849 574 417 1275 208 179 1219 157 109 49 48 56 398
is_linear=0
shrinkage=0.05


Tree=160
num_leaves=11
num_cat=0
split_feature=6 9 11 29 2 8 15 5 22 9
split_gain=0.0805567 0.0864815 0.0951734 0.0989963 0.174277 0.122113 0.0762474 0.00287043 0.00194019 1.24411e-06
threshold=-3.1358284950256343 2.8340228796005253 -0.13637905567884442 -0.39706154167652125 -0.23077618330717084 0.186514787375927 -2.116277694702148 -0.10682081058621405 1.4765831232070925 -3.0465246438980098
decision_type=2 2 2 2 2 2 2 2 2 2
left_child=-1 2 6 5 -5 -4 7 -2 -3 -8
right_child=1 8 3 4 -6 -7 9 -9 -10 -11
leaf_value=0.043283084550695509 0.019703611114676708 0.034435264844032663 0.050019583306297868 -0.044841046139748236 0.041099102643781554 -0.050112145800354647 -0.050605756521806801 0.050020299826822906 0.050018882159620914 -0.050073585031066209
leaf_weight=0.094719731132499874 0.016475719370646402 0.035181251427275129 0.03893904690630734 0.079920324991689995 0.22526789062249009 0.13963089101162041 0.011699561029672623 0.014840499497950077 0.046204444952309132 0.17914578217460075
leaf_count=18 18 17 6 343 91 658 2 2 7 895
internal_value=-0.000281328 -0.00552251 -0.0111492 0.00129219 0.0185938 -0.0282774 -0.0382405 0.0340704 0.0432824 -0.0501062
internal_weight=0.882025 0.787305 0.70592 0.483758 0.305188 0.17857 0.222162 0.0313162 0.0813857 0.190845
internal_count=2057 2039 2015 1098 434 664 917 20 24 897
is_linear=0
shrinkage=0.05


Tree=161
num_leaves=15
num_cat=0
split_feature=9 9 19 25 16 10 10 19 15 19 1 10 10 19
split_gain=0.0770355 0.0957769 0.0564018 0.0688979 0.0710913 0.0609428 0.0546783 0.0752185 0.0534323 0.0263904 0.0512242 0.024906 0.00131957 1.72151e-07
threshold=-3.0465246438980098 1.0914775729179385 0.75730013847351085 -1.0720849633216856 -0.7031697928905486 0.61332640051841747 -0.51062932610511769 0.31824570894241339 2.3722939491271977 0.81991994380950939 0.21701167523860934 0.67908677458763134 -1.1454834938049314 -1.8523374199867246
decision_type=2 2 2 2 2 2 2 2 2 2 2 2 2 2
left_child=-1 2 3 4 -2 8 9 13 -4 12 -11 -9 -3 -8
right_child=1 6 5 -5 -6 -7 7 11 -10 10 -12 -13 -14 -15
leaf_value=0.036899056101970584 0.05002929955881294 0.050018635061315576 -0.050052476906262688 -0.050038370031964 -0.050194749299036251 0.043348914464375263 -0.050306319194145271 -0.012386343959043783 0.038226307963939589 0.050014538921261731 -0.05016210831678114 0.047691758703553917 0.039697910122729586 -0.050087590974437761
leaf_weight=0.11960045993328094 0.0410300656221807 0.068079156335443258 0.057685003375809174 0.20408459109603427 0.031108363204111811 0.057376088196178898 0.010940506581391674 0.027823370706755668 0.024387374702200759 0.027017725165933371 0.024182940425816923 0.045398746151477098 0.056818746103090234 0.050608141427801456
leaf_count=18 5 11 297 1372 66 8 8 42 11 5 45 7 12 150
internal_value=-0.000285071 -0.00640618 -0.0221056 -0.035192 0.00680953 0.00381613 0.0145859 -0.00938408 -0.0238209 0.0329306 0.00269941 0.0248629 0.0453235 -0.0501265
internal_weight=0.846141 0.726541 0.415671 0.276223 0.0721384 0.139448 0.310869 0.134771 0.0820724 0.176099 0.0512007 0.0732221 0.124898 0.0615486
internal_count=2057 2039 1759 1443 71 316 280 207 308 73 50 49 23 158
is_linear=0
shrinkage=0.05


Tree=162
num_leaves=15
num_cat=0
split_feature=3 3 4 3 1 8 26 24 6 7 3 6 24 9
split_gain=0.0741001 0.080302 0.0954851 0.0621405 0.0609901 0.0480029 0.0815818 0.047585 0.0216694 0.0213685 0.0352268 0.0187837 0.000323952 1.46191e-06
threshold=-2.8823068141937251 0.42806129157543188 0.3838916569948197 -0.42623823881149286 -0.98079925775527943 -0.035511914640665047 -0.13975612074136731 -7.0273187160491934 -0.60820904374122609 -0.65032297372817982 3.5520700216293339 9.1088981628417987 0.7857879400253297 -3.0465246438980098
decision_type=2 2 2 2 2 2 2 2 2 2 2 2 2 2
left_child=-1 2 7 8 9 11 -7 -2 -4 12 -11 -6 -3 -9
right_child=1 4 3 -5 5 6 -8 13 -10 10 -12 -13 -14 -15
leaf_value=0.042584722976505035 0.050018684343394064 0.044515175855175892 0.045057756178637082 -0.050050458040979212 -0.050069957392695742 -0.050109026318051787 0.030426374111621066 -0.050558022296539051 -0.00056332318131623114 -0.050160597263675624 0.0500164292948172 0.050013374733135468 0.050017535862713541 -0.050061992731937788
leaf_weight=0.089646088425070047 0.012625758536159992 0.050631887337658554 0.0665577804466011 0.034151276609918568 0.058884566358756274 0.042788657003256958 0.11862013865902554 0.016178830061107874 0.04274549099500291 0.016684866044670343 0.01851246040314436 0.0050936527550220481 0.05671241763047874 0.18140839253828744
leaf_count=18 2 11 22 211 279 223 92 3 84 29 3 1 10 1069
internal_value=-0.000288431 -0.00561469 -0.0226273 0.00882215 0.0107385 -0.00545069 0.00907685 -0.0440891 0.0272166 0.0363368 0.00252872 -0.0421018 0.0474222 -0.0501026
internal_weight=0.811242 0.721596 0.353668 0.143455 0.367929 0.225387 0.161409 0.210213 0.109303 0.142542 0.0351973 0.0639782 0.107344 0.197587
internal_count=2057 2039 1391 317 648 595 315 1074 106 53 32 280 21 1072
is_linear=0
shrinkage=0.05


Tree=163
num_leaves=14
num_cat=0
split_feature=27 22 13 19 16 15 0 18 4 7 9 9 15
split_gain=0.0707005 0.101713 0.173767 0.101719 0.0822156 0.104828 0.0802877 0.0223352 0.000708161 0.00116495 6.73487e-07 4.52047e-07 1.27219e-07
threshold=3.3460450172424321 0.87612155079841625 -0.65903353691101063 -0.096659030765295015 0.23158194124698642 1.6736964583396914 -2.9199771881103511 0.41352799534797674 1.4954246878623965 0.68231552839279186 -1.5782513618469236 -3.0465246438980098 1.6407057046890261
decision_type=2 2 2 2 2 2 2 2 2 2 2 2 2
left_child=1 2 3 7 5 12 -4 -1 -6 -10 -5 -8 -3
right_child=-2 4 6 10 8 -7 11 -9 9 -11 -12 -13 -14
leaf_value=-0.0052665822001496908 0.04700221569572726 -0.050053470559884322 0.048981979562051331 -0.050655241924736187 0.050022264706385072 0.048554254476757562 -0.050438063158128536 0.049908847229368725 0.029466259379893361 0.050013865570371831 -0.050100213638624297 -0.050074501113133621 -0.050358055715668815
leaf_weight=0.021856366547581274 0.071749927024939097 0.063166625317535363 0.022141375884530134 0.0065561155788600436 0.1026366357691586 0.045160677866078913 0.0088418242521584034 0.11405905840365449 0.012227426275785547 0.015826459042727947 0.032859408616786823 0.25906123915046919 0.0036249926779419175
leaf_count=62 15 292 3 1 14 9 2 17 23 3 136 1479 1
internal_value=-0.000292225 -0.005085 -0.0187692 0.0205274 0.0211605 -0.0102858 -0.0425238 0.0410362 0.048098 0.0410581 -0.0501925 -0.0500865 -0.05007
internal_weight=0.779768 0.708018 0.465375 0.175331 0.242643 0.111952 0.290044 0.135915 0.130691 0.0280539 0.0394155 0.267903 0.0667916
internal_count=2057 2042 1700 216 342 302 1484 79 40 26 137 1481 293
is_linear=0
shrinkage=0.05


Tree=164
num_leaves=10
num_cat=0
split_feature=12 27 26 2 2 0 29 21 9
split_gain=0.0672894 0.0828266 0.075375 0.18353 0.0622428 0.0489778 0.041339 0.0123125 0.00695561
threshold=-6.0321006774902335 -2.7433891296386714 -0.13975612074136731 -0.23077618330717084 -0.012817568611353634 6.7847740650177011 -0.04812540486454963 8.3215551376342791 -0.40772849321365351
decision_type=2 2 2 2 2 2 2 2 2
left_child=-1 8 4 5 -3 -4 -5 -6 -2
right_child=1 2 3 6 7 -7 -8 -9 -10
leaf_value=0.050019075211663544 0.019391817612055075 0.044480659529122682 -0.043862568311470118 -0.0090540121131313968 -0.050099827877830329 0.050020066903221388 0.042807130925476472 0.05000822114193524 0.049178202276283021
leaf_weight=0.061007665004581213 0.02868403225147631 0.020349400721897837 0.17053670724271797 0.049500653338327538 0.16187817980971886 0.015124144498258829 0.17173644332069671 0.0031308822799473992 0.061882330803200603
leaf_count=9 15 9 888 128 908 2 85 1 12
internal_value=-0.000292543 -0.0047877 -0.0115974 0.000441628 -0.0380255 -0.0362148 0.0312035 -0.0482004 0.0397443
internal_weight=0.74383 0.682823 0.592256 0.406898 0.185358 0.185661 0.221237 0.165009 0.0905664
internal_count=2057 2048 2021 1103 918 890 213 909 27
is_linear=0
shrinkage=0.05


Tree=165
num_leaves=15
num_cat=0
split_feature=6 3 0 1 24 21 19 16 4 7 3 4 10 22
split_gain=0.0652122 0.0764966 0.0668977 0.0544599 0.0538502 0.0440154 0.0704771 0.0366103 0.0345856 0.019758 0.0317517 0.00727376 0.00514516 0.00204778
threshold=-2.6746118068695064 0.42806129157543188 -1.020766496658325 -0.88254177570343006 -2.2717951536178584 -1.3054249882698057 -0.85862097144126881 0.41287624835968023 2.0547277927398686 -0.58631446957588185 3.5520700216293339 1.9687705636024477 -0.64266356825828541 0.95190724730491649
decision_type=2 2 2 2 2 2 2 2 2 2 2 2 2 2
left_child=11 2 7 9 12 -5 -7 8 -2 -3 -11 -1 -4 -9
right_child=1 3 4 5 -6 6 -8 13 -10 10 -12 -13 -14 -15
leaf_value=0.020805811526861284 -0.050074501909356833 0.045584808848429123 0.050016097412662476 0.035414150039959194 -0.05008514473249881 0.021848290895784286 -0.050053111382225728 0.028250776695681136 0.046564276196597934 -0.050130027676298053 0.050014204782003691 0.050016335082877186 0.0067930095141592386 0.049748485899905083
leaf_weight=0.033888570906128734 0.031126732890697895 0.1036376322444994 0.010877542197704315 0.04680941192782484 0.17977654616697691 0.057796494234935381 0.08305860731707071 0.017542808840516955 0.01317799513344653 0.015669299267756287 0.015994342043995857 0.057425566017627716 0.018758339145279024 0.030056690244236961
leaf_count=17 158 27 2 8 1169 30 539 25 5 40 3 10 18 6
internal_value=-0.000290175 -0.00606287 -0.0241832 0.0108429 -0.0397906 -0.00659087 -0.0205501 0.0113797 -0.0213303 0.0350236 0.000456103 0.0391757 0.0226576 0.0418255
internal_weight=0.715597 0.624282 0.301317 0.322966 0.209412 0.187665 0.140855 0.0919042 0.0443047 0.135301 0.0316636 0.0913141 0.0296359 0.0475995
internal_count=2057 2030 1383 647 1189 577 569 194 163 70 43 27 20 31
is_linear=0
shrinkage=0.05


Tree=166
num_leaves=12
num_cat=0
split_feature=3 11 29 2 8 0 17 25 6 29 9
split_gain=0.0621983 0.0681364 0.0826838 0.121812 0.117453 0.0611169 0.0474643 0.0358285 0.0130689 0.00782024 1.3487e-07
threshold=-2.8823068141937251 -0.13637905567884442 -0.27621595561504358 -0.23077618330717084 0.186514787375927 3.2807285785675053 0.61074683070182811 -2.1667038202285762 9.1088981628417987 0.15067004412412646 -3.0465246438980098
decision_type=2 2 2 2 2 2 2 2 2 2 2
left_child=-1 5 4 6 -3 7 -4 -2 -9 -5 -6
right_child=1 2 3 9 10 -7 -8 8 -10 -11 -12
leaf_value=0.042162087441232066 0.027408106435283942 0.050014731484080567 0.05001354523423264 0.025976852963815435 -0.050375882259791498 0.044711402773149084 -0.050063657925545769 -0.050087243027248089 0.050008750523706472 0.050022718736909881 -0.050072877854271128
leaf_weight=0.076654095872072503 0.017566586888278835 0.039821408689022064 0.014691540040075779 0.044222091011761222 0.003802770283073186 0.024114035848469939 0.061208419236209011 0.15170663786921068 0.0033326048869639626 0.14364512450993061 0.10717581225981121
leaf_count=18 19 8 3 49 1 8 347 899 1 20 684
internal_value=-0.000293855 -0.00561774 0.00588136 0.0227653 -0.0236506 -0.0298509 -0.0306923 -0.0402677 -0.0479357 0.0443626 -0.0500833
internal_weight=0.687941 0.611287 0.414567 0.263767 0.1508 0.19672 0.0759 0.172606 0.155039 0.187867 0.110979
internal_count=2057 2039 1112 419 693 927 350 919 900 69 685
is_linear=0
shrinkage=0.05


Tree=167
num_leaves=15
num_cat=0
split_feature=9 9 22 16 25 21 10 19 27 19 9 12 21 19
split_gain=0.059342 0.0742625 0.0432795 0.0701839 0.0586883 0.0542324 0.0425324 0.0580333 0.0236269 0.0207317 0.0415657 0.0198267 1.59078e-07 9.91659e-08
threshold=-3.0465246438980098 1.0914775729179385 0.95190724730491649 -0.72234255075454701 -0.87417319416999806 -0.71993318200111378 -0.51062932610511769 0.31824570894241339 -2.7433891296386714 -0.45561805367469782 2.8340228796005253 0.86983922123909008 -1.2081494927406309 -1.8523374199867246
decision_type=2 2 2 2 2 2 2 2 2 2 2 2 2 2
left_child=-1 2 3 4 -2 -4 9 13 -7 -3 -11 -9 -5 -8
right_child=1 6 5 12 -6 8 7 11 -10 10 -12 -13 -14 -15
leaf_value=0.036474105804625116 0.050021808846875286 0.050027874139129902 0.045313059605409503 -0.050178778416836468 -0.050040860474565567 0.050018632376958375 -0.050253163907745195 -0.0098303640464994235 -0.050024203142455564 -0.033140747538430979 0.050012978712422787 0.049446003951931473 -0.050037128892321349 -0.050067892158814388
leaf_weight=0.094039649469777942 0.038546665338799357 0.076832308899611235 0.045834794604161289 0.02288805044372566 0.023640929481189232 0.0070927436463534823 0.0088623437186470255 0.024476870530634187 0.035143738637998467 0.028398573263984872 0.031920516630634665 0.033296701963990927 0.14790405983876553 0.03903140993861598
leaf_count=18 6 12 15 82 126 1 8 44 251 54 7 5 1278 150
internal_value=-0.000296592 -0.00642904 -0.0222095 -0.0334966 0.0119825 0.00764888 0.0144356 -0.00940507 -0.0332241 0.0328035 0.0108637 0.0243324 -0.0500561 -0.0501022
internal_weight=0.657909 0.56387 0.321051 0.23298 0.0621876 0.0880713 0.242819 0.105667 0.0422365 0.137151 0.0603191 0.0577736 0.170792 0.0478938
internal_count=2057 2039 1759 1492 132 267 280 207 252 73 61 49 1360 158
is_linear=0
shrinkage=0.05


Tree=168
num_leaves=14
num_cat=0
split_feature=6 3 0 27 1 21 6 7 4 12 16 6 0
split_gain=0.0573119 0.0610726 0.072542 0.0508504 0.0477878 0.0559998 0.044755 0.0345079 0.022427 0.0193392 0.0183823 0.017634 0.0137852
threshold=-3.1358284950256343 0.42806129157543188 -1.878970682621002 -8.4545369148254377 -0.27965706586837763 -1.2346920967102049 -0.060228044167160981 -0.54434645175933827 2.0547277927398686 -6.0321006774902335 0.41287624835968023 -1.5434052944183347 6.7847740650177011
decision_type=2 2 2 2 2 2 2 2 2 2 2 2 2
left_child=-1 2 10 -4 6 -6 12 -8 -5 -7 11 -2 -3
right_child=1 4 3 8 5 9 7 -9 -10 -11 -12 -13 -14
leaf_value=0.042679558433785049 0.047726001224805775 -0.050045977577086953 0.050015647778964313 -0.045187268805328223 0.03352475598508993 0.050013717244997015 0.048089100867036327 -0.013541031268771295 0.039539606781668776 -0.050057076585055531 0.050019491312817688 -0.050127753792735832 0.050010731482683368
leaf_weight=0.069074579514563084 0.0077205426205182439 0.021810381254908862 0.016264003701508045 0.19713666932148044 0.037309999810531735 0.0052227680571377269 0.12449567212024704 0.027781261844211258 0.0081325028149876744 0.063868634650134481 0.036037343088537455 0.011405371384171303 0.0040875333361327639
leaf_count=18 3 112 3 1340 6 1 27 88 3 412 6 37 1
internal_value=-0.000296871 -0.00558588 -0.0223123 -0.0350876 0.0106774 -0.0158368 0.026511 0.0368454 -0.0418305 -0.0424925 0.0289924 -0.0106272 -0.0342538
internal_weight=0.630347 0.561273 0.276696 0.221533 0.284576 0.106401 0.178175 0.152277 0.205269 0.0690914 0.0551633 0.0191259 0.0258979
internal_count=2057 2039 1392 1346 647 419 228 115 1343 413 46 40 113
is_linear=0
shrinkage=0.05


Tree=169
num_leaves=15
num_cat=0
split_feature=22 24 25 16 7 22 13 27 21 15 20 16 13 9
split_gain=0.0557944 0.0916609 0.0530678 0.0543958 0.058187 0.0372742 0.0347339 0.0333448 0.0476814 0.0204701 0.0169762 0.0167042 0.00132686 6.24702e-07
threshold=1.4254828691482546 0.45652259886264807 1.2068096995353701 -0.47400839626789087 0.46252660453319555 0.98053875565528881 -1.0879352092742918 -0.9212714135646819 -1.2738351225852964 0.79979470372200023 -1.183119475841522 -0.15303678065538404 -0.65903353691101063 -3.0465246438980098
decision_type=2 2 2 2 2 2 2 2 2 2 2 2 2 2
left_child=1 5 3 10 -5 6 9 12 -9 -1 -3 -7 -2 -8
right_child=7 2 -4 4 -6 11 13 8 -10 -11 -12 -13 -14 -15
leaf_value=-0.050077195238850541 0.036433056488006176 -0.05009596080902922 -0.050067103841146036 -0.050054765377764536 0.031869470770245482 -0.050038391868219789 -0.050431962578058855 0.048480923094133516 -0.050055828922218992 0.046069535999251433 0.042021528957186929 0.044173337450844605 0.050014501684170813 -0.050064389404697575
leaf_weight=0.008354167512152344 0.02517578680999577 0.0051913246934418558 0.031070569741132203 0.046122975589241832 0.040888339666707907 0.0061314585109357713 0.012568769510835409 0.022556408308446407 0.026939831324853003 0.016410412579716649 0.13674751904181903 0.02022283744008746 0.062948488863185048 0.14389683050103486
leaf_count=24 17 11 145 303 41 39 3 5 173 6 74 17 13 1186
internal_value=-0.000294272 -0.00853012 0.0112494 0.0195706 -0.0115569 -0.033306 -0.0413855 0.0276894 -0.0051507 0.0136351 0.0386524 0.0222545 0.0461345 -0.0500939
internal_weight=0.605226 0.467605 0.260021 0.22895 0.0870113 0.207584 0.18123 0.137621 0.0494962 0.0247646 0.141939 0.0263543 0.0881243 0.156466
internal_count=2057 1849 574 429 344 1275 1219 208 178 30 85 56 30 1189
is_linear=0
shrinkage=0.05


Tree=170
num_leaves=15
num_cat=0
split_feature=22 24 22 29 21 13 6 13 16 4 4 25 22 0
split_gain=0.0527837 0.0869376 0.0507519 0.0490921 0.035471 0.0315501 0.0464713 0.0302898 0.0295721 0.0257778 0.024789 0.02301 0.0203844 0.0166973
threshold=1.4254828691482546 0.45652259886264807 -0.47045595943927759 1.829769551753998 -1.7913272380828855 -0.65903353691101063 -1.4588745832443235 -1.0879352092742918 -0.51080608367919911 1.5883412361145022 -0.72167789936065663 -0.10126814246177672 0.98053875565528881 6.7847740650177011
decision_type=2 2 2 2 2 2 2 2 2 2 2 2 2 2
left_child=1 4 8 13 12 6 -2 10 11 -10 -6 -3 -1 -4
right_child=5 2 3 -5 7 -7 -8 -9 9 -11 -12 -13 -14 -15
leaf_value=-0.050024903637009781 0.05001130866719742 0.050022180317733325 -0.050036042829186868 0.038981627997855331 0.050020690700336594 0.045786354587845246 -0.05005293157024631 -0.05009068828149417 -0.050070586959418885 0.050012576064526595 -0.050058684178584015 0.0020410304418326097 0.050016730948932664 0.050011794320727804
leaf_weight=0.0070669250417267895 0.020980904577299953 0.098728016251698136 0.058730713863042183 0.025737733900314197 0.015053021255880594 0.084614621722721495 0.025958648668165551 0.14696897148314747 0.019830539200484054 0.0095234946347773075 0.010505691909202142 0.033454016898758709 0.018219043035060167 0.0044890833087265483
leaf_count=53 5 18 406 10 2 29 174 1170 107 2 47 30 3 1
internal_value=-0.000299067 -0.00847095 0.0110957 -0.0192322 -0.0332484 0.0275489 -0.00532651 -0.041354 0.0277971 -0.0176 0.00888391 0.0378786 0.0220571 -0.0429319
internal_weight=0.579861 0.448307 0.250494 0.0889575 0.197814 0.131554 0.0469396 0.172528 0.161536 0.029354 0.0255587 0.132182 0.025286 0.0632198
internal_count=2057 1849 574 417 1275 208 179 1219 157 109 49 48 56 407
is_linear=0
shrinkage=0.05


Tree=171
num_leaves=14
num_cat=0
split_feature=9 11 29 2 8 22 17 13 0 29 9 9 27
split_gain=0.0504454 0.0582435 0.0752572 0.101553 0.0940492 0.0693354 0.039284 0.0228104 0.00990334 0.00939743 4.07098e-07 8.00936e-08 2.04934e-08
threshold=-7.8684604167938224 -0.13637905567884442 -0.27621595561504358 -0.23077618330717084 0.186514787375927 1.4765831232070925 0.61074683070182811 -0.14342710375785825 -2.9199771881103511 -0.04812540486454963 -3.0465246438980098 -3.0465246438980098 -2.0407528877258296
decision_type=2 2 2 2 2 2 2 2 2 2 2 2 2
left_child=-1 5 4 6 -3 10 -4 8 -7 -5 -2 -6 -12
right_child=1 2 3 9 11 7 -8 -9 -10 -11 12 -13 -14
leaf_value=0.050014324672051524 -0.050418728723353158 0.050011634706737473 0.050011323214078619 0.012478596767932199 -0.050320428270597767 0.050008385517975998 -0.050052984258742529 0.050011576673529137 -0.050023997578407524 0.048940211125753232 -0.050118679686046455 -0.050067701425901494 -0.050044794182886668
leaf_weight=0.045709805795922875 0.0081364752259105444 0.031434430042281747 0.012188267661258578 0.020154941295913886 0.0032489143777638665 0.0031930673867464074 0.050232006720762001 0.028682800941169262 0.010990548580593895 0.14342731938813813 0.010387951340817381 0.089397434840066126 0.097208140541624743
leaf_count=9 2 8 3 41 1 1 348 7 93 31 25 687 801
internal_value=-0.000299935 -0.00482114 0.00656654 0.0237438 -0.0247204 -0.0299577 -0.0305143 0.0243632 -0.0275043 0.0444478 -0.0500777 -0.0500766 -0.0500519
internal_weight=0.554392 0.508682 0.350083 0.226003 0.124081 0.158599 0.0624203 0.0428664 0.0141836 0.163582 0.115733 0.0926463 0.107596
internal_count=2057 2048 1119 423 696 929 351 101 94 72 828 688 826
is_linear=0
shrinkage=0.05


Tree=172
num_leaves=14
num_cat=0
split_feature=9 11 29 2 8 22 17 13 29 0 9 9 27
split_gain=0.0479754 0.055384 0.0713222 0.0959035 0.0894571 0.0659486 0.0373664 0.0216977 0.00956117 0.00942016 3.50208e-07 6.88944e-08 1.76362e-08
threshold=-7.8684604167938224 -0.13637905567884442 -0.27621595561504358 -0.23077618330717084 0.186514787375927 1.4765831232070925 0.61074683070182811 -0.14342710375785825 -0.04812540486454963 -2.9199771881103511 -3.0465246438980098 -3.0465246438980098 -2.0407528877258296
decision_type=2 2 2 2 2 2 2 2 2 2 2 2 2
left_child=-1 5 4 6 -3 10 -4 9 -5 -7 -2 -6 -12
right_child=1 2 3 8 11 7 -8 -9 -10 -11 12 -13 -14
leaf_value=0.05001362463740433 -0.050398153132385576 0.050011068175959975 0.050010770006890061 0.011891765414663871 -0.050304703858742507 0.050007976004360244 -0.050050404791914263 0.05001101080880134 0.048829363044893853 -0.050022827954733062 -0.050112885760662841 -0.050064412927508288 -0.050042612747430416
leaf_weight=0.043481105007231236 0.0077427348587661973 0.029901685658842325 0.011593964183703065 0.020093685816391371 0.0030914046801626674 0.003037363989278675 0.047784563521418022 0.027284224517643452 0.13673436963290442 0.010454771490913117 0.0098824383021565154 0.085042915074154735 0.092471172851219308
leaf_count=9 2 8 3 41 1 1 348 7 31 93 25 687 801
internal_value=-0.000300445 -0.00481012 0.00654036 0.0236061 -0.0247189 -0.0299559 -0.0305129 0.0243628 0.0440967 -0.0275038 -0.0500739 -0.0500728 -0.0500494
internal_weight=0.528596 0.485115 0.334243 0.216207 0.118036 0.150873 0.0593785 0.0407764 0.156828 0.0134921 0.110096 0.0881343 0.102354
internal_count=2057 2048 1119 423 696 929 351 101 72 94 828 688 826
is_linear=0
shrinkage=0.05


Tree=173
num_leaves=14
num_cat=0
split_feature=9 11 29 2 8 22 17 13 29 0 9 9 27
split_gain=0.0456258 0.0526643 0.067579 0.0905326 0.0850894 0.0627274 0.0355425 0.0206392 0.0097068 0.00896056 3.01274e-07 5.92623e-08 1.51784e-08
threshold=-7.8684604167938224 -0.13637905567884442 -0.27621595561504358 -0.23077618330717084 0.186514787375927 1.4765831232070925 0.61074683070182811 -0.14342710375785825 -0.04812540486454963 -2.9199771881103511 -3.0465246438980098 -3.0465246438980098 -2.0407528877258296
decision_type=2 2 2 2 2 2 2 2 2 2 2 2 2
left_child=-1 5 4 6 -3 10 -4 9 -5 -7 -2 -6 -12
right_child=1 2 3 8 11 7 -8 -9 -10 -11 12 -13 -14
leaf_value=0.050012962136706085 -0.050378594863388096 0.050010527599474233 0.050010244340554122 0.011329279685483706 -0.050289755303918271 0.050007587087090827 -0.050047950593570367 0.050010472693271205 0.048707854457316499 -0.050021714980794753 -0.050107377150677035 -0.050061284280489615 -0.050040537479041407
leaf_weight=0.041361042065545917 0.007367904530838131 0.028443662915378809 0.011028632754459977 0.020038216702232603 0.0029414871241897336 0.0028892518021166333 0.045456255626049824 0.025953829288482666 0.13038222603790928 0.0099451019523257855 0.0094014737805991899 0.080900251978164306 0.087964856367761968
leaf_count=9 2 8 3 41 1 1 348 7 31 93 25 687 801
internal_value=-0.000300981 -0.00479845 0.0065127 0.023461 -0.0247175 -0.0299542 -0.0305117 0.0243625 0.0437285 -0.0275033 -0.0500703 -0.0500693 -0.050047
internal_weight=0.504074 0.462713 0.319191 0.206905 0.112285 0.143522 0.0564849 0.0387882 0.15042 0.0128344 0.104734 0.0838417 0.0973663
internal_count=2057 2048 1119 423 696 929 351 101 72 94 828 688 826
is_linear=0
shrinkage=0.05


Tree=174
num_leaves=15
num_cat=0
split_feature=22 24 21 25 8 29 21 28 5 0 16 9 22 10
split_gain=0.0434917 0.0708102 0.042674 0.0579557 0.0289163 0.0403317 0.0263684 0.0387081 0.0249939 0.0153198 0.0101805 0.0278468 0.000845625 0.000686291
threshold=1.4254828691482546 0.45652259886264807 0.93532004952430736 -0.51211237907409657 1.0801004171371462 -0.27621595561504358 -0.55982571840286244 0.80782347917556774 -0.14594388008117673 -1.878970682621002 -0.67406964302062977 1.2834607362747195 -1.1278200745582578 0.67908677458763134
decision_type=2 2 2 2 2 2 2 2 2 2 2 2 2 2
left_child=1 4 3 8 9 -6 13 -8 -3 -1 12 -12 -4 -2
right_child=6 2 10 -5 5 -7 7 -9 -10 -11 11 -13 -14 -15
leaf_value=0.028331057806357099 0.039897662946338418 -0.050065387009389353 0.050011472188806284 -0.050041405851433463 -0.050061966614925062 0.045920666813978724 -0.050039405891731795 0.05000935665712275 0.036669466038747232 -0.050072231644108373 -0.050048589236986109 0.050018031348247671 0.038465339409119892 0.050014603165225574
leaf_weight=0.0065933607438637401 0.028059176867827773 0.0099226279162394349 0.042785884230397642 0.050160475551820127 0.020324963272287278 0.023714438662864268 0.021644667027430842 0.0174710254650563 0.050976730173715623 0.11321271866836469 0.011513751065649558 0.017549443524330854 0.025196540464094141 0.04163815570063889
leaf_count=10 13 48 11 375 141 6 181 5 60 1118 63 3 14 9
internal_value=-0.000301547 -0.00843556 0.010922 -0.0102431 -0.0330222 0.00162298 0.0275026 -0.00535262 0.0225373 -0.0457574 0.0351435 0.0103754 0.0457321 0.0459417
internal_weight=0.480764 0.371951 0.208105 0.11106 0.163845 0.0440394 0.108813 0.0391157 0.0608994 0.119806 0.0970456 0.0290632 0.0679824 0.0696973
internal_count=2057 1849 574 483 1275 147 208 186 108 1128 91 66 25 22
is_linear=0
shrinkage=0.05


Tree=175
num_leaves=13
num_cat=0
split_feature=6 3 0 27 1 21 6 6 7 12 0 7
split_gain=0.0416129 0.0473441 0.0407465 0.0453448 0.0343054 0.039973 0.0316618 0.0303927 0.0256177 0.0137942 0.009769 0.00523103
threshold=-2.6746118068695064 0.42806129157543188 -5.2429695129394522 -8.4545369148254377 -0.27965706586837763 -1.2346920967102049 -0.060228044167160981 -1.3398535251617429 -0.54434645175933827 -6.0321006774902335 6.7847740650177011 1.591976046562195
decision_type=2 2 2 2 2 2 2 2 2 2 2 2
left_child=11 2 -2 -4 6 -6 10 -5 -8 -7 -3 -1
right_child=1 4 3 7 5 9 8 -9 -10 -11 -12 -13
leaf_value=0.019405831909011198 0.050015452932121764 -0.050033054908491054 0.050011336324172075 0.003743480804776907 0.032712025949620131 0.050009776820835829 0.047936962205498299 -0.050058467013145092 -0.013045718134260762 -0.050040962638376943 0.050007593967177438 0.05001033629834517
leaf_weight=0.022242397506488487 0.01699868543073535 0.015600209182593971 0.015716029796749353 0.033056112231861334 0.027305304887704551 0.0037234057672321788 0.089988497318699956 0.12746887304456322 0.021296986873494461 0.046085258054517908 0.0028927661478519431 0.037506141001358628
leaf_count=17 4 112 4 124 6 1 27 1251 88 412 1 10
internal_value=-0.00030509 -0.00611706 -0.0239132 -0.0310437 0.0105047 -0.015908 0.0261991 -0.0389793 0.0362666 -0.0425618 -0.0343842 0.0386173
internal_weight=0.459881 0.400132 0.19324 0.176241 0.206892 0.077114 0.129778 0.160525 0.111285 0.0498087 0.018493 0.0597485
internal_count=2057 2030 1383 1379 647 419 228 1375 115 413 113 27
is_linear=0
shrinkage=0.05


Tree=176
num_leaves=15
num_cat=0
split_feature=22 24 25 16 7 22 13 27 21 15 20 16 13 9
split_gain=0.03988 0.0647752 0.0386013 0.0381534 0.0423575 0.0272152 0.0263366 0.024129 0.0342233 0.0146625 0.012298 0.0120321 0.00112688 2.1491e-07
threshold=1.4254828691482546 0.45652259886264807 1.2068096995353701 -0.47400839626789087 0.46252660453319555 0.98053875565528881 -1.0879352092742918 -0.9212714135646819 -1.2738351225852964 0.79979470372200023 -1.183119475841522 -0.15303678065538404 -0.65903353691101063 -3.0465246438980098
decision_type=2 2 2 2 2 2 2 2 2 2 2 2 2 2
left_child=1 5 3 10 -5 6 9 12 -9 -1 -3 -7 -2 -8
right_child=7 2 -4 4 -6 11 13 8 -10 -11 -12 -13 -14 -15
leaf_value=-0.050054400457295978 0.03537390193492404 -0.050071515866480953 -0.050052852026231665 -0.050039802216757794 0.031262708590457815 -0.050027292404804816 -0.050303916849189112 0.048196087707479365 -0.050040543379538886 0.045917172732569123 0.041174111612949316 0.043883590746091855 0.050010630351261742 -0.050047770080412703
leaf_weight=0.0058899518626276395 0.018452283045917284 0.0038336349134624461 0.022883217439812142 0.03350796324230032 0.030695197281602304 0.0044210944070073302 0.0088864897843450308 0.016238120588241145 0.019527336717146682 0.012271935527678579 0.10048018490851973 0.014924685045116348 0.045764055801555514 0.1042969756435923
leaf_count=24 17 11 145 303 41 39 3 5 173 6 74 17 13 1186
internal_value=-0.000304916 -0.00842368 0.0108816 0.019156 -0.0111695 -0.0329443 -0.0410991 0.0274737 -0.00543946 0.0147933 0.0378207 0.0224221 0.0458048 -0.0500679
internal_weight=0.442073 0.342091 0.1914 0.168517 0.0642032 0.150691 0.131345 0.0999818 0.0357655 0.0181619 0.104314 0.0193458 0.0642163 0.113183
internal_count=2057 1849 574 429 344 1275 1219 208 178 30 85 56 30 1189
is_linear=0
shrinkage=0.05


Tree=177
num_leaves=10
num_cat=0
split_feature=12 27 26 2 2 0 29 21 9
split_gain=0.038236 0.047108 0.0431147 0.100161 0.0337573 0.0239252 0.0214424 0.00659239 0.00371564
threshold=-6.0321006774902335 -2.7433891296386714 -0.13975612074136731 -0.11186519637703894 -0.012817568611353634 6.7847740650177011 -0.04812540486454963 8.3215551376342791 -0.40772849321365351
decision_type=2 2 2 2 2 2 2 2 2
left_child=-1 8 4 5 -3 -4 -5 -6 -2
right_child=1 2 3 6 7 -7 -8 -9 -10
leaf_value=0.050010903878457684 0.020470875785003274 0.044143198073369132 -0.036859689147193807 -0.0044331387659920464 -0.050061689994366311 0.050011279238707296 0.047006631342064578 0.05000439971769375 0.049142769540909452
leaf_weight=0.034662343794479966 0.016767624081694521 0.011065340666391421 0.11418499367209733 0.026639903408067767 0.09104471964383265 0.0085170574020594358 0.084577336889196886 0.0016762235900387159 0.034649590030312538
leaf_count=9 15 9 944 112 908 2 45 1 12
internal_value=-0.000309902 -0.00479239 -0.0115807 0.000319439 -0.0384017 -0.0308298 0.0346852 -0.0482527 0.0397926
internal_weight=0.423785 0.389123 0.337706 0.233919 0.103786 0.122702 0.111217 0.0927209 0.0514172
internal_count=2057 2048 2021 1103 918 946 157 909 27
is_linear=0
shrinkage=0.05


Tree=178
num_leaves=12
num_cat=0
split_feature=3 11 29 2 8 0 17 25 5 6 29
split_gain=0.037228 0.0403041 0.048851 0.075474 0.0684896 0.0354658 0.0283892 0.0199755 0.0168965 0.00728431 0.000193992
threshold=-2.8823068141937251 -0.13637905567884442 -0.04812540486454963 -0.23077618330717084 0.186514787375927 3.2807285785675053 0.61074683070182811 -2.1667038202285762 0.15741053223609927 9.1088981628417987 0.43328317999839788
decision_type=2 2 2 2 2 2 2 2 2 2 2
left_child=-1 5 4 6 -3 7 -4 -2 -6 -9 -5
right_child=1 2 3 10 8 -7 -8 9 -10 -11 -12
leaf_value=0.041945904373912379 0.025095473725278802 0.050008491207565092 0.050008237051119044 0.045300731704898206 0.050011768219703594 0.04447013621627742 -0.050038126880961001 -0.050052644902642489 -0.050050617350763965 0.050004877216975399 0.050014389408527232
leaf_weight=0.046237386632128619 0.010420159193017753 0.025711239781230688 0.0088713662698864937 0.032177879606024362 0.0044792550615966311 0.01399132129517966 0.035326643053849693 0.088797719308786327 0.07257500371815695 0.0018570246174931518 0.067860220558941364
leaf_count=18 19 9 3 15 1 8 341 899 729 1 14
internal_value=-0.000302551 -0.00569783 0.00568824 0.0244573 -0.0206551 -0.0301392 -0.029957 -0.040467 -0.0442339 -0.048003 0.0484982
internal_weight=0.408305 0.362068 0.247002 0.144236 0.102765 0.115066 0.044198 0.101075 0.0770543 0.0906547 0.100038
internal_count=2057 2039 1112 373 739 927 344 919 730 900 29
is_linear=0
shrinkage=0.05


Tree=179
num_leaves=15
num_cat=0
split_feature=9 9 22 16 25 16 10 19 15 6 19 12 21 19
split_gain=0.0354884 0.0428425 0.0262181 0.0408458 0.0349182 0.0324966 0.0255523 0.0339465 0.0172516 0.0169268 0.0121607 0.0239906 3.96256e-08 2.08419e-08
threshold=-3.0465246438980098 1.0914775729179385 0.95190724730491649 -0.72234255075454701 -0.87417319416999806 0.44914263486862188 -0.51062932610511769 0.31824570894241339 2.3722939491271977 1.2203742861747744 -0.45561805367469782 1.6671244502067568 -1.2081494927406309 -1.8523374199867246
decision_type=2 2 2 2 2 2 2 2 2 2 2 2 2 2
left_child=-1 2 3 4 -2 8 10 13 -4 -9 -3 -12 -5 -8
right_child=1 6 5 12 -6 -7 7 9 -10 -11 11 -13 -14 -15
leaf_value=0.0363399655057281 0.050012905722277026 0.050016089017033055 -0.050016298591831744 -0.050114304535143039 -0.050026024251762259 0.048242763750136197 -0.050152307394040412 -0.050040259528511689 0.050007217793576191 0.04029870675491054 -0.050055621210206604 0.039062492858997155 -0.05002284693221927 -0.050042456578674177
leaf_weight=0.056495174998417497 0.022655291599221528 0.045216621132567525 0.021788119243865367 0.013710289156733779 0.014183800311002415 0.025657156282250071 0.0053066134969412806 0.0063544830227328921 0.0053741610608994952 0.02817831865104381 0.011077384817326674 0.023727605992462486 0.08697625903187145 0.023174295069111395
leaf_count=18 6 12 252 82 126 13 8 37 2 12 50 11 1278 150
internal_value=-0.000305042 -0.00651496 -0.0220527 -0.0335529 0.0114959 0.00789024 0.014162 -0.00965294 -0.0302263 0.0236752 0.0329153 0.0106989 -0.0500353 -0.0500629
internal_weight=0.389876 0.33338 0.190345 0.137526 0.0368391 0.0528194 0.143035 0.0630137 0.0271623 0.0345328 0.0800216 0.034805 0.100687 0.0284809
internal_count=2057 2039 1759 1492 132 267 280 207 254 49 73 61 1360 158
is_linear=0
shrinkage=0.05


end of trees

feature_importances:
Column_9=207
Column_22=172
Column_0=150
Column_21=148
Column_16=144
Column_6=134
Column_3=133
Column_24=133
Column_13=120
Column_19=111
Column_25=109
Column_10=105
Column_27=89
Column_1=87
Column_4=84
Column_15=80
Column_7=65
Column_12=56
Column_28=47
Column_29=46
Column_8=40
Column_2=39
Column_18=27
Column_11=25
Column_26=22
Column_20=18
Column_17=16
Column_5=14
Column_23=5
Column_14=2

parameters:
[boosting: gbdt]
[objective: binary]
[metric: binary_logloss]
[tree_learner: serial]
[device_type: cpu]
[data_sample_strategy: bagging]
[data: ]
[valid: ]
[num_iterations: 180]
[learning_rate: 0.05]
[num_leaves: 15]
[num_threads: 1]
[seed: 20264208]
[deterministic: 1]
[force_col_wise: 1]
[force_row_wise: 0]
[histogram_pool_size: -1]
[max_depth: 5]
[min_data_in_leaf: 10]
[min_sum_hessian_in_leaf: 0.001]
[bagging_fraction: 1]
[pos_bagging_fraction: 1]
[neg_bagging_fraction: 1]
[bagging_freq: 0]
[bagging_seed: 4692]
[bagging_by_query: 0]
[feature_fraction: 1]
[feature_fraction_bynode: 1]
[feature_fraction_seed: 14047]
[extra_trees: 0]
[extra_seed: 8220]
[early_stopping_round: 0]
[early_stopping_min_delta: 0]
[first_metric_only: 0]
[max_delta_step: 0]
[lambda_l1: 0]
[lambda_l2: 0]
[linear_lambda: 0]
[min_gain_to_split: 0]
[drop_rate: 0.1]
[max_drop: 50]
[skip_drop: 0.5]
[xgboost_dart_mode: 0]
[uniform_drop: 0]
[drop_seed: 7160]
[top_rate: 0.2]
[other_rate: 0.1]
[min_data_per_group: 100]
[max_cat_threshold: 32]
[cat_l2: 10]
[cat_smooth: 10]
[max_cat_to_onehot: 4]
[top_k: 20]
[monotone_constraints: ]
[monotone_constraints_method: basic]
[monotone_penalty: 0]
[feature_contri: ]
[forcedsplits_filename: ]
[refit_decay_rate: 0.9]
[cegb_tradeoff: 1]
[cegb_penalty_split: 0]
[cegb_penalty_feature_lazy: ]
[cegb_penalty_feature_coupled: ]
[path_smooth: 0]
[interaction_constraints: ]
[verbosity: -1]
[saved_feature_importance_type: 0]
[use_quantized_grad: 0]
[num_grad_quant_bins: 4]
[quant_train_renew_leaf: 0]
[stochastic_rounding: 1]
[linear_tree: 0]
[max_bin: 255]
[max_bin_by_feature: ]
[min_data_in_bin: 3]
[bin_construct_sample_cnt: 200000]
[data_random_seed: 15823]
[is_enable_sparse: 1]
[enable_bundle: 1]
[use_missing: 1]
[zero_as_missing: 0]
[feature_pre_filter: 1]
[pre_partition: 0]
[two_round: 0]
[header: 0]
[label_column: ]
[weight_column: ]
[group_column: ]
[ignore_column: ]
[categorical_feature: ]
[forcedbins_filename: ]
[precise_float_parser: 0]
[parser_config_file: ]
[objective_seed: 5731]
[num_class: 1]
[is_unbalance: 0]
[scale_pos_weight: 1]
[sigmoid: 1]
[boost_from_average: 1]
[reg_sqrt: 0]
[alpha: 0.9]
[fair_c: 1]
[poisson_max_delta_step: 0.7]
[tweedie_variance_power: 1.5]
[lambdarank_truncation_level: 30]
[lambdarank_norm: 1]
[label_gain: ]
[lambdarank_position_bias_regularization: 0]
[eval_at: ]
[multi_error_top_k: 1]
[auc_mu_weights: ]
[num_machines: 1]
[local_listen_port: 12400]
[time_out: 120]
[machine_list_filename: ]
[machines: ]
[gpu_platform_id: -1]
[gpu_device_id: -1]
[gpu_device_id_list: ]
[gpu_use_dp: 0]
[num_gpu: 1]

end of parameters

pandas_categorical:null
