tree
version=v4
num_class=1
num_tree_per_iteration=1
label_index=0
max_feature_idx=29
objective=binary sigmoid:1
feature_names=Column_0 Column_1 Column_2 Column_3 Column_4 Column_5 Column_6 Column_7 Column_8 Column_9 Column_10 Column_11 Column_12 Column_13 Column_14 Column_15 Column_16 Column_17 Column_18 Column_19 Column_20 Column_21 Column_22 Column_23 Column_24 Column_25 Column_26 Column_27 Column_28 Column_29
feature_infos=[-20.706783294677734:15.885144233703613] [-5.7185983657836914:4.064180850982666] [-2.1962466239929199:3.7645227909088135] [-19.314477920532227:16.750585556030273] [-5.6983585357666016:3.474503755569458] [-2.5134477615356445:3.8413131237030029] [-15.462991714477539:21.579727172851562] [-6.1148037910461426:3.2131302356719971] [-2.2204852104187012:3.5245134830474854] [-16.309843063354492:25.726282119750977] [-3.9965980052947998:3.4772152900695801] [-2.658153772354126:3.852665901184082] [-20.950784683227539:16.533775329589844] [-5.6096100807189941:3.8481144905090332] [-2.2044286727905273:3.6771910190582275] [-20.368656158447266:15.647967338562012] [-5.82470703125:4.2221622467041016] [-2.1857912540435791:3.5099701881408691] [-19.097385406494141:16.524442672729492] [-5.6463756561279297:3.3949668407440186] [-2.5144853591918945:3.8156917095184326] [-14.033291816711426:21.470577239990234] [-6.0935564041137695:3.7461230754852295] [-3.2901782989501953:4.413456916809082] [-15.579992294311523:26.245306015014648] [-4.0516924858093262:3.5616676807403564] [-2.6971933841705322:3.8945331573486328] [-20.880823135375977:16.493770599365234] [-5.5166792869567871:3.6951372623443604] [-2.2343926429748535:3.6729531288146973]
tree_sizes=1189 1695 1702 1697 1709 1692 1703 1706 1702 1700 1697 1701 1700 1699 1700 1705 1507 1701 1500 1505 1710 1711 1715 1705 1728 1621 1713 1724 1624 1713 1720 1713 1714 1719 1718 1718 1618 1620 1615 1716 1620 1620 1729 1624 1611 1513 1719 1718 1730 1525 1723 1725 1723 1512 1736 1631 1721 1720 1725 1506 1731 1630 1725 1514 1736 1623 1726 1732 1104 1627 1416 1633 1741 1514 1743 1730 1728 1731 1738 1726 1732 1731 1729 1734 1732 1730 1732 1733 1737 1738 1637 1745 1110 1633 1641 1427 1639 1742 1740 1423 1319 1111 1742 1747 1748 1745 1748 1756 1755 1755 1754 1751 1759 1764 1755 1763 1756 1763 1761 1765 1759 1125 1540 1125 1543 1124 1438 1125 1774 1117 1764 1766 1114 1671 1767 1768 1444 1126 1779 1770 1682 1564 1682 1682 1782 1786 1785 1786 1124 1786 1790 1351 1791 1791 1791 1794 1787 1801 1800 1800 1800 1807 1795 1802 1693 1791 1699 1812 1800 1812 1804 1699 1487 1703 1701 1822 1819 1815 1486 1702

Tree=0
num_leaves=10
num_cat=0
split_feature=2 23 9 7 1 12 25 6 27
split_gain=253.07 437.262 281.144 230.367 229.096 159.342 109.042 102.552 59.6983
threshold=1.0481864213943484 0.20639514178037646 -2.9657799005508418 -0.54325276613235463 -0.27874529361724848 -2.3858354091644283 0.80313566327095043 -0.71622303128242482 5.5132849216461191
decision_type=2 2 2 2 2 2 2 2 2
left_child=2 -2 -1 4 7 -5 -6 -4 -7
right_child=1 -3 3 5 6 8 -8 -9 -10
leaf_value=0.097586944183931004 -0.10000008093957588 0.099999919060424131 -0.10000008093957588 0.096010383099742219 -0.10000008093957588 -0.090334600224107192 0.094074712184169518 0.08958147248824333 0.099999919060424131
leaf_weight=42.707886517047882 35.553304731845856 118.13933944702148 7.9866119325160971 12.915419012308119 43.153467699885368 174.61157897114754 8.6961568892002088 66.766972526907921 4.2192621231079093
leaf_count=14 276 28 62 5 335 1292 4 42 1
internal_value=-8.49866e-08 0.0537345 -0.0228735 -0.0390337 0.0133106 -0.0735948 -0.0674501 0.0693267 -0.0858439
internal_weight=514.75 153.693 361.057 318.349 126.603 191.746 51.8496 74.7536 178.831
internal_count=2059 304 1755 1741 443 1298 339 104 1293
is_linear=0
shrinkage=1


Tree=1
num_leaves=15
num_cat=0
split_feature=11 29 2 18 9 8 15 20 29 2 18 2 0 0
split_gain=231.197 433.774 373.957 213.648 166.586 147.213 102.643 58.4617 40.4432 34.716 7.69552 7.5605 7.36831 26.5661
threshold=-0.11475689336657523 -0.31610800325870508 -0.23550640046596524 -2.0296245813369747 -3.4889889955520625 0.22204210609197619 3.0282359123229985 1.664510250091553 -0.16553863137960431 0.7739856243133546 -3.3987815380096431 -0.052314700558781617 -2.8689622879028316 1.2630974650382998
decision_type=2 2 2 2 2 2 2 2 2 2 2 2 2 2
left_child=3 5 6 10 -5 -2 -3 -7 9 -4 -1 -10 -12 -14
right_child=1 2 8 4 -6 7 -8 -9 11 -11 12 -13 13 -15
leaf_value=0.095551346300708773 0.095594211790464151 -0.095678600232736943 -0.095822485538209823 0.095351168480960591 -0.095743947174680974 -0.095627972704599551 0.09553346233545873 0.095241872348139384 0.052702997147371471 0.095715687964246565 0.095510736009050246 0.09564675110511546 -0.095558281027909031 0.095351168480960577
leaf_weight=16.840404033660892 12.630850315093992 42.160621866583824 5.3988539278507215 12.62769842147827 117.73981170356274 85.727112516760826 8.4200415611267072 4.2087316513061515 10.863964065909384 4.2108087539672852 4.2099409103393572 181.12678052484989 3.2134335786104167 4.2092328071594238
leaf_count=4 3 328 42 3 916 667 2 1 21 1 1 44 25 1
internal_value=1.06973e-07 0.022448 0.0577085 -0.050134 -0.077234 -0.0642472 -0.063848 -0.0866958 0.0882065 -0.0118934 0.0739473 0.0932167 0.0426714 0.0127023
internal_weight=513.588 354.748 252.181 158.841 130.368 102.567 50.5807 89.9358 201.6 9.60966 28.473 191.991 11.6326 7.42267
internal_count=2059 1109 438 950 919 671 330 668 108 43 31 65 27 26
is_linear=0
shrinkage=0.05


Tree=2
num_leaves=15
num_cat=0
split_feature=11 29 2 18 9 8 15 20 29 5 19 2 1 1
split_gain=210.091 394.137 339.727 194.157 151.385 133.791 93.2803 53.1322 36.7333 31.5457 6.99442 6.97838 6.65533 24.1878
threshold=-0.11475689336657523 -0.31610800325870508 -0.23550640046596524 -2.0296245813369747 -3.4889889955520625 0.22204210609197619 3.0282359123229985 1.664510250091553 -0.16553863137960431 0.28493395447731024 1.4403754472732546 -0.052314700558781617 2.375457882881165 1.938861131668091
decision_type=2 2 2 2 2 2 2 2 2 2 2 2 2 2
left_child=3 5 6 10 -5 -2 -3 -7 9 -4 12 -10 13 -1
right_child=1 2 8 4 -6 7 -8 -9 11 -11 -12 -13 -14 -15
leaf_value=-0.091406377261123842 0.091437541936002453 -0.09151163475739843 0.091542867056487759 0.091226651712933968 -0.091568912106389427 -0.091468062804099193 0.091384852809113237 0.091131783690448095 0.050169157259538438 -0.091637165142939403 0.091402416155349012 0.091472662128658747 0.091218400609507144 0.091365098109916068
leaf_weight=3.1919251531362551 12.546737194061278 41.882812723517418 4.1832513809204084 12.540716171264647 116.97048898041248 85.157834097743034 8.3634867668151838 4.1793074607849112 10.842523396015165 5.3639683872461319 16.727658748626709 179.94960236549377 4.1801581382751465 4.1815752983093262
leaf_count=25 3 328 1 3 916 667 2 1 21 42 4 44 1 1
internal_value=-2.39128e-08 0.0214664 0.0551802 -0.0479507 -0.0738686 -0.0614534 -0.0610686 -0.0829258 0.0843361 -0.0113742 0.0707373 0.0891254 0.0408178 0.0122449
internal_weight=510.262 352.47 250.586 157.793 129.511 101.884 50.2463 89.3371 200.339 9.54722 28.2813 190.792 11.5537 7.3735
internal_count=2059 1109 438 950 919 671 330 668 108 43 31 65 27 26
is_linear=0
shrinkage=0.05


Tree=3
num_leaves=15
num_cat=0
split_feature=11 29 2 18 9 8 15 20 29 2 2 19 1 1
split_gain=191.703 359.586 309.873 177.181 138.146 122.1 85.1256 48.4896 33.4932 28.7849 6.52836 6.38236 6.07575 22.0754
threshold=-0.11475689336657523 -0.31610800325870508 -0.23550640046596524 -2.0296245813369747 -3.4889889955520625 0.22204210609197619 3.0282359123229985 1.664510250091553 -0.16553863137960431 0.7739856243133546 -0.052314700558781617 1.4403754472732546 2.375457882881165 1.938861131668091
decision_type=2 2 2 2 2 2 2 2 2 2 2 2 2 2
left_child=3 5 6 11 -5 -2 -3 -7 9 -4 -10 12 13 -1
right_child=1 2 8 4 -6 7 -8 -9 10 -11 -12 -13 -14 -15
leaf_value=-0.087789432138331999 0.08781668477614564 -0.087882277596210145 -0.087992743742575319 0.087632129345964066 -0.087932914635781789 -0.087844475861068472 0.087770589675271654 0.087549106231407464 0.047815346201590052 0.087908791793240404 0.087836414240270708 0.087785955427248583 0.087624909925092948 0.087753283532906554
leaf_weight=3.1580872386693972 12.414096832275389 41.442595928907394 5.3081819564104062 12.405658721923826 115.74664993584156 84.258989870548248 8.2746562957763654 4.1339254379272452 10.808294788002966 4.139441967010498 178.0748838186264 16.550266742706299 4.1351075172424316 4.1370854377746582
leaf_count=25 3 328 42 3 916 667 2 1 21 1 44 4 1 1
internal_value=-2.2919e-07 0.0206093 0.0529707 -0.0460492 -0.0709375 -0.0590197 -0.0586476 -0.0796417 0.080951 -0.0109221 0.0855463 0.0679406 0.0392059 0.0117607
internal_weight=504.988 348.855 248.048 156.133 128.152 100.807 49.7173 88.3929 198.331 9.44762 188.883 27.9805 11.4303 7.29517
internal_count=2059 1109 438 950 919 671 330 668 108 43 65 31 27 26
is_linear=0
shrinkage=0.05


Tree=4
num_leaves=15
num_cat=0
split_feature=11 29 2 18 9 17 8 20 29 29 18 0 0 23
split_gain=175.556 329.231 284.026 162.276 126.523 113.242 111.835 44.4132 5.92795 15.5856 5.84594 5.59939 20.1868 0.165115
threshold=-0.11475689336657523 -0.31610800325870508 -0.11834492534399031 -2.0296245813369747 -3.4889889955520625 0.64718109369277965 0.22204210609197619 1.664510250091553 0.15640980750322345 -0.16553863137960431 -3.3987815380096431 -2.8689622879028316 1.2630974650382998 0.63830918073654186
decision_type=2 2 2 2 2 2 2 2 2 2 2 2 2 2
left_child=3 6 5 10 -5 -3 -2 -8 9 -4 -1 -12 -13 -7
right_child=1 2 8 4 -6 13 7 -9 -10 -11 11 12 -14 -15
leaf_value=0.084611570587951157 0.084637413549479887 0.086191808626414901 0.0010497606898576357 0.084474716058387592 -0.084740993551643384 -0.10305946741247106 -0.084662860116792818 0.084401508832923328 0.084825275717154841 0.07946508102249028 0.084581511804628196 -0.084613398720972316 0.084463353132439786 -0.084881397879536372
leaf_weight=16.318730831146244 12.240700244903563 12.317671298980711 8.0681340023875219 12.230239391326903 114.14101103693247 1.2870254665613163 83.083365276455879 4.0751495361328116 151.01809310913086 29.527326881885529 4.0790553092956561 3.1138952970504725 4.0764994621276855 42.500737905502319
leaf_count=4 3 3 33 3 916 10 667 1 37 14 1 25 1 341
internal_value=-4.93481e-07 0.0198549 0.051024 -0.0443797 -0.0683643 -0.0477401 -0.0568828 -0.0767582 0.0804026 0.0626368 0.0654847 0.037788 0.0112424 -0.0854157
internal_weight=498.078 344.118 244.719 153.959 126.371 56.1054 99.3992 87.1585 188.614 37.5955 27.5882 11.2695 7.19039 43.7878
internal_count=2059 1109 438 950 919 354 671 668 84 47 31 27 26 351
is_linear=0
shrinkage=0.05


Tree=5
num_leaves=15
num_cat=0
split_feature=11 29 2 18 9 17 8 20 29 17 19 1 1 23
split_gain=161.262 302.289 260.659 149.1 116.248 103.956 102.758 40.809 5.6309 14.5958 5.37093 5.1153 18.5803 0.124999
threshold=-0.11475689336657523 -0.31610800325870508 -0.11834492534399031 -2.0296245813369747 -3.4889889955520625 0.64718109369277965 0.22204210609197619 1.664510250091553 0.15640980750322345 0.57032087445259105 1.4403754472732546 2.375457882881165 1.938861131668091 0.63830918073654186
decision_type=2 2 2 2 2 2 2 2 2 2 2 2 2 2
left_child=3 6 5 10 -5 -3 -2 -8 9 -4 11 12 -1 -7
right_child=1 2 8 4 -6 13 7 -9 -10 -11 -12 -13 -14 -15
leaf_value=-0.081805149408620548 0.081826444268890991 0.083208232399342219 0.083101101075861494 0.081682084777535469 -0.081919339658006463 -0.097863546983572913 -0.081849861494440748 0.081617122958805077 0.081995740714893545 0.01728942772894259 0.081803549264189659 0.081671897646778929 0.081776834005209381 -0.082046276949916175
leaf_weight=3.061075188219549 12.033340454101561 12.12615919113159 24.244307994842529 12.021201610565184 112.21710948646069 1.2875465303659428 81.677065461874008 4.0052189826965323 148.48156261444092 12.911654733121393 16.041897296905518 4.0067782402038574 4.0097432136535645 41.788729079067707
leaf_count=25 3 3 6 3 916 10 667 1 37 41 4 1 1 341
internal_value=-6.7622e-07 0.01918 0.0492742 -0.0429037 -0.0660894 -0.0461142 -0.0549934 -0.0742086 0.0776396 0.0602316 0.063313 0.0365362 0.0109595 -0.0825191
internal_weight=489.913 338.556 240.84 151.358 124.238 55.2024 97.7156 85.6823 185.638 37.156 27.1195 11.0776 7.07082 43.0763
internal_count=2059 1109 438 950 919 354 671 668 84 47 31 27 26 351
is_linear=0
shrinkage=0.05


Tree=6
num_leaves=15
num_cat=0
split_feature=11 29 2 18 9 17 8 20 29 29 18 0 0 23
split_gain=148.54 278.286 239.8 137.38 107.109 95.7104 94.6846 37.6027 5.42184 14.5167 4.94906 4.74135 17.0936 0.0957256
threshold=-0.11475689336657523 -0.31610800325870508 -0.11834492534399031 -2.0296245813369747 -3.4889889955520625 0.64718109369277965 0.22204210609197619 1.664510250091553 0.15640980750322345 -0.16553863137960431 -3.3987815380096431 -2.8689622879028316 1.2630974650382998 0.63830918073654186
decision_type=2 2 2 2 2 2 2 2 2 2 2 2 2 2
left_child=3 6 5 10 -5 -3 -2 -8 9 -4 -1 -12 -13 -7
right_child=1 2 8 4 -6 13 7 -9 -10 -11 11 12 -14 -15
leaf_value=0.079306421111591974 0.079325914198278016 0.080561425988571259 -0.0015259768722450985 0.079197097082758752 -0.079409686616519426 -0.093401378558691919 -0.079347551937390987 0.079139120282864905 0.079479284533329142 0.074597529313469621 0.079281644479858041 -0.079306921152070442 0.079184264161278745 -0.079525079370511967
leaf_weight=15.727889537811281 11.797953844070433 11.903917074203489 8.0127707123756391 11.784439086914061 110.03048995137215 1.2817306667566288 80.080412745475769 3.9260923862457267 145.59627604484558 28.676615089178085 3.9311232566833496 3.0011360049247724 3.9276924133300781 40.978292711079121
leaf_count=4 3 3 33 3 916 10 667 1 37 14 1 25 1 341
internal_value=-9.43805e-07 0.0185754 0.047703 -0.0415909 -0.064066 -0.0446703 -0.0533127 -0.0719406 0.0751505 0.0579726 0.061381 0.0354206 0.0105358 -0.0799459
internal_weight=480.657 332.254 236.45 148.403 121.815 54.1639 95.8045 84.0065 182.286 36.6894 26.5878 10.86 6.92883 42.26
internal_count=2059 1109 438 950 919 354 671 668 84 47 31 27 26 351
is_linear=0
shrinkage=0.05


Tree=7
num_leaves=15
num_cat=0
split_feature=11 29 2 18 9 17 8 20 2 29 18 0 0 23
split_gain=137.165 256.829 221.154 126.898 98.9356 88.3469 87.4636 34.7351 5.36524 24.0802 4.5712 4.37982 15.7914 0.074047
threshold=-0.11475689336657523 -0.31610800325870508 -0.11834492534399031 -2.0296245813369747 -3.4889889955520625 0.64718109369277965 0.22204210609197619 1.664510250091553 0.36878669261932379 -0.047297203913331025 -3.3987815380096431 -2.8689622879028316 1.2630974650382998 0.63830918073654186
decision_type=2 2 2 2 2 2 2 2 2 2 2 2 2 2
left_child=3 6 5 10 -5 -3 -2 -8 9 -4 -1 -12 -13 -7
right_child=1 2 8 4 -6 13 7 -9 -10 -11 11 12 -14 -15
leaf_value=0.077072018840429954 0.077089498778551535 0.078199920835776537 -0.016574547040876478 0.076973968587243938 -0.077165410797647827 -0.089531198738858869 -0.077109562531270714 0.076921967782937251 0.077276732036174287 0.078783200214469939 0.07704978740318115 -0.077072474955700826 0.076962455632586135 -0.077270819969224191
leaf_weight=15.383367300033571 11.539731264114378 11.656468391418455 8.7360002994537336 11.525103807449339 107.62971778213978 1.2705475240945805 78.328639812767506 3.8394811153411856 142.50133299827576 27.33893895149231 3.8449215888977051 2.9353967010974866 3.8412106037139893 40.087578482925892
leaf_count=4 3 3 40 3 916 10 667 1 37 7 1 25 1 341
internal_value=-1.2166e-06 0.0180336 0.046294 -0.0404168 -0.0622565 -0.0433809 -0.0518095 -0.0699121 0.0729161 0.0556911 0.0596529 0.0344245 0.0102397 -0.0776475
internal_weight=470.458 325.299 231.591 145.16 119.155 53.0146 93.7079 82.1681 178.576 36.0749 26.0049 10.6215 6.77661 41.3581
internal_count=2059 1109 438 950 919 354 671 668 84 47 31 27 26 351
is_linear=0
shrinkage=0.05


Tree=8
num_leaves=15
num_cat=0
split_feature=11 29 2 18 9 17 8 20 2 29 19 1 1 23
split_gain=126.946 237.558 204.409 117.479 91.5911 81.7386 80.9741 32.158 5.18093 22.4708 4.2321 4.03252 14.6429 0.0577856
threshold=-0.11475689336657523 -0.31610800325870508 -0.11834492534399031 -2.0296245813369747 -3.4889889955520625 0.64718109369277965 0.22204210609197619 1.664510250091553 0.36878669261932379 -0.047297203913331025 1.4403754472732546 2.375457882881165 1.938861131668091 0.63830918073654186
decision_type=2 2 2 2 2 2 2 2 2 2 2 2 2 2
left_child=3 6 5 10 -5 -3 -2 -8 9 -4 11 12 -1 -7
right_child=1 2 8 4 -6 13 7 -9 -10 -11 -12 -13 -14 -15
leaf_value=-0.075064331638401011 0.075079660146625052 0.07608223058929002 -0.01572977549858728 0.074975569811453702 -0.075148740525337362 -0.086145752614754989 -0.075098320778892835 0.074928721902761716 0.07525009532076507 0.076607434420464637 0.075064556461934329 0.074962622506812904 0.075043876212409141 -0.075245438406539883
leaf_weight=2.8650099858641642 11.26320695877075 11.388643026351927 8.7446778118610364 11.247697591781614 105.05721588432789 1.2548423558473576 76.452543526887894 3.7468807697296134 139.10807037353516 26.725147008895874 15.014619827270506 3.7485830783843994 3.7526454925537109 39.13244791328907
leaf_count=25 3 3 40 3 916 10 667 1 37 7 4 1 1 341
internal_value=-1.17281e-06 0.0175461 0.0450247 -0.0393617 -0.0606304 -0.0422236 -0.0504585 -0.0680891 0.0709007 0.0538428 0.0580998 0.0335277 0.0100569 -0.0755841
internal_weight=459.502 317.816 226.354 141.686 116.305 51.7759 91.4626 80.1994 174.578 35.4698 25.3809 10.3662 6.61766 40.3873
internal_count=2059 1109 438 950 919 354 671 668 84 47 31 27 26 351
is_linear=0
shrinkage=0.05


Tree=9
num_leaves=15
num_cat=0
split_feature=11 29 2 18 9 17 8 20 2 20 19 1 1 23
split_gain=117.724 220.168 189.296 108.978 84.9628 75.7816 75.117 29.832 5.02099 23.0691 3.92567 3.7415 13.5842 0.0454489
threshold=-0.11475689336657523 -0.31610800325870508 -0.11834492534399031 -2.0296245813369747 -3.4889889955520625 0.64718109369277965 0.22204210609197619 1.664510250091553 0.36878669261932379 0.6556665599346162 1.4403754472732546 2.375457882881165 1.938861131668091 0.63830918073654186
decision_type=2 2 2 2 2 2 2 2 2 2 2 2 2 2
left_child=3 6 5 10 -5 -3 -2 -8 9 -4 11 12 -1 -7
right_child=1 2 8 4 -6 13 7 -9 -10 -11 -12 -13 -14 -15
leaf_value=-0.073251787762040887 0.073265648195426955 0.07417454495643816 0.075321956100243934 0.073171490747434717 -0.073328755925854097 -0.083162309817813307 -0.073283046448778255 0.073129108602597567 0.073421379508214021 -0.019292566433261233 0.073251988791869144 0.073159775422274864 0.073233274718044625 -0.073417795097366276
leaf_weight=2.7909816130995768 10.97233986854553 11.104657649993895 26.289547204971313 10.956148624420164 102.35001482069492 1.2353535071015347 74.478993840515614 3.6495962142944327 135.53470587730408 8.5337795093655568 14.626664400100706 3.6513721942901611 3.655611515045166 38.126742728054523
leaf_count=25 3 3 7 3 916 10 667 1 37 40 4 1 1 341
internal_value=-1.10405e-06 0.0171047 0.0438739 -0.0384095 -0.0591629 -0.0411802 -0.0492392 -0.0664437 0.0690703 0.0521358 0.0566979 0.0327196 0.00981418 -0.0737236
internal_weight=447.957 309.926 220.825 138.031 113.306 50.4668 89.1009 78.1286 170.358 34.8233 24.7246 10.098 6.44659 39.3621
internal_count=2059 1109 438 950 919 354 671 668 84 47 31 27 26 351
is_linear=0
shrinkage=0.05


Tree=10
num_leaves=15
num_cat=0
split_feature=11 29 2 18 9 17 8 20 2 8 18 0 0 26
split_gain=109.368 204.404 175.585 101.277 78.9576 70.3901 69.81 27.7245 4.89508 21.9966 3.64836 3.49645 12.6058 0.0361
threshold=-0.11475689336657523 -0.31610800325870508 -0.11834492534399031 -2.0296245813369747 -3.4889889955520625 0.64718109369277965 0.22204210609197619 1.664510250091553 0.36878669261932379 0.64325788617134105 -3.3987815380096431 -2.8689622879028316 1.2630974650382998 0.3590321689844132
decision_type=2 2 2 2 2 2 2 2 2 2 2 2 2 2
left_child=3 6 5 10 -5 -3 -2 -8 9 -4 -1 -12 -13 -7
right_child=1 2 8 4 -6 13 7 -9 -10 -11 11 12 -14 -15
leaf_value=0.071610115258766358 0.071622030478341162 0.072449041514789078 0.073613273446269917 0.071536540011598357 -0.071679875005541252 -0.079230309404511076 -0.071638286396534703 0.071498065114279183 0.071764809343389344 -0.019200583053296076 0.071592633915397663 -0.071609455162218255 0.071523950292172039 -0.071711613491974815
leaf_weight=14.224346160888674 10.670578718185423 10.808189630508421 25.66357421875 10.653881549835203 99.540392853319645 1.669236585497855 72.431411422789097 3.5487651824951163 131.82416462898254 8.49731197953224 3.5549659729003906 2.7141882032155973 3.5504672527313232 36.626020140945911
leaf_count=4 3 3 7 3 916 14 667 1 37 40 1 25 1 337
internal_value=-1.02374e-06 0.0167024 0.0428226 -0.0375467 -0.0578333 -0.0402359 -0.0481344 -0.0649529 0.0673938 0.0505264 0.0554276 0.0319861 0.0095108 -0.0720393
internal_weight=435.977 301.739 215.088 134.238 110.194 49.1034 86.6508 75.9802 165.985 34.1609 24.044 9.81962 6.26466 38.2953
internal_count=2059 1109 438 950 919 354 671 668 84 47 31 27 26 351
is_linear=0
shrinkage=0.05


Tree=11
num_leaves=15
num_cat=0
split_feature=11 29 2 18 9 17 8 20 2 20 18 0 0 23
split_gain=101.77 190.074 163.12 94.274 73.4977 65.493 64.9847 25.8082 4.78617 21.2263 3.39596 3.2548 11.7352 0.0289702
threshold=-0.11475689336657523 -0.31610800325870508 -0.11834492534399031 -2.0296245813369747 -3.4889889955520625 0.64718109369277965 0.22204210609197619 1.664510250091553 0.36878669261932379 0.6556665599346162 -3.3987815380096431 -2.8689622879028316 1.2630974650382998 0.63830918073654186
decision_type=2 2 2 2 2 2 2 2 2 2 2 2 2 2
left_child=3 6 5 10 -5 -3 -2 -8 9 -4 -1 -12 -13 -7
right_child=1 2 8 4 -6 13 7 -9 -10 -11 11 12 -14 -15
leaf_value=0.070116731552437611 0.070127581907825989 0.070882578117560033 0.072130260679757072 0.070049707567158739 -0.070180763715353311 -0.078191540173201346 -0.070142806796784737 0.070014650240811035 0.07025887819588135 -0.019584590242376767 0.070100800496881083 -0.070116124051996867 0.070038240469467813 -0.070255676883820437
leaf_weight=13.811406850814821 10.360924482345579 10.502442121505736 25.040358066558838 10.343872547149656 96.656425803899765 1.1879514083266247 70.330173015594482 3.4453766345977774 128.01379323005676 8.4332780167460424 3.4517068862915039 2.6353924423456174 3.4471137523651123 36.009880527853966
leaf_count=4 3 3 7 3 916 10 667 1 37 40 1 25 1 341
internal_value=-9.20035e-07 0.0163349 0.0418608 -0.0367623 -0.0566245 -0.0393781 -0.0471299 -0.0635973 0.0658572 0.0490238 0.0542725 0.0313202 0.00931298 -0.0705091
internal_weight=423.67 293.324 209.188 130.346 107 47.7003 84.1365 73.7755 161.487 33.4736 23.3456 9.53421 6.08251 37.1978
internal_count=2059 1109 438 950 919 354 671 668 84 47 31 27 26 351
is_linear=0
shrinkage=0.05


Tree=12
num_leaves=15
num_cat=0
split_feature=11 29 2 18 9 17 8 20 2 8 19 1 1 26
split_gain=94.841 177.004 151.75 87.8872 68.5179 61.0302 60.5834 24.0603 4.69272 20.3084 3.16597 3.01848 10.9568 0.0234248
threshold=-0.11475689336657523 -0.31610800325870508 -0.11834492534399031 -2.0296245813369747 -3.4889889955520625 0.64718109369277965 0.22204210609197619 1.664510250091553 0.36878669261932379 0.64325788617134105 1.4403754472732546 2.375457882881165 1.938861131668091 0.3590321689844132
decision_type=2 2 2 2 2 2 2 2 2 2 2 2 2 2
left_child=3 6 5 10 -5 -3 -2 -8 9 -4 11 12 -1 -7
right_child=1 2 8 4 -6 13 7 -9 -10 -11 -12 -13 -14 -15
leaf_value=-0.068753987666117899 0.068764447152296432 0.069455761112511033 0.070715134361055323 0.068693298152191259 -0.068813473219810684 -0.075041066375284127 -0.068778721295243039 0.068661265453577855 0.068885513682757429 -0.019452295841292273 0.06875487797856461 0.068681435493182161 0.068739971201979652 -0.068840430678477324
leaf_weight=2.5552558451890963 10.045981168746946 10.19019842147827 24.373326063156128 10.028706550598143 93.722478240728378 1.5935344696044911 68.192961722612381 3.3402886390686026 124.13601088523865 8.3959325402975065 13.39155340194702 3.3419351577758789 3.3466997146606445 34.485901974141598
leaf_count=25 3 3 7 3 916 14 667 1 37 40 4 1 1 337
internal_value=-7.87675e-07 0.015998 0.0409774 -0.0360468 -0.0555219 -0.0385963 -0.0462136 -0.0623609 0.0644428 0.047613 0.0532188 0.0307118 0.00921186 -0.0691143
internal_weight=411.141 284.754 203.175 126.387 103.751 46.2696 81.5792 71.5333 156.905 32.7693 22.6354 9.24389 5.90196 36.0794
internal_count=2059 1109 438 950 919 354 671 668 84 47 31 27 26 351
is_linear=0
shrinkage=0.05


Tree=13
num_leaves=15
num_cat=0
split_feature=11 29 2 18 9 17 8 20 2 17 19 1 1 26
split_gain=88.5031 165.051 141.351 82.0449 63.9627 56.9513 56.5573 22.4614 4.61126 19.8125 2.9554 2.81824 10.2288 0.0189539
threshold=-0.11475689336657523 -0.31610800325870508 -0.11834492534399031 -2.0296245813369747 -3.4889889955520625 0.64718109369277965 0.22204210609197619 1.664510250091553 0.36878669261932379 0.80127975344657909 1.4403754472732546 2.375457882881165 1.938861131668091 0.3590321689844132
decision_type=2 2 2 2 2 2 2 2 2 2 2 2 2 2
left_child=3 6 5 10 -5 -3 -2 -8 9 -4 11 12 -1 -7
right_child=1 2 8 4 -6 13 7 -9 -10 -11 -12 -13 -14 -15
leaf_value=-0.067507911315578442 0.067517494950823861 0.068152212812391519 0.069539703903041497 0.067452305208364802 -0.067562803828472268 -0.073240368102973297 -0.067530899728828239 0.067422958241638672 0.06762939717300262 -0.020169320793380976 0.0675087237242811 0.06744143792342519 0.067495064909535094 -0.06758813071151365
leaf_weight=2.4743515625596064 9.7280027866363508 9.8738710880279523 23.743159294128418 9.7106194496154767 90.759651303291321 1.5521265789866436 66.035078354179859 3.2342441082000724 120.21888899803162 8.3083977848291379 12.967562913894652 3.2359004020690918 3.2406940460205078 33.396255791187286
leaf_count=25 3 3 7 3 916 14 667 1 37 40 4 1 1 337
internal_value=-6.33946e-07 0.0156883 0.0401634 -0.0353923 -0.0545134 -0.0378817 -0.0453754 -0.0612298 0.0631367 0.0462853 0.0522549 0.0301562 0.00904499 -0.0678392
internal_weight=398.479 276.09 197.093 122.389 100.47 44.8223 78.9973 69.2693 152.27 32.0516 21.9185 8.95095 5.71505 34.9484
internal_count=2059 1109 438 950 919 354 671 668 84 47 31 27 26 351
is_linear=0
shrinkage=0.05


Tree=14
num_leaves=15
num_cat=0
split_feature=11 29 2 18 9 17 8 20 29 17 18 0 0 26
split_gain=82.6907 154.09 131.815 76.6867 59.785 53.213 52.8645 20.9949 4.55974 20.398 2.76245 2.64812 9.54745 0.0154033
threshold=-0.11475689336657523 -0.31610800325870508 -0.11834492534399031 -2.0296245813369747 -3.4889889955520625 0.64718109369277965 0.22204210609197619 1.664510250091553 0.15640980750322345 0.80127975344657909 -3.3987815380096431 -2.8689622879028316 1.2630974650382998 0.3590321689844132
decision_type=2 2 2 2 2 2 2 2 2 2 2 2 2 2
left_child=3 6 5 10 -5 -3 -2 -8 9 -4 -1 -12 -13 -7
right_child=1 2 8 4 -6 13 7 -9 -10 -11 11 12 -14 -15
leaf_value=0.06636602147124962 0.066373803461190928 0.06695801562010574 0.068699218217014371 0.066313925969083018 -0.066415771878708174 -0.071607504982449208 -0.06638641002369032 0.066286973978935154 0.066489375636598888 -0.023630298744196782 0.0663532059601602 -0.06636500789788348 0.066302861456717627 -0.066439605845964811
leaf_weight=12.542241573333742 9.4089343547821027 9.5555443763732892 23.309903144836429 9.3915402889251691 87.786144994199276 1.5092308595776547 63.869730725884438 3.1278834342956534 116.25688028335571 8.0471207872033101 3.134335994720459 2.3931735008954984 3.1294338703155518 32.302617110311985
leaf_count=4 3 3 7 3 916 14 667 1 37 40 1 25 1 337
internal_value=-4.51667e-07 0.0154023 0.0394103 -0.0347921 -0.0535884 -0.0372267 -0.0446066 -0.0601924 0.0619255 0.0450048 0.0513708 0.0296456 0.0088124 -0.0666703
internal_weight=385.765 267.388 190.981 118.377 97.1777 43.3674 76.4065 66.9976 147.614 31.357 21.1992 8.65694 5.52261 33.8118
internal_count=2059 1109 438 950 919 354 671 668 84 47 31 27 26 351
is_linear=0
shrinkage=0.05


Tree=15
num_leaves=15
num_cat=0
split_feature=11 29 2 18 9 17 8 20 2 29 18 0 0 23
split_gain=77.347 144.012 123.046 71.7605 55.9443 49.7785 49.4695 19.6466 4.5967 19.0015 2.58491 2.47807 8.93471 0.0125853
threshold=-0.11475689336657523 -0.31610800325870508 -0.11834492534399031 -2.0296245813369747 -3.4889889955520625 0.64718109369277965 0.22204210609197619 1.664510250091553 0.36878669261932379 -0.047297203913331025 -3.3987815380096431 -2.8689622879028316 1.2630974650382998 0.63830918073654186
decision_type=2 2 2 2 2 2 2 2 2 2 2 2 2 2
left_child=3 6 5 10 -5 -3 -2 -8 9 -4 -1 -12 -13 -7
right_child=1 2 8 4 -6 13 7 -9 -10 -11 11 12 -14 -15
leaf_value=0.065315135445006597 0.06532230225420145 0.065861230225575065 -0.022173913495471556 0.06526717701677584 -0.065361246502877335 -0.070924957167609298 -0.065334169420427024 0.065242367821283079 0.065463206900225446 0.067283593607490824 0.065303334487825493 -0.065314203964890447 0.065256990183460747 -0.065415478994960641
leaf_weight=12.117602348327638 9.0904455184936506 9.2370142936706525 8.0770764723420161 9.0731248855590803 84.817597225308418 1.0716808885335911 61.708263270556927 3.0217566490173331 112.49351596832275 22.393434286117554 3.0281808376312256 2.3121461123228055 3.0233001708984375 31.604327529668808
leaf_count=4 3 3 40 3 916 10 667 1 37 7 1 25 1 341
internal_value=-2.25457e-07 0.0151375 0.0387108 -0.0342402 -0.052738 -0.0366249 -0.0438998 -0.0592385 0.0607971 0.0435703 0.0505579 0.029177 0.00867322 -0.0655962
internal_weight=373.069 258.698 184.877 114.372 93.8907 41.913 73.8205 64.73 142.964 30.4705 20.4812 8.36363 5.33545 32.676
internal_count=2059 1109 438 950 919 354 671 668 84 47 31 27 26 351
is_linear=0
shrinkage=0.05


Tree=16
num_leaves=13
num_cat=0
split_feature=27 8 29 2 21 4 6 2 0 29 24 4
split_gain=72.746 91.566 171.502 92.2886 45.9545 32.9934 18.7429 17.5231 16.8047 6.03853 0.425156 0.000388011
threshold=-2.5465446710586543 -0.19989445805549619 -0.16553863137960431 -0.23550640046596524 8.281497001647951 2.9155833721160893 8.5401630401611346 -0.26040437817573542 3.8373051881790166 -0.047297203913331025 -1.6289862990379331 -1.620018422603607
decision_type=2 2 2 2 2 2 2 2 2 2 2 2
left_child=10 5 4 8 7 6 11 -3 -4 -5 -1 -2
right_child=1 2 3 9 -6 -7 -8 -9 -10 -11 -12 -13
leaf_value=0.065129354522706281 -0.064899528332006351 0.064303313501981499 -0.064348036676129192 0.0089638493749915442 0.064332286388104773 0.062358458055138191 0.064395568003838874 -0.060412954529316581 0.064233176970185893 0.064383469375898589 0.054779896570861963 -0.064370506007994044
leaf_weight=26.937408447265625 3.6326754167675963 2.9190158843994132 19.992973074316982 5.1454992294311515 8.7668387889862043 5.9261226952075949 2.9294309616088858 80.165516808629036 2.9110491275787345 109.83610881865025 15.710772529244421 75.568123735487461
leaf_count=9 40 1 224 18 3 3 1 855 1 40 18 846
internal_value=2.0897e-08 -0.00822875 0.00838736 0.0436465 -0.0445431 -0.0515798 -0.0598011 -0.0560313 -0.0480057 0.0619034 0.0613168 -0.0643948
internal_weight=360.442 317.793 229.737 137.886 91.8514 88.0564 82.1302 83.0845 22.904 114.982 42.6482 79.2008
internal_count=2059 2032 1142 283 859 890 887 856 225 58 27 886
is_linear=0
shrinkage=0.05


Tree=17
num_leaves=15
num_cat=0
split_feature=11 29 2 18 17 9 8 20 19 1 1 2 29 2
split_gain=68.0329 125.546 108.705 63.1637 57.1788 49.1875 43.27 18.9739 2.26092 2.14849 7.89598 1.48228 6.09936 0.419161
threshold=-0.11475689336657523 -0.31610800325870508 -0.052314700558781617 -2.0296245813369747 0.64718109369277965 -3.4889889955520625 0.22204210609197619 1.664510250091553 1.4403754472732546 2.375457882881165 1.938861131668091 0.63694822788238536 0.12145989760756494 -0.11834492534399031
decision_type=2 2 2 2 2 2 2 2 2 2 2 2 2 2
left_child=3 6 4 8 -3 -5 -2 -8 9 10 -1 12 -4 -6
right_child=1 2 11 5 13 -7 7 -9 -10 -11 -12 -13 -14 -15
leaf_value=-0.063457946187087874 0.063498241855911949 0.064271809119062093 0.016609651952525964 0.063420249827469174 -0.063799829821720042 -0.063520378472663272 -0.063525325325955284 0.065168930669640357 0.063456862949747145 0.063391183497908329 0.063571706210620443 0.063635581084841672 0.064755625132971603 -0.090049971337917506
leaf_weight=2.1524998322129276 8.4750316143035871 11.634569644927977 9.125777527689932 8.4468007087707502 30.501438915729519 79.033838964998722 57.570659026503563 3.0139796733856192 11.280053615570067 2.8120810985565186 2.8338265419006348 96.403949022293091 23.563431978225708 1.6005497053265596
leaf_count=25 3 4 28 3 351 916 667 1 4 1 1 34 8 13
internal_value=7.12365e-07 0.0146645 0.0374347 -0.0332862 -0.0306915 -0.0512635 -0.0423203 -0.057123 0.0491453 0.0284442 0.00873548 0.0605157 0.0513148 -0.0651086
internal_weight=348.448 241.889 172.83 106.559 43.7366 87.4806 69.0597 60.5846 19.0785 7.79841 4.98633 129.093 32.6892 32.102
internal_count=2059 1109 438 950 368 919 671 668 31 27 26 70 36 364
is_linear=0
shrinkage=0.05


Tree=18
num_leaves=13
num_cat=0
split_feature=27 8 29 2 21 4 6 20 0 29 25 4
split_gain=64.0361 80.4579 150.889 80.9683 40.3095 29.0246 16.4932 15.9681 14.7778 5.66804 0.424687 0.000274923
threshold=-2.5465446710586543 -0.19989445805549619 -0.16553863137960431 -0.23550640046596524 8.281497001647951 2.9155833721160893 8.5401630401611346 1.664510250091553 3.8373051881790166 -0.047297203913331025 1.7821924686431887 -1.620018422603607
decision_type=2 2 2 2 2 2 2 2 2 2 2 2
left_child=10 5 4 8 7 6 11 -3 -4 -5 -1 -2
right_child=1 2 3 9 -6 -7 -8 -9 -10 -11 -12 -13
leaf_value=0.052735507114639417 -0.063106995800749507 -0.058898816837109562 -0.062622520023238037 0.0081074214994568336 0.062613105409669412 0.060553782434779539 0.0626678552784172 0.057374134482807142 0.062516784124661814 0.062601761445592444 0.06342501984961077 -0.062645266138672898
leaf_weight=14.735376253724096 3.3790190964937201 74.677547462284565 18.570969969034198 5.0052834451198569 8.1447353363037092 5.5177486166357985 2.7219486236572257 3.074383780360221 2.7025022506713858 102.234120875597 25.151251077651978 70.207476198673248
leaf_count=18 40 853 224 18 3 3 1 3 1 40 9 846
internal_value=4.00109e-07 -0.00800768 0.00808987 0.0423818 -0.0432154 -0.0501882 -0.0581957 -0.0543013 -0.0467253 0.0600583 0.059476 -0.0626665
internal_weight=336.122 296.236 214.41 128.513 85.8967 81.8262 76.3084 77.7519 21.2735 107.239 39.8866 73.5865
internal_count=2059 2032 1142 283 859 890 887 856 225 58 27 886
is_linear=0
shrinkage=0.05


Tree=19
num_leaves=13
num_cat=0
split_feature=27 8 29 2 15 4 6 26 0 29 24 4
split_gain=59.8784 75.5646 141.212 75.8716 39.0403 27.2543 15.4914 15.0413 13.881 5.56023 0.449465 0.0002291
threshold=-2.5465446710586543 -0.19989445805549619 -0.16553863137960431 -0.23550640046596524 -3.3742436170577998 2.9155833721160893 8.5401630401611346 0.46611730754375463 3.8373051881790166 -0.047297203913331025 -1.6289862990379331 -1.620018422603607
decision_type=2 2 2 2 2 2 2 2 2 2 2 2
left_child=10 5 4 8 -3 6 11 -6 -4 -5 -1 -2
right_child=1 2 3 9 7 -7 -8 -9 -10 -11 -12 -13
leaf_value=0.062623924907870041 -0.062307027373806827 0.062357697430555227 -0.061856403609948388 0.007716764145256523 -0.058193979318891066 0.059664696063857263 0.061898351728083945 0.05641235942077602 0.061758233943016078 0.061785931854491417 0.051451971085022911 -0.061877534247257629
leaf_weight=24.256956100463867 3.2544389665126792 8.0279891490936262 17.878472268581394 4.9959828630089751 72.13998893648386 5.3248701095581046 2.6205661296844474 2.9812165871262541 2.6014704704284659 98.499490231275558 14.316152378916739 67.590914189815521
leaf_count=9 40 3 224 18 853 3 1 3 1 40 18 846
internal_value=9.65225e-07 -0.00788816 0.0079656 0.041776 -0.0424457 -0.0495644 -0.0574814 -0.0536458 -0.0461542 0.0591759 0.0584775 -0.0618973
internal_weight=324.489 285.915 207.125 123.975 83.1492 78.7908 73.4659 75.1212 20.4799 103.495 38.5731 70.8454
internal_count=2059 2032 1142 283 859 890 887 856 225 58 27 886
is_linear=0
shrinkage=0.05


Tree=20
num_leaves=15
num_cat=0
split_feature=3 8 29 2 17 6 21 20 1 1 2 2 27 4
split_gain=56.2591 69.9907 120.469 57.6793 44.4783 40.8841 38.3993 16.0855 2.20518 3.12572 6.93274 2.07303 0.00601107 0.00018393
threshold=-2.305652260780334 -0.19989445805549619 -0.28841057419776911 -0.052314700558781617 0.82752549648284923 8.5401630401611346 8.281497001647951 1.664510250091553 0.22544953972101214 -0.260855883359909 2.1820497512817387 0.63694822788238536 -2.4215221405029292 -1.620018422603607
decision_type=2 2 2 2 2 2 2 2 2 2 2 2 2 2
left_child=8 5 6 4 -4 12 7 -3 9 10 -1 -5 -2 -14
right_child=1 2 3 11 -6 -7 -8 -9 -10 -11 -12 -13 13 -15
leaf_value=-0.061234536083309733 -0.065263935834266082 -0.061459471523254941 0.062182987977087371 0.043633345156939063 -0.063629267738413736 0.061206624383705811 0.061635004466206282 0.062683399006443846 0.061178568906146126 0.061176998072906885 0.061044368283137009 0.061447390750154741 -0.061565058967251944 -0.061172663622478321
leaf_weight=2.160486087203024 0.91820850223302741 62.022668279707432 10.615504264831545 21.181027434766293 20.769135728478432 7.5728497505187979 7.7349002361297599 2.7239372730255118 31.17131257802248 5.0397050380706787 2.5010147094726562 71.325577735900879 3.1320771723985663 64.197843953967094
leaf_count=28 10 798 4 34 258 3 3 1 14 2 1 28 40 835
internal_value=1.48309e-06 -0.00821195 0.00754257 0.037497 -0.0210747 -0.0490154 -0.043658 -0.0562367 0.0546995 0.0338814 0.00437123 0.0573685 -0.0612457 -0.0611909
internal_weight=313.066 272.194 196.373 123.891 31.3846 75.821 72.4815 64.7466 40.8725 9.70121 4.6615 92.5066 68.2481 67.3299
internal_count=2059 2014 1126 324 262 888 802 799 45 31 29 62 885 875
is_linear=0
shrinkage=0.05


Tree=21
num_leaves=15
num_cat=0
split_feature=3 8 29 2 17 6 21 20 2 1 12 1 27 4
split_gain=52.8627 65.8301 113.071 53.9761 41.7843 38.4556 36.1093 15.126 2.15733 2.06231 2.94054 6.52121 0.00498336 0.000153867
threshold=-2.305652260780334 -0.19989445805549619 -0.28841057419776911 -0.052314700558781617 0.82752549648284923 8.5401630401611346 8.281497001647951 1.664510250091553 0.63694822788238536 0.22544953972101214 5.5209815502166757 0.20070447027683261 -2.4215221405029292 -1.620018422603607
decision_type=2 2 2 2 2 2 2 2 2 2 2 2 2 2
left_child=9 5 6 4 -4 12 7 -3 -5 10 11 -1 -2 -14
right_child=1 2 3 8 -6 -7 -8 -9 -10 -11 -12 -13 13 -15
leaf_value=-0.0605673528463396 -0.064301974625786074 -0.060779263216024074 0.061449072966320108 0.042362466646582955 -0.062849904864758041 0.060541278573539338 0.060940299198170234 0.061912762813051039 0.060766695382039597 0.06043377510241682 0.060514423386588634 0.06038895935505554 -0.060875823666789466 -0.060509850801326252
leaf_weight=2.0771803259849531 0.88616001605987449 59.641261540353298 10.215312004089357 20.737074613571167 19.994962692260742 7.2806701660156241 7.4394063949584952 2.6225194931030265 68.587660551071167 30.007205195724964 4.8453314304351807 2.4039394855499268 3.0121975243091574 61.718778796494007
leaf_count=28 10 798 4 34 258 3 3 1 28 14 2 1 40 835
internal_value=-2.46784e-08 -0.00811041 0.00744107 0.0369545 -0.0208194 -0.0484811 -0.043172 -0.0556115 0.0564941 0.054051 0.0335148 0.00432082 -0.0605779 -0.0605269
internal_weight=301.47 262.136 189.238 119.535 30.2103 72.8978 69.7032 62.2638 89.3247 39.3337 9.32645 4.48112 65.6171 64.731
internal_count=2059 2014 1126 324 262 888 802 799 62 45 31 29 885 875
is_linear=0
shrinkage=0.05


Tree=22
num_leaves=15
num_cat=0
split_feature=3 8 29 2 17 6 21 20 23 1 12 1 27 4
split_gain=49.7024 61.958 106.188 50.528 39.2819 36.1955 33.9791 14.2334 2.26111 1.92962 2.76779 6.13855 0.00414092 0.000128955
threshold=-2.305652260780334 -0.19989445805549619 -0.28841057419776911 -0.052314700558781617 0.82752549648284923 8.5401630401611346 8.281497001647951 1.664510250091553 0.52520525455474865 0.22544953972101214 5.5209815502166757 0.20070447027683261 -2.4215221405029292 -1.620018422603607
decision_type=2 2 2 2 2 2 2 2 2 2 2 2 2 2
left_child=9 5 6 4 -4 12 7 -3 -5 10 11 -1 -2 -14
right_child=1 2 3 8 -6 -7 -8 -9 -10 -11 -12 -13 13 -15
leaf_value=-0.059946422646680542 -0.063413407100999686 -0.060146264379921079 0.060767247396738402 0.039565029742465042 -0.062123857942675213 0.059922036630912535 0.060294181489068371 0.061197583712502425 0.059729435299754476 0.059734215649799409 0.059897041001737643 0.059780153412551731 -0.060234660643944817 -0.059892905552246224
leaf_weight=1.9958210065960864 0.85445184260606666 57.314412251114845 9.8233604431152362 17.423309355974197 19.236429415643215 6.9953379631042472 7.1504869461059561 2.523028850555419 68.796529799699783 28.869527913630009 4.6553208827972412 2.3093938827514648 2.8950147479772559 59.298092655837536
leaf_count=28 10 798 4 31 258 3 3 1 31 14 2 1 40 835
internal_value=-1.56726e-06 -0.00801476 0.00734479 0.0364369 -0.0205818 -0.0479838 -0.0427198 -0.0550298 0.0556546 0.053443 0.0331736 0.00427704 -0.0599563 -0.0599088
internal_weight=290.141 252.31 182.268 115.28 29.0598 70.0429 66.9879 59.8374 86.2198 37.8301 8.96054 4.30521 63.0476 62.1931
internal_count=2059 2014 1126 324 262 888 802 799 62 45 31 29 885 875
is_linear=0
shrinkage=0.05


Tree=23
num_leaves=15
num_cat=0
split_feature=11 29 2 18 5 9 8 26 17 2 23 19 2 1
split_gain=46.7586 87.7774 88.2841 44.7489 37.9547 34.0525 12.3512 12.7254 11.3051 3.41118 4.25031 1.59405 1.45882 5.50921
threshold=-0.11475689336657523 -0.16553863137960431 -0.23550640046596524 -2.0296245813369747 0.28493395447731024 -3.4889889955520625 0.22204210609197619 0.46611730754375463 0.64718109369277965 -0.030531420372426506 0.50930899381637584 1.4403754472732546 -1.7190051078796384 1.938861131668091
decision_type=2 2 2 2 2 2 2 2 2 2 2 2 2 2
left_child=3 4 8 11 -2 -5 -6 -8 -3 10 -4 12 -1 -14
right_child=1 2 9 5 6 -7 7 -9 -10 -11 -12 -13 13 -15
leaf_value=0.05924247840666011 0.059770410618928321 0.059192574723419905 0.060415511210574757 0.059277692703543751 0.060501537390668596 -0.05942829454163976 -0.060569961767814262 0.053329467495224575 -0.059297676755939069 0.059781472411116782 -0.0075418908747130094 0.059636692461079194 -0.059307446485456307 0.059572375698246763
leaf_weight=2.2222275733947745 9.2011916637420637 2.2139575481414822 4.8159253597259504 6.6840631961822501 2.4209542274475089 62.843560472130775 50.133663281798363 2.578389160335063 22.180814683437347 96.284561157226562 4.405698299407959 9.1309139728546125 1.7043019533157351 2.2761268615722656
leaf_count=1 4 1 2 3 1 916 709 3 326 42 21 4 25 1
internal_value=-3.16665e-06 0.0135242 0.0371786 -0.0309655 -0.0342378 -0.0480165 -0.0499269 -0.0549986 -0.048544 0.0569991 0.0279484 0.0463496 0.0267896 0.00867155
internal_weight=279.096 194.235 129.901 84.8612 64.3342 69.5276 55.133 52.7121 24.3948 105.506 9.22162 15.3336 6.20266 3.98043
internal_count=2059 1109 392 950 717 919 713 712 327 65 23 31 27 26
is_linear=0
shrinkage=0.05


Tree=24
num_leaves=15
num_cat=0
split_feature=3 8 29 2 6 22 16 5 1 1 2 29 9 27
split_gain=44.0465 54.9896 94.5209 55.8387 32.1158 29.9081 20.8672 10.1787 1.69842 2.45588 5.44594 0.425924 0.0266999 0.00295633
threshold=-2.305652260780334 -0.19989445805549619 -0.047297203913331025 -0.23550640046596524 8.5401630401611346 -0.54004815220832814 -0.42812784016132349 -0.84569627046585072 0.22544953972101214 -0.260855883359909 2.1820497512817387 -0.31610800325870508 -0.17301663011312482 -2.4215221405029292
decision_type=2 2 2 2 2 2 2 2 2 2 2 2 2 2
left_child=8 4 5 7 13 6 -3 -4 9 10 -1 -7 -5 -2
right_child=1 2 3 12 -6 11 -8 -9 -10 -11 -12 -13 -14 -15
leaf_value=-0.05882357814327685 -0.061866630805667094 0.041593157899659346 0.058664235720388258 0.057139720691427788 0.058803558709251184 -0.058858262330602235 -0.040461357819337566 -0.058720052959350524 0.05851192869611313 0.058781266924084141 0.058677063657173956 -0.073111953971291083 0.059203055122553631 -0.058794638695377335
leaf_weight=1.8387319520115837 0.79401390254497428 16.533791534602646 2.1244666576385525 21.917985752224922 6.4451301097869864 38.254816547036171 14.581400990486143 14.127993449568747 26.657402135431767 4.2887730598449707 2.1266825199127197 6.0730743259191504 55.078148126602173 57.310063347220421
leaf_count=28 10 44 1 13 3 581 184 217 14 2 1 61 25 875
internal_value=-3.16892e-06 -0.00784319 0.00717462 0.0408394 -0.0470904 -0.0344355 0.00314024 -0.043376 0.0523752 0.0325563 0.00419293 -0.0608111 0.0586157 -0.0588366
internal_weight=268.152 233.241 168.692 93.2486 64.5492 75.4431 31.1152 16.2525 34.9116 8.25419 3.96541 44.3279 76.9961 58.1041
internal_count=2059 2014 1126 256 888 870 228 218 45 31 29 642 38 885
is_linear=0
shrinkage=0.05


Tree=25
num_leaves=14
num_cat=0
split_feature=27 8 29 2 22 8 24 21 5 25 29 2 4
split_gain=41.5039 52.5517 99.488 47.4654 27.6743 22.0922 19.4228 10.7967 9.44126 0.354631 0.302672 0.00806676 7.98832e-05
threshold=-2.5465446710586543 -0.19989445805549619 0.062910467386245741 -0.23550640046596524 -0.54004815220832814 0.81680306792259227 -3.5067200660705562 8.281497001647951 -0.84569627046585072 1.7821924686431887 -0.31610800325870508 0.91586321592330944 -1.620018422603607
decision_type=2 2 2 2 2 2 2 2 2 2 2 2 2
left_child=9 6 4 8 5 -3 -2 12 -4 -1 -6 -5 -8
right_child=1 2 3 11 10 -7 7 -9 -10 -11 -12 -13 -14
leaf_value=0.047690902880673916 0.058283965378708752 0.03065573610630571 0.058170573613706325 0.059268146539991108 -0.05834859552899041 -0.058801603305216214 -0.058564725616473357 0.058292115216758804 -0.058208214190890041 0.058823338453262743 -0.069467837242909378 0.058204647052836324 -0.058278887928429182
leaf_weight=11.406754873692991 4.1156315803527823 20.96377927064896 2.0375697612762442 28.728675842285156 37.190374650061131 10.288755021989344 2.562112793326377 2.0592644214630118 12.042138010263441 19.187061786651611 7.3256728947162619 47.003234386444092 53.162111524492502
leaf_count=18 2 83 1 13 589 158 40 1 193 9 82 23 847
internal_value=-3.41451e-06 -0.00735683 0.00733685 0.0429352 -0.0348593 0.00120518 -0.0466624 -0.0541373 -0.0413663 0.0546727 -0.0601784 0.0586081 -0.058292
internal_weight=258.073 227.479 165.58 89.8116 75.7686 31.2525 61.8991 57.7835 14.0797 30.5938 44.516 75.7319 55.7242
internal_count=2059 2032 1142 230 912 241 890 888 194 27 671 36 887
is_linear=0
shrinkage=0.05


Tree=26
num_leaves=15
num_cat=0
split_feature=3 8 29 2 17 6 21 20 2 1 1 2 27 4
split_gain=39.0964 48.9693 83.7212 39.5315 31.9173 28.6543 27.8035 11.7677 2.14063 1.51221 2.19874 4.86038 0.00452841 6.71022e-05
threshold=-2.305652260780334 -0.19989445805549619 -0.28841057419776911 -0.052314700558781617 0.82752549648284923 8.5401630401611346 8.281497001647951 1.664510250091553 0.63694822788238536 0.22544953972101214 -0.260855883359909 2.1820497512817387 -2.4215221405029292 -1.620018422603607
decision_type=2 2 2 2 2 2 2 2 2 2 2 2 2 2
left_child=9 5 6 4 -4 12 7 -3 -5 10 11 -1 -2 -14
right_child=1 2 3 8 -6 -7 -8 -9 -10 -11 -12 -13 13 -15
leaf_value=-0.057899926639534353 -0.061655258645537482 -0.058144406354427018 0.058876048286839094 0.038150127940712139 -0.059905743695765651 0.05785783958312686 0.058494826975037433 0.059289846733341159 0.058068755964617851 0.057440109018373889 0.057809341586386287 0.057719902711524523 -0.058078298580379599 -0.057810691167222164
leaf_weight=1.6985357366502276 0.78237155824899574 49.142875663936138 8.593229293823244 17.749642863869667 16.542534984648228 5.9420323371887198 6.2685394287109366 2.2300486564636222 56.185723662376404 24.579775974154472 3.943419337272644 1.9553619623184204 2.457051057368516 50.248275086283684
leaf_count=28 10 798 4 34 258 3 3 1 28 14 2 1 40 835
internal_value=-5.80521e-06 -0.00766065 0.00699524 0.0348712 -0.0192975 -0.0463073 -0.0409165 -0.0530467 0.0532869 0.0514139 0.0319171 0.00397335 -0.0578792 -0.0578232
internal_weight=248.319 216.142 156.713 99.0711 25.1358 59.4297 57.6415 51.3729 73.9354 32.1771 7.59732 3.6539 53.4877 52.7053
internal_count=2059 2014 1126 324 262 888 802 799 62 45 31 29 885 875
is_linear=0
shrinkage=0.05


Tree=27
num_leaves=15
num_cat=0
split_feature=3 8 29 2 6 22 16 0 1 12 1 29 9 27
split_gain=36.8527 46.2132 79.5875 46.8864 27.043 25.5985 17.5847 8.53972 1.41775 2.0754 4.58722 0.317712 0.0243686 0.00379405
threshold=-2.305652260780334 -0.19989445805549619 -0.047297203913331025 -0.23550640046596524 8.5401630401611346 -0.54004815220832814 -0.42812784016132349 3.8373051881790166 0.22544953972101214 5.5209815502166757 0.20070447027683261 -0.28841057419776911 -0.17301663011312482 -2.4215221405029292
decision_type=2 2 2 2 2 2 2 2 2 2 2 2 2 2
left_child=8 4 5 7 13 6 -3 -4 9 10 -1 -7 -5 -2
right_child=1 2 3 12 -6 11 -8 -9 -10 -11 -12 -13 -14 -15
leaf_value=-0.057455627500735545 -0.060960472724651396 0.039663878027672218 -0.057325438377284078 0.055675668554193272 0.057416113103485468 -0.057559785191924673 -0.038803321805137611 0.057268085911473893 0.05691530547635755 0.057371000887863545 0.057286318336673261 -0.071029002816682618 0.057767551154982444 -0.057383750687817293
leaf_weight=1.6278742291033295 0.75248106196522613 15.210532598197462 12.445329111069437 19.483295671641827 5.6946177482604972 34.370795972645283 13.45675904676318 1.8700842857360847 23.591138929128647 3.7791661024093628 1.8735818862915039 5.0172207802534095 48.771547913551331 50.509026397019625
leaf_count=28 10 44 217 13 3 589 184 1 14 2 1 53 25 875
internal_value=-7.44855e-06 -0.0075878 0.00691927 0.0399153 -0.045953 -0.0331143 0.00283046 -0.0423556 0.0509628 0.0316751 0.00394124 -0.0592755 0.0571704 -0.0574363
internal_weight=238.453 207.582 150.626 82.5703 56.9561 68.0553 28.6673 14.3154 30.8718 7.28062 3.50146 39.388 68.2548 51.2615
internal_count=2059 2014 1126 256 888 870 228 218 45 31 29 642 38 885
is_linear=0
shrinkage=0.05


Tree=28
num_leaves=14
num_cat=0
split_feature=27 8 29 2 22 8 24 21 0 24 29 2 13
split_gain=34.7472 44.1289 83.9062 39.8559 23.7767 18.8984 16.3336 9.0836 7.92847 0.34213 0.229768 0.00602034 4.89657e-05
threshold=-2.5465446710586543 -0.19989445805549619 0.062910467386245741 -0.23550640046596524 -0.54004815220832814 0.81680306792259227 -3.5067200660705562 8.281497001647951 3.8373051881790166 -1.6289862990379331 -0.31610800325870508 0.91586321592330944 1.4057022333145144
decision_type=2 2 2 2 2 2 2 2 2 2 2 2 2
left_child=9 6 4 8 5 -3 -2 12 -4 -1 -6 -5 -8
right_child=1 2 3 11 10 -7 7 -9 -10 -11 -12 -13 -14
leaf_value=0.057449657960088253 0.056967267858961779 0.028927051770058439 -0.056887756812839724 0.057874778206192239 -0.057024604173675442 -0.057693798376716621 -0.056953994723349055 0.056977267195523235 0.056863553512135213 0.045855539433149753 -0.067148336074975293 0.056898962961608457 -0.057113922313670788
leaf_weight=16.969710230827335 3.6233320236206046 19.513271410018209 10.579278994351622 25.583683490753174 32.739684816449881 9.2968294434249383 43.669833622872829 1.8136297464370716 1.791213512420655 10.179949708282946 6.7622622400522223 41.357896208763123 5.3752553015947333
leaf_count=9 2 83 193 13 589 158 791 1 1 18 82 23 96
internal_value=-7.7239e-06 -0.0071422 0.00705132 0.0420351 -0.0335658 0.000975075 -0.0456008 -0.0529081 -0.0404169 0.0531024 -0.0587577 0.0572719 -0.0569715
internal_weight=229.256 202.106 147.624 79.3121 68.312 28.8101 54.4821 50.8587 12.3705 27.1497 39.5019 66.9416 49.0451
internal_count=2059 2032 1142 230 912 241 890 888 194 27 671 36 887
is_linear=0
shrinkage=0.05


Tree=29
num_leaves=15
num_cat=0
split_feature=9 11 29 2 21 8 5 8 0 29 6 1 2 27
split_gain=32.9186 44.6177 67.2325 44.5286 31.5128 13.1951 10.1518 7.94016 7.72861 3.43131 3.12508 4.6078 0.777466 0.00462933
threshold=-2.9657799005508418 0.1859131529927254 -0.16553863137960431 -0.23550640046596524 -1.9706239104270933 0.61929538846015941 0.28493395447731024 0.63551810383796703 3.8373051881790166 0.062910467386245741 8.5401630401611346 1.938861131668091 0.88066920638084423 -2.2421318292617793
decision_type=2 2 2 2 2 2 2 2 2 2 2 2 2 2
left_child=-1 4 5 8 10 12 -7 13 -4 -5 11 -2 -3 -6
right_child=1 2 3 9 7 6 -8 -9 -10 -11 -12 -13 -14 -15
leaf_value=0.055533673937722398 -0.056726692883290866 0.058098553816427673 -0.056585604577357562 0.017984377045986554 -0.060073903783732452 0.05795558094508288 -0.057962973928552666 0.031253662447481706 0.05648415373200865 0.056777993219842698 0.057468568976029692 0.056909484175713759 0.018312131943348905 -0.056710760527773366
leaf_weight=23.79512332752347 1.7682847306132299 2.0246191024780265 12.722997270524498 6.2612053751945487 1.0422475747764099 1.9987008571624745 34.335677459836006 2.6822029761970034 1.7150094509124763 63.601286888122559 7.4790014028549194 1.8002921342849731 3.1201272830367088 56.037677988409996
leaf_count=18 33 1 241 22 15 1 606 12 1 36 4 1 21 1047
internal_value=-1.02025e-05 -0.00673322 0.0111393 0.0367814 -0.0384802 -0.0409748 -0.0515865 -0.0528215 -0.0431547 0.0533012 0.0390993 0.00060101 0.0339693 -0.0567722
internal_weight=220.384 196.589 125.78 84.3005 70.8097 41.4791 36.3344 59.7621 14.438 69.8625 11.0476 3.56858 5.14475 57.0799
internal_count=2059 2041 929 300 1112 629 607 1074 242 58 38 34 22 1062
is_linear=0
shrinkage=0.05


Tree=30
num_leaves=15
num_cat=0
split_feature=3 8 29 2 6 22 16 0 4 2 21 29 9 27
split_gain=31.0626 39.0269 66.7447 39.5665 22.7797 22.2285 15.0306 7.20437 1.5787 2.0367 4.1531 0.220514 0.0259323 0.00432154
threshold=-2.305652260780334 -0.19989445805549619 -0.047297203913331025 -0.23550640046596524 8.5401630401611346 -0.54004815220832814 -0.42812784016132349 3.8373051881790166 1.1474715471267702 2.1820497512817387 1.0192610621452334 -0.28841057419776911 -0.17301663011312482 -2.4215221405029292
decision_type=2 2 2 2 2 2 2 2 2 2 2 2 2 2
left_child=8 4 5 7 13 6 -3 -4 9 10 -1 -7 -5 -2
right_child=1 2 3 12 -6 11 -8 -9 -10 -11 -12 -13 -14 -15
leaf_value=-0.056981317683227575 -0.060148968810051495 0.038087095947125033 -0.056201662058096229 0.054280434728371296 0.056243140070890978 -0.056395304016780778 -0.0372903822340927 0.056128054526209087 0.056608175542239882 0.056144390847657627 0.056141286722796072 -0.068126244799817964 0.056577357820869228 -0.056224381124858218
leaf_weight=1.6017722934484508 0.71271346881985564 14.112053308635952 10.946042664349076 17.204671710729599 4.9959591627120963 30.260421644896269 12.446474466472862 1.6414552927017219 20.689122796058655 3.2897459268569946 1.6442252397537231 4.6172335967421523 43.001272559165955 44.347744841128588
leaf_count=30 10 44 217 13 3 589 184 1 12 2 1 53 25 875
internal_value=-1.14355e-05 -0.0073762 0.00667494 0.0390656 -0.0450553 -0.0317036 0.00276195 -0.0415535 0.0498409 0.0284189 0.000319724 -0.0579483 0.055921 -0.0562865
internal_weight=211.511 184.286 134.23 72.7934 50.0564 61.4362 26.5585 12.5875 27.2249 6.53574 3.246 34.8777 60.2059 45.0605
internal_count=2059 2014 1126 256 888 870 228 218 45 33 31 642 38 885
is_linear=0
shrinkage=0.05


Tree=31
num_leaves=15
num_cat=0
split_feature=9 11 29 2 21 8 5 8 0 29 6 1 2 27
split_gain=29.4021 39.3685 59.9696 39.5877 28.7234 12.0214 9.21062 7.14149 6.90511 3.40534 2.84661 4.12296 0.727539 0.00333558
threshold=-2.9657799005508418 0.1859131529927254 -0.16553863137960431 -0.23550640046596524 -1.9706239104270933 0.61929538846015941 0.28493395447731024 0.63551810383796703 3.8373051881790166 0.062910467386245741 8.5401630401611346 1.938861131668091 0.88066920638084423 -2.2421318292617793
decision_type=2 2 2 2 2 2 2 2 2 2 2 2 2 2
left_child=-1 4 5 8 10 12 -7 13 -4 -5 11 -2 -3 -6
right_child=1 2 3 9 7 6 -8 -9 -10 -11 -12 -13 -14 -15
leaf_value=0.054685878656821355 -0.05605148705859006 0.057355880247631941 -0.055887518705993712 0.016665241486085093 -0.05897807912508312 0.057227048530360418 -0.057187919693412526 0.029662574262390919 0.05579357410636139 0.056055842814895743 0.056968899174058611 0.056168019739281677 0.017752748081282882 -0.056007966366996544
leaf_weight=21.918332599103451 1.624341066926716 1.8868839740753163 11.656673956662413 6.0568594709038726 0.96300552785396476 1.862193465232848 31.738568525761366 2.5476978607475749 1.5705239772796638 58.290767073631287 7.0059623718261719 1.6498103141784668 3.0090183019638062 51.39054861292243
leaf_count=18 33 1 241 22 15 1 606 12 1 36 4 1 21 1047
internal_value=-1.15811e-05 -0.00662597 0.0108363 0.036154 -0.0377219 -0.0401815 -0.0508469 -0.0520845 -0.0426271 0.0523481 0.0389822 0.000494738 0.0330158 -0.0560626
internal_weight=203.171 181.253 116.071 77.5748 65.1814 38.4967 33.6008 54.9013 13.2272 64.3476 10.2801 3.27415 4.8959 52.3536
internal_count=2059 2041 929 300 1112 629 607 1074 242 58 38 34 22 1062
is_linear=0
shrinkage=0.05


Tree=32
num_leaves=15
num_cat=0
split_feature=3 8 29 2 17 21 6 20 23 4 2 21 27 16
split_gain=27.7613 34.8899 59.6581 27.7814 24.3369 20.8067 20.3443 9.50064 1.91647 1.41008 1.82201 3.7105 0.00308303 0.000525129
threshold=-2.305652260780334 -0.19989445805549619 -0.28841057419776911 -0.052314700558781617 0.82752549648284923 8.281497001647951 8.5401630401611346 1.664510250091553 0.52520525455474865 1.1474715471267702 2.1820497512817387 1.0192610621452334 -2.4215221405029292 -1.0518190264701841
decision_type=2 2 2 2 2 2 2 2 2 2 2 2 2 2
left_child=9 6 5 4 -4 7 12 -3 -5 10 11 13 -2 -1
right_child=1 2 3 8 -6 -7 -8 -9 -10 -11 -12 -13 -14 -15
leaf_value=-0.055625280525798883 -0.059016542666961117 -0.056032048026691608 0.057032379948672954 0.033048403484086712 -0.057758241123805731 0.056437727216601799 0.055574891983500067 0.057590435027746745 0.055359577347326133 0.055912122915383722 0.055492254174687242 0.055489502064262911 -0.055565275092216593 -0.057690067271228801
leaf_weight=1.0286433100700403 0.65756537020206351 38.852301139384508 7.1247764825820949 12.185264140367506 13.120084337890146 5.1033403873443595 4.5691293478012076 1.9312235116958607 45.807734906673431 18.968023657798767 3.0101101398468018 1.5044502019882202 40.592486009001732 0.43950035795569431
leaf_count=22 10 798 4 31 258 3 3 1 31 12 2 1 875 8
internal_value=-1.28565e-05 -0.00724353 0.006521 0.0330678 -0.01736 -0.0387417 -0.0445318 -0.0506517 0.0506716 0.0492366 0.0280719 0.000305395 -0.0556203 -0.0562434
internal_weight=194.895 169.944 124.125 78.2379 20.2449 45.8869 45.8192 40.7835 57.993 24.9507 5.9827 2.97259 41.2501 1.46814
internal_count=2059 2014 1126 324 262 802 888 799 62 45 33 31 885 30
is_linear=0
shrinkage=0.05


Tree=33
num_leaves=15
num_cat=0
split_feature=3 8 29 2 22 6 16 0 4 2 21 29 9 27
split_gain=26.2477 33.0007 56.7597 33.4006 19.3678 19.2438 12.5477 6.08365 1.33254 1.72392 3.509 0.188756 0.028749 0.00260166
threshold=-2.305652260780334 -0.19989445805549619 -0.047297203913331025 -0.23550640046596524 -0.54004815220832814 8.5401630401611346 -0.42812784016132349 3.8373051881790166 1.1474715471267702 2.1820497512817387 1.0192610621452334 -0.28841057419776911 -0.17301663011312482 -2.4215221405029292
decision_type=2 2 2 2 2 2 2 2 2 2 2 2 2 2
left_child=8 5 4 7 6 13 -3 -4 9 10 -1 -6 -5 -2
right_child=1 2 3 12 11 -7 -8 -9 -10 -11 -12 -13 -14 -15
leaf_value=-0.055905217115414407 -0.058501444557126296 0.036525241320202476 -0.055239752603317142 0.053038796079153266 -0.055426551474713051 0.055273525732272746 -0.035734843825340291 0.055175433530454579 0.055591431964194887 0.055195781766529999 0.055193189777157974 -0.066672242694706244 0.05561474613309017 -0.055264553564608979
leaf_weight=1.4047747515141991 0.63086308538913627 12.861645042896273 9.567614577710625 15.162904590368269 26.549814090132717 4.3693873882293692 11.273669213056563 1.434569954872132 18.14439058303833 2.8782956600189209 1.438565731048584 4.3415403366088858 37.91767680644989 38.817557040601969
leaf_count=30 10 44 217 13 589 3 184 1 12 2 1 53 25 875
internal_value=-1.44071e-05 -0.00718786 0.00646071 0.0384447 -0.0307871 -0.0442886 0.00277236 -0.0408428 0.0489569 0.0279176 0.000304147 -0.057007 0.0548789 -0.0553163
internal_weight=186.793 162.927 119.109 64.0828 55.0267 43.8178 24.1353 11.0022 23.866 5.72164 2.84334 30.8914 53.0806 39.4484
internal_count=2059 2014 1126 256 870 888 228 218 45 33 31 642 38 885
is_linear=0
shrinkage=0.05


Tree=34
num_leaves=15
num_cat=0
split_feature=9 11 29 2 21 17 8 5 8 6 1 2 29 27
split_gain=24.8661 32.9033 51.0713 33.5492 24.8385 11.311 10.4214 7.9474 6.10263 2.45415 3.49547 0.645234 0.460081 0.00203689
threshold=-2.9657799005508418 0.1859131529927254 -0.16553863137960431 -0.11834492534399031 -1.9706239104270933 0.84457221627235424 0.61929538846015941 0.28493395447731024 0.63551810383796703 8.5401630401611346 1.938861131668091 0.88066920638084423 0.15640980750322345 -2.2421318292617793
decision_type=2 2 2 2 2 2 2 2 2 2 2 2 2 2
left_child=-1 4 6 5 9 -4 11 -8 13 10 -2 -3 -5 -6
right_child=1 2 3 12 8 -7 7 -9 -10 -11 -12 -13 -14 -15
leaf_value=0.053607926365761983 -0.05516605470769103 0.056329246466123542 0.055218754958572924 0.041769442693808931 -0.05757388452402145 -0.055823426945203973 0.056225907853137726 -0.056297316508575168 0.027946513641603155 0.056188419063005535 0.055215871758909622 0.017105621756565704 0.055137534001030102 -0.055105718798227246
leaf_weight=19.293731015175581 1.4253183640539628 1.6832575798034657 2.8804180622100821 7.4625352025032035 0.85171721875667472 11.251740638166664 1.661866426467898 28.144439496099949 2.3211739249527445 6.2843081951141357 1.4436620473861694 2.7803090438246727 46.802647233009338 45.032047782093287
leaf_count=18 33 1 2 11 15 254 1 606 12 4 1 21 33 1047
internal_value=-1.45843e-05 -0.00647967 0.0104667 0.0354287 -0.0368125 -0.0331908 -0.0393535 -0.0500235 -0.0511502 0.0386953 0.000377788 0.0318973 0.0532992 -0.0551515
internal_weight=179.319 160.025 102.667 68.3973 57.3582 14.1322 34.2699 29.8063 48.2049 9.15329 2.86898 4.46357 54.2652 45.8838
internal_count=2059 2041 929 300 1112 256 629 607 1074 38 34 22 44 1062
is_linear=0
shrinkage=0.05


Tree=35
num_leaves=15
num_cat=0
split_feature=3 8 29 2 22 6 16 0 1 1 2 29 2 27
split_gain=23.5075 29.5577 50.7899 26.4994 20.5888 17.2167 13.0347 5.35106 0.890264 1.3358 2.93269 0.14423 0.0022499 0.00186501
threshold=-2.305652260780334 -0.19989445805549619 0.062910467386245741 -0.23550640046596524 -0.54004815220832814 8.5401630401611346 -0.44003780186176294 3.8373051881790166 0.22544953972101214 -0.260855883359909 2.1820497512817387 -0.28841057419776911 0.91586321592330944 -2.4215221405029292
decision_type=2 2 2 2 2 2 2 2 2 2 2 2 2 2
left_child=8 5 4 7 6 13 -3 -4 9 10 -1 -6 -5 -2
right_child=1 2 3 12 11 -7 -8 -9 -10 -11 -12 -13 -14 -15
leaf_value=-0.054780070348458602 -0.057574103235187572 0.037737238033635982 -0.054688583770267155 0.055433162877932277 -0.054881705806501063 0.05471731067281959 -0.035157602005336956 0.054634502518264266 0.054051086169298324 0.054738504610700858 0.05465065885282562 -0.064170542565106153 0.054704661513956157 -0.054716125892601011
leaf_weight=1.1464200578629997 0.58016299456357856 13.809941783547403 7.6833857148885709 16.24176561832428 24.321768499910835 3.9883949756622306 11.031434033066033 1.310194134712219 16.704916685819626 2.6682791709899902 1.3139834403991699 5.0460199862718573 30.502866625785828 35.467481587082148
leaf_count=28 10 45 191 11 589 3 193 1 14 2 1 73 23 875
internal_value=-1.61314e-05 -0.0070725 0.0063217 0.0398357 -0.0281376 -0.0438558 0.00536646 -0.0387623 0.0484568 0.0302352 0.00366163 -0.0564777 0.0549578 -0.0547621
internal_weight=171.817 149.983 109.947 55.7382 54.2092 40.036 24.8414 8.99358 21.8336 5.12868 2.4604 29.3678 46.7446 36.0476
internal_count=2059 2014 1126 226 900 888 238 192 45 31 29 662 34 885
is_linear=0
shrinkage=0.05


Tree=36
num_leaves=14
num_cat=0
split_feature=9 11 29 2 21 26 10 8 0 6 0 9 29
split_gain=22.2733 29.0819 45.8919 31.0642 22.763 13.0333 7.06396 5.51132 5.21615 2.24294 3.14046 0.030486 0.00156831
threshold=-2.9657799005508418 0.1859131529927254 -0.047297203913331025 -0.23550640046596524 -1.9706239104270933 0.46611730754375463 -1.1111437678337095 0.63551810383796703 3.8373051881790166 8.5401630401611346 -5.2202017307281485 -0.17301663011312482 -0.90000545978546131
decision_type=2 2 2 2 2 2 2 2 2 2 2 2 2
left_child=-1 4 5 8 9 6 -3 12 -4 10 -2 -5 -6
right_child=1 2 3 11 7 -7 -8 -9 -10 -11 -12 -13 -14
leaf_value=0.052920583983426556 0.054675980638090385 0.0044486141358613725 -0.054450866556972989 0.051770584750916039 -0.055935619438200912 0.051409650304824042 -0.056679884202957768 0.026469432566411818 0.054388087631001225 0.055848419047649901 -0.054678077084555902 0.054671154365781217 -0.05456066909513671
leaf_weight=17.733447447419167 1.3199156522750857 5.789238695055249 9.1279614530503714 12.036284968256949 2.1880068443715563 3.9026573002338401 25.734931819140911 2.2048026956617823 1.251798868179322 5.8868241310119629 1.3063286431133727 36.620496034622192 39.783868983387947
leaf_count=18 1 69 237 12 47 7 575 12 1 4 33 28 1015
internal_value=-1.62813e-05 -0.00639571 0.010205 0.0372018 -0.0361579 -0.0347834 -0.045454 -0.0505847 -0.0413249 0.0387064 0.000281826 0.0539536 -0.0546323
internal_weight=164.887 147.153 94.4634 59.0365 52.6897 35.4268 31.5242 44.1767 10.3798 8.51307 2.62624 48.6568 41.9719
internal_count=2059 2041 929 278 1112 651 644 1074 238 38 34 40 1062
is_linear=0
shrinkage=0.05


Tree=37
num_leaves=14
num_cat=0
split_feature=27 8 29 2 22 8 3 6 0 25 29 2 13
split_gain=21.0882 26.6224 50.9222 24.1748 16.0599 12.7049 9.95368 5.475 4.80237 0.247597 0.111128 0.0019799 5.42542e-05
threshold=-2.5465446710586543 -0.19989445805549619 0.062910467386245741 -0.23550640046596524 -0.54004815220832814 0.81680306792259227 -3.9537028074264522 8.5401630401611346 3.8373051881790166 1.7821924686431887 -0.28841057419776911 0.91586321592330944 2.4815829992294316
decision_type=2 2 2 2 2 2 2 2 2 2 2 2 2
left_child=9 6 4 8 5 -3 -2 12 -4 -1 -6 -5 -8
right_child=1 2 3 11 10 -7 7 -9 -10 -11 -12 -13 -14
leaf_value=0.042669057647479414 0.054247168105974623 0.026649810106380418 -0.054188895875713294 0.054876950334214962 -0.054400449718284727 -0.055341473346299921 -0.054220985592698105 0.054202093001963582 0.054155804355067019 0.054608380059475929 -0.062801902833903966 0.054198424071560308 -0.054721834036322171
leaf_weight=6.9554579257965115 2.4357995986938468 15.34105294942856 7.0711202882230264 17.555831670761108 22.5845533721149 6.8274006582796565 32.266377121210098 1.2069801092147816 1.1957260370254514 11.558319807052611 4.766739208251237 27.736677289009094 0.54992093145847221
leaf_count=18 2 83 193 13 597 158 873 1 1 9 74 23 14
internal_value=-1.7626e-05 -0.00667022 0.00631846 0.0401102 -0.0302298 0.00139828 -0.0433925 -0.0503828 -0.0385178 0.0501229 -0.0558646 0.0544614 -0.0542294
internal_weight=158.052 139.538 103.079 53.5594 49.5197 22.1685 36.4591 34.0233 8.26685 18.5138 27.3513 45.2925 32.8163
internal_count=2059 2032 1142 230 912 241 890 888 194 27 671 36 887
is_linear=0
shrinkage=0.05


Tree=38
num_leaves=14
num_cat=0
split_feature=9 11 29 2 21 26 10 8 0 6 1 9 29
split_gain=19.9827 26.1356 40.8541 27.9063 20.6479 11.8539 6.63005 4.94625 4.68223 2.02072 2.84351 0.0319757 0.00188446
threshold=-2.9657799005508418 0.1859131529927254 -0.047297203913331025 -0.23550640046596524 -1.9706239104270933 0.46611730754375463 -1.1111437678337095 0.63551810383796703 3.8373051881790166 8.5401630401611346 1.938861131668091 -0.17301663011312482 -0.90000545978546131
decision_type=2 2 2 2 2 2 2 2 2 2 2 2 2
left_child=-1 4 5 8 9 6 -3 12 -4 10 -2 -5 -6
right_child=1 2 3 11 7 -7 -8 -9 -10 -11 -12 -13 -14
leaf_value=0.052269713720928083 -0.054258510463735025 0.0045511420808835943 -0.054014668176019555 0.051096775768832051 -0.055660946752548027 0.050613392329367846 -0.056074689538322911 0.024448442744721348 0.053936728023076086 0.055348611291813926 0.054242251566009661 0.054198144818603092 -0.054115219825997721
leaf_weight=16.306224573403597 1.1988242529332629 5.5728923901915577 8.3452333137392962 11.05676084756851 2.084759544581174 3.6889201067388049 23.636450484395027 2.1087253317236891 1.1419128179550178 5.4397598505020142 1.2167112827301025 33.466968536376953 36.390198942273855
leaf_count=18 33 69 237 12 47 7 575 12 1 4 1 28 1015
internal_value=-2.03689e-05 -0.00632008 0.010083 0.0368377 -0.0357504 -0.0338418 -0.0445078 -0.0501125 -0.0410212 0.0384497 0.000393594 0.053428 -0.054199
internal_weight=151.654 135.348 86.9091 54.0109 48.439 32.8983 29.2093 40.5837 9.48715 7.8553 2.41554 44.5237 38.475
internal_count=2059 2041 929 278 1112 651 644 1074 238 38 34 40 1062
is_linear=0
shrinkage=0.05


Tree=39
num_leaves=15
num_cat=0
split_feature=3 8 29 2 17 21 6 20 23 4 8 4 27 16
split_gain=18.9073 23.8205 40.9349 18.7065 17.6588 15.4794 13.8694 7.19229 1.6204 0.72971 1.40231 2.51821 0.00128136 0.000311932
threshold=-2.305652260780334 -0.19989445805549619 -0.28841057419776911 -0.052314700558781617 0.82752549648284923 8.281497001647951 8.5401630401611346 1.664510250091553 0.52520525455474865 1.2074897289276125 1.8429824709892275 1.1474715471267702 -2.2421318292617793 -1.0518190264701841
decision_type=2 2 2 2 2 2 2 2 2 2 2 2 2 2
left_child=9 6 5 4 -4 7 12 -3 -5 10 11 13 -2 -1
right_child=1 2 3 8 -6 -7 -8 -9 -10 -11 -12 -13 -14 -15
leaf_value=-0.053849244214951034 -0.055975343479073174 -0.054384475687597078 0.055378048252232692 0.029979764930317444 -0.055848355260551374 0.054888882571532904 0.053800082998722014 0.055750332703978334 0.053519370090801571 0.054076400210700294 0.052660544643322274 0.053764530205786747 -0.053798357989456327 -0.055693691865562472
leaf_weight=0.71554221585393041 0.69185350090265529 29.351561248302463 5.5893648862838736 9.3185105025768262 9.8698630053549987 4.0717533826827994 3.322974205017089 1.5612217187881459 33.931251630187035 12.799450516700743 3.3137963674962521 1.0989681482315063 29.360797669738531 0.33727668598294436
leaf_count=21 15 798 4 31 258 3 3 1 31 11 4 1 870 8
internal_value=-2.17904e-05 -0.00685919 0.00606148 0.0315737 -0.0156339 -0.0367516 -0.0431307 -0.0488222 0.0484476 0.0475457 0.032252 0.000822533 -0.0538485 -0.0544401
internal_weight=145.334 127.069 93.6935 58.709 15.4592 34.9845 33.3756 30.9128 43.2498 18.265 5.46558 2.15179 30.0527 1.05282
internal_count=2059 2014 1126 324 262 802 888 799 62 45 34 30 885 29
is_linear=0
shrinkage=0.05


Tree=40
num_leaves=14
num_cat=0
split_feature=27 8 29 2 22 8 3 6 0 25 29 2 13
split_gain=17.9069 22.5913 43.6817 20.5598 13.9919 10.6865 8.47683 4.65033 4.0786 0.243645 0.0884199 0.00144217 5.64624e-05
threshold=-2.5465446710586543 -0.19989445805549619 0.062910467386245741 -0.23550640046596524 -0.54004815220832814 0.81680306792259227 -3.9537028074264522 8.5401630401611346 3.8373051881790166 1.7821924686431887 -0.28841057419776911 0.91586321592330944 2.4815829992294316
decision_type=2 2 2 2 2 2 2 2 2 2 2 2 2
left_child=9 6 4 8 5 -3 -2 12 -4 -1 -6 -5 -8
right_child=1 2 3 11 10 -7 7 -9 -10 -11 -12 -13 -14
leaf_value=0.041362592918026721 0.053617049967231545 0.025180095001303249 -0.053564848781935563 0.054200220616104161 -0.053766708297527138 -0.054570050416841168 -0.053589222619056603 0.053568809891601177 0.053529074075348473 0.053960293895431534 -0.061605165070446721 0.053582156493585657 -0.054133810559416934
leaf_weight=6.1759694889187839 2.1234648227691677 14.042394232004883 6.1486625783145419 15.469167113304136 19.750420821830634 5.9934595339000216 28.087079910561449 1.0494600534439076 1.039316654205322 10.139055728912352 4.3990641254931679 24.208808183670044 0.48415614664554496
leaf_count=18 2 83 193 13 597 158 873 1 1 9 74 23 14
internal_value=-2.34495e-05 -0.00656232 0.00610073 0.0397276 -0.0295662 0.0013239 -0.0428835 -0.0498015 -0.03808 0.0491915 -0.0551946 0.0538231 -0.0535985
internal_weight=139.11 122.795 91.0513 46.866 44.1853 20.0359 31.7442 29.6207 7.18798 16.315 24.1495 39.678 28.5712
internal_count=2059 2032 1142 230 912 241 890 888 194 27 671 36 887
is_linear=0
shrinkage=0.05


Tree=41
num_leaves=14
num_cat=0
split_feature=9 11 29 2 21 26 10 8 0 6 1 9 29
split_gain=16.9906 22.2964 34.8329 23.7713 17.7841 10.2709 5.92575 4.22167 3.98058 1.72505 2.44321 0.0327516 0.00183452
threshold=-2.9657799005508418 0.1859131529927254 -0.047297203913331025 -0.23550640046596524 -1.9706239104270933 0.46611730754375463 -1.1111437678337095 0.63551810383796703 3.8373051881790166 8.5401630401611346 1.938861131668091 -0.17301663011312482 -0.90000545978546131
decision_type=2 2 2 2 2 2 2 2 2 2 2 2 2
left_child=-1 4 5 8 9 6 -3 12 -4 10 -2 -5 -6
right_child=1 2 3 11 7 -7 -8 -9 -10 -11 -12 -13 -14
leaf_value=0.051442827164508188 -0.053686569673656273 0.0045646052418957458 -0.053433509599125108 0.050252197929163057 -0.055131549082634547 0.049587397898621891 -0.055395925337978505 0.022331982702521576 0.053345132266910622 0.054645754385263347 0.053652504927422129 0.05360102019060721 -0.053532401732934325
leaf_weight=14.314498253166674 1.0500098150223485 5.1365468408912482 7.2666093036532384 9.7242913767695409 1.9007234796881629 3.3420378752052775 20.831476366147399 1.934524182230233 0.99195134639739979 4.8054667115211487 1.0707231760025024 29.299253642559052 31.773798838257793
leaf_count=18 33 69 237 12 47 7 575 12 1 4 1 28 1015
internal_value=-2.62366e-05 -0.00621082 0.00990914 0.0364572 -0.0352376 -0.0329174 -0.0435356 -0.0494963 -0.0406081 0.0380691 0.000507162 0.0527665 -0.0536227
internal_weight=133.442 119.127 76.5922 47.2821 42.5352 29.3101 25.968 35.609 8.25856 6.9262 2.12073 39.0235 33.6745
internal_count=2059 2041 929 278 1112 651 644 1074 238 38 34 40 1062
is_linear=0
shrinkage=0.05


Tree=42
num_leaves=15
num_cat=0
split_feature=3 8 29 2 22 6 16 5 4 29 9 29 27 2
split_gain=16.0955 20.3081 34.9138 18.2303 15.1274 11.8415 9.73429 3.66508 0.62869 1.20612 2.15613 0.0693376 0.00133989 0.000988202
threshold=-2.305652260780334 -0.19989445805549619 0.062910467386245741 -0.23550640046596524 -0.54004815220832814 8.5401630401611346 -0.44003780186176294 -0.84569627046585072 1.2074897289276125 1.4820994734764101 -1.2904924750328062 -0.28841057419776911 -2.2421318292617793 0.91586321592330944
decision_type=2 2 2 2 2 2 2 2 2 2 2 2 2 2
left_child=8 5 4 7 6 12 -3 -4 9 10 -1 -6 -2 -5
right_child=1 2 3 13 11 -7 -8 -9 -10 -11 -12 -13 -14 -15
leaf_value=0.05321563089976581 -0.05555161856219723 0.036262376185714949 0.053171366644625601 0.053811867625468607 -0.053423165549351719 0.05324542746821697 -0.033774522345597087 -0.053246572091366941 0.053479345960679041 0.052111536155346611 -0.05382076009051321 -0.060646568943926484 -0.053236229188607966 0.053249320394774993
leaf_weight=0.95819532871246227 0.64050383679569378 11.209007106721403 0.94657903909683128 12.034038245677946 17.869419334456325 2.896827518939971 8.9008748922497016 5.5701696705073118 11.166949629783629 2.8834831323474646 0.92438270337879658 4.0808945819735554 25.533710766583681 22.223499000072479
leaf_count=1 15 45 1 11 589 3 193 191 11 4 29 73 870 23
internal_value=-2.77288e-05 -0.00672218 0.00589619 0.0388652 -0.0260648 -0.0426767 0.00526321 -0.037789 0.0469907 0.0317878 0.000658666 -0.0547661 -0.0532929 0.0534469
internal_weight=127.839 111.906 82.8345 40.7743 42.0602 29.071 20.1099 6.51675 15.933 4.76606 1.88258 21.9503 26.1742 34.2575
internal_count=2059 2014 1126 226 900 888 238 192 45 34 30 662 885 34
is_linear=0
shrinkage=0.05


Tree=43
num_leaves=14
num_cat=0
split_feature=27 8 29 2 22 8 3 6 0 28 29 2 9
split_gain=15.2489 19.1996 37.0588 17.529 12.2902 9.33441 7.23398 3.95731 3.4761 0.249523 0.0593775 0.000957995 6.07376e-05
threshold=-2.5465446710586543 -0.19989445805549619 0.062910467386245741 -0.23550640046596524 -0.54004815220832814 0.81680306792259227 -3.9537028074264522 8.5401630401611346 3.8373051881790166 1.0897614955902102 -0.28841057419776911 0.91586321592330944 -2.117650985717773
decision_type=2 2 2 2 2 2 2 2 2 2 2 2 2
left_child=9 6 4 8 5 -3 -2 12 -4 -1 -6 -5 -8
right_child=1 2 3 11 10 -7 7 -9 -10 -11 -12 -13 -14
leaf_value=0.039857859607368845 0.053086752606789869 0.023934076231401535 -0.053047304437388011 0.053593673704032688 -0.053235328326355115 -0.05410241255776696 -0.053735483761396523 0.053036702098390932 0.053007143057021394 0.053453401421034358 -0.060035286751285069 0.053054280964879887 -0.053058794262093804
leaf_weight=5.4091264903545371 1.8485273718833948 13.162284333258869 5.3471965305507174 13.516487479209898 17.253971986472607 5.4059297647327176 0.33615293912590161 0.91099435091018577 0.90313291549682606 8.9738264679908735 3.9442014694213894 21.053990304470062 24.499642824754119
leaf_count=18 2 83 193 13 597 158 11 1 1 9 74 23 876
internal_value=-2.77144e-05 -0.0064583 0.0058677 0.0393334 -0.0284853 0.00121462 -0.0424542 -0.0493137 -0.0377231 0.0483404 -0.0545006 0.0532652 -0.053068
internal_weight=122.565 108.183 80.5872 40.8208 39.7664 18.5682 27.5953 25.7468 6.25033 14.383 21.1982 34.5705 24.8358
internal_count=2059 2032 1142 230 912 241 890 888 194 27 671 36 887
is_linear=0
shrinkage=0.05


Tree=44
num_leaves=14
num_cat=0
split_feature=9 11 29 2 21 26 8 8 0 6 1 5 29
split_gain=14.5075 18.8287 29.5506 20.3059 15.7245 9.02871 5.42887 3.59542 3.39585 1.52479 2.09679 0.0340003 0.00218217
threshold=-2.9657799005508418 0.1859131529927254 -0.047297203913331025 -0.23550640046596524 -1.9706239104270933 0.46611730754375463 0.5306338667869569 0.63551810383796703 3.8373051881790166 8.5401630401611346 1.938861131668091 0.1841763108968735 -0.90000545978546131
decision_type=2 2 2 2 2 2 2 2 2 2 2 2 2
left_child=-1 4 5 8 9 6 -3 12 -4 10 -2 -5 -6
right_child=1 2 3 11 7 -7 -8 -9 -10 -11 -12 -13 -14
leaf_value=0.050688801820955545 -0.053264312544554764 0.054809697191086054 -0.052953900974068636 0.049283741287642485 -0.054854305071929448 0.048827632616993563 -0.048471280477983186 0.020032390343199796 0.052851892534212311 0.05430930022076505 0.053110636520247292 0.053039599204804083 -0.05304137860081734
leaf_weight=12.589063644409178 0.92246226407587417 1.351044774055487 6.3311727568507186 7.8223107680678359 1.7656300086528087 3.0669663101434699 21.845897760242224 1.7796807885169972 0.86154633760452259 4.3544197082519531 0.93057823181152344 26.23454338312149 27.704020339995626
leaf_count=18 33 1 237 11 47 7 643 12 1 4 1 29 1015
internal_value=-3.0626e-05 -0.0061134 0.00965971 0.0360551 -0.0345434 -0.0317963 -0.042456 -0.0489822 -0.0402804 0.0381436 0.000156113 0.0521769 -0.05315
internal_weight=117.559 104.97 67.5135 41.2496 37.4568 26.2639 23.1969 31.2493 7.19272 6.20746 1.85304 34.0569 29.4697
internal_count=2059 2041 929 278 1112 651 644 1074 238 38 34 40 1062
is_linear=0
shrinkage=0.05


Tree=45
num_leaves=13
num_cat=0
split_feature=27 8 29 2 15 26 3 6 0 24 2 9
split_gain=13.7836 17.2015 33.4315 15.785 11.2863 8.34938 6.52042 3.55488 3.12775 0.257504 0.000762869 7.4113e-05
threshold=-2.5465446710586543 -0.19989445805549619 0.062910467386245741 -0.23550640046596524 -3.3742436170577998 0.46611730754375463 -3.9537028074264522 8.5401630401611346 3.8373051881790166 -1.6289862990379331 0.91586321592330944 -2.117650985717773
decision_type=2 2 2 2 2 2 2 2 2 2 2 2
left_child=9 6 4 8 -3 -6 -2 11 -4 -1 -5 -8
right_child=1 2 3 10 5 -7 7 -9 -10 -11 -12 -13
leaf_value=0.053180776248000307 0.052782483411389025 0.054661261769049813 -0.052752089803376867 0.053252291367440134 -0.045540530795377752 0.038624815203038135 -0.053528594522584488 0.052727608882356149 0.052705082291425891 0.038853812919805289 0.052748605756962476 -0.052750901993782184
leaf_weight=8.2584615349769575 1.6855801343917871 3.712195396423339 4.8696099482476702 12.36847770214081 29.959485374391079 3.2680711932480326 0.31061925925315037 0.82789021730422874 0.82175338268280018 5.0566130653023711 19.166970133781433 22.291243327781558
leaf_count=9 2 3 193 13 890 19 11 1 1 18 23 876
internal_value=-2.97349e-05 -0.0064363 0.0056748 0.0391145 -0.0280248 -0.0372625 -0.0422009 -0.0490341 -0.0375255 0.0477399 0.0529462 -0.0527616
internal_weight=112.597 99.2819 74.1666 37.2268 36.9398 33.2276 25.1153 23.4298 5.69136 13.3151 31.5354 22.6019
internal_count=2059 2032 1142 230 912 909 890 888 194 27 36 887
is_linear=0
shrinkage=0.05


Tree=46
num_leaves=15
num_cat=0
split_feature=3 8 29 2 17 21 6 20 2 4 8 9 27 22
split_gain=13.0069 16.5133 28.3998 12.6494 13.0605 11.978 9.60965 5.45872 1.40852 0.523457 0.992726 1.7568 0.00176139 0.000136819
threshold=-2.305652260780334 -0.19989445805549619 -0.28841057419776911 -0.052314700558781617 0.82752549648284923 8.281497001647951 8.5401630401611346 1.664510250091553 0.63694822788238536 1.2074897289276125 1.8429824709892275 -1.2904924750328062 -2.2421318292617793 -0.30568972229957575
decision_type=2 2 2 2 2 2 2 2 2 2 2 2 2 2
left_child=9 6 5 4 -4 7 12 -3 -5 10 11 -1 -2 -13
right_child=1 2 3 8 -6 -7 -8 -9 -10 -11 -12 13 -14 -15
leaf_value=0.052601178305439457 -0.055368070880808154 -0.053300839132146366 0.054203334485992904 0.02901246533406095 -0.054420862855905555 0.053913145270593571 0.052633512001744237 0.054353979004454246 0.052914516897622159 0.052828508238356657 0.051410869755617442 -0.053948805869115317 -0.052620294359024683 -0.052599712071657895
leaf_weight=0.79331529140472345 0.59976132027805462 22.1473608724773 4.4205614328384382 8.3226791769266111 7.3989232126623392 3.3198219537734976 2.4049238562583914 1.2436280250549305 23.75864177942276 9.3020821809768659 2.3916385285556316 0.31777618639171057 21.146094365045428 0.45994461327791281
leaf_count=1 15 798 4 34 258 3 3 1 28 11 4 10 870 19
internal_value=-2.66651e-05 -0.00651782 0.00568883 0.0304229 -0.0137947 -0.0349632 -0.0422074 -0.0475772 0.0467137 0.0463457 0.0311277 0.000249975 -0.0526961 -0.053151
internal_weight=108.027 94.7624 70.6116 43.9008 11.8195 26.7108 24.1508 23.391 32.0813 13.2648 3.96267 1.57104 21.7459 0.777721
internal_count=2059 2014 1126 324 262 802 888 799 62 45 34 30 885 29
is_linear=0
shrinkage=0.05


Tree=47
num_leaves=15
num_cat=0
split_feature=3 8 29 2 17 21 6 20 23 4 29 9 27 22
split_gain=12.33 15.6652 26.834 11.8742 12.3731 11.3549 9.11646 5.17516 1.48134 0.498651 0.946989 1.66949 0.0015043 0.000121337
threshold=-2.305652260780334 -0.19989445805549619 -0.28841057419776911 -0.052314700558781617 0.82752549648284923 8.281497001647951 8.5401630401611346 1.664510250091553 0.52520525455474865 1.2074897289276125 1.4820994734764101 -1.2904924750328062 -2.2421318292617793 -0.30568972229957575
decision_type=2 2 2 2 2 2 2 2 2 2 2 2 2 2
left_child=9 6 5 4 -4 7 12 -3 -5 10 11 -1 -2 -13
right_child=1 2 3 8 -6 -7 -8 -9 -10 -11 -12 13 -14 -15
leaf_value=0.052467890034032828 -0.055083237346086084 -0.053132112629225903 0.053984464193595261 0.025793760446196051 -0.054207954089909076 0.053708603423325667 0.052498494659628303 0.05412364388547472 0.052079216993373784 0.052683160828246658 0.051286362686647873 -0.0537639254394651 -0.052486058959291565 -0.052466503456659631
leaf_weight=0.75649344921111994 0.573386061936623 21.13243172317744 4.2215853333473188 6.9056303985416916 7.0650182906538248 3.1696346998214713 2.2933690547943106 1.1878826618194569 23.947003230452538 8.8722093701362592 2.2829759661108255 0.30588700808584623 20.164931356906891 0.43859560415148802
leaf_count=1 15 798 4 31 258 3 3 1 31 11 4 10 870 19
internal_value=-2.83183e-05 -0.00648198 0.00564699 0.0301425 -0.0137402 -0.0348483 -0.0420969 -0.047424 0.0461958 0.0462017 0.0310046 0.000156132 -0.0525579 -0.0529996
internal_weight=103.317 90.6609 67.6292 42.1392 11.2866 25.4899 23.0317 22.3203 30.8526 12.6562 3.78395 1.50098 20.7383 0.744483
internal_count=2059 2014 1126 324 262 802 888 799 62 45 34 30 885 29
is_linear=0
shrinkage=0.05


Tree=48
num_leaves=15
num_cat=0
split_feature=3 8 29 2 22 21 16 0 4 29 4 29 27 2
split_gain=11.6897 14.8627 25.7255 13.3087 11.7737 8.64978 7.48559 2.66288 0.475105 0.89554 1.58375 0.0438655 0.00128525 0.00057266
threshold=-2.305652260780334 -0.19989445805549619 0.062910467386245741 -0.23550640046596524 -0.54004815220832814 -3.5959370136260982 -0.44003780186176294 3.8373051881790166 1.2074897289276125 1.4820994734764101 1.1474715471267702 -0.28841057419776911 -2.2421318292617793 0.91586321592330944
decision_type=2 2 2 2 2 2 2 2 2 2 2 2 2 2
left_child=8 5 4 7 6 -2 -3 -4 9 10 -1 -6 -7 -5
right_child=1 2 3 13 11 12 -8 -9 -10 -11 -12 -13 -14 -15
leaf_value=-0.052845831036801454 0.052370719644520218 0.035015777108596748 -0.052382577304037337 0.052871881312803806 -0.052535585865045524 -0.054814658771063667 -0.03262032969299445 0.052303059083323694 0.052545644085007774 0.051051759490616737 0.052341746199930421 -0.058836617737559875 -0.052359016541986873 0.0523838899173295
leaf_weight=0.71018190868198805 2.1867082715034512 9.3141604289412516 4.191283697262409 9.3507810235023516 13.613988595083354 0.54802648723126068 7.2946342937648287 0.71042358875274647 8.4610355496406537 2.1813639421015978 0.72128927707672119 3.4651314094662693 19.226842386648055 16.836829423904419
leaf_count=29 3 45 191 11 589 15 193 1 11 4 1 73 870 23
internal_value=-3.00543e-05 -0.00644632 0.00560494 0.0384048 -0.0246648 -0.0419924 0.00530979 -0.0372101 0.0460645 0.030886 0.000156054 -0.053814 -0.0524271 0.0525581
internal_weight=98.8127 86.7388 64.7772 31.0893 33.6879 21.9616 16.6088 4.90171 12.0739 3.61284 1.43147 17.0791 19.7749 26.1876
internal_count=2059 2014 1126 226 900 888 238 192 45 34 30 662 885 34
is_linear=0
shrinkage=0.05


Tree=49
num_leaves=13
num_cat=0
split_feature=12 23 2 19 20 19 0 26 13 2 22 2
split_gain=11.1646 14.5742 31.8927 10.0835 6.87461 7.02167 6.07732 0.462994 0.103606 0.00751055 0.00276319 0.00103692
threshold=-2.5617678165435787 0.016980659216642383 0.58673071861267101 2.3201102018356328 0.75223043560981762 -0.69447037577629078 -5.2202017307281485 1.0000000180025095e-35 1.0761632919311526 -0.23550640046596524 -0.54004815220832814 1.1737037897109988
decision_type=2 2 2 2 2 2 2 2 2 2 2 2
left_child=8 3 4 6 5 -3 -2 -4 -1 -6 -8 -9
right_child=1 2 7 -5 9 -7 10 11 -10 -11 -12 -13
leaf_value=0.042959517519300425 0.052376092467383041 0.033132679583580175 0.02402696541346129 0.04273368473778838 -0.052330353201180395 -0.030497411135731064 -0.053521054119258588 0.052932351631659727 0.053305084203535351 -0.055143869940382541 -0.052357565870834726 0.052237888132637737
leaf_weight=3.9340138882398588 1.4612917304039026 7.1885133888572481 1.5218909997493053 3.6251039281487456 9.758825024589898 10.924855967983605 7.5346815008670154 8.3125215172767657 6.2881144881248474 3.1336606293916658 15.811984537169335 15.210617899894713
leaf_count=20 2 68 18 19 457 341 268 10 7 99 728 22
internal_value=-3.00959e-05 -0.00600164 0.0087893 -0.0351594 -0.0251078 -0.00524503 -0.0465417 0.0507541 0.0493236 -0.0530142 -0.0527331 0.0524833
internal_weight=94.7061 84.4839 56.0509 28.4331 31.0059 18.1134 24.808 25.045 10.2221 12.8925 23.3467 23.5231
internal_count=2059 2032 1015 1017 965 409 998 50 27 556 996 32
is_linear=0
shrinkage=0.05


Tree=50
num_leaves=15
num_cat=0
split_feature=18 11 29 2 13 9 19 2 17 6 19 28 2 2
split_gain=10.6563 13.209 18.9405 17.4056 8.63855 8.62316 7.15333 2.82432 2.55761 1.77222 0.311096 0.441173 0.00098621 0.000672608
threshold=-2.3368196487426753 -0.11475689336657523 0.12145989760756494 -0.23550640046596524 -0.49640208482742304 -3.4889889955520625 -0.5887213647365569 -0.52744632959365834 0.64718109369277965 -2.1343294382095332 1.1741529107093813 1.152180075645447 0.7739856243133546 0.91586321592330944
decision_type=2 2 2 2 2 2 2 2 2 2 2 2 2 2
left_child=10 5 4 8 6 -2 -3 -6 -4 -7 11 -1 -11 -5
right_child=1 2 3 13 7 9 -8 -9 -10 12 -12 -13 -14 -15
leaf_value=0.0090504679025565481 0.052580157084573503 0.044355880260902335 0.052114466734994792 0.052697109378676665 0.052106653926680936 0.01100973174330076 -0.032310435767177091 -0.054095473040163294 -0.052182916769448001 -0.052238196691709295 0.052811767058235676 0.05089950730016575 -0.053402909624783682 0.052138603956252388
leaf_weight=1.11352709494531 2.3397291302680996 6.2962013985961676 0.65697783231735485 7.98923993110657 0.65474730730056663 1.1701077222824157 5.8877377230674028 14.267264347523451 5.5819883160293102 17.286770019680262 7.7538192868232727 1.4495898038148878 2.0310252849012604 16.574002921581268
leaf_count=23 3 32 1 10 1 22 201 540 277 835 10 3 76 25
internal_value=-3.0344e-05 -0.00614495 0.00655295 0.0333778 -0.0239298 -0.0383564 0.00730783 -0.0494355 -0.0412002 -0.0487414 0.0478198 0.0327185 -0.0523607 0.0523203
internal_weight=91.0527 80.7358 57.9082 30.8022 27.106 22.8276 12.1839 14.922 6.23897 20.4879 10.3169 2.56312 19.3178 24.5632
internal_count=2059 2023 1087 313 774 936 233 541 278 933 36 26 911 35
is_linear=0
shrinkage=0.05


Tree=51
num_leaves=15
num_cat=0
split_feature=3 8 29 2 22 6 16 0 4 8 4 29 27 2
split_gain=10.1376 12.915 22.0587 11.3702 10.4576 7.46693 6.36195 2.31312 0.420715 0.798063 1.37118 0.0301124 0.000809648 0.000496987
threshold=-2.305652260780334 -0.19989445805549619 0.062910467386245741 -0.23550640046596524 -0.54004815220832814 8.5401630401611346 -0.44003780186176294 3.8373051881790166 1.2074897289276125 1.8429824709892275 1.1474715471267702 -0.28841057419776911 -2.2421318292617793 0.91586321592330944
decision_type=2 2 2 2 2 2 2 2 2 2 2 2 2 2
left_child=8 5 4 7 6 12 -3 -4 9 10 -1 -6 -2 -5
right_child=1 2 3 13 11 -7 -8 -9 -10 -11 -12 -13 -14 -15
leaf_value=-0.052493956608785447 -0.054130515856612153 0.034085733829817839 -0.0520403930252352 0.052522346645768728 -0.052208433583584318 0.052045223315218769 -0.031382378319960387 0.05200709189412276 0.05221458848585693 0.050773940958570456 0.052002059059575834 -0.057734826176507485 -0.052049532449161898 0.052037450792420073
leaf_weight=0.63101380132138551 0.48071913421154633 8.5084724314510805 3.6346375755965736 8.2876028418540972 11.971990890800951 1.9101479649543751 6.5810377057641753 0.62619429826736439 7.4571017026901245 1.9167521186172962 0.62474513053894043 3.103998053818942 16.884106419980526 14.582052946090696
leaf_count=29 15 45 191 11 589 3 193 1 11 4 1 73 870 23
internal_value=-2.98868e-05 -0.0063818 0.00552843 0.0382417 -0.0238935 -0.0417857 0.00553291 -0.036749 0.0457264 0.0304758 -0.000506768 -0.0533463 -0.0521071 0.0522132
internal_weight=87.2006 76.571 57.296 27.1305 30.1655 19.275 15.0895 4.26083 10.6296 3.17251 1.25576 15.076 17.3648 22.8697
internal_count=2059 2014 1126 226 900 888 238 192 45 34 30 662 885 34
is_linear=0
shrinkage=0.05


Tree=52
num_leaves=15
num_cat=0
split_feature=18 11 29 2 13 9 12 2 0 6 19 28 1 2
split_gain=9.69504 11.7885 17.0791 15.6787 8.02208 7.84102 6.40954 2.54195 2.30445 1.88999 0.309333 0.414484 1.1196 0.000858686
threshold=-2.3368196487426753 -0.11475689336657523 0.12145989760756494 -0.23550640046596524 -0.49640208482742304 -3.4889889955520625 0.35886454582214361 -0.52744632959365834 3.8373051881790166 -2.4010767936706539 1.1741529107093813 1.152180075645447 1.6049435734748843 0.7739856243133546
decision_type=2 2 2 2 2 2 2 2 2 2 2 2 2 2
left_child=10 5 4 8 6 -2 -3 -6 -4 -7 11 12 -1 -11
right_child=1 2 3 -5 7 9 -8 -9 -10 13 -12 -13 -14 -15
leaf_value=-0.052169126980711002 0.052357656432166805 -0.038475960232276833 -0.05196750522815579 0.052090393846346061 0.051898280138220731 0.01939790780914747 0.037954196953498637 -0.053778950338450066 0.051905375993556782 -0.052018342838390574 0.052639184885104918 0.050534379125095841 0.051982360870795441 -0.053145059869286027
leaf_weight=0.44244137406349027 2.1527073979377773 4.5656489506363869 5.0710730664432075 22.32313859462738 0.59473234415054221 0.97404837422073498 6.8715486824512482 13.173581788316369 0.59679222106933583 15.828906467184423 7.1479222178459167 1.3204986434429882 0.61906737089157104 1.8932609036564816
leaf_count=22 3 180 277 35 1 15 53 540 1 841 10 3 1 77
internal_value=-3.00111e-05 -0.00613945 0.00635018 0.0332345 -0.0235052 -0.038007 0.00744382 -0.0492141 -0.0410303 -0.0484117 0.047439 0.0318342 0.00857158 -0.0521387
internal_weight=83.5754 74.0454 53.1965 27.991 25.2055 20.8489 11.4372 13.7683 5.66787 18.6962 9.52993 2.38201 1.06151 17.7222
internal_count=2059 2023 1087 313 774 936 233 541 278 933 36 26 23 918
is_linear=0
shrinkage=0.05


Tree=53
num_leaves=13
num_cat=0
split_feature=27 8 29 2 15 26 6 6 5 24 5 13
split_gain=9.26786 11.4718 22.4879 11.8606 8.41978 7.06613 4.34816 2.35914 2.1291 0.192555 0.0294867 6.97186e-05
threshold=-2.5465446710586543 -0.19989445805549619 -0.047297203913331025 -0.23550640046596524 -3.3742436170577998 0.46611730754375463 -3.8418122529983516 8.5401630401611346 -0.84569627046585072 -1.6289862990379331 0.1841763108968735 2.6249357461929326
decision_type=2 2 2 2 2 2 2 2 2 2 2 2
left_child=9 6 4 8 -3 -6 -2 11 -4 -1 -5 -8
right_child=1 2 3 10 5 -7 7 -9 -10 -11 -12 -13
leaf_value=0.052166861760631539 0.051853536858707944 0.053494887274925219 0.051808998742960147 0.047766761806790306 -0.047490942368972576 0.046602350771359331 -0.051839774897956048 0.051809349214174821 -0.051854351303906844 0.037515545135982965 0.052014672146579989 -0.052834735977708748
leaf_weight=5.7808008193969727 1.1633961796760584 2.7973370552063015 0.56871569156646984 5.3034845888614681 20.659394070506099 2.2085874788463107 15.472828099504111 0.5688163638114937 3.8380419928580523 3.6638640500605089 17.784276962280273 0.17809282056987363
leaf_count=9 2 3 1 11 871 7 879 1 220 18 29 8
internal_value=-3.06243e-05 -0.00625814 0.0052719 0.0366916 -0.0283872 -0.0384034 -0.0415185 -0.0482158 -0.038476 0.0464832 0.0510389 -0.0518511
internal_weight=79.9876 70.543 53.1598 27.4945 25.6653 22.868 17.3831 16.2197 4.40676 9.44466 23.0878 15.6509
internal_count=2059 2032 1142 261 881 878 890 888 221 27 40 887
is_linear=0
shrinkage=0.05


Tree=54
num_leaves=15
num_cat=0
split_feature=3 8 29 2 22 21 16 5 4 6 21 29 27 2
split_gain=8.78076 11.0711 18.7884 9.75298 9.31871 6.38865 5.42271 1.98049 0.494636 0.634889 1.19876 0.0211204 0.000766532 0.000316966
threshold=-2.305652260780334 -0.19989445805549619 0.062910467386245741 -0.23550640046596524 -0.54004815220832814 -3.5959370136260982 -0.44003780186176294 -0.84569627046585072 1.1474715471267702 2.9493823051452641 1.0192610621452334 -0.28841057419776911 -2.2421318292617793 0.91586321592330944
decision_type=2 2 2 2 2 2 2 2 2 2 2 2 2 2
left_child=8 5 4 7 6 -2 -3 -4 9 10 -1 -6 -7 -5
right_child=1 2 3 13 11 12 -8 -9 -10 -11 -12 -13 -14 -15
leaf_value=-0.052163379329280252 0.051748939096203296 0.033224656307061465 0.051717667682569315 0.05216195789689853 -0.051921117282075546 -0.053863976764393362 -0.030204066965616186 -0.051756991875089225 0.051910333744502581 0.051748238558273534 0.051708146262203762 -0.056814757631471681 -0.051757464336144157 0.05174629777521457
leaf_weight=0.57298677228391015 1.65219843387604 7.7894399203360081 0.54191035032272639 7.1997361779212978 10.500829106196759 0.44499567616731006 5.9386643506586552 3.1529085114598274 7.0988274216651917 1.1012927293777464 0.53910541534423828 2.7908390117809185 14.628893077373501 12.635844111442564
leaf_count=30 3 45 1 11 589 15 193 191 12 2 1 73 870 23
internal_value=-2.92298e-05 -0.00632791 0.00533936 0.0380041 -0.023107 -0.0415892 0.00578592 -0.0365806 0.0454757 0.0248385 -0.00180991 -0.0529486 -0.0518197 0.0518972
internal_weight=76.5885 67.2763 50.5502 23.5304 27.0198 16.7261 13.7281 3.69482 9.31221 2.21338 1.11209 13.2917 15.0739 19.8356
internal_count=2059 2014 1126 226 900 888 238 192 45 33 31 662 885 34
is_linear=0
shrinkage=0.05


Tree=55
num_leaves=14
num_cat=0
split_feature=12 23 2 19 20 28 0 26 13 22 2 22 2
split_gain=8.49187 10.4667 23.6218 8.03684 5.21394 5.13331 4.71808 0.390401 0.0906885 0.141693 0.00440978 0.00183113 0.000562047
threshold=-2.5617678165435787 0.016980659216642383 0.58673071861267101 2.3201102018356328 0.75223043560981762 -0.6541764736175536 -5.2202017307281485 1.0000000180025095e-35 1.0761632919311526 1.2760896086692812 -0.23550640046596524 -0.54004815220832814 1.1737037897109988
decision_type=2 2 2 2 2 2 2 2 2 2 2 2 2
left_child=8 3 4 6 5 -3 -2 -4 9 -1 -6 -8 -9
right_child=1 2 7 -5 10 -7 11 12 -10 -11 -12 -13 -14
leaf_value=0.030189160911596787 0.051854328198239687 0.031292960516136135 0.023041544396008307 0.042325793089612512 -0.05173936781381188 -0.029866052955005398 -0.052824555252751586 0.052228328156207919 0.052675238605060785 0.051744458525152408 -0.054157095556112769 -0.051755048911403395 0.051642507097881457
leaf_weight=1.4230840690433963 1.1616252064704919 5.7615190818905822 1.2589525189250732 2.9896478559821835 7.3737968606874347 8.4819409996271151 6.0022414596751394 6.3825622200965908 4.9634365439414978 1.6421495676040647 2.5341643895953876 12.010309967212377 11.420278608798979
leaf_count=17 2 76 18 19 457 333 268 10 7 3 99 728 22
internal_value=-2.9377e-05 -0.00598896 0.00833877 -0.033924 -0.0245031 -0.00512706 -0.0458129 0.0499497 0.0484992 0.0417371 -0.0523578 -0.0521114 0.0518525
internal_weight=73.4057 65.377 43.2132 22.1638 24.1514 14.2435 19.1742 19.0618 8.02867 3.06523 9.90796 18.0126 17.8028
internal_count=2059 2032 1015 1017 965 409 998 50 27 20 556 996 32
is_linear=0
shrinkage=0.05


Tree=56
num_leaves=15
num_cat=0
split_feature=18 11 29 2 13 21 12 6 0 6 18 19 1 2
split_gain=8.07551 9.69731 13.9949 12.6629 6.95656 6.47473 5.31679 2.08011 2.01119 1.74215 0.184462 0.466451 0.941531 0.000584628
threshold=-2.3368196487426753 -0.11475689336657523 0.12145989760756494 -0.23550640046596524 -0.49640208482742304 8.281497001647951 0.35886454582214361 8.5401630401611346 3.8373051881790166 -2.5424228906631465 -3.3987815380096431 1.1042366027832033 1.6049435734748843 0.7739856243133546
decision_type=2 2 2 2 2 2 2 2 2 2 2 2 2 2
left_child=10 5 4 8 6 9 -3 -6 -4 -2 -1 12 -12 -11
right_child=1 2 3 -5 7 -7 -8 -9 -10 13 11 -13 -14 -15
leaf_value=0.052305475472228871 0.025000147519264462 -0.03736525814648483 -0.051613760019861704 0.051722498245962034 -0.053245889082623545 0.051948235787929314 0.037230718083404273 0.051557076193735722 0.051680536568291538 -0.051676973416257467 -0.051789559524071965 0.051763623262216341 0.051611076121327731 -0.052686389046448734
leaf_weight=5.4859536588191986 0.77715821936726648 3.934017738327384 4.1895447913557318 18.558297902345657 11.222245446406303 1.807423651218415 6.0809736112132668 0.4943105876445778 0.53095924854278553 13.316520891152321 0.38715480454265927 1.6570859551429746 0.51038366556167603 1.6075992891564954
leaf_count=9 11 180 277 35 540 3 53 1 1 845 23 3 1 77
internal_value=-2.95873e-05 -0.00609575 0.006186 0.0331239 -0.0226698 -0.037669 0.00792846 -0.0488243 -0.0399953 -0.0479851 0.0471375 0.0360396 0.00700903 -0.0517857
internal_weight=70.5596 62.5191 45.0103 23.2788 21.7315 17.5087 10.015 11.7166 4.7205 15.7013 8.04058 2.55462 0.897538 14.9241
internal_count=2059 2023 1087 313 774 936 233 541 278 933 36 27 24 922
is_linear=0
shrinkage=0.05


Tree=57
num_leaves=15
num_cat=0
split_feature=3 8 29 21 2 14 6 20 4 0 21 8 27 13
split_gain=7.66553 9.6253 16.3292 7.74723 7.16256 12.0604 5.52332 3.38969 0.431818 0.54886 1.0299 0.045384 0.000519619 5.39714e-05
threshold=-2.305652260780334 -0.19989445805549619 -0.28841057419776911 8.281497001647951 0.36878669261932379 0.68094560503959667 8.5401630401611346 1.664510250091553 1.1474715471267702 -5.2202017307281485 1.0192610621452334 0.56074649095535289 -2.2421318292617793 2.6249357461929326
decision_type=2 2 2 2 2 2 2 2 2 2 2 2 2 2
left_child=8 6 3 7 5 -4 12 -3 9 -1 -11 -6 -2 -14
right_child=1 2 4 -5 11 -7 -8 -9 -10 10 -12 -13 13 -15
leaf_value=0.051497144319203318 -0.053375729976394164 -0.052068014907170418 0.048607312052644264 0.052703536526615392 0.044664405570996005 -0.05416622246712554 0.051511148798998457 0.052688499622525468 0.051675143962534864 -0.051871161189401077 0.051462773661205108 0.05172882066492876 -0.051518837861272149 -0.052462322748920369
leaf_weight=0.95233029127120949 0.39306257199495931 14.018654180690643 5.8888760246336513 2.279743790626525 2.7384563498199013 5.5399982556700706 1.4407767355442054 0.81723111867904741 6.268862783908844 0.49960649199783624 0.46607714891433716 13.389444351196287 12.668486332520837 0.15341278631240207
leaf_count=2 15 798 24 3 12 262 3 1 12 30 1 26 862 8
internal_value=-3.02421e-05 -0.00628873 0.00524662 -0.0331109 0.0290706 -0.00121082 -0.0414498 -0.0462975 0.0453234 0.0245633 -0.00199811 0.0505293 -0.051585 -0.0515301
internal_weight=67.515 59.3281 44.6724 17.1156 27.5568 11.4289 14.6557 14.8359 8.18688 1.91801 0.965684 16.1279 13.215 12.8219
internal_count=2059 2014 1126 802 324 286 888 799 45 33 31 38 885 870
is_linear=0
shrinkage=0.05


Tree=58
num_leaves=15
num_cat=0
split_feature=18 11 29 2 8 9 23 0 6 18 19 1 2 2
split_gain=7.28768 8.7478 12.5602 11.4636 6.35463 5.82762 4.52854 1.81982 1.58834 0.165317 0.420599 0.84905 0.000428253 0.00026894
threshold=-2.3368196487426753 -0.11475689336657523 0.12145989760756494 -0.23550640046596524 0.22204210609197619 -3.4889889955520625 0.4860678911209107 3.8373051881790166 -2.5424228906631465 -3.3987815380096431 1.1042366027832033 1.6049435734748843 0.7739856243133546 0.91586321592330944
decision_type=2 2 2 2 2 2 2 2 2 2 2 2 2 2
left_child=9 5 4 7 -3 -2 -6 -4 -7 -1 11 -11 -10 -5
right_child=1 2 3 13 6 8 -8 -9 12 10 -12 -13 -14 -15
leaf_value=0.052086281509693813 0.051755141336686683 0.052307182649170086 -0.051462337016530607 0.051839790046477263 -0.052276791459024391 0.023970893867122915 0.00050624049110908496 0.051520174750861042 -0.051518604676338266 -0.051613618390462794 0.051592017794884107 0.051453240724209162 -0.052424462055565016 0.051415586959463036
leaf_weight=4.9931446015834808 1.6404840350151051 2.4985951483249691 3.8177956389263299 5.587542891502383 11.088184444233777 0.73253622464835544 6.4142805198207489 0.48328810930252064 12.102124724537132 0.35140773560851757 1.5057380199432371 0.46320989727973938 1.4623911827802647 11.277581840753554
leaf_count=9 3 4 277 10 639 11 131 1 845 23 3 1 77 25
internal_value=-3.13283e-05 -0.0060498 0.00612656 0.0329736 -0.0222845 -0.0375018 -0.0329329 -0.0398908 -0.0477434 0.0469617 0.0359343 0.00699251 -0.0516163 0.0515561
internal_weight=64.4183 57.1048 41.1673 21.1662 20.0011 15.9375 17.5025 4.30108 14.2971 7.3135 2.32036 0.814618 13.5645 16.8651
internal_count=2059 2023 1087 313 774 936 770 278 933 36 27 24 922 35
is_linear=0
shrinkage=0.05


Tree=59
num_leaves=13
num_cat=0
split_feature=27 8 29 2 15 26 3 6 0 24 5 13
split_gain=6.96882 8.5151 16.5587 8.74326 6.36003 5.53998 3.22339 1.74514 1.68256 0.163735 0.029079 5.62679e-05
threshold=-2.5465446710586543 -0.19989445805549619 -0.047297203913331025 -0.23550640046596524 -3.3742436170577998 0.46611730754375463 -3.9537028074264522 8.5401630401611346 3.8373051881790166 -1.6289862990379331 0.1841763108968735 2.6249357461929326
decision_type=2 2 2 2 2 2 2 2 2 2 2 2
left_child=9 6 4 8 -3 -6 -2 11 -4 -1 -5 -8
right_child=1 2 3 10 5 -7 7 -9 -10 -11 -12 -13
leaf_value=0.051671018701288485 0.051372890334093792 0.052754313295968469 -0.05139450846149899 0.046690060365939479 -0.046330190232888618 0.045587789468304177 -0.051371410622587432 0.051338002169520572 0.051443838521832409 0.036400576461302063 0.05150739068893101 -0.052365096835017166
leaf_weight=4.4558637142181396 0.87773439288139243 2.2136776447296134 2.9231751179322631 4.0835772641003194 16.224840948358182 1.8234917502850283 11.725059379823501 0.42839655280113298 0.4603828191757201 2.896490352228283 13.451840937137602 0.14421542081981975
leaf_count=9 2 3 220 11 871 7 879 1 1 18 29 8
internal_value=-3.1382e-05 -0.00621104 0.00498265 0.0361863 -0.0272327 -0.0370434 -0.041198 -0.0478051 -0.0374018 0.0456552 0.0503856 -0.0513835
internal_weight=61.7087 54.3564 41.181 20.919 20.262 18.0483 13.1754 12.2977 3.38356 7.35235 17.5354 11.8693
internal_count=2059 2032 1142 261 881 878 890 888 221 27 40 887
is_linear=0
shrinkage=0.05


Tree=60
num_leaves=15
num_cat=0
split_feature=3 8 29 22 2 6 3 0 4 0 21 29 27 2
split_gain=6.59031 8.28609 13.7809 7.42646 7.16041 4.73152 4.24551 1.56244 0.376595 0.476159 0.886543 0.0116594 0.000481873 0.000174089
threshold=-2.305652260780334 -0.19989445805549619 0.062910467386245741 -0.54004815220832814 -0.23550640046596524 8.5401630401611346 0.18058962374925616 3.8373051881790166 1.1474715471267702 -5.2202017307281485 1.0192610621452334 -0.28841057419776911 -2.2421318292617793 0.91586321592330944
decision_type=2 2 2 2 2 2 2 2 2 2 2 2 2 2
left_child=8 5 3 6 7 12 -3 -4 9 -1 -11 -5 -2 -6
right_child=1 2 4 11 13 -7 -8 -9 -10 10 -12 -13 -14 -15
leaf_value=0.051282899690481498 -0.053163642469544914 -0.037732768632591417 -0.051313954019660747 -0.051453118827864186 0.051637984627172666 0.051293877611250316 0.028081527844169285 0.051371441068191172 0.051445890539579112 -0.051625910241445111 0.051253515106771425 -0.055485768609304043 -0.051314522039102445 0.051284800447712268
leaf_weight=0.82288020849227883 0.3638821067288508 3.644691610708831 2.3860502801835568 8.0288496129214728 5.5275757610797873 1.2440905570983893 7.4776464244350791 0.4385312795639037 5.454340934753418 0.4362902306020251 0.40266886353492737 2.3075406113639518 11.092129346914586 9.4608631730079633
leaf_count=2 15 142 191 589 11 3 96 1 12 30 1 73 870 23
internal_value=-2.98688e-05 -0.00620879 0.00514457 -0.0218413 0.0376534 -0.0413161 0.00651477 -0.0353715 0.0450969 0.0242587 -0.00224765 -0.0523534 -0.0513733 0.0514151
internal_weight=59.088 51.9719 39.2717 21.4587 17.813 12.7001 11.1223 2.82458 7.11618 1.66184 0.838959 10.3364 11.456 14.9884
internal_count=2059 2014 1126 900 226 888 238 192 45 33 31 662 885 34
is_linear=0
shrinkage=0.05


Tree=61
num_leaves=14
num_cat=0
split_feature=12 23 2 19 20 19 0 26 13 22 2 22 2
split_gain=6.33951 7.5491 17.6303 6.22069 4.01672 3.86845 3.62743 0.226235 0.0736497 0.121773 0.00264365 0.000914209 0.000385051
threshold=-2.5617678165435787 0.016980659216642383 0.58673071861267101 2.3201102018356328 0.75223043560981762 -0.69447037577629078 -5.2202017307281485 0.023377926088869575 1.0761632919311526 1.2760896086692812 -0.23550640046596524 -0.54004815220832814 1.1737037897109988
decision_type=2 2 2 2 2 2 2 2 2 2 2 2 2
left_child=8 3 4 6 5 -3 -2 -4 9 -1 -6 -8 -9
right_child=1 2 7 -5 10 -7 11 12 -10 -11 -12 -13 -14
leaf_value=0.02863993096288045 0.051433605360542992 0.031625011373218131 0.030807105624586384 0.041667914756798097 -0.051317704697646495 -0.028525818591139226 -0.052171051297394605 0.051778134668049453 0.052021677746085793 0.051343274920715234 -0.053412092874149511 -0.051310003732955106 0.051207319284197285
leaf_weight=1.1021394478157156 0.91084462404250999 4.4024476166814566 1.4847094789147366 2.3987908270210019 5.5939055625349274 6.8041203254833835 4.6720429118722668 4.5181147754192343 3.8162377178668976 1.2725937962532041 2.0621432904154062 9.06193246971816 8.5361221432685834
leaf_count=17 2 68 19 19 457 341 268 9 7 3 99 728 22
internal_value=-3.11721e-05 -0.00589148 0.00792525 -0.0329691 -0.0239667 -0.00489585 -0.0451945 0.0493014 0.0477197 0.0408064 -0.0518818 -0.0516029 0.0514049
internal_weight=56.6361 50.4452 33.4016 17.0436 18.8626 11.2066 14.6448 14.5389 6.19097 2.37473 7.65605 13.734 13.0542
internal_count=2059 2032 1015 1017 965 409 998 50 27 20 556 996 31
is_linear=0
shrinkage=0.05


Tree=62
num_leaves=15
num_cat=0
split_feature=18 11 29 2 13 9 22 0 6 17 18 19 1 2
split_gain=6.01482 7.15215 10.3076 9.35532 5.68501 4.9387 4.25081 1.87389 1.53678 1.50813 0.13533 0.347761 0.694704 0.000274458
threshold=-2.3368196487426753 -0.11475689336657523 0.12145989760756494 -0.23550640046596524 -0.49640208482742304 -3.4889889955520625 -0.52810904383659352 -5.2202017307281485 8.5401630401611346 0.64718109369277965 -3.3987815380096431 1.1042366027832033 1.6049435734748843 0.7739856243133546
decision_type=2 2 2 2 2 2 2 2 2 2 2 2 2 2
left_child=10 5 4 9 6 -2 -3 -7 -6 -4 -1 12 -12 -9
right_child=1 2 3 -5 8 7 -8 13 -10 -11 11 -13 -14 -15
leaf_value=0.051737616160985545 0.051500478551555512 0.043548258734450174 0.051262212340221186 0.051290503971505724 -0.052598310392013063 0.051445712791265669 -0.028670594498673388 -0.051277430683761387 0.05115350224287183 -0.05120347699649809 -0.051327546632236667 0.051310066159757334 0.051183340858758392 -0.052055961302622022
leaf_weight=4.189437597990036 1.4104912877082814 4.2548357462510467 0.40532603859901728 14.034678697586058 8.8033013381063938 0.46094551682472129 3.9099727235734445 10.255145581439136 0.37199220061302263 3.1491693435236812 0.29178945906460185 1.250976890325546 0.38117095828056335 1.2725198585540045
leaf_count=9 3 22 1 35 540 1 211 853 1 277 23 3 1 79
internal_value=-3.15662e-05 -0.00594248 0.00597077 0.0329393 -0.0213851 -0.0369984 0.00896401 -0.0474105 -0.0483919 -0.0395191 0.0466963 0.0357187 0.00673556 -0.0513634
internal_weight=54.4418 48.3284 34.9293 17.5892 17.3401 13.3991 8.16481 11.9886 9.17529 3.5545 6.11337 1.92394 0.67296 11.5277
internal_count=2059 2023 1087 313 774 936 233 933 541 278 36 27 24 932
is_linear=0
shrinkage=0.05


Tree=63
num_leaves=13
num_cat=0
split_feature=27 8 29 2 15 26 3 6 5 24 5 13
split_gain=5.78336 7.013 13.6335 7.13443 5.31484 4.59203 2.65265 1.43469 1.39465 0.149802 0.0282034 3.25303e-05
threshold=-2.5465446710586543 -0.19989445805549619 -0.047297203913331025 -0.23550640046596524 -3.3742436170577998 0.46611730754375463 -3.9537028074264522 8.5401630401611346 -0.84569627046585072 -1.6289862990379331 0.1841763108968735 2.6249357461929326
decision_type=2 2 2 2 2 2 2 2 2 2 2 2
left_child=9 6 4 8 -3 -6 -2 11 -4 -1 -5 -8
right_child=1 2 3 10 5 -7 7 -9 -10 -11 -12 -13
leaf_value=0.051403783028944487 0.051129529989731276 0.052308573086245196 0.051199138373825059 0.04607979645377578 -0.045383993269860839 0.044738886640484254 -0.051134970783206994 0.051099813635107919 -0.051148373693120308 0.035622681589793911 0.051247712963545335 -0.051955235796300882
leaf_weight=3.7419881522655487 0.72875231504440208 1.9034502804279316 0.38602104783058289 3.4562579616904285 13.911492898128925 1.5732800215482701 9.768389958888287 0.35542446374893266 2.4166159220039862 2.5140994247049084 11.179259985685347 0.12238455843180496
leaf_count=9 2 3 1 11 871 7 879 1 220 18 29 8
internal_value=-3.07939e-05 -0.00619009 0.00479314 0.0360321 -0.0265355 -0.0362274 -0.0410427 -0.0475984 -0.0370515 0.0450619 0.0500273 -0.0511451
internal_weight=52.0574 45.8013 34.8264 17.4382 17.3882 15.4848 10.975 10.2462 2.80264 6.25609 14.6355 9.89077
internal_count=2059 2032 1142 261 881 878 890 888 221 27 40 887
is_linear=0
shrinkage=0.05


Tree=64
num_leaves=15
num_cat=0
split_feature=3 8 29 22 2 6 16 0 4 0 21 29 27 2
split_gain=5.50804 6.85504 11.3612 6.29861 5.83878 3.89286 3.67317 1.29446 0.316294 0.394421 0.726586 0.00740295 0.000381995 0.00013246
threshold=-2.305652260780334 -0.19989445805549619 0.062910467386245741 -0.54004815220832814 -0.23550640046596524 8.5401630401611346 -0.44003780186176294 3.8373051881790166 1.1474715471267702 -5.2202017307281485 1.0192610621452334 -0.28841057419776911 -2.2421318292617793 0.91586321592330944
decision_type=2 2 2 2 2 2 2 2 2 2 2 2 2 2
left_child=8 5 3 6 7 12 -3 -4 9 -1 -11 -5 -2 -6
right_child=1 2 4 11 13 -7 -8 -9 -10 10 -12 -13 -14 -15
leaf_value=0.051045147043627961 -0.052837230593313689 0.032754342703916701 -0.051079056681835072 -0.051219364224476739 0.051385248750963744 0.051063776981467836 -0.029455799740306557 0.051139289055805927 0.051217927549138488 -0.051343611830263092 0.05102117488521879 -0.054688794991829284 -0.051088206865995828 0.051048882658973921
leaf_weight=0.67663425207138039 0.32309484202414651 5.6196033246815205 1.9666704759001743 6.7414542697370008 4.6876271665096247 1.0320881307125098 4.1068349909037316 0.36761346459388722 4.6162750720977783 0.36393296066671521 0.33102783560752869 1.9918315280228931 9.2414217935875023 7.7920609414577484
leaf_count=2 15 45 191 589 11 3 193 1 12 30 1 73 870 23
internal_value=-2.91007e-05 -0.00616886 0.00498493 -0.0211882 0.0375993 -0.0411921 0.00648709 -0.0349813 0.044954 0.023872 -0.00258461 -0.0520106 -0.0511473 0.0511752
internal_weight=49.8582 43.8703 33.2737 18.4597 14.814 10.5966 9.72644 2.33428 5.98787 1.3716 0.694961 8.73329 9.56452 12.4797
internal_count=2059 2014 1126 900 226 888 238 192 45 33 31 662 885 34
is_linear=0
shrinkage=0.05


Tree=65
num_leaves=14
num_cat=0
split_feature=12 23 2 19 20 28 0 26 13 22 2 22 2
split_gain=5.26964 6.02915 14.4274 5.332 3.36823 3.12987 3.10853 0.215478 0.0698109 0.11792 0.00185499 0.000663324 0.000246053
threshold=-2.5617678165435787 0.016980659216642383 0.58673071861267101 2.3201102018356328 0.75223043560981762 -0.6541764736175536 -5.2202017307281485 0.023377926088869575 1.0761632919311526 1.2760896086692812 -0.23550640046596524 -0.54004815220832814 1.1737037897109988
decision_type=2 2 2 2 2 2 2 2 2 2 2 2 2
left_child=8 3 4 6 5 -3 -2 -4 9 -1 -6 -8 -9
right_child=1 2 7 -5 10 -7 11 12 -10 -11 -12 -13 -14
leaf_value=0.026987074134835993 0.051227792629093785 0.030108223463565766 0.029534544149075227 0.041159615750747412 -0.051092610787104323 -0.028097303882612223 -0.051877527027686089 0.051485187620049278 0.051744079243927814 0.051152166518806157 -0.052994487078164634 -0.051080218996934892 0.050984698256857863
leaf_weight=0.94394259806722347 0.78909513354300997 3.8500041496008635 1.2894849237054575 2.1156028257682911 4.6238473355770138 5.7725332565605694 3.9962546583265022 3.776576876640318 3.2311998903751373 1.0852504372596739 1.7739598406478725 7.5127002587542 7.0213966071605682
leaf_count=17 2 76 19 19 457 333 268 9 7 3 99 728 22
internal_value=-2.94466e-05 -0.00586973 0.00761267 -0.0321615 -0.0235033 -0.00480911 -0.0447748 0.0488528 0.0471795 0.039911 -0.05162 -0.0513571 0.0511597
internal_weight=47.7818 42.5215 28.1078 14.4137 16.0203 9.62254 12.2981 12.0875 5.26039 2.02919 6.39781 11.509 10.798
internal_count=2059 2032 1015 1017 965 409 998 50 27 20 556 996 31
is_linear=0
shrinkage=0.05


Tree=66
num_leaves=15
num_cat=0
split_feature=18 11 29 2 13 9 16 0 0 0 19 28 1 27
split_gain=5.03626 5.92483 8.49456 7.57791 4.94108 4.09963 3.65938 1.55154 1.31719 1.26271 0.153831 0.217005 0.554808 0.000244157
threshold=-2.3368196487426753 -0.11475689336657523 0.12145989760756494 -0.23550640046596524 -0.49640208482742304 -3.4889889955520625 -0.45952719449996943 -5.2202017307281485 3.8373051881790166 -5.2202017307281485 1.1741529107093813 1.152180075645447 1.6049435734748843 -1.8971813321113584
decision_type=2 2 2 2 2 2 2 2 2 2 2 2 2 2
left_child=10 5 4 8 6 -2 -3 -7 -4 -6 11 12 -1 -9
right_child=1 2 3 -5 9 7 -8 13 -10 -11 -12 -13 -14 -15
leaf_value=-0.051095128406986316 0.051244065980612763 0.03014599110036751 -0.050993295267069166 0.05107124666837401 0.050949349394588894 0.051196122204918829 -0.052169584954625363 -0.052283261306748402 0.051113337692570864 -0.052249112597857361 0.051465595142029058 0.049479340626505997 0.050964525869054138 -0.051092260102674605
leaf_weight=0.23155934456735738 1.1815359294414509 5.3464392945170403 2.595844144932927 11.655899107456204 0.30861362814902982 0.38509586453437705 1.8063085386529536 0.451426244340836 0.35960465669631947 7.4974474078044366 3.8922041356563568 0.71504878252744675 0.31336092948913574 9.2008376792073232
leaf_count=22 3 107 277 35 1 1 126 27 1 540 10 3 1 905
internal_value=-3.00111e-05 -0.00591365 0.00582409 0.0329396 -0.0206615 -0.0368514 0.00935855 -0.0472214 -0.0385695 -0.0481691 0.04655 0.031365 0.00759512 -0.051148
internal_weight=45.9412 40.7891 29.5702 14.6113 14.9588 11.2189 7.15275 10.0374 2.95545 7.80606 5.15217 1.25997 0.54492 9.65226
internal_count=2059 2023 1087 313 774 936 233 933 278 541 36 26 23 932
is_linear=0
shrinkage=0.05


Tree=67
num_leaves=15
num_cat=0
split_feature=18 11 29 2 13 9 22 0 0 0 19 28 1 27
split_gain=4.7804 5.62835 8.04607 7.20067 4.71001 3.89517 3.47853 1.47419 1.25169 1.19868 0.146946 0.204902 0.527211 0.000209733
threshold=-2.3368196487426753 -0.11475689336657523 0.12145989760756494 -0.23550640046596524 -0.49640208482742304 -3.4889889955520625 -0.52810904383659352 -5.2202017307281485 3.8373051881790166 -5.2202017307281485 1.1741529107093813 1.152180075645447 1.6049435734748843 -1.8971813321113584
decision_type=2 2 2 2 2 2 2 2 2 2 2 2 2 2
left_child=10 5 4 8 6 -2 -3 -7 -4 -6 11 12 -1 -9
right_child=1 2 3 -5 9 7 -8 13 -10 -11 -12 -13 -14 -15
leaf_value=-0.051040659093405952 0.051181959755251687 0.042794300788533829 -0.05094414835990399 0.051018036974901163 0.050902191594583812 0.051136430310377623 -0.027845774436515005 -0.052168759441796525 0.05105786299117028 -0.052142261705552119 0.051393148792843082 0.049268388574097377 0.050916599906902428 -0.051038142669213304
leaf_weight=0.22049519233405479 1.1252411305904377 3.6532514747232199 2.4715653844177736 11.098706305027005 0.29382747411727628 0.36673134565353294 3.3324579820036861 0.43032861035317083 0.34242880344390858 7.1460385425016355 3.7074664533138275 0.68301540240645409 0.29835164546966553 8.7611537212505919
leaf_count=22 3 22 277 35 1 1 211 27 1 540 10 3 1 905
internal_value=-3.26797e-05 -0.00588293 0.00577648 0.0329056 -0.0203881 -0.0368099 0.00909621 -0.0471688 -0.0385317 -0.0480727 0.0464679 0.0312747 0.00758766 -0.0510911
internal_weight=43.9311 39.0217 28.3383 13.9127 14.4256 10.6835 6.98571 9.55821 2.81399 7.43987 4.90933 1.20186 0.518847 9.19148
internal_count=2059 2023 1087 313 774 936 233 933 278 541 36 26 23 932
is_linear=0
shrinkage=0.05


Tree=68
num_leaves=9
num_cat=0
split_feature=9 9 11 29 2 10 0 27
split_gain=4.61471 5.55947 6.93181 7.85119 7.78686 3.32565 1.40568 0.000222924
threshold=-2.9657799005508418 3.2143361568450932 0.023484189994633201 -0.047297203913331025 -0.23550640046596524 -0.46427957713603968 -5.2202017307281485 -2.0319534540176387
decision_type=2 2 2 2 2 2 2 2
left_child=-1 2 6 5 -5 -4 -2 -8
right_child=1 -3 3 4 -6 -7 7 -9
leaf_value=0.047989105718259026 0.051079777285694662 0.050301087112066434 0.0023592706895834178 -0.050915216652506416 0.049440893160228747 -0.052124098481985029 -0.0522222666854288 -0.050999396304725643
leaf_weight=4.4705134890973559 0.34922277927398226 3.9574780939146867 5.074035313911736 2.3993349694646886 9.9434387460350973 6.2518145851790923 0.38845364656298897 9.1775484895333701
leaf_count=18 1 16 212 277 34 486 23 992
internal_value=-3.20169e-05 -0.00575049 -0.0123555 0.00234702 0.0299325 -0.0277153 -0.047452 -0.0510491
internal_weight=42.0118 37.5413 33.5838 23.6686 12.3428 11.3258 9.91522 9.566
internal_count=2059 2041 2025 1009 311 698 1016 1015
is_linear=0
shrinkage=0.05


Tree=69
num_leaves=14
num_cat=0
split_feature=27 8 29 2 22 3 3 0 6 28 29 2 13
split_gain=4.40319 5.20148 10.1561 4.51472 4.46959 3.66622 1.97931 1.07144 1.06671 0.163254 0.00400226 8.94452e-05 1.89526e-05
threshold=-2.5465446710586543 -0.19989445805549619 0.062910467386245741 -0.23550640046596524 -0.54004815220832814 0.49269399046897894 -3.9537028074264522 3.8373051881790166 8.5401630401611346 1.0897614955902102 -0.28841057419776911 0.63694822788238536 2.6249357461929326
decision_type=2 2 2 2 2 2 2 2 2 2 2 2 2
left_child=9 6 4 7 5 -3 -2 -4 12 -1 -6 -5 -8
right_child=1 2 3 11 10 -7 8 -9 -10 -11 -12 -13 -14
leaf_value=0.032074657927418884 0.05084296474265472 -0.039226292219905395 -0.050816727108103601 0.051130867396680581 -0.050991160310169086 0.031391911131223936 -0.050850502097702505 0.050955889364433793 0.050817632119534301 0.051183191232880725 -0.053796654717106832 0.050819863239798924 -0.051562034154302196
leaf_weight=1.7285175174474705 0.54965841770172108 3.057860262691972 1.5435128472745425 3.4678330123424495 5.5568342944607112 4.6068281037732959 7.3778339363634569 0.31066125631332386 0.26717519760131825 3.1634019315242767 1.6483234949410031 6.9355629086494446 0.09479058627039183
leaf_count=18 2 175 193 10 597 66 879 1 1 9 74 26 8
internal_value=-3.37333e-05 -0.00617543 0.0044168 0.0381129 -0.0233597 0.00321848 -0.0408387 -0.033765 -0.0473497 0.0444314 -0.051633 0.0509235 -0.0508595
internal_weight=40.3088 35.4169 27.1274 12.2576 14.8698 7.66469 8.28946 1.85417 7.7398 4.89192 7.20516 10.4034 7.47262
internal_count=2059 2032 1142 230 912 241 890 194 888 27 671 36 887
is_linear=0
shrinkage=0.05


Tree=70
num_leaves=12
num_cat=0
split_feature=9 20 2 29 23 8 21 15 14 29 22
split_gain=4.18023 5.10714 6.53359 7.69289 4.16806 3.60543 2.76907 1.17901 0.989667 0.149526 0.000299966
threshold=-2.9657799005508418 -0.35946255922317499 -0.11834492534399031 -0.16553863137960431 0.02729589864611626 0.64325788617134105 -3.5959370136260982 3.0282359123229985 1.2398771643638613 0.14386202394962314 -0.54004815220832814
decision_type=2 2 2 2 2 2 2 2 2 2 2
left_child=-1 6 4 5 -3 -4 -2 -6 10 -5 -8
right_child=1 2 3 9 7 -7 8 -9 -10 -11 -12
leaf_value=0.047577640023194076 0.05079683673687483 0.047325978460031282 0.052251487664919993 0.036225924185262819 -0.051105894566254285 -0.040077601686141301 -0.051539522719726144 0.050908406207145866 0.050751227616303622 0.05085688079942291 -0.050885247379020671
leaf_weight=4.1184609755873671 0.78082561492919911 1.4156923987902681 1.3358674645423914 2.1715765595436123 6.6745679504238069 5.0714909546077251 2.7335488083772361 0.29577881097793568 0.24611897766590107 8.9163562804460508 4.8778653992339951
leaf_count=18 3 11 2 11 768 399 226 1 1 33 586
internal_value=-3.56132e-05 -0.00571624 0.00539463 0.0227875 -0.030891 -0.0208279 -0.0390054 -0.046777 -0.0479293 0.0479914 -0.0511202
internal_weight=38.6382 34.5197 25.8813 17.4953 8.38604 6.40736 8.63836 6.97035 7.85753 11.0879 7.61141
internal_count=2059 2041 1225 445 780 401 816 769 813 44 812
is_linear=0
shrinkage=0.05


Tree=71
num_leaves=14
num_cat=0
split_feature=27 8 29 22 2 3 3 5 6 22 29 2 13
split_gain=4.00575 4.68104 9.19031 4.10777 4.08334 3.23343 1.79359 0.968132 0.963643 0.183262 0.00341555 6.81562e-05 2.02652e-05
threshold=-2.5465446710586543 -0.19989445805549619 0.062910467386245741 -0.54004815220832814 -0.23550640046596524 0.49269399046897894 -3.9537028074264522 -0.84569627046585072 8.5401630401611346 1.2760896086692812 -0.28841057419776911 0.63694822788238536 2.6249357461929326
decision_type=2 2 2 2 2 2 2 2 2 2 2 2 2
left_child=9 6 3 5 7 -3 -2 -4 12 -1 -5 -6 -8
right_child=1 2 4 10 11 -7 8 -9 -10 -11 -12 -13 -14
leaf_value=0.029356010575774857 0.050763954797090852 -0.038267415039016539 0.050863314606117274 -0.050901700906742946 0.051025608323627562 0.03025452159205165 -0.05076877822010635 -0.050742360363844143 0.050738631611268806 0.050881822904689372 -0.053596211253174847 0.050740877451089461 -0.051531127026369139
leaf_weight=1.4561932962387789 0.49968948960304249 2.8519262578338367 0.28159663081169028 5.0645921891555172 3.157173886895178 4.3440852258354425 6.6902599958702913 1.4000973906368015 0.24211232364177693 3.0803590714931488 1.5318064372986606 6.2869266867637634 0.088323979638516792
leaf_count=16 2 175 1 597 10 66 879 193 1 11 74 26 8
internal_value=-3.51102e-05 -0.00618956 0.00424495 -0.0230274 0.0380539 0.00309788 -0.0407635 -0.0337287 -0.0472778 0.0439722 -0.0515274 0.0508361 -0.0507787
internal_weight=36.9751 32.4386 24.9182 13.7924 11.1258 7.19601 7.52039 1.68169 7.0207 4.53655 6.5964 9.4441 6.77858
internal_count=2059 2032 1142 912 230 241 890 194 888 27 671 36 887
is_linear=0
shrinkage=0.05


Tree=72
num_leaves=15
num_cat=0
split_feature=12 23 2 15 20 19 18 26 6 13 10 2 22 2
split_gain=3.82396 4.29707 10.2986 3.9837 2.45297 2.27659 2.27226 0.264977 0.162369 0.0587718 0.065338 0.000842572 0.000315059 0.000144671
threshold=-2.5617678165435787 0.016980659216642383 0.58673071861267101 4.0896219015121469 0.75223043560981762 -0.69447037577629078 -2.0296245813369747 -1.0000000180025095e-35 8.5401630401611346 1.0761632919311526 0.80368575453758251 -0.23550640046596524 -0.54004815220832814 1.1371430158615115
decision_type=2 2 2 2 2 2 2 2 2 2 2 2 2 2
left_child=9 3 4 6 5 -3 8 -4 -2 10 -1 -6 -8 -9
right_child=1 2 7 -5 11 -7 12 13 -10 -11 -12 -13 -14 -15
leaf_value=0.028328969104868693 0.009649189953002504 0.030510588024744486 0.020978448007680665 0.051217121535552496 -0.050795772267364869 -0.027080816118816443 -0.051438378648169428 0.051144989601822947 0.050729475792789108 0.051295984632807837 0.049114053193664367 -0.052272387793958458 -0.050802954063018935 0.050700750149370671
leaf_weight=0.75554745830595427 0.4843955375254162 2.8029832066968083 0.81718524824827987 1.2803292581811554 3.310014100279659 4.4248373713344353 3.0418815258890382 2.809647917747494 0.4777834415435791 2.4188470244407654 0.75683758500963449 1.3642565477639435 5.4384390064515165 5.2705996632575989
leaf_count=16 26 68 18 4 457 341 268 9 2 7 4 99 717 23
internal_value=-3.69072e-05 -0.00583589 0.00741896 -0.0315469 -0.0230006 -0.0047466 -0.042769 0.0481112 0.0300482 0.0464619 0.0387304 -0.0512267 -0.0510309 0.0508552
internal_weight=35.4536 31.5224 20.7995 10.7228 11.9021 7.22782 9.4425 8.89743 0.962179 3.93123 1.51239 4.67427 8.48032 8.08025
internal_count=2059 2032 1015 1017 965 409 1013 50 28 27 20 556 985 32
is_linear=0
shrinkage=0.05


Tree=73
num_leaves=13
num_cat=0
split_feature=27 8 29 2 21 26 3 5 6 28 5 13
split_gain=3.64652 4.30237 8.40711 4.27103 3.67662 3.15093 1.64095 0.914042 0.871254 0.174492 0.0211331 1.54188e-05
threshold=-2.5465446710586543 -0.19989445805549619 -0.047297203913331025 -0.23550640046596524 8.281497001647951 0.46611730754375463 -3.9537028074264522 -0.84569627046585072 8.5401630401611346 1.0897614955902102 0.3088288307189942 2.6249357461929326
decision_type=2 2 2 2 2 2 2 2 2 2 2 2
left_child=9 6 4 7 5 -3 -2 -4 11 -1 -5 -8
right_child=1 2 3 10 -6 -7 8 -9 -10 -11 -12 -13
leaf_value=0.029789912016312505 0.050698581752822852 -0.044317757694971809 0.050795851942638574 0.045414121904253008 0.051689599041391546 0.044097507670916761 -0.050707776563704281 -0.050716839426547172 0.050667359397200608 0.051045774907839181 0.050781101665697395 -0.051396807905508927
leaf_weight=1.497399142011999 0.45777046680450428 9.4322803602553922 0.26027959585189719 2.5210431739687866 1.3879192471504218 1.1282137511298049 6.1486400295980301 1.4980379249900595 0.21936674416065205 2.7181891947984695 6.7322409898042679 0.082278513349592575
leaf_count=18 2 871 1 12 3 7 879 220 1 9 28 8
internal_value=-3.66266e-05 -0.00618078 0.0042283 0.0357448 -0.0248171 -0.0348721 -0.040777 -0.0356902 -0.0472689 0.0434956 0.0493189 -0.0507169
internal_weight=34.0837 29.8681 22.96 11.0116 11.9484 10.5605 6.90806 1.75832 6.45029 4.21559 9.25328 6.23092
internal_count=2059 2032 1142 261 881 878 890 221 888 27 40 887
is_linear=0
shrinkage=0.05


Tree=74
num_leaves=15
num_cat=0
split_feature=12 23 2 15 14 8 18 26 6 15 13 20 22 2
split_gain=3.50603 3.88795 9.29629 3.59261 2.27862 5.17431 2.07497 0.267104 0.155289 0.0605617 0.0906759 0.00149831 0.000247396 0.000109515
threshold=-2.5617678165435787 0.016980659216642383 0.58673071861267101 4.0896219015121469 0.78977537155151378 0.17642804235219958 -2.0296245813369747 -1.0000000180025095e-35 8.5401630401611346 -2.7192312479019161 0.63527229428291332 0.81004643440246593 -0.54004815220832814 1.1371430158615115
decision_type=2 2 2 2 2 2 2 2 2 2 2 2 2 2
left_child=9 3 4 6 5 -3 8 -4 -2 -1 -11 -6 -8 -9
right_child=1 2 7 -5 11 -7 12 13 -10 10 -12 -13 -14 -15
leaf_value=0.051252437288391565 0.0090799425845831984 -0.038429083720791603 0.019910386909454836 0.05099482939533443 -0.053052702710068123 0.050775559948355933 -0.051321162661580134 0.051041279145417007 0.050666905147525088 0.025370015675866126 0.050723332097989397 -0.051135276778085909 -0.050732038713568677 0.050636258082232391
leaf_weight=2.2403051555156712 0.46100157126784314 4.3489304468967038 0.77469834592193354 1.1636898932047195 1.8271274613216517 2.5959837050177157 2.7836501835845402 2.560576066374777 0.43751071393489838 0.70642216689884552 0.70424072444438934 2.3030594983138144 4.9526470508426437 4.7934031933546066
leaf_count=7 26 548 18 4 121 9 268 9 2 17 3 287 717 23
internal_value=-3.47015e-05 -0.00584773 0.00722905 -0.0314765 -0.0225745 -0.00508471 -0.042591 0.0478355 0.0293298 0.0461424 0.0380271 -0.0519835 -0.050944 0.0507773
internal_weight=32.6532 29.0023 19.2038 9.7985 11.0751 6.94491 8.63481 8.12868 0.898512 3.65097 1.41066 4.13019 7.7363 7.35398
internal_count=2059 2032 1015 1017 965 557 1013 50 28 27 20 408 985 32
is_linear=0
shrinkage=0.05


Tree=75
num_leaves=15
num_cat=0
split_feature=3 8 29 21 2 14 6 20 4 2 22 26 27 13
split_gain=3.36071 4.12101 6.78666 3.97386 3.12542 5.58008 2.28286 1.70468 0.198981 0.238584 0.424563 0.0153769 0.000211377 1.18856e-05
threshold=-2.305652260780334 -0.19989445805549619 -0.28841057419776911 8.281497001647951 0.36878669261932379 0.68094560503959667 8.5401630401611346 1.664510250091553 1.1474715471267702 2.1820497512817387 -1.519166052341461 0.33465798199176794 -2.2421318292617793 2.6249357461929326
decision_type=2 2 2 2 2 2 2 2 2 2 2 2 2 2
left_child=8 6 3 7 5 -4 12 -3 9 10 -1 -6 -2 -14
right_child=1 2 4 -5 11 -7 -8 -9 -10 -11 -12 -13 13 -15
leaf_value=0.050584429008868607 -0.052177283272783662 -0.051022711331687412 0.047656690180621401 0.05152593332924086 0.044941681494999171 -0.052299554069752313 0.050623130238754713 0.051353010477826366 0.050763697919745603 0.050597692540713723 -0.050807920141259316 0.050730825674892482 -0.050646411926642015 -0.051278791414291161
leaf_weight=0.19273659586906466 0.2377143958583473 6.6863240790553462 2.907159821595986 1.260321259498596 1.4359399583190677 2.6865089870989323 0.61429812014102925 0.43294861912727345 2.9002895653247833 0.39381864666938782 0.22236051689833669 5.7013004273176193 5.5145797538571122 0.075317377224564441
leaf_count=1 15 798 24 3 12 262 3 1 12 2 30 26 862 8
internal_value=-3.28914e-05 -0.00604796 0.00463398 -0.0303096 0.0276341 -0.000349968 -0.0410533 -0.0447969 0.0446477 0.0227194 -0.00372974 0.0495661 -0.050717 -0.0506549
internal_weight=31.2616 27.5524 21.1105 8.37959 12.7309 5.59367 6.44191 7.11927 3.70921 0.808916 0.415097 7.13724 5.82761 5.5899
internal_count=2059 2014 1126 802 324 286 888 799 45 33 31 38 885 870
is_linear=0
shrinkage=0.05


Tree=76
num_leaves=15
num_cat=0
split_feature=3 8 29 21 2 14 21 20 4 2 21 26 27 13
split_gain=3.19401 3.91719 6.43753 3.77573 2.96759 5.28078 2.16999 1.61985 0.189082 0.226819 0.403573 0.0175485 0.000181489 1.02391e-05
threshold=-2.305652260780334 -0.19989445805549619 -0.28841057419776911 8.281497001647951 0.36878669261932379 0.68094560503959667 -3.5959370136260982 1.664510250091553 1.1474715471267702 2.1820497512817387 1.0192610621452334 0.33465798199176794 -2.2421318292617793 2.6249357461929326
decision_type=2 2 2 2 2 2 2 2 2 2 2 2 2 2
left_child=8 6 3 7 5 -4 -2 -3 9 10 -1 -6 -8 -14
right_child=1 2 4 -5 11 -7 12 -9 -10 -11 -12 -13 13 -15
leaf_value=-0.050768022179176989 0.050592372944595211 -0.050972471773386811 0.047264080072475817 0.051449865993083571 0.044384966233229489 -0.052191056082323266 -0.052067500078844579 0.051285284432779965 0.050725933488495203 0.050568204315898195 0.050555601226219139 0.05069484120106902 -0.050614502568066627 -0.051215950757055609
leaf_weight=0.21167789958417715 0.58468472957611073 6.3663388313725671 2.7877761851996077 1.2005824148654936 1.382613707333803 2.560664894990623 0.226585661061108 0.41236358880996693 2.7608428746461868 0.37482482194900513 0.18343862891197205 5.4269972145557404 5.2488541998900535 0.071729792747646459
leaf_count=30 3 798 24 3 12 262 15 1 12 2 1 26 862 8
internal_value=-3.4068e-05 -0.00603533 0.00461907 -0.0302772 0.0275213 -0.000351902 -0.0410249 -0.0447519 0.0446156 0.0227051 -0.00372705 0.0494137 -0.0506816 -0.0506226
internal_weight=29.8 26.2692 20.1373 7.97928 12.1581 5.34844 6.13185 6.7787 3.53078 0.769941 0.395117 6.80961 5.54717 5.32058
internal_count=2059 2014 1126 802 324 286 888 799 45 33 31 38 885 870
is_linear=0
shrinkage=0.05


Tree=77
num_leaves=15
num_cat=0
split_feature=3 8 29 21 2 14 6 20 4 2 21 26 27 13
split_gain=3.03567 3.72358 6.10575 3.58768 2.81743 4.99646 2.06277 1.53933 0.179684 0.215641 0.383634 0.0199541 0.000155845 8.82036e-06
threshold=-2.305652260780334 -0.19989445805549619 -0.28841057419776911 8.281497001647951 0.36878669261932379 0.68094560503959667 8.5401630401611346 1.664510250091553 1.1474715471267702 2.1820497512817387 1.0192610621452334 0.33465798199176794 -2.2421318292617793 2.6249357461929326
decision_type=2 2 2 2 2 2 2 2 2 2 2 2 2 2
left_child=8 6 3 7 5 -4 12 -3 9 10 -1 -6 -2 -14
right_child=1 2 4 -5 11 -7 -8 -9 -10 -11 -12 -13 13 -15
leaf_value=-0.050730118285943072 -0.051963421327058418 -0.050924719714722858 0.046848034655945885 0.051377666626811841 0.043797847713620948 -0.052087540672694471 0.050563151606415328 0.051221032941515601 0.050690061521909607 0.050540185071808512 0.050528210518085752 0.050660644195681184 -0.050584186444783963 -0.051156221565785379
leaf_weight=0.2015008982270986 0.21595574868842948 6.0613841754384419 2.6747791785746706 1.1435936689376829 1.3323734011501072 2.4404984139837325 0.55648262798786152 0.39273202419280995 2.6280065774917603 0.35673709213733673 0.17458441853523254 5.1657162308692932 4.9957814207300606 0.06830914644524444
leaf_count=30 15 798 24 3 12 262 3 1 12 2 1 26 862 8
internal_value=-3.53558e-05 -0.00602241 0.00460355 -0.0302463 0.0274031 -0.000354118 -0.040998 -0.0447092 0.044585 0.0226915 -0.00372449 0.0492535 -0.050648 -0.0505919
internal_weight=28.4084 25.0476 19.2111 7.59771 11.6134 5.11528 5.83653 6.45412 3.36083 0.732822 0.376085 6.49809 5.28005 5.06409
internal_count=2059 2014 1126 802 324 286 888 799 45 33 31 38 885 870
is_linear=0
shrinkage=0.05


Tree=78
num_leaves=15
num_cat=0
split_feature=18 16 26 2 21 18 0 0 25 4 29 15 18 19
split_gain=2.88762 3.20908 3.91685 7.75281 3.26687 1.45644 0.908302 0.685977 0.614936 0.530637 0.237613 0.173863 0.0707272 0.176789
threshold=-2.3368196487426753 -0.75693422555923451 0.17840023338794711 -0.11834492534399031 0.17671180516481402 -0.24705615639686582 -2.8689622879028316 -5.2202017307281485 -0.82343682646751393 -0.53929576277732838 -1.0000000180025095e-35 -0.1747198551893234 -3.3987815380096431 1.1042366027832033
decision_type=2 2 2 2 2 2 2 2 2 2 2 2 2 2
left_child=12 4 7 6 8 9 -4 -3 -2 -6 -5 -7 -1 -14
right_child=1 2 3 10 5 11 -8 -9 -10 -11 -12 -13 13 -15
leaf_value=0.05093496898131681 0.050500700477886108 0.050515804405276345 0.050707746063000138 0.023607122896536832 0.050502185714771025 0.026349697044419109 -0.050814786515862555 -0.051084817238366421 -0.050829286014328859 -0.050647964742440182 0.050605944122236658 0.049611756429463527 0.0043227428727037184 0.050595589847090831
leaf_weight=2.1274400353431706 0.16567295789718617 0.17056743800640628 0.23227097094058979 1.0283646667376158 0.16615326702594746 0.97442797943949688 4.2803127439692616 6.3908000970259247 1.555377773474907 0.59033106407150626 3.9264750033617002 4.572537153493613 0.31931929662823932 0.58379846811294556
leaf_count=9 1 1 1 16 1 40 700 886 235 95 21 26 24 3
internal_value=-3.67602e-05 -0.00583183 -0.0187539 0.00182251 0.0199797 0.0366497 -0.0455892 -0.0484436 -0.041075 -0.0284315 0.0450024 0.0455253 0.0459582 0.0342347
internal_weight=27.0838 24.0533 16.0288 9.46742 8.0245 6.30345 4.51258 6.56137 1.72105 0.756484 4.95484 5.54697 3.03056 0.903118
internal_count=2059 2023 1625 738 398 162 701 887 236 96 37 66 36 27
is_linear=0
shrinkage=0.05


Tree=79
num_leaves=15
num_cat=0
split_feature=3 8 29 21 2 14 6 20 4 2 22 26 27 13
split_gain=2.7529 3.37623 5.47105 3.26848 2.55764 4.52808 1.86422 1.42639 0.15997 0.197315 0.346671 0.0215517 0.000108917 6.50973e-06
threshold=-2.305652260780334 -0.19989445805549619 -0.28841057419776911 8.281497001647951 0.36878669261932379 0.68094560503959667 8.5401630401611346 1.664510250091553 1.1474715471267702 2.1820497512817387 -1.519166052341461 0.33465798199176794 -2.1295784711837764 2.6249357461929326
decision_type=2 2 2 2 2 2 2 2 2 2 2 2 2 2
left_child=8 6 3 7 5 -4 12 -3 9 10 -1 -6 -2 -14
right_child=1 2 4 -5 11 -7 -8 -9 -10 -11 -12 -13 13 -15
leaf_value=0.0504774533334372 -0.05171227211778745 -0.050840789425402003 0.046394177384696596 0.051250117119363163 0.043147861611148086 -0.051923335124172978 0.050508863336533351 0.05113299954229638 0.050623902464476726 0.050500817248435942 -0.050659758082639242 0.050597467229756637 -0.050529744730214779 -0.051045768977514942
leaf_weight=0.15812535583972964 0.20587324630469073 5.512844651937491 2.4610638990998179 1.0506062805652616 1.2249454529955981 2.2342761284671724 0.50392189621925343 0.36567306518554676 2.3820805698633194 0.33074350655078888 0.1825438346713808 4.6804645359516144 4.5276935580186608 0.061953401193022617
leaf_count=1 17 798 24 3 12 262 3 1 12 2 30 26 860 8
internal_value=-3.88854e-05 -0.00600253 0.00456967 -0.0299801 0.0271529 -0.000390181 -0.040974 -0.0444975 0.044548 0.0229918 -0.00371581 0.0490522 -0.0505872 -0.0505367
internal_weight=25.8828 22.8293 17.5299 6.92912 10.6008 4.69534 5.29944 5.87852 3.05349 0.671413 0.340669 5.90541 4.79552 4.58965
internal_count=2059 2014 1126 802 324 286 888 799 45 33 31 38 885 868
is_linear=0
shrinkage=0.05


Tree=80
num_leaves=15
num_cat=0
split_feature=3 8 29 21 2 14 6 20 4 2 21 26 27 13
split_gain=2.61664 3.20963 5.18807 3.10614 2.42762 4.28251 1.77228 1.35566 0.152042 0.187601 0.329575 0.0243305 9.35862e-05 5.60718e-06
threshold=-2.305652260780334 -0.19989445805549619 -0.28841057419776911 8.281497001647951 0.36878669261932379 0.68094560503959667 8.5401630401611346 1.664510250091553 1.1474715471267702 2.1820497512817387 1.0192610621452334 0.33465798199176794 -2.1295784711837764 2.6249357461929326
decision_type=2 2 2 2 2 2 2 2 2 2 2 2 2 2
left_child=8 6 3 7 5 -4 12 -3 9 10 -1 -6 -2 -14
right_child=1 2 4 -5 11 -7 -8 -9 -10 -11 -12 -13 13 -15
leaf_value=-0.050627251631401665 -0.051626682368600067 -0.050799551511005916 0.045931386814645113 0.051188024983153758 0.042500124936960697 -0.05183206904118326 0.050483801087053165 0.05107652095322527 0.050593129343623755 0.05047615260345454 0.050453951226409659 0.050568101278965785 -0.050503650764992893 -0.050994453085239672
leaf_weight=0.17374974535778465 0.19614915456622828 5.2481296258047285 2.3640371803194196 1.0005492866039274 1.1825192142277954 2.1289570429362357 0.47957730293273915 0.34821391105651844 2.2672486156225204 0.31476281583309174 0.15048179030418396 4.4547158479690552 4.3090443802066209 0.058989706449210533
leaf_count=30 17 798 24 3 12 262 3 1 12 2 1 26 860 8
internal_value=-4.04041e-05 -0.00598911 0.00455297 -0.0299536 0.027024 -0.000392776 -0.0409508 -0.0444607 0.0445218 0.0229798 -0.00371362 0.0488757 -0.0505583 -0.0505103
internal_weight=24.6771 21.7709 16.7271 6.59689 10.1302 4.49299 5.04376 5.59634 2.90624 0.638994 0.324232 5.63724 4.56418 4.36803
internal_count=2059 2014 1126 802 324 286 888 799 45 33 31 38 885 868
is_linear=0
shrinkage=0.05


Tree=81
num_leaves=15
num_cat=0
split_feature=3 8 29 21 2 14 6 20 4 2 21 26 27 13
split_gain=2.48717 3.05133 4.91904 2.95201 2.30389 4.04913 1.68492 1.28849 0.144512 0.178371 0.31333 0.0273735 8.04202e-05 4.8296e-06
threshold=-2.305652260780334 -0.19989445805549619 -0.28841057419776911 8.281497001647951 0.36878669261932379 0.68094560503959667 8.5401630401611346 1.664510250091553 1.1474715471267702 2.1820497512817387 1.0192610621452334 0.33465798199176794 -2.1295784711837764 2.6249357461929326
decision_type=2 2 2 2 2 2 2 2 2 2 2 2 2 2
left_child=8 6 3 7 5 -4 12 -3 9 10 -1 -6 -2 -14
right_child=1 2 4 -5 11 -7 -8 -9 -10 -11 -12 -13 13 -15
leaf_value=-0.050596362633199221 -0.051545470283663401 -0.050760348343135343 0.045440765212768769 0.051129070449974313 0.041820640224712262 -0.051745034636980818 0.050459982381680507 0.051022919089743761 0.050563889420281165 0.050452717438832874 0.050431615397325769 0.050540188338273284 -0.050478855554252133 -0.050945671806213066
leaf_weight=0.16537422686815562 0.18686940008774389 4.9959336272440877 2.2724170102737755 0.95282162725925434 1.1426662299782036 2.0284469379112124 0.45639793574810017 0.33157050609588612 2.1578892916440964 0.2995472252368927 0.14320451021194458 4.2397380769252777 4.1008524587377968 0.056165118236094602
leaf_count=30 17 798 24 3 12 262 3 1 12 2 1 26 860 8
internal_value=-4.20507e-05 -0.0059752 0.00453543 -0.0299285 0.0268879 -0.000395662 -0.0409289 -0.0444256 0.0444968 0.0229684 -0.00371153 0.0486891 -0.0505308 -0.0504852
internal_weight=23.5299 20.7639 15.9636 6.28033 9.68327 4.30086 4.80028 5.3275 2.76602 0.608126 0.308579 5.3824 4.34389 4.15702
internal_count=2059 2014 1126 802 324 286 888 799 45 33 31 38 885 868
is_linear=0
shrinkage=0.05


Tree=82
num_leaves=15
num_cat=0
split_feature=3 8 29 21 2 14 21 20 4 2 21 27 2 8
split_gain=2.36414 2.90653 4.75203 2.79017 2.29026 3.92065 2.10408 1.22318 0.137361 0.169598 0.297894 6.08429e-05 5.91296e-05 2.78876e-05
threshold=-2.305652260780334 -0.13283141702413556 -0.28841057419776911 8.281497001647951 0.36878669261932379 0.69268929958343517 -2.8655720949172969 1.664510250091553 1.1474715471267702 2.1820497512817387 1.0192610621452334 -2.1295784711837764 0.9631640911102296 -0.19989445805549619
decision_type=2 2 2 2 2 2 2 2 2 2 2 2 2 2
left_child=8 6 3 7 5 -4 -2 -3 9 10 -1 -8 -6 -13
right_child=1 2 4 -5 12 -7 11 -9 -10 -11 -12 13 -14 -15
leaf_value=-0.05056700880547535 0.048283294441944041 -0.050726275429962879 0.04967710359356739 0.051073088629010416 0.050779831072700399 -0.051683576445565899 -0.051421986852186213 0.050972029255323528 0.050536105346702609 0.050430447170548703 0.05041038364326296 -0.050461379943838917 0.05042744690510359 -0.050939011742228126
leaf_weight=0.15739784622565212 0.61264220904558886 4.6578110796399441 1.9160303333774122 0.90732036530971516 1.9304355829954145 1.9001333760097621 0.18608110886998463 0.31570655107498158 2.053747832775116 0.28506079316139221 0.13627626001834869 3.9429173357784744 3.105602964758873 0.33128472836688816
leaf_count=30 7 779 10 3 9 254 19 1 12 2 1 865 22 45
internal_value=-4.38294e-05 -0.00596074 0.00527864 -0.0295607 0.0284237 -0.000792118 -0.0386027 -0.0442707 0.0444731 0.0229576 -0.00370955 -0.0505369 0.0505625 -0.0504984
internal_weight=22.4384 19.806 14.733 5.88084 8.8522 3.81616 5.07293 4.97352 2.63248 0.578735 0.293674 4.46028 5.03604 4.2742
internal_count=2059 2014 1078 783 295 264 936 780 45 33 31 929 31 910
is_linear=0
shrinkage=0.05


Tree=83
num_leaves=15
num_cat=0
split_feature=3 8 29 21 2 14 21 20 4 2 21 27 2 8
split_gain=2.24755 2.76194 4.51505 2.65193 2.17971 3.71991 1.99937 1.16266 0.130569 0.16126 0.283226 5.22993e-05 5.08639e-05 2.39923e-05
threshold=-2.305652260780334 -0.13283141702413556 -0.28841057419776911 8.281497001647951 0.36878669261932379 0.69268929958343517 -2.8655720949172969 1.664510250091553 1.1474715471267702 2.1820497512817387 1.0192610621452334 -2.1295784711837764 0.9631640911102296 -0.19989445805549619
decision_type=2 2 2 2 2 2 2 2 2 2 2 2 2 2
left_child=8 6 3 7 5 -4 -2 -3 9 10 -1 -8 -6 -13
right_child=1 2 4 -5 12 -7 11 -9 -10 -11 -12 13 -14 -15
leaf_value=-0.050539112395467926 0.048050940216004763 -0.050690686205469848 0.049503015827640044 0.051019926967711154 0.050741427794554428 -0.051603358313651572 -0.051351294814153875 0.050923728441337558 0.05050970386497964 0.050409276352036694 0.050390211515577044 -0.050438694488068141 0.050406428693678146 -0.050892736980533884
leaf_weight=0.14980202028528156 0.58551155496388663 4.4336792281828847 1.8288348242640409 0.86394645273685444 1.8376418352127073 1.8102016369812188 0.17724334797821928 0.30058702826499928 1.9545807540416715 0.27126923203468323 0.1296805739402771 3.7522632956970479 2.9553416967391968 0.31540708267130613
leaf_count=30 7 779 10 3 9 254 19 1 12 2 1 865 22 45
internal_value=-4.41138e-05 -0.00595452 0.00527236 -0.0295381 0.0283838 -0.000791321 -0.0385636 -0.044239 0.0444506 0.0229473 -0.00370767 -0.0505105 0.0505349 -0.0504739
internal_weight=21.366 18.8607 14.0302 5.59821 8.43202 3.63904 4.83043 4.73427 2.50533 0.550752 0.279483 4.24491 4.79298 4.06767
internal_count=2059 2014 1078 783 295 264 936 780 45 33 31 929 31 910
is_linear=0
shrinkage=0.05


Tree=84
num_leaves=15
num_cat=0
split_feature=3 8 29 21 2 14 21 20 4 2 21 27 2 8
split_gain=2.13675 2.62447 4.28991 2.52064 2.07467 3.52921 1.89984 1.10518 0.124116 0.153335 0.269286 4.49582e-05 4.37558e-05 2.06415e-05
threshold=-2.305652260780334 -0.13283141702413556 -0.28841057419776911 8.281497001647951 0.36878669261932379 0.69268929958343517 -2.8655720949172969 1.664510250091553 1.1474715471267702 2.1820497512817387 1.0192610621452334 -2.1295784711837764 0.9631640911102296 -0.19989445805549619
decision_type=2 2 2 2 2 2 2 2 2 2 2 2 2 2
left_child=8 6 3 7 5 -4 -2 -3 9 10 -1 -8 -6 -13
right_child=1 2 4 -5 12 -7 11 -9 -10 -11 -12 13 -14 -15
leaf_value=-0.050512599615209479 0.047800850016126495 -0.050656848749042693 0.049319284213175621 0.050969439320728338 0.050704934785426849 -0.051526885790717881 -0.05128418008984869 0.05087786522671657 0.050484614761289882 0.050389158656311078 0.050371038471195999 -0.050417134023699295 0.050386450714155019 -0.050848765177524659
leaf_weight=0.14256899617612662 0.5597976273857056 4.2201922130771008 1.7459614640101704 0.82260480523109425 1.7492453157901762 1.7244081550743429 0.16881416202522803 0.28617846965789784 1.860155440866947 0.25813969224691391 0.12340175360441208 3.5707511797081679 2.8122944831848145 0.3002774019260025
leaf_count=30 7 779 10 3 9 254 19 1 12 2 1 865 22 45
internal_value=-4.44409e-05 -0.00594833 0.00526607 -0.0295167 0.0283436 -0.00079064 -0.0385235 -0.0442089 0.0444292 0.0229375 -0.00370588 -0.0504854 0.0505086 -0.0504506
internal_weight=20.3448 17.9605 13.3609 5.32898 8.03191 3.47037 4.59964 4.50637 2.38427 0.52411 0.265971 4.03984 4.56154 3.87103
internal_count=2059 2014 1078 783 295 264 936 780 45 33 31 929 31 910
is_linear=0
shrinkage=0.05


Tree=85
num_leaves=15
num_cat=0
split_feature=3 8 29 21 2 14 21 20 4 2 21 27 2 8
split_gain=2.03147 2.49377 4.076 2.39594 1.97488 3.34803 1.80524 1.05057 0.117987 0.145802 0.256039 3.86502e-05 3.7641e-05 1.77592e-05
threshold=-2.305652260780334 -0.13283141702413556 -0.28841057419776911 8.281497001647951 0.36878669261932379 0.69268929958343517 -2.8655720949172969 1.664510250091553 1.1474715471267702 2.1820497512817387 1.0192610621452334 -2.1295784711837764 0.9631640911102296 -0.19989445805549619
decision_type=2 2 2 2 2 2 2 2 2 2 2 2 2 2
left_child=8 6 3 7 5 -4 -2 -3 9 10 -1 -8 -6 -13
right_child=1 2 4 -5 12 -7 11 -9 -10 -11 -12 13 -14 -15
leaf_value=-0.050487401170727086 0.047531613497667435 -0.050624677324217209 0.049124786466497102 0.050921482128643725 0.050670251579885334 -0.051453990155536103 -0.051220457011431381 0.050834321370670427 0.050460770694380111 0.050370034379487005 0.050352809462141934 -0.050396639515896693 0.050367463880542029 -0.050806980038301863
leaf_weight=0.13568180333823265 0.5354375336319207 4.0168577770236915 1.667222369462243 0.78320421278476704 1.6650438234210012 1.6425730164628474 0.16077573737129602 0.27244868874549855 1.7702495902776716 0.24564094096422195 0.11742480099201202 3.3979499931447212 2.676120288670063 0.28586169122718885
leaf_count=30 7 779 10 3 9 254 19 1 12 2 1 865 22 45
internal_value=-4.48138e-05 -0.00594216 0.00525974 -0.0294963 0.0283027 -0.000790077 -0.0384824 -0.0441802 0.0444088 0.0229282 -0.00370418 -0.0504616 0.0504836 -0.0504285
internal_weight=19.3725 17.1035 12.7235 5.07251 7.65096 3.3098 4.38002 4.28931 2.269 0.498748 0.253107 3.84459 4.34116 3.68381
internal_count=2059 2014 1078 783 295 264 936 780 45 33 31 929 31 910
is_linear=0
shrinkage=0.05


Tree=86
num_leaves=15
num_cat=0
split_feature=18 16 26 2 21 18 0 0 25 4 29 15 18 19
split_gain=1.9335 2.16666 2.60765 5.18517 2.1879 0.961803 0.606156 0.46115 0.410132 0.354135 0.177326 0.127606 0.0505072 0.123191
threshold=-2.3368196487426753 -0.75693422555923451 0.17840023338794711 -0.11834492534399031 0.17671180516481402 -0.24705615639686582 -2.8689622879028316 -5.2202017307281485 -0.82343682646751393 -0.53929576277732838 0.15640980750322345 -0.1747198551893234 -3.3987815380096431 1.1042366027832033
decision_type=2 2 2 2 2 2 2 2 2 2 2 2 2 2
left_child=12 4 7 6 8 9 -4 -3 -2 -6 -5 -7 -1 -14
right_child=1 2 3 10 5 11 -8 -9 -10 -11 -12 -13 13 -15
leaf_value=0.050635600313244267 0.050334358916994497 0.050347960513487625 0.050472295601212816 0.022575078879618127 0.050335483292782257 0.02532276682479051 -0.05055476811370202 -0.050739235140891729 -0.050557617301403013 -0.050432160489210003 0.050406923253038444 0.049191748673277205 0.0041099149370866913 0.050400841128632273
leaf_weight=1.4463403150439265 0.11136577278375615 0.11583327502012597 0.15644945204257998 0.73019665060564909 0.11173540353775013 0.6822972311638299 2.9122928571887314 4.3382560978643525 1.0545064539182973 0.39690395444631577 2.6467704996466637 3.1224136259406805 0.22566324938088911 0.39581423252820969
leaf_count=9 1 1 1 16 1 40 700 886 235 95 21 26 24 3
internal_value=-4.52354e-05 -0.0057969 -0.0186904 0.00163921 0.0198522 0.0362786 -0.0454042 -0.0481104 -0.0409203 -0.028296 0.0443889 0.0449113 0.0455133 0.0335923
internal_weight=18.4468 16.379 10.8998 6.44571 5.47922 4.31335 3.06874 4.45409 1.16587 0.508639 3.37697 3.80471 2.06782 0.621477
internal_count=2059 2023 1625 738 398 162 701 887 236 96 37 66 36 27
is_linear=0
shrinkage=0.05


Tree=87
num_leaves=15
num_cat=0
split_feature=3 8 29 21 2 14 21 20 4 2 21 27 2 8
split_gain=1.84369 2.26126 3.65963 2.18459 1.79845 3.04467 1.63134 0.974764 0.10506 0.133473 0.23147 2.85366e-05 2.80298e-05 1.30738e-05
threshold=-2.305652260780334 -0.13283141702413556 -0.28841057419776911 8.281497001647951 0.36878669261932379 0.69268929958343517 -2.8655720949172969 1.664510250091553 1.1474715471267702 2.1820497512817387 1.0192610621452334 -2.1295784711837764 0.9631640911102296 -0.19989445805549619
decision_type=2 2 2 2 2 2 2 2 2 2 2 2 2 2
left_child=8 6 3 7 5 -4 -2 -3 9 10 -1 -8 -6 -13
right_child=1 2 4 -5 12 -7 11 -9 -10 -11 -12 13 -14 -15
leaf_value=-0.050440623877728956 0.047224144503786841 -0.050568832026105549 0.048898473627419926 0.050836977755009116 0.05060673911535038 -0.051340427553327787 -0.051103045932454606 0.050775264857642735 0.050416822661143557 0.050343740256855479 0.050319015036912246 -0.050359979396875393 0.050332282088916137 -0.050729595602011526
leaf_weight=0.12286738841794731 0.4874973259866241 3.6524697307031606 1.5274665057659098 0.71926718950271595 1.5099144130945208 1.5029037736821917 0.14587609702721316 0.25375407934188832 1.6041007265448568 0.22783274948596954 0.10631991177797318 3.0858540276531139 2.4232901409268379 0.25935071101412344
leaf_count=30 7 779 10 3 9 254 19 1 12 2 1 865 22 45
internal_value=-4.74254e-05 -0.00593102 0.00523436 -0.0292404 0.0281339 -0.000814733 -0.0384543 -0.0439854 0.0443914 0.0232427 -0.00369826 -0.0504185 0.0504376 -0.0503886
internal_weight=17.6288 15.5676 11.5891 4.62549 6.96357 3.03037 3.97858 3.90622 2.06112 0.45702 0.229187 3.49108 3.9332 3.3452
internal_count=2059 2014 1078 783 295 264 936 780 45 33 31 929 31 910
is_linear=0
shrinkage=0.05


Tree=88
num_leaves=15
num_cat=0
split_feature=3 8 29 21 2 14 21 20 4 0 21 27 2 8
split_gain=1.75295 2.14852 3.47718 2.07672 1.71228 2.88793 1.55007 0.926684 0.0998811 0.126921 0.220096 2.45366e-05 2.41149e-05 1.12489e-05
threshold=-2.305652260780334 -0.13283141702413556 -0.28841057419776911 8.281497001647951 0.36878669261932379 0.69268929958343517 -2.8655720949172969 1.664510250091553 1.1474715471267702 -5.2202017307281485 1.0192610621452334 -2.1295784711837764 0.9631640911102296 -0.19989445805549619
decision_type=2 2 2 2 2 2 2 2 2 2 2 2 2 2
left_child=8 6 3 7 5 -4 -2 -3 9 -1 -11 -8 -6 -13
right_child=1 2 4 -5 12 -7 11 -9 -10 10 -12 13 -14 -15
leaf_value=0.050326866693225593 0.046913053069093567 -0.050540992860136857 0.048681677989115581 0.050795645322171651 0.050576925532559651 -0.051276236031448152 -0.051048441240588084 0.050736886442803102 0.050396339997652251 -0.050418987854076502 0.050303361761791114 -0.050342311348806748 0.050315972865711045 -0.050693724177450085
leaf_weight=0.21679204702377308 0.46672067651525173 3.476202158024535 1.4592812471091714 0.68473078310489643 1.4371003136038782 1.4313508458435533 0.13890631916001517 0.24155633151531208 1.5264723449945448 0.11692396481521694 0.10116530954837799 2.9363593570888051 2.305833213031292 0.24687219574116159
leaf_count=2 7 779 10 3 9 254 19 1 12 30 1 865 22 45
internal_value=-4.78971e-05 -0.00592495 0.00522803 -0.0292229 0.028092 -0.000814363 -0.0384109 -0.0439606 0.0443739 0.0232345 -0.0036968 -0.050398 0.0504162 -0.0503696
internal_weight=16.7863 14.8249 11.0361 4.40249 6.63357 2.89063 3.78886 3.71776 1.96135 0.434881 0.218089 3.32214 3.74293 3.18323
internal_count=2059 2014 1078 783 295 264 936 780 45 33 31 929 31 910
is_linear=0
shrinkage=0.05


Tree=89
num_leaves=15
num_cat=0
split_feature=3 8 29 21 2 14 6 20 4 0 21 26 27 13
split_gain=1.66671 2.04169 3.24421 1.98535 1.5526 2.68047 1.14271 0.882136 0.0949604 0.120693 0.209286 0.0220492 2.38722e-05 1.45468e-06
threshold=-2.305652260780334 -0.19989445805549619 -0.28841057419776911 8.281497001647951 0.36878669261932379 0.68094560503959667 8.5401630401611346 1.664510250091553 1.1474715471267702 -5.2202017307281485 1.0192610621452334 0.33465798199176794 -2.1295784711837764 2.6249357461929326
decision_type=2 2 2 2 2 2 2 2 2 2 2 2 2 2
left_child=8 6 3 7 5 -4 12 -3 9 -1 -11 -6 -2 -14
right_child=1 2 4 -5 11 -7 -8 -9 -10 10 -12 -13 13 -15
leaf_value=0.050310822691757455 -0.051028738907164611 -0.050512199638771953 0.043966833112443315 0.050756379490147309 0.04089332097789114 -0.051199678053708009 0.050312432260188028 0.050700431216049807 0.050376870043507965 -0.050398420176665015 0.050288478328578315 0.050361202306921315 -0.050322635759500571 -0.050634245765920308
leaf_weight=0.20628307759761799 0.12659709504805583 3.3776562330313014 1.5873852791264655 0.65182724595069874 0.78395132441073689 1.3859344567172227 0.31181657314300526 0.22993654012680043 1.4525724351406095 0.11126576014794498 0.096259176731109619 2.8522247225046158 2.7726974629331376 0.037965579656883963
leaf_count=2 17 798 24 3 12 262 3 1 12 30 1 26 860 8
internal_value=-4.84247e-05 -0.00591879 0.00447719 -0.0295511 0.0264064 -0.000392522 -0.0406958 -0.0440612 0.0443572 0.0232267 -0.00369542 0.0483199 -0.0503571 -0.0503268
internal_weight=15.9844 14.118 10.8689 4.25942 6.6095 2.97332 3.24908 3.60759 1.86638 0.413808 0.207525 3.63618 2.93726 2.81066
internal_count=2059 2014 1126 802 324 286 888 799 45 33 31 38 885 868
is_linear=0
shrinkage=0.05


Tree=90
num_leaves=14
num_cat=0
split_feature=12 23 2 19 20 0 14 26 13 10 2 22 2
split_gain=1.58547 1.75671 4.17405 1.61571 1.08849 0.960298 0.959341 0.131907 0.0305135 0.0326992 6.98294e-05 2.02136e-05 1.12392e-05
threshold=-2.5617678165435787 0.016980659216642383 0.58673071861267101 2.3201102018356328 0.75223043560981762 -5.2202017307281485 -0.035429129377007477 1.0000000180025095e-35 1.0761632919311526 0.80368575453758251 -0.23550640046596524 -0.54004815220832814 1.1371430158615115
decision_type=2 2 2 2 2 2 2 2 2 2 2 2 2
left_child=8 3 4 5 6 -2 -3 -4 9 -1 -6 -7 -9
right_child=1 2 7 -5 10 11 -8 12 -10 -11 -12 -13 -14
leaf_value=0.025856073926359319 0.050380347035287626 -0.040475585547688146 0.019588126643946283 0.039532089215792064 -0.050359600308921754 -0.05059474069440361 0.01651247127475958 0.0504756934258246 0.05058351559846315 0.048364067846612957 -0.05100343079542799 -0.050346965650644337 0.050285020057138786
leaf_weight=0.33191023208201009 0.25284570455550959 1.1465941413771363 0.38853518525138531 0.68543753726407874 1.4281995524652304 1.2786466465331598 2.074845011578871 1.198467589914799 1.0605857372283933 0.31403615279123187 0.59727247525006522 2.3105630814097853 2.176199346780777
leaf_count=16 2 299 18 19 457 268 110 9 7 4 99 728 23
internal_value=-5.04886e-05 -0.0057756 0.0069921 -0.0311845 -0.021829 -0.0438006 -0.00377106 0.0471764 0.0453658 0.0367987 -0.0505495 -0.0504352 0.0503527
internal_weight=15.2441 13.5376 9.01011 4.52749 5.24691 3.84206 3.22144 3.7632 1.70653 0.645946 2.02547 3.58921 3.37467
internal_count=2059 2032 1015 1017 965 998 409 50 27 20 556 996 32
is_linear=0
shrinkage=0.05


Tree=91
num_leaves=15
num_cat=0
split_feature=3 8 29 22 21 2 9 0 4 0 21 29 27 8
split_gain=1.53354 1.85939 3.02072 1.95507 1.34484 1.21153 1.1237 0.369287 0.0863282 0.10925 0.189312 0.000260396 1.54293e-05 1.04499e-05
threshold=-2.305652260780334 -0.13283141702413556 0.12145989760756494 -0.54004815220832814 -2.8655720949172969 -0.23550640046596524 0.64810574054718029 3.8373051881790166 1.1474715471267702 -5.2202017307281485 1.0192610621452334 -0.28841057419776911 -2.1295784711837764 -0.19989445805549619
decision_type=2 2 2 2 2 2 2 2 2 2 2 2 2 2
left_child=8 4 3 6 -2 7 -3 -4 9 -1 -11 -5 -6 -14
right_child=1 2 5 11 12 -7 -8 -9 -10 10 -12 -13 13 -15
leaf_value=0.050281078912173809 0.046571887918104793 -0.027859239003704822 -0.050336581662252015 -0.050358396940852306 -0.050904353557290408 0.05032548303208334 0.032593385961912379 0.050345092593955178 0.050347986151792326 -0.050360710307319756 0.050260876233963338 -0.051520869476147306 -0.050296739486768105 -0.050651763788112682
leaf_weight=0.18676224350929249 0.40850525954738293 1.2919719908386453 0.43936470849439535 1.8990754154510776 0.1201845377217986 3.357698492705822 1.8979857261292634 0.11489167064428329 1.3380801081657407 0.10083250724710613 0.087144605815410614 0.64547052257694515 2.5437574482057252 0.22565672220662047
leaf_count=2 7 184 156 574 19 33 52 1 12 30 1 78 865 45
internal_value=-5.3128e-05 -0.00593616 0.00514435 -0.0179651 -0.038345 0.0390204 0.00810933 -0.0294663 0.0444076 0.0231963 -0.00371339 -0.0506533 -0.0503497 -0.0503257
internal_weight=14.6574 12.9446 9.64646 5.7345 3.2981 3.91195 3.18996 0.554256 1.71282 0.374739 0.187977 2.54455 2.8896 2.76941
internal_count=2059 2014 1078 888 936 190 236 157 45 33 31 652 929 910
is_linear=0
shrinkage=0.05


Tree=92
num_leaves=9
num_cat=0
split_feature=9 9 11 29 2 15 0 27
split_gain=1.47317 1.7761 2.15427 2.39387 2.48003 1.19281 0.454284 2.12029e-05
threshold=-2.9657799005508418 3.2143361568450932 0.023484189994633201 -0.047297203913331025 -0.23550640046596524 0.39570841193199163 -5.2202017307281485 -2.5465446710586543
decision_type=2 2 2 2 2 2 2 2
left_child=-1 2 6 5 -5 -4 -2 -8
right_child=1 -3 3 4 -6 -7 7 -9
leaf_value=0.046457865784708473 0.050349051375266657 0.049469570083977697 -0.050743194338136191 -0.050333426709291286 0.048430232269938964 0.0041296748715041907 -0.051060166287760327 -0.050331268601528451
leaf_weight=1.5184266101568944 0.11619060486554822 1.3071304380428035 2.1678981273435061 0.79142656247131515 3.2288779709488136 1.8233292244840411 0.10321169067173963 2.9923065623734195
leaf_count=18 1 16 502 277 34 196 10 1005
internal_value=-5.38611e-05 -0.00569014 -0.0121144 0.00175544 0.0289879 -0.0256754 -0.0467124 -0.0503556
internal_weight=14.0488 12.5304 11.2232 8.01153 4.0203 3.99123 3.21171 3.09552
internal_count=2059 2041 2025 1009 311 698 1016 1015
is_linear=0
shrinkage=0.05


Tree=93
num_leaves=14
num_cat=0
split_feature=27 8 29 22 8 2 24 3 0 28 29 8 2
split_gain=1.3938 1.56422 3.15334 1.52088 1.22373 1.09839 0.838707 0.414058 0.33378 0.0744753 0.000212012 7.46696e-06 5.2004e-06
threshold=-2.5465446710586543 -0.13283141702413556 0.12145989760756494 -0.54004815220832814 0.76857760548591625 -0.23550640046596524 -2.9905731678009029 -3.9537028074264522 3.8373051881790166 1.0897614955902102 -0.28841057419776911 -0.19989445805549619 0.63694822788238536
decision_type=2 2 2 2 2 2 2 2 2 2 2 2 2
left_child=9 6 3 4 -3 8 -2 -8 -4 -1 -5 -9 -7
right_child=1 2 5 10 -6 12 7 11 -10 -11 -12 -13 -14
leaf_value=0.028270498746879119 0.044900797422174621 0.029608815581643556 -0.050290009011765668 -0.050320194101105525 -0.038502011043724672 0.050383264535966157 0.050319577033153519 -0.050269694461127584 0.050312312528933083 0.050431810875673361 -0.051409393999923274 -0.050581465322741548 0.050248088647375788
leaf_weight=0.58198036812245924 0.27853303682059083 1.7492303389590218 0.396225941833109 1.7479067128151635 1.0585405216552315 1.0649503618478777 0.10650479793548662 2.3525410809088507 0.10411309450864792 1.0875373780727384 0.60018087946810039 0.2091208149213325 2.1438082158565521
leaf_count=18 7 65 158 582 174 9 1 883 1 9 79 47 26
internal_value=-5.619e-05 -0.00610049 0.00438994 -0.0209031 0.00393077 0.0395487 -0.0376603 -0.0462789 -0.0293562 0.0427066 -0.0505986 -0.0502951 0.050293
internal_weight=13.4812 11.8117 8.86496 5.15586 2.80777 3.7091 2.9467 2.66817 0.500339 1.66952 2.34809 2.56166 3.20876
internal_count=2059 2032 1094 900 239 194 938 931 159 27 661 930 35
is_linear=0
shrinkage=0.05


Tree=94
num_leaves=14
num_cat=0
split_feature=12 23 2 19 20 19 0 26 13 25 2 22 2
split_gain=1.3426 1.46043 3.45451 1.39949 0.919736 0.813283 0.788266 0.0944259 0.0292898 0.0497945 5.09876e-05 1.84344e-05 8.86009e-06
threshold=-2.5617678165435787 0.016980659216642383 0.58673071861267101 2.3201102018356328 0.75223043560981762 -0.69447037577629078 -5.2202017307281485 0.023377926088869575 1.0761632919311526 3.0624519586563115 -0.23550640046596524 -0.54004815220832814 1.1737037897109988
decision_type=2 2 2 2 2 2 2 2 2 2 2 2 2
left_child=8 3 4 6 5 -3 -2 -4 9 -1 -6 -8 -9
right_child=1 2 7 -5 10 -7 11 12 -10 -11 -12 -13 -14
leaf_value=0.020001857551939211 0.05031151083201995 0.030208979455563851 0.025464488131081667 0.039212853745569043 -0.050301785089371713 -0.025398113444521565 -0.05054202430327355 0.050418188752499517 0.050504864258726669 0.050301776793950419 -0.050897519293389093 -0.050287011143543274 0.050231814702384317
leaf_weight=0.25904583395458824 0.20766425877809469 1.0779619284439834 0.44533472182229195 0.599731811787933 1.1795480367727575 1.6859233560971914 1.128057316644117 1.0210990682244303 0.91867557913064957 0.28452148288488388 0.5164175264071672 1.9061711088288573 1.6982807368040083
leaf_count=17 2 68 19 19 457 341 268 9 7 3 99 728 22
internal_value=-5.85459e-05 -0.00581255 0.00685377 -0.0309517 -0.0214969 -0.00371041 -0.0439318 0.0468067 0.0450615 0.0358619 -0.0504832 -0.0503818 0.0503018
internal_weight=12.9284 11.4662 7.62457 3.84162 4.45985 2.76389 3.24189 3.16471 1.46224 0.543567 1.69597 3.03423 2.71938
internal_count=2059 2032 1015 1017 965 409 998 50 27 20 556 996 31
is_linear=0
shrinkage=0.05


Tree=95
num_leaves=12
num_cat=0
split_feature=9 20 2 29 11 23 21 15 14 22 2
split_gain=1.28038 1.57016 1.86556 2.35234 1.4872 1.38104 0.834159 0.372799 0.280186 1.24025e-05 8.62013e-06
threshold=-2.9657799005508418 -0.35946255922317499 -0.11834492534399031 -0.047297203913331025 0.65408366918563854 0.02729589864611626 -3.5959370136260982 3.0282359123229985 1.2398771643638613 -0.54004815220832814 0.8957534432411195
decision_type=2 2 2 2 2 2 2 2 2 2 2
left_child=-1 6 5 4 -4 -3 -2 -7 9 -8 -5
right_child=1 2 3 10 -6 7 8 -9 -10 -11 -12
leaf_value=0.045953925066779165 0.050239731466444684 0.046582400841050628 0.048141554241846185 0.050398275068208147 -0.037766707793671049 -0.050376932195638574 -0.050522269786440976 0.050288148887101369 0.050213013552604546 -0.050287496395152689 0.050227040118694603
leaf_weight=1.3480008961632854 0.23972056806087527 0.49242363753728424 0.69187437091022763 1.1761981844902041 1.8530527006369082 2.1163751380518083 0.90513385506346922 0.096150740981101879 0.071291923522949108 1.4862248194403933 1.9592286422848699
leaf_count=18 3 11 7 10 402 768 226 1 1 586 26
internal_value=-5.89334e-05 -0.00565302 0.00502854 0.021303 -0.0144113 -0.0291477 -0.0387973 -0.0460023 -0.0474644 -0.0503764 0.0502913
internal_weight=12.4357 11.0877 8.3853 5.68035 2.54493 2.70495 2.70237 2.21253 2.46265 2.39136 3.13543
internal_count=2059 2041 1225 445 409 780 816 769 813 812 36
is_linear=0
shrinkage=0.05


Tree=96
num_leaves=14
num_cat=0
split_feature=27 8 29 22 8 2 24 3 0 28 29 8 2
split_gain=1.22909 1.36097 2.76616 1.32888 1.0637 0.944692 0.723212 0.364747 0.29179 0.0729783 0.000147511 4.55996e-06 4.34629e-06
threshold=-2.5465446710586543 -0.13283141702413556 0.12145989760756494 -0.54004815220832814 0.81680306792259227 -0.23550640046596524 -2.9905731678009029 -3.9537028074264522 3.8373051881790166 1.0897614955902102 -0.28841057419776911 -0.19989445805549619 0.63694822788238536
decision_type=2 2 2 2 2 2 2 2 2 2 2 2 2
left_child=9 6 3 4 -3 8 -2 -8 -4 -1 -5 -9 -7
right_child=1 2 5 10 -6 12 7 11 -10 -11 -12 -13 -14
leaf_value=0.027212766030981328 0.0442936324499573 0.023084560922606981 -0.050252179566294131 -0.050284159479404712 -0.050525581071963976 0.050345644937447323 0.050281610192169181 -0.050238069999076429 0.050274014225952526 0.050403292560240079 -0.051252106174305138 -0.050500260329301154 0.050214109061463022
leaf_weight=0.52034664992243118 0.24377844855189357 1.8533601295202964 0.34216755325906012 1.5315778725780536 0.66754218586720515 0.95035255700349841 0.093992710113526168 2.0602484667906547 0.091486476361751556 0.97472222149372101 0.52974682056810829 0.18034831224940528 1.8515892699360845
leaf_count=18 7 81 158 582 158 9 1 883 1 9 79 47 26
internal_value=-5.71241e-05 -0.00615308 0.00423622 -0.020756 0.00359238 0.03963 -0.0376543 -0.0462113 -0.0290445 0.042332 -0.0505329 -0.0502592 0.0502587
internal_weight=11.8913 10.3962 7.81782 4.58223 2.5209 3.2356 2.57837 2.33459 0.433654 1.49507 2.06132 2.2406 2.80194
internal_count=2059 2032 1094 900 239 194 938 931 159 27 661 930 35
is_linear=0
shrinkage=0.05


Tree=97
num_leaves=15
num_cat=0
split_feature=18 16 26 2 21 18 0 0 25 4 2 22 16 5
split_gain=1.16994 1.41046 1.59739 3.09328 1.37055 0.569732 0.350295 0.273836 0.237469 0.204853 0.11804 0.0789464 0.0321434 0.0539261
threshold=-2.3368196487426753 -0.75693422555923451 0.17840023338794711 -0.11834492534399031 0.17671180516481402 -0.24705615639686582 -2.8689622879028316 -5.2202017307281485 -0.82343682646751393 -0.53929576277732838 0.057866884395480163 -0.56056895852088917 0.22133225202560428 1.7147693634033205
decision_type=2 2 2 2 2 2 2 2 2 2 2 2 2 2
left_child=12 4 7 6 8 9 -4 -3 -2 -6 -5 -7 13 -1
right_child=1 2 3 10 5 11 -8 -9 -10 -11 -12 -13 -14 -15
leaf_value=0.0053862123280731065 0.050192659696726483 0.050206736241545896 0.050272362520379955 0.022217309573127585 0.050193336650721079 0.049819209856851843 -0.050361255447914727 -0.050509474406079113 -0.05037026479419196 -0.050258562893661707 0.050247959233635765 0.029032278793903788 0.049406870173920807 0.050221985108162163
leaf_weight=0.12226873426698215 0.064532354474068021 0.069207616150378626 0.090940229594707822 0.49331531114876304 0.064757280051708555 1.8096287364605816 1.7609605604084206 2.7172618374461308 0.65002765669487328 0.23469815426506102 1.5737146586179731 0.61097974190488447 0.99550350313074887 0.14853493869304657
leaf_count=21 1 1 1 16 1 18 700 886 235 95 21 48 13 2
internal_value=-6.1537e-05 -0.00572039 -0.0190666 0.00151156 0.0203353 0.0365238 -0.0454195 -0.048008 -0.0412884 -0.0285358 0.0435582 0.0445724 0.0452521 0.0299785
internal_weight=11.4063 10.14 6.7054 3.91893 3.43462 2.72006 1.8519 2.78647 0.71456 0.299455 2.06703 2.42061 1.26631 0.270804
internal_count=2059 2023 1625 738 398 162 701 887 236 96 37 66 36 23
is_linear=0
shrinkage=0.05


Tree=98
num_leaves=15
num_cat=0
split_feature=12 23 2 15 14 8 18 23 5 6 13 25 20 2
split_gain=1.11716 1.21113 2.83734 1.1809 0.798405 1.70092 0.645928 0.091291 0.14239 0.0554417 0.026398 0.0449182 7.44209e-05 1.31608e-05
threshold=-2.5617678165435787 0.016980659216642383 0.58673071861267101 4.0896219015121469 0.78977537155151378 0.17642804235219958 -2.0296245813369747 0.52520525455474865 0.85598599910736095 8.5401630401611346 1.0761632919311526 3.0624519586563115 0.80000820755958568 1.2019448876380923
decision_type=2 2 2 2 2 2 2 2 2 2 2 2 2 2
left_child=10 3 4 6 5 -3 9 8 -4 -2 11 -1 -6 -9
right_child=1 2 7 -5 12 -7 -8 13 -10 -11 -12 -13 -14 -15
leaf_value=0.019073579542053277 0.0068484095376059387 -0.036719745530738389 0.0502251136249404 0.049973243702726072 -0.051137057336916418 0.050073730551256218 -0.050332795230821216 0.050433994233210426 -0.010647252765205934 0.050214239216037175 0.050426311369903325 0.050254367760267829 -0.050410027628834557 0.050190659398956429
leaf_weight=0.22170706652104921 0.15228759939782266 1.4672262817621238 0.22443225979805026 0.39659304311498988 0.66165993735194184 0.91744929715059687 2.5290473462082441 0.98762749508023295 0.16796629084274173 0.14282534271478653 0.77026689797639847 0.24111277610063553 0.75208413833752275 1.2704518735408781
leaf_count=17 26 548 3 4 119 9 985 9 18 2 7 3 289 20
internal_value=-6.40362e-05 -0.00577949 0.00672589 -0.0308189 -0.0209782 -0.00332794 -0.0421645 0.0464288 0.0241687 0.0278361 0.0447555 0.0353177 -0.0507503 0.0502971
internal_weight=10.9027 9.66965 6.4489 3.22075 3.79842 2.38468 2.82416 2.65048 0.392399 0.295113 1.23309 0.46282 1.41374 2.25808
internal_count=2059 2032 1015 1017 965 557 1013 50 21 28 27 20 408 29
is_linear=0
shrinkage=0.05


Tree=99
num_leaves=12
num_cat=0
split_feature=9 20 2 29 11 23 6 15 14 22 2
split_gain=1.07036 1.31262 1.53249 1.95345 1.22688 1.15613 0.690914 0.311365 0.229277 8.92611e-06 5.38018e-06
threshold=-2.9657799005508418 -0.35946255922317499 -0.11834492534399031 -0.047297203913331025 0.65408366918563854 0.02729589864611626 8.5401630401611346 3.0282359123229985 1.2398771643638613 -0.54004815220832814 0.8957534432411195
decision_type=2 2 2 2 2 2 2 2 2 2 2
left_child=-1 6 5 4 -4 -3 8 -7 9 -2 -5
right_child=1 2 3 10 -6 7 -8 -9 -10 -11 -12
leaf_value=0.045491252125556186 -0.05045625826576098 0.046227505548789266 0.047606265965824145 0.050335705404929536 -0.037014827397712551 -0.050318122234339159 0.050198470728986769 0.050240761951872603 0.050174259460272277 -0.050239207134898371 0.050187413912877281
leaf_weight=1.1477198121137924 0.77109343756455961 0.41728326678276007 0.58797439234331283 0.98334539681673083 1.5776245229644699 1.7644310422474516 0.19854690134525288 0.080490127205848583 0.05841173231601704 1.2280428595840924 1.6181716136634348
leaf_count=18 226 11 7 10 402 768 3 1 1 586 26
internal_value=-6.11197e-05 -0.0056916 0.00495866 0.021041 -0.0140396 -0.0289315 -0.0388746 -0.0459309 -0.0474699 -0.0503229 0.0502435
internal_weight=10.4331 9.28542 7.02932 4.76712 2.1656 2.2622 2.25609 1.84492 2.05755 1.99914 2.60152
internal_count=2059 2041 1225 445 409 780 816 769 813 812 36
is_linear=0
shrinkage=0.05


Tree=100
num_leaves=11
num_cat=0
split_feature=27 27 26 2 12 0 25 9 26 9
split_gain=1.03895 1.10954 1.32316 2.4376 0.84244 0.237436 0.0631407 0.00728232 0.00147805 2.72596e-05
threshold=-2.5465446710586543 2.5968383550643925 -0.43454994261264795 0.58673071861267101 -2.5617678165435787 -5.2202017307281485 1.7821924686431887 -1.0712311863899229 0.64730349183082592 -2.9657799005508418
decision_type=2 2 2 2 2 2 2 2 2 2
left_child=6 2 5 4 -4 -2 -1 -3 -5 -7
right_child=1 7 3 8 -6 9 -8 -9 -10 -11
leaf_value=0.027257999777442022 0.050180737464208917 0.050272148687466212 0.042228898875145318 0.047087080327500211 -0.029633571864629494 -0.051631977176077842 0.050354424891437627 0.041180691140337303 0.050221640718488128 -0.050318908467126236
leaf_weight=0.46405464177951283 0.060567218810320234 0.51209676638245583 0.46008251328021144 0.54881583200767625 3.5906010405160491 0.040363654028624407 0.81666996702551842 0.38650988438166667 1.1948371045291422 1.9049651114037247
leaf_count=18 1 6 14 12 1204 3 9 17 19 756
internal_value=-5.9337e-05 -0.0062496 -0.0123106 -0.00019411 -0.0214713 -0.0473108 0.0419857 0.0463617 0.049235 -0.0503462
internal_weight=9.97956 8.69884 7.80023 5.79434 4.05068 2.0059 1.28072 0.898607 1.74365 1.94533
internal_count=2059 2032 2009 1249 1218 760 27 23 31 759
is_linear=0
shrinkage=0.05


Tree=101
num_leaves=9
num_cat=0
split_feature=24 24 26 2 14 0 26 9
split_gain=0.979235 1.12911 1.32314 2.45151 0.699889 0.290257 0.00175553 2.28828e-05
threshold=-2.9905731678009029 2.7334507703781132 -0.43454994261264795 0.58673071861267101 0.68094560503959667 -5.2202017307281485 0.64730349183082592 -2.9657799005508418
decision_type=2 2 2 2 2 2 2 2
left_child=-1 2 5 4 -4 -2 -5 -7
right_child=1 -3 3 6 -6 7 -8 -9
leaf_value=0.04848905290825703 0.050222829301990006 0.048452789547665888 -0.006362305757858254 0.046775848759344194 -0.050643091034440958 -0.051550424075507563 0.050210461941286415 -0.050318272898477671
leaf_weight=0.93789808754809278 0.07454783469438564 0.87886177212931205 2.708040270023047 0.52543730090837915 1.3309236968634648 0.038454303052276262 1.2743796817958353 1.8733242381131263
leaf_count=18 1 16 774 12 449 3 21 765
internal_value=-5.24981e-05 -0.0052831 -0.0113183 0.000673685 -0.0209538 -0.0465688 0.0492078 -0.0503431
internal_weight=9.64187 8.70397 7.82511 5.83878 4.03896 1.98633 1.79982 1.91178
internal_count=2059 2041 2025 1256 1223 769 33 768
is_linear=0
shrinkage=0.05


Tree=102
num_leaves=15
num_cat=0
split_feature=3 8 29 21 2 14 21 20 4 0 21 27 2 8
split_gain=0.941717 1.21759 1.86663 1.19383 0.860857 1.67717 0.804078 0.518252 0.0568228 0.0681068 0.113096 1.04338e-05 7.0984e-06 1.75906e-06
threshold=-2.305652260780334 -0.13283141702413556 -0.28841057419776911 8.281497001647951 0.36878669261932379 0.69268929958343517 -2.8655720949172969 1.664510250091553 1.1474715471267702 -5.2202017307281485 1.0192610621452334 -2.5465446710586543 0.9631640911102296 -0.19989445805549619
decision_type=2 2 2 2 2 2 2 2 2 2 2 2 2 2
left_child=8 6 3 7 5 -4 -2 -3 9 -1 -11 -8 -6 -13
right_child=1 2 4 -5 12 -7 11 -9 -10 10 -12 13 -14 -15
leaf_value=0.050161894770105145 0.045702202474703801 -0.050330336257342581 0.048307577999309209 0.050458243330782186 0.050352374821367743 -0.050797061042278317 -0.05081983749794039 0.050411738823503693 0.050220631997893131 -0.050227194342359616 0.050151411606882648 -0.050191716029246769 0.050160322522230974 -0.050377726022656201
leaf_weight=0.10807947814464569 0.24794561136513982 1.9271564339287577 0.91146284900605701 0.40269246697425831 0.81601421907544125 0.80300491012167186 0.07212242577224981 0.13671801984310139 0.83992690965533257 0.06269093009177662 0.050799321383237839 1.624681359506212 1.1723674982786176 0.13788813177961734
leaf_count=2 7 779 10 3 9 254 9 1 12 30 1 873 22 47
internal_value=-5.06628e-05 -0.00575297 0.00540599 -0.0282916 0.0278528 0.00188996 -0.0388093 -0.0436568 0.044279 0.0217554 -0.00529677 -0.0502304 0.0502391 -0.0502063
internal_weight=9.31355 8.25205 6.16942 2.46657 3.70285 1.71447 2.08264 2.06387 1.0615 0.22157 0.11349 1.83469 1.98838 1.76257
internal_count=2059 2014 1078 783 295 264 936 780 45 33 31 929 31 920
is_linear=0
shrinkage=0.05


Tree=103
num_leaves=15
num_cat=0
split_feature=3 8 29 21 2 14 21 20 4 0 21 27 2 8
split_gain=0.895541 1.15677 1.77376 1.13519 0.820058 1.59086 0.764068 0.492812 0.0540343 0.0647751 0.107559 8.96935e-06 6.10905e-06 1.51373e-06
threshold=-2.305652260780334 -0.13283141702413556 -0.28841057419776911 8.281497001647951 0.36878669261932379 0.69268929958343517 -2.8655720949172969 1.664510250091553 1.1474715471267702 -5.2202017307281485 1.0192610621452334 -2.5465446710586543 0.9631640911102296 -0.19989445805549619
decision_type=2 2 2 2 2 2 2 2 2 2 2 2 2 2
left_child=8 6 3 7 5 -4 -2 -3 9 -1 -11 -8 -6 -13
right_child=1 2 4 -5 12 -7 11 -9 -10 10 -12 13 -14 -15
leaf_value=0.050153976235198683 0.045290887287394763 -0.050314244534954179 0.04807990019336994 0.050435741491557343 0.050335131553672967 -0.050758637575195165 -0.050779244556865492 0.050391498554737013 0.050209831223756086 -0.050216076236404131 0.05014400506276126 -0.050182338964527909 0.050152478457629948 -0.05035922838765431
leaf_weight=0.10282420367002487 0.23794194194488216 1.8337394132977349 0.87101429933682151 0.38321952521800984 0.77647593244910229 0.76440553483553231 0.068658434320241102 0.13010112941265095 0.79913073778152466 0.059646327747031824 0.048328768461942673 1.5457262059208003 1.1153604611754415 0.13121021341066796
leaf_count=2 7 779 10 3 9 254 9 1 12 30 1 873 22 47
internal_value=-5.13344e-05 -0.00574771 0.00539994 -0.0282819 0.027812 0.00188214 -0.0387619 -0.0436427 0.0442699 0.0217517 -0.00529573 -0.0502191 0.0502274 -0.0501962
internal_weight=8.86778 7.85785 5.87432 2.34706 3.52726 1.63542 1.98354 1.96384 1.00993 0.210799 0.107975 1.74559 1.89184 1.67694
internal_count=2059 2014 1078 783 295 264 936 780 45 33 31 929 31 920
is_linear=0
shrinkage=0.05


Tree=104
num_leaves=15
num_cat=0
split_feature=3 8 29 21 2 14 21 20 4 0 21 27 2 8
split_gain=0.851633 1.0989 1.68544 1.07945 0.781302 1.50873 0.726031 0.468627 0.0513834 0.0616069 0.102295 7.7109e-06 5.25752e-06 1.30257e-06
threshold=-2.305652260780334 -0.13283141702413556 -0.28841057419776911 8.281497001647951 0.36878669261932379 0.69268929958343517 -2.8655720949172969 1.664510250091553 1.1474715471267702 -5.2202017307281485 1.0192610621452334 -2.5465446710586543 0.9631640911102296 -0.19989445805549619
decision_type=2 2 2 2 2 2 2 2 2 2 2 2 2 2
left_child=8 6 3 7 5 -4 -2 -3 9 -1 -11 -8 -6 -13
right_child=1 2 4 -5 12 -7 11 -9 -10 10 -12 13 -14 -15
leaf_value=0.050146443031851222 0.044849773494280494 -0.050298936559687916 0.047834851192430049 0.050414349659505225 0.050318734735982487 -0.050722046420307823 -0.050740689714361166 0.050372257925826815 0.050199559810028375 -0.050205504502975944 0.0501369617058171 -0.050173422920721883 0.050145020970833488 -0.050341638277731818
leaf_weight=0.097823731601238251 0.22850820375606407 1.7448243708349762 0.83267379226163096 0.36468046158552159 0.73884138092398632 0.72763636277522892 0.065358295571058878 0.12380209565162648 0.76030828058719635 0.05674898822326202 0.045978039503097534 1.4705949740018693 1.0611175112426279 0.12485352344810952
leaf_count=2 7 779 10 3 9 254 9 1 12 30 1 873 22 47
internal_value=-5.20744e-05 -0.00574223 0.00539359 -0.0282726 0.0277689 0.00187374 -0.0387113 -0.0436292 0.0442612 0.0217481 -0.00529473 -0.0502084 0.0502163 -0.0501866
internal_weight=8.44375 7.48289 5.59358 2.23331 3.36027 1.56031 1.88931 1.86863 0.960859 0.200551 0.102727 1.66081 1.79996 1.59545
internal_count=2059 2014 1078 783 295 264 936 780 45 33 31 929 31 920
is_linear=0
shrinkage=0.05


Tree=105
num_leaves=15
num_cat=0
split_feature=3 8 29 21 2 14 24 20 4 0 21 27 2 8
split_gain=0.809883 1.04383 1.60143 1.02647 0.744493 1.43057 0.69009 0.445637 0.0488634 0.0585941 0.0972888 6.61413e-06 4.52462e-06 1.1117e-06
threshold=-2.305652260780334 -0.13283141702413556 -0.28841057419776911 8.281497001647951 0.36878669261932379 0.69268929958343517 -2.9905731678009029 1.664510250091553 1.1474715471267702 -5.2202017307281485 1.0192610621452334 -2.5465446710586543 0.9631640911102296 -0.19989445805549619
decision_type=2 2 2 2 2 2 2 2 2 2 2 2 2 2
left_child=8 6 3 7 5 -4 -2 -3 9 -1 -11 -8 -6 -13
right_child=1 2 4 -5 12 -7 11 -9 -10 10 -12 13 -14 -15
leaf_value=0.050139279434373255 0.044399295501309388 -0.050284373056314627 0.04757105087627625 0.050394013286688903 0.050303140708119524 -0.050687201748129553 -0.05070406801907712 0.050353970284419236 0.050189792279982361 -0.050195450629730944 0.050130266131094336 -0.050165602748029392 0.050137928739424444 -0.050324914211832307
leaf_weight=0.093065768480300903 0.21957824565470208 1.6601968551985917 0.79634738294407792 0.34703123569488514 0.70302001759409893 0.6926129317143932 0.062214505858719238 0.11780588328838337 0.72336480021476746 0.053991846623830386 0.043741360306739807 1.399144204566255 1.0095053687691686 0.11880282009951759
leaf_count=2 8 779 10 3 9 254 9 1 12 30 1 872 22 47
internal_value=-5.28873e-05 -0.00573648 0.0053869 -0.0282639 0.0277231 0.0018647 -0.0386573 -0.0436163 0.0442529 0.0217447 -0.00529379 -0.0501988 0.0502058 -0.0501781
internal_weight=8.04042 7.12626 5.32652 2.12503 3.20149 1.48896 1.79974 1.778 0.914164 0.190799 0.0977332 1.58016 1.71253 1.51795
internal_count=2059 2014 1078 783 295 264 936 780 45 33 31 928 31 919
is_linear=0
shrinkage=0.05


Tree=106
num_leaves=15
num_cat=0
split_feature=3 8 29 21 2 14 21 20 4 0 21 27 2 8
split_gain=0.770183 0.991416 1.52152 0.976103 0.709536 1.35616 0.658105 0.423781 0.0464675 0.055729 0.0925286 5.69567e-06 3.89402e-06 9.61957e-07
threshold=-2.305652260780334 -0.13283141702413556 -0.28841057419776911 8.281497001647951 0.36878669261932379 0.69268929958343517 -2.8655720949172969 1.664510250091553 1.1474715471267702 -5.2202017307281485 1.0192610621452334 -2.5465446710586543 0.9631640911102296 -0.19989445805549619
decision_type=2 2 2 2 2 2 2 2 2 2 2 2 2 2
left_child=8 6 3 7 5 -4 -2 -3 9 -1 -11 -8 -6 -13
right_child=1 2 4 -5 12 -7 11 -9 -10 10 -12 13 -14 -15
leaf_value=0.050132469919831238 0.044199622259136789 -0.050270518788584267 0.047287083648617806 0.05037468504000861 0.050288313593018885 -0.05065402314224883 -0.050669278238823993 0.050336591039029203 0.050180504520158681 -0.050185890525213973 0.050123893678552016 -0.050157091358927958 0.050131183824651676 -0.050309011625396687
leaf_weight=0.088538620620965958 0.21051900321617711 1.579652350861579 0.76194535661488838 0.33022979646921147 0.66892554610967614 0.65925446653272957 0.059219875838607439 0.11209814250469197 0.68821002542972565 0.051368170417845138 0.041613224893808365 1.3318019559374077 0.96039716154336929 0.11304355785250653
leaf_count=2 7 779 10 3 9 254 9 1 12 30 1 873 22 47
internal_value=-5.37769e-05 -0.00573044 0.00537983 -0.0282555 0.0276744 0.00185497 -0.0385996 -0.0436041 0.044245 0.0217415 -0.00529289 -0.0501887 0.0501957 -0.050169
internal_weight=7.65682 6.78709 5.0725 2.02198 3.05052 1.4212 1.71458 1.69175 0.86973 0.18152 0.0929814 1.50407 1.62932 1.44485
internal_count=2059 2014 1078 783 295 264 936 780 45 33 31 929 31 920
is_linear=0
shrinkage=0.05


Tree=107
num_leaves=15
num_cat=0
split_feature=18 16 26 2 21 18 0 0 25 4 29 22 19 28
split_gain=0.733567 0.899987 0.975957 1.96299 0.868569 0.358253 0.239905 0.170169 0.144163 0.125655 0.0791964 0.0561406 0.031686 0.0409571
threshold=-2.3368196487426753 -0.75693422555923451 0.17840023338794711 -0.11834492534399031 0.17671180516481402 -0.24705615639686582 -2.8689622879028316 -5.2202017307281485 -0.82343682646751393 -0.53929576277732838 -1.0000000180025095e-35 -0.39338180422782892 1.1741529107093813 1.152180075645447
decision_type=2 2 2 2 2 2 2 2 2 2 2 2 2 2
left_child=12 4 7 6 8 9 -4 -3 -2 -6 -5 -7 13 -1
right_child=1 2 3 10 5 11 -8 -9 -10 -11 -12 -13 -14 -15
leaf_value=0.0016357670565811018 0.050116656733781129 0.050128736410700828 0.050187145752186427 0.02198338066187723 0.050117842168091509 0.048967034685831877 -0.050241456302918625 -0.050324707172626819 -0.050232174702849901 -0.050162777373872973 0.050161990381954416 0.025639132092750278 0.050251389404898796 0.047773431975209238
leaf_weight=0.087102672434411832 0.039192326366901509 0.043230950832366832 0.062699362635612377 0.33391989883966744 0.039588384330272564 1.2362624850356949 1.1528997597051787 1.7002645955653859 0.41234831092879198 0.14809926343150459 0.984519302845001 0.32589689421001788 0.6184331439435482 0.10742651275359094
leaf_count=23 1 1 1 16 1 20 700 886 235 95 21 46 10 3
internal_value=-5.47349e-05 -0.00567237 -0.019041 0.000769316 0.0203044 0.0362585 -0.0450615 -0.0478339 -0.0415222 -0.0290109 0.0430252 0.0441004 0.0447152 0.0271148
internal_weight=7.29188 6.47892 4.27753 2.53404 2.20139 1.74985 1.2156 1.7435 0.451541 0.187688 1.31844 1.56216 0.812962 0.194529
internal_count=2059 2023 1625 738 398 162 701 887 236 96 37 66 36 26
is_linear=0
shrinkage=0.05


Tree=108
num_leaves=15
num_cat=0
split_feature=3 8 29 21 2 14 24 20 4 8 27 2 8 22
split_gain=0.705066 0.89717 1.37237 0.881844 0.648655 1.23246 0.595096 0.393592 0.0414439 0.128176 4.19356e-06 2.8963e-06 6.99104e-07 2.44346e-08
threshold=-2.305652260780334 -0.13283141702413556 -0.28841057419776911 8.281497001647951 0.36878669261932379 0.69268929958343517 -2.9905731678009029 1.664510250091553 1.1474715471267702 1.8429824709892275 -2.5465446710586543 0.9631640911102296 -0.19989445805549619 -0.30568972229957575
decision_type=2 2 2 2 2 2 2 2 2 2 2 2 2 2
left_child=8 6 3 7 5 -4 -2 -3 9 13 -8 -6 -12 -1
right_child=1 2 4 -5 11 -7 10 -9 -10 -11 12 -13 -14 -15
leaf_value=-0.050210816509726079 0.043698822667400203 -0.050247207739432642 0.046984848951811146 0.050339305200074319 0.050261139179737874 -0.050603815087757242 -0.050605052726800284 0.050313103498292738 0.050164473673476678 0.048745985935075273 -0.050143503893055913 0.050118794348655404 -0.050279529230517907 -0.05013625937766733
leaf_weight=0.019290407770313323 0.19265615916810919 1.4364565925206982 0.69806412747129865 0.29942179471254338 0.60636515542864777 0.60300020012073219 0.053669328335672506 0.10437478125095356 0.62790928408503532 0.12157453619875014 1.2094600774580611 0.87019928172230721 0.10246098716743279 0.025536858942359575
leaf_count=10 8 779 10 3 9 254 9 1 12 4 872 22 47 19
internal_value=-5.72141e-05 -0.00576007 0.00530989 -0.0281776 0.0274962 0.00175574 -0.038566 -0.0434353 0.044285 0.0220993 -0.0501718 0.0501772 -0.0501541 -0.0501683
internal_weight=6.97044 6.17613 4.61788 1.84025 2.77763 1.30106 1.55825 1.54083 0.794311 0.166402 1.36559 1.47656 1.31192 0.0448273
internal_count=2059 2014 1078 783 295 264 936 780 45 33 928 31 919 29
is_linear=0
shrinkage=0.05


Tree=109
num_leaves=15
num_cat=0
split_feature=3 8 29 21 2 14 21 20 4 8 27 2 8 22
split_gain=0.670249 0.851999 1.30372 0.838607 0.618409 1.16784 0.567665 0.374302 0.0396086 0.121659 3.61286e-06 2.49269e-06 6.05592e-07 2.10241e-08
threshold=-2.305652260780334 -0.13283141702413556 -0.28841057419776911 8.281497001647951 0.36878669261932379 0.69268929958343517 -2.8655720949172969 1.664510250091553 1.1474715471267702 1.8429824709892275 -2.5465446710586543 0.9631640911102296 -0.19989445805549619 -0.30568972229957575
decision_type=2 2 2 2 2 2 2 2 2 2 2 2 2 2
left_child=8 6 3 7 5 -4 -2 -3 9 13 -8 -6 -12 -1
right_child=1 2 4 -5 11 -7 10 -9 -10 -11 12 -13 -14 -15
leaf_value=-0.050200502410772056 0.043472762886030157 -0.050235163894595883 0.046658181422370229 0.050322670830956311 0.050248370769331287 -0.050574616156069278 -0.050575212577837148 0.050297741380162291 0.050156429295394572 0.048602497480668985 -0.050136067270047872 0.050112986157080167 -0.050265854329974373 -0.050129599277129969
leaf_weight=0.018353278981521726 0.18488608091138292 1.366719109588302 0.6685529155656702 0.28491060435771931 0.5769352428615091 0.57391435781028122 0.051081205718219169 0.099313922226428875 0.5973791740834713 0.1159782741451636 1.1512739530298857 0.82785267755389214 0.097489752341061719 0.024294557981192955
leaf_count=10 7 779 10 3 9 254 9 1 12 4 873 22 47 19
internal_value=-5.83087e-05 -0.00575345 0.00530207 -0.0281703 0.0274413 0.00174489 -0.0385031 -0.0434247 0.044259 0.0220494 -0.0501631 0.0501686 -0.0501462 -0.0501601
internal_weight=6.63894 5.88293 4.3982 1.75094 2.64726 1.24247 1.48473 1.46603 0.756005 0.158626 1.29984 1.40479 1.24876 0.0426478
internal_count=2059 2014 1078 783 295 264 936 780 45 33 929 31 920 29
is_linear=0
shrinkage=0.05


Tree=110
num_leaves=15
num_cat=0
split_feature=3 8 29 21 2 14 24 20 4 8 27 2 8 22
split_gain=0.637126 0.80906 1.23841 0.797501 0.589694 1.10631 0.53958 0.355962 0.0378731 0.115451 3.09643e-06 2.14533e-06 5.14908e-07 1.80893e-08
threshold=-2.305652260780334 -0.13283141702413556 -0.28841057419776911 8.281497001647951 0.36878669261932379 0.69268929958343517 -2.9905731678009029 1.664510250091553 1.1474715471267702 1.8429824709892275 -2.5465446710586543 0.9631640911102296 -0.19989445805549619 -0.30568972229957575
decision_type=2 2 2 2 2 2 2 2 2 2 2 2 2 2
left_child=8 6 3 7 5 -4 -2 -3 9 13 -8 -6 -12 -1
right_child=1 2 4 -5 11 -7 10 -9 -10 -11 12 -13 -14 -15
leaf_value=-0.05019069199456086 0.042935402279755813 -0.050223706723551267 0.046307046607582808 0.050306858010218551 0.050236230049412869 -0.050546817476013507 -0.050546856942747354 0.050283134761991061 0.050148779139528081 0.048446171847146557 -0.050130162533883887 0.050107464332829581 -0.050252852839246721 -0.050123264001027693
leaf_weight=0.017461505136452615 0.1780751155456527 1.3003525347448879 0.64064987935125894 0.27109839022159565 0.54892707988619782 0.5462168850353919 0.048616515938192495 0.094497077167034038 0.56832914799451828 0.11066914431285113 1.0953042656183241 0.78756242245435715 0.092758511891588458 0.02311254572123278
leaf_count=10 8 779 10 3 9 254 9 1 12 4 872 22 47 19
internal_value=-5.94853e-05 -0.00574651 0.00529373 -0.0281634 0.0273825 0.0017332 -0.0384384 -0.0434147 0.0442313 0.0219951 -0.0501557 0.0501604 -0.0501397 -0.0501523
internal_weight=6.32363 5.60406 4.1893 1.66595 2.52336 1.18687 1.41475 1.39485 0.719572 0.151243 1.23668 1.33649 1.18806 0.0405741
internal_count=2059 2014 1078 783 295 264 936 780 45 33 928 31 919 29
is_linear=0
shrinkage=0.05


Tree=111
num_leaves=15
num_cat=0
split_feature=3 8 29 21 2 14 21 20 4 8 27 2 8 22
split_gain=0.605613 0.768187 1.17626 0.75842 0.562436 1.04772 0.514852 0.338524 0.0362328 0.109538 2.66886e-06 1.8463e-06 4.46603e-07 1.5564e-08
threshold=-2.305652260780334 -0.13283141702413556 -0.28841057419776911 8.281497001647951 0.36878669261932379 0.69268929958343517 -2.8655720949172969 1.664510250091553 1.1474715471267702 1.8429824709892275 -2.5465446710586543 0.9631640911102296 -0.19989445805549619 -0.30568972229957575
decision_type=2 2 2 2 2 2 2 2 2 2 2 2 2 2
left_child=8 6 3 7 5 -4 -2 -3 9 13 -8 -6 -12 -1
right_child=1 2 4 -5 11 -7 10 -9 -10 -11 12 -13 -14 -15
leaf_value=-0.050181362211255132 0.042681088795241386 -0.050212806594612337 0.045930028321028209 0.050291824042589972 0.050224680020339099 -0.050520353222083494 -0.050519916393420954 0.050269252266245436 0.050141503920409884 0.048275891400970383 -0.050123345530119025 0.050102211790289654 -0.05024048496817346 -0.05011723923041065
leaf_weight=0.016612907696980983 0.17107489355839778 1.2371953347465021 0.61428326088935203 0.25795190781354893 0.52227262035012223 0.51984287908999249 0.046269500162452348 0.089912600815296062 0.54068787023425102 0.10563389619346708 1.042649110953789 0.74922909960150719 0.08825579669792194 0.021987909509334602
leaf_count=10 7 779 10 3 9 254 9 1 12 4 873 22 47 19
internal_value=-6.07633e-05 -0.00573913 0.00528482 -0.0281569 0.0273194 0.00172062 -0.038369 -0.0434051 0.0442018 0.021936 -0.0501477 0.0501525 -0.0501325 -0.0501448
internal_weight=6.02386 5.33894 3.99069 1.58506 2.40563 1.13413 1.34825 1.32711 0.684923 0.144235 1.17717 1.2715 1.1309 0.0386008
internal_count=2059 2014 1078 783 295 264 936 780 45 33 929 31 920 29
is_linear=0
shrinkage=0.05


Tree=112
num_leaves=15
num_cat=0
split_feature=3 8 29 21 2 14 6 20 4 8 11 27 6 22
split_gain=0.575632 0.729451 1.09402 0.72509 0.510324 0.969247 0.402436 0.322339 0.0346833 0.103903 0.00735173 2.34082e-06 4.64111e-07 1.33914e-08
threshold=-2.305652260780334 -0.19989445805549619 -0.28841057419776911 8.281497001647951 0.36878669261932379 0.68094560503959667 8.5401630401611346 1.664510250091553 1.1474715471267702 1.8429824709892275 0.61389875411987316 -2.5465446710586543 -2.2278333902359004 -0.30568972229957575
decision_type=2 2 2 2 2 2 2 2 2 2 2 2 2 2
left_child=8 6 3 7 5 -4 11 -3 9 13 -6 -2 -13 -1
right_child=1 2 4 -5 10 -7 -8 -9 -10 -11 -12 12 -14 -15
leaf_value=-0.050172489807973036 -0.050494313252481021 -0.050201043886506418 0.04173227383479218 0.050277527453927523 0.041035310248576325 -0.050489193557828417 0.050110418057403863 0.050256051798920023 0.050134585384059897 0.048090472218657233 0.050138347517413244 -0.050301665200485651 -0.05011544355399547 -0.050111509170636628
leaf_weight=0.015805410454049706 0.044034663587808498 1.1992752833175471 0.65861805016174979 0.24543945863842953 0.28969965502619721 0.50212745560565963 0.11067262291908253 0.085549406707286724 0.51438739709556103 0.10085992608219385 0.94628379866480827 0.034652864444069342 0.97045610676286742 0.020917877962347009
leaf_count=10 9 798 24 3 13 262 3 1 12 4 25 17 859 19
internal_value=-6.2134e-05 -0.00573136 0.00455851 -0.0284692 0.0256461 0.00183814 -0.0405716 -0.0435122 0.0441704 0.0218717 0.0480047 -0.0501375 -0.0501219 -0.0501378
internal_weight=5.73878 5.08681 3.92699 1.53026 2.39673 1.16075 1.15982 1.28482 0.651971 0.137583 1.23598 1.04914 1.00511 0.0367233
internal_count=2059 2014 1126 802 324 286 888 799 45 33 38 885 876 29
is_linear=0
shrinkage=0.05


Tree=113
num_leaves=15
num_cat=0
split_feature=18 16 26 2 21 18 0 0 25 4 29 22 19 28
split_gain=0.547619 0.669263 0.71897 1.46436 0.644994 0.261827 0.177723 0.129305 0.106743 0.0936184 0.0639624 0.0458919 0.0253162 0.0307959
threshold=-2.3368196487426753 -0.75693422555923451 0.17840023338794711 -0.11834492534399031 0.17671180516481402 -0.24705615639686582 -2.8689622879028316 -5.2202017307281485 -0.82343682646751393 -0.53929576277732838 -1.0000000180025095e-35 -0.39338180422782892 1.1741529107093813 1.152180075645447
decision_type=2 2 2 2 2 2 2 2 2 2 2 2 2 2
left_child=12 4 7 6 8 9 -4 -3 -2 -6 -5 -7 13 -1
right_child=1 2 3 10 5 11 -8 -9 -10 -11 -12 -13 -14 -15
leaf_value=0.0017655959918701889 0.050086360254314469 0.050097977162861254 0.050138509825763782 0.02128742677281896 0.050087975671980679 0.04877256337084266 -0.050197286736887371 -0.050243014344266583 -0.050174463596440837 -0.050120462958451184 0.050121325047573495 0.024660332853910682 0.050190058755393521 0.047501556541494745
leaf_weight=0.068173672072589286 0.029049284756183513 0.032942283898591662 0.046495586633682251 0.26076768129132688 0.029590371996164211 0.9262791519286111 0.86890166933881119 1.2659256327897315 0.30818712967447937 0.10976745269726984 0.73290624842047669 0.25075392227154181 0.46514491736888885 0.079992732498794794
leaf_count=23 1 1 1 16 1 20 700 886 235 95 21 46 10 3
internal_value=-6.47874e-05 -0.0056814 -0.0190008 0.000523825 0.0201575 0.0359629 -0.045101 -0.0476981 -0.0415381 -0.0288428 0.0425545 0.0436357 0.0444567 0.0264577
internal_weight=5.47488 4.86157 3.20794 1.90907 1.65363 1.31639 0.915397 1.29887 0.337236 0.139358 0.993674 1.17703 0.613311 0.148166
internal_count=2059 2023 1625 738 398 162 701 887 236 96 37 66 36 26
is_linear=0
shrinkage=0.05


Tree=114
num_leaves=15
num_cat=0
split_feature=3 8 29 21 2 14 24 20 4 29 27 2 8 22
split_gain=0.526963 0.66579 1.0099 0.651722 0.490022 0.902868 0.444103 0.299227 0.0311476 0.0949366 1.6664e-06 1.19647e-06 4.21963e-07 1.10109e-08
threshold=-2.305652260780334 -0.13283141702413556 -0.28841057419776911 8.281497001647951 0.36878669261932379 0.69268929958343517 -2.9905731678009029 1.664510250091553 1.1474715471267702 1.4820994734764101 -2.5465446710586543 0.9631640911102296 -0.19989445805549619 -0.30568972229957575
decision_type=2 2 2 2 2 2 2 2 2 2 2 2 2 2
left_child=8 6 3 7 5 -4 -2 -3 9 13 -8 -6 -12 -1
right_child=1 2 4 -5 11 -7 10 -9 -10 -11 12 -13 -14 -15
leaf_value=-0.050158788682684134 0.0421004259703728 -0.050185338665630831 0.045145756588916119 0.050251388282702772 0.050194199450515523 -0.05045814966007392 -0.050446975948384522 0.050238375490522992 0.05012272844778564 0.048115726596591128 -0.050107495070696596 0.050088152112337095 -0.050226788754600807 -0.050100871220442524
leaf_weight=0.014485887833870947 0.14963639643974591 1.0706037785275837 0.54349355958402235 0.22252533957362164 0.4518413934856651 0.45260775316273794 0.039890515152364858 0.079698778688907512 0.46950011886656284 0.093120446312241256 0.90093649469781656 0.64659495465457439 0.080773512192536145 0.018929927144199499
leaf_count=10 8 779 10 3 9 254 9 1 12 4 872 22 47 19
internal_value=-6.73031e-05 -0.00575399 0.00525551 -0.0280752 0.0271016 0.00170533 -0.0383469 -0.0432275 0.0441889 0.022172 -0.0501302 0.0501318 -0.0501173 -0.050126
internal_weight=5.23464 4.6386 3.46737 1.37283 2.09454 0.996101 1.17124 1.1503 0.596036 0.126536 1.0216 1.09844 0.98171 0.0334158
internal_count=2059 2014 1078 783 295 264 936 780 45 33 928 31 919 29
is_linear=0
shrinkage=0.05


Tree=115
num_leaves=15
num_cat=0
split_feature=3 8 29 21 2 14 21 20 4 20 27 2 8 22
split_gain=0.500852 0.632036 0.958919 0.619811 0.467703 0.85427 0.423875 0.28458 0.0298356 0.0684428 1.43712e-06 1.02971e-06 3.66016e-07 8.1517e-09
threshold=-2.305652260780334 -0.13283141702413556 -0.28841057419776911 8.281497001647951 0.36878669261932379 0.69268929958343517 -2.8655720949172969 1.664510250091553 1.1474715471267702 0.78073623776435863 -2.5465446710586543 0.9631640911102296 -0.19989445805549619 -0.18666567653417585
decision_type=2 2 2 2 2 2 2 2 2 2 2 2 2 2
left_child=8 6 3 7 5 -4 -2 -3 9 13 -8 -6 -12 -1
right_child=1 2 4 -5 11 -7 10 -9 -10 -11 12 -13 -14 -15
leaf_value=-0.050159496122261796 0.041814564691111659 -0.050176308085514036 0.044687768134524214 0.050239080421101139 0.050184708761035549 -0.050435944234485844 -0.050424994989937522 0.050226693982871801 0.050116728704318096 0.041722199313907415 -0.050101799330364905 0.050083845598696934 -0.050215701184218114 -0.050102723453197086
leaf_weight=0.014680456719361246 0.14392281067557633 1.0185684833559205 0.52215383015573058 0.21172320097684849 0.42988405935466267 0.43071858730399981 0.037961155641824007 0.075829006731510051 0.44665443524718285 0.094940182578284293 0.85764803842175752 0.6151117030531168 0.076850677840411441 0.011106171936262288
leaf_count=10 7 779 10 3 9 254 9 1 12 12 873 22 47 11
internal_value=-6.88514e-05 -0.00574535 0.00524468 -0.0280698 0.0270243 0.00168983 -0.0382709 -0.0432195 0.0441558 0.022102 -0.0501234 0.0501253 -0.0501112 -0.050135
internal_weight=4.98775 4.42037 3.30399 1.30612 1.99787 0.952872 1.11638 1.0944 0.567381 0.120727 0.97246 1.045 0.934499 0.0257866
internal_count=2059 2014 1078 783 295 264 936 780 45 33 929 31 920 21
is_linear=0
shrinkage=0.05


Tree=116
num_leaves=15
num_cat=0
split_feature=3 8 29 21 2 14 24 20 4 0 21 27 2 8
split_gain=0.475154 0.599949 0.910396 0.589468 0.446526 0.807995 0.402951 0.270652 0.02923 0.0366535 0.0579096 1.2301e-06 8.86224e-07 3.104e-07
threshold=-2.305652260780334 -0.13283141702413556 -0.28841057419776911 8.281497001647951 0.36878669261932379 0.69268929958343517 -2.9905731678009029 1.664510250091553 1.1474715471267702 -5.2202017307281485 1.0192610621452334 -2.5465446710586543 0.9631640911102296 -0.19989445805549619
decision_type=2 2 2 2 2 2 2 2 2 2 2 2 2 2
left_child=8 6 3 7 5 -4 -2 -3 9 -1 -11 -8 -6 -13
right_child=1 2 4 -5 12 -7 11 -9 -10 10 -12 13 -14 -15
leaf_value=0.050086980919498626 0.041184853960256534 -0.050167717225035713 0.044199008168968421 0.050227377196008609 0.050175685640078682 -0.050414808140490576 -0.050404104195774992 0.0502155872827455 0.050111025653990685 -0.050118909218013125 0.050076486255159647 -0.050097621698189411 0.050079751278571664 -0.050205158154050411
leaf_weight=0.057730039581656456 0.1389989668969065 0.96905404515564419 0.50204397179186366 0.20144307613372792 0.40899004973471165 0.40987963235238567 0.036124356556683779 0.072146333754062653 0.42491798289120197 0.032796739949844667 0.025738345459103584 0.81593259214423597 0.58515898510813713 0.073117591498885082
leaf_count=2 8 779 10 3 9 254 9 1 12 30 1 872 22 47
internal_value=-7.07108e-05 -0.00573618 0.00523306 -0.0280647 0.0269412 0.00167321 -0.0381924 -0.043212 0.0440327 0.021818 -0.00606219 -0.0501181 0.0501192 -0.0501065
internal_weight=4.75407 4.21289 3.14872 1.24264 1.90607 0.911924 1.06417 1.0412 0.541183 0.116265 0.0585351 0.925175 0.994149 0.88905
internal_count=2059 2014 1078 783 295 264 936 780 45 33 31 928 31 919
is_linear=0
shrinkage=0.05


Tree=117
num_leaves=15
num_cat=0
split_feature=3 8 29 21 2 14 21 20 4 0 21 27 2 8
split_gain=0.451865 0.5694 0.864207 0.560616 0.426433 0.763938 0.384725 0.257408 0.0278003 0.0348629 0.0550798 1.06145e-06 7.62737e-07 2.69654e-07
threshold=-2.305652260780334 -0.13283141702413556 -0.28841057419776911 8.281497001647951 0.36878669261932379 0.69268929958343517 -2.8655720949172969 1.664510250091553 1.1474715471267702 -5.2202017307281485 1.0192610621452334 -2.5465446710586543 0.9631640911102296 -0.19989445805549619
decision_type=2 2 2 2 2 2 2 2 2 2 2 2 2 2
left_child=8 6 3 7 5 -4 -2 -3 9 -1 -11 -8 -6 -13
right_child=1 2 4 -5 12 -7 11 -9 -10 10 -12 13 -14 -15
leaf_value=0.050082730068869645 0.040867177174616451 -0.050159544705559334 0.04367852386263852 0.05021625191301126 0.050167102195334538 -0.050394691369119893 -0.050384247500705137 0.050205032180809232 0.050105600245356166 -0.050113099711478717 0.050072748960550501 -0.050092375748186126 0.050075855096376409 -0.050195130589844206
leaf_weight=0.054919054731726646 0.13386208098381758 0.92193912301445358 0.48310807999223493 0.19165996834635735 0.38910825923085213 0.39004128234228119 0.034375751856714487 0.068641781806945801 0.40423715487122536 0.031200749683193751 0.024484852328896523 0.77676525537390262 0.55666266195476055 0.069565148500259744
leaf_count=2 7 779 10 3 9 254 9 1 12 30 1 873 22 47
internal_value=-7.23946e-05 -0.00572635 0.00522058 -0.0280598 0.0268518 0.00165543 -0.0381081 -0.0432048 0.0440281 0.021816 -0.00606157 -0.0501119 0.0501134 -0.0501008
internal_weight=4.53057 4.01573 3.00116 1.18224 1.81892 0.873149 1.01457 0.990581 0.514842 0.110605 0.0556856 0.880706 0.945771 0.84633
internal_count=2059 2014 1078 783 295 264 936 780 45 33 31 929 31 920
is_linear=0
shrinkage=0.05


Tree=118
num_leaves=15
num_cat=0
split_feature=18 16 26 2 21 18 0 0 25 4 26 22 13 5
split_gain=0.430369 0.521962 0.555833 1.14873 0.502955 0.200976 0.138479 0.104026 0.0831222 0.073463 0.0690328 0.039571 0.0171397 0.0267724
threshold=-2.3368196487426753 -0.75693422555923451 0.17840023338794711 -0.11834492534399031 0.17671180516481402 -0.24705615639686582 -2.8689622879028316 -5.2202017307281485 -0.82343682646751393 -0.53929576277732838 0.46611730754375463 -0.56056895852088917 0.48351608216762548 1.7147693634033205
decision_type=2 2 2 2 2 2 2 2 2 2 2 2 2 2
left_child=12 4 7 6 8 9 -4 -3 -2 -6 -5 -7 13 -1
right_child=1 2 3 10 5 11 -8 -9 -10 -11 -12 -13 -14 -15
leaf_value=-0.00013030353637956952 0.050067229296218374 0.0500789413929036 0.050107809750231824 0.014745170676431366 0.050069200485884674 0.04935577179431052 -0.050179231863583057 -0.050191229011990912 -0.05013805032781752 -0.050093755082174687 0.05010653818403904 0.026001291546907029 0.04918112382853615 0.050084060351355368
leaf_weight=0.050067816802766063 0.022631527855992206 0.0265612192451955 0.036233637481927872 0.17850951862055786 0.023292321711778641 0.68415014713536948 0.68835789745207876 0.98892114037880685 0.2419226497295317 0.085512818011920899 0.60847328789532185 0.24680521956179269 0.38015522318892181 0.056497341021895409
leaf_count=21 1 1 1 16 1 18 700 886 235 95 21 48 13 2
internal_value=-7.41866e-05 -0.00570028 -0.0189588 0.000261291 0.0199876 0.0356492 -0.0451643 -0.0475685 -0.0415659 -0.0286515 0.0420856 0.0431643 0.0442134 0.0264917
internal_weight=4.31809 3.83137 2.52706 1.51157 1.30431 1.03976 0.724592 1.01548 0.264554 0.108805 0.786983 0.930955 0.48672 0.106565
internal_count=2059 2023 1625 738 398 162 701 887 236 96 37 66 36 23
is_linear=0
shrinkage=0.05


Tree=119
num_leaves=15
num_cat=0
split_feature=3 8 29 21 2 14 24 20 4 0 21 27 2 8
split_gain=0.413729 0.515233 0.783589 0.508189 0.389575 0.694097 0.348288 0.232945 0.02521 0.0315388 0.0498282 7.78177e-07 5.67677e-07 1.94067e-07
threshold=-2.305652260780334 -0.13283141702413556 -0.28841057419776911 8.281497001647951 0.36878669261932379 0.69268929958343517 -2.9905731678009029 1.664510250091553 1.1474715471267702 -5.2202017307281485 1.0192610621452334 -2.5465446710586543 0.9631640911102296 -0.19989445805549619
decision_type=2 2 2 2 2 2 2 2 2 2 2 2 2 2
left_child=8 6 3 7 5 -4 -2 -3 9 -1 -11 -8 -6 -13
right_child=1 2 4 -5 12 -7 11 -9 -10 10 -12 13 -14 -15
leaf_value=0.050074847331456077 0.040188457685006278 -0.050146152195674101 0.043174047227354607 0.050195773138428879 0.050151353475675391 -0.050365323226525198 -0.050347494836778743 0.05018545895110188 0.050096470082272949 -0.050102314983778352 0.050065821118876065 -0.050084996466234558 0.050068714928165114 -0.050176554273572385
leaf_weight=0.049699682742357254 0.12326148361898959 0.838576649432071 0.44675630610436157 0.17363699898123741 0.35342864692211151 0.35664061544230208 0.031132164178416133 0.062138739973306656 0.37007949128746986 0.028236480196937808 0.022157799452543259 0.70579654636094347 0.50440017133951187 0.063046107592527156
leaf_count=2 8 779 10 3 9 254 9 1 12 30 1 872 22 47
internal_value=-7.64139e-05 -0.00575009 0.00515009 -0.0281259 0.0266704 0.00165044 -0.0380477 -0.0432245 0.0440753 0.0218129 -0.00605951 -0.0501024 0.0501028 -0.0500925
internal_weight=4.12899 3.65881 2.73558 1.07435 1.66123 0.803397 0.923236 0.900715 0.470173 0.100094 0.0503943 0.799975 0.857829 0.768843
internal_count=2059 2014 1078 783 295 264 936 780 45 33 31 928 31 919
is_linear=0
shrinkage=0.05


Tree=120
num_leaves=15
num_cat=0
split_feature=3 8 29 21 2 14 21 20 4 0 21 27 2 8
split_gain=0.393447 0.488873 0.743618 0.483327 0.37227 0.655754 0.332655 0.221551 0.0239773 0.0299984 0.047394 6.71955e-07 4.88585e-07 1.68911e-07
threshold=-2.305652260780334 -0.13283141702413556 -0.28841057419776911 8.281497001647951 0.36878669261932379 0.69268929958343517 -2.8655720949172969 1.664510250091553 1.1474715471267702 -5.2202017307281485 1.0192610621452334 -2.5465446710586543 0.9631640911102296 -0.19989445805549619
decision_type=2 2 2 2 2 2 2 2 2 2 2 2 2 2
left_child=8 6 3 7 5 -4 -2 -3 9 -1 -11 -8 -6 -13
right_child=1 2 4 -5 12 -7 11 -9 -10 10 -12 13 -14 -15
leaf_value=0.050071187941759535 0.039837338047136552 -0.050139030583413749 0.042591359954241528 0.050186198736462774 0.050143960557840511 -0.050347591168370787 -0.050330438102378028 0.050176381990799893 0.05009175674102119 -0.050097317824267851 0.050062603732026617 -0.050080356705459898 0.05006535830774176 -0.050167927075971543
leaf_weight=0.047279167920351028 0.11887061153538525 0.79778922826517462 0.43063675053417549 0.16519933938980103 0.33624004572629929 0.33936351374723017 0.029623613692820072 0.059118621051311493 0.35206278972327709 0.026861982652917837 0.021078471094369888 0.67194561008363962 0.479831637814641 0.059981364815031024
leaf_count=2 7 779 10 3 9 254 9 1 12 30 1 873 22 47
internal_value=-7.83237e-05 -0.00573885 0.00513589 -0.0281216 0.0265679 0.00163022 -0.0379544 -0.0432182 0.0440713 0.0218112 -0.00605898 -0.050097 0.0500977 -0.0500875
internal_weight=3.93588 3.4886 2.60818 1.02211 1.58607 0.77 0.880421 0.856908 0.447282 0.0952196 0.0479405 0.761551 0.816072 0.731927
internal_count=2059 2014 1078 783 295 264 936 780 45 33 31 929 31 920
is_linear=0
shrinkage=0.05


Tree=121
num_leaves=9
num_cat=0
split_feature=9 9 11 29 2 10 0 21
split_gain=0.375813 0.457421 0.567526 0.578765 0.6888 0.33003 0.120684 6.79669e-07
threshold=3.2143361568450932 -2.9657799005508418 0.023484189994633201 -0.047297203913331025 -0.23550640046596524 -0.46427957713603968 -5.2202017307281485 -2.8655720949172969
decision_type=2 2 2 2 2 2 2 2
left_child=1 -1 6 5 -5 -4 -3 -8
right_child=-2 2 3 4 -6 -7 7 -9
leaf_value=0.044943169053881821 0.049100934312354398 0.050092761830652956 0.0054669170639024111 -0.050240419744506673 0.048140146266716248 -0.050231371503450507 -0.050458629982369989 -0.050097758437213508
leaf_weight=0.40155912819318551 0.35199197340989474 0.031196080148221061 0.49819408339681104 0.22472801629919559 0.85410736594349124 0.57052525866311066 0.013262127991766737 0.8067671176977439
leaf_count=18 16 1 212 277 34 486 4 1011
internal_value=-8.03494e-05 -0.00517143 -0.0118822 0.00181217 0.0276469 -0.0242671 -0.0464316 -0.0501036
internal_weight=3.75233 3.40034 2.99878 2.14755 1.07884 1.06872 0.851225 0.820029
internal_count=2059 2043 2025 1009 311 698 1016 1015
is_linear=0
shrinkage=0.05


Tree=122
num_leaves=13
num_cat=0
split_feature=27 8 29 2 15 26 3 0 0 25 5 28
split_gain=0.358848 0.408008 0.760046 0.468213 0.385827 0.330135 0.173922 0.11007 0.0874875 0.0235738 0.00321197 4.7389e-07
threshold=-2.5465446710586543 -0.19989445805549619 -0.047297203913331025 -0.23550640046596524 -3.3742436170577998 0.46611730754375463 -3.9537028074264522 3.8373051881790166 -5.2202017307281485 1.7821924686431887 0.3088288307189942 2.6391876935958867
decision_type=2 2 2 2 2 2 2 2 2 2 2 2
left_child=9 6 4 7 -3 -6 -2 -4 -8 -1 -5 -10
right_child=1 2 3 10 5 -7 8 -9 11 -11 -12 -13
leaf_value=0.026471343677654319 0.050075828394580614 0.050187321205843419 -0.050260966026560522 0.043638264413093229 -0.042378780039484698 0.043235416619917033 0.050067110148533045 0.050096210071667181 -0.050075187067967743 0.050123515086480545 0.050087064151884277 -0.05043818536563377
leaf_weight=0.16613122518174384 0.050094498321413994 0.15947727486491259 0.1757636044640094 0.27153328759595619 1.0118702315376142 0.12669944833032776 0.02259121835231781 0.032350875437259674 0.61946669279132116 0.28793655335903168 0.66835093125700951 0.0091234190622344613
leaf_count=18 2 3 220 12 871 7 1 1 882 9 28 5
internal_value=-8.30152e-05 -0.00607789 0.00356142 0.0331983 -0.0226496 -0.0328517 -0.0396998 -0.0346607 -0.0466061 0.0414698 0.048224 -0.0500805
internal_weight=3.60139 3.14732 2.44605 1.148 1.29805 1.13857 0.701276 0.208114 0.651181 0.454068 0.939884 0.62859
internal_count=2059 2032 1142 261 881 878 890 221 888 27 40 887
is_linear=0
shrinkage=0.05


Tree=123
num_leaves=9
num_cat=0
split_feature=9 9 11 29 2 9 0 27
split_gain=0.340056 0.408672 0.517419 0.511932 0.620389 0.322685 0.111708 6.30885e-07
threshold=3.2143361568450932 -2.9657799005508418 0.023484189994633201 -0.047297203913331025 -0.23550640046596524 0.64810574054718029 -5.2202017307281485 -2.5465446710586543
decision_type=2 2 2 2 2 2 2 2
left_child=1 -1 6 5 -5 -4 -3 -8
right_child=-2 2 3 4 -6 -7 7 -9
leaf_value=0.044452481978288411 0.048988002765511587 0.050085928977662154 -0.050161986744181465 -0.050218586567701652 0.047742957404850087 0.0065882438899207045 -0.050314911962900492 -0.050085918223852735
leaf_weight=0.36725513869896609 0.32031374803045753 0.028904616832733931 0.52898461738368474 0.20384900434873998 0.78015644615516055 0.47577603510580957 0.03139989008195776 0.71422604966210079
leaf_count=18 16 1 518 277 34 180 10 1005
internal_value=-8.0654e-05 -0.00510129 -0.0116872 0.00181498 0.027449 -0.0232895 -0.0463569 -0.0500956
internal_weight=3.45087 3.13055 2.7633 1.98877 0.984005 1.00476 0.774531 0.745626
internal_count=2059 2043 2025 1009 311 698 1016 1015
is_linear=0
shrinkage=0.05


Tree=124
num_leaves=13
num_cat=0
split_feature=27 8 29 2 21 26 3 0 0 25 5 28
split_gain=0.325033 0.36791 0.681417 0.421165 0.356515 0.308838 0.158178 0.0996751 0.0792349 0.0237336 0.00413621 3.50619e-07
threshold=-2.5465446710586543 -0.19989445805549619 -0.047297203913331025 -0.23550640046596524 8.281497001647951 0.46611730754375463 -3.9537028074264522 3.8373051881790166 -5.2202017307281485 1.7821924686431887 0.3088288307189942 2.6391876935958867
decision_type=2 2 2 2 2 2 2 2 2 2 2 2
left_child=9 6 4 7 5 -3 -2 -4 -8 -1 -5 -10
right_child=1 2 3 10 -6 -7 8 -9 11 -11 -12 -13
leaf_value=0.025526998121412854 0.050068990375666839 -0.041970887308661435 -0.050236828839998651 0.042448115018041792 0.050179214627640162 0.042881458361374511 0.05006078251953288 0.050087133982143296 -0.050068435820726669 0.050115684095426882 0.050078978117792564 -0.0503964953303681
leaf_weight=0.15604025172069702 0.045588525012135506 0.94088329694932393 0.15942792783607729 0.2511120312847186 0.14945779740810383 0.1210310198366642 0.020465876907110214 0.029309721663594246 0.56110164074925784 0.26446515507996082 0.60644247010350227 0.0082645795773714781
leaf_count=18 2 871 220 12 3 7 1 1 882 9 28 5
internal_value=-8.38046e-05 -0.00605402 0.00340533 0.0329622 -0.0221237 -0.0322999 -0.0396633 -0.0346572 -0.0465988 0.0409914 0.0478445 -0.0500732
internal_weight=3.31359 2.89308 2.25766 1.04629 1.21137 1.06191 0.635421 0.188738 0.589832 0.420505 0.857555 0.569366
internal_count=2059 2032 1142 261 881 878 890 221 888 27 40 887
is_linear=0
shrinkage=0.05


Tree=125
num_leaves=9
num_cat=0
split_feature=9 9 11 29 2 15 0 27
split_gain=0.316333 0.366913 0.467758 0.460724 0.558219 0.30427 0.103495 6.14794e-07
threshold=3.2143361568450932 -2.9657799005508418 0.023484189994633201 -0.047297203913331025 -0.23550640046596524 0.39570841193199163 -5.2202017307281485 -2.5465446710586543
decision_type=2 2 2 2 2 2 2 2
left_child=1 -1 6 5 -5 -4 -3 -8
right_child=-2 2 3 4 -6 -7 7 -9
leaf_value=0.043924435163941941 0.048903890225248402 0.05007967179611137 -0.050185897492857026 -0.050198819733396717 0.047278829891685498 0.0068077066390387856 -0.050307204074040261 -0.05007799763316767
leaf_weight=0.3362059788778432 0.29859622532967467 0.026806335896254363 0.48866932850796729 0.18492661174968816 0.71369085786864139 0.4496644995524548 0.030640508048237147 0.64750929889851128
leaf_count=18 16 1 502 277 34 196 10 1005
internal_value=-8.13842e-05 -0.00516347 -0.0116561 0.0016311 0.0272189 -0.0228737 -0.0462794 -0.0500884
internal_weight=3.17671 2.87811 2.54191 1.83695 0.898617 0.938334 0.704956 0.67815
internal_count=2059 2043 2025 1009 311 698 1016 1015
is_linear=0
shrinkage=0.05


Tree=126
num_leaves=12
num_cat=0
split_feature=12 27 26 2 25 13 25 13 21 9 2
split_gain=0.300349 0.310052 0.329407 0.750172 0.321158 0.241689 0.0296938 0.00836833 0.0142738 1.52714e-06 1.63374e-07
threshold=-2.5617678165435787 -2.5465446710586543 -0.049308123067021363 0.42319980263710028 -2.1984699964523311 -0.60842204093933094 1.6412609219551089 1.0761632919311526 8.281497001647951 -2.9657799005508418 1.1072260141372683
decision_type=2 2 2 2 2 2 2 2 2 2 2
left_child=7 6 4 5 -3 -4 -2 8 -1 -6 -5
right_child=1 2 3 10 9 -7 -8 -9 -10 -11 -12
leaf_value=0.016500988730067764 0.019237943763853984 0.04558561554046564 0.0075008587201017525 0.05010309289058295 -0.050598066478622861 -0.04202245825933245 0.050111918848301143 0.05012852297960782 0.050068952982763648 -0.050093502001605332 0.050047079246411101
leaf_weight=0.060995587788056915 0.12122310372069556 0.10022167448187247 0.39731517902691915 0.24030502140522014 0.015331731410697103 0.64845239510759489 0.21780873462557793 0.21456879004836082 0.065866442397236824 0.68563829286722566 0.28405595384538174
leaf_count=17 17 8 244 9 3 771 8 7 3 954 18
internal_value=-8.48719e-05 -0.00565217 -0.0120466 0.0012654 -0.0381346 -0.0232072 0.0390727 0.0441096 0.0339294 -0.0501045 0.0500727
internal_weight=3.05178 2.71035 2.37132 1.57013 0.801192 1.04577 0.339032 0.341431 0.126862 0.70097 0.524361
internal_count=2059 2032 2007 1042 965 1015 25 27 20 957 27
is_linear=0
shrinkage=0.05


Tree=127
num_leaves=9
num_cat=0
split_feature=9 9 11 29 2 10 0 27
split_gain=0.28757 0.33106 0.433639 0.419514 0.513966 0.283334 0.0936856 5.8019e-07
threshold=3.2143361568450932 -2.9657799005508418 0.023484189994633201 -0.047297203913331025 -0.23550640046596524 -0.46427957713603968 -5.2202017307281485 -2.5465446710586543
decision_type=2 2 2 2 2 2 2 2
left_child=1 -1 6 5 -5 -4 -3 -8
right_child=-2 2 3 4 -6 -7 7 -9
leaf_value=0.043437514327242861 0.048756897371808085 0.050072073769628404 0.0067370981265616183 -0.050181568278412664 0.04704349395381744 -0.050185261808172933 -0.050297808045399642 -0.050071406089633452
leaf_weight=0.31053445022553283 0.27336903719697137 0.024258088320494475 0.42615433683386073 0.17100844884407707 0.66268182126805164 0.44888109128805809 0.029714266769588771 0.59353647043462721
leaf_count=18 16 1 212 277 34 486 10 1005
internal_value=-8.31322e-05 -0.0050897 -0.0114852 0.00171896 0.0271005 -0.0224633 -0.04633 -0.0500822
internal_weight=2.94014 2.66677 2.35623 1.70873 0.83369 0.875035 0.647509 0.623251
internal_count=2059 2043 2025 1009 311 698 1016 1015
is_linear=0
shrinkage=0.05


Tree=128
num_leaves=15
num_cat=0
split_feature=18 16 26 2 21 18 0 0 26 4 25 22 18 19
split_gain=0.27357 0.359644 0.356546 0.734235 0.326607 0.132615 0.0881711 0.0646615 0.0512633 0.0455442 0.0444194 0.0294665 0.0110753 0.0248469
threshold=-2.3368196487426753 -0.75693422555923451 0.17840023338794711 -0.11834492534399031 0.17671180516481402 -0.24705615639686582 -2.8689622879028316 -5.2202017307281485 0.46611730754375463 -0.53929576277732838 -0.47066549956798548 -0.39338180422782892 -3.3987815380096431 1.1042366027832033
decision_type=2 2 2 2 2 2 2 2 2 2 2 2 2 2
left_child=12 4 7 6 10 9 -4 -3 -5 -6 -2 -7 -1 -14
right_child=1 2 3 8 5 11 -8 -9 -10 -11 -12 -13 13 -15
leaf_value=0.050105338384712574 0.038088555211109099 0.05004903613021331 0.050068551923943543 0.01296849496147056 0.050042368137852095 0.048560801957689151 -0.050150108748667724 -0.050134061760797891 0.050073118425620004 -0.05006213978940998 -0.050089960021710178 0.021938927719701008 -0.0022302692524426852 0.050058297393700574
leaf_weight=0.21863031014800072 0.015751612139865756 0.016517845913768259 0.023076588287949562 0.12224672082811594 0.014275997877120972 0.49415903817862272 0.44822784309508279 0.64651926211081356 0.39025574270635843 0.05567091261036694 0.15306912647793125 0.13162888231454417 0.037205737724434917 0.058351645246148109
leaf_count=9 5 1 1 16 1 20 700 886 21 95 231 46 24 3
internal_value=-8.68082e-05 -0.00558965 -0.019299 -0.000199821 0.0205246 0.0356629 -0.0452431 -0.0476383 0.0412226 -0.029631 -0.0418626 0.0429611 0.0438991 0.0296995
internal_weight=2.82559 2.5114 1.64684 0.983807 0.864556 0.695735 0.471304 0.663037 0.512502 0.0699469 0.168821 0.625788 0.314188 0.0955574
internal_count=2059 2023 1625 738 398 162 701 887 37 96 236 66 36 27
is_linear=0
shrinkage=0.05


Tree=129
num_leaves=9
num_cat=0
split_feature=9 24 17 29 2 8 0 27
split_gain=0.260783 0.305283 0.366751 0.272559 0.602482 0.209848 0.0806799 3.36874e-07
threshold=3.2143361568450932 2.7334507703781132 -0.24834854155778882 -0.27304406464099878 -0.11834492534399031 0.67530006170272838 -5.2202017307281485 -2.5465446710586543
decision_type=2 2 2 2 2 2 2 2
left_child=1 2 6 5 -5 -4 -1 -8
right_child=-2 -3 3 4 -6 -7 7 -9
leaf_value=0.050062077878886536 0.0486209138279513 0.047943308207412633 0.050112774577783917 -0.03375318949524405 0.038415936103729932 -0.050105567178008042 -0.050271357040194919 -0.050080957618725587
leaf_weight=0.020902965217828751 0.24942018167348567 0.24473201480577689 0.061613278463483634 0.45273821233422562 0.80053231207420894 0.34311515811714344 0.024351728847250342 0.50498182317824203
leaf_count=1 16 16 2 624 63 476 9 852
internal_value=-8.87919e-05 -0.00504164 -0.0109138 0.000824773 0.0123452 -0.034849 -0.046285 -0.0500897
internal_weight=2.70239 2.45297 2.20824 1.658 1.25327 0.404728 0.550237 0.529334
internal_count=2059 2043 2027 1165 687 478 862 861
is_linear=0
shrinkage=0.05


Tree=130
num_leaves=15
num_cat=0
split_feature=3 8 29 21 2 14 6 20 4 29 4 11 27 6
split_gain=0.250923 0.306452 0.441253 0.337212 0.248284 0.476101 0.178517 0.161232 0.0133788 0.021871 0.0293433 0.00331192 3.20907e-07 1.69598e-07
threshold=-2.305652260780334 -0.19989445805549619 -0.28841057419776911 8.281497001647951 0.36878669261932379 0.56512445211410534 8.5401630401611346 1.664510250091553 1.2074897289276125 1.4820994734764101 1.1474715471267702 0.61389875411987316 -2.5465446710586543 -2.2278333902359004
decision_type=2 2 2 2 2 2 2 2 2 2 2 2 2 2
left_child=8 6 3 7 5 -4 12 -3 9 10 -1 -6 -2 -14
right_child=1 2 4 -5 11 -7 -8 -9 -10 -11 -12 -13 13 -15
leaf_value=-0.050066951615938285 -0.050250388802887951 -0.050098294792122883 0.049003619537472419 0.050145439197882197 0.040938849882060084 -0.042696855599885591 0.05004952444036781 0.050129086278326407 0.050061350309540467 0.047938294223326371 0.050037773458879553 0.050064399793335226 -0.050205557228405709 -0.050050143246713946
leaf_weight=0.01722548724501427 0.022527604596689343 0.53978203429142046 0.26774224033579119 0.11766144819557667 0.13126942003145814 0.30030677610193379 0.049395914189517498 0.043347537517547607 0.21592229232192039 0.043711404257919639 0.012730854563415051 0.40987724810838699 0.018337876215809956 0.41074683371698562
leaf_count=29 9 798 10 3 13 276 3 1 11 4 1 25 17 859
internal_value=-9.05616e-05 -0.00558847 0.00399089 -0.027068 0.0236139 0.000524926 -0.0401957 -0.0426478 0.043784 0.0253849 -0.00752442 0.0478508 -0.0500664 -0.0500568
internal_weight=2.60058 2.31099 1.80999 0.700791 1.1092 0.568049 0.501008 0.58313 0.28959 0.0736677 0.0299563 0.541147 0.451612 0.429085
internal_count=2059 2014 1126 802 324 286 888 799 45 34 30 38 885 876
is_linear=0
shrinkage=0.05


Tree=131
num_leaves=15
num_cat=0
split_feature=3 8 29 21 2 14 24 20 4 8 4 27 21 26
split_gain=0.238437 0.292423 0.428546 0.319033 0.250911 0.43586 0.199774 0.153156 0.0128175 0.020795 0.0279366 2.74745e-07 1.88611e-07 4.54334e-08
threshold=-2.305652260780334 -0.13283141702413556 -0.28841057419776911 8.281497001647951 0.36878669261932379 0.69268929958343517 -2.9905731678009029 1.664510250091553 1.2074897289276125 1.8429824709892275 1.1474715471267702 -2.5465446710586543 0.66377884149551403 2.0953396558761601
decision_type=2 2 2 2 2 2 2 2 2 2 2 2 2 2
left_child=8 6 3 7 5 -4 -2 -3 9 10 -1 -8 -6 -13
right_child=1 2 4 -5 12 -7 11 -9 -10 -11 -12 13 -14 -15
leaf_value=-0.050063945539054633 0.039337648252296575 -0.050094259283463352 0.042409288912776129 0.050138332459960133 0.050042625385321393 -0.050275388790177268 -0.050238120527416656 0.050122774603045483 0.050058353766563451 0.04781344514165 0.050035932796553342 -0.050052932818048401 0.050106206325985628 -0.050195690458921138
leaf_weight=0.016422031854745334 0.072337288991548121 0.50465818922384675 0.27969003468751796 0.11193849891424179 0.32132577896118164 0.23211100033950061 0.021434021648019552 0.041238512843847275 0.20540362130850554 0.04172103590099141 0.012110398150980473 0.43183644846431057 0.18311017472296953 0.0056462176144123069
leaf_count=29 8 779 10 3 23 254 9 1 11 4 1 912 8 7
internal_value=-8.97544e-05 -0.00556991 0.00468668 -0.0267561 0.0250403 0.000375116 -0.0378902 -0.0425236 0.0437529 0.0253173 -0.00757722 -0.0500633 0.0500657 -0.0500548
internal_weight=2.48098 2.20533 1.67407 0.657835 1.01624 0.511801 0.531254 0.545897 0.275657 0.0702535 0.0285324 0.458917 0.504436 0.437483
internal_count=2059 2014 1078 783 295 264 936 780 45 34 30 928 31 919
is_linear=0
shrinkage=0.05


Tree=132
num_leaves=9
num_cat=0
split_feature=9 24 17 29 2 8 0 27
split_gain=0.227543 0.26138 0.317199 0.23196 0.510973 0.180576 0.069435 2.11296e-07
threshold=3.2143361568450932 2.7334507703781132 -0.24834854155778882 -0.27304406464099878 -0.11834492534399031 0.67530006170272838 -5.2202017307281485 -2.5465446710586543
decision_type=2 2 2 2 2 2 2 2
left_child=1 2 6 5 -5 -4 -1 -8
right_child=-2 -3 3 4 -6 -7 7 -9
leaf_value=0.05005342308881236 0.048487860017502819 0.047717182258698941 0.050097037991737974 -0.03291466856365137 0.037551443408902083 -0.050090977474300746 -0.05023340697283675 -0.050070948953729821
leaf_weight=0.01799430139362812 0.21875214407918964 0.21161503496114153 0.053046847693622445 0.40449798284680605 0.7067787237465375 0.29555563587928191 0.020976925501599908 0.43634705871227253
leaf_count=1 16 16 2 624 63 476 9 852
internal_value=-9.19093e-05 -0.00504201 -0.0108113 0.00073942 0.0119022 -0.0348454 -0.0462877 -0.0500784
internal_weight=2.36556 2.14681 1.9352 1.45988 1.11128 0.348602 0.475318 0.457324
internal_count=2059 2043 2027 1165 687 478 862 861
is_linear=0
shrinkage=0.05


Tree=133
num_leaves=14
num_cat=0
split_feature=27 8 29 2 11 20 17 3 0 22 8 2 6
split_gain=0.221332 0.241343 0.456229 0.286646 0.244896 0.352588 0.13665 0.106524 0.0515828 0.0222857 3.26123e-06 1.77158e-07 1.36235e-07
threshold=-2.5465446710586543 -0.19989445805549619 -0.047297203913331025 -0.11834492534399031 0.64637875556945812 -0.32636012136936182 0.82752549648284923 -3.9537028074264522 -5.2202017307281485 1.0171665549278261 0.78260385990142833 0.36878669261932379 -2.2278333902359004
decision_type=2 2 2 2 2 2 2 2 2 2 2 2 2
left_child=9 7 4 6 5 -3 -4 -2 -9 -1 -6 -5 -10
right_child=1 2 3 11 10 -7 -8 8 12 -11 -12 -13 -14
leaf_value=0.020779142466391492 0.050046538791283839 -0.039655308895938678 0.050068911111354503 0.05009740657947246 -0.050461089845697762 0.049947317133843372 -0.050231152734970336 0.050039539630797082 -0.050190732725289379 0.050052075355371921 -0.050100756949204434 0.050037403029509236 -0.050043868377157547
leaf_weight=0.097050931886770164 0.030717032961547375 0.22635646225535311 0.046223452314734459 0.18747528735548191 0.077841628750320524 0.21320078065036796 0.12797884384053759 0.013325762934982777 0.016510774672497064 0.19698746409267187 0.32481534153339453 0.35774954501539469 0.36198539900942739
leaf_count=15 2 355 2 7 28 6 223 1 17 12 492 29 870
internal_value=-9.37812e-05 -0.00609316 0.00297752 0.0322183 -0.0220002 0.00380513 -0.0236172 -0.039617 -0.0466462 0.0403902 -0.0501704 0.050058 -0.0500503
internal_weight=2.27822 1.98418 1.56164 0.719427 0.842214 0.439557 0.174202 0.422539 0.391822 0.294038 0.402657 0.545225 0.378496
internal_count=2059 2032 1142 261 881 361 225 890 888 27 520 36 887
is_linear=0
shrinkage=0.05


Tree=134
num_leaves=15
num_cat=0
split_feature=3 8 29 21 2 14 21 20 4 29 4 27 21 6
split_gain=0.209661 0.25408 0.362313 0.280548 0.227874 0.384877 0.173576 0.131869 0.0114461 0.0182548 0.0244429 2.2686e-07 1.34685e-07 3.73396e-08
threshold=-2.305652260780334 -0.13283141702413556 -0.28841057419776911 8.281497001647951 0.36878669261932379 0.62679105997085582 -2.8655720949172969 1.664510250091553 1.2074897289276125 1.4820994734764101 1.1474715471267702 -2.5465446710586543 0.66377884149551403 -2.5424228906631465
decision_type=2 2 2 2 2 2 2 2 2 2 2 2 2 2
left_child=8 6 3 7 5 -4 -2 -3 9 10 -1 -8 -6 -13
right_child=1 2 4 -5 12 -7 11 -9 -10 -11 -12 13 -14 -15
leaf_value=-0.050057353693138268 0.038920121967305522 -0.050081908442331041 0.050115737168508659 0.050119772660888073 0.05003714845094144 -0.042016894017105726 -0.050220612388759737 0.05010565568415272 0.050051980006389024 0.047740333095000559 0.05003130948835402 -0.050146333547522286 0.0500945838768308 -0.050044865674232879
leaf_weight=0.014451366791036313 0.063515968387946486 0.43705597825464793 0.20706058852374487 0.098727952688932419 0.27996623702347279 0.25047223141882569 0.019879623083397746 0.035512641072273254 0.18122714478522539 0.036195436667185277 0.010555260814726353 0.009293996321503073 0.16063523571938276 0.37086506033665534
leaf_count=29 7 779 6 3 23 258 9 1 11 4 1 10 8 910
internal_value=-9.24918e-05 -0.00558962 0.00459199 -0.0265379 0.0243935 -0.000321444 -0.0378645 -0.042553 0.0437384 0.0250429 -0.00781008 -0.050056 0.0500581 -0.0500473
internal_weight=2.17541 1.93299 1.46943 0.571297 0.898134 0.457533 0.463555 0.472569 0.242429 0.0612021 0.0250066 0.400039 0.440601 0.380159
internal_count=2059 2014 1078 783 295 264 936 780 45 34 30 929 31 920
is_linear=0
shrinkage=0.05


Tree=135
num_leaves=15
num_cat=0
split_feature=3 8 29 22 9 2 24 0 4 8 4 29 27 2
split_gain=0.199224 0.241071 0.345312 0.311178 0.184692 0.181303 0.165145 0.0665411 0.0109712 0.0173564 0.0232728 2.14854e-06 1.93963e-07 4.70494e-08
threshold=-2.305652260780334 -0.13283141702413556 0.12145989760756494 -0.54004815220832814 0.64810574054718029 -0.23550640046596524 -2.9905731678009029 3.8373051881790166 1.2074897289276125 1.8429824709892275 1.1474715471267702 -0.27304406464099878 -2.5465446710586543 0.8957534432411195
decision_type=2 2 2 2 2 2 2 2 2 2 2 2 2 2
left_child=8 6 3 4 -3 7 -2 -4 9 10 -1 -5 -8 -7
right_child=1 2 5 11 -6 13 12 -9 -10 -11 -12 -13 -14 -15
leaf_value=-0.050054815737641811 0.038191697387421508 -0.028278502885065573 -0.050213134052096757 -0.050054034408768357 0.033765319831915504 0.050066792987701329 -0.050209810784159814 0.050063991949564901 0.050049441685726982 0.047605882557949029 0.050029783332051436 -0.050320037702424714 -0.050045560365413681 0.05003315168611347
leaf_weight=0.01377946816501241 0.061598577129188925 0.19228145014494658 0.071259537246078253 0.25442800112068653 0.31885047961259261 0.17168182507157326 0.01891404832713306 0.021545365452766418 0.17239711340516806 0.034557260398287326 0.010040773078799248 0.10819222033023768 0.361676264466951 0.2633682806044817
leaf_count=29 8 184 156 578 52 9 9 1 11 4 1 74 919 24
internal_value=-9.10225e-05 -0.00557271 0.00458221 -0.0147075 0.0104252 0.0365123 -0.0377608 -0.026933 0.0437055 0.0249709 -0.00786688 -0.0501334 -0.0500537 0.0500464
internal_weight=2.07457 1.8438 1.40161 0.873752 0.511132 0.527855 0.442189 0.0928049 0.230775 0.0583775 0.0238202 0.36262 0.38059 0.43505
internal_count=2059 2014 1078 888 236 190 936 157 45 34 30 652 928 33
is_linear=0
shrinkage=0.05


Tree=136
num_leaves=12
num_cat=0
split_feature=12 27 26 2 25 19 25 13 25 9 2
split_gain=0.190556 0.20047 0.202658 0.474161 0.20631 0.167892 0.0222558 0.00601479 0.00983284 4.90673e-07 4.77819e-08
threshold=-2.5617678165435787 -2.5465446710586543 -0.049308123067021363 0.42319980263710028 -2.1984699964523311 -0.70486667752265919 1.6412609219551089 1.0761632919311526 3.0624519586563115 -2.9657799005508418 1.1072260141372683
decision_type=2 2 2 2 2 2 2 2 2 2 2
left_child=7 6 4 5 -3 -4 -2 8 -1 -6 -5
right_child=1 2 3 10 9 -7 -8 -9 -10 -11 -12
leaf_value=0.015182999849980235 0.017328865835357248 0.045175539669817494 0.0084845119541267968 0.050067506946872259 -0.050407909040056369 -0.04174130333190422 0.050076895940006722 0.050081793861069403 0.05004327071295861 -0.050061925150605417 0.050029422242802692
leaf_weight=0.03970957873389136 0.080598839325830229 0.065225202240981162 0.26968348064110581 0.15370690543204546 0.010496225440874696 0.43438925189548183 0.14561191853135824 0.13918965961784124 0.041231921873986721 0.43256202453630965 0.17742051929235458
leaf_count=17 17 8 233 9 3 782 8 7 3 954 18
internal_value=-9.22855e-05 -0.00554943 -0.0119919 0.000703368 -0.0378478 -0.0225031 0.0384088 0.0437792 0.032941 -0.0500701 0.0500471
internal_weight=1.98983 1.76969 1.54348 1.0352 0.508283 0.704073 0.226211 0.220131 0.0809415 0.443058 0.331127
internal_count=2059 2032 2007 1042 965 1015 25 27 20 957 27
is_linear=0
shrinkage=0.05


Tree=137
num_leaves=9
num_cat=0
split_feature=9 9 11 29 2 15 0 27
split_gain=0.181851 0.212807 0.268956 0.269981 0.336586 0.186616 0.0667669 2.04166e-07
threshold=3.2143361568450932 -2.9657799005508418 0.023484189994633201 -0.047297203913331025 -0.23550640046596524 0.39570841193199163 -5.2202017307281485 -2.5465446710586543
decision_type=2 2 2 2 2 2 2 2
left_child=1 -1 6 5 -5 -4 -3 -8
right_child=-2 2 3 4 -6 -7 7 -9
leaf_value=0.042998372900438245 0.04832774037225477 0.050051618806919641 -0.050134205652252267 -0.050132251552918096 0.046688782002982682 0.0066427028611361367 -0.050208341324373497 -0.050047591602040975
leaf_weight=0.20400025206618 0.17612052580807369 0.017387375235557223 0.29677268385421485 0.11330318253021687 0.43204456334933616 0.28248277047532611 0.020850776927545334 0.37503175507299658
leaf_count=18 16 1 502 277 34 196 10 1005
internal_value=-9.04016e-05 -0.00498595 -0.0113511 0.00132445 0.0265729 -0.0224461 -0.0458443 -0.0500561
internal_weight=1.91799 1.74187 1.53787 1.1246 0.545348 0.579255 0.41327 0.395883
internal_count=2059 2043 2025 1009 311 698 1016 1015
is_linear=0
shrinkage=0.05


Tree=138
num_leaves=15
num_cat=0
split_feature=18 16 26 2 21 18 0 26 0 4 3 22 13 5
split_gain=0.172517 0.243457 0.224623 0.457102 0.216714 0.082413 0.0628247 0.0521164 0.0407406 0.0285589 0.0266184 0.0203122 0.00862271 0.0121924
threshold=-2.3368196487426753 -0.75693422555923451 0.17840023338794711 -0.11834492534399031 0.17671180516481402 -0.24705615639686582 -2.8689622879028316 0.33465798199176794 -5.2202017307281485 -0.53929576277732838 1.6048623323440554 -0.39338180422782892 0.48351608216762548 1.7147693634033205
decision_type=2 2 2 2 2 2 2 2 2 2 2 2 2 2
left_child=12 4 8 6 10 9 -4 -5 -3 -6 -2 -7 13 -1
right_child=1 2 3 7 5 11 -8 -9 -10 -11 -12 -13 -14 -15
leaf_value=-0.0026696301897537185 -0.050058273005292198 0.050030887628237833 0.05004909937555653 0.0028933531629247748 0.050026639285408438 0.048450462433190733 -0.050111156013673441 0.050047879860128569 -0.050099061463409214 -0.050038402931764425 0.033884046631885066 0.020962119693274446 0.048943783483726341 0.050032877875985954
leaf_weight=0.02177037944784399 0.099550144223030546 0.0104129798710344 0.016540195792913437 0.075579346739687026 0.0089830989018082619 0.33191872370662168 0.29285655100829899 0.26076427474617958 0.41605829597392585 0.034573696233564988 0.010433935443870723 0.084266330173704773 0.15815648756688461 0.022128838114440441
leaf_count=21 234 1 1 15 1 20 700 22 886 95 2 46 13 2
internal_value=-9.42952e-05 -0.00545923 -0.0194937 -0.000895378 0.0209533 0.0360363 -0.0447566 0.0394518 -0.0476542 -0.0294011 -0.0420949 0.0428848 0.043502 0.0238968
internal_weight=1.84399 1.64194 1.07221 0.64574 0.569726 0.459742 0.309397 0.336344 0.426471 0.0435568 0.109984 0.416185 0.202056 0.0438992
internal_count=2059 2023 1625 738 398 162 701 37 887 96 236 66 36 23
is_linear=0
shrinkage=0.05


Tree=139
num_leaves=15
num_cat=0
split_feature=3 8 29 5 2 21 6 17 4 10 1 27 6 29
split_gain=0.165675 0.20299 0.28768 0.223657 0.215682 0.194244 0.119733 0.109358 0.00987754 0.0156319 0.0196357 1.2891e-07 9.90529e-08 9.58148e-08
threshold=-2.305652260780334 -0.19989445805549619 -0.047297203913331025 0.1313755735754967 -0.11834492534399031 1.5841411352157595 8.5401630401611346 0.82752549648284923 1.2074897289276125 -0.37443849444389338 1.0963547229766848 -2.5465446710586543 -2.2278333902359004 0.51445269584655773
decision_type=2 2 2 2 2 2 2 2 2 2 2 2 2 2
left_child=8 6 3 -3 7 -5 11 -4 9 -1 -11 -2 -13 -6
right_child=1 2 4 5 13 -7 -8 -9 -10 10 -12 12 -14 -15
leaf_value=0.048031537211214795 -0.050183651190412397 0.050112592810532333 0.050055648031665761 -0.043857728151062696 0.050079439061075239 0.025986849359051319 0.050033377764987876 -0.050187524384587394 0.05004153086905716 -0.050049803660779837 0.050024460574605745 -0.0501705931876327 -0.050033498685174572 0.050028521186480872
leaf_weight=0.028302838443778455 0.016572768916375935 0.10488883778452851 0.037475135177373886 0.46991611935663968 0.14551266562193632 0.12630061712116003 0.03318582009524107 0.099295002233702689 0.14524224400520325 0.012079583160812146 0.0082488264888525009 0.013851434516254812 0.26999380043707777 0.25308421812951565
leaf_count=4 9 3 2 806 7 61 3 220 11 29 1 17 859 27
internal_value=-9.59609e-05 -0.00548056 0.00385779 -0.0172172 0.0314571 -0.0290621 -0.0400923 -0.0227208 0.043511 0.024007 -0.00944184 -0.0500481 -0.0500402 0.0500471
internal_weight=1.76395 1.57008 1.23647 0.701106 0.535367 0.596217 0.333604 0.13677 0.193873 0.0486312 0.0203284 0.300418 0.283845 0.398597
internal_count=2059 2014 1126 870 256 867 888 222 45 34 30 885 876 34
is_linear=0
shrinkage=0.05


Tree=140
num_leaves=14
num_cat=0
split_feature=21 23 2 14 29 23 6 8 16 2 22 21 27
split_gain=0.158606 0.220091 0.282835 0.221258 0.341185 0.137891 0.0823404 5.83513e-07 2.88777e-07 1.16159e-07 7.94948e-08 3.97039e-08 1.69789e-08
threshold=3.0112737417221074 -0.54963782429695118 0.7739856243133546 0.78977537155151378 0.52170222997665416 0.20639514178037646 8.5401630401611346 0.81680306792259227 2.1640666723251347 1.1072260141372683 -0.54004815220832814 -2.8655720949172969 -2.0319534540176387
decision_type=2 2 2 2 2 2 2 2 2 2 2 2 2
left_child=1 6 3 4 -3 8 10 -5 -4 -7 11 -1 -12
right_child=-2 2 5 7 -6 9 -8 -9 -10 -11 12 -13 -14
leaf_value=-0.050220263519434233 0.048663765711382853 0.039826621586742321 -0.05004340876246996 -0.050218061999612706 -0.036800872899719235 0.050084794888538245 0.050033363689445234 -0.050064003149281382 -0.05043649410612059 0.050025846352085374 -0.050131928539285921 -0.050087699513170908 -0.050037801239348492
leaf_weight=0.0059304878814145914 0.15179432896547962 0.32285625893564407 0.032708616286981851 0.15807937357749324 0.2640879290556768 0.14106927812099457 0.022145775146782398 0.10056422438356094 0.0054509110050275913 0.20502798352390528 0.0049440990987932301 0.11872906341159251 0.15463008737424377
leaf_count=4 14 133 86 248 636 7 2 198 2 24 6 202 497
internal_value=-9.36736e-05 -0.0049114 0.00453461 -0.0116292 0.00534907 0.0401043 -0.0428288 -0.0501582 -0.0500996 0.0500499 -0.0500641 -0.050094 -0.0500407
internal_weight=1.68802 1.53622 1.22984 0.845588 0.586944 0.384257 0.30638 0.258644 0.0381595 0.346097 0.284234 0.12466 0.159574
internal_count=2059 2045 1334 1215 769 119 711 446 88 31 709 206 503
is_linear=0
shrinkage=0.05


Tree=141
num_leaves=13
num_cat=0
split_feature=12 27 8 29 26 2 25 11 14 25 13 22
split_gain=0.151109 0.157671 0.165324 0.386134 0.156312 0.108855 0.0490368 0.0356903 0.0204972 0.0189619 0.00513848 0.00821067
threshold=-2.5617678165435787 -2.5465446710586543 0.018957998603582386 -0.047297203913331025 0.46611730754375463 -0.11834492534399031 -1.8910865187644956 0.61389875411987316 -0.69251847267150868 1.6412609219551089 1.0761632919311526 1.2760896086692812
decision_type=2 2 2 2 2 2 2 2 2 2 2 2
left_child=10 9 6 4 -4 -5 8 -8 -3 -2 11 -1
right_child=1 2 3 5 -6 -7 7 -9 -10 -11 -12 -13
leaf_value=0.015152470973406183 0.016509281956531039 -0.050033512773131117 -0.040439044999681588 -0.012224342323364827 0.042342933893318613 0.050045336294903521 -0.050061460920275816 0.036497405946809412 0.042367714237187035 0.0500624221543347 0.050064582439288935 0.050035162574274872
leaf_weight=0.033833925088401995 0.065870943362824508 0.0080704774300102144 0.43785460424260236 0.090555329399649054 0.065563154348637909 0.31196977151557803 0.30783820942451712 0.012388014700263739 0.023414091294398309 0.11671715881675482 0.11020282283425331 0.033644081093370914
leaf_count=17 17 25 796 169 7 29 965 7 9 8 7 3
internal_value=-9.34453e-05 -0.00546054 -0.0117641 -0.000468719 -0.0296578 0.0360366 -0.0408588 -0.0467129 0.0186824 0.0379577 0.0434111 0.0325447
internal_weight=1.61792 1.44024 1.25765 0.905943 0.503418 0.402525 0.351711 0.320226 0.0314846 0.182588 0.177681 0.067478
internal_count=2059 2032 2007 1001 803 198 1006 972 34 25 27 20
is_linear=0
shrinkage=0.05


Tree=142
num_leaves=14
num_cat=0
split_feature=21 23 2 14 29 23 6 8 16 2 22 21 27
split_gain=0.147869 0.199646 0.257464 0.204473 0.303279 0.126058 0.0761115 4.48544e-07 2.20031e-07 8.68043e-08 6.24661e-08 2.84157e-08 1.6122e-08
threshold=3.0112737417221074 -0.54963782429695118 0.7739856243133546 0.78977537155151378 0.52170222997665416 0.20639514178037646 8.5401630401611346 0.81680306792259227 2.1640666723251347 1.1072260141372683 -0.54004815220832814 -2.8655720949172969 -2.0319534540176387
decision_type=2 2 2 2 2 2 2 2 2 2 2 2 2
left_child=1 6 3 4 -3 8 10 -5 -4 -7 11 -1 -12
right_child=-2 2 5 7 -6 9 -8 -9 -10 -11 12 -13 -14
leaf_value=-0.050199129131855418 0.048559701788997461 0.039084619130511783 -0.050039842138704785 -0.050199867289863864 -0.035823385578523541 0.050077032857912089 0.05003097241661645 -0.050059123216676875 -0.050398629518280072 0.050023597720271179 -0.05012831569642745 -0.05008143727300194 -0.050034546852119534
leaf_weight=0.0053820763132534912 0.14195382344769325 0.29996211352408841 0.029929462165455334 0.14626369312463794 0.24588332686107606 0.12825098261237144 0.020490805618464947 0.092352439140086062 0.0049848848138935855 0.18655778933316469 0.0047381216572830445 0.10892757395049557 0.1408946456213015
leaf_count=4 14 133 86 248 636 7 2 198 2 24 6 202 497
internal_value=-8.8832e-05 -0.00497061 0.00436953 -0.0115365 0.00534131 0.0400483 -0.0427459 -0.0501454 -0.0500911 0.0500454 -0.0500593 -0.050087 -0.0500376
internal_weight=1.55657 1.41462 1.13418 0.784462 0.545845 0.349723 0.280433 0.238616 0.0349143 0.314809 0.259942 0.11431 0.145633
internal_count=2059 2045 1334 1215 769 119 711 446 88 31 709 206 503
is_linear=0
shrinkage=0.05


Tree=143
num_leaves=14
num_cat=0
split_feature=21 23 2 14 29 23 6 8 16 2 22 21 27
split_gain=0.14013 0.189922 0.244379 0.194943 0.28193 0.119904 0.0723954 3.86227e-07 1.89305e-07 7.47073e-08 5.37675e-08 2.4456e-08 1.3875e-08
threshold=3.0112737417221074 -0.54963782429695118 0.7739856243133546 0.78977537155151378 0.52170222997665416 0.20639514178037646 8.5401630401611346 0.81680306792259227 2.1640666723251347 1.1072260141372683 -0.54004815220832814 -2.8655720949172969 -2.0319534540176387
decision_type=2 2 2 2 2 2 2 2 2 2 2 2 2
left_child=1 6 3 4 -3 8 10 -5 -4 -7 11 -1 -12
right_child=-2 2 5 7 -6 9 -8 -9 -10 -11 12 -13 -14
leaf_value=-0.050189403287388058 0.048405680513172789 0.038296176009679446 -0.050037898667774749 -0.050190139109449722 -0.034924965503838536 0.050073272401882911 0.050029456157624434 -0.050056238468742797 -0.050379061277473318 0.050022446636868924 -0.050122048175604408 -0.050077465259331558 -0.050032862082299817
leaf_weight=0.0051205564523115745 0.13544970902148645 0.29105989652452968 0.028470863035181537 0.13915661672945134 0.23975650998181663 0.12200504122301936 0.019492032006382942 0.087853292643558234 0.0047435644082725039 0.17746324045583606 0.0045075901871314264 0.10362312478537206 0.13402753289847158
leaf_count=4 14 133 86 248 636 7 2 198 2 24 6 202 497
internal_value=-8.86592e-05 -0.00492815 0.0043226 -0.01136 0.00522402 0.0400464 -0.0427435 -0.0501383 -0.0500866 0.0500432 -0.0500564 -0.0500827 -0.0500358
internal_weight=1.49273 1.35728 1.09051 0.757826 0.530816 0.332683 0.266771 0.22701 0.0332144 0.299468 0.247279 0.108744 0.138535
internal_count=2059 2045 1334 1215 769 119 711 446 88 31 709 206 503
is_linear=0
shrinkage=0.05


Tree=144
num_leaves=15
num_cat=0
split_feature=18 16 26 2 21 22 15 0 0 29 3 18 19 0
split_gain=0.133886 0.190067 0.172335 0.353163 0.164212 0.0665725 0.0930871 0.0481142 0.0311805 0.02519 0.0197442 0.00598957 0.0147335 0.0189833
threshold=-2.3368196487426753 -0.75693422555923451 0.17840023338794711 -0.11834492534399031 0.17671180516481402 -0.39338180422782892 3.0282359123229985 -2.8689622879028316 -5.2202017307281485 0.15640980750322345 1.6048623323440554 -3.3987815380096431 1.1042366027832033 -5.2202017307281485
decision_type=2 2 2 2 2 2 2 2 2 2 2 2 2 2
left_child=11 4 8 7 10 -6 -7 -4 -3 -5 -2 -1 13 -13
right_child=1 2 3 9 5 6 -8 -9 -10 -11 -12 12 -14 -15
leaf_value=0.050051268623957562 -0.050044090470521496 0.050023643487048977 0.050037581890980634 0.01696690573972268 0.048364294951115772 -0.050040147206360609 0.050028712661053125 -0.050086076809027172 -0.050075110189371212 0.050032535426426133 0.032709453464339892 0.050025372569122983 0.05003298401144976 -0.050047624885441178
leaf_weight=0.10690015414729714 0.075604512006975599 0.007972584106027969 0.012665647082030773 0.085804507310967892 0.26650022791000083 0.047203245994751342 0.045777673833072186 0.22791604667145293 0.32165906496811658 0.1752221742644906 0.0079674326116219163 0.0085561415180563927 0.031965496018528938 0.010621961177094019
leaf_count=9 234 1 1 16 21 136 5 700 886 21 2 1 3 23
internal_value=-8.85167e-05 -0.00547207 -0.0195699 -0.00111445 0.0209778 0.0356548 -0.000772839 -0.044815 -0.0476541 0.0391632 -0.0421547 0.0433186 0.0292461 -0.00540094
internal_weight=1.43234 1.27429 0.83124 0.501608 0.443053 0.359481 0.0929809 0.240582 0.329632 0.261027 0.0835719 0.158044 0.0511436 0.0191781
internal_count=2059 2023 1625 738 398 162 141 701 887 37 236 36 27 24
is_linear=0
shrinkage=0.05


Tree=145
num_leaves=15
num_cat=0
split_feature=18 16 26 2 21 22 15 0 0 29 10 18 19 0
split_gain=0.127305 0.18008 0.164456 0.333636 0.155787 0.0629422 0.0885442 0.0457639 0.0296577 0.0258168 0.0198437 0.00569685 0.0140145 0.0180568
threshold=-2.3368196487426753 -0.75693422555923451 0.17840023338794711 -0.11834492534399031 0.17671180516481402 -0.39338180422782892 3.0282359123229985 -2.8689622879028316 -5.2202017307281485 0.15640980750322345 -1.127591013908386 -3.3987815380096431 1.1042366027832033 -5.2202017307281485
decision_type=2 2 2 2 2 2 2 2 2 2 2 2 2 2
left_child=11 4 8 7 10 -6 -7 -4 -3 -5 -2 -1 13 -13
right_child=1 2 3 9 5 6 -8 -9 -10 -11 -12 12 -14 -15
leaf_value=0.05004876662949366 0.035687582727537685 0.050022488144827494 0.050035746764950345 0.016212510019153394 0.048192767250652045 -0.050038188543624934 0.050027311695984435 -0.050081900899764248 -0.050071459983263206 0.050030948514228658 -0.050044014572314423 0.050024138260103039 0.050031372342908997 -0.050045300639693924
leaf_weight=0.10169152682647109 0.0074448854720685622 0.0075839268974958731 0.012048366479575634 0.08532006130553782 0.25438285712152719 0.044902829933562316 0.043546259868890047 0.21681807217828464 0.30599330987024587 0.16668164217844605 0.072276410312042461 0.0081390496343374252 0.030407474376261234 0.010104379587574042
leaf_count=9 5 1 1 16 21 136 5 700 886 21 231 1 3 23
internal_value=-9.02486e-05 -0.00545254 -0.0194796 -0.00110908 0.0209198 0.0355599 -0.000772806 -0.0448113 -0.0476507 0.0385811 -0.0420378 0.0433167 0.0292451 -0.00540073
internal_weight=1.36734 1.217 0.794445 0.480868 0.422553 0.342832 0.0884491 0.228866 0.313577 0.252002 0.0797213 0.150342 0.0486509 0.0182434
internal_count=2059 2023 1625 738 398 162 141 701 887 37 236 36 27 24
is_linear=0
shrinkage=0.05


Tree=146
num_leaves=15
num_cat=0
split_feature=18 16 26 2 21 22 15 0 0 29 10 18 19 0
split_gain=0.121046 0.170584 0.156961 0.31512 0.147784 0.0594752 0.084223 0.0435285 0.0282093 0.0263905 0.0189023 0.00541845 0.0133306 0.0171755
threshold=-2.3368196487426753 -0.75693422555923451 0.17840023338794711 -0.11834492534399031 0.17671180516481402 -0.39338180422782892 3.0282359123229985 -2.8689622879028316 -5.2202017307281485 0.15640980750322345 -1.127591013908386 -3.3987815380096431 1.1042366027832033 -5.2202017307281485
decision_type=2 2 2 2 2 2 2 2 2 2 2 2 2 2
left_child=11 4 8 7 10 -6 -7 -4 -3 -5 -2 -1 13 -13
right_child=1 2 3 9 5 6 -8 -9 -10 -11 -12 12 -14 -15
leaf_value=0.050046389247263783 0.03478888122549964 0.050021391140614768 0.050033998799148952 0.015483907965065841 0.04800569765043642 -0.050036325089000924 0.050025979576334249 -0.050077926245616383 -0.050067986705485235 0.050029439451157932 -0.050041868339430397 0.050022957433471571 0.050029842212018873 -0.050043089245494568
leaf_weight=0.096736453473567963 0.0072601271967869243 0.0072142085991798712 0.011461150832474232 0.084879708476364613 0.24289612221764401 0.042714443581644446 0.041423559188842773 0.2062596857722383 0.29108952240494546 0.158557144459337 0.068754322492168174 0.0077422815375030032 0.028925346676260233 0.0096119970548899092
leaf_count=9 5 1 1 16 21 136 5 700 886 21 231 1 3 23
internal_value=-9.20268e-05 -0.00543209 -0.0193851 -0.00110334 0.0208594 0.0354562 -0.000772774 -0.0448079 -0.0476474 0.0379844 -0.0419397 0.0433148 0.0292442 -0.00540052
internal_weight=1.30553 1.16251 0.759461 0.461158 0.403049 0.327034 0.084138 0.217721 0.298304 0.243437 0.0760144 0.143016 0.0462796 0.0173543
internal_count=2059 2023 1625 738 398 162 141 701 887 37 236 36 27 24
is_linear=0
shrinkage=0.05


Tree=147
num_leaves=15
num_cat=0
split_feature=18 16 26 2 21 22 15 0 2 0 10 18 19 0
split_gain=0.115092 0.161547 0.149831 0.29757 0.140157 0.0561637 0.0801129 0.0414026 0.027011 0.0268318 0.018012 0.00515369 0.0126801 0.0163373
threshold=-2.3368196487426753 -0.75693422555923451 0.17840023338794711 -0.11834492534399031 0.17671180516481402 -0.39338180422782892 3.0282359123229985 -2.8689622879028316 0.057866884395480163 -5.2202017307281485 -1.127591013908386 -3.3987815380096431 1.1042366027832033 -5.2202017307281485
decision_type=2 2 2 2 2 2 2 2 2 2 2 2 2 2
left_child=11 4 9 7 10 -6 -7 -4 -5 -3 -2 -1 13 -13
right_child=1 2 3 8 5 6 -8 -9 -10 -11 -12 12 -14 -15
leaf_value=0.050044125490435964 0.033868893983198818 0.050020346577839596 0.050032340982264334 0.014695832236383525 0.047801827365179836 -0.050034552985430109 0.050024711046320371 -0.05007414439737698 0.050028158375491308 -0.050064681669373404 -0.050039825938287721 0.050021838799054009 0.050028386880062337 -0.05004098719079178
leaf_weight=0.092022617813199759 0.0070889024500502265 0.0068625072017310931 0.010902536101639271 0.084276084031444043 0.23201100912410766 0.040632638541865163 0.039404281880706549 0.19621472686412744 0.15103196166455746 0.27691073768073693 0.06540373658935994 0.0073648467659950248 0.027515421155840158 0.0091435889480636634
leaf_count=9 5 1 1 16 21 136 5 700 21 886 231 1 3 23
internal_value=-9.38683e-05 -0.00541047 -0.0192862 -0.00109724 0.0207937 0.035343 -0.000772745 -0.0448046 0.0373738 -0.0476443 -0.0418346 0.0433131 0.0292433 -0.00540033
internal_weight=1.24679 1.11074 0.726199 0.442425 0.384541 0.312048 0.0800369 0.207117 0.235308 0.283773 0.0724926 0.136046 0.0440239 0.0165084
internal_count=2059 2023 1625 738 398 162 141 701 37 887 236 36 27 24
is_linear=0
shrinkage=0.05


Tree=148
num_leaves=9
num_cat=0
split_feature=24 9 17 2 29 23 0 27
split_gain=0.109613 0.131387 0.155528 0.109256 0.268344 0.138859 0.0325153 4.05707e-08
threshold=2.7334507703781132 3.2143361568450932 -0.24834854155778882 -0.11834492534399031 -0.047297203913331025 0.4860678911209107 -5.2202017307281485 -2.5465446710586543
decision_type=2 2 2 2 2 2 2 2
left_child=1 2 6 5 -5 -4 -1 -8
right_child=-2 -3 3 4 -6 -7 7 -9
leaf_value=0.050024979522755288 0.047582677479796998 0.048139739657482965 0.050034123903714034 -0.021165037383735184 0.05003501300856792 -0.050073168484872213 -0.050131369455617442 -0.050036041201013896
leaf_weight=0.0084241935983300209 0.10946728581620857 0.10530425814795308 0.04349382035434235 0.27865498029859737 0.25201867846772075 0.17017863626824692 0.011782525340095162 0.21164092422986858
leaf_count=1 16 16 4 503 31 627 9 852
internal_value=-9.57672e-05 -0.00492169 -0.0106456 0.00049279 0.0126481 -0.029696 -0.0464052 -0.0500411
internal_weight=1.19097 1.0815 0.976194 0.744346 0.530674 0.213672 0.231848 0.223423
internal_count=2059 2043 2027 1165 534 631 862 861
is_linear=0
shrinkage=0.05


Tree=149
num_leaves=15
num_cat=0
split_feature=18 16 26 2 21 5 22 15 0 10 18 19 0 25
split_gain=0.10425 0.148286 0.138487 0.267448 0.128252 0.0847624 0.0513047 0.0728826 0.0243296 0.0163109 0.00484769 0.0117665 0.0149386 0.0005782
threshold=-2.3368196487426753 -0.75693422555923451 0.17840023338794711 -0.030531420372426506 0.17671180516481402 0.53283074498176586 -0.39338180422782892 3.0282359123229985 -5.2202017307281485 -1.127591013908386 -3.3987815380096431 1.1042366027832033 -5.2202017307281485 -0.93645247817039479
decision_type=2 2 2 2 2 2 2 2 2 2 2 2 2 2
left_child=10 4 8 5 9 -4 13 -8 -3 -2 -1 12 -12 -6
right_child=1 2 3 -5 6 -7 7 -9 -10 -11 11 -13 -14 -15
leaf_value=0.050040023244181712 0.03275104722628025 0.050018446479342497 -0.045445421840183596 0.048534341522728369 0.05004748792342209 0.043289819826097156 -0.050031717237915101 0.050022395368731556 -0.050059925721585678 -0.050036518136682619 0.050019796613415102 0.050025685330378003 -0.050038161022271703 0.04485011410190224
leaf_weight=0.083923349622637033 0.006606680908589623 0.0062213619239627196 0.21243014217179734 0.16320351185277104 0.11300894385203719 0.030816383223282173 0.037125090500921942 0.035706348717212677 0.25445854930148926 0.059820110240252578 0.0066767963580787191 0.024898100178688765 0.0084530024614651866 0.10164071642793715
leaf_count=9 5 1 711 23 10 4 136 5 886 231 1 3 23 11
internal_value=-9.04878e-05 -0.00534718 -0.0192256 -0.000981589 0.0208141 -0.0342037 0.0352827 -0.000979178 -0.0476715 -0.0418026 0.0432111 0.0288934 -0.00588248 0.0475864
internal_weight=1.14499 1.02104 0.66713 0.40645 0.353908 0.243247 0.287481 0.0728314 0.26068 0.0664268 0.123951 0.0400279 0.0151298 0.21465
internal_count=2059 2023 1625 738 398 715 162 141 887 236 36 27 24 21
is_linear=0
shrinkage=0.05


Tree=150
num_leaves=15
num_cat=0
split_feature=18 16 26 2 21 5 22 15 0 25 18 19 0 25
split_gain=0.0991191 0.140457 0.132136 0.252859 0.121575 0.0798209 0.0483935 0.0693262 0.0231417 0.0174313 0.00461089 0.0111924 0.0142096 0.000654899
threshold=-2.3368196487426753 -0.75693422555923451 0.17840023338794711 -0.030531420372426506 0.17671180516481402 0.53283074498176586 -0.39338180422782892 3.0282359123229985 -5.2202017307281485 -0.51486578583717335 -3.3987815380096431 1.1042366027832033 -5.2202017307281485 -0.93645247817039479
decision_type=2 2 2 2 2 2 2 2 2 2 2 2 2 2
left_child=10 4 8 5 9 -4 13 -8 -3 -2 -1 12 -12 -6
right_child=1 2 3 -5 6 -7 7 -9 -10 -11 11 -13 -14 -15
leaf_value=0.050038069966914393 0.040644285777960754 0.050017542813268673 -0.04502239288234719 0.048383317865153645 0.050045170784384675 0.042718778863767563 -0.05003017012932276 0.050021301554524625 -0.050057011525293751 -0.050034886718216723 0.050018831639198881 0.05002442991234788 -0.05003629963434586 0.04438884153136062
leaf_weight=0.079833397641777992 0.005837428296217694 0.005918046459555625 0.20392132960841991 0.15571660711430013 0.10750228352844715 0.029695535864448175 0.035315542962052859 0.033965653739869595 0.24206219582993072 0.05753575598646421 0.0063512846827507028 0.023684384301304817 0.008041036402573809 0.097663388936780393
leaf_count=9 4 1 711 23 10 4 136 5 886 232 1 3 23 11
internal_value=-9.02786e-05 -0.00532596 -0.0191417 -0.000971874 0.0207381 -0.0338694 0.0351518 -0.000979146 -0.0476687 -0.0416823 0.0432096 0.0288927 -0.00588229 0.0473526
internal_weight=1.09304 0.975134 0.637314 0.389333 0.33782 0.233617 0.274447 0.0692812 0.24798 0.0633732 0.11791 0.0380767 0.0143923 0.205166
internal_count=2059 2023 1625 738 398 715 162 141 887 236 36 27 24 21
is_linear=0
shrinkage=0.05


Tree=151
num_leaves=11
num_cat=0
split_feature=27 27 26 2 14 0 25 4 16 9
split_gain=0.0946762 0.109231 0.126765 0.21935 0.0959502 0.0219312 0.0137777 0.000948314 0.000194345 7.81537e-08
threshold=-2.5465446710586543 2.5968383550643925 -0.43454994261264795 0.58673071861267101 0.68094560503959667 -5.2202017307281485 1.6412609219551089 -0.57314682006835926 0.40943934023380285 -2.9657799005508418
decision_type=2 2 2 2 2 2 2 2 2 2
left_child=6 2 5 4 -4 -2 -1 -3 -5 -7
right_child=1 7 3 8 -6 9 -8 -9 -10 -11
leaf_value=0.015485248549591896 0.050016723704174405 0.038838396863069113 -0.0019955511136584983 0.049881539883595921 -0.050110892477260409 -0.050219837692976513 0.050038605197641819 0.049491432872331056 0.046084723986961042 -0.050037152951950138
leaf_weight=0.042079501843545586 0.005641272757202386 0.032058432974736206 0.30287202930776402 0.11734339169925079 0.15749327478988562 0.006049963994883 0.091757299844175577 0.059966433036606759 0.047284549655159935 0.18114639414125122
leaf_count=17 1 14 768 17 450 3 10 9 14 756
internal_value=-9.00064e-05 -0.00586572 -0.0116771 -0.000742665 -0.0184561 -0.0471159 0.0391747 0.0457803 0.048791 -0.0500431
internal_weight=1.04369 0.909856 0.817831 0.624993 0.460365 0.192838 0.133837 0.0920249 0.164628 0.187196
internal_count=2059 2032 2009 1249 1218 760 27 23 31 759
is_linear=0
shrinkage=0.05


Tree=152
num_leaves=15
num_cat=0
split_feature=18 16 26 2 21 22 15 0 29 0 25 19 28 0
split_gain=0.0920845 0.128027 0.120497 0.233742 0.111953 0.0445766 0.0631999 0.0386742 0.0238823 0.0209412 0.0157145 0.00577488 0.00765856 0.0126387
threshold=-2.3368196487426753 -0.75693422555923451 0.17840023338794711 -0.11834492534399031 0.17671180516481402 -0.39338180422782892 3.0282359123229985 -2.8689622879028316 0.15640980750322345 -5.2202017307281485 -0.51486578583717335 1.1741529107093813 1.152180075645447 -5.2202017307281485
decision_type=2 2 2 2 2 2 2 2 2 2 2 2 2 2
left_child=11 4 9 7 10 -6 -7 -4 -5 -3 -2 12 13 -1
right_child=1 2 3 8 5 6 -8 -9 -10 -11 -12 -13 -14 -15
leaf_value=0.050017041435104548 0.03948755622266293 0.050015874440341647 0.05003047254659701 0.013799244042906804 0.047124694812854445 -0.050027625031102411 0.050019273465351538 -0.050059940740571789 0.050023317033817585 -0.050051909490819772 -0.050032070586635072 0.050034795415603399 0.047356305116794395 -0.050033032962927784
leaf_weight=0.0057478640228509903 0.0054013298795325673 0.005354926921427249 0.010272115468978882 0.073095708561595529 0.18969380197813734 0.032452499086502939 0.030734884086996317 0.15963579090021085 0.12052815221250057 0.22093064901855541 0.053065852946019731 0.081035739276558161 0.015543969580903649 0.0070014513185014948
leaf_count=1 4 1 1 16 21 136 5 700 21 886 232 10 3 22
internal_value=-8.95186e-05 -0.0053468 -0.0190393 -0.00120913 0.0205923 0.0350088 -0.00136396 -0.0440088 0.0363482 -0.0476839 -0.041762 0.0432447 0.0237969 -0.00492675
internal_weight=1.01049 0.901166 0.589817 0.363532 0.311348 0.252881 0.0631874 0.169908 0.193624 0.226286 0.0584672 0.109329 0.0282933 0.0127493
internal_count=2059 2023 1625 738 398 162 141 701 37 887 236 36 26 23
is_linear=0
shrinkage=0.05


Tree=153
num_leaves=15
num_cat=0
split_feature=18 16 26 2 21 22 15 0 26 0 25 19 28 0
split_gain=0.0874884 0.121146 0.11507 0.220594 0.106094 0.0419753 0.0601162 0.0367859 0.0336474 0.0199189 0.0155225 0.00553541 0.00723069 0.012022
threshold=-2.3368196487426753 -0.75693422555923451 0.17840023338794711 -0.11834492534399031 0.17671180516481402 -0.39338180422782892 3.0282359123229985 -2.8689622879028316 0.46611730754375463 -5.2202017307281485 -0.5339989662170409 1.1741529107093813 1.152180075645447 -5.2202017307281485
decision_type=2 2 2 2 2 2 2 2 2 2 2 2 2 2
left_child=11 4 9 7 10 -6 -7 -4 -5 -3 -2 12 13 -1
right_child=1 2 3 8 5 6 -8 -9 -10 -11 -12 -13 -14 -15
leaf_value=0.050016207278736804 0.041801822427703299 0.050015097440875692 0.050028984031994933 0.0043802170545157995 0.046844438660468835 -0.050026277613787584 0.050018334845029239 -0.050057028147778709 0.050028150279343576 -0.050049384298762802 -0.050030459642076114 0.050033098104682067 0.047098233456861732 -0.05003142170904934
leaf_weight=0.005467626266181469 0.0050614119681995353 0.0050938408821821204 0.0097714215517044067 0.058830418740399182 0.18149515829281881 0.030870582544594072 0.029236461501568556 0.15185887522966368 0.12864365056157112 0.21016606960620265 0.050655114639084786 0.077086128760129213 0.014864896627841517 0.0066601956787053496
leaf_count=1 3 1 1 16 21 136 5 700 21 886 233 10 3 22
internal_value=-9.17566e-05 -0.00532195 -0.0189296 -0.00120095 0.0205077 0.0348509 -0.00136392 -0.0440063 0.0357036 -0.0476815 -0.0416882 0.0432097 0.0237235 -0.00492662
internal_weight=0.965762 0.861683 0.564364 0.349104 0.297319 0.241602 0.060107 0.16163 0.187474 0.21526 0.0557165 0.104079 0.0269927 0.0121278
internal_count=2059 2023 1625 738 398 162 141 701 37 887 236 36 26 23
is_linear=0
shrinkage=0.05


Tree=154
num_leaves=15
num_cat=0
split_feature=18 16 26 2 21 22 15 0 26 0 25 19 28 0
split_gain=0.0831159 0.114652 0.109852 0.208391 0.100521 0.0394893 0.057183 0.03499 0.0334201 0.0189465 0.0147603 0.00530959 0.00682197 0.0114354
threshold=-2.3368196487426753 -0.75693422555923451 0.17840023338794711 -0.11834492534399031 0.17671180516481402 -0.39338180422782892 3.0282359123229985 -2.8689622879028316 0.46611730754375463 -5.2202017307281485 -0.5339989662170409 1.1741529107093813 1.152180075645447 -5.2202017307281485
decision_type=2 2 2 2 2 2 2 2 2 2 2 2 2 2
left_child=11 4 9 7 10 -6 -7 -4 -5 -3 -2 12 13 -1
right_child=1 2 3 8 5 6 -8 -9 -10 -11 -12 -13 -14 -15
leaf_value=0.050015417447527188 0.041149083377578922 0.050014362471088161 0.050027568596102315 0.0041628906407467142 0.04654064266978631 -0.050024995412643075 0.050017438605266085 -0.050054257017136727 0.050026777553504154 -0.050046981531964352 -0.050028974158249022 0.050031483569180649 0.046817881680349754 -0.050029888032834369
leaf_weight=0.0052010472863912582 0.0048890294710872686 0.004845480900257825 0.0092951199039816856 0.058807228284422308 0.17374258831841871 0.029365740061621182 0.027811067644506693 0.14446042713097995 0.12237289850600064 0.19992550561437383 0.048186030508077238 0.073328901082277298 0.014222504862118512 0.0063355633174069226
leaf_count=1 3 1 1 16 21 136 5 700 21 886 233 10 3 22
internal_value=-9.32661e-05 -0.00529786 -0.0188296 -0.00119162 0.020418 0.0346792 -0.00136389 -0.0440039 0.0351403 -0.0476792 -0.0416301 0.0431716 0.0236434 -0.00492649
internal_weight=0.922789 0.823701 0.539707 0.334936 0.283994 0.230919 0.0571768 0.153756 0.18118 0.204771 0.0530751 0.099088 0.0257591 0.0115366
internal_count=2059 2023 1625 738 398 162 141 701 37 887 236 36 26 23
is_linear=0
shrinkage=0.05


Tree=155
num_leaves=15
num_cat=0
split_feature=18 16 26 2 21 5 22 15 0 25 19 28 0 25
split_gain=0.0789541 0.108472 0.104885 0.197193 0.095207 0.0729396 0.0371133 0.054393 0.0180217 0.0140367 0.00509684 0.0064315 0.0108774 0.00105807
threshold=-2.3368196487426753 -0.75693422555923451 0.17840023338794711 -0.030531420372426506 0.17671180516481402 0.53283074498176586 -0.39338180422782892 3.0282359123229985 -5.2202017307281485 -0.5339989662170409 1.1741529107093813 1.152180075645447 -5.2202017307281485 -0.93645247817039479
decision_type=2 2 2 2 2 2 2 2 2 2 2 2 2 2
left_child=10 4 8 5 9 -4 13 -8 -3 -2 11 12 -1 -6
right_child=1 2 3 -5 6 -7 7 -9 -10 -11 -12 -13 -14 -15
leaf_value=0.05001466409112261 0.040461249060442128 0.050013664046694842 -0.044828001435525761 0.047929598834725834 0.050036230118768427 0.042307406243439143 -0.050023776115564557 0.050016588047989176 -0.050044695467645034 -0.050027560909196633 0.050029949184818262 0.046513776783958724 -0.050028429708054628 0.042055619540967426
leaf_weight=0.0049474616535007954 0.0047276721306843674 0.0046092267148196689 0.16850183888891479 0.12494725082069635 0.08666759729385376 0.028008884182781912 0.027934219753660727 0.026455143932253122 0.19018349210818997 0.045837232013582252 0.069754694355651736 0.013615127769298851 0.0060267455119173974 0.079748272255528718
leaf_count=1 3 1 711 23 10 4 136 5 886 233 10 3 22 11
internal_value=-9.48771e-05 -0.0052725 -0.0187256 -0.00118195 0.0203205 -0.0324085 0.0344929 -0.00136385 -0.0476771 -0.0415671 0.0431299 0.0235561 -0.00492637 0.0462118
internal_weight=0.881965 0.787621 0.516251 0.321458 0.27137 0.196511 0.220805 0.0543894 0.194793 0.0505649 0.094344 0.0245893 0.0109742 0.166416
internal_count=2059 2023 1625 738 398 715 162 141 887 236 36 26 23 21
is_linear=0
shrinkage=0.05


Tree=156
num_leaves=15
num_cat=0
split_feature=12 13 22 19 25 0 12 2 3 3 20 13 22 4
split_gain=0.0751357 0.0853867 0.168355 0.151083 0.0963918 0.060096 0.0554986 0.0176231 0.0152343 0.0275351 0.0129071 0.00281544 0.00390494 0.00247382
threshold=-2.5617678165435787 -0.49640208482742304 -0.46743848919868464 0.27740173041820532 0.35594049096107488 -1.0279719233512876 3.0129573345184331 2.1820497512817387 0.17344053089618686 -2.305652260780334 2.0977985858917241 1.0761632919311526 1.2760896086692812 0.19073160737752917
decision_type=2 2 2 2 2 2 2 2 2 2 2 2 2 2
left_child=11 2 8 7 5 -5 10 13 9 -2 -4 12 -1 -3
right_child=1 3 6 4 -6 -7 -8 -9 -10 -11 -12 -13 -14 -15
leaf_value=0.016474572411369123 0.049433670819263642 -0.05005896783569095 -0.050034289834266513 0.046333169825185955 0.044752635317065685 -0.050063624759171123 0.050013316204565353 0.050013951326285583 0.0489334710779529 -0.050093434572710753 0.043418374767412005 0.050032749500399543 0.050016747899604211 -0.036748433377386397
leaf_weight=0.018865863530663773 0.017383616068400443 0.19618284155876609 0.097581630252534524 0.021528715988097247 0.10818419978022575 0.064933401663438417 0.017461155774071813 0.0047062365338206283 0.16672400680545252 0.011577722412766889 0.0038401492784032589 0.055316783720627427 0.016066634096205235 0.042462964367587119
leaf_count=17 4 893 526 10 34 298 4 1 25 40 3 7 3 194
internal_value=-9.51019e-05 -0.00526493 0.0146084 -0.0195379 0.013297 -0.0260612 -0.0323209 -0.0458011 0.043119 0.00964624 -0.0464959 0.0430148 0.0319018 -0.0476906
internal_weight=0.842816 0.752567 0.314568 0.437998 0.194646 0.0864621 0.118883 0.243352 0.195685 0.0289613 0.101422 0.0902493 0.0349325 0.238646
internal_count=2059 2032 602 1430 342 308 533 1088 69 44 529 27 20 1087
is_linear=0
shrinkage=0.05


Tree=157
num_leaves=15
num_cat=0
split_feature=18 16 26 2 21 5 22 15 0 25 19 28 0 28
split_gain=0.0719198 0.0975696 0.0958274 0.178667 0.0858021 0.0653816 0.033358 0.0612822 0.0163909 0.0122651 0.0045686 0.00586947 0.0098453 0.000524957
threshold=-2.3368196487426753 -0.75693422555923451 0.17840023338794711 -0.030531420372426506 0.17671180516481402 0.53283074498176586 -0.56056895852088917 3.0282359123229985 -5.2202017307281485 -0.51486578583717335 1.1741529107093813 1.152180075645447 -5.2202017307281485 0.52045980095863353
decision_type=2 2 2 2 2 2 2 2 2 2 2 2 2 2
left_child=10 4 8 5 9 -4 -6 -8 -3 -2 11 12 -1 -5
right_child=1 2 3 13 6 -7 7 -9 -10 -11 -12 -13 -14 -15
leaf_value=0.050013267398874454 0.036878931974462244 0.050012422615478981 -0.044361835110162839 0.050027745113462307 0.047794800695251105 0.041683345850380617 -0.050054816114809914 0.050018247078401072 -0.050040600597562518 -0.050025006274834465 0.050027114457829869 0.046258058410173601 -0.05002575155160504 0.042727638480058228
leaf_weight=0.0044767702929675579 0.0045017666270723558 0.0041926931589841834 0.15494318975834176 0.078586000017821789 0.13958808587631211 0.025745485298102722 0.02853280128329061 0.032981753814965487 0.17281930808530888 0.041380179303814657 0.063251943793147802 0.012818419112591073 0.0054577130795223638 0.035866033751517534
leaf_count=1 4 1 711 13 19 4 137 6 886 232 10 3 22 10
internal_value=-9.63362e-05 -0.00526423 -0.0185846 -0.00113998 0.0201998 -0.0321017 0.0342764 0.00360054 -0.0476708 -0.0414983 0.0431155 0.0239014 -0.00494523 0.0477401
internal_weight=0.805142 0.719137 0.472153 0.295141 0.246985 0.180689 0.201103 0.0615146 0.177012 0.0458819 0.0860048 0.0227529 0.00993448 0.114452
internal_count=2059 2023 1625 738 398 715 162 143 887 236 36 26 23 23
is_linear=0
shrinkage=0.05


Tree=158
num_leaves=15
num_cat=0
split_feature=18 13 19 7 1 15 4 0 9 4 19 19 10 18
split_gain=0.0690913 0.100798 0.127093 0.097613 0.0838046 0.0748691 0.0266471 0.0263976 0.0262804 0.0250471 0.0206147 0.0168254 0.0176067 0.0106873
threshold=-2.0296245813369747 -0.49640208482742304 -0.5887213647365569 0.1334551274776459 1.0000000180025095e-35 4.0896219015121469 -0.025074317120015618 -5.2202017307281485 -3.4889889955520625 -0.98136955499649037 0.79886409640312206 0.95775809884071361 -1.0067101120948789 -0.10724836587905882
decision_type=2 2 2 2 2 2 2 2 2 2 2 2 2 2
left_child=11 2 13 7 10 9 -6 -3 -9 -4 -5 12 -1 -2
right_child=1 3 5 4 6 -7 -8 8 -10 -11 -12 -13 -14 -15
leaf_value=0.048218114607032458 0.010803465624078197 0.050010856688178444 0.050009968618407841 -0.050040725219299802 -0.050020209570238131 0.050047932264737964 0.044620564539538464 0.05002007184868143 -0.050065567991993049 -0.050040130493931356 0.041313708284553718 0.050025641942013511 -0.050022414259865547 0.048969887497984498
leaf_weight=0.0086916507571004331 0.020910226281557698 0.0072540505789220324 0.0067242961376905433 0.051883622989407741 0.0081258981736027636 0.027813762426376343 0.087809195327281486 0.0067696785554289809 0.21060343891440425 0.089729756175074726 0.007009579465375281 0.076914099976420403 0.0095960925609688275 0.14933655291679315
leaf_count=3 55 2 2 313 55 3 52 1 986 493 7 12 48 27
internal_value=-9.5923e-05 -0.00572805 0.0162203 -0.0227633 0.00778239 -0.0222245 0.0366043 -0.0438174 -0.0469486 -0.0430651 -0.0391675 0.039776 -0.00333145 0.0442822
internal_weight=0.769172 0.67397 0.294515 0.379455 0.154828 0.124268 0.0959351 0.224627 0.217373 0.0964541 0.0588932 0.0952018 0.0182877 0.170247
internal_count=2059 1996 580 1416 427 498 107 989 987 495 320 63 51 82
is_linear=0
shrinkage=0.05


Tree=159
num_leaves=15
num_cat=0
split_feature=18 13 19 7 1 15 4 0 9 4 19 19 10 18
split_gain=0.0656781 0.0955733 0.120015 0.0929986 0.0791899 0.0712148 0.0251158 0.0251087 0.0249971 0.0238247 0.0195949 0.0160243 0.0167187 0.0108293
threshold=-2.0296245813369747 -0.49640208482742304 -0.5887213647365569 0.1334551274776459 1.0000000180025095e-35 4.0896219015121469 -0.025074317120015618 -5.2202017307281485 -3.4889889955520625 -0.98136955499649037 0.79886409640312206 0.95775809884071361 -1.0067101120948789 -0.10724836587905882
decision_type=2 2 2 2 2 2 2 2 2 2 2 2 2 2
left_child=11 2 13 7 10 9 -6 -3 -9 -4 -5 12 -1 -2
right_child=1 3 5 4 6 -7 -8 8 -10 -11 -12 -13 -14 -15
leaf_value=0.048039520168522976 0.010287282562416037 0.050010328402011819 0.050009484075390569 -0.050038744491406689 -0.050019224183263523 0.050045590708749213 0.044145653135921156 0.050019093902655791 -0.050062378805671284 -0.05003817998652163 0.040634791767869133 0.050024389466416574 -0.0500213207391784 0.048859928481918488
leaf_weight=0.0082977317943004891 0.020862722754827701 0.0069003375247120849 0.0063964088913053265 0.049355133131030016 0.0077297418392845421 0.026458475273102522 0.084402932210650761 0.0064396401867270461 0.20034462850890122 0.08535682729416294 0.0067763373517664141 0.073164740344509482 0.0091282801295164973 0.14236513501236914
leaf_count=3 55 2 2 313 55 3 52 1 986 493 7 12 48 27
internal_value=-9.80256e-05 -0.00571036 0.0161437 -0.0227034 0.0077232 -0.0222236 0.0362454 -0.0438147 -0.0469457 -0.0430635 -0.0390924 0.0397616 -0.00332776 0.0439298
internal_weight=0.733979 0.643388 0.28144 0.361949 0.148264 0.118212 0.0921327 0.213685 0.206784 0.0917532 0.0561315 0.0905908 0.017426 0.163228
internal_count=2059 1996 580 1416 427 498 107 989 987 495 320 63 51 82
is_linear=0
shrinkage=0.05


Tree=160
num_leaves=15
num_cat=0
split_feature=18 13 19 7 1 15 0 9 4 4 19 19 10 18
split_gain=0.0624302 0.0905977 0.113286 0.0886155 0.0747898 0.067739 0.0238828 0.0237765 0.023656 0.0226619 0.0186268 0.0152633 0.0158728 0.0109519
threshold=-2.0296245813369747 -0.49640208482742304 -0.5887213647365569 0.1334551274776459 1.0000000180025095e-35 4.0896219015121469 -5.2202017307281485 -3.4889889955520625 -0.025074317120015618 -0.98136955499649037 0.79886409640312206 0.95775809884071361 -1.0067101120948789 -0.10724836587905882
decision_type=2 2 2 2 2 2 2 2 2 2 2 2 2 2
left_child=11 2 13 6 10 9 -3 -8 -6 -4 -5 12 -1 -2
right_child=1 3 5 4 8 -7 7 -9 -10 -11 -12 -13 -14 -15
leaf_value=0.047844452304197774 0.0097936264936830855 0.050009823847882412 0.050009019330517913 -0.050036859586197094 -0.050018287036345359 0.050043366482309837 0.05001816065481534 -0.050059344402196074 0.043637643282629437 -0.050036324395857618 0.039921123784659507 0.050023200077052313 -0.050020280097555804 0.048739481140196439
leaf_weight=0.0079244331282097846 0.020819746619963553 0.0065638686064630738 0.0060845073312520972 0.046949778596172109 0.0073528922075638539 0.025169171160086989 0.0061256866902112952 0.19058496601792285 0.081197973107919097 0.081196861116040964 0.0065582013048697254 0.069598066853359342 0.0086832647139090113 0.13574831515870756
leaf_count=3 55 2 2 313 55 3 1 986 52 493 7 12 48 27
internal_value=-0.00010027 -0.00569147 0.016063 -0.0226384 0.0076595 -0.0222228 -0.0438122 -0.0469429 0.0358608 -0.043062 -0.0390112 0.0397458 -0.00332371 0.0435606
internal_weight=0.700558 0.614352 0.269019 0.345333 0.142059 0.112451 0.203275 0.196711 0.0885509 0.0872814 0.053508 0.0862058 0.0166077 0.156568
internal_count=2059 1996 580 1416 427 498 989 987 107 495 320 63 51 82
is_linear=0
shrinkage=0.05


Tree=161
num_leaves=15
num_cat=0
split_feature=18 16 26 2 21 22 15 26 19 9 0 25 5 26
split_gain=0.0593394 0.0858832 0.0730284 0.165847 0.0692309 0.0276459 0.0505371 0.0259986 0.0145404 0.0151311 0.0134173 0.0104648 3.44087e-08 3.33177e-08
threshold=-2.0296245813369747 -0.75693422555923451 0.17840023338794711 -0.11834492534399031 0.17671180516481402 -0.56056895852088917 3.0282359123229985 0.46611730754375463 0.95775809884071361 1.53794401884079 -5.2202017307281485 -0.5339989662170409 -0.50054186582565297 0.083943832665681853
decision_type=2 2 2 2 2 2 2 2 2 2 2 2 2 2
left_child=8 4 10 12 11 -6 -7 -5 9 -1 -3 -2 -4 -12
right_child=1 2 3 7 5 6 -8 -9 -10 -11 13 -13 -14 -15
leaf_value=-0.050019319446074718 0.039081808696116237 0.05001017365408731 -0.050017781103233155 0.0035234747768378076 0.047606728153294982 -0.050045342586436163 0.050014988365301633 0.050019172510918856 0.05002206811823362 0.047847798470933942 -0.050024578342261039 -0.050021116170764469 -0.050078145404666013 -0.05010060104416917
leaf_weight=0.0082766579143935814 0.0036548188072629264 0.0034328468609601251 0.067485700703400653 0.045602743804920465 0.11657427676254883 0.023633333985344507 0.027076698839664459 0.088241215329617262 0.066205188632011414 0.0075540847028605631 0.12499142847082112 0.033494770221295767 0.036308590912085492 0.016290511965053156
leaf_count=48 3 1 518 16 19 133 6 21 12 3 838 223 177 41
internal_value=-0.000102662 -0.00567129 -0.0196584 -0.00260614 0.0204888 0.0342006 0.00338202 0.0341774 0.0397286 -0.00331927 -0.0476602 -0.0412551 -0.0500389 -0.0500333
internal_weight=0.668823 0.586787 0.382353 0.237638 0.204434 0.167284 0.05071 0.133844 0.0820359 0.0158307 0.144715 0.0371496 0.103794 0.141282
internal_count=2059 1996 1612 732 384 158 139 37 63 51 880 226 695 879
is_linear=0
shrinkage=0.05


Tree=162
num_leaves=15
num_cat=0
split_feature=18 13 22 7 1 15 0 9 4 4 19 3 3 19
split_gain=0.0563912 0.0827191 0.102862 0.0809404 0.0673475 0.051789 0.0216188 0.0215671 0.021194 0.0204526 0.0168457 0.0150746 0.0232493 0.0138517
threshold=-2.0296245813369747 -0.49640208482742304 -0.46743848919868464 0.1334551274776459 1.0000000180025095e-35 3.0282359123229985 -5.2202017307281485 -3.4889889955520625 -0.025074317120015618 -1.3019831180572508 0.79886409640312206 0.17344053089618686 -2.305652260780334 0.95775809884071361
decision_type=2 2 2 2 2 2 2 2 2 2 2 2 2 2
left_child=13 2 11 6 10 9 -3 -8 -6 -4 -5 12 -2 -1
right_child=1 3 5 4 8 -7 7 -9 -10 -11 -12 -13 -14 -15
leaf_value=-0.0033148459223711884 0.049177052229281884 0.050008888965192948 0.050008162041810689 -0.050033440358523265 -0.050016546549275037 0.050011723204395675 0.050016472405966295 -0.050055564960277681 0.043117068257974851 -0.050027825682247867 0.039173111515984099 0.048628955131959382 -0.050063930951592651 0.050020991587592614
leaf_weight=0.015090072272869293 0.013368780120799784 0.0059393132105469695 0.0055055236443877211 0.04252064076717943 0.0066533050849102429 0.018687893403694034 0.0055563058704137793 0.17362436988332774 0.074611103969800752 0.071027320322173182 0.0060445128037827081 0.12689709886763012 0.010565812423010357 0.062977645080536604
leaf_count=51 4 2 2 313 55 5 1 986 52 498 7 26 45 12
internal_value=-0.000103675 -0.00564426 0.0160776 -0.0226143 0.00765284 -0.0246103 -0.0438415 -0.0469524 0.035492 -0.0428316 -0.0389306 0.0417641 0.00536759 0.0397115
internal_weight=0.63907 0.561002 0.246052 0.31495 0.12983 0.0952207 0.18512 0.179181 0.0812644 0.0765328 0.0485652 0.150832 0.0239346 0.0780677
internal_count=2059 1996 580 1416 427 505 989 987 107 500 320 75 49 63
is_linear=0
shrinkage=0.05


Tree=163
num_leaves=15
num_cat=0
split_feature=3 8 29 22 2 9 17 6 4 16 2 29 27 6
split_gain=0.0534735 0.0744615 0.103594 0.0782578 0.070207 0.0497282 0.0384941 0.0380862 0.00373798 0.00706101 1.30592e-07 7.547e-09 5.70917e-09 4.99341e-09
threshold=-2.305652260780334 -0.19989445805549619 -0.047297203913331025 -0.54004815220832814 -0.11834492534399031 0.64810574054718029 0.82752549648284923 8.5401630401611346 1.2074897289276125 -1.4723995327949522 -0.030531420372426506 0.51445269584655773 -2.5465446710586543 -2.2278333902359004
decision_type=2 2 2 2 2 2 2 2 2 2 2 2 2 2
left_child=8 7 3 5 6 -3 -4 12 9 -1 -5 -6 -2 -14
right_child=1 2 4 10 11 -7 -8 -9 -10 -11 -12 -13 13 -15
leaf_value=-0.050020785050905528 -0.050065334621147477 -0.028844229895117868 0.050020110441957089 -0.05015308960376539 0.050033815716246877 0.031804695943396376 -0.05006232388225032 0.050010591046677544 0.050014184614036075 0.037354915390781313 -0.050019546386593894 0.050010081245729948 -0.050060980806153857 -0.050011863073389978
leaf_weight=0.0027972724201390511 0.0058722502435557536 0.056800669619406108 0.013564315624535084 0.023749062303977553 0.055227512028068304 0.083460314112016931 0.032937406140263192 0.010468649212270975 0.048135783057659864 0.01333384132158244 0.079889130603987724 0.0851066370960325 0.00547841462685028 0.093246036347409245
leaf_count=18 9 176 2 37 7 52 220 3 11 16 605 27 17 859
internal_value=-0.000105777 -0.00518535 0.00435987 -0.0171015 0.032376 0.00724406 -0.0208688 -0.0409169 0.0430336 0.0222032 -0.0500501 0.0500194 -0.0500174 -0.0500146
internal_weight=0.610067 0.5458 0.430735 0.243899 0.186836 0.140261 0.0465017 0.115065 0.0642669 0.0161311 0.103638 0.140334 0.104597 0.0987245
internal_count=2059 2014 1126 870 256 228 222 888 45 34 642 34 885 876
is_linear=0
shrinkage=0.05


Tree=164
num_leaves=14
num_cat=0
split_feature=24 23 2 14 29 23 12 8 6 6 16 2 27
split_gain=0.0516012 0.0627059 0.096305 0.0876955 0.135366 0.0457731 0.0387461 4.82761e-08 1.1444e-08 2.21501e-08 9.39997e-09 5.53751e-09 2.95319e-09
threshold=2.7334507703781132 -0.54963782429695118 0.7739856243133546 0.70246839523315441 0.52170222997665416 0.20639514178037646 5.5209815502166757 0.81680306792259227 -1.2527622580528257 -1.2683674693107603 2.1640666723251347 1.1072260141372683 -2.5465446710586543
decision_type=2 2 2 2 2 2 2 2 2 2 2 2 2
left_child=1 6 3 4 -3 10 8 -5 9 -1 -4 -7 -10
right_child=-2 2 5 7 -6 11 -8 -9 12 -11 -12 -13 -14
leaf_value=-0.050038908845200042 0.04723091177513844 0.043643679811757818 -0.050014817282361769 -0.050094862406487042 -0.038984623369715192 0.050030429375073515 0.050010853992140461 -0.050023548375201565 -0.050059501204994986 -0.050194110056384515 -0.050139349720687579 0.050008279848997597 -0.05001646442384719
leaf_weight=0.0138940974502475 0.052410779069759883 0.11256391503411578 0.010934966150671244 0.060970322258071974 0.088566382008139044 0.049717211397364736 0.010802800534293056 0.038854595106386114 0.0042190895183011881 0.00275472937937593 0.0017590726638445639 0.065254227491095662 0.072191007006040309
leaf_count=78 16 82 87 273 624 7 3 233 7 5 2 24 618
internal_value=-0.000106425 -0.00476571 0.00368052 -0.0117558 0.00725886 0.0400697 -0.0396219 -0.0500671 -0.050027 -0.0500646 -0.0500321 0.0500179 -0.0500188
internal_weight=0.584893 0.532482 0.428621 0.300955 0.20113 0.127665 0.103862 0.0998249 0.0930589 0.0166488 0.012694 0.114971 0.0764101
internal_count=2059 2043 1332 1212 706 120 711 506 708 83 89 31 625
is_linear=0
shrinkage=0.05


Tree=165
num_leaves=15
num_cat=0
split_feature=12 13 22 19 25 0 12 0 3 3 20 13 13 4
split_gain=0.0493713 0.0557989 0.112151 0.0975489 0.063408 0.0390422 0.035672 0.012012 0.0101988 0.0182784 0.00824215 0.00214356 0.00248728 0.00201705
threshold=-2.5617678165435787 -0.49640208482742304 -0.46743848919868464 0.27740173041820532 0.35594049096107488 -1.0279719233512876 3.0129573345184331 -5.2202017307281485 0.17344053089618686 -2.305652260780334 2.0977985858917241 1.0761632919311526 -0.23985177278518674 0.19073160737752917
decision_type=2 2 2 2 2 2 2 2 2 2 2 2 2 2
left_child=11 2 8 7 5 -5 10 -3 9 -2 -4 12 -1 -9
right_child=1 3 6 4 -6 -7 -8 13 -10 -11 -12 -13 -14 -15
leaf_value=0.01406858320144133 0.049095672787211463 0.050009578214880494 -0.050023155892815176 0.045656751344039778 0.044152916294727521 -0.050042728180259614 0.050008504633689256 -0.050039916724438499 0.048712771472943603 -0.05006508632401422 0.042244616730099036 0.050021723101429119 0.046353987086192289 -0.035418787405185184
leaf_weight=0.011515977559611201 0.011602613936702255 0.0032317957375198594 0.064693589236412663 0.014161065621010493 0.071943472015846055 0.043076576323073823 0.011146511416882277 0.12903010228910716 0.11091519547335338 0.0077523955333163022 0.0025144360333797513 0.036843511508777738 0.012377386199659668 0.028865035732451361
leaf_count=15 4 1 526 10 34 298 4 893 25 40 3 7 5 194
internal_value=-0.000105975 -0.00528737 0.0144372 -0.0194621 0.0129074 -0.0263659 -0.032832 -0.0454139 0.0428686 0.00937813 -0.0465712 0.0424574 0.0307933 -0.047367
internal_weight=0.55967 0.498933 0.208625 0.290308 0.129181 0.0572376 0.0783545 0.161127 0.13027 0.019355 0.067208 0.0607369 0.0238934 0.157895
internal_count=2059 2032 602 1430 342 308 533 1088 69 44 529 27 20 1087
is_linear=0
shrinkage=0.05


Tree=166
num_leaves=14
num_cat=0
split_feature=21 23 2 14 8 23 6 8 6 6 16 2 27
split_gain=0.047014 0.0661933 0.0859519 0.0734073 0.102742 0.0405209 0.0237201 3.65624e-08 8.70185e-09 1.72909e-08 6.99537e-09 4.12093e-09 2.31274e-09
threshold=3.0112737417221074 -0.54963782429695118 0.7739856243133546 0.78977537155151378 0.17642804235219958 0.20639514178037646 8.5401630401611346 0.81680306792259227 -1.2527622580528257 -1.2683674693107603 2.1640666723251347 1.1072260141372683 -2.5465446710586543
decision_type=2 2 2 2 2 2 2 2 2 2 2 2 2
left_child=1 6 3 4 -3 10 8 -5 9 -1 -4 -7 -10
right_child=-2 2 5 7 -6 11 -8 -9 12 -11 -12 -13 -14
leaf_value=-0.050035184108210146 0.048110577858274071 -0.027895916019313894 -0.050012917003848828 -0.050090326389931453 0.044342864470585268 0.050027548988282759 0.050009671033889647 -0.050021695939527072 -0.050054824772987352 -0.050178556722456941 -0.050126069098902104 0.050007544360011848 -0.050015083600293359
leaf_weight=0.012591055143275298 0.04618812607077416 0.10544130191556178 0.0096100404916796833 0.052942677801183891 0.092312535423843656 0.04539730423130095 0.0063702587503939858 0.030635854367574211 0.0038759614690206936 0.0025245909273508014 0.0015922323800623426 0.059465577593073249 0.065971045525657246
leaf_count=78 14 717 86 248 52 7 2 198 7 5 2 24 619
internal_value=-0.000107437 -0.00466435 0.00415718 -0.0107785 0.00582553 0.0403601 -0.0430476 -0.0500652 -0.0500247 -0.0500591 -0.050029 0.0500162 -0.0500173
internal_weight=0.534919 0.48873 0.397398 0.281332 0.197754 0.116065 0.0913329 0.0835785 0.0849627 0.0151156 0.0112023 0.104863 0.069847
internal_count=2059 2045 1334 1215 769 119 711 446 709 83 88 31 626
is_linear=0
shrinkage=0.05


Tree=167
num_leaves=15
num_cat=0
split_feature=18 16 26 2 21 22 15 26 19 10 0 25 5 26
split_gain=0.0459291 0.0654665 0.0550296 0.125904 0.0530712 0.0207692 0.0381418 0.0201903 0.0116734 0.0120086 0.0108593 0.00776512 1.52951e-08 1.50377e-08
threshold=-2.0296245813369747 -0.75693422555923451 0.17840023338794711 -0.11834492534399031 0.17671180516481402 -0.56056895852088917 3.0282359123229985 0.46611730754375463 0.95775809884071361 -1.0067101120948789 -5.2202017307281485 -0.5339989662170409 -0.50054186582565297 0.083943832665681853
decision_type=2 2 2 2 2 2 2 2 2 2 2 2 2 2
left_child=8 4 10 12 11 -6 -7 -5 9 -1 -3 -2 -4 -12
right_child=1 2 3 7 5 6 -8 -9 -10 -11 13 -13 -14 -15
leaf_value=0.047673785567549552 0.037977052919320305 0.050008248989627226 -0.050013819124586002 0.0037094212333154161 0.047374304103918685 -0.05003499589964288 0.050011331168510122 0.050014533413825835 0.050017194684006151 -0.050015636835430859 -0.050018773637482097 -0.050016550176643131 -0.050059916538808091 -0.050077371503106871
leaf_weight=0.005988607692415826 0.0027791631582658729 0.0027830197941511861 0.052210501155059319 0.036388879991136491 0.089337594341486692 0.017851345826784382 0.020428627962246537 0.066675171256065369 0.0515500174369663 0.0066270679599256255 0.095456494967947947 0.025619076732255053 0.027457858974230476 0.012367053881462198
leaf_count=3 3 1 518 16 19 133 6 21 12 48 838 223 177 41
internal_value=-0.000104094 -0.00575466 -0.0196729 -0.00282421 0.0204142 0.0341707 0.00335609 0.0336656 0.039467 -0.00364288 -0.0475085 -0.0414052 -0.0500297 -0.0500255
internal_weight=0.51352 0.449355 0.293339 0.182732 0.156016 0.127618 0.03828 0.103064 0.0641657 0.0126157 0.110607 0.0283982 0.0796684 0.107824
internal_count=2059 1996 1612 732 384 158 139 37 63 51 880 226 695 879
is_linear=0
shrinkage=0.05


Tree=168
num_leaves=15
num_cat=0
split_feature=18 13 19 7 1 15 0 9 8 4 19 19 9 10
split_gain=0.0436443 0.0627109 0.0785728 0.061365 0.0510882 0.0467338 0.0169091 0.0173823 0.0162473 0.0152763 0.0125294 0.0111214 0.0114494 0.00838407
threshold=-2.0296245813369747 -0.49640208482742304 -0.5887213647365569 0.1334551274776459 1.0000000180025095e-35 4.0896219015121469 -5.2202017307281485 -3.4889889955520625 -0.13283141702413556 -0.98136955499649037 0.79886409640312206 0.95775809884071361 1.53794401884079 -0.17042552679777143
decision_type=2 2 2 2 2 2 2 2 2 2 2 2 2 2
left_child=11 2 13 6 10 9 -3 -8 -6 -4 -5 12 -1 -2
right_child=1 3 5 4 8 -7 7 -9 -10 -11 -12 -13 -14 -15
leaf_value=-0.050014900319804927 0.050024396955480735 0.050007037020907912 0.050006070744549408 -0.050025173248782008 -0.050013068113830023 0.050030100101743191 0.050013299867955378 -0.050043846095806289 0.042537448866286388 -0.050026889463628599 0.038057134255500835 0.05001635598307172 0.047678276580814201 0.015143342513013728
leaf_weight=0.0063175686300382949 0.088360235095024109 0.0046652015298604957 0.0040941718034446231 0.032450918490212644 0.0051662996993400148 0.017270406009629369 0.0044868486002087584 0.1331894601789827 0.057739961936022155 0.056284693288034759 0.0046109692193567744 0.049036695389077067 0.0057096142118098214 0.021399384924734477
leaf_count=48 16 2 2 313 48 3 1 986 59 493 7 12 3 66
internal_value=-0.000105204 -0.00572589 0.0159931 -0.022524 0.00750085 -0.0224983 -0.0436107 -0.046783 0.0349366 -0.0432439 -0.0390666 0.0394487 -0.00363743 0.0432238
internal_weight=0.490782 0.429719 0.187409 0.24231 0.0999681 0.0776493 0.142342 0.137676 0.0629063 0.0603789 0.0370619 0.0610639 0.0120272 0.10976
internal_count=2059 1996 580 1416 427 498 989 987 107 495 320 63 51 82
is_linear=0
shrinkage=0.05


Tree=169
num_leaves=15
num_cat=0
split_feature=3 8 29 22 2 9 6 17 4 16 2 29 27 6
split_gain=0.0415796 0.0575202 0.079793 0.0592261 0.0532821 0.0362078 0.0291323 0.0289703 0.0031466 0.00534811 6.50739e-08 3.52136e-09 2.39229e-09 2.40011e-09
threshold=-2.305652260780334 -0.19989445805549619 -0.047297203913331025 -0.54004815220832814 -0.11834492534399031 0.64810574054718029 8.5401630401611346 0.82752549648284923 1.2074897289276125 -1.4723995327949522 -0.030531420372426506 0.51445269584655773 -2.5465446710586543 -2.2278333902359004
decision_type=2 2 2 2 2 2 2 2 2 2 2 2 2 2
left_child=8 6 3 5 7 -3 12 -4 9 -1 -5 -6 -2 -14
right_child=1 2 4 10 11 -7 -8 -9 -10 -11 -12 -13 13 -15
leaf_value=-0.050016656664351934 -0.050049323488552705 -0.027921727073232441 0.050015116044919962 -0.050122007446784349 0.050026361958172852 0.030924049383756508 0.050008053264972166 -0.050047416516551535 0.050011272500938543 0.036182056945428608 -0.050014891173309053 0.050007846422703263 -0.050047885485233937 -0.050009297105019418
leaf_weight=0.0021845785449841068 0.0044114380143582812 0.044161186677229125 0.010198247618973255 0.01852491849422222 0.042474746471270919 0.06405879370868206 0.0080012120306491852 0.024882292487745872 0.037880804156884551 0.010206936145550571 0.060433866718085483 0.064939662581309676 0.0042681716040533493 0.072078259941918077
leaf_count=18 9 176 2 37 7 52 3 220 11 16 605 27 17 859
internal_value=-0.000107589 -0.00526951 0.00434952 -0.017113 0.0325424 0.00691093 -0.0409971 -0.0209583 0.0428568 0.0209855 -0.05004 0.0500152 -0.0500135 -0.0500115
internal_weight=0.468705 0.418433 0.329674 0.187179 0.142495 0.10822 0.0887591 0.0350805 0.0502723 0.0123915 0.0789588 0.107414 0.0807579 0.0763464
internal_count=2059 2014 1126 870 256 228 888 222 45 34 642 34 885 876
is_linear=0
shrinkage=0.05


Tree=170
num_leaves=15
num_cat=0
split_feature=12 10 16 19 26 25 15 5 4 0 0 13 4 0
split_gain=0.0401434 0.0447245 0.0789099 0.0667769 0.0390353 0.0377136 0.0301768 0.0248001 0.023536 0.00981075 0.00796125 0.00280732 0.00197528 0.00112
threshold=-2.5617678165435787 -0.46427957713603968 -0.45314045250415796 0.27740173041820532 0.50051248073577892 0.58695566654205333 -0.7622447907924651 -0.32577909529209131 2.2298746109008794 -5.2202017307281485 -1.9613775014877317 0.63527229428291332 0.19073160737752917 -0.092948574572801576
decision_type=2 2 2 2 2 2 2 2 2 2 2 2 2 2
left_child=11 2 6 8 10 9 -2 -6 12 -4 -5 -1 -3 -8
right_child=1 3 5 4 7 -7 13 -9 -10 -11 -12 -13 -14 -15
leaf_value=0.024184406196991162 -0.050011425730297612 -0.050030048932602822 0.050007600614822123 0.050006521159392851 -0.050009198115947201 0.044161332760121991 0.036981104867364389 0.048804073062934522 0.045995921409790815 -0.050032684347218553 -0.050064588898527843 0.050017046246291302 -0.034024947636239124 0.050022331485061799
leaf_weight=0.015078504118719138 0.0086403558525489643 0.10502843795984518 0.0025639932136982671 0.0021993585396558038 0.0072429196188750202 0.014652345391368726 0.020713020319817588 0.051497121057764161 0.0071685819420963517 0.055469143077061744 0.020631164050428197 0.034765650285407901 0.02361137356274412 0.080244337674230337
leaf_count=19 83 930 1 1 85 16 35 29 3 471 154 8 208 16
internal_value=-0.00010821 -0.005385 0.0128805 -0.0207015 0.0150563 -0.0275156 0.0396713 0.0366199 -0.0421787 -0.0456128 -0.0404243 0.0422023 -0.0470924 0.0473467
internal_weight=0.449506 0.399662 0.182283 0.217379 0.0815706 0.0726855 0.109598 0.05874 0.135808 0.0580331 0.0228305 0.0498442 0.12864 0.100957
internal_count=2059 2032 622 1410 269 488 134 114 1141 472 155 27 1138 51
is_linear=0
shrinkage=0.05


Tree=171
num_leaves=14
num_cat=0
split_feature=21 23 2 14 29 23 6 8 6 6 16 2 27
split_gain=0.038364 0.0528868 0.0682933 0.0587746 0.0810453 0.0322777 0.0185624 2.00095e-08 4.95385e-09 8.984e-09 3.52224e-09 2.09903e-09 1.07977e-09
threshold=3.0112737417221074 -0.54963782429695118 0.7739856243133546 0.78977537155151378 0.52170222997665416 0.20639514178037646 8.5401630401611346 0.81680306792259227 -1.2527622580528257 -1.2683674693107603 2.1640666723251347 1.1072260141372683 -2.5465446710586543
decision_type=2 2 2 2 2 2 2 2 2 2 2 2 2
left_child=1 6 3 4 -3 10 8 -5 9 -1 -4 -7 -10
right_child=-2 2 5 7 -6 11 -8 -9 12 -11 -12 -13 -14
leaf_value=-0.050029911463819778 0.047942786276110941 0.037492328758481019 -0.050010420974557268 -0.05007449711287551 -0.034215676419426654 0.050021942512823193 0.050007562845977307 -0.050017728575376452 -0.050042933744305157 -0.050144905581217258 -0.050100365555363957 0.050005936792110572 -0.050012245165452267
leaf_weight=0.010208579929894768 0.037875221983995289 0.089032317620876711 0.007659934759431053 0.042490599753364222 0.070687831386749167 0.036429737694561481 0.004978114739060401 0.024456990118778776 0.0030314354517031452 0.0020374582963995644 0.0012687346898019314 0.046796205686405301 0.052611607901781099
leaf_count=78 14 133 86 248 636 7 2 198 7 5 2 24 619
internal_value=-0.000109157 -0.00475564 0.0040278 -0.0107275 0.0057563 0.0403206 -0.0431866 -0.0500538 -0.0500203 -0.050049 -0.0500232 0.0500129 -0.0500139
internal_weight=0.429565 0.39169 0.318822 0.226668 0.15972 0.0921546 0.0728672 0.0669476 0.0678891 0.012246 0.00892867 0.0832259 0.055643
internal_count=2059 2045 1334 1215 769 119 711 446 709 83 88 31 626
is_linear=0
shrinkage=0.05


Tree=172
num_leaves=12
num_cat=0
split_feature=24 18 11 29 2 23 19 0 27 6 18
split_gain=0.0367836 0.0453555 0.0584046 0.0687957 0.0634191 0.0393703 0.00517408 0.0112617 1.69436e-09 1.24589e-09 1.47753e-11
threshold=2.7334507703781132 -2.0296245813369747 -0.11475689336657523 -0.047297203913331025 -0.23550640046596524 0.56597870588302623 1.1042366027832033 -5.2202017307281485 -2.5465446710586543 -2.2278333902359004 -2.3368196487426753
decision_type=2 2 2 2 2 2 2 2 2 2 2
left_child=1 6 8 5 -5 -4 7 -1 -3 -10 -9
right_child=-2 2 3 4 -6 -7 -8 10 9 -11 -12
leaf_value=0.050012527402705287 0.047017001099909639 -0.050044656548877166 -0.044479020477131814 -0.035749068849911317 0.046848433779748205 0.016024137467815235 0.050013658102620207 -0.050013996026377794 -0.050040535645066289 -0.050009657160964976 -0.050008232126935004
leaf_weight=0.0074138387572020292 0.037629591941367835 0.0039788519206922493 0.087596750887314556 0.030875030759489164 0.093971030379179865 0.038795946660684422 0.03602855815552175 0.0025842961185844615 0.003430895525525556 0.068254570211138343 0.0019513840343279298
leaf_count=2 16 9 663 318 36 54 11 20 17 889 24
internal_value=-0.00010908 -0.00483947 -0.0115022 9.59084e-05 0.0264217 -0.0259077 0.0405575 0.0120464 -0.0500129 -0.0500111 -0.0500115
internal_weight=0.412511 0.374881 0.326903 0.251239 0.124846 0.126393 0.0479781 0.0119495 0.0756643 0.0716855 0.00453568
internal_count=2059 2043 1986 1071 354 717 57 46 915 906 44
is_linear=0
shrinkage=0.05


Tree=173
num_leaves=14
num_cat=0
split_feature=27 8 29 11 20 2 17 3 0 28 8 2 6
split_gain=0.0350686 0.044477 0.0792076 0.0485804 0.0580064 0.045488 0.0249967 0.0171335 0.00736151 0.00455893 4.25276e-08 2.04153e-09 1.33753e-09
threshold=-2.5465446710586543 -0.19989445805549619 -0.047297203913331025 0.64637875556945812 -0.32636012136936182 -0.11834492534399031 0.82752549648284923 -3.9537028074264522 -5.2202017307281485 1.0897614955902102 0.81680306792259227 0.36878669261932379 -2.2278333902359004
decision_type=2 2 2 2 2 2 2 2 2 2 2 2 2
left_child=9 7 3 4 -3 6 -4 -2 -9 -1 -5 -7 -10
right_child=1 2 5 10 -6 11 -8 8 12 -11 -12 -13 -14
leaf_value=0.018015866732687218 0.050007257473546764 -0.037121781328001716 0.050013121365357717 -0.050097127184540402 0.049859198493431907 0.050021731039092021 -0.050040948943629919 0.050005608534244052 -0.050039669129754882 0.05001508915613067 -0.050016079637456134 0.050006633327571763 -0.050008083447832231
leaf_weight=0.016832609660923481 0.0048603473696857682 0.037919728303677402 0.0088438047096133232 0.024063959092018194 0.038759753515478224 0.036543984664604068 0.021221961676928913 0.0018930217484012237 0.0035435351201158474 0.032859271392226219 0.049438656165875727 0.057815175037831068 0.061908731207950041
leaf_count=18 2 355 2 46 6 7 223 1 17 9 474 29 870
internal_value=-0.000107773 -0.00573637 0.00344527 -0.020997 0.00684515 0.0329474 -0.0206102 -0.0406553 -0.0471984 0.0391757 -0.0500426 0.0500125 -0.0500098
internal_weight=0.396505 0.346813 0.274607 0.150182 0.0766795 0.124425 0.0300658 0.0722056 0.0673453 0.0496919 0.0735026 0.0943592 0.0654523
internal_count=2059 2032 1142 881 361 261 225 890 888 27 520 36 887
is_linear=0
shrinkage=0.05


Tree=174
num_leaves=14
num_cat=0
split_feature=21 23 2 14 8 23 6 8 6 6 16 2 27
split_gain=0.0336998 0.0460266 0.0601134 0.0518732 0.0702291 0.0279628 0.0162721 1.40237e-08 3.30834e-09 6.0576e-09 2.28375e-09 1.4912e-09 8.79609e-10
threshold=3.0112737417221074 -0.54963782429695118 0.7739856243133546 0.78977537155151378 0.17642804235219958 0.20639514178037646 8.5401630401611346 0.81680306792259227 -1.2527622580528257 -1.2683674693107603 2.1640666723251347 1.1072260141372683 -2.5465446710586543
decision_type=2 2 2 2 2 2 2 2 2 2 2 2 2
left_child=1 6 3 4 -3 10 8 -5 9 -1 -4 -7 -10
right_child=-2 2 5 7 -6 11 -8 -9 12 -11 -12 -13 -14
leaf_value=-0.050026217591193273 0.04777907627248118 -0.027072861104206526 -0.050009018442872803 -0.050066567924759588 0.043451347720051506 0.050019581284191927 0.05000666812446021 -0.050015972541956326 -0.050039581186588272 -0.050127118934929576 -0.050086855515161725 0.050005175745915377 -0.050010689050989071
leaf_weight=0.0089020514860749245 0.03349281421105843 0.075973921815602807 0.0066288802772760383 0.037568442065094132 0.065937807528825942 0.032186606549657881 0.0043654930777847758 0.02155255065736128 0.0027951486699748776 0.0017858684805105449 0.0010985202534357086 0.040656268363818526 0.045787466569890967
leaf_count=78 14 717 86 248 52 7 2 198 7 5 2 24 619
internal_value=-0.000106165 -0.00475168 0.00392687 -0.010698 0.00569548 0.0404176 -0.0431561 -0.0500481 -0.0500179 -0.0500431 -0.0500201 0.0500115 -0.0500124
internal_weight=0.378732 0.345239 0.281603 0.201033 0.141912 0.0805703 0.063636 0.059121 0.0592705 0.0106879 0.0077274 0.0728429 0.0485826
internal_count=2059 2045 1334 1215 769 119 711 446 709 83 88 31 626
is_linear=0
shrinkage=0.05


Tree=175
num_leaves=15
num_cat=0
split_feature=18 16 21 26 2 26 22 15 0 19 10 25 6 5
split_gain=0.0326332 0.0464602 0.0378427 0.0374802 0.0879476 0.0145738 0.0143221 0.0218292 0.00876601 0.00835937 0.00834681 0.00610675 0.000915294 5.87412e-09
threshold=-2.0296245813369747 -0.75693422555923451 0.17671180516481402 0.17840023338794711 -0.11834492534399031 0.46611730754375463 -0.39338180422782892 3.0282359123229985 -5.2202017307281485 0.95775809884071361 -1.0067101120948789 -0.82343682646751393 0.14134894311428073 -0.50054186582565297
decision_type=2 2 2 2 2 2 2 2 2 2 2 2 2 2
left_child=9 2 11 8 13 -6 12 -8 -3 10 -1 -2 -4 -5
right_child=1 3 6 4 5 -7 7 -9 -10 -11 -12 -13 -14 -15
leaf_value=0.047507360898235318 0.050004932378805211 0.050006683426648636 0.038277767434952481 -0.050010027177859531 0.0035790530117932131 0.050010220528572437 -0.050010071667900648 0.050006794539606159 -0.05001799794375425 0.050012224749274498 -0.050011165333950058 -0.050012080318668328 0.050015670340126619 -0.050043831132036198
leaf_weight=0.0041361341427545995 0.0016639598179608575 0.0022556968033313743 0.027869798737810925 0.036832385456364136 0.026618694828357548 0.046289782738313079 0.011177094020240474 0.01065713563002646 0.075693380320444703 0.036682767909951508 0.0046736610202060547 0.018429836694849655 0.041100699920207262 0.019738289196538972
leaf_count=3 1 1 10 518 16 21 132 5 879 12 48 225 11 177
internal_value=-0.000103054 -0.00576402 0.0203603 -0.019731 -0.00324018 0.0330583 0.0340999 -0.00119253 -0.0471235 0.0395086 -0.00422693 -0.0417297 0.0452726 -0.0500218
internal_weight=0.363819 0.318327 0.110899 0.207428 0.129479 0.0729085 0.0908047 0.0218342 0.0779491 0.0454926 0.0088098 0.0200938 0.0689705 0.0565707
internal_count=2059 1996 384 1612 732 37 158 137 880 63 51 226 21 695
is_linear=0
shrinkage=0.05


Tree=176
num_leaves=15
num_cat=0
split_feature=3 8 29 22 2 9 6 17 4 11 2 29 27 6
split_gain=0.0310187 0.0421537 0.0581073 0.0437047 0.0391424 0.0252739 0.0221367 0.021768 0.00240711 0.00505015 2.79502e-08 1.43523e-09 1.11874e-09 1.02615e-09
threshold=-2.305652260780334 -0.19989445805549619 -0.047297203913331025 -0.54004815220832814 -0.11834492534399031 0.64810574054718029 8.5401630401611346 0.82752549648284923 1.2074897289276125 1.1885013580322268 -0.030531420372426506 0.51445269584655773 -2.5465446710586543 -2.2278333902359004
decision_type=2 2 2 2 2 2 2 2 2 2 2 2 2 2
left_child=8 6 3 5 7 -3 12 -4 9 -1 -5 -6 -2 -14
right_child=1 2 4 10 11 -7 -8 -9 -10 -11 -12 -13 13 -15
leaf_value=-0.050011777134609636 -0.050038188866387362 -0.026470043629148284 0.050011430040696608 -0.050092261942011586 0.050019696777454249 0.030042803848386132 0.050006147540623207 -0.050036316905111525 0.050008538944305098 0.040243082324073455 -0.050011039660444706 0.050005900844922284 -0.050036194436705296 -0.050006981485469094
leaf_weight=0.0019873819037456997 0.003393413790035992 0.033674461501504993 0.007705994648858904 0.01394378233817406 0.031287746969610453 0.047963133234588895 0.0060957859968766561 0.018463073673046893 0.028442115988582373 0.0070408231076726224 0.044062649867555592 0.047431464539840817 0.003185821438819402 0.053276060709322337
leaf_count=22 9 176 2 37 7 52 3 220 11 12 605 27 17 859
internal_value=-0.000104456 -0.00529061 0.00427718 -0.0168465 0.0324004 0.00673198 -0.0407659 -0.0205753 0.0428686 0.0203752 -0.0500306 0.0500114 -0.0500103 -0.0500086
internal_weight=0.347954 0.310483 0.244532 0.139644 0.104888 0.0816376 0.0659511 0.0261691 0.0374703 0.00902821 0.0580064 0.0787192 0.0598553 0.0564619
internal_count=2059 2014 1126 870 256 228 888 222 45 34 642 34 885 876
is_linear=0
shrinkage=0.05


Tree=177
num_leaves=15
num_cat=0
split_feature=12 10 16 19 26 25 15 5 4 0 0 13 4 0
split_gain=0.0302885 0.0336175 0.0580863 0.0477612 0.0288814 0.0285389 0.0217071 0.0182702 0.0174055 0.00700917 0.00563657 0.00229892 0.00167815 0.000932423
threshold=-2.5617678165435787 -0.46427957713603968 -0.45314045250415796 0.27740173041820532 0.50051248073577892 0.58695566654205333 -0.7622447907924651 -0.32577909529209131 2.2298746109008794 -5.2202017307281485 -1.9613775014877317 0.63527229428291332 0.19073160737752917 -0.092948574572801576
decision_type=2 2 2 2 2 2 2 2 2 2 2 2 2 2
left_child=11 2 6 8 10 9 -2 -6 12 -4 -5 -1 -3 -8
right_child=1 3 5 4 7 -7 13 -9 -10 -11 -12 -13 -14 -15
leaf_value=0.023137044857708219 -0.050008238461046163 -0.050023262014104813 0.050005422438481474 0.05000459309632236 -0.050006864877228364 0.043789640244875208 0.036163329187569752 0.048699415032143457 0.045001405315759108 -0.050025540952940165 -0.050049025619688298 0.050012927789759298 -0.033055006126268612 0.050016821821184401
leaf_weight=0.011358847870724276 0.006223209795280126 0.077701515703665791 0.0018291743472218505 0.0015498906141147009 0.0053585762907459858 0.011223526056710398 0.015265563921275316 0.03746543022498372 0.0054527909087482831 0.041085691413172754 0.015336163105530431 0.026566231972537935 0.017934470470208907 0.059437013464048505
leaf_count=19 83 930 1 1 85 16 35 29 3 471 154 8 208 16
internal_value=-0.000104968 -0.00549748 0.0128924 -0.0209442 0.0145121 -0.0271968 0.0397116 0.0363483 -0.0418872 -0.0457619 -0.0408656 0.0419634 -0.0468412 0.0471858
internal_weight=0.333788 0.295863 0.135064 0.160799 0.0597101 0.0541384 0.0809258 0.042824 0.101089 0.0429149 0.0168861 0.0379251 0.095636 0.0747026
internal_count=2059 2032 622 1410 269 488 134 114 1141 472 155 27 1138 51
is_linear=0
shrinkage=0.05


Tree=178
num_leaves=12
num_cat=0
split_feature=24 18 11 29 2 5 13 1 27 6 15
split_gain=0.0287258 0.0352493 0.0442287 0.0520443 0.0481186 0.0305098 0.00386212 0.00645817 8.96651e-10 5.82788e-10 5.26482e-12
threshold=2.7334507703781132 -2.0296245813369747 -0.11475689336657523 -0.047297203913331025 -0.11834492534399031 0.1841763108968735 0.24490007758140567 1.6049435734748843 -2.5465446710586543 -2.2278333902359004 -0.82332876324653614
decision_type=2 2 2 2 2 2 2 2 2 2 2
left_child=1 6 8 5 -5 -4 7 10 -3 -10 -1
right_child=-2 2 3 4 -6 -7 -8 -9 9 -11 -12
leaf_value=-0.050011577812057131 0.046824404873696053 -0.050035901341767275 0.050016844758095771 -0.02659782433378699 0.050010475812522229 -0.035737177136315371 0.048162936250330551 0.050005425352048022 -0.050031581515685264 -0.050007452196592667 -0.05000714630527503
leaf_weight=0.0010557788191363207 0.02958332024718402 0.00318654766306281 0.011768863070756197 0.029772321831842419 0.065797614981420338 0.087398947936890181 0.03045630146516487 0.0036542383022606373 0.0026291083740943568 0.051932388447312405 0.0018353037885390222
leaf_count=11 16 9 3 322 32 714 18 2 17 889 26
internal_value=-0.000105956 -0.00490187 -0.011581 -0.000185168 0.0261452 -0.0255602 0.0406744 0.00582894 -0.0500101 -0.0500086 -0.0500088
internal_weight=0.319071 0.289487 0.252486 0.194738 0.0955699 0.0991678 0.0370016 0.00654532 0.057748 0.0545615 0.00289108
internal_count=2059 2043 1986 1071 354 717 57 39 915 906 37
is_linear=0
shrinkage=0.05


Tree=179
num_leaves=14
num_cat=0
split_feature=21 23 2 14 29 23 6 8 6 6 20 2 27
split_gain=0.0272981 0.037189 0.0486096 0.042195 0.0559926 0.0225316 0.0127651 8.03519e-09 2.46259e-09 4.52285e-09 1.05039e-09 9.07056e-10 4.11949e-10
threshold=3.0112737417221074 -0.54963782429695118 0.7739856243133546 0.78977537155151378 0.52170222997665416 0.20639514178037646 8.5401630401611346 0.81680306792259227 -1.2527622580528257 -1.2683674693107603 0.69160491228103649 1.1072260141372683 -2.5465446710586543
decision_type=2 2 2 2 2 2 2 2 2 2 2 2 2
left_child=1 6 3 4 -3 10 8 -5 9 -1 -4 -7 -10
right_child=-2 2 5 7 -6 11 -8 -9 12 -11 -12 -13 -14
leaf_value=-0.050022599297557285 0.047554986746697309 0.036476063499644718 -0.050007235683882802 -0.050055833314539812 -0.033728310937039138 0.050016516755263987 0.05000522539943815 -0.05001332551900517 -0.050031079922792022 -0.050115979641524255 -0.050062631752024078 0.050004052237955877 -0.050008760853997018
leaf_weight=0.007275298390595708 0.027373550714401063 0.064818327882676385 0.0052020442417415316 0.03061916644583107 0.050552053755382076 0.02695663960184902 0.0034186728298664084 0.017454861186706694 0.0021910800132900468 0.0015779491695866454 0.0010241991767543368 0.03182990662753582 0.036635858548834221
leaf_count=78 14 133 85 248 636 7 2 198 7 5 3 24 619
internal_value=-9.74796e-05 -0.00476351 0.00386123 -0.0106847 0.00571448 0.0404303 -0.0433238 -0.0500404 -0.0500154 -0.0500392 -0.0500163 0.0500098 -0.05001
internal_weight=0.30693 0.279556 0.228457 0.163444 0.11537 0.0650128 0.0510989 0.048074 0.0476802 0.00885325 0.00622624 0.0587865 0.0388269
internal_count=2059 2045 1334 1215 769 119 711 446 709 83 88 31 626
is_linear=0
shrinkage=0.05


end of trees

feature_importances:
Column_2=298
Column_29=196
Column_8=171
Column_0=158
Column_21=142
Column_27=111
Column_4=93
Column_6=92
Column_18=88
Column_3=84
Column_9=82
Column_22=82
Column_20=78
Column_26=75
Column_19=66
Column_1=51
Column_13=51
Column_14=50
Column_11=48
Column_16=48
Column_23=46
Column_15=43
Column_25=41
Column_17=37
Column_5=35
Column_24=27
Column_12=26
Column_28=22
Column_10=21
Column_7=6

parameters:
[boosting: gbdt]
[objective: binary]
[metric: binary_logloss]
[tree_learner: serial]
[device_type: cpu]
[data_sample_strategy: bagging]
[data: ]
[valid: ]
[num_iterations: 180]
[learning_rate: 0.05]
[num_leaves: 15]
[num_threads: 1]
[seed: 20262208]
[deterministic: 1]
[force_col_wise: 1]
[force_row_wise: 0]
[histogram_pool_size: -1]
[max_depth: 5]
[min_data_in_leaf: 10]
[min_sum_hessian_in_leaf: 0.001]
[bagging_fraction: 1]
[pos_bagging_fraction: 1]
[neg_bagging_fraction: 1]
[bagging_freq: 0]
[bagging_seed: 3688]
[bagging_by_query: 0]
[feature_fraction: 1]
[feature_fraction_bynode: 1]
[feature_fraction_seed: 23612]
[extra_trees: 0]
[extra_seed: 19081]
[early_stopping_round: 0]
[early_stopping_min_delta: 0]
[first_metric_only: 0]
[max_delta_step: 0]
[lambda_l1: 0]
[lambda_l2: 0]
[linear_lambda: 0]
[min_gain_to_split: 0]
[drop_rate: 0.1]
[max_drop: 50]
[skip_drop: 0.5]
[xgboost_dart_mode: 0]
[uniform_drop: 0]
[drop_seed: 28705]
[top_rate: 0.2]
[other_rate: 0.1]
[min_data_per_group: 100]
[max_cat_threshold: 32]
[cat_l2: 10]
[cat_smooth: 10]
[max_cat_to_onehot: 4]
[top_k: 20]
[monotone_constraints: ]
[monotone_constraints_method: basic]
[monotone_penalty: 0]
[feature_contri: ]
[forcedsplits_filename: ]
[refit_decay_rate: 0.9]
[cegb_tradeoff: 1]
[cegb_penalty_split: 0]
[cegb_penalty_feature_lazy: ]
[cegb_penalty_feature_coupled: ]
[path_smooth: 0]
[interaction_constraints: ]
[verbosity: -1]
[saved_feature_importance_type: 0]
[use_quantized_grad: 0]
[num_grad_quant_bins: 4]
[quant_train_renew_leaf: 0]
[stochastic_rounding: 1]
[linear_tree: 0]
[max_bin: 255]
[max_bin_by_feature: ]
[min_data_in_bin: 3]
[bin_construct_sample_cnt: 200000]
[data_random_seed: 9292]
[is_enable_sparse: 1]
[enable_bundle: 1]
[use_missing: 1]
[zero_as_missing: 0]
[feature_pre_filter: 1]
[pre_partition: 0]
[two_round: 0]
[header: 0]
[label_column: ]
[weight_column: ]
[group_column: ]
[ignore_column: ]
[categorical_feature: ]
[forcedbins_filename: ]
[precise_float_parser: 0]
[parser_config_file: ]
[objective_seed: 20422]
[num_class: 1]
[is_unbalance: 0]
[scale_pos_weight: 1]
[sigmoid: 1]
[boost_from_average: 1]
[reg_sqrt: 0]
[alpha: 0.9]
[fair_c: 1]
[poisson_max_delta_step: 0.7]
[tweedie_variance_power: 1.5]
[lambdarank_truncation_level: 30]
[lambdarank_norm: 1]
[label_gain: ]
[lambdarank_position_bias_regularization: 0]
[eval_at: ]
[multi_error_top_k: 1]
[auc_mu_weights: ]
[num_machines: 1]
[local_listen_port: 12400]
[time_out: 120]
[machine_list_filename: ]
[machines: ]
[gpu_platform_id: -1]
[gpu_device_id: -1]
[gpu_device_id_list: ]
[gpu_use_dp: 0]
[num_gpu: 1]

end of parameters

pandas_categorical:null
